time,open,high,low,close,volume,spread,day_of_week
2020.01.02 00:00:00,108.698,108.861,108.210,108.537,16646,6,4
2020.01.03 00:00:00,108.539,108.560,107.842,108.100,28822,6,5
2020.01.05 00:00:00,107.889,107.954,107.767,107.951,2757,12,0
2020.01.06 00:00:00,107.959,108.503,107.914,108.402,23890,6,1
2020.01.07 00:00:00,108.407,108.625,107.834,107.990,25434,6,2
2020.01.08 00:00:00,107.992,109.239,107.649,109.032,40692,6,3
2020.01.09 00:00:00,109.033,109.576,109.029,109.491,22931,6,4
2020.01.10 00:00:00,109.492,109.683,109.434,109.489,16206,6,5
2020.01.12 00:00:00,109.527,109.580,109.502,109.545,2482,12,0
2020.01.13 00:00:00,109.548,109.992,109.532,109.992,14182,6,1
2020.01.14 00:00:00,110.000,110.207,109.808,109.845,22868,6,2
2020.01.15 00:00:00,109.848,109.997,109.787,109.874,18702,6,3
2020.01.16 00:00:00,109.878,110.218,109.873,110.174,15430,6,4
2020.01.17 00:00:00,110.176,110.284,110.048,110.138,14269,6,5
2020.01.19 00:00:00,110.088,110.184,110.088,110.182,1135,12,0
2020.01.20 00:00:00,110.183,110.214,110.113,110.169,10234,6,1
2020.01.21 00:00:00,110.171,110.218,109.758,109.907,21686,6,2
2020.01.22 00:00:00,109.908,110.092,109.674,109.730,17903,6,3
2020.01.23 00:00:00,109.730,109.761,109.265,109.554,21964,6,4
2020.01.24 00:00:00,109.559,109.648,109.170,109.256,19457,6,5
2020.01.26 00:00:00,108.949,109.006,108.728,108.796,2865,12,0
2020.01.27 00:00:00,108.796,109.133,108.796,108.926,27056,6,1
2020.01.28 00:00:00,108.927,109.234,108.757,109.131,23056,6,2
2020.01.29 00:00:00,109.132,109.253,108.941,108.982,21227,6,3
2020.01.30 00:00:00,108.983,109.043,108.582,108.880,29093,6,4
2020.01.31 00:00:00,108.884,109.130,108.310,108.353,26219,6,5
2020.02.02 00:00:00,108.427,108.430,108.312,108.368,2119,12,0
2020.02.03 00:00:00,108.376,108.795,108.365,108.609,26527,6,1
2020.02.04 00:00:00,108.612,109.540,108.547,109.439,23137,6,2
2020.02.05 00:00:00,109.440,109.840,109.302,109.808,24684,6,3
2020.02.06 00:00:00,109.812,110.002,109.779,109.959,19757,6,4
2020.02.07 00:00:00,109.960,110.000,109.530,109.760,21674,6,5
2020.02.09 00:00:00,109.672,109.761,109.559,109.612,1970,12,0
2020.02.10 00:00:00,109.614,109.874,109.605,109.763,20091,6,1
2020.02.11 00:00:00,109.764,109.958,109.725,109.838,16271,6,2
2020.02.12 00:00:00,109.839,110.130,109.799,109.861,16517,6,3
2020.02.13 00:00:00,109.864,109.983,109.617,109.758,22997,6,4
2020.02.14 00:00:00,109.763,109.906,109.697,109.774,15095,6,5
2020.02.16 00:00:00,109.804,109.820,109.750,109.790,1361,12,0
2020.02.17 00:00:00,109.791,109.957,109.717,109.831,10921,6,1
2020.02.18 00:00:00,109.832,109.944,109.657,109.910,18622,6,2
2020.02.19 00:00:00,109.914,111.588,109.860,111.191,21849,6,3
2020.02.20 00:00:00,111.193,112.221,111.110,111.965,35718,6,4
2020.02.21 00:00:00,111.968,112.181,111.474,111.548,28876,6,5
2020.02.23 00:00:00,111.396,111.580,111.380,111.541,2768,12,0
2020.02.24 00:00:00,111.543,111.679,110.331,110.842,37328,6,1
2020.02.25 00:00:00,110.846,111.038,109.889,110.276,43798,6,2
2020.02.26 00:00:00,110.283,110.697,110.128,110.364,46873,6,3
2020.02.27 00:00:00,110.372,110.398,109.364,109.613,54076,6,4
2020.02.28 00:00:00,109.616,109.662,107.509,108.042,63450,6,5
2020.03.01 00:00:00,107.565,107.723,107.402,107.668,3168,12,0
2020.03.02 00:00:00,107.670,108.574,107.401,108.487,63141,6,1
2020.03.03 00:00:00,108.506,108.523,106.847,107.038,66993,6,2
2020.03.04 00:00:00,107.052,107.688,107.032,107.677,47037,6,3
2020.03.05 00:00:00,107.694,107.712,105.989,106.246,45408,6,4
2020.03.06 00:00:00,106.254,106.338,104.992,105.333,69602,6,5
2020.03.08 00:00:00,104.277,104.531,103.673,103.934,9364,6,0
2020.03.09 00:00:00,103.934,104.260,101.182,103.080,129889,6,1
2020.03.10 00:00:00,103.080,105.915,102.704,105.043,114977,6,2
2020.03.11 00:00:00,105.042,105.326,104.096,104.535,88266,6,3
2020.03.12 00:00:00,104.533,106.098,103.081,104.668,126283,6,4
2020.03.13 00:00:00,104.666,108.499,104.657,107.760,102853,6,5
2020.03.15 00:00:00,107.167,107.169,105.734,106.497,15476,6,0
2020.03.16 00:00:00,106.498,107.566,105.148,106.213,116332,6,1
2020.03.17 00:00:00,106.215,107.857,106.074,107.382,117645,6,2
2020.03.18 00:00:00,107.384,108.651,106.754,108.364,101241,6,3
2020.03.19 00:00:00,108.362,111.361,108.197,111.311,129227,6,4
2020.03.20 00:00:00,111.310,111.500,109.333,110.826,90955,6,5
2020.03.22 00:00:00,110.763,111.230,110.289,110.387,8589,6,0
2020.03.23 00:00:00,110.389,111.590,109.668,110.811,93813,6,1
2020.03.24 00:00:00,110.812,111.710,110.083,111.126,72452,6,2
2020.03.25 00:00:00,111.124,111.673,110.752,110.833,68509,6,3
2020.03.26 00:00:00,110.833,110.948,109.089,109.129,82436,6,4
2020.03.27 00:00:00,109.131,109.387,107.758,107.941,64820,6,5
2020.03.29 00:00:00,107.674,107.960,107.364,107.453,6043,6,0
2020.03.30 00:00:00,107.455,108.291,107.123,108.070,61764,6,1
2020.03.31 00:00:00,108.072,108.723,107.402,107.509,74191,6,2
2020.04.01 00:00:00,107.508,107.937,106.921,107.292,60456,6,3
2020.04.02 00:00:00,107.291,108.197,107.015,108.029,54431,6,4
2020.04.03 00:00:00,108.028,108.671,107.801,108.473,44428,6,5
2020.04.05 00:00:00,108.360,108.738,108.335,108.715,4089,6,0
2020.04.06 00:00:00,108.715,109.377,108.671,109.127,49827,6,1
2020.04.07 00:00:00,109.127,109.143,108.614,108.671,48568,6,2
2020.04.08 00:00:00,108.671,109.096,108.504,108.933,40544,6,3
2020.04.09 00:00:00,108.934,109.059,108.206,108.542,39515,6,4
2020.04.10 00:00:00,108.545,108.562,108.306,108.427,26405,26,5
2020.04.12 00:00:00,108.409,108.507,108.243,108.340,2997,6,0
2020.04.13 00:00:00,108.340,108.376,107.499,107.625,28140,6,1
2020.04.14 00:00:00,107.625,107.755,106.979,107.110,28755,6,2
2020.04.15 00:00:00,107.111,107.863,106.926,107.615,36515,6,3
2020.04.16 00:00:00,107.615,108.081,107.164,107.932,53880,6,4
2020.04.17 00:00:00,107.932,107.949,107.299,107.508,46330,6,5
2020.04.19 00:00:00,107.508,107.702,107.455,107.695,2334,6,0
2020.04.20 00:00:00,107.694,107.945,107.567,107.672,33583,6,1
2020.04.21 00:00:00,107.673,107.889,107.279,107.716,45925,6,2
2020.04.22 00:00:00,107.717,107.933,107.512,107.827,37773,6,3
2020.04.23 00:00:00,107.826,108.039,107.344,107.654,51340,6,4
2020.04.24 00:00:00,107.655,107.756,107.353,107.463,31737,6,5
2020.04.26 00:00:00,107.568,107.592,107.404,107.506,2051,6,0
2020.04.27 00:00:00,107.506,107.619,106.991,107.293,36552,6,1
2020.04.28 00:00:00,107.294,107.336,106.558,106.755,38363,6,2
2020.04.29 00:00:00,106.755,106.770,106.356,106.609,37146,6,3
2020.04.30 00:00:00,106.609,107.496,106.405,107.281,56884,6,4
2020.05.01 00:00:00,107.280,107.403,106.603,106.837,37954,6,5
2020.05.03 00:00:00,106.834,106.925,106.710,106.729,2699,6,0
2020.05.04 00:00:00,106.729,107.066,106.609,106.695,30009,6,1
2020.05.05 00:00:00,106.695,106.891,106.413,106.447,32204,6,2
2020.05.06 00:00:00,106.447,106.448,105.971,106.213,33916,6,3
2020.05.07 00:00:00,106.212,106.652,106.135,106.367,38700,6,4
2020.05.08 00:00:00,106.368,106.736,106.219,106.630,31322,6,5
2020.05.10 00:00:00,106.540,106.954,106.509,106.920,2772,6,0
2020.05.11 00:00:00,106.920,107.765,106.774,107.593,36766,6,1
2020.05.12 00:00:00,107.591,107.682,107.086,107.167,32226,6,2
2020.05.13 00:00:00,107.169,107.263,106.740,106.932,36871,6,3
2020.05.14 00:00:00,106.930,107.371,106.772,107.355,32497,6,4
2020.05.15 00:00:00,107.354,107.429,106.855,107.005,29815,6,5
2020.05.17 00:00:00,107.082,107.270,107.045,107.210,2422,6,0
2020.05.18 00:00:00,107.210,107.501,107.066,107.380,31362,6,1
2020.05.19 00:00:00,107.382,108.082,107.302,107.821,37797,6,2
2020.05.20 00:00:00,107.821,107.981,107.335,107.591,28618,6,3
2020.05.21 00:00:00,107.593,107.845,107.541,107.640,29936,6,4
2020.05.22 00:00:00,107.641,107.759,107.320,107.598,23633,6,5
2020.05.24 00:00:00,107.549,107.778,107.534,107.746,1972,6,0
2020.05.25 00:00:00,107.746,107.778,107.626,107.686,15606,6,1
2020.05.26 00:00:00,107.685,107.920,107.399,107.494,28731,6,2
2020.05.27 00:00:00,107.493,107.942,107.364,107.805,38354,6,3
2020.05.28 00:00:00,107.806,107.898,107.562,107.641,33610,6,4
2020.05.29 00:00:00,107.642,107.888,107.081,107.790,47235,6,5
2020.05.31 00:00:00,107.658,107.801,107.646,107.707,2530,6,0
2020.06.01 00:00:00,107.707,107.853,107.376,107.556,34045,6,1
2020.06.02 00:00:00,107.556,108.833,107.517,108.828,43251,6,2
2020.06.03 00:00:00,108.829,109.037,108.421,108.997,44967,6,3
2020.06.04 00:00:00,108.997,109.198,108.613,109.144,48730,6,4
2020.06.05 00:00:00,109.144,109.846,109.042,109.573,48577,6,5
2020.06.07 00:00:00,109.575,109.679,109.530,109.620,2566,6,0
2020.06.08 00:00:00,109.619,109.621,108.232,108.417,44057,6,1
2020.06.09 00:00:00,108.417,108.417,107.619,107.795,54133,6,2
2020.06.10 00:00:00,107.794,107.870,106.895,106.997,56396,6,3
2020.06.11 00:00:00,106.998,107.231,106.570,106.802,57943,6,4
2020.06.12 00:00:00,106.803,107.551,106.583,107.354,56679,6,5
2020.06.14 00:00:00,107.311,107.556,107.286,107.320,3866,6,0
2020.06.15 00:00:00,107.321,107.497,106.997,107.482,47377,6,1
2020.06.16 00:00:00,107.482,107.635,107.211,107.396,52159,6,2
2020.06.17 00:00:00,107.396,107.439,106.863,106.874,36955,6,3
2020.06.18 00:00:00,106.873,107.127,106.664,107.000,44038,6,4
2020.06.19 00:00:00,107.001,107.042,106.765,106.829,29934,6,5
2020.06.21 00:00:00,106.772,106.883,106.731,106.834,2813,6,0
2020.06.22 00:00:00,106.835,107.007,106.768,106.896,27534,6,1
2020.06.23 00:00:00,106.896,107.217,106.071,106.421,49479,6,2
2020.06.24 00:00:00,106.420,107.128,106.380,107.025,39197,6,3
2020.06.25 00:00:00,107.026,107.449,107.017,107.157,37882,6,4
2020.06.26 00:00:00,107.156,107.356,106.796,107.189,28940,6,5
2020.06.28 00:00:00,107.083,107.231,107.083,107.227,1908,6,0
2020.06.29 00:00:00,107.226,107.880,107.039,107.581,33394,6,1
2020.06.30 00:00:00,107.582,107.991,107.520,107.989,37141,6,2
2020.07.01 00:00:00,107.989,108.160,107.336,107.370,35455,6,3
2020.07.02 00:00:00,107.369,107.720,107.330,107.494,28166,6,4
2020.07.03 00:00:00,107.494,107.564,107.433,107.475,14637,6,5
2020.07.05 00:00:00,107.442,107.593,107.442,107.583,1019,6,0
2020.07.06 00:00:00,107.583,107.770,107.255,107.358,22731,6,1
2020.07.07 00:00:00,107.358,107.787,107.243,107.571,25709,6,2
2020.07.08 00:00:00,107.571,107.708,107.200,107.281,22144,6,3
2020.07.09 00:00:00,107.281,107.395,107.095,107.233,31527,6,4
2020.07.10 00:00:00,107.233,107.260,106.636,106.903,23271,6,5
2020.07.12 00:00:00,106.886,106.920,106.850,106.913,1492,6,0
2020.07.13 00:00:00,106.913,107.315,106.785,107.278,26146,6,1
2020.07.14 00:00:00,107.278,107.431,107.116,107.244,26302,6,2
2020.07.15 00:00:00,107.244,107.306,106.664,106.898,27000,6,3
2020.07.16 00:00:00,106.898,107.398,106.831,107.282,28149,6,4
2020.07.17 00:00:00,107.282,107.359,106.922,107.016,20391,6,5
2020.07.19 00:00:00,107.100,107.101,106.990,107.100,1760,6,0
2020.07.20 00:00:00,107.100,107.538,107.033,107.189,29612,6,1
2020.07.21 00:00:00,107.189,107.363,106.680,106.824,28593,6,2
2020.07.22 00:00:00,106.824,107.285,106.709,107.172,31099,6,3
2020.07.23 00:00:00,107.172,107.226,106.708,106.841,26565,6,4
2020.07.24 00:00:00,106.841,106.845,105.679,106.097,40154,6,5
2020.07.26 00:00:00,106.023,106.075,105.855,105.990,3504,6,0
2020.07.27 00:00:00,105.990,106.048,105.114,105.274,45247,6,1
2020.07.28 00:00:00,105.275,105.683,104.953,105.107,45991,6,2
2020.07.29 00:00:00,105.107,105.239,104.770,105.044,50205,6,3
2020.07.30 00:00:00,105.043,105.291,104.655,104.686,50930,6,4
2020.07.31 00:00:00,104.686,106.051,104.185,105.819,69778,6,5
2020.08.02 00:00:00,105.761,105.899,105.680,105.866,4406,6,0
2020.08.03 00:00:00,105.866,106.470,105.578,106.030,64404,6,1
2020.08.04 00:00:00,106.031,106.191,105.613,105.626,40877,6,2
2020.08.05 00:00:00,105.627,105.869,105.318,105.560,47520,6,3
2020.08.06 00:00:00,105.559,105.694,105.298,105.579,47196,6,4
2020.08.07 00:00:00,105.578,106.051,105.479,105.883,42888,6,5
2020.08.09 00:00:00,105.827,105.932,105.785,105.854,2630,6,0
2020.08.10 00:00:00,105.854,106.198,105.706,105.991,29256,6,1
2020.08.11 00:00:00,105.991,106.680,105.928,106.489,45338,6,2
2020.08.12 00:00:00,106.488,107.011,106.455,106.840,45283,6,3
2020.08.13 00:00:00,106.841,107.046,106.563,106.978,40846,6,4
2020.08.14 00:00:00,106.977,107.034,106.433,106.561,29135,6,5
2020.08.16 00:00:00,106.593,106.629,106.532,106.556,1700,6,0
2020.08.17 00:00:00,106.557,106.651,105.941,106.001,33915,6,1
2020.08.18 00:00:00,106.002,106.002,105.202,105.231,40764,6,2
2020.08.19 00:00:00,105.231,106.175,105.100,106.083,51001,6,3
2020.08.20 00:00:00,106.082,106.213,105.652,105.675,48156,6,4
2020.08.21 00:00:00,105.674,106.068,105.438,105.756,40217,6,5
2020.08.23 00:00:00,105.752,105.910,105.710,105.874,2353,6,0
2020.08.24 00:00:00,105.875,106.005,105.686,105.996,30639,6,1
2020.08.25 00:00:00,105.997,106.575,105.870,106.393,37708,6,2
2020.08.26 00:00:00,106.394,106.553,105.805,105.870,38148,6,3
2020.08.27 00:00:00,105.869,106.697,105.601,106.650,59718,6,4
2020.08.28 00:00:00,106.652,106.943,105.199,105.315,66517,6,5
2020.08.30 00:00:00,105.384,105.783,105.338,105.536,3871,6,0
2020.08.31 00:00:00,105.534,106.092,105.290,105.995,46260,6,1
2020.09.01 00:00:00,105.995,106.158,105.589,105.895,53366,6,2
2020.09.02 00:00:00,105.894,106.302,105.856,106.207,41521,6,3
2020.09.03 00:00:00,106.207,106.546,106.001,106.087,43121,6,4
2020.09.04 00:00:00,106.086,106.502,106.054,106.206,38427,6,5
2020.09.06 00:00:00,106.213,106.316,106.190,106.312,1583,6,0
2020.09.07 00:00:00,106.312,106.381,106.131,106.302,20171,6,1
2020.09.08 00:00:00,106.302,106.379,105.805,105.970,39037,6,2
2020.09.09 00:00:00,105.969,106.277,105.789,106.233,32640,6,3
2020.09.10 00:00:00,106.233,106.299,105.981,106.145,28708,6,4
2020.09.11 00:00:00,106.144,106.261,106.039,106.118,18840,6,5
2020.09.13 00:00:00,106.093,106.239,106.056,106.147,1265,6,0
2020.09.14 00:00:00,106.147,106.162,105.544,105.725,22065,6,1
2020.09.15 00:00:00,105.725,105.812,105.291,105.398,24873,6,2
2020.09.16 00:00:00,105.398,105.409,104.797,105.060,38544,6,3
2020.09.17 00:00:00,105.059,105.174,104.514,104.694,33067,6,4
2020.09.18 00:00:00,104.692,104.867,104.271,104.537,24575,6,5
2020.09.20 00:00:00,104.492,104.542,104.410,104.530,1566,6,0
2020.09.21 00:00:00,104.532,104.895,103.999,104.689,33403,6,1
2020.09.22 00:00:00,104.689,105.074,104.403,105.054,27719,6,2
2020.09.23 00:00:00,105.055,105.493,104.926,105.307,29394,6,3
2020.09.24 00:00:00,105.308,105.527,105.203,105.436,28832,6,4
2020.09.25 00:00:00,105.434,105.697,105.238,105.541,21722,6,5
2020.09.27 00:00:00,105.483,105.640,105.482,105.580,1092,6,0
2020.09.28 00:00:00,105.579,105.662,105.261,105.442,23387,6,1
2020.09.29 00:00:00,105.441,105.730,105.340,105.674,24612,6,2
2020.09.30 00:00:00,105.674,105.801,105.387,105.449,30474,6,3
2020.10.01 00:00:00,105.449,105.725,105.415,105.547,25524,6,4
2020.10.02 00:00:00,105.547,105.663,104.941,105.265,32577,6,5
2020.10.04 00:00:00,105.267,105.590,105.245,105.513,2794,6,0
2020.10.05 00:00:00,105.515,105.791,105.493,105.706,20106,6,1
2020.10.06 00:00:00,105.707,105.742,105.469,105.640,23491,6,2
2020.10.07 00:00:00,105.639,106.104,105.626,105.967,21905,6,3
2020.10.08 00:00:00,105.967,106.104,105.922,106.025,18202,6,4
2020.10.09 00:00:00,106.024,106.025,105.568,105.581,19818,6,5
2020.10.11 00:00:00,105.740,105.772,105.595,105.621,1443,6,0
2020.10.12 00:00:00,105.621,105.655,105.239,105.336,17530,6,1
2020.10.13 00:00:00,105.336,105.624,105.280,105.465,20347,6,2
2020.10.14 00:00:00,105.467,105.512,105.033,105.138,19158,6,3
2020.10.15 00:00:00,105.138,105.490,105.116,105.355,20057,6,4
2020.10.16 00:00:00,105.356,105.438,105.188,105.352,18240,6,5
2020.10.18 00:00:00,105.374,105.466,105.314,105.428,1147,6,0
2020.10.19 00:00:00,105.428,105.500,105.299,105.457,17018,6,1
2020.10.20 00:00:00,105.456,105.744,105.418,105.475,18201,6,2
2020.10.21 00:00:00,105.475,105.487,104.338,104.679,24310,6,3
2020.10.22 00:00:00,104.677,104.934,104.475,104.902,21000,6,4
2020.10.23 00:00:00,104.904,104.913,104.544,104.655,17673,6,5
2020.10.25 00:00:00,104.679,104.751,104.629,104.690,1460,6,0
2020.10.26 00:00:00,104.690,105.052,104.653,104.829,19141,6,1
2020.10.27 00:00:00,104.829,104.835,104.377,104.544,16654,6,2
2020.10.28 00:00:00,104.544,104.550,104.111,104.315,23974,6,3
2020.10.29 00:00:00,104.313,104.724,104.022,104.555,24450,6,4
2020.10.30 00:00:00,104.555,104.739,104.122,104.595,25652,6,5
2020.11.01 00:00:00,104.536,104.674,104.532,104.564,1978,18,0
2020.11.02 00:00:00,104.578,104.946,104.578,104.711,19872,6,1
2020.11.03 00:00:00,104.721,104.797,104.430,104.533,27605,6,2
2020.11.04 00:00:00,104.543,105.341,104.148,104.427,70618,6,3
2020.11.05 00:00:00,104.437,104.470,103.437,103.593,50325,6,4
2020.11.06 00:00:00,103.604,103.756,103.175,103.299,45194,6,5
2020.11.08 00:00:00,103.319,103.326,103.161,103.244,2058,18,0
2020.11.09 00:00:00,103.251,105.643,103.238,105.120,60872,6,1
2020.11.10 00:00:00,105.135,105.484,104.818,105.252,43137,6,2
2020.11.11 00:00:00,105.259,105.673,105.003,105.391,28277,6,3
2020.11.12 00:00:00,105.412,105.475,105.046,105.086,27864,6,4
2020.11.13 00:00:00,105.096,105.147,104.560,104.642,24331,6,5
2020.11.15 00:00:00,104.679,104.697,104.577,104.655,1405,18,0
2020.11.16 00:00:00,104.674,105.132,104.360,104.520,32076,6,1
2020.11.17 00:00:00,104.530,104.564,104.068,104.163,25755,6,2
2020.11.18 00:00:00,104.173,104.173,103.650,103.882,28562,6,3
2020.11.19 00:00:00,103.892,104.213,103.702,103.791,29399,6,4
2020.11.20 00:00:00,103.807,103.907,103.699,103.801,19612,6,5
2020.11.22 00:00:00,103.781,103.847,103.768,103.806,1484,18,0
2020.11.23 00:00:00,103.816,104.634,103.681,104.518,26991,6,1
2020.11.24 00:00:00,104.527,104.759,104.144,104.499,31461,6,2
2020.11.25 00:00:00,104.507,104.595,104.254,104.391,26810,6,3
2020.11.26 00:00:00,104.401,104.402,104.202,104.243,17810,6,4
2020.11.27 00:00:00,104.253,104.268,103.905,103.994,20465,6,5
2020.11.29 00:00:00,104.014,104.131,103.987,104.062,1396,43,0
2020.11.30 00:00:00,104.083,104.396,103.828,104.293,28894,6,1
2020.12.01 00:00:00,104.303,104.574,104.180,104.288,28047,6,2
2020.12.02 00:00:00,104.298,104.748,104.223,104.437,28714,6,3
2020.12.03 00:00:00,104.447,104.533,103.669,103.821,27311,6,4
2020.12.04 00:00:00,103.831,104.240,103.736,104.149,30510,6,5
2020.12.06 00:00:00,104.102,104.224,104.092,104.194,1293,18,0
2020.12.07 00:00:00,104.204,104.309,103.920,103.996,27278,6,1
2020.12.08 00:00:00,104.005,104.203,103.952,104.127,24432,6,2
2020.12.09 00:00:00,104.137,104.402,104.049,104.275,21629,6,3
2020.12.10 00:00:00,104.283,104.576,104.156,104.167,27151,6,4
2020.12.11 00:00:00,104.177,104.177,103.822,103.974,23605,6,5
2020.12.13 00:00:00,103.904,103.998,103.827,103.953,2083,18,0
2020.12.14 00:00:00,103.962,104.101,103.509,103.996,25430,6,1
2020.12.15 00:00:00,104.006,104.148,103.592,103.635,22315,6,2
2020.12.16 00:00:00,103.645,103.914,103.259,103.461,29852,6,3
2020.12.17 00:00:00,103.472,103.557,102.871,103.135,28407,6,4
2020.12.18 00:00:00,103.145,103.592,103.119,103.249,24921,6,5
2020.12.20 00:00:00,103.493,103.496,103.304,103.467,1739,26,0
2020.12.21 00:00:00,103.477,103.887,103.250,103.327,35685,6,1
2020.12.22 00:00:00,103.337,103.731,103.278,103.492,26033,6,2
2020.12.23 00:00:00,103.511,103.649,103.353,103.522,25645,6,3
2020.12.24 00:00:00,103.532,103.764,103.500,103.589,18464,6,4
2020.12.27 00:00:00,103.546,103.589,103.487,103.516,1030,18,0
2020.12.28 00:00:00,103.526,103.895,103.401,103.679,21983,6,1
2020.12.29 00:00:00,103.689,103.802,103.460,103.541,20776,6,2
2020.12.30 00:00:00,103.551,103.580,102.959,103.115,24933,6,3
2020.12.31 00:00:00,103.125,103.312,102.992,103.254,20893,6,4
2021.01.03 00:00:00,103.179,103.302,103.165,103.233,1536,26,0
2021.01.04 00:00:00,103.243,103.258,102.710,103.121,29543,6,1
2021.01.05 00:00:00,103.131,103.188,102.603,102.674,28620,6,2
2021.01.06 00:00:00,102.684,103.440,102.590,103.011,38051,6,3
2021.01.07 00:00:00,103.021,103.953,102.948,103.789,35482,6,4
2021.01.08 00:00:00,103.799,104.089,103.601,103.928,42193,6,5
2021.01.10 00:00:00,103.880,104.082,103.838,104.074,1392,26,0
2021.01.11 00:00:00,104.083,104.394,104.030,104.128,27381,6,1
2021.01.12 00:00:00,104.138,104.328,103.693,103.736,27286,6,2
2021.01.13 00:00:00,103.746,103.992,103.523,103.815,27257,6,3
2021.01.14 00:00:00,103.825,104.194,103.561,103.827,31543,6,4
2021.01.15 00:00:00,103.837,103.898,103.615,103.842,22762,6,5
2021.01.17 00:00:00,103.830,103.910,103.795,103.905,1247,18,0
2021.01.18 00:00:00,103.915,103.928,103.623,103.693,18649,6,1
2021.01.19 00:00:00,103.703,104.082,103.650,103.887,22488,6,2
2021.01.20 00:00:00,103.897,103.925,103.443,103.544,20725,6,3
2021.01.21 00:00:00,103.555,103.664,103.325,103.498,24309,6,4
2021.01.22 00:00:00,103.507,103.883,103.491,103.720,17740,6,5
2021.01.24 00:00:00,103.783,103.817,103.756,103.778,1020,26,0
2021.01.25 00:00:00,103.788,103.933,103.671,103.749,18914,6,1
2021.01.26 00:00:00,103.760,103.825,103.553,103.589,15675,6,2
2021.01.27 00:00:00,103.599,104.196,103.584,104.122,21992,6,3
2021.01.28 00:00:00,104.139,104.460,104.132,104.291,24493,6,4
2021.01.29 00:00:00,104.300,104.937,104.285,104.687,25046,6,5
2021.01.31 00:00:00,104.721,104.800,104.660,104.705,1543,19,0
2021.02.01 00:00:00,104.715,105.032,104.606,104.871,19663,6,1
2021.02.02 00:00:00,104.881,105.170,104.826,105.019,20427,6,2
2021.02.03 00:00:00,105.027,105.101,104.920,104.984,15765,6,3
2021.02.04 00:00:00,104.994,105.583,104.973,105.554,18345,6,4
2021.02.05 00:00:00,105.573,105.765,105.305,105.305,22919,6,5
2021.02.07 00:00:00,105.324,105.420,105.314,105.383,1911,18,0
2021.02.08 00:00:00,105.393,105.668,105.148,105.202,20567,6,1
2021.02.09 00:00:00,105.212,105.225,104.495,104.571,23251,6,2
2021.02.10 00:00:00,104.581,104.840,104.407,104.605,22622,6,3
2021.02.11 00:00:00,104.615,104.802,104.547,104.738,15309,6,4
2021.02.12 00:00:00,104.748,105.179,104.733,104.895,16560,6,5
2021.02.14 00:00:00,104.916,105.065,104.914,105.055,1771,18,0
2021.02.15 00:00:00,105.065,105.414,104.977,105.359,15498,6,1
2021.02.16 00:00:00,105.369,106.205,105.177,106.097,25726,6,2
2021.02.17 00:00:00,106.114,106.210,105.776,105.833,28146,6,3
2021.02.18 00:00:00,105.850,105.920,105.596,105.642,22008,6,4
2021.02.19 00:00:00,105.651,105.739,105.237,105.384,22995,6,5
2021.02.21 00:00:00,105.398,105.608,105.386,105.512,1251,18,0
2021.02.22 00:00:00,105.534,105.841,104.890,104.995,27832,6,1
2021.02.23 00:00:00,105.005,105.426,104.919,105.283,23986,6,2
2021.02.24 00:00:00,105.294,106.101,105.266,105.941,31251,6,3
2021.02.25 00:00:00,105.952,106.400,105.841,106.369,44812,6,4
2021.02.26 00:00:00,106.388,106.689,105.845,106.515,46715,6,5
2021.02.28 00:00:00,106.494,106.569,106.454,106.470,1337,18,0
2021.03.01 00:00:00,106.480,106.885,106.364,106.827,27851,6,1
2021.03.02 00:00:00,106.844,106.953,106.653,106.748,23592,6,2
2021.03.03 00:00:00,106.758,107.149,106.696,107.058,25807,6,3
2021.03.04 00:00:00,107.067,107.992,106.965,107.930,29275,6,4
2021.03.05 00:00:00,107.947,108.641,107.818,108.360,43337,6,5
2021.03.07 00:00:00,108.308,108.461,108.268,108.385,1472,26,0
2021.03.08 00:00:00,108.402,108.939,108.306,108.915,25531,6,1
2021.03.09 00:00:00,108.925,109.231,108.413,108.563,34298,6,2
2021.03.10 00:00:00,108.573,108.917,108.336,108.437,34564,6,3
2021.03.11 00:00:00,108.448,108.809,108.354,108.561,32184,6,4
2021.03.12 00:00:00,108.571,109.161,108.513,108.972,30847,6,5
2021.03.14 00:00:00,109.009,109.143,108.960,109.114,1523,6,0
2021.03.15 00:00:00,109.113,109.361,108.912,109.125,26248,6,1
2021.03.16 00:00:00,109.125,109.285,108.769,109.028,26621,6,2
2021.03.17 00:00:00,109.027,109.322,108.684,108.896,30401,6,3
2021.03.18 00:00:00,108.895,109.300,108.623,108.931,37486,6,4
2021.03.19 00:00:00,108.930,109.128,108.605,108.869,29805,6,5
2021.03.21 00:00:00,108.610,108.928,108.555,108.871,2054,6,0
2021.03.22 00:00:00,108.873,108.952,108.616,108.776,23029,6,1
2021.03.23 00:00:00,108.777,108.869,108.404,108.520,24571,6,2
2021.03.24 00:00:00,108.519,108.953,108.449,108.787,23159,6,3
2021.03.25 00:00:00,108.786,109.233,108.786,109.176,22182,6,4
2021.03.26 00:00:00,109.175,109.844,109.127,109.664,21445,6,5
2021.03.28 00:00:00,109.687,109.799,109.611,109.789,1369,6,0
2021.03.29 00:00:00,109.789,109.882,109.371,109.835,21087,6,1
2021.03.30 00:00:00,109.835,110.423,109.784,110.304,24187,6,2
2021.03.31 00:00:00,110.304,110.962,110.272,110.755,31326,6,3
2021.04.01 00:00:00,110.755,110.844,110.544,110.605,24213,5,4
2021.04.02 00:00:00,110.605,110.744,110.368,110.647,13323,12,5
2021.04.04 00:00:00,110.632,110.746,110.591,110.675,1614,6,0
2021.04.05 00:00:00,110.676,110.718,109.960,110.190,20232,5,1
2021.04.06 00:00:00,110.191,110.549,109.667,109.793,32027,5,2
2021.04.07 00:00:00,109.793,109.938,109.576,109.852,32109,5,3
2021.04.08 00:00:00,109.854,109.901,108.998,109.327,31684,5,4
2021.04.09 00:00:00,109.329,109.956,109.211,109.651,29231,5,5
2021.04.11 00:00:00,109.667,109.751,109.591,109.718,1162,6,0
2021.04.12 00:00:00,109.719,109.767,109.243,109.378,26738,5,1
2021.04.13 00:00:00,109.380,109.750,108.886,108.920,38198,5,2
2021.04.14 00:00:00,108.920,109.092,108.750,108.890,30852,5,3
2021.04.15 00:00:00,108.892,108.956,108.610,108.688,30345,5,4
2021.04.16 00:00:00,108.689,108.962,108.610,108.781,25613,5,5
2021.04.18 00:00:00,108.749,108.821,108.666,108.718,1545,6,0
2021.04.19 00:00:00,108.719,108.766,108.007,108.105,35415,5,1
2021.04.20 00:00:00,108.107,108.546,107.970,108.130,33513,5,2
2021.04.21 00:00:00,108.131,108.279,107.873,108.040,28161,5,3
2021.04.22 00:00:00,108.040,108.229,107.810,107.984,31790,5,4
2021.04.23 00:00:00,107.984,108.142,107.475,107.855,28920,5,5
2021.04.25 00:00:00,107.897,107.930,107.842,107.880,1103,6,0
2021.04.26 00:00:00,107.881,108.207,107.639,108.197,32519,5,1
2021.04.27 00:00:00,108.198,108.774,108.097,108.747,29698,5,2
2021.04.28 00:00:00,108.748,109.075,108.499,108.504,37120,5,3
2021.04.29 00:00:00,108.504,109.220,108.432,108.903,31792,5,4
2021.04.30 00:00:00,108.902,109.343,108.711,109.324,31017,5,5
2021.05.02 00:00:00,109.262,109.339,109.232,109.284,906,6,0
2021.05.03 00:00:00,109.284,109.696,108.892,109.084,28819,5,1
2021.05.04 00:00:00,109.085,109.484,109.040,109.330,35432,5,2
2021.05.05 00:00:00,109.330,109.476,109.141,109.218,27261,5,3
2021.05.06 00:00:00,109.218,109.425,108.999,109.049,34239,5,4
2021.05.07 00:00:00,109.050,109.286,108.337,108.576,43687,5,5
2021.05.09 00:00:00,108.572,108.607,108.443,108.571,1719,6,0
2021.05.10 00:00:00,108.571,109.053,108.556,108.845,33922,5,1
2021.05.11 00:00:00,108.846,108.979,108.348,108.714,35320,5,2
2021.05.12 00:00:00,108.714,109.693,108.658,109.660,44777,5,3
2021.05.13 00:00:00,109.661,109.784,109.386,109.513,37394,5,4
2021.05.14 00:00:00,109.515,109.653,109.184,109.332,28639,5,5
2021.05.16 00:00:00,109.237,109.420,109.217,109.417,1123,6,0
2021.05.17 00:00:00,109.417,109.499,109.072,109.238,26590,5,1
2021.05.18 00:00:00,109.240,109.281,108.828,108.864,27790,5,2
2021.05.19 00:00:00,108.865,109.333,108.570,109.261,41671,5,3
2021.05.20 00:00:00,109.261,109.294,108.726,108.859,31612,5,4
2021.05.21 00:00:00,108.857,109.001,108.610,108.943,26176,5,5
2021.05.23 00:00:00,108.892,108.982,108.840,108.914,932,6,0
2021.05.24 00:00:00,108.914,108.988,108.695,108.849,24181,5,1
2021.05.25 00:00:00,108.849,109.067,108.556,108.789,30408,5,2
2021.05.26 00:00:00,108.791,109.175,108.721,109.167,26180,5,3
2021.05.27 00:00:00,109.168,109.920,109.034,109.806,31640,5,4
2021.05.28 00:00:00,109.807,110.197,109.741,109.836,28868,5,5
2021.05.30 00:00:00,109.812,109.930,109.755,109.907,922,6,0
2021.05.31 00:00:00,109.908,109.933,109.350,109.491,19453,5,1
2021.06.01 00:00:00,109.492,109.704,109.329,109.493,26839,5,2
2021.06.02 00:00:00,109.492,109.882,109.479,109.593,24542,5,3
2021.06.03 00:00:00,109.593,110.315,109.564,110.287,26937,5,4
2021.06.04 00:00:00,110.288,110.326,109.363,109.511,33564,5,5
2021.06.06 00:00:00,109.498,109.632,109.435,109.615,955,6,0
2021.06.07 00:00:00,109.616,109.634,109.189,109.270,24776,5,1
2021.06.08 00:00:00,109.271,109.554,109.196,109.467,25540,5,2
2021.06.09 00:00:00,109.467,109.653,109.223,109.610,21964,5,3
2021.06.10 00:00:00,109.609,109.793,109.279,109.392,35810,5,4
2021.06.11 00:00:00,109.390,109.838,109.315,109.651,22352,5,5
2021.06.13 00:00:00,109.609,109.732,109.574,109.714,1014,6,0
2021.06.14 00:00:00,109.715,110.096,109.609,110.040,20671,5,1
2021.06.15 00:00:00,110.040,110.164,109.985,110.080,21924,5,2
2021.06.16 00:00:00,110.081,110.797,109.801,110.769,36264,5,3
2021.06.17 00:00:00,110.770,110.820,110.165,110.322,35790,5,4
2021.06.18 00:00:00,110.320,110.482,109.941,110.214,38711,5,5
2021.06.20 00:00:00,110.187,110.236,110.141,110.200,1430,6,0
2021.06.21 00:00:00,110.202,110.379,109.714,110.374,36394,5,1
2021.06.22 00:00:00,110.376,110.789,110.209,110.652,25057,5,2
2021.06.23 00:00:00,110.653,111.101,110.644,111.010,28135,5,3
2021.06.24 00:00:00,111.010,111.113,110.684,110.918,24729,5,4
2021.06.25 00:00:00,110.919,110.982,110.478,110.774,21582,5,5
2021.06.27 00:00:00,110.788,110.834,110.743,110.809,1075,6,0
2021.06.28 00:00:00,110.810,110.973,110.495,110.604,23231,5,1
2021.06.29 00:00:00,110.605,110.755,110.428,110.532,24654,5,2
2021.06.30 00:00:00,110.533,111.135,110.417,111.129,26498,5,3
2021.07.01 00:00:00,111.129,111.635,111.025,111.569,25792,5,4
2021.07.02 00:00:00,111.570,111.655,110.949,111.009,29388,5,5
2021.07.04 00:00:00,110.964,111.155,110.933,111.138,1253,6,0
2021.07.05 00:00:00,111.139,111.187,110.793,110.914,18424,5,1
2021.07.06 00:00:00,110.915,110.928,110.516,110.599,28430,5,2
2021.07.07 00:00:00,110.600,110.813,110.393,110.632,32802,5,3
2021.07.08 00:00:00,110.634,110.647,109.531,109.798,44296,5,4
2021.07.09 00:00:00,109.800,110.256,109.761,110.106,28966,5,5
2021.07.11 00:00:00,110.086,110.234,110.075,110.215,1271,6,0
2021.07.12 00:00:00,110.216,110.399,109.975,110.326,22779,5,1
2021.07.13 00:00:00,110.327,110.644,110.196,110.595,33881,5,2
2021.07.14 00:00:00,110.596,110.695,109.910,109.994,29516,5,3
2021.07.15 00:00:00,109.995,110.087,109.711,109.777,29273,5,4
2021.07.16 00:00:00,109.778,110.339,109.730,110.062,26596,5,5
2021.07.18 00:00:00,110.028,110.086,109.847,109.874,1806,6,0
2021.07.19 00:00:00,109.875,110.030,109.063,109.526,37863,5,1
2021.07.20 00:00:00,109.527,109.953,109.327,109.916,40609,5,2
2021.07.21 00:00:00,109.917,110.385,109.799,110.246,30807,5,3
2021.07.22 00:00:00,110.246,110.355,110.012,110.139,30261,5,4
2021.07.23 00:00:00,110.140,110.590,110.111,110.534,21948,5,5
2021.07.25 00:00:00,110.506,110.565,110.457,110.545,652,6,0
2021.07.26 00:00:00,110.544,110.581,110.115,110.305,20060,5,1
2021.07.27 00:00:00,110.306,110.326,109.580,109.805,23665,5,2
2021.07.28 00:00:00,109.806,110.284,109.740,109.887,29711,5,3
2021.07.29 00:00:00,109.888,109.908,109.400,109.409,22867,5,4
2021.07.30 00:00:00,109.409,109.825,109.359,109.675,17645,5,5
2021.08.01 00:00:00,109.661,109.768,109.607,109.712,831,6,0
2021.08.02 00:00:00,109.712,109.744,109.185,109.268,17420,5,1
2021.08.03 00:00:00,109.270,109.331,108.875,108.991,17968,5,2
2021.08.04 00:00:00,108.989,109.672,108.720,109.532,23933,5,3
2021.08.05 00:00:00,109.532,109.785,109.401,109.751,19432,5,4
2021.08.06 00:00:00,109.752,110.352,109.697,110.216,26292,5,5
2021.08.08 00:00:00,110.191,110.289,110.188,110.260,1289,6,0
2021.08.09 00:00:00,110.261,110.338,110.024,110.318,14532,5,1
2021.08.10 00:00:00,110.320,110.596,110.299,110.596,13722,5,2
2021.08.11 00:00:00,110.597,110.798,110.306,110.375,23190,5,3
2021.08.12 00:00:00,110.375,110.544,110.315,110.399,13027,5,4
2021.08.13 00:00:00,110.401,110.454,109.543,109.587,13006,5,5
2021.08.15 00:00:00,109.583,109.735,109.524,109.625,1173,6,0
2021.08.16 00:00:00,109.625,109.625,109.111,109.298,20371,5,1
2021.08.17 00:00:00,109.299,109.651,109.114,109.537,21949,5,2
2021.08.18 00:00:00,109.537,110.064,109.477,109.840,21152,5,3
2021.08.19 00:00:00,109.839,110.226,109.481,109.767,28265,5,4
2021.08.20 00:00:00,109.767,109.882,109.567,109.765,18209,5,5
2021.08.22 00:00:00,109.721,109.879,109.705,109.838,1175,6,0
2021.08.23 00:00:00,109.838,110.145,109.634,109.674,17376,5,1
2021.08.24 00:00:00,109.676,109.877,109.410,109.729,17698,5,2
2021.08.25 00:00:00,109.729,110.122,109.683,109.974,16177,5,3
2021.08.26 00:00:00,109.976,110.226,109.925,110.047,19324,5,4
2021.08.27 00:00:00,110.048,110.267,109.776,109.827,20621,5,5
2021.08.29 00:00:00,109.843,109.872,109.740,109.861,519,6,0
2021.08.30 00:00:00,109.861,109.980,109.701,109.942,9633,5,1
2021.08.31 00:00:00,109.944,110.078,109.584,110.054,18171,5,2
2021.09.01 00:00:00,110.055,110.416,109.877,110.092,18527,5,3
2021.09.02 00:00:00,110.092,110.119,109.888,109.945,11034,5,4
2021.09.03 00:00:00,109.946,110.071,109.590,109.680,21607,5,5
2021.09.05 00:00:00,109.716,109.780,109.656,109.780,614,6,0
2021.09.06 00:00:00,109.780,109.944,109.745,109.821,7957,5,1
2021.09.07 00:00:00,109.821,110.320,109.682,110.293,15094,5,2
2021.09.08 00:00:00,110.294,110.444,110.140,110.219,15335,5,3
2021.09.09 00:00:00,110.220,110.270,109.619,109.771,16512,5,4
2021.09.10 00:00:00,109.770,109.989,109.695,109.894,12905,5,5
2021.09.12 00:00:00,109.871,109.925,109.811,109.916,782,6,0
2021.09.13 00:00:00,109.916,110.156,109.890,109.991,11928,5,1
2021.09.14 00:00:00,109.993,110.159,109.526,109.713,16045,5,2
2021.09.15 00:00:00,109.713,109.740,109.110,109.381,16455,5,3
2021.09.16 00:00:00,109.383,109.825,109.211,109.694,15744,5,4
2021.09.17 00:00:00,109.696,110.077,109.666,109.967,13455,5,5
2021.09.19 00:00:00,109.942,109.990,109.872,109.977,548,6,0
2021.09.20 00:00:00,109.977,110.034,109.320,109.432,19441,5,1
2021.09.21 00:00:00,109.430,109.703,109.133,109.151,19547,5,2
2021.09.22 00:00:00,109.153,109.897,109.119,109.822,29353,5,3
2021.09.23 00:00:00,109.821,110.339,109.756,110.325,16014,5,4
2021.09.24 00:00:00,110.324,110.789,110.310,110.723,15482,5,5
2021.09.26 00:00:00,110.688,110.794,110.665,110.765,565,5,0
2021.09.27 00:00:00,110.764,111.062,110.533,110.962,18111,5,1
2021.09.28 00:00:00,110.961,111.637,110.932,111.527,26692,5,2
2021.09.29 00:00:00,111.526,112.046,111.202,111.935,24521,5,3
2021.09.30 00:00:00,111.934,112.075,111.220,111.460,26743,5,4
2021.10.01 00:00:00,111.461,111.485,110.904,111.052,30613,5,5
2021.10.03 00:00:00,110.898,111.008,110.878,110.947,941,5,0
2021.10.04 00:00:00,110.948,111.298,110.820,110.967,25620,5,1
2021.10.05 00:00:00,110.965,111.558,110.869,111.485,22449,5,2
2021.10.06 00:00:00,111.486,111.784,111.196,111.405,28039,5,3
2021.10.07 00:00:00,111.403,111.673,111.228,111.659,18220,5,4
2021.10.08 00:00:00,111.661,112.244,111.509,112.218,27307,5,5
2021.10.10 00:00:00,112.161,112.314,112.134,112.272,826,6,0
2021.10.11 00:00:00,112.272,113.408,112.174,113.387,21314,5,1
2021.10.12 00:00:00,113.385,113.785,113.000,113.535,31885,5,2
2021.10.13 00:00:00,113.536,113.801,113.195,113.307,28512,5,3
2021.10.14 00:00:00,113.305,113.881,113.275,113.830,20688,5,4
2021.10.15 00:00:00,113.831,114.460,113.812,114.251,25673,5,5
2021.10.17 00:00:00,114.192,114.351,114.157,114.329,1617,6,0
2021.10.18 00:00:00,114.331,114.449,114.014,114.285,30614,5,1
2021.10.19 00:00:00,114.284,114.580,113.878,114.543,23862,5,2
2021.10.20 00:00:00,114.543,114.696,114.077,114.386,34344,5,3
2021.10.21 00:00:00,114.386,114.404,113.649,113.846,30360,5,4
2021.10.22 00:00:00,113.848,114.204,113.394,113.459,28472,5,5
2021.10.24 00:00:00,113.516,113.690,113.444,113.667,1019,5,0
2021.10.25 00:00:00,113.666,113.921,113.514,113.763,23547,5,1
2021.10.26 00:00:00,113.763,114.309,113.718,114.183,20581,5,2
2021.10.27 00:00:00,114.180,114.218,113.384,113.771,31466,5,3
2021.10.28 00:00:00,113.772,113.863,113.253,113.615,33090,5,4
2021.10.29 00:00:00,113.617,114.094,113.391,113.995,29978,5,5
2021.10.31 00:00:00,114.033,114.252,114.020,114.234,1122,6,0
2021.11.01 00:00:00,114.236,114.442,113.933,114.090,24267,5,1
2021.11.02 00:00:00,114.090,114.131,113.460,113.960,25794,5,2
2021.11.03 00:00:00,113.961,114.217,113.719,114.067,29641,5,3
2021.11.04 00:00:00,114.067,114.274,113.506,113.832,29086,5,4
2021.11.05 00:00:00,113.831,114.029,113.296,113.382,31775,5,5
2021.11.07 00:00:00,113.348,113.513,113.332,113.453,664,18,0
2021.11.08 00:00:00,113.474,113.664,113.078,113.252,21270,5,1
2021.11.09 00:00:00,113.253,113.259,112.724,112.910,29548,5,2
2021.11.10 00:00:00,112.908,114.012,112.773,113.904,34510,5,3
2021.11.11 00:00:00,113.907,114.155,113.804,114.042,18524,5,4
2021.11.12 00:00:00,114.040,114.298,113.759,113.900,22982,5,5
2021.11.14 00:00:00,113.933,114.032,113.891,113.981,521,7,0
2021.11.15 00:00:00,113.983,114.213,113.749,114.129,19808,5,1
2021.11.16 00:00:00,114.127,114.955,114.099,114.902,25946,5,2
2021.11.17 00:00:00,114.900,114.943,113.932,114.188,28700,5,3
2021.11.18 00:00:00,114.190,114.483,113.875,114.282,27980,5,4
2021.11.19 00:00:00,114.280,114.537,113.585,114.008,44197,5,5
2021.11.21 00:00:00,113.927,114.141,113.909,114.141,1054,7,0
2021.11.22 00:00:00,114.139,114.959,114.018,114.790,32382,5,1
2021.11.23 00:00:00,114.792,115.205,114.483,115.141,40097,5,2
2021.11.24 00:00:00,115.139,115.518,114.823,115.406,34049,5,3
2021.11.25 00:00:00,115.407,115.443,115.008,115.074,12760,5,4
2021.11.26 00:00:00,115.072,115.109,113.051,113.306,74429,5,5
2021.11.28 00:00:00,113.533,113.852,113.327,113.723,2827,7,0
2021.11.29 00:00:00,113.722,113.954,112.990,113.802,55815,5,1
2021.11.30 00:00:00,113.800,113.888,112.530,113.301,82206,5,2
2021.12.01 00:00:00,113.300,113.625,112.668,112.881,50835,5,3
2021.12.02 00:00:00,112.879,113.328,112.703,113.020,48961,5,4
2021.12.03 00:00:00,113.018,113.609,112.557,112.804,49931,5,5
2021.12.05 00:00:00,112.843,113.062,112.827,113.041,1604,7,0
2021.12.06 00:00:00,113.040,113.549,112.848,113.464,31676,5,1
2021.12.07 00:00:00,113.465,113.777,113.398,113.518,25516,5,2
2021.12.08 00:00:00,113.519,113.952,113.310,113.681,34745,5,3
2021.12.09 00:00:00,113.684,113.809,113.269,113.437,25439,5,4
2021.12.10 00:00:00,113.440,113.789,113.220,113.370,28747,5,5
2021.12.12 00:00:00,113.337,113.510,113.323,113.510,1274,7,0
2021.12.13 00:00:00,113.511,113.723,113.368,113.576,19374,5,1
2021.12.14 00:00:00,113.575,113.754,113.426,113.739,23760,5,2
2021.12.15 00:00:00,113.741,114.274,113.628,114.142,32369,5,3
2021.12.16 00:00:00,114.140,114.244,113.558,113.666,30545,5,4
2021.12.17 00:00:00,113.667,113.855,113.138,113.702,31631,5,5
2021.12.19 00:00:00,113.613,113.697,113.492,113.515,1022,7,0
2021.12.20 00:00:00,113.514,113.728,113.325,113.662,29400,5,1
2021.12.21 00:00:00,113.663,114.218,113.551,113.994,18334,5,2
2021.12.22 00:00:00,113.996,114.368,113.992,114.130,17276,5,3
2021.12.23 00:00:00,114.131,114.463,114.104,114.461,13802,5,4
2021.12.24 00:00:00,114.460,114.504,114.295,114.333,4897,6,5
2021.12.26 00:00:00,114.351,114.385,114.293,114.337,824,7,0
2021.12.27 00:00:00,114.339,114.911,114.317,114.790,11647,5,1
2021.12.28 00:00:00,114.788,114.946,114.704,114.768,12321,5,2
2021.12.29 00:00:00,114.766,115.035,114.666,114.946,15196,5,3
2021.12.30 00:00:00,114.948,115.207,114.943,115.063,14295,5,4
2021.12.31 00:00:00,115.062,115.196,115.002,115.089,11319,5,5
2022.01.02 00:00:00,115.042,115.143,115.020,115.140,700,7,0
2022.01.03 00:00:00,115.139,115.365,114.946,115.318,17431,5,1
2022.01.04 00:00:00,115.329,116.349,115.289,116.173,26384,5,2
2022.01.05 00:00:00,116.172,116.240,115.619,116.123,26365,5,3
2022.01.06 00:00:00,116.122,116.183,115.622,115.863,29757,5,4
2022.01.07 00:00:00,115.865,116.045,115.483,115.516,24696,5,5
2022.01.09 00:00:00,115.571,115.653,115.532,115.618,1063,7,0
2022.01.10 00:00:00,115.619,115.849,115.040,115.277,24731,5,1
2022.01.11 00:00:00,115.274,115.678,115.121,115.332,23885,5,2
2022.01.12 00:00:00,115.333,115.486,114.378,114.671,27524,5,3
2022.01.13 00:00:00,114.672,114.697,113.997,114.114,25006,5,4
2022.01.14 00:00:00,114.117,114.246,113.479,114.180,36780,5,5
2022.01.16 00:00:00,114.117,114.327,114.115,114.305,1173,7,0
2022.01.17 00:00:00,114.307,114.648,114.273,114.572,14408,5,1
2022.01.18 00:00:00,114.570,115.056,114.446,114.555,35443,5,2
2022.01.19 00:00:00,114.553,114.786,114.204,114.337,28545,5,3
2022.01.20 00:00:00,114.346,114.545,113.828,113.980,28864,5,4
2022.01.21 00:00:00,113.990,114.030,113.601,113.653,34232,5,5
2022.01.23 00:00:00,113.669,113.786,113.620,113.777,1227,18,0
2022.01.24 00:00:00,113.785,114.082,113.467,114.002,37003,5,1
2022.01.25 00:00:00,114.012,114.154,113.668,113.882,33720,5,2
2022.01.26 00:00:00,113.892,114.728,113.776,114.709,31551,5,3
2022.01.27 00:00:00,114.720,115.486,114.473,115.330,37437,5,4
2022.01.28 00:00:00,115.349,115.682,115.120,115.216,32424,5,5
2022.01.30 00:00:00,115.279,115.362,115.221,115.250,808,18,0
2022.01.31 00:00:00,115.260,115.589,114.922,115.109,29388,5,1
2022.02.01 00:00:00,115.118,115.190,114.564,114.722,27712,5,2
2022.02.02 00:00:00,114.732,114.800,114.157,114.368,23655,5,3
2022.02.03 00:00:00,114.379,114.974,114.325,114.946,28503,5,4
2022.02.04 00:00:00,114.956,115.426,114.772,115.188,31354,5,5
2022.02.06 00:00:00,115.234,115.307,115.197,115.213,1128,18,0
2022.02.07 00:00:00,115.224,115.374,114.912,115.052,22480,5,1
2022.02.08 00:00:00,115.061,115.626,115.059,115.578,20612,5,2
2022.02.09 00:00:00,115.465,115.588,115.320,115.588,16745,5,3
2022.02.10 00:00:00,115.598,116.336,115.480,116.038,37351,5,4
2022.02.11 00:00:00,116.049,116.172,115.012,115.437,41758,5,5
2022.02.13 00:00:00,115.345,115.578,115.330,115.573,1476,18,0
2022.02.14 00:00:00,115.584,115.744,115.008,115.525,43247,5,1
2022.02.15 00:00:00,115.535,115.874,115.255,115.627,30316,5,2
2022.02.16 00:00:00,115.637,115.787,115.317,115.379,25140,5,3
2022.02.17 00:00:00,115.390,115.535,114.773,114.851,45546,5,4
2022.02.18 00:00:00,114.860,115.295,114.788,115.013,28256,5,5
2022.02.20 00:00:00,115.012,115.033,114.850,114.953,1069,18,0
2022.02.21 00:00:00,114.963,115.122,114.477,114.595,21266,5,1
2022.02.22 00:00:00,114.607,115.239,114.519,115.086,35886,5,2
2022.02.23 00:00:00,115.096,115.198,114.839,114.887,19561,5,3
2022.02.24 00:00:00,114.896,115.692,114.405,115.527,78756,5,4
2022.02.25 00:00:00,115.547,115.759,115.145,115.508,39090,5,5
2022.02.27 00:00:00,115.514,115.716,115.358,115.568,2769,26,0
2022.02.28 00:00:00,115.576,115.690,114.859,115.056,39924,5,1
2022.03.01 00:00:00,115.083,115.286,114.697,114.829,34726,5,2
2022.03.02 00:00:00,114.838,115.684,114.790,115.504,34354,5,3
2022.03.03 00:00:00,115.514,115.803,115.382,115.469,25354,5,4
2022.03.04 00:00:00,115.478,115.554,114.647,114.818,39783,5,5
2022.03.06 00:00:00,114.896,114.943,114.802,114.941,1969,26,0
2022.03.07 00:00:00,114.950,115.470,114.831,115.349,36534,5,1
2022.03.08 00:00:00,115.346,115.788,115.321,115.713,32855,5,2
2022.03.09 00:00:00,115.723,115.940,115.554,115.896,26453,5,3
2022.03.10 00:00:00,115.906,116.197,115.813,116.167,27556,5,4
2022.03.11 00:00:00,116.178,117.354,116.142,117.275,28849,5,5
2022.03.13 00:00:00,117.335,117.599,117.288,117.532,1588,6,0
2022.03.14 00:00:00,117.530,118.293,117.455,118.215,26239,5,1
2022.03.15 00:00:00,118.217,118.447,117.695,118.310,32762,5,2
2022.03.16 00:00:00,118.311,119.118,118.172,118.868,36040,5,3
2022.03.17 00:00:00,118.868,119.022,118.367,118.490,31282,5,4
2022.03.18 00:00:00,118.486,119.396,118.470,119.137,22599,5,5
2022.03.20 00:00:00,119.094,119.294,119.082,119.263,1290,6,0
2022.03.21 00:00:00,119.264,119.624,119.103,119.590,18285,5,1
2022.03.22 00:00:00,119.592,121.411,119.583,121.336,48259,5,2
2022.03.23 00:00:00,121.338,121.341,120.590,121.119,40506,5,3
2022.03.24 00:00:00,121.121,122.433,120.951,122.349,41209,5,4
2022.03.25 00:00:00,122.350,122.358,121.178,122.081,59149,5,5
2022.03.27 00:00:00,122.046,122.363,121.987,122.269,2259,6,0
2022.03.28 00:00:00,122.269,125.101,122.140,123.602,126056,5,1
2022.03.29 00:00:00,123.602,124.303,121.977,123.124,115615,5,2
2022.03.30 00:00:00,123.124,123.124,121.310,122.019,103526,5,3
2022.03.31 00:00:00,122.020,122.454,121.280,121.744,91087,5,4
2022.04.01 00:00:00,121.745,123.033,121.745,122.535,61869,5,5
2022.04.03 00:00:00,122.577,122.715,122.505,122.633,2609,6,0
2022.04.04 00:00:00,122.634,122.955,122.263,122.804,41928,5,1
2022.04.05 00:00:00,122.802,123.711,122.365,123.655,50426,5,2
2022.04.06 00:00:00,123.656,124.049,123.458,123.724,58217,5,3
2022.04.07 00:00:00,123.721,124.205,123.469,124.096,38884,5,4
2022.04.08 00:00:00,124.096,124.675,123.666,124.271,37689,5,5
2022.04.10 00:00:00,124.043,124.428,124.043,124.397,1852,6,0
2022.04.11 00:00:00,124.397,125.768,124.282,125.481,53948,5,1
2022.04.12 00:00:00,125.480,125.755,124.764,125.428,60613,5,2
2022.04.13 00:00:00,125.426,126.313,125.347,125.363,61059,5,3
2022.04.14 00:00:00,125.364,126.200,125.083,126.168,51629,5,4
2022.04.15 00:00:00,126.166,126.666,126.049,126.372,15466,21,5
2022.04.17 00:00:00,126.389,126.700,126.319,126.611,2937,6,0
2022.04.18 00:00:00,126.612,127.221,126.237,127.143,34090,5,1
2022.04.19 00:00:00,127.145,129.383,126.988,129.329,78423,5,2
2022.04.20 00:00:00,129.328,129.402,127.452,127.981,107776,5,3
2022.04.21 00:00:00,127.981,128.702,127.803,128.437,71974,5,4
2022.04.22 00:00:00,128.435,129.102,127.735,128.518,79695,5,5
2022.04.24 00:00:00,128.542,128.838,128.435,128.607,3065,6,0
2022.04.25 00:00:00,128.607,128.858,127.520,127.772,85167,5,1
2022.04.26 00:00:00,127.774,128.199,126.923,127.263,82932,5,2
2022.04.27 00:00:00,127.261,128.589,127.245,128.439,66557,5,3
2022.04.28 00:00:00,128.442,131.251,128.352,130.784,137081,5,4
2022.04.29 00:00:00,130.785,130.820,129.315,129.799,91930,5,5
2022.05.01 00:00:00,129.747,130.278,129.728,130.002,4949,6,0
2022.05.02 00:00:00,130.000,130.476,129.611,130.102,59863,5,1
2022.05.03 00:00:00,130.101,130.287,129.697,130.123,40818,5,2
2022.05.04 00:00:00,130.122,130.383,128.623,129.234,76836,5,3
2022.05.05 00:00:00,129.235,130.556,128.753,130.320,75448,5,4
2022.05.06 00:00:00,130.323,130.806,130.145,130.530,65377,5,5
2022.05.08 00:00:00,130.503,130.780,130.470,130.737,2902,6,0
2022.05.09 00:00:00,130.735,131.344,130.111,130.378,61884,5,1
2022.05.10 00:00:00,130.376,130.548,129.792,130.366,68159,5,2
2022.05.11 00:00:00,130.365,130.811,129.443,129.846,81962,5,3
2022.05.12 00:00:00,129.846,129.905,127.518,128.602,118977,5,4
2022.05.13 00:00:00,128.603,129.450,128.346,129.234,74781,5,5
2022.05.15 00:00:00,129.243,129.498,129.213,129.407,2521,6,0
2022.05.16 00:00:00,129.408,129.634,128.699,128.948,58875,5,1
2022.05.17 00:00:00,128.947,129.780,128.828,129.420,51508,5,2
2022.05.18 00:00:00,129.423,129.456,127.907,127.927,55801,5,3
2022.05.19 00:00:00,127.928,128.941,127.023,127.851,93330,5,4
2022.05.20 00:00:00,127.851,128.295,127.526,127.881,69630,5,5
2022.05.22 00:00:00,127.838,128.044,127.805,127.890,2341,6,0
2022.05.23 00:00:00,127.892,127.954,127.152,127.819,54518,5,1
2022.05.24 00:00:00,127.817,128.083,126.358,126.735,72651,5,2
2022.05.25 00:00:00,126.735,127.493,126.653,127.150,60981,5,3
2022.05.26 00:00:00,127.152,127.580,126.552,127.102,57771,5,4
2022.05.27 00:00:00,127.100,127.251,126.675,127.099,43168,5,5
2022.05.29 00:00:00,127.035,127.343,127.027,127.270,1605,6,0
2022.05.30 00:00:00,127.272,127.873,126.858,127.779,28219,5,1
2022.05.31 00:00:00,127.781,128.887,127.633,128.734,61877,5,2
2022.06.01 00:00:00,128.735,130.236,128.735,130.123,53604,5,3
2022.06.02 00:00:00,130.124,130.216,129.511,129.936,42956,5,4
2022.06.03 00:00:00,129.934,130.977,129.684,130.819,38654,5,5
2022.06.05 00:00:00,130.848,130.971,130.707,130.721,2276,6,0
2022.06.06 00:00:00,130.720,132.298,130.430,132.174,38129,5,1
2022.06.07 00:00:00,132.176,132.998,132.092,132.820,61913,5,2
2022.06.08 00:00:00,132.818,134.527,132.719,134.456,69271,5,3
2022.06.09 00:00:00,134.454,134.555,133.183,134.391,79007,5,4
2022.06.10 00:00:00,134.388,134.464,133.362,134.368,79242,5,5
2022.06.12 00:00:00,134.334,134.849,134.321,134.785,3882,6,0
2022.06.13 00:00:00,134.784,135.198,133.590,134.237,97805,5,1
2022.06.14 00:00:00,134.235,135.551,133.870,135.275,91532,5,2
2022.06.15 00:00:00,135.273,135.304,133.475,134.048,117781,5,3
2022.06.16 00:00:00,134.046,134.675,131.491,132.416,140684,5,4
2022.06.17 00:00:00,132.413,135.421,132.176,134.952,159591,5,5
2022.06.19 00:00:00,134.935,135.380,134.921,135.295,5407,6,0
2022.06.20 00:00:00,135.297,135.440,134.530,135.096,54013,5,1
2022.06.21 00:00:00,135.097,136.691,134.922,136.316,64024,5,2
2022.06.22 00:00:00,136.315,136.622,135.681,135.990,76148,6,3
2022.06.23 00:00:00,135.988,136.194,134.263,134.819,97236,5,4
2022.06.24 00:00:00,134.816,135.396,134.350,135.163,68772,5,5
2022.06.26 00:00:00,135.110,135.217,135.009,135.054,2840,6,0
2022.06.27 00:00:00,135.052,135.549,134.519,135.438,57353,5,1
2022.06.28 00:00:00,135.436,136.381,135.110,136.042,55851,5,2
2022.06.29 00:00:00,136.045,136.998,135.769,136.620,65476,5,3
2022.06.30 00:00:00,136.617,136.805,135.551,135.797,59847,5,4
2022.07.01 00:00:00,135.796,135.982,134.743,135.241,75145,5,5
2022.07.03 00:00:00,135.246,135.296,134.993,135.001,2930,6,0
2022.07.04 00:00:00,135.003,135.973,134.781,135.864,31880,5,1
2022.07.05 00:00:00,135.862,136.359,135.419,135.537,68195,5,2
2022.07.06 00:00:00,135.539,136.128,134.948,135.953,78681,5,3
2022.07.07 00:00:00,135.951,136.218,135.548,135.918,49609,5,4
2022.07.08 00:00:00,135.917,136.563,135.326,136.036,76475,5,5
2022.07.10 00:00:00,136.050,136.352,136.027,136.295,2103,6,0
2022.07.11 00:00:00,136.296,137.748,136.227,137.412,55701,6,1
2022.07.12 00:00:00,137.411,137.531,136.472,136.732,54434,6,2
2022.07.13 00:00:00,136.733,137.862,136.690,137.631,66124,6,3
2022.07.14 00:00:00,137.629,139.385,137.589,138.976,78272,6,4
2022.07.15 00:00:00,138.974,139.085,138.384,138.451,51502,6,5
2022.07.17 00:00:00,138.507,138.554,138.274,138.295,2335,6,0
2022.07.18 00:00:00,138.297,138.452,137.890,138.256,34555,6,1
2022.07.19 00:00:00,138.257,138.389,137.380,138.188,44207,6,2
2022.07.20 00:00:00,138.185,138.470,137.901,138.415,34392,6,3
2022.07.21 00:00:00,138.416,138.874,137.022,137.078,64516,6,4
2022.07.22 00:00:00,137.080,137.951,135.566,136.047,70360,5,5
2022.07.24 00:00:00,136.118,136.415,136.023,136.340,3216,6,0
2022.07.25 00:00:00,136.338,136.786,135.888,136.409,46322,6,1
2022.07.26 00:00:00,136.406,136.985,136.273,136.962,37293,6,2
2022.07.27 00:00:00,136.960,137.460,136.079,136.115,62336,6,3
2022.07.28 00:00:00,136.116,136.416,134.181,134.401,87323,5,4
2022.07.29 00:00:00,134.400,134.673,132.503,133.210,113842,5,5
2022.07.31 00:00:00,133.259,133.556,133.181,133.371,2802,6,0
2022.08.01 00:00:00,133.369,133.408,131.373,131.403,95281,5,1
2022.08.02 00:00:00,131.401,133.600,130.393,133.342,116645,5,2
2022.08.03 00:00:00,133.340,134.546,132.284,133.930,106236,5,3
2022.08.04 00:00:00,133.928,134.420,132.520,132.617,87264,5,4
2022.08.05 00:00:00,132.619,135.500,132.571,134.999,90630,5,5
2022.08.07 00:00:00,134.999,135.284,134.923,135.060,3777,6,0
2022.08.08 00:00:00,135.062,135.580,134.350,134.836,64055,5,1
2022.08.09 00:00:00,134.838,135.199,134.666,135.193,42498,5,2
2022.08.10 00:00:00,135.194,135.301,132.027,132.812,91311,5,3
2022.08.11 00:00:00,132.810,133.309,131.734,133.010,72738,5,4
2022.08.12 00:00:00,133.011,133.889,132.901,133.485,62659,5,5
2022.08.14 00:00:00,133.383,133.581,133.217,133.314,2464,6,0
2022.08.15 00:00:00,133.315,133.539,132.553,133.134,51858,5,1
2022.08.16 00:00:00,133.132,134.681,132.950,134.282,52015,5,2
2022.08.17 00:00:00,134.284,135.495,133.905,134.953,63572,5,3
2022.08.18 00:00:00,134.955,135.898,134.645,135.806,58304,5,4
2022.08.19 00:00:00,135.807,137.227,135.807,136.887,50290,6,5
2022.08.21 00:00:00,136.829,137.075,136.805,137.025,2595,6,0
2022.08.22 00:00:00,137.023,137.645,136.687,137.575,50065,5,1
2022.08.23 00:00:00,137.577,137.705,135.807,136.742,69685,6,2
2022.08.24 00:00:00,136.743,137.241,136.172,137.095,56159,6,3
2022.08.25 00:00:00,137.097,137.197,136.318,136.564,52603,6,4
2022.08.26 00:00:00,136.562,137.521,136.205,137.511,69741,6,5
2022.08.28 00:00:00,137.625,138.208,137.527,138.163,3696,6,0
2022.08.29 00:00:00,138.165,138.998,138.083,138.644,51793,6,1
2022.08.30 00:00:00,138.646,139.075,138.049,138.759,56036,6,2
2022.08.31 00:00:00,138.761,139.441,138.269,139.330,53884,6,3
2022.09.01 00:00:00,139.329,140.269,139.056,140.086,59147,6,4
2022.09.02 00:00:00,140.088,140.798,139.870,140.171,55288,6,5
2022.09.04 00:00:00,140.116,140.549,140.074,140.538,3019,6,0
2022.09.05 00:00:00,140.540,140.659,140.116,140.432,31405,6,1
2022.09.06 00:00:00,140.430,143.469,140.249,143.160,65356,6,2
2022.09.07 00:00:00,143.159,144.988,142.925,144.092,96977,6,3
2022.09.08 00:00:00,144.091,144.556,143.317,143.876,91679,6,4
2022.09.09 00:00:00,143.874,143.958,141.501,142.569,98106,6,5
2022.09.11 00:00:00,142.125,142.754,142.122,142.563,2617,6,0
2022.09.12 00:00:00,142.565,143.492,142.158,142.582,73354,6,1
2022.09.13 00:00:00,142.580,144.934,141.630,144.454,123836,6,2
2022.09.14 00:00:00,144.453,144.849,142.549,142.920,117747,6,3
2022.09.15 00:00:00,142.918,143.798,142.907,143.337,67651,6,4
2022.09.16 00:00:00,143.335,143.690,142.827,142.912,55517,6,5
2022.09.18 00:00:00,142.901,143.098,142.641,142.757,3695,6,0
2022.09.19 00:00:00,142.755,143.642,142.681,143.181,38126,6,1
2022.09.20 00:00:00,143.179,143.919,142.932,143.582,45894,6,2
2022.09.21 00:00:00,143.580,144.698,143.341,144.240,93822,6,3
2022.09.22 00:00:00,144.241,145.899,140.348,142.271,310555,6,4
2022.09.23 00:00:00,142.269,143.458,141.763,143.337,113729,6,5
2022.09.25 00:00:00,143.613,143.614,143.224,143.525,5048,6,0
2022.09.26 00:00:00,143.523,144.785,143.420,144.468,119297,6,1
2022.09.27 00:00:00,144.470,144.900,144.060,144.707,72870,6,2
2022.09.28 00:00:00,144.705,144.848,143.906,144.415,88817,6,3
2022.09.29 00:00:00,144.413,144.812,144.204,144.423,68867,6,4
2022.09.30 00:00:00,144.424,144.950,144.202,144.728,57708,6,5
2022.10.02 00:00:00,144.698,144.886,144.597,144.803,2785,6,0
2022.10.03 00:00:00,144.805,145.316,144.154,144.524,61758,6,1
2022.10.04 00:00:00,144.522,144.931,143.772,143.852,55750,6,2
2022.10.05 00:00:00,143.850,144.843,143.525,144.437,60156,6,3
2022.10.06 00:00:00,144.436,145.135,144.384,145.044,39817,6,4
2022.10.07 00:00:00,145.042,145.440,144.717,145.366,42929,6,5
2022.10.09 00:00:00,145.294,145.487,145.294,145.465,1730,6,0
2022.10.10 00:00:00,145.462,145.801,145.234,145.668,30080,6,1
2022.10.11 00:00:00,145.667,145.943,145.426,145.890,38880,6,2
2022.10.12 00:00:00,145.888,146.967,145.815,146.772,60536,6,3
2022.10.13 00:00:00,146.774,147.667,146.474,147.307,76375,6,4
2022.10.14 00:00:00,147.305,148.859,147.090,148.733,59701,6,5
2022.10.16 00:00:00,148.588,148.691,148.422,148.635,4001,6,0
2022.10.17 00:00:00,148.637,149.087,148.426,148.969,39374,6,1
2022.10.18 00:00:00,148.968,149.382,148.144,149.213,52905,6,2
2022.10.19 00:00:00,149.211,149.897,149.097,149.825,35811,6,3
2022.10.20 00:00:00,149.823,150.283,149.551,150.172,40649,6,4
2022.10.21 00:00:00,150.170,151.939,146.205,147.621,333407,6,5
2022.10.23 00:00:00,147.652,149.706,145.519,147.626,84301,6,0
2022.10.24 00:00:00,147.624,149.455,147.367,148.887,120105,6,1
2022.10.25 00:00:00,148.885,149.058,147.512,147.980,69224,6,2
2022.10.26 00:00:00,147.978,148.408,146.071,146.078,89714,6,3
2022.10.27 00:00:00,146.077,146.933,145.105,146.280,97754,6,4
2022.10.28 00:00:00,146.278,147.858,145.987,147.456,89629,6,5
2022.10.30 00:00:00,147.588,147.835,147.517,147.812,3342,6,0
2022.10.31 00:00:00,147.810,148.848,147.733,148.735,50738,6,1
2022.11.01 00:00:00,148.734,148.821,146.983,147.914,83863,6,2
2022.11.02 00:00:00,147.916,147.994,145.671,147.891,112266,6,3
2022.11.03 00:00:00,147.890,148.447,147.111,148.390,75148,6,4
2022.11.04 00:00:00,148.388,148.400,146.527,146.636,82240,6,5
2022.11.06 00:00:00,146.990,147.019,146.775,146.814,2113,26,0
2022.11.07 00:00:00,146.842,147.565,146.081,146.606,67313,6,1
2022.11.08 00:00:00,146.625,146.931,145.163,145.274,63143,6,2
2022.11.09 00:00:00,145.295,146.792,145.169,146.181,80424,6,3
2022.11.10 00:00:00,146.199,146.586,140.228,141.713,150012,6,4
2022.11.11 00:00:00,141.736,142.479,138.463,138.750,171482,6,5
2022.11.13 00:00:00,139.747,139.766,139.253,139.585,2643,26,0
2022.11.14 00:00:00,139.613,140.796,138.799,140.077,125768,6,1
2022.11.15 00:00:00,140.094,140.623,137.674,138.920,158214,6,2
2022.11.16 00:00:00,138.965,140.288,138.866,139.303,111629,6,3
2022.11.17 00:00:00,139.325,140.738,138.874,140.413,87800,6,4
2022.11.18 00:00:00,140.423,140.496,139.633,140.346,63637,6,5
2022.11.20 00:00:00,140.326,140.371,140.128,140.244,1428,26,0
2022.11.21 00:00:00,140.263,142.251,140.192,142.074,64625,6,1
2022.11.22 00:00:00,142.092,142.242,141.082,141.140,58291,6,2
2022.11.23 00:00:00,141.158,141.610,139.163,139.231,73060,6,3
2022.11.24 00:00:00,139.209,139.470,138.047,138.594,66107,6,4
2022.11.25 00:00:00,138.580,139.591,138.371,139.144,64390,6,5
2022.11.27 00:00:00,139.281,139.362,139.210,139.353,853,46,0
2022.11.28 00:00:00,139.351,139.351,137.495,138.701,89751,6,1
2022.11.29 00:00:00,138.690,139.350,137.866,138.727,88286,6,2
2022.11.30 00:00:00,138.702,139.891,137.304,137.324,113328,6,3
2022.12.01 00:00:00,137.313,137.465,135.018,135.121,122573,5,4
2022.12.02 00:00:00,135.121,135.982,133.621,134.322,131815,5,5
2022.12.04 00:00:00,134.483,134.535,134.273,134.466,1651,26,0
2022.12.05 00:00:00,134.457,136.857,134.130,136.561,85635,5,1
2022.12.06 00:00:00,136.549,137.424,135.961,136.870,83664,6,2
2022.12.07 00:00:00,136.857,137.856,136.215,136.369,97893,6,3
2022.12.08 00:00:00,136.359,137.242,136.237,136.603,71544,6,4
2022.12.09 00:00:00,136.604,136.903,135.599,136.593,86380,6,5
2022.12.11 00:00:00,136.527,136.770,136.474,136.700,1577,26,0
2022.12.12 00:00:00,136.696,137.847,136.617,137.492,56792,6,1
2022.12.13 00:00:00,137.491,137.967,134.654,135.559,113590,5,2
2022.12.14 00:00:00,135.548,135.989,134.517,135.336,132691,5,3
2022.12.15 00:00:00,135.328,138.171,135.283,137.739,88472,6,4
2022.12.16 00:00:00,137.730,137.749,136.292,136.744,73672,6,5
2022.12.18 00:00:00,135.932,136.561,135.931,136.546,2208,26,0
2022.12.19 00:00:00,136.547,137.159,135.750,136.961,70281,6,1
2022.12.20 00:00:00,136.953,137.473,130.565,131.891,268228,5,2
2022.12.21 00:00:00,131.889,132.527,131.490,132.395,102119,5,3
2022.12.22 00:00:00,132.394,132.718,131.642,132.377,74910,5,4
2022.12.23 00:00:00,132.378,133.135,132.289,132.818,61388,5,5
2022.12.25 00:00:00,132.747,132.834,132.704,132.775,512,25,0
2022.12.26 00:00:00,132.777,133.210,132.312,132.742,32288,16,1
2022.12.27 00:00:00,132.738,133.593,132.615,133.485,47952,5,2
2022.12.28 00:00:00,133.486,134.497,133.398,134.031,65086,5,3
2022.12.29 00:00:00,134.033,134.194,132.864,132.913,63109,5,4
2022.12.30 00:00:00,132.918,132.955,130.773,131.108,96712,5,5
2023.01.01 00:00:00,130.753,130.903,130.640,130.888,516,77,0
2023.01.02 00:00:00,130.900,131.353,130.434,130.732,19518,44,1
2023.01.03 00:00:00,130.766,131.418,129.502,131.293,126651,5,2
2023.01.04 00:00:00,131.295,132.717,129.925,132.246,120800,5,3
2023.01.05 00:00:00,132.247,134.052,131.681,133.320,113932,5,4
2023.01.06 00:00:00,133.321,134.772,131.994,132.097,133441,5,5
2023.01.08 00:00:00,131.927,132.281,131.781,131.803,3249,6,0
2023.01.09 00:00:00,131.805,132.654,131.306,131.729,97812,5,1
2023.01.10 00:00:00,131.730,132.476,131.383,132.096,95947,5,2
2023.01.11 00:00:00,132.102,132.870,131.771,131.894,70203,5,3
2023.01.12 00:00:00,131.901,132.032,128.864,129.171,170091,5,4
2023.01.13 00:00:00,129.173,129.346,127.456,127.859,132676,5,5
2023.01.15 00:00:00,127.776,128.137,127.708,128.054,2779,6,0
2023.01.16 00:00:00,128.055,128.862,127.219,128.314,92614,5,1
2023.01.17 00:00:00,128.313,129.157,127.991,128.279,107410,5,2
2023.01.18 00:00:00,128.281,131.575,127.565,128.550,260881,5,3
2023.01.19 00:00:00,128.551,128.815,127.759,128.371,98071,5,4
2023.01.20 00:00:00,128.369,130.609,128.343,129.571,92975,5,5
2023.01.22 00:00:00,129.451,129.637,129.310,129.382,2441,6,0
2023.01.23 00:00:00,129.386,130.887,129.042,130.594,83145,5,1
2023.01.24 00:00:00,130.592,131.115,129.724,130.207,75137,5,2
2023.01.25 00:00:00,130.212,130.580,129.225,129.255,73656,5,3
2023.01.26 00:00:00,129.257,130.615,129.022,129.803,88545,5,4
2023.01.27 00:00:00,129.806,130.267,129.497,129.865,64916,5,5
2023.01.29 00:00:00,129.641,129.883,129.634,129.836,1919,6,0
2023.01.30 00:00:00,129.837,130.567,129.204,130.485,78301,5,1
2023.01.31 00:00:00,130.484,130.503,129.743,130.112,70433,5,2
2023.02.01 00:00:00,130.110,130.407,128.415,128.604,109803,5,3
2023.02.02 00:00:00,128.602,129.132,128.081,128.761,97597,5,4
2023.02.03 00:00:00,128.763,131.210,128.326,131.193,94122,0,5
2023.02.05 00:00:00,132.207,132.207,131.507,132.060,4612,6,0
2023.02.06 00:00:00,132.062,132.900,131.581,132.625,87912,5,1
2023.02.07 00:00:00,132.623,132.623,130.474,131.050,119644,5,2
2023.02.08 00:00:00,131.055,131.536,130.595,131.385,69137,5,3
2023.02.09 00:00:00,131.387,131.823,130.341,131.515,86742,5,4
2023.02.10 00:00:00,131.517,131.883,129.803,131.425,135350,5,5
2023.02.12 00:00:00,131.336,131.641,131.336,131.554,1803,6,0
2023.02.13 00:00:00,131.555,132.907,131.447,132.334,72810,5,1
2023.02.14 00:00:00,132.336,133.312,131.493,132.990,127465,5,2
2023.02.15 00:00:00,132.989,134.355,132.543,133.904,79175,5,3
2023.02.16 00:00:00,133.902,134.460,133.602,134.073,73699,5,4
2023.02.17 00:00:00,134.070,135.111,134.053,134.152,56727,5,5
2023.02.19 00:00:00,134.242,134.326,134.193,134.308,1607,6,0
2023.02.20 00:00:00,134.310,134.535,133.921,134.331,30914,6,1
2023.02.21 00:00:00,134.335,135.225,134.149,134.988,60535,5,2
2023.02.22 00:00:00,134.992,135.059,134.363,134.934,60690,5,3
2023.02.23 00:00:00,134.935,135.361,134.280,134.621,50788,5,4
2023.02.24 00:00:00,134.624,136.516,134.054,136.489,89600,5,5
2023.02.26 00:00:00,136.460,136.478,136.236,136.425,1296,6,0
2023.02.27 00:00:00,136.426,136.556,135.914,136.320,51906,6,1
2023.02.28 00:00:00,136.321,136.916,135.735,136.346,53049,6,2
2023.03.01 00:00:00,136.344,136.468,135.256,136.191,59268,5,3
2023.03.02 00:00:00,136.193,137.102,136.051,136.718,63527,6,4
2023.03.03 00:00:00,136.716,136.766,135.744,135.816,53123,6,5
2023.03.05 00:00:00,135.945,136.032,135.852,136.020,2691,6,0
2023.03.06 00:00:00,136.021,136.189,135.366,135.994,47560,5,1
2023.03.07 00:00:00,135.996,137.420,135.539,137.390,67597,5,2
2023.03.08 00:00:00,137.388,137.908,136.477,137.224,66005,6,3
2023.03.09 00:00:00,137.227,137.252,135.940,136.367,54008,6,4
2023.03.10 00:00:00,136.370,136.992,134.114,135.061,142016,5,5
2023.03.12 00:00:00,134.405,135.051,133.557,134.965,19043,6,0
2023.03.13 00:00:00,134.967,134.972,132.284,133.087,218135,5,1
2023.03.14 00:00:00,133.089,134.899,133.026,134.435,144738,5,2
2023.03.15 00:00:00,134.433,135.111,132.214,132.901,209011,5,3
2023.03.16 00:00:00,132.903,133.823,131.717,133.366,191912,5,4
2023.03.17 00:00:00,133.363,133.579,131.554,131.846,116279,5,5
2023.03.19 00:00:00,131.832,132.360,131.674,132.276,6485,6,0
2023.03.20 00:00:00,132.277,132.646,130.538,131.397,144591,5,1
2023.03.21 00:00:00,131.395,132.628,131.032,132.399,80549,5,2
2023.03.22 00:00:00,132.397,133.000,131.004,131.185,107372,5,3
2023.03.23 00:00:00,131.183,131.661,130.321,130.864,111799,5,4
2023.03.24 00:00:00,130.866,130.939,129.638,130.721,116336,5,5
2023.03.26 00:00:00,130.578,130.962,130.500,130.849,4689,6,0
2023.03.27 00:00:00,130.846,131.755,130.495,131.238,70025,5,1
2023.03.28 00:00:00,131.237,131.294,130.404,131.047,71812,5,2
2023.03.29 00:00:00,131.045,132.890,130.924,132.549,71421,5,3
2023.03.30 00:00:00,132.547,133.268,132.199,133.199,66887,5,4
2023.03.31 00:00:00,133.201,133.590,132.620,132.804,77467,5,5
2023.04.02 00:00:00,133.260,133.379,133.059,133.354,5017,6,0
2023.04.03 00:00:00,133.352,133.753,132.171,132.319,68393,5,1
2023.04.04 00:00:00,132.321,133.167,131.363,131.434,72295,5,2
2023.04.05 00:00:00,131.432,131.842,130.627,130.934,73122,5,3
2023.04.06 00:00:00,130.936,131.902,130.776,131.648,52227,5,4
2023.04.07 00:00:00,131.646,132.368,131.518,132.146,23953,14,5
2023.04.09 00:00:00,132.124,132.164,131.822,132.099,2324,6,0
2023.04.10 00:00:00,132.097,133.869,131.994,133.469,59570,5,1
2023.04.11 00:00:00,133.466,133.803,132.971,133.598,47128,5,2
2023.04.12 00:00:00,133.597,134.042,132.732,133.086,64293,5,3
2023.04.13 00:00:00,133.084,133.390,132.017,132.484,52666,5,4
2023.04.14 00:00:00,132.486,133.833,132.168,133.755,58035,5,5
2023.04.16 00:00:00,133.798,133.992,133.747,133.986,2002,6,0
2023.04.17 00:00:00,133.984,134.569,133.710,134.454,46883,5,1
2023.04.18 00:00:00,134.452,134.702,133.858,134.041,42736,5,2
2023.04.19 00:00:00,134.039,135.133,133.952,134.712,47152,5,3
2023.04.20 00:00:00,134.710,134.971,133.953,133.997,46639,5,4
2023.04.21 00:00:00,133.996,134.489,133.546,134.124,45036,5,5
2023.04.23 00:00:00,134.053,134.115,133.934,133.962,1920,6,0
2023.04.24 00:00:00,133.964,134.729,133.890,134.084,37579,5,1
2023.04.25 00:00:00,134.082,134.476,133.364,133.709,51656,5,2
2023.04.26 00:00:00,133.707,133.930,133.015,133.462,65321,5,3
2023.04.27 00:00:00,133.460,134.196,133.189,133.803,54717,5,4
2023.04.28 00:00:00,133.801,136.558,133.346,136.306,110447,5,5
2023.04.30 00:00:00,136.152,136.432,136.147,136.402,3350,6,0
2023.05.01 00:00:00,136.401,137.574,136.250,137.519,42687,6,1
2023.05.02 00:00:00,137.517,137.770,136.313,136.470,60499,6,2
2023.05.03 00:00:00,136.469,136.570,134.386,134.551,81102,5,3
2023.05.04 00:00:00,134.549,134.876,133.497,134.160,97212,5,4
2023.05.05 00:00:00,134.159,135.120,133.883,134.834,54706,5,5
2023.05.07 00:00:00,134.859,135.297,134.818,135.192,2680,6,0
2023.05.08 00:00:00,135.189,135.224,134.641,135.085,42122,5,1
2023.05.09 00:00:00,135.083,135.356,134.721,135.290,42956,5,2
2023.05.10 00:00:00,135.289,135.466,134.018,134.098,55972,5,3
2023.05.11 00:00:00,134.100,134.842,133.742,134.491,62324,5,4
2023.05.12 00:00:00,134.488,135.751,134.400,135.723,37882,5,5
2023.05.14 00:00:00,135.633,135.896,135.618,135.822,1631,6,0
2023.05.15 00:00:00,135.820,136.322,135.710,136.028,37991,5,1
2023.05.16 00:00:00,136.031,136.680,135.665,136.425,36333,5,2
2023.05.17 00:00:00,136.424,137.690,136.302,137.603,36219,6,3
2023.05.18 00:00:00,137.601,138.743,137.287,138.625,44750,6,4
2023.05.19 00:00:00,138.624,138.662,137.424,137.929,60422,6,5
2023.05.21 00:00:00,137.955,137.992,137.573,137.695,1952,6,0
2023.05.22 00:00:00,137.693,138.796,137.492,138.662,51004,6,1
2023.05.23 00:00:00,138.660,138.907,138.241,138.609,53779,6,2
2023.05.24 00:00:00,138.608,139.455,138.231,139.295,51793,6,3
2023.05.25 00:00:00,139.297,140.226,139.180,140.021,57228,6,4
2023.05.26 00:00:00,140.020,140.723,139.493,140.585,45257,6,5
2023.05.28 00:00:00,140.586,140.888,140.497,140.882,2775,6,0
2023.05.29 00:00:00,140.881,140.916,140.112,140.469,21656,6,1
2023.05.30 00:00:00,140.472,140.929,139.569,139.793,65222,6,2
2023.05.31 00:00:00,139.791,140.399,138.957,139.137,59629,6,3
2023.06.01 00:00:00,139.135,139.947,138.422,138.740,49731,6,4
2023.06.02 00:00:00,138.738,140.066,138.604,139.951,47449,6,5
2023.06.04 00:00:00,139.963,140.242,139.921,140.211,1908,6,0
2023.06.05 00:00:00,140.213,140.449,139.249,139.412,43307,6,1
2023.06.06 00:00:00,139.413,139.991,139.095,139.521,40160,6,2
2023.06.07 00:00:00,139.523,140.242,139.024,139.912,42769,6,3
2023.06.08 00:00:00,139.911,140.092,138.757,138.882,44169,6,4
2023.06.09 00:00:00,138.884,139.722,138.865,139.340,38018,6,5
2023.06.11 00:00:00,139.332,139.477,139.301,139.372,1685,6,0
2023.06.12 00:00:00,139.370,139.762,139.060,139.459,39929,6,1
2023.06.13 00:00:00,139.457,140.305,139.009,140.148,52303,6,2
2023.06.14 00:00:00,140.146,140.200,139.280,139.962,58103,6,3
2023.06.15 00:00:00,139.964,141.501,139.941,140.264,66367,6,4
2023.06.16 00:00:00,140.265,141.895,139.852,141.814,68678,6,5
2023.06.18 00:00:00,141.733,141.951,141.702,141.862,3054,6,0
2023.06.19 00:00:00,141.861,142.000,141.440,141.902,36474,6,1
2023.06.20 00:00:00,141.904,142.249,141.212,141.339,62737,6,2
2023.06.21 00:00:00,141.338,142.365,141.334,141.685,63550,6,3
2023.06.22 00:00:00,141.685,143.224,141.608,143.027,61014,6,4
2023.06.23 00:00:00,143.026,143.869,142.697,143.711,68299,6,5
2023.06.25 00:00:00,143.517,143.687,143.424,143.536,3714,6,0
2023.06.26 00:00:00,143.537,143.709,142.936,143.460,58336,6,1
2023.06.27 00:00:00,143.460,144.171,143.281,143.875,57300,6,2
2023.06.28 00:00:00,143.875,144.614,143.728,144.387,62579,6,3
2023.06.29 00:00:00,144.389,144.896,144.131,144.793,62628,6,4
2023.06.30 00:00:00,144.793,145.066,144.203,144.284,61991,6,5
2023.07.02 00:00:00,144.318,144.404,144.243,144.396,2337,6,0
2023.07.03 00:00:00,144.395,144.910,143.978,144.595,51395,6,1
2023.07.04 00:00:00,144.596,144.673,144.205,144.405,28106,6,2
2023.07.05 00:00:00,144.405,144.732,144.077,144.496,45668,6,3
2023.07.06 00:00:00,144.496,144.651,143.554,143.974,71554,6,4
2023.07.07 00:00:00,143.972,144.194,142.046,142.102,73143,6,5
2023.07.09 00:00:00,142.141,142.286,142.081,142.210,3181,6,0
2023.07.10 00:00:00,142.208,143.002,141.193,141.307,61770,6,1
2023.07.11 00:00:00,141.307,141.457,140.071,140.120,62451,6,2
2023.07.12 00:00:00,140.119,140.161,138.154,138.322,78743,6,3
2023.07.13 00:00:00,138.320,138.953,137.891,138.064,71297,6,4
2023.07.14 00:00:00,138.063,139.153,137.234,138.757,74728,6,5
2023.07.16 00:00:00,138.708,138.808,138.654,138.685,2583,6,0
2023.07.17 00:00:00,138.685,139.404,137.994,138.721,52307,6,1
2023.07.18 00:00:00,138.720,139.187,137.681,139.020,80844,6,2
2023.07.19 00:00:00,139.020,139.991,138.850,139.606,68208,6,3
2023.07.20 00:00:00,139.606,140.494,139.110,139.852,62707,6,4
2023.07.21 00:00:00,139.850,141.952,139.747,141.787,76060,6,5
2023.07.23 00:00:00,141.681,141.765,141.628,141.753,2554,6,0
2023.07.24 00:00:00,141.751,141.810,140.742,141.540,64449,6,1
2023.07.25 00:00:00,141.540,141.734,140.718,140.911,52636,6,2
2023.07.26 00:00:00,140.911,141.183,139.925,140.368,71110,6,3
2023.07.27 00:00:00,140.366,141.318,138.703,138.869,117233,6,4
2023.07.28 00:00:00,138.870,141.165,138.061,141.155,212909,6,5
2023.07.30 00:00:00,140.992,141.121,140.749,140.754,4889,6,0
2023.07.31 00:00:00,140.751,142.684,140.690,142.325,83734,6,1
2023.08.01 00:00:00,142.325,143.542,142.256,142.960,68330,6,2
2023.08.02 00:00:00,142.962,143.475,142.233,143.358,78464,6,3
2023.08.03 00:00:00,143.354,143.889,142.064,142.603,99360,6,4
2023.08.04 00:00:00,142.604,142.885,141.550,141.723,69966,6,5
2023.08.06 00:00:00,141.635,141.940,141.631,141.871,2913,6,0
2023.08.07 00:00:00,141.869,142.584,141.513,142.530,48251,6,1
2023.08.08 00:00:00,142.536,143.490,142.527,143.260,62409,6,2
2023.08.09 00:00:00,143.258,143.756,142.998,143.717,46418,6,3
2023.08.10 00:00:00,143.716,144.870,143.281,144.852,63532,6,4
2023.08.11 00:00:00,144.852,144.999,144.419,144.937,40400,6,5
2023.08.13 00:00:00,144.923,144.973,144.821,144.851,2367,6,0
2023.08.14 00:00:00,144.851,145.576,144.653,145.434,48263,6,1
2023.08.15 00:00:00,145.433,145.862,145.103,145.622,55576,6,2
2023.08.16 00:00:00,145.619,146.403,145.306,146.335,45968,6,3
2023.08.17 00:00:00,146.335,146.557,145.575,145.710,51517,6,4
2023.08.18 00:00:00,145.707,145.794,144.927,145.371,51458,6,5
2023.08.20 00:00:00,145.326,145.420,145.242,145.324,1848,6,0
2023.08.21 00:00:00,145.323,146.399,145.145,146.244,43787,6,1
2023.08.22 00:00:00,146.246,146.396,145.494,145.777,43897,6,2
2023.08.23 00:00:00,145.775,145.812,144.540,144.679,57374,6,3
2023.08.24 00:00:00,144.679,146.074,144.615,146.051,45280,6,4
2023.08.25 00:00:00,146.052,146.630,145.721,146.402,50952,6,5
2023.08.27 00:00:00,146.414,146.613,146.379,146.543,2037,6,0
2023.08.28 00:00:00,146.543,146.741,146.271,146.460,34680,6,1
2023.08.29 00:00:00,146.459,147.371,145.666,145.980,54812,6,2
2023.08.30 00:00:00,145.979,146.533,145.557,146.087,57119,6,3
2023.08.31 00:00:00,146.085,146.225,145.348,145.483,55992,6,4
2023.09.01 00:00:00,145.483,146.291,144.441,146.213,55146,6,5
2023.09.03 00:00:00,146.181,146.236,146.022,146.066,1685,6,0
2023.09.04 00:00:00,146.066,146.552,146.036,146.540,23296,6,1
2023.09.05 00:00:00,146.538,147.798,146.485,147.457,46483,6,2
2023.09.06 00:00:00,147.457,147.814,147.013,147.714,50340,6,3
2023.09.07 00:00:00,147.712,147.870,147.042,147.334,42359,6,4
2023.09.08 00:00:00,147.333,147.866,146.581,147.790,47367,6,5
2023.09.10 00:00:00,147.012,147.259,146.645,147.126,4771,6,0
2023.09.11 00:00:00,147.127,147.144,145.900,146.670,69264,6,1
2023.09.12 00:00:00,146.670,147.231,146.436,147.158,45270,6,2
2023.09.13 00:00:00,147.156,147.732,147.095,147.328,55813,6,3
2023.09.14 00:00:00,147.329,147.562,147.014,147.460,50327,6,4
2023.09.15 00:00:00,147.458,147.947,147.337,147.841,43300,6,5
2023.09.17 00:00:00,147.704,147.877,147.681,147.865,1480,6,0
2023.09.18 00:00:00,147.867,147.873,147.508,147.613,29576,6,1
2023.09.19 00:00:00,147.613,147.919,147.505,147.759,33091,6,2
2023.09.20 00:00:00,147.759,148.344,147.471,148.320,49733,6,3
2023.09.21 00:00:00,148.318,148.459,147.318,147.645,49412,6,4
2023.09.22 00:00:00,147.647,148.413,147.506,148.362,49313,6,5
2023.09.24 00:00:00,148.280,148.444,148.223,148.432,2362,6,0
2023.09.25 00:00:00,148.432,148.960,148.285,148.821,30016,6,1
2023.09.26 00:00:00,148.821,149.183,148.703,149.052,37854,6,2
2023.09.27 00:00:00,149.055,149.704,148.860,149.491,37767,6,3
2023.09.28 00:00:00,149.492,149.555,149.144,149.335,40520,6,4
2023.09.29 00:00:00,149.330,149.510,148.524,149.328,49079,6,5
2023.10.01 00:00:00,149.563,149.630,149.398,149.530,3347,6,0
2023.10.02 00:00:00,149.529,149.879,149.454,149.863,33976,6,1
2023.10.03 00:00:00,149.862,150.155,147.289,149.178,80920,6,2
2023.10.04 00:00:00,149.176,149.316,148.733,148.977,55640,6,3
2023.10.05 00:00:00,148.980,149.113,148.258,148.468,52675,6,4
2023.10.06 00:00:00,148.470,149.533,148.463,149.267,49426,6,5
2023.10.08 00:00:00,149.063,149.219,148.953,149.150,4079,6,0
2023.10.09 00:00:00,149.150,149.222,148.288,148.330,30607,6,1
2023.10.10 00:00:00,148.330,149.095,148.160,148.627,52674,6,2
2023.10.11 00:00:00,148.625,149.321,148.422,149.035,47182,6,3
2023.10.12 00:00:00,149.033,149.826,148.953,149.785,40195,6,4
2023.10.13 00:00:00,149.785,149.824,149.451,149.542,34740,6,5
2023.10.15 00:00:00,149.334,149.629,149.330,149.560,2728,6,0
2023.10.16 00:00:00,149.559,149.760,149.373,149.579,29123,6,1
2023.10.17 00:00:00,149.577,149.847,148.742,149.760,37745,6,2
2023.10.18 00:00:00,149.758,149.914,149.483,149.764,30072,6,3
2023.10.19 00:00:00,149.769,149.961,149.666,149.804,36687,6,4
2023.10.20 00:00:00,149.804,149.989,149.645,149.847,27909,6,5
2023.10.22 00:00:00,149.849,149.892,149.760,149.884,1562,6,0
2023.10.23 00:00:00,149.884,149.988,149.554,149.775,22954,6,1
2023.10.24 00:00:00,149.774,149.928,149.319,149.854,30578,6,2
2023.10.25 00:00:00,149.853,150.293,149.793,150.094,22954,6,3
2023.10.26 00:00:00,150.095,150.774,149.868,150.365,43672,6,4
2023.10.27 00:00:00,150.363,150.410,149.458,149.626,30695,6,5
2023.10.29 00:00:00,149.478,149.766,149.464,149.735,1644,6,0
2023.10.30 00:00:00,149.735,149.851,148.802,149.096,37801,6,1
2023.10.31 00:00:00,149.097,151.708,149.088,151.322,73110,6,2
2023.11.01 00:00:00,151.322,151.443,150.559,150.574,48568,6,3
2023.11.02 00:00:00,150.573,150.591,149.845,150.497,44735,6,4
2023.11.03 00:00:00,150.495,150.496,149.193,149.344,40103,6,5
2023.11.05 00:00:00,149.328,149.469,149.280,149.443,1210,26,0
2023.11.06 00:00:00,149.454,150.068,149.373,149.963,32492,6,1
2023.11.07 00:00:00,149.985,150.690,149.959,150.389,33465,6,2
2023.11.08 00:00:00,150.396,151.057,150.348,150.842,33253,6,3
2023.11.09 00:00:00,150.854,151.385,150.771,151.307,37822,6,4
2023.11.10 00:00:00,151.345,151.597,151.221,151.510,25508,6,5
2023.11.12 00:00:00,151.442,151.502,151.419,151.431,1117,26,0
2023.11.13 00:00:00,151.458,151.907,151.204,151.616,32349,6,1
2023.11.14 00:00:00,151.645,151.793,150.151,150.471,41743,6,2
2023.11.15 00:00:00,150.484,151.409,150.044,151.194,45628,6,3
2023.11.16 00:00:00,151.208,151.431,150.284,150.678,37038,6,4
2023.11.17 00:00:00,150.700,150.772,149.198,149.559,50926,6,5
2023.11.19 00:00:00,149.595,149.936,149.494,149.934,1895,26,0
2023.11.20 00:00:00,149.958,149.990,148.101,148.365,65811,6,1
2023.11.21 00:00:00,148.383,148.593,147.151,148.125,78976,6,2
2023.11.22 00:00:00,148.148,149.747,148.033,149.451,62670,6,3
2023.11.23 00:00:00,149.463,149.687,148.886,149.579,37805,6,4
2023.11.24 00:00:00,149.633,149.710,149.196,149.370,38446,6,5
2023.11.26 00:00:00,149.427,149.565,149.396,149.557,1763,25,0
2023.11.27 00:00:00,149.577,149.674,148.333,148.399,64832,6,1
2023.11.28 00:00:00,148.415,148.828,146.974,147.052,77924,6,2
2023.11.29 00:00:00,147.065,147.903,146.669,147.038,94770,6,3
2023.11.30 00:00:00,147.058,148.515,146.863,147.981,86324,6,4
2023.12.01 00:00:00,147.998,148.344,146.657,146.792,84640,6,5
2023.12.03 00:00:00,146.703,146.759,146.185,146.327,3179,27,0
2023.12.04 00:00:00,146.362,147.451,146.223,147.277,85478,6,1
2023.12.05 00:00:00,147.301,147.389,146.558,147.163,80019,6,2
2023.12.06 00:00:00,147.184,147.498,146.894,147.158,60337,6,3
2023.12.07 00:00:00,147.184,147.188,141.628,144.175,152213,6,4
2023.12.08 00:00:00,144.236,145.209,142.495,144.927,164424,6,5
2023.12.10 00:00:00,144.932,145.046,144.770,144.950,2753,26,0
2023.12.11 00:00:00,144.987,146.589,144.870,146.010,91787,6,1
2023.12.12 00:00:00,146.046,146.125,144.729,145.281,87998,6,2
2023.12.13 00:00:00,145.296,145.993,142.120,142.761,116018,6,3
2023.12.14 00:00:00,142.789,142.913,140.952,142.240,161083,6,4
2023.12.15 00:00:00,142.277,142.465,141.427,142.147,107169,6,5
2023.12.17 00:00:00,142.064,142.338,142.051,142.317,1937,26,0
2023.12.18 00:00:00,142.329,143.156,142.070,142.680,72763,6,1
2023.12.19 00:00:00,142.693,144.956,142.246,143.885,135551,6,2
2023.12.20 00:00:00,143.921,144.099,143.252,143.510,82354,6,3
2023.12.21 00:00:00,143.530,143.561,141.972,142.060,86221,6,4
2023.12.22 00:00:00,142.073,142.662,141.862,142.437,75837,6,5
2023.12.25 00:00:00,142.233,142.381,141.977,142.071,2053,243,1
2023.12.26 00:00:00,142.212,142.622,142.063,142.433,28572,23,2
2023.12.27 00:00:00,142.480,142.836,141.341,141.420,45729,6,3
2023.12.28 00:00:00,141.439,141.668,140.249,141.419,78969,6,4
2023.12.29 00:00:00,141.439,141.913,140.792,141.005,69176,6,5
2024.01.01 00:00:00,140.699,140.983,140.643,140.952,2453,216,1
2024.01.02 00:00:00,141.084,142.215,141.067,142.154,63175,6,2
2024.01.03 00:00:00,142.175,143.731,141.857,142.975,79865,6,3
2024.01.04 00:00:00,142.996,144.850,142.852,144.754,80524,6,4
2024.01.05 00:00:00,144.772,145.972,143.806,144.605,105081,6,5
2024.01.07 00:00:00,144.455,144.893,144.444,144.702,1983,26,0
2024.01.08 00:00:00,144.721,144.796,143.659,144.199,75365,6,1
2024.01.09 00:00:00,144.221,144.622,143.419,144.412,82626,6,2
2024.01.10 00:00:00,144.430,145.832,144.413,145.720,67739,6,3
2024.01.11 00:00:00,145.726,146.415,144.903,145.086,104623,6,4
2024.01.12 00:00:00,145.098,145.566,144.348,144.903,86765,6,5
2024.01.14 00:00:00,144.890,145.154,144.835,145.126,1640,26,0
2024.01.15 00:00:00,145.149,145.940,144.931,145.780,50033,6,1
2024.01.16 00:00:00,145.794,147.310,145.583,147.216,89774,6,2
2024.01.17 00:00:00,147.244,148.529,147.095,148.122,84754,6,3
2024.01.18 00:00:00,148.136,148.301,147.653,148.095,77847,6,4
2024.01.19 00:00:00,148.122,148.803,147.837,148.140,76451,6,5
2024.01.21 00:00:00,148.146,148.231,148.050,148.103,2310,26,0
2024.01.22 00:00:00,148.123,148.302,147.615,148.123,68978,6,1
2024.01.23 00:00:00,148.144,148.693,146.979,148.218,98669,6,2
2024.01.24 00:00:00,148.245,148.261,146.645,147.564,83463,6,3
2024.01.25 00:00:00,147.587,147.950,147.080,147.706,77291,6,4
2024.01.26 00:00:00,147.718,148.206,147.413,148.106,65472,6,5
2024.01.28 00:00:00,148.082,148.166,147.989,148.165,2108,26,0
2024.01.29 00:00:00,148.182,148.333,147.251,147.464,57679,6,1
2024.01.30 00:00:00,147.486,147.926,147.095,147.284,62105,6,2
2024.01.31 00:00:00,147.335,147.898,146.013,146.984,126221,6,3
2024.02.01 00:00:00,147.006,147.112,145.892,146.436,102709,6,4
2024.02.02 00:00:00,146.460,148.584,146.241,148.351,78815,6,5
2024.02.04 00:00:00,148.383,148.642,148.301,148.456,2675,26,0
2024.02.05 00:00:00,148.511,148.891,148.266,148.632,66610,6,1
2024.02.06 00:00:00,148.662,148.788,147.714,147.805,62630,6,2
2024.02.07 00:00:00,147.819,148.257,147.615,148.068,64702,6,3
2024.02.08 00:00:00,148.086,149.476,147.930,149.257,65584,6,4
2024.02.09 00:00:00,149.262,149.573,149.008,149.254,57676,6,5
2024.02.11 00:00:00,149.255,149.275,149.058,149.162,1978,26,0
2024.02.12 00:00:00,149.179,149.477,148.925,149.378,47183,6,1
2024.02.13 00:00:00,149.403,150.884,149.208,150.710,63756,6,2
2024.02.14 00:00:00,150.723,150.776,150.304,150.532,58491,6,3
2024.02.15 00:00:00,150.556,150.556,149.532,149.928,63750,6,4
2024.02.16 00:00:00,149.959,150.644,149.925,150.190,54721,6,5
2024.02.18 00:00:00,150.177,150.192,150.000,150.117,2080,26,0
2024.02.19 00:00:00,150.152,150.272,149.873,150.226,32100,6,1
2024.02.20 00:00:00,150.269,150.437,149.680,149.941,50597,6,2
2024.02.21 00:00:00,149.964,150.392,149.851,150.316,48655,6,3
2024.02.22 00:00:00,150.339,150.686,150.014,150.459,55941,6,4
2024.02.23 00:00:00,150.474,150.768,150.291,150.525,41607,6,5
2024.02.25 00:00:00,150.369,150.536,150.274,150.475,2042,26,0
2024.02.26 00:00:00,150.498,150.837,150.291,150.547,44580,6,1
2024.02.27 00:00:00,150.573,150.608,150.073,150.478,43332,6,2
2024.02.28 00:00:00,150.513,150.842,150.370,150.641,45563,6,3
2024.02.29 00:00:00,150.658,150.658,149.206,150.066,69034,6,4
2024.03.01 00:00:00,150.064,150.720,150.051,150.094,55818,6,5
2024.03.03 00:00:00,150.018,150.139,149.959,150.126,1799,26,0
2024.03.04 00:00:00,150.128,150.567,149.838,150.443,40838,6,1
2024.03.05 00:00:00,150.453,150.543,149.700,150.010,48923,6,2
2024.03.06 00:00:00,150.051,150.082,149.091,149.248,61564,6,3
2024.03.07 00:00:00,149.263,149.263,147.580,147.846,79370,6,4
2024.03.08 00:00:00,147.863,148.116,146.478,147.061,85937,6,5
2024.03.10 00:00:00,146.989,147.112,146.706,146.767,4688,6,0
2024.03.11 00:00:00,146.795,147.147,146.484,146.731,58461,6,1
2024.03.12 00:00:00,146.733,148.169,146.617,147.644,72628,6,2
2024.03.13 00:00:00,147.620,148.046,147.229,147.635,54936,6,3
2024.03.14 00:00:00,147.588,148.356,147.431,148.299,62644,6,4
2024.03.15 00:00:00,148.299,149.164,148.031,149.046,51019,6,5
2024.03.17 00:00:00,148.966,149.066,148.865,148.955,3049,6,0
2024.03.18 00:00:00,148.950,149.328,148.906,149.159,44069,6,1
2024.03.19 00:00:00,149.151,151.064,148.998,151.047,81507,6,2
2024.03.20 00:00:00,151.020,151.816,150.680,150.740,73047,6,3
2024.03.21 00:00:00,150.741,151.753,150.263,151.643,67657,6,4
2024.03.22 00:00:00,151.629,151.862,151.001,151.435,54217,6,5
2024.03.24 00:00:00,151.373,151.421,151.083,151.319,3508,6,0
2024.03.25 00:00:00,151.307,151.542,151.049,151.373,40699,6,1
2024.03.26 00:00:00,151.378,151.601,151.201,151.535,32848,6,2
2024.03.27 00:00:00,151.521,151.970,151.024,151.295,54486,6,3
2024.03.28 00:00:00,151.291,151.542,151.148,151.443,39826,6,4
2024.03.29 00:00:00,151.443,151.495,151.051,151.158,21081,8,5
2024.03.31 00:00:00,151.146,151.427,151.146,151.421,3398,6,0
2024.04.01 00:00:00,151.399,151.771,151.246,151.587,28252,6,1
2024.04.02 00:00:00,151.595,151.803,151.453,151.549,30865,6,2
2024.04.03 00:00:00,151.542,151.953,151.440,151.577,32064,6,3
2024.04.04 00:00:00,151.580,151.767,151.116,151.294,33978,6,4
2024.04.05 00:00:00,151.292,151.750,150.809,151.612,42425,6,5
2024.04.07 00:00:00,151.555,151.693,151.496,151.691,2786,6,0
2024.04.08 00:00:00,151.675,151.941,151.670,151.836,28825,6,1
2024.04.09 00:00:00,151.831,151.933,151.568,151.781,29700,6,2
2024.04.10 00:00:00,151.774,153.166,151.678,152.962,53955,6,3
2024.04.11 00:00:00,152.949,153.317,152.757,153.206,50791,6,4
2024.04.12 00:00:00,153.192,153.381,152.589,153.260,47188,6,5
2024.04.14 00:00:00,152.949,153.319,152.834,153.300,4107,6,0
2024.04.15 00:00:00,153.302,154.442,153.277,154.225,56837,6,1
2024.04.16 00:00:00,154.218,154.784,153.896,154.709,54589,6,2
2024.04.17 00:00:00,154.696,154.731,154.140,154.357,41182,6,3
2024.04.18 00:00:00,154.334,154.677,153.953,154.606,41515,6,4
2024.04.19 00:00:00,154.611,154.669,153.589,154.630,61563,6,5
2024.04.21 00:00:00,154.586,154.659,154.278,154.634,3246,6,0
2024.04.22 00:00:00,154.634,154.849,154.585,154.810,26725,6,1
2024.04.23 00:00:00,154.813,154.873,154.548,154.746,31842,6,2
2024.04.24 00:00:00,154.746,155.372,154.739,155.266,35710,6,3
2024.04.25 00:00:00,155.266,155.744,155.242,155.620,43443,6,4
2024.04.26 00:00:00,155.622,158.341,154.965,158.326,93694,6,5
2024.04.28 00:00:00,157.818,158.391,157.727,158.199,5406,6,0
2024.04.29 00:00:00,158.198,160.225,154.517,156.327,287771,6,1
2024.04.30 00:00:00,156.320,157.798,156.156,157.737,46492,11,2
2024.05.01 00:00:00,157.735,157.983,152.843,155.724,49048,11,3
2024.05.02 00:00:00,155.720,156.281,152.866,153.131,79833,11,4
2024.05.03 00:00:00,153.127,153.436,151.854,152.919,56638,11,5
2024.05.05 00:00:00,152.861,153.701,152.625,153.654,4453,11,0
2024.05.06 00:00:00,153.656,154.281,153.315,154.242,39316,6,1
2024.05.07 00:00:00,154.240,154.841,153.871,154.771,50802,6,2
2024.05.08 00:00:00,154.774,155.683,154.686,155.376,43581,6,3
2024.05.09 00:00:00,155.378,155.948,155.152,155.392,40284,6,4
2024.05.10 00:00:00,155.395,155.902,155.360,155.748,32407,6,5
2024.05.12 00:00:00,155.688,155.833,155.632,155.830,2150,6,0
2024.05.13 00:00:00,155.830,156.248,155.500,156.225,33578,6,1
2024.05.14 00:00:00,156.228,156.777,156.224,156.519,33137,6,2
2024.05.15 00:00:00,156.516,156.559,154.152,154.299,66160,6,3
2024.05.16 00:00:00,154.295,155.535,153.597,155.399,68883,6,4
2024.05.17 00:00:00,155.397,155.975,155.247,155.634,38476,6,5
2024.05.19 00:00:00,155.578,155.820,155.399,155.765,2831,6,0
2024.05.20 00:00:00,155.767,156.401,155.492,156.399,35313,6,1
2024.05.21 00:00:00,156.399,156.546,155.840,156.267,43679,6,2
2024.05.22 00:00:00,156.270,156.774,156.141,156.733,36313,6,3
2024.05.23 00:00:00,156.732,157.193,156.524,156.990,48317,6,4
2024.05.24 00:00:00,156.992,157.144,156.819,156.958,28523,6,5
2024.05.26 00:00:00,156.954,156.992,156.728,156.867,2934,6,0
2024.05.27 00:00:00,156.867,156.957,156.661,156.836,22421,6,1
2024.05.28 00:00:00,156.836,157.287,156.575,157.269,35089,6,2
2024.05.29 00:00:00,157.270,157.706,156.891,157.627,36884,6,3
2024.05.30 00:00:00,157.625,157.625,156.368,156.987,56735,6,4
2024.05.31 00:00:00,156.985,157.364,156.554,157.244,53771,6,5
2024.06.02 00:00:00,157.121,157.304,157.068,157.180,3077,6,0
2024.06.03 00:00:00,157.180,157.471,155.946,156.091,52701,6,1
2024.06.04 00:00:00,156.091,156.484,154.546,155.115,79726,6,2
2024.06.05 00:00:00,155.115,156.483,155.093,155.914,63715,6,3
2024.06.06 00:00:00,155.911,156.445,155.350,155.677,60377,6,4
2024.06.07 00:00:00,155.678,157.072,155.116,156.740,65443,6,5
2024.06.09 00:00:00,156.658,156.913,156.557,156.822,4069,6,0
2024.06.10 00:00:00,156.821,157.191,156.717,157.042,45467,6,1
2024.06.11 00:00:00,157.041,157.402,156.803,157.108,42121,6,2
2024.06.12 00:00:00,157.105,157.370,155.716,156.801,75595,6,3
2024.06.13 00:00:00,156.799,157.309,156.578,157.123,54751,6,4
2024.06.14 00:00:00,157.121,158.254,156.803,157.371,103988,6,5
2024.06.16 00:00:00,157.353,157.661,157.100,157.555,3549,6,0
2024.06.17 00:00:00,157.555,157.957,157.153,157.694,41749,6,1
2024.06.18 00:00:00,157.694,158.227,157.513,157.863,45675,6,2
2024.06.19 00:00:00,157.864,158.074,157.600,157.953,22146,6,3
2024.06.20 00:00:00,157.952,158.949,157.952,158.934,35691,6,4
2024.06.21 00:00:00,158.933,159.813,158.666,159.785,37829,6,5
2024.06.23 00:00:00,159.718,159.905,159.545,159.895,3646,6,0
2024.06.24 00:00:00,159.895,159.928,158.740,159.697,51018,6,1
2024.06.25 00:00:00,159.697,159.753,159.185,159.699,39133,6,2
2024.06.26 00:00:00,159.701,160.843,159.663,160.629,48641,6,3
2024.06.27 00:00:00,160.628,160.821,160.279,160.703,40226,6,4
2024.06.28 00:00:00,160.702,161.284,160.261,160.871,57764,6,5
2024.06.30 00:00:00,160.646,160.934,160.646,160.923,3350,6,0
2024.07.01 00:00:00,160.922,161.727,160.735,161.508,43348,6,1
2024.07.02 00:00:00,161.509,161.743,161.265,161.486,34340,6,2
2024.07.03 00:00:00,161.486,161.948,160.767,161.588,43923,6,3
2024.07.04 00:00:00,161.586,161.604,160.943,161.356,31086,6,4
2024.07.05 00:00:00,161.355,161.392,160.335,160.777,60954,6,5
2024.07.07 00:00:00,160.679,160.815,160.573,160.635,3440,6,0
2024.07.08 00:00:00,160.637,161.117,160.261,160.857,43295,6,1
2024.07.09 00:00:00,160.854,161.514,160.734,161.326,39676,6,2
2024.07.10 00:00:00,161.325,161.805,161.297,161.593,29861,6,3
2024.07.11 00:00:00,161.590,161.758,157.416,158.283,182231,6,4
2024.07.12 00:00:00,158.281,159.384,157.361,157.890,132568,6,5
2024.07.14 00:00:00,158.024,158.420,157.956,158.290,5124,6,0
2024.07.15 00:00:00,158.286,158.365,157.161,158.152,58839,6,1
2024.07.16 00:00:00,158.149,158.856,158.105,158.362,47325,6,2
2024.07.17 00:00:00,158.362,158.625,155.369,155.671,108080,6,3
2024.07.18 00:00:00,155.669,157.397,155.456,157.177,84079,6,4
2024.07.19 00:00:00,157.174,157.861,156.957,157.454,63964,6,5
2024.07.21 00:00:00,157.407,157.498,157.155,157.423,5151,6,0
2024.07.22 00:00:00,157.423,157.611,156.282,156.904,67710,6,1
2024.07.23 00:00:00,156.902,156.926,155.454,155.762,73631,6,2
2024.07.24 00:00:00,155.765,155.989,153.102,153.914,118162,6,3
2024.07.25 00:00:00,153.913,154.317,151.940,153.699,163915,6,4
2024.07.26 00:00:00,153.696,154.737,153.096,153.757,106733,6,5
2024.07.28 00:00:00,153.675,154.212,153.551,154.147,6438,6,0
2024.07.29 00:00:00,154.149,154.349,153.012,153.833,91896,6,1
2024.07.30 00:00:00,153.831,155.216,152.394,152.656,119009,6,2
2024.07.31 00:00:00,152.654,153.908,149.607,149.786,237335,6,3
2024.08.01 00:00:00,149.788,150.890,148.507,149.207,178976,6,4
2024.08.02 00:00:00,149.205,149.776,146.415,146.526,190007,6,5
2024.08.04 00:00:00,146.425,146.555,145.279,145.591,21579,6,0
2024.08.05 00:00:00,145.588,145.941,141.681,145.802,383863,6,1
2024.08.06 00:00:00,145.804,146.377,144.044,144.734,283000,6,2
2024.08.07 00:00:00,144.737,147.906,144.548,146.285,261648,6,3
2024.08.08 00:00:00,146.286,147.815,145.425,147.693,212072,6,4
2024.08.09 00:00:00,147.691,147.777,146.264,146.617,117335,6,5
2024.08.11 00:00:00,146.595,147.127,146.510,147.071,7203,6,0
2024.08.12 00:00:00,147.072,148.223,146.699,147.022,86115,6,1
2024.08.13 00:00:00,147.024,147.946,146.594,146.946,96135,6,2
2024.08.14 00:00:00,146.944,147.581,146.068,147.269,102672,6,3
2024.08.15 00:00:00,147.273,149.387,147.050,149.227,84606,6,4
2024.08.16 00:00:00,149.230,149.272,147.563,147.603,77719,6,5
2024.08.18 00:00:00,147.547,148.050,147.466,147.961,3541,6,0
2024.08.19 00:00:00,147.964,148.004,145.186,146.711,104344,6,1
2024.08.20 00:00:00,146.713,147.345,144.940,145.322,98728,6,2
2024.08.21 00:00:00,145.319,146.902,144.452,145.122,120617,6,3
2024.08.22 00:00:00,145.120,146.525,144.939,146.210,81846,6,4
2024.08.23 00:00:00,146.213,146.479,144.043,144.365,96890,6,5
2024.08.25 00:00:00,144.200,144.336,143.555,143.920,11612,6,0
2024.08.26 00:00:00,143.923,144.652,143.444,144.503,85238,6,1
2024.08.27 00:00:00,144.506,145.172,143.677,143.961,67210,6,2
2024.08.28 00:00:00,143.964,145.038,143.908,144.436,68429,6,3
2024.08.29 00:00:00,144.433,145.555,144.271,144.889,74443,6,4
2024.08.30 00:00:00,144.886,146.245,144.650,146.180,58215,6,5
2024.09.01 00:00:00,146.034,146.600,145.980,146.400,5460,6,0
2024.09.02 00:00:00,146.399,147.176,145.772,146.747,53596,6,1
2024.09.03 00:00:00,146.749,147.207,145.088,145.365,108265,6,2
2024.09.04 00:00:00,145.367,145.552,143.185,143.335,116497,6,3
2024.09.05 00:00:00,143.331,144.230,142.847,143.386,113361,6,4
2024.09.06 00:00:00,143.383,144.051,141.767,142.303,169562,6,5
2024.09.08 00:00:00,142.252,142.528,141.956,142.489,9356,6,0
2024.09.09 00:00:00,142.488,143.798,142.419,143.182,100523,6,1
2024.09.10 00:00:00,143.182,143.710,142.189,142.234,88898,6,2
2024.09.11 00:00:00,142.236,142.676,140.707,142.634,145806,6,3
2024.09.12 00:00:00,142.635,143.042,141.425,141.508,126571,6,4
2024.09.13 00:00:00,141.510,141.558,140.279,140.811,115902,6,5
2024.09.15 00:00:00,140.761,140.899,140.445,140.846,5698,6,0
2024.09.16 00:00:00,140.846,141.246,139.577,140.798,112561,6,1
2024.09.17 00:00:00,140.798,142.456,140.319,142.007,122099,6,2
2024.09.18 00:00:00,142.007,142.758,140.435,142.699,157529,6,3
2024.09.19 00:00:00,142.701,143.943,142.039,142.863,170739,6,4
2024.09.20 00:00:00,142.861,144.495,141.733,143.920,170410,6,5
2024.09.22 00:00:00,143.854,144.090,143.683,144.080,6598,6,0
2024.09.23 00:00:00,144.081,144.458,143.162,143.634,120952,6,1
2024.09.24 00:00:00,143.632,144.677,142.877,142.947,119685,6,2
2024.09.25 00:00:00,142.950,144.839,142.907,144.710,102959,6,3
2024.09.26 00:00:00,144.708,145.212,144.106,145.082,118512,6,4
2024.09.27 00:00:00,145.081,146.498,142.064,142.207,212646,6,5
2024.09.29 00:00:00,142.230,142.949,142.105,142.787,7501,6,0
2024.09.30 00:00:00,142.791,143.916,141.642,143.713,136390,6,1
2024.10.01 00:00:00,143.711,144.529,142.965,143.723,170236,6,2
2024.10.02 00:00:00,143.722,146.798,143.528,146.571,126793,6,3
2024.10.03 00:00:00,146.569,147.242,146.298,146.841,124055,6,4
2024.10.04 00:00:00,146.839,149.005,145.914,148.690,117058,6,5
2024.10.06 00:00:00,148.678,149.114,148.601,148.797,7525,6,0
2024.10.07 00:00:00,148.794,148.794,147.569,148.128,111388,6,1
2024.10.08 00:00:00,148.131,148.381,147.340,148.142,102379,6,2
2024.10.09 00:00:00,148.142,149.363,148.007,149.163,75644,6,3
2024.10.10 00:00:00,149.160,149.601,148.251,148.706,120295,6,4
2024.10.11 00:00:00,148.707,149.284,148.398,149.097,67997,6,5
2024.10.13 00:00:00,149.021,149.394,148.982,149.304,3927,6,0
2024.10.14 00:00:00,149.304,149.980,149.142,149.714,49447,6,1
2024.10.15 00:00:00,149.714,149.757,148.847,149.083,78419,6,2
2024.10.16 00:00:00,149.086,149.804,148.857,149.563,68949,6,3
2024.10.17 00:00:00,149.561,150.322,149.235,150.102,74074,6,4
2024.10.18 00:00:00,150.104,150.154,149.363,149.532,64036,6,5
2024.10.20 00:00:00,149.466,149.635,149.369,149.602,3309,6,0
2024.10.21 00:00:00,149.601,150.880,149.082,150.620,65645,6,1
2024.10.22 00:00:00,150.621,151.192,150.493,151.151,71823,6,2
2024.10.23 00:00:00,151.149,153.185,151.133,152.771,84547,6,3
2024.10.24 00:00:00,152.769,152.793,151.548,151.784,97954,6,4
2024.10.25 00:00:00,151.787,152.378,151.448,152.304,72467,6,5
2024.10.27 00:00:00,153.007,153.195,152.602,152.955,10033,6,0
2024.10.28 00:00:00,152.956,153.881,152.405,153.138,85651,6,1
2024.10.29 00:00:00,153.141,153.864,152.751,153.264,83845,6,2
2024.10.30 00:00:00,153.267,153.496,152.775,153.236,85935,6,3
2024.10.31 00:00:00,153.237,153.617,151.782,151.981,121182,6,4
2024.11.01 00:00:00,151.978,153.086,151.788,152.977,96518,6,5
2024.11.03 00:00:00,152.295,152.500,152.169,152.289,4152,6,0
2024.11.04 00:00:00,152.291,152.291,151.530,152.276,81508,6,1
2024.11.05 00:00:00,152.275,152.542,151.331,151.439,72233,6,2
2024.11.06 00:00:00,151.437,154.698,151.283,154.302,239817,6,3
2024.11.07 00:00:00,154.305,154.712,152.688,153.172,121226,6,4
2024.11.08 00:00:00,153.169,153.366,152.137,152.587,95830,6,5
2024.11.10 00:00:00,152.634,152.941,152.559,152.909,2976,6,0
2024.11.11 00:00:00,152.912,153.950,152.869,153.515,61135,6,1
2024.11.12 00:00:00,153.524,154.923,153.402,154.657,74143,6,2
2024.11.13 00:00:00,154.660,155.622,154.339,155.416,89574,6,3
2024.11.14 00:00:00,155.417,156.514,155.404,156.477,84208,6,4
2024.11.15 00:00:00,156.478,156.748,153.860,154.356,112270,6,5
2024.11.17 00:00:00,154.324,154.742,154.190,154.636,3657,6,0
2024.11.18 00:00:00,154.638,155.356,153.837,154.612,119422,6,1
2024.11.19 00:00:00,154.612,154.797,153.278,154.719,139307,6,2
2024.11.20 00:00:00,154.724,155.887,154.585,155.275,81781,6,3
2024.11.21 00:00:00,155.273,155.302,153.904,154.151,129272,6,4
2024.11.22 00:00:00,154.157,155.024,153.964,154.747,105742,6,5
2024.11.24 00:00:00,154.190,154.363,154.051,154.148,4224,6,0
2024.11.25 00:00:00,154.148,154.722,153.547,154.376,110218,6,1
2024.11.26 00:00:00,154.384,154.415,152.925,152.925,113823,6,2
2024.11.27 00:00:00,152.929,153.031,150.450,151.341,124231,6,3
2024.11.28 00:00:00,151.341,151.950,150.977,151.182,60688,6,4
2024.11.29 00:00:00,151.183,151.205,149.462,149.669,119716,6,5
2024.12.01 00:00:00,149.590,150.065,149.413,149.860,4233,6,0
2024.12.02 00:00:00,149.865,150.750,149.078,149.509,117997,6,1
2024.12.03 00:00:00,149.513,150.235,148.640,149.612,107275,6,2
2024.12.04 00:00:00,149.609,151.230,149.518,150.546,115951,6,3
2024.12.05 00:00:00,150.547,150.696,149.651,150.118,98331,6,4
2024.12.06 00:00:00,150.119,150.698,149.357,150.043,99900,6,5
2024.12.09 00:00:00,149.944,151.427,149.834,151.388,60791,6,1
2024.12.10 00:00:00,151.390,152.181,150.896,151.835,77583,6,2
2024.12.11 00:00:00,151.841,152.861,151.000,152.259,108937,6,3
2024.12.12 00:00:00,152.259,152.773,151.797,152.588,96762,6,4
2024.12.13 00:00:00,152.589,153.800,152.551,153.635,65025,6,5
2024.12.15 00:00:00,153.633,153.683,153.391,153.453,2743,6,0
2024.12.16 00:00:00,153.453,154.477,153.324,154.091,60550,6,1
2024.12.17 00:00:00,154.098,154.342,153.157,153.564,74706,6,2
2024.12.18 00:00:00,153.569,154.817,153.333,154.662,81948,6,3
2024.12.19 00:00:00,154.662,157.808,154.462,157.645,138356,6,4
2024.12.20 00:00:00,157.649,157.925,155.950,156.428,103468,6,5
2024.12.22 00:00:00,156.358,156.562,156.286,156.560,2420,6,0
2024.12.23 00:00:00,156.567,157.266,156.335,157.179,60660,6,1
2024.12.24 00:00:00,157.183,157.390,156.887,157.143,37870,6,2
2024.12.25 00:00:00,157.044,157.264,156.990,157.119,2043,6,3
2024.12.26 00:00:00,157.125,158.081,157.072,157.765,42265,6,4
2024.12.27 00:00:00,157.768,157.952,157.349,157.877,52835,6,5
2024.12.29 00:00:00,157.708,157.892,157.640,157.889,1704,6,0
2024.12.30 00:00:00,157.900,158.073,156.669,157.007,58332,6,1
2024.12.31 00:00:00,157.008,157.547,156.020,157.210,69149,6,2
2025.01.01 00:00:00,157.057,157.771,157.028,157.689,2357,6,3
2025.01.02 00:00:00,157.699,157.851,156.436,157.354,82201,6,4
2025.01.03 00:00:00,157.357,157.492,156.869,157.304,49409,6,5
2025.01.05 00:00:00,157.171,157.526,157.124,157.501,2075,6,0
2025.01.06 00:00:00,157.506,157.961,156.239,157.736,90012,6,1
2025.01.07 00:00:00,157.737,158.426,157.363,158.215,87064,6,2
2025.01.08 00:00:00,158.228,158.553,157.903,158.190,66595,6,3
2025.01.09 00:00:00,158.193,158.324,157.572,158.036,51962,6,4
2025.01.10 00:00:00,158.042,158.877,157.221,157.725,97862,6,5
2025.01.12 00:00:00,157.720,157.915,157.649,157.905,2344,6,0
2025.01.13 00:00:00,157.908,157.966,156.910,157.306,78464,6,1
2025.01.14 00:00:00,157.307,158.196,157.058,158.042,92610,6,2
2025.01.15 00:00:00,158.045,158.083,155.933,156.220,91804,6,3
2025.01.16 00:00:00,156.220,156.526,155.021,155.363,108048,6,4
2025.01.17 00:00:00,155.364,156.373,154.973,156.289,73156,6,5
2025.01.19 00:00:00,156.221,156.570,156.197,156.303,2630,6,0
2025.01.20 00:00:00,156.308,156.469,155.164,155.270,91176,6,1
2025.01.21 00:00:00,155.272,156.236,154.772,155.743,109429,6,2
2025.01.22 00:00:00,155.745,156.706,155.351,156.420,70858,6,3
2025.01.23 00:00:00,156.433,156.751,155.739,156.138,70426,6,4
2025.01.24 00:00:00,156.135,156.575,154.838,155.987,128583,6,5
2025.01.26 00:00:00,155.667,155.813,155.570,155.715,3092,6,0
2025.01.27 00:00:00,155.719,156.247,153.711,154.914,140258,6,1
2025.01.28 00:00:00,154.916,155.979,154.797,155.560,95507,6,2
2025.01.29 00:00:00,155.563,155.790,154.937,155.179,91305,6,3
2025.01.30 00:00:00,155.178,155.201,153.788,154.089,106426,6,4
2025.01.31 00:00:00,154.091,155.220,153.912,155.202,106743,6,5
2025.02.02 00:00:00,154.756,155.426,154.731,155.343,6490,6,0
2025.02.03 00:00:00,155.347,155.885,154.003,155.261,143540,6,1
2025.02.04 00:00:00,155.265,155.520,154.019,154.130,89662,6,2
2025.02.05 00:00:00,154.130,154.357,152.109,152.647,110815,6,3
2025.02.06 00:00:00,152.649,152.894,151.147,151.165,97631,6,4
2025.02.07 00:00:00,151.169,152.423,150.928,151.405,120836,6,5
2025.02.09 00:00:00,151.206,151.878,151.130,151.867,4064,6,0
2025.02.10 00:00:00,151.874,152.536,151.566,151.784,72757,6,1
2025.02.11 00:00:00,151.789,152.758,151.647,152.758,66019,6,2
2025.02.12 00:00:00,152.767,154.802,152.725,154.233,91069,6,3
2025.02.13 00:00:00,154.233,154.667,152.694,152.986,93770,6,4
2025.02.14 00:00:00,152.988,153.100,152.019,152.299,80988,6,5
2025.02.16 00:00:00,152.185,152.383,151.961,152.007,2426,6,0
2025.02.17 00:00:00,152.006,152.115,151.227,151.436,58892,6,1
2025.02.18 00:00:00,151.436,152.220,151.415,151.921,63855,6,2
2025.02.19 00:00:00,151.921,152.310,151.119,151.223,72556,6,3
2025.02.20 00:00:00,151.222,151.235,149.282,149.478,94102,6,4
2025.02.21 00:00:00,149.480,150.736,148.920,149.284,95984,6,5
2025.02.23 00:00:00,149.162,149.397,149.087,149.397,3196,6,0
2025.02.24 00:00:00,149.403,149.908,148.843,149.908,95158,6,1
2025.02.25 00:00:00,149.911,150.298,148.558,149.049,107838,6,2
2025.02.26 00:00:00,149.049,149.887,148.615,148.872,104702,6,3
2025.02.27 00:00:00,148.879,150.163,148.782,150.083,116715,6,4
2025.02.28 00:00:00,150.088,150.984,149.097,150.619,130551,6,5
2025.03.02 00:00:00,150.673,151.013,150.590,150.804,3549,6,0
2025.03.03 00:00:00,150.808,151.302,149.095,149.301,137558,6,1
2025.03.04 00:00:00,149.305,149.964,148.091,149.823,193311,6,2
2025.03.05 00:00:00,149.826,150.182,148.393,148.884,170584,6,3
2025.03.06 00:00:00,148.882,149.334,147.309,148.142,170962,6,4
2025.03.07 00:00:00,148.148,148.202,146.936,148.043,178068,6,5
2025.03.09 00:00:00,147.902,147.936,147.384,147.590,9057,6,0
2025.03.10 00:00:00,147.586,147.791,146.627,147.078,143670,6,1
2025.03.11 00:00:00,147.079,148.118,146.539,148.047,178084,6,2
2025.03.12 00:00:00,148.045,149.194,147.844,148.291,121208,6,3
2025.03.13 00:00:00,148.293,148.370,147.411,147.937,112158,6,4
2025.03.14 00:00:00,147.939,149.021,147.848,148.633,90589,6,5
2025.03.16 00:00:00,148.738,148.801,148.460,148.603,5600,6,0
2025.03.17 00:00:00,148.606,149.397,148.246,149.397,97873,6,1
2025.03.18 00:00:00,149.394,149.933,149.095,149.441,80233,6,2
2025.03.19 00:00:00,149.439,150.146,148.452,148.456,97506,6,3
2025.03.20 00:00:00,148.460,148.960,148.171,148.620,82043,6,4
2025.03.21 00:00:00,148.622,149.663,148.589,149.301,77570,6,5
2025.03.23 00:00:00,149.333,149.690,149.315,149.662,5031,6,0
2025.03.24 00:00:00,149.662,150.860,149.452,150.776,70365,6,1
2025.03.25 00:00:00,150.779,150.941,149.544,149.939,65556,6,2
2025.03.26 00:00:00,149.941,150.744,149.837,150.471,75833,6,3
2025.03.27 00:00:00,150.468,151.155,150.057,150.847,78394,6,4
2025.03.28 00:00:00,150.850,151.210,149.677,149.824,82517,6,5
2025.03.30 00:00:00,149.786,149.829,149.299,149.617,8121,6,0
2025.03.31 00:00:00,149.614,150.265,148.697,149.945,116859,6,1
2025.04.01 00:00:00,149.942,149.988,148.972,149.748,105120,6,2
2025.04.02 00:00:00,149.746,150.401,147.684,147.880,111289,6,3
2025.04.03 00:00:00,147.878,148.334,145.186,146.253,252343,6,4
2025.04.04 00:00:00,146.251,147.431,144.547,146.941,360865,6,5
2025.04.06 00:00:00,145.469,145.658,144.815,145.436,28125,6,0
2025.04.07 00:00:00,145.433,148.149,145.070,147.790,419348,6,1
2025.04.08 00:00:00,147.788,147.968,145.596,145.848,262606,6,2
2025.04.09 00:00:00,145.846,148.282,143.989,147.401,413733,6,3
2025.04.10 00:00:00,147.399,147.462,143.711,143.748,262973,6,4
2025.04.11 00:00:00,143.751,144.198,142.048,143.496,321426,6,5
2025.04.13 00:00:00,143.794,144.045,143.502,143.692,13317,6,0
2025.04.14 00:00:00,143.694,144.080,142.228,143.212,184161,6,1
2025.04.15 00:00:00,143.214,143.591,142.592,143.159,128484,6,2
2025.04.16 00:00:00,143.158,143.171,141.521,141.929,146487,6,3
2025.04.17 00:00:00,141.925,143.087,141.846,142.349,133712,6,4
2025.04.18 00:00:00,142.357,142.424,142.020,142.115,40227,47,5
2025.04.20 00:00:00,142.013,142.120,141.493,141.591,10721,6,0
2025.04.21 00:00:00,141.589,141.589,140.467,140.874,105481,6,1
2025.04.22 00:00:00,140.870,143.172,139.881,142.699,139657,6,2
2025.04.23 00:00:00,142.702,143.559,141.528,143.193,167500,6,3
2025.04.24 00:00:00,143.191,143.338,142.274,142.850,100750,6,4
2025.04.25 00:00:00,142.851,144.030,142.819,143.655,105167,6,5
2025.04.27 00:00:00,143.538,143.875,143.409,143.849,5782,6,0
2025.04.28 00:00:00,143.851,143.895,141.953,142.183,91814,6,1
2025.04.29 00:00:00,142.182,142.758,141.961,142.254,88895,6,2
2025.04.30 00:00:00,142.253,143.183,142.168,143.020,96317,6,3
2025.05.01 00:00:00,143.017,145.735,142.876,145.406,106255,6,4
2025.05.02 00:00:00,145.408,145.925,143.728,144.957,120785,6,5
2025.05.04 00:00:00,144.672,144.991,144.508,144.649,5746,6,0
2025.05.05 00:00:00,144.647,144.796,143.536,143.701,91131,6,1
2025.05.06 00:00:00,143.700,144.275,142.346,143.085,101161,6,2
2025.05.07 00:00:00,143.089,143.989,142.744,143.862,111633,6,3
2025.05.08 00:00:00,143.859,146.174,143.444,145.949,121099,6,4
2025.05.09 00:00:00,145.947,146.188,144.821,145.368,83327,6,5
2025.05.11 00:00:00,145.984,146.196,145.699,145.837,8395,6,0
2025.05.12 00:00:00,145.834,148.650,145.711,148.257,146659,6,1
2025.05.13 00:00:00,148.254,148.275,147.294,147.522,99433,6,2
2025.05.14 00:00:00,147.524,147.667,145.601,146.635,129150,6,3
2025.05.15 00:00:00,146.637,146.751,145.410,145.574,108645,6,4
2025.05.16 00:00:00,145.576,146.099,144.918,145.639,80276,6,5
2025.05.18 00:00:00,145.268,145.451,145.002,145.233,6832,6,0
2025.05.19 00:00:00,145.236,145.344,144.659,144.976,98075,6,1
2025.05.20 00:00:00,144.979,145.514,144.088,144.319,95134,6,2
2025.05.21 00:00:00,144.315,144.375,143.280,143.695,119155,6,3
2025.05.22 00:00:00,143.692,144.328,142.803,143.860,114897,6,4
2025.05.23 00:00:00,143.862,144.015,142.416,142.563,116146,6,5
2025.05.25 00:00:00,142.487,143.071,142.379,142.827,7677,6,0
2025.05.26 00:00:00,142.825,143.033,142.223,142.626,60742,6,1
2025.05.27 00:00:00,142.627,144.458,142.110,144.135,93325,6,2
2025.05.28 00:00:00,144.132,146.024,143.849,145.717,112760,6,3
2025.05.29 00:00:00,145.719,146.287,143.739,143.752,129587,6,4
2025.05.30 00:00:00,143.754,144.443,143.434,144.049,112633,6,5
2025.06.01 00:00:00,143.815,143.983,143.673,143.790,5479,6,0
2025.06.02 00:00:00,143.792,143.797,142.373,142.424,88157,6,1
2025.06.03 00:00:00,142.426,144.109,142.421,143.818,83720,6,2
2025.06.04 00:00:00,143.817,144.392,142.520,142.726,91524,6,3
2025.06.05 00:00:00,142.723,143.976,142.566,143.553,118065,6,4
2025.06.06 00:00:00,143.555,145.086,143.525,144.843,90902,6,5
2025.06.08 00:00:00,144.859,144.861,144.598,144.692,3253,6,0
2025.06.09 00:00:00,144.691,144.947,143.970,144.560,65487,6,1
2025.06.10 00:00:00,144.562,145.290,144.399,144.842,79331,6,2
2025.06.11 00:00:00,144.839,145.458,144.114,144.180,85293,6,3
2025.06.12 00:00:00,144.178,144.343,143.072,143.095,101024,6,4
2025.06.13 00:00:00,143.096,144.483,142.787,144.101,110218,6,5
2025.06.15 00:00:00,143.995,144.750,143.812,144.568,8735,6,0
2025.06.16 00:00:00,144.568,144.868,143.643,144.683,83761,6,1
2025.06.17 00:00:00,144.680,145.434,144.385,145.385,89814,6,2
2025.06.18 00:00:00,145.387,145.442,144.327,144.953,92789,6,3
2025.06.19 00:00:00,144.956,145.759,144.729,145.222,57797,6,4
2025.06.20 00:00:00,145.223,145.476,145.112,145.319,24984,13,5
2025.06.22 00:00:00,146.654,146.696,146.208,146.215,7040,0,0
2025.06.23 00:00:00,146.213,148.035,145.699,145.923,104683,0,1
2025.06.24 00:00:00,145.923,145.940,144.515,144.934,91114,0,2
2025.06.25 00:00:00,144.931,145.951,144.608,144.917,70469,0,3
2025.06.26 00:00:00,144.914,144.967,143.752,144.673,90977,0,4
2025.06.27 00:00:00,144.671,144.948,144.177,144.652,80359,0,5
2025.06.29 00:00:00,144.375,144.666,144.330,144.508,5289,0,0
2025.06.30 00:00:00,144.507,144.765,143.774,143.810,80347,0,1
2025.07.01 00:00:00,143.811,143.937,142.682,143.375,89197,0,2
2025.07.02 00:00:00,143.373,144.247,143.318,143.522,80659,0,3
2025.07.03 00:00:00,143.520,145.234,143.445,144.708,77521,0,4
2025.07.04 00:00:00,144.709,144.793,144.184,144.504,45615,0,5
2025.07.06 00:00:00,144.391,144.632,144.366,144.490,3960,0,0
2025.07.07 00:00:00,144.493,146.243,144.225,145.883,72834,0,1
2025.07.08 00:00:00,145.880,146.978,145.832,146.871,74916,0,2
2025.07.09 00:00:00,146.869,147.184,146.069,146.109,63784,0,3
2025.07.10 00:00:00,146.106,146.789,145.755,146.279,67629,0,4
2025.07.11 00:00:00,146.281,147.524,146.247,147.425,66968,0,5
2025.07.13 00:00:00,147.132,147.576,147.088,147.297,6577,0,0
2025.07.14 00:00:00,147.299,147.890,146.848,147.785,68284,0,1
2025.07.15 00:00:00,147.785,149.028,147.551,148.779,67097,0,2
2025.07.16 00:00:00,148.779,149.189,146.912,147.993,127419,0,3
2025.07.17 00:00:00,147.997,149.090,147.986,148.445,73767,0,4
2025.07.18 00:00:00,148.443,148.885,148.187,148.829,60374,0,5
2025.07.20 00:00:00,147.846,148.663,147.840,148.457,6167,0,0
2025.07.21 00:00:00,148.454,148.563,147.086,147.402,65065,0,1
2025.07.22 00:00:00,147.400,147.948,146.248,146.763,76586,0,2
2025.07.23 00:00:00,146.765,147.217,146.108,146.347,100557,0,3
2025.07.24 00:00:00,146.347,147.234,145.857,147.007,80338,0,4
2025.07.25 00:00:00,147.007,147.941,146.813,147.661,75197,0,5
2025.07.27 00:00:00,147.674,147.880,147.627,147.788,4435,0,0
2025.07.28 00:00:00,147.786,148.637,147.518,148.459,73913,0,1
2025.07.29 00:00:00,148.462,148.807,148.157,148.427,72986,0,2
2025.07.30 00:00:00,148.427,149.499,147.802,149.228,92256,0,3
2025.07.31 00:00:00,149.229,150.882,148.590,150.811,92293,0,4
2025.08.01 00:00:00,150.809,150.921,147.296,147.400,132394,0,5
2025.08.03 00:00:00,147.191,147.385,147.058,147.347,6127,0,0
2025.08.04 00:00:00,147.344,148.089,146.694,146.795,87985,0,1
2025.08.05 00:00:00,146.795,147.837,146.622,147.526,77686,0,2
2025.08.06 00:00:00,147.526,147.887,146.978,147.201,67689,0,3
2025.08.07 00:00:00,147.197,147.713,146.689,146.803,87217,0,4
2025.08.08 00:00:00,146.801,147.908,146.721,147.731,65465,0,5
2025.08.10 00:00:00,147.456,147.790,147.455,147.659,4188,0,0
2025.08.11 00:00:00,147.657,148.251,147.350,148.152,50396,0,1
2025.08.12 00:00:00,148.154,148.522,147.580,147.775,83676,0,2
2025.08.13 00:00:00,147.775,148.171,147.089,147.125,60688,0,3
2025.08.14 00:00:00,147.122,147.965,146.217,147.684,86983,0,4
2025.08.15 00:00:00,147.687,147.729,146.739,147.163,62992,0,5
2025.08.17 00:00:00,147.186,147.387,147.080,147.235,3745,0,0
2025.08.18 00:00:00,147.234,147.987,147.121,147.922,55806,0,1
2025.08.19 00:00:00,147.921,148.115,147.445,147.740,58666,0,2
2025.08.20 00:00:00,147.742,147.821,146.872,147.306,62655,0,3
2025.08.21 00:00:00,147.309,148.456,147.258,148.386,62352,0,4
2025.08.22 00:00:00,148.389,148.778,146.575,146.932,74392,0,5
2025.08.24 00:00:00,146.764,147.304,146.747,147.268,5618,0,0
2025.08.25 00:00:00,147.265,147.940,147.099,147.816,55306,0,1
2025.08.26 00:00:00,147.817,147.909,146.991,147.474,82550,0,2
2025.08.27 00:00:00,147.474,148.184,147.194,147.339,59902,0,3
2025.08.28 00:00:00,147.338,147.490,146.658,146.832,67347,0,4
2025.08.29 00:00:00,146.832,147.410,146.765,147.043,56183,0,5
2025.08.31 00:00:00,146.973,147.190,146.960,147.122,3942,0,0
2025.09.01 00:00:00,147.124,147.380,146.787,147.096,47393,0,1
2025.09.02 00:00:00,147.095,148.945,147.089,148.587,90290,0,2
2025.09.03 00:00:00,148.584,149.139,147.880,147.979,73581,0,3
2025.09.04 00:00:00,147.977,148.780,147.790,148.425,72193,0,4
2025.09.05 00:00:00,148.423,148.440,146.819,147.404,81791,0,5
2025.09.07 00:00:00,147.976,148.468,147.870,148.319,9066,0,0
2025.09.08 00:00:00,148.318,148.582,147.215,147.375,66177,0,1
2025.09.09 00:00:00,147.376,147.467,146.310,147.395,81666,0,2
2025.09.10 00:00:00,147.395,147.649,147.110,147.352,59434,0,3
2025.09.11 00:00:00,147.353,148.195,146.987,147.231,67194,0,4
2025.09.12 00:00:00,147.228,148.076,147.168,147.661,50076,0,5
2025.09.14 00:00:00,147.591,147.764,147.546,147.677,3122,0,0
2025.09.15 00:00:00,147.679,147.692,147.225,147.404,44826,0,1
2025.09.16 00:00:00,147.406,147.540,146.278,146.413,70985,0,2
2025.09.17 00:00:00,146.411,147.046,145.483,146.886,95821,0,3
2025.09.18 00:00:00,146.886,148.269,146.846,147.964,81191,0,4
2025.09.19 00:00:00,147.964,148.287,147.197,147.965,82338,0,5
2025.09.21 00:00:00,147.896,148.113,147.868,148.102,2915,0,0
2025.09.22 00:00:00,148.106,148.379,147.658,147.734,56164,0,1
2025.09.23 00:00:00,147.734,147.930,147.461,147.603,59414,0,2
2025.09.24 00:00:00,147.601,148.906,147.518,148.784,53107,0,3
2025.09.25 00:00:00,148.785,149.956,148.561,149.875,66204,0,4
2025.09.26 00:00:00,149.877,149.954,149.407,149.513,54951,0,5
2025.09.28 00:00:00,149.514,149.523,149.341,149.417,3212,0,0
2025.09.29 00:00:00,149.415,149.424,148.470,148.621,56059,0,1
2025.09.30 00:00:00,148.621,148.846,147.651,148.026,68449,0,2
2025.10.01 00:00:00,148.025,148.226,146.590,147.110,88683,0,3
2025.10.02 00:00:00,147.112,147.516,146.600,147.157,66188,0,4
2025.10.03 00:00:00,147.156,147.819,147.081,147.488,60909,0,5
2025.10.05 00:00:00,149.177,149.661,149.039,149.585,11170,0,0
2025.10.06 00:00:00,149.582,150.480,149.452,150.363,95082,0,1
2025.10.07 00:00:00,150.361,152.096,150.249,152.058,66276,0,2
2025.10.08 00:00:00,152.060,153.000,152.057,152.713,79766,0,3
2025.10.09 00:00:00,152.715,153.278,152.108,153.030,98903,0,4
2025.10.10 00:00:00,153.027,153.164,151.164,151.179,99422,0,5
2025.10.12 00:00:00,151.766,152.267,151.737,152.071,11638,0,0
2025.10.13 00:00:00,152.073,152.465,151.721,152.460,66553,0,1
2025.10.14 00:00:00,152.462,152.616,151.606,151.705,93772,0,2
2025.10.15 00:00:00,151.708,151.836,150.753,150.990,77873,0,3
2025.10.16 00:00:00,150.992,151.401,150.051,150.152,97653,0,4
2025.10.17 00:00:00,150.150,150.634,149.375,150.630,108862,0,5
2025.10.19 00:00:00,150.444,150.969,150.335,150.919,6773,0,0
2025.10.20 00:00:00,150.919,151.204,150.275,150.824,68605,0,1
2025.10.21 00:00:00,150.826,152.177,150.470,151.881,94906,0,2
2025.10.22 00:00:00,151.878,152.046,151.490,151.988,73535,0,3
2025.10.23 00:00:00,151.988,152.800,151.972,152.611,54222,0,4
2025.10.24 00:00:00,152.614,153.065,152.264,152.882,58089,0,5
2025.10.26 00:00:00,152.812,153.179,152.796,153.073,5490,0,0
2025.10.27 00:00:00,153.075,153.260,152.567,152.697,56107,0,1
2025.10.28 00:00:00,152.698,152.737,151.724,151.739,71769,0,2
2025.10.29 00:00:00,151.742,153.061,151.536,152.727,93484,0,3
2025.10.30 00:00:00,152.729,154.448,152.163,153.910,99398,0,4
2025.10.31 00:00:00,153.908,154.419,153.654,154.013,63074,0,5
2025.11.02 00:00:00,154.087,154.255,154.023,154.198,3519,0,0
2025.11.03 00:00:00,154.201,154.301,153.917,154.213,41428,0,1
2025.11.04 00:00:00,154.213,154.485,153.316,153.551,64272,0,2
2025.11.05 00:00:00,153.549,154.359,152.960,154.090,67272,0,3
2025.11.06 00:00:00,154.090,154.144,152.817,152.954,57071,0,4
2025.11.07 00:00:00,152.954,153.598,152.862,153.423,68244,0,5
2025.11.09 00:00:00,153.674,153.867,153.542,153.828,3202,0,0
2025.11.10 00:00:00,153.827,154.252,153.405,154.152,57659,0,1
2025.11.11 00:00:00,154.149,154.500,153.667,154.083,50954,0,2
2025.11.12 00:00:00,154.080,155.049,154.050,154.710,57919,0,3
2025.11.13 00:00:00,154.707,155.019,154.129,154.633,67302,0,4
2025.11.14 00:00:00,154.632,154.766,153.617,154.536,79076,0,5
2025.11.16 00:00:00,154.549,154.633,154.450,154.598,2055,0,0
2025.11.17 00:00:00,154.594,155.311,154.417,155.280,51264,0,1
2025.11.18 00:00:00,155.283,155.736,154.814,155.534,79627,0,2
2025.11.19 00:00:00,155.533,157.176,155.214,156.997,75015,0,3
2025.11.20 00:00:00,156.996,157.898,156.881,157.387,103925,0,4
2025.11.21 00:00:00,157.391,157.546,156.204,156.406,103389,0,5
2025.11.23 00:00:00,156.385,156.706,156.356,156.689,2500,0,0
2025.11.24 00:00:00,156.688,157.188,156.500,156.910,53554,0,1
2025.11.25 00:00:00,156.907,156.985,155.804,156.198,71613,0,2
2025.11.26 00:00:00,156.201,156.737,155.653,156.224,73801,0,3
2025.11.27 00:00:00,156.223,156.408,155.723,156.290,42113,0,4
2025.11.28 00:00:00,156.291,156.583,155.972,156.136,107976,0,5
2025.11.30 00:00:00,156.075,156.152,155.898,155.911,2362,0,0
2025.12.01 00:00:00,155.911,155.993,154.665,155.562,66568,0,1
2025.12.02 00:00:00,155.563,156.182,155.462,155.766,47105,0,2
2025.12.03 00:00:00,155.767,155.813,155.012,155.117,49439,0,3
2025.12.04 00:00:00,155.115,155.543,154.509,155.137,58441,0,4
2025.12.05 00:00:00,155.136,155.496,154.344,155.365,52249,0,5
2025.12.07 00:00:00,155.162,155.380,155.133,155.313,1985,0,0
2025.12.08 00:00:00,155.312,155.985,154.902,155.847,48784,0,1
2025.12.09 00:00:00,155.847,156.956,155.743,156.803,53649,0,2
2025.12.10 00:00:00,156.804,156.939,155.631,155.754,66004,0,3
2025.12.11 00:00:00,155.752,156.164,154.947,155.504,67285,0,4
2025.12.12 00:00:00,155.502,156.132,155.458,155.821,52903,0,5
2025.12.14 00:00:00,155.920,155.920,155.755,155.867,1728,0,0
2025.12.15 00:00:00,155.868,155.988,154.835,155.037,57869,0,1
2025.12.16 00:00:00,155.038,155.123,154.397,154.773,78410,0,2
2025.12.17 00:00:00,154.773,155.752,154.512,155.492,60406,0,3
2025.12.18 00:00:00,155.494,155.978,155.282,155.577,60768,0,4
2025.12.19 00:00:00,155.580,157.777,155.562,157.718,85872,0,5
2025.12.21 00:00:00,157.373,157.705,157.373,157.632,3060,0,0
2025.12.22 00:00:00,157.630,157.662,156.702,156.919,62351,0,1
2025.12.23 00:00:00,156.921,156.928,155.652,156.175,67637,0,2
2025.12.24 00:00:00,156.175,156.285,155.554,155.726,59008,0,3
2025.12.25 00:00:00,155.913,156.130,155.754,156.105,2589,0,4
2025.12.26 00:00:00,156.109,156.735,155.990,156.577,54415,0,5
2025.12.28 00:00:00,156.444,156.573,156.400,156.487,2558,0,0
2025.12.29 00:00:00,156.487,156.513,155.919,155.985,60406,0,1
2025.12.30 00:00:00,155.988,156.568,155.743,156.401,52191,0,2
2025.12.31 00:00:00,156.401,156.996,156.331,156.606,40528,0,3
2026.01.01 00:00:00,156.682,156.885,156.635,156.724,1612,0,4
2026.01.02 00:00:00,156.724,157.005,156.520,156.842,40950,0,5
2026.01.04 00:00:00,156.692,157.010,156.664,156.997,2493,0,0
2026.01.05 00:00:00,156.999,157.302,156.118,156.615,67176,0,1
2026.01.06 00:00:00,156.614,156.799,156.164,156.671,59209,0,2
2026.01.07 00:00:00,156.669,156.811,156.295,156.701,51599,0,3
2026.01.08 00:00:00,156.700,157.074,156.459,156.867,46128,0,4
2026.01.09 00:00:00,156.867,158.190,156.867,157.936,65563,0,5
2026.01.11 00:00:00,158.068,158.181,157.992,158.140,1846,0,0
2026.01.12 00:00:00,158.138,158.208,157.517,157.979,55503,0,1
2026.01.13 00:00:00,157.981,159.205,157.963,159.199,63964,0,2
2026.01.14 00:00:00,159.203,159.454,158.095,158.422,76632,0,3
2026.01.15 00:00:00,158.422,158.879,158.228,158.591,60522,0,4
2026.01.16 00:00:00,158.595,158.708,157.822,158.083,65849,0,5
2026.01.18 00:00:00,157.902,157.955,157.503,157.556,4379,0,0
2026.01.19 00:00:00,157.554,158.227,157.425,158.163,55110,0,1
2026.01.20 00:00:00,158.164,158.603,157.466,158.153,94816,0,2
2026.01.21 00:00:00,158.156,158.533,157.748,158.459,71596,0,3
2026.01.22 00:00:00,158.459,158.894,158.179,158.488,60180,0,4
2026.01.23 00:00:00,158.486,159.229,155.627,155.739,137424,0,5
2026.01.25 00:00:00,154.756,155.255,154.168,155.151,5697,0,0
2026.01.26 00:00:00,155.148,155.349,153.306,154.390,141100,0,1
2026.01.27 00:00:00,154.387,154.881,152.091,152.497,142885,0,2
2026.01.28 00:00:00,152.498,154.048,152.284,153.097,135613,0,3
2026.01.29 00:00:00,153.082,153.538,152.681,153.142,110142,0,4
2026.01.30 00:00:00,153.144,154.792,153.082,154.775,127180,0,5
2026.02.01 00:00:00,154.833,155.514,154.813,155.223,5036,0,0
2026.02.02 00:00:00,155.224,155.787,154.551,155.469,111322,0,1
2026.02.03 00:00:00,155.474,156.086,155.291,155.805,72752,0,2
2026.02.04 00:00:00,155.806,156.948,155.806,156.910,68062,0,3
2026.02.05 00:00:00,156.910,157.338,156.526,156.803,80930,0,4
2026.02.06 00:00:00,156.807,157.262,156.510,157.244,62001,0,5
2026.02.08 00:00:00,157.275,157.658,156.987,157.250,4611,0,0
2026.02.09 00:00:00,157.252,157.295,155.522,156.132,101982,0,1
2026.02.10 00:00:00,156.131,156.294,154.054,154.502,84830,0,2
2026.02.11 00:00:00,154.502,154.655,152.554,153.270,127201,0,3
2026.02.12 00:00:00,153.273,153.759,152.269,152.795,118392,0,4
2026.02.13 00:00:00,152.793,153.668,152.596,152.691,90368,0,5
2026.02.15 00:00:00,152.637,152.856,152.611,152.802,2098,0,0
2026.02.16 00:00:00,152.801,153.734,152.767,153.561,42102,0,1
2026.02.17 00:00:00,153.559,153.925,152.700,153.135,78700,0,2
2026.02.18 00:00:00,153.131,154.873,153.069,154.688,65860,0,3
2026.02.19 00:00:00,154.686,155.344,154.541,155.198,70681,0,4
2026.02.20 00:00:00,155.199,155.647,154.715,155.076,84517,0,5
2026.02.22 00:00:00,154.857,154.948,154.314,154.348,3151,0,0
2026.02.23 00:00:00,154.348,155.046,153.994,154.665,67183,0,1
2026.02.24 00:00:00,154.663,156.284,154.625,155.911,77421,0,2
2026.02.25 00:00:00,155.912,156.828,155.348,156.172,75336,0,3
2026.02.26 00:00:00,156.171,156.433,155.697,155.860,66611,0,4
2026.02.27 00:00:00,155.858,156.235,155.538,156.068,65632,0,5
2026.03.01 00:00:00,156.062,156.660,156.042,156.636,4524,0,0
2026.03.02 00:00:00,156.637,157.754,156.158,157.269,99646,0,1
2026.03.03 00:00:00,157.274,157.969,157.150,157.766,100888,0,2
2026.03.04 00:00:00,157.768,157.866,156.854,156.983,84993,0,3
2026.03.05 00:00:00,156.981,157.851,156.454,157.570,90113,0,4
2026.03.06 00:00:00,157.568,158.093,157.382,157.808,86435,0,5
2026.03.08 00:00:00,158.065,158.465,158.055,158.406,8504,0,0
2026.03.09 00:00:00,158.403,158.905,157.627,157.879,110008,0,1
2026.03.10 00:00:00,157.882,158.190,157.274,158.107,87186,0,2
2026.03.11 00:00:00,158.111,159.133,157.863,159.088,67109,0,3
2026.03.12 00:00:00,159.089,159.432,158.570,159.245,65392,0,4
2026.03.13 00:00:00,159.241,159.749,159.005,159.735,66731,0,5
2026.03.15 00:00:00,159.571,159.748,159.479,159.563,5002,0,0
2026.03.16 00:00:00,159.563,159.644,158.852,159.136,59112,0,1
2026.03.17 00:00:00,159.137,159.500,158.723,158.915,51357,0,2
2026.03.18 00:00:00,158.913,159.898,158.571,159.816,63030,0,3
2026.03.19 00:00:00,159.816,159.852,157.510,157.933,100755,0,4
2026.03.20 00:00:00,157.935,159.390,157.746,159.232,63806,0,5
2026.03.22 00:00:00,159.299,159.473,159.094,159.147,5617,0,0
2026.03.23 00:00:00,159.150,159.660,158.019,158.486,144166,0,1
2026.03.24 00:00:00,158.484,159.193,158.384,158.709,84478,0,2
2026.03.25 00:00:00,158.707,159.503,158.573,159.389,66033,0,3
2026.03.26 00:00:00,159.392,159.847,159.285,159.723,50601,0,4
2026.03.27 00:00:00,159.726,160.415,159.457,160.283,53319,0,5
2026.03.29 00:00:00,160.200,160.462,160.048,160.239,4640,0,0
2026.03.30 00:00:00,160.236,160.255,159.326,159.845,56431,0,1
2026.03.31 00:00:00,159.845,159.974,158.565,158.591,74543,0,2
2026.04.01 00:00:00,158.591,159.014,158.270,158.715,73866,0,3
2026.04.02 00:00:00,158.718,159.745,158.584,159.472,66440,0,4
2026.04.03 00:00:00,159.474,159.855,159.410,159.643,17976,0,5
2026.04.05 00:00:00,159.618,159.833,159.415,159.779,4756,0,0
2026.04.06 00:00:00,159.781,159.806,159.305,159.694,43506,0,1
2026.04.07 00:00:00,159.694,160.030,158.602,158.722,64973,0,2
2026.04.08 00:00:00,158.720,158.801,157.887,158.654,78990,0,3
2026.04.09 00:00:00,158.655,159.296,158.620,159.092,51780,0,4
2026.04.10 00:00:00,159.094,159.375,158.910,159.301,40865,0,5
2026.04.12 00:00:00,159.562,159.856,159.509,159.679,4458,0,0
2026.04.13 00:00:00,159.682,159.867,159.206,159.221,46771,0,1
2026.04.14 00:00:00,159.221,159.337,158.603,158.802,48905,0,2
2026.04.15 00:00:00,158.805,159.152,158.646,158.819,49957,0,3
2026.04.16 00:00:00,158.818,159.310,158.264,159.206,50865,0,4
2026.04.17 00:00:00,159.208,159.535,157.589,158.615,70524,0,5
2026.04.19 00:00:00,158.760,159.198,158.754,159.160,4756,0,0
2026.04.20 00:00:00,159.157,159.204,158.551,158.854,58780,0,1
2026.04.21 00:00:00,158.854,159.640,158.794,159.380,53508,0,2
2026.04.22 00:00:00,159.378,159.573,159.107,159.489,46533,0,3
2026.04.23 00:00:00,159.490,159.849,159.297,159.757,60747,0,4
2026.04.24 00:00:00,159.756,159.844,159.306,159.370,49390,0,5
2026.04.26 00:00:00,159.425,159.598,159.425,159.585,2813,0,0
2026.04.27 00:00:00,159.583,159.584,159.095,159.368,41817,0,1
2026.04.28 00:00:00,159.369,159.792,158.962,159.559,55306,0,2
2026.04.29 00:00:00,159.556,160.451,159.519,160.203,49228,0,3
2026.04.30 00:00:00,160.201,160.728,155.555,156.993,181716,0,4
2026.05.01 00:00:00,156.991,157.330,155.491,157.064,100769,0,5
2026.05.03 00:00:00,156.737,156.922,156.620,156.900,3240,0,0
2026.05.04 00:00:00,156.903,157.306,155.698,157.215,95114,0,1
2026.05.05 00:00:00,157.218,157.929,157.081,157.678,53942,0,2
2026.05.06 00:00:00,157.679,157.895,155.030,156.521,137455,0,3
2026.05.07 00:00:00,156.524,156.948,156.021,156.850,63091,0,4
2026.05.08 00:00:00,156.852,156.992,156.434,156.684,43698,0,5
2026.05.10 00:00:00,156.567,156.949,156.505,156.868,2778,0,0
2026.05.11 00:00:00,156.870,157.269,156.833,157.240,35077,0,1
2026.05.12 00:00:00,157.240,157.766,156.725,157.672,52133,0,2
2026.05.13 00:00:00,157.673,157.926,157.564,157.859,34835,0,3
2026.05.14 00:00:00,157.859,158.440,157.303,158.381,50878,0,4
2026.05.15 00:00:00,158.384,158.840,158.293,158.766,43499,0,5
2026.05.17 00:00:00,158.586,158.885,158.502,158.850,2631,0,0
2026.05.18 00:00:00,158.852,159.085,158.615,158.869,49251,0,1
2026.05.19 00:00:00,158.869,159.252,158.650,159.046,50900,0,2
2026.05.20 00:00:00,159.048,159.169,158.589,158.888,50925,0,3
2026.05.21 00:00:00,158.889,159.351,158.811,159.027,48710,0,4
2026.05.22 00:00:00,159.027,159.235,158.993,159.180,30933,0,5
2026.05.24 00:00:00,158.778,158.964,158.760,158.956,3488,0,0
2026.05.25 00:00:00,158.957,159.040,158.759,158.956,20242,0,1
2026.05.26 00:00:00,158.958,159.382,158.912,159.252,25806,0,2
2026.05.27 00:00:00,159.252,159.579,159.178,159.570,29253,0,3
2026.05.28 00:00:00,159.573,159.654,159.111,159.273,36461,0,4
2026.05.29 00:00:00,159.271,159.378,159.097,159.270,30729,0,5
2026.05.31 00:00:00,159.350,159.428,159.298,159.363,2433,0,0
2026.06.01 00:00:00,159.362,159.764,159.362,159.647,31838,0,1
2026.06.02 00:00:00,159.646,159.998,159.636,159.981,23276,0,2
2026.06.03 00:00:00,159.983,160.085,159.372,159.949,39072,0,3
2026.06.04 00:00:00,159.952,160.041,159.595,159.995,30207,0,4
2026.06.05 00:00:00,159.995,160.345,159.723,160.316,37820,0,5
2026.06.07 00:00:00,160.233,160.355,160.204,160.339,2603,0,0
2026.06.08 00:00:00,160.337,160.394,159.845,160.181,39747,0,1
2026.06.09 00:00:00,160.183,160.445,160.053,160.389,31715,0,2
2026.06.10 00:00:00,160.391,160.567,160.241,160.533,31466,0,3
2026.06.11 00:00:00,160.530,160.599,159.544,160.137,38410,0,4
2026.06.12 00:00:00,160.137,160.377,159.954,160.222,38271,0,5
2026.06.14 00:00:00,160.151,160.156,159.732,159.963,3410,0,0
2026.06.15 00:00:00,159.960,160.395,159.884,160.248,28060,0,1
2026.06.16 00:00:00,160.246,160.481,160.048,160.427,31044,0,2
2026.06.17 00:00:00,160.425,160.796,160.115,160.606,35216,0,3
2026.06.18 00:00:00,160.604,161.811,160.473,161.298,50858,0,4
2026.06.19 00:00:00,161.298,161.460,160.987,161.310,37240,0,5
2026.06.21 00:00:00,161.253,161.518,161.245,161.442,2411,0,0
2026.06.22 00:00:00,161.440,161.930,161.074,161.577,54925,0,1
2026.06.23 00:00:00,161.574,161.741,161.271,161.601,39279,0,2
2026.06.24 00:00:00,161.599,161.843,161.529,161.770,31025,0,3
2026.06.25 00:00:00,161.767,161.950,161.557,161.806,35918,0,4
2026.06.26 00:00:00,161.804,161.849,161.533,161.751,30674,0,5
2026.06.28 00:00:00,161.722,161.838,161.713,161.793,1661,0,0
2026.06.29 00:00:00,161.793,161.985,161.719,161.926,24905,0,1
2026.06.30 00:00:00,161.924,162.670,161.923,162.635,47191,0,2
2026.07.01 00:00:00,162.634,162.843,162.296,162.547,37828,0,3
2026.07.02 00:00:00,162.547,162.599,160.629,161.456,85530,0,4
2026.07.03 00:00:00,161.456,161.523,160.482,161.367,42016,0,5
2026.07.05 00:00:00,161.292,161.509,161.272,161.458,2069,0,0
2026.07.06 00:00:00,161.461,162.428,161.457,162.096,40120,0,1
2026.07.07 00:00:00,162.096,162.367,161.655,162.361,43904,0,2
2026.07.08 00:00:00,162.363,162.708,162.079,162.543,44576,0,3
2026.07.09 00:00:00,162.543,162.574,162.251,162.366,31880,0,4
2026.07.10 00:00:00,162.366,162.423,161.281,161.705,64154,0,5
2026.07.12 00:00:00,161.696,162.068,161.669,161.886,3907,0,0
2026.07.13 00:00:00,161.886,162.482,161.837,162.421,53582,0,1
2026.07.14 00:00:00,162.419,162.471,161.615,162.194,53400,0,2
2026.07.15 00:00:00,162.194,162.424,161.895,162.074,42600,0,3
2026.07.16 00:00:00,162.073,162.547,161.981,162.382,33416,0,4
2026.07.17 00:00:00,162.383,162.523,162.124,162.404,33652,0,5
2026.07.19 00:00:00,162.444,162.577,162.276,162.519,2486,0,0
2026.07.20 00:00:00,162.518,162.599,162.197,162.488,28314,0,1
2026.07.21 00:00:00,162.487,163.241,162.432,163.188,30136,0,2
2026.07.22 00:00:00,163.188,163.209,162.669,163.087,35109,0,3
2026.07.23 00:00:00,163.088,163.990,162.996,163.843,40922,0,4
2026.07.24 00:00:00,163.843,163.938,163.642,163.849,32043,0,5
2026.07.26 00:00:00,163.613,163.711,163.554,163.623,2845,0,0
2026.07.27 00:00:00,163.623,163.798,163.330,163.778,34681,0,1
2026.07.28 00:00:00,163.778,163.950,163.646,163.867,29931,0,2
2026.07.29 00:00:00,163.865,163.906,163.233,163.310,51701,0,3
2026.07.30 00:00:00,163.307,163.739,157.957,160.185,187684,0,4
2026.07.31 00:00:00,160.186,160.881,157.302,157.451,206229,0,5
2026.08.02 00:00:00,157.163,157.875,156.996,157.586,13685,0,0
2026.08.03 00:00:00,157.585,157.888,155.227,157.541,146080,0,1
2026.08.04 00:00:00,157.543,157.958,157.215,157.706,68574,0,2
2026.08.05 00:00:00,157.707,157.877,157.307,157.611,57878,0,3
2026.08.06 00:00:00,157.609,158.556,157.590,158.423,41680,0,4
2026.08.07 00:00:00,158.423,158.577,156.669,157.794,66242,0,5
2026.08.09 00:00:00,157.728,157.949,157.555,157.911,2911,0,0
2026.08.10 00:00:00,157.908,159.364,157.841,159.159,53164,0,1
2026.08.11 00:00:00,159.156,159.391,158.923,159.275,38913,0,2
2026.08.12 00:00:00,159.274,159.551,158.577,159.338,54581,0,3
2026.08.13 00:00:00,159.337,159.569,159.024,159.435,43466,0,4
2026.08.14 00:00:00,159.435,159.504,158.604,159.321,49075,0,5
2026.08.16 00:00:00,159.305,159.400,159.137,159.227,2763,0,0
2026.08.17 00:00:00,159.227,159.600,158.846,159.334,42153,0,1
2026.08.18 00:00:00,159.336,159.781,159.310,159.541,26103,0,2
