Date,Close,High,Low,Open,Volume
2006-02-06,19.185100555419922,19.549775283220924,19.10582298047806,19.46256979957548,771500
2006-02-07,18.630157470703125,19.185098936370117,18.590519442624274,19.066181827945872,674400
2006-02-08,18.550880432128906,18.764929418891604,18.495386586396478,18.622230094383138,335400
2006-02-09,18.725292205810547,18.883845841657383,18.638086723233716,18.677724754171937,705900
2006-02-10,18.384397506713867,18.78078381726427,18.313047849847294,18.749072186615223,276700
2006-02-13,18.0989990234375,18.392325560902915,18.051433089178765,18.384397653177494,237600
2006-02-14,17.948373794555664,18.099001033882825,17.92459158083145,18.075217308064655,256400
2006-02-15,17.686758041381836,18.019722626975522,17.631264195798533,17.995940414350613,404800
2006-02-16,17.900806427001953,17.932518058896427,17.639191512247873,17.70261326394299,463600
2006-02-17,18.154491424560547,18.170347238752964,17.980082004724945,18.011792121016114,467700
2006-02-21,18.455745697021484,18.55087755722155,18.31304639462773,18.5112395341538,714100
2006-02-22,18.154491424560547,18.471600147940578,18.114853401173168,18.352684565684775,543900
2006-02-23,18.09107208251953,18.313048974412645,17.94837276002352,18.114855806966823,380400
2006-02-24,18.58259391784668,18.59052182689799,18.233773480059217,18.392328636897346,535300
2006-02-27,18.217914581298828,18.431963553206312,18.170348647128424,18.392325526746607,664500
2006-02-28,18.46367835998535,18.471604756965686,18.122785830257367,18.273411566388397,579700
2006-03-01,18.42403793334961,18.45574956813028,18.273410692329385,18.45574956813028,270500
2006-03-02,18.756999969482422,18.804565903045745,18.447819133180175,18.519168789572042,885900
2006-03-03,18.93140983581543,18.939337743607197,18.677722834854134,18.84420587429361,362900
2006-03-06,18.630157470703125,18.828350635285073,18.431964306121177,18.828350635285073,588300
2006-03-07,18.30512237548828,18.50331555710934,18.209988982988826,18.47160392224486,341300
2006-03-08,18.011795043945312,18.15449437064679,17.861169320955003,18.059362494241746,243700
2006-03-09,18.19413185119629,18.22584196904063,18.019720910724313,18.11485428844482,413100
2006-03-10,18.11485481262207,18.186204469953612,17.861167814151603,18.019721432148753,398800
2006-03-13,18.35268783569336,18.360615744202132,17.988013116853455,18.11485662880594,328800
2006-03-14,18.622228622436523,18.653940252973566,18.297191969900663,18.344757903612457,331700
2006-03-15,18.416109085083008,18.6618697058128,18.36061523914205,18.60637434777795,566900
2006-03-16,18.574661254882812,18.614299277900553,18.305118464499945,18.416106138624542,642100
2006-03-17,18.487457275390625,18.646012404390447,18.43196343386882,18.606372866093604,324200
2006-03-20,18.1069278717041,18.511242114139414,18.04350611870016,18.408180820449346,495500
2006-03-21,18.170352935791016,18.26548633867949,17.95630391336255,18.07521953290254,412200
2006-03-22,18.138635635375977,18.273407032010006,18.043503774277642,18.23376900856798,283800
2006-03-23,18.44782066345215,18.44782066345215,18.07521653536576,18.194133647279056,224500
2006-03-24,18.408180236816406,18.54295164668857,18.336830577937388,18.408180236816406,310800
2006-03-27,18.5191707611084,18.574664608189067,18.392327250040033,18.455749005574216,147300
2006-03-28,18.756999969482422,18.772855784701452,18.54295100030682,18.54295100030682,355200
2006-03-29,18.883846282958984,18.883846282958984,18.66979728186493,18.725292643406863,319600
2006-03-30,19.11374855041504,19.1692423924559,18.883843762424284,18.883843762424284,603700
2006-03-31,18.97897720336914,19.08203698004444,18.78871195344212,18.97897720336914,402600
2006-04-03,19.066179275512695,19.29608404145492,19.026541252740277,19.16924055407081,406400
2006-04-04,18.96312141418457,19.018615256478622,18.828350006287394,18.978977229723956,201400
2006-04-05,19.0820369720459,19.185098260771788,18.98690510316916,19.02654312985217,297300
2006-04-06,19.422929763793945,19.470495699012886,19.288158353928765,19.288158353928765,619900
2006-04-07,19.335723876953125,19.367435507818943,19.145458628039577,19.304013758181092,415600
2006-04-10,19.692472457885742,19.700400365720622,19.43085754770995,19.573556864550167,497100
2006-04-11,19.771745681762695,19.779673587856404,19.502202922950467,19.700396039012784,537900
2006-04-12,19.73210906982422,19.88273628369667,19.621121392283307,19.755892791623143,517700
2006-04-13,19.85895347595215,19.85895347595215,19.541844731172663,19.62112229539098,233200
2006-04-17,20.0730037689209,20.09678749338234,19.88273850951097,19.97787189526287,526600
2006-04-18,20.334617614746094,20.382183549060805,20.065074800139758,20.12056864218922,886800
2006-04-19,20.532808303833008,20.61208585955772,20.255337614843317,20.366326797695358,558500
2006-04-20,20.29497718811035,20.516952530057694,20.05714452047499,20.516952530057694,640100
2006-04-21,20.723079681396484,20.778573533247535,20.223633502642965,20.3504770246151,559000
2006-04-24,20.310834884643555,20.683437466093142,20.263267439450523,20.60415990286517,481900
2006-04-25,20.374256134033203,20.532809744513905,20.23155682613497,20.477315905240975,550700
2006-04-26,20.29497718811035,20.532808343652107,20.25533765412432,20.398036952286816,493900
2006-04-27,19.97787094116211,20.223630033817937,19.914449191054356,20.176064099260568,427100
2006-04-28,20.310834884643555,20.429750473438634,20.104713825088332,20.17606348078413,453800
2006-05-01,20.532808303833008,20.651723881373275,20.350470984131693,20.40596481951091,571700
2006-05-02,20.77064323425293,20.810281260387587,20.59623229023538,20.723075788378814,516300
2006-05-03,20.398040771484375,20.786499204718286,20.294980988011663,20.762716991967448,422000
2006-05-04,20.152278900146484,20.453531813073564,20.01750750202534,20.28705029826763,445500
2006-05-05,20.374256134033203,20.429749973306134,20.215701011458787,20.31876078266656,377300
2006-05-08,20.31876564025879,20.31876564025879,19.93823506961948,20.136428264172547,342900
2006-05-09,20.63587188720703,20.7706432933798,20.453533035024744,20.48524466569776,1164700
2006-05-10,21.151174545288086,21.151174545288086,20.635872625173885,20.715148680503894,757600
2006-05-11,21.357295989990234,21.539633339794424,21.254234696905183,21.539633339794424,1037600
2006-05-12,21.285945892333984,21.523777081797185,21.18288460136446,21.404861487065585,1040100
2006-05-15,20.564525604248047,20.77857309803395,20.45353639077659,20.70722494150133,685200
2006-05-16,20.62794303894043,20.841991999941698,20.461460009685986,20.57244919988685,602500
2006-05-17,20.596233367919922,20.8102823492721,20.318762634177524,20.8102823492721,785100
2006-05-18,20.604162216186523,20.612090124608798,20.398041133489166,20.524884644057707,263100
2006-05-19,20.152278900146484,20.294978205462247,19.97786947814593,20.255338669489156,724900
2006-05-22,20.310834884643555,20.318761280081976,19.89859276553311,19.89859276553311,863900
2006-05-23,20.62794303894043,20.82613618532819,20.493171638913005,20.55659338527334,855100
2006-05-24,20.104713439941406,20.461460199492432,20.017507970851863,20.39803845254378,402700
2006-05-25,20.45353126525879,20.45353126525879,20.10471243060023,20.176062081347126,324200
2006-05-26,20.65172576904297,20.77064286954645,20.40596668471701,20.50902797020753,333400
2006-05-30,20.54073715209961,20.746858201593977,20.421821569108847,20.715146573013147,429400
2006-05-31,20.231557846069336,20.485244845302567,20.001653057955604,20.413895187756495,337500
2006-06-01,19.98579978942871,20.23156042433719,19.740040666614213,19.977873392774615,584800
2006-06-02,20.382184982299805,20.501102094589303,20.057148302788008,20.136425873616375,349300
2006-06-05,20.326692581176758,20.548669492855602,20.255342913569056,20.429753884207436,492100
2006-06-06,20.152278900146484,20.215700645609747,19.97786947814593,20.136423085757247,329000
2006-06-07,20.017505645751953,20.09678319825285,19.898590073047384,20.05714366595563,176800
2006-06-08,19.8034610748291,19.86688282839733,19.581485693387243,19.82724479945239,722700
2006-06-09,19.83517074584961,20.057146105336848,19.819314931002314,19.938230518169583,343800
2006-06-12,19.597335815429688,20.041289507756733,19.541841981912196,19.96201195469165,362400
2006-06-13,19.066179275512695,19.46256555161145,19.026541252740277,19.26437241356207,900600
2006-06-14,19.058256149291992,19.22473768800157,19.026544515960317,19.066182545531007,265700
2006-06-15,19.264375686645508,19.367436982714093,19.16131590267082,19.264375686645508,289100
2006-06-16,19.30401611328125,19.30401611328125,19.026545357728907,19.19302690380393,202400
2006-06-19,18.947265625,19.16131459879804,18.89969969040948,19.09789284864608,178200
2006-06-20,19.10582160949707,19.137531729942,18.947266470990826,19.034471948378645,318000
2006-06-21,19.383291244506836,19.42292927083429,19.00275923613187,19.06618098551207,302100
2006-06-22,19.375364303588867,19.446713964213423,19.272303010645018,19.367436395509046,171900
2006-06-23,19.335723876953125,19.422929349740336,19.20095246996097,19.20095246996097,151400
2006-06-26,19.549774169921875,19.58148580293033,19.18509946288797,19.311942970734012,150400
2006-06-27,19.621126174926758,19.71625957321749,19.438788799638097,19.565632322629693,227800
2006-06-28,19.541845321655273,19.636978704010584,19.36743588477999,19.557701137396794,205500
2006-06-29,19.96994400024414,19.96994400024414,19.60526778539818,19.629051509875264,346300
2006-06-30,20.057146072387695,20.17606317145334,20.041291769660173,20.041291769660173,405600
2006-07-03,20.58830451965332,20.60416033505025,20.152280180894227,20.334617521677572,144500
2006-07-05,20.429750442504883,20.44560625754522,20.21570147574159,20.25533950124868,998200
2006-07-06,20.564525604248047,20.564525604248047,20.29498274767941,20.42975417596373,675800
2006-07-07,20.413894653320312,20.56452187220679,20.33461709011197,20.56452187220679,391300
2006-07-10,20.271194458007812,20.42182167032596,20.183988991071985,20.334616203390134,204700
2006-07-11,20.715145111083984,20.754784644012545,20.501097681644048,20.60415744307116,232800
2006-07-12,20.92127227783203,20.92920018674133,20.57245335838705,20.849922609742375,395000
2006-07-13,20.91334342956543,21.03226054576951,20.826139459668102,20.952982972331437,418000
2006-07-14,21.008474349975586,21.198739596599587,20.8737029446052,21.167029478209137,462800
2006-07-17,20.532808303833008,21.000544219305844,20.461458654890126,20.865772828201916,191500
2006-07-18,20.405969619750977,20.81821179681923,20.255342379650276,20.68344037401207,206100
2006-07-19,20.477317810058594,20.477317810058594,20.017509726333497,20.35047430503745,236400
2006-07-20,20.263269424438477,20.691367400549705,20.168137548920804,20.604161921246924,293100
2006-07-21,20.207775115966797,20.37425816245403,20.041293581573427,20.37425816245403,151700
2006-07-24,20.29497718811035,20.29497718811035,19.906518827608895,20.11263986805543,214300
2006-07-25,20.120569229125977,20.40596786752717,19.977871422019213,20.36632983979093,428100
2006-07-26,19.98579978942871,20.279126364731678,19.96201757527846,20.001655606924867,225200
2006-07-27,20.374256134033203,20.437677880644227,20.215701011458787,20.374256134033203,155900
2006-07-28,20.302907943725586,20.413895630272577,20.017509307354665,20.374257602818314,180700
2006-07-31,20.5011043548584,20.509032264024686,20.168139730344663,20.374260832385932,241400
2006-08-01,20.596233367919922,20.651727212249632,20.421823926870285,20.532811615529702,200300
2006-08-02,20.873703002929688,20.929196844338357,20.707221478703673,20.73100368953952,642000
2006-08-03,20.67551040649414,20.69929413006606,20.469389338485588,20.612088655729494,181000
2006-08-04,20.65172576904297,20.746859147027006,20.46146052516864,20.73100333201404,136900
2006-08-07,20.976762771606445,20.976762771606445,20.723075775477515,20.723075775477515,293200
2006-08-08,20.683439254760742,20.84992079105214,20.572451563899815,20.754788916626737,243800
2006-08-09,20.715145111083984,20.881628125196794,20.612085349656873,20.715145111083984,217000
2006-08-10,20.445608139038086,20.59623385950126,20.27119718173184,20.588305951251535,347100
2006-08-11,20.24741554260254,20.548668504156037,20.096788305778826,20.524884778733156,179500
2006-08-14,20.057146072387695,20.088857702030193,19.88273664563513,20.017508047428297,123400
2006-08-15,20.08885955810547,20.128497586727153,19.954088143860332,20.06507583367614,247200
2006-08-16,19.874807357788086,20.080928399866686,19.827241428721834,20.057144679286747,228200
2006-08-17,19.565629959106445,19.77967894533298,19.422930634955424,19.69247346677538,617000
2006-08-18,19.668689727783203,19.70040136072437,19.470496558182543,19.684545544253787,180900
2006-08-21,19.827245712280273,19.827245712280273,19.6290525342432,19.684546382158548,259800
2006-08-22,19.795534133911133,19.8351736768869,19.700402254957204,19.803462042506286,281500
2006-08-23,19.58941078186035,19.755893818922477,19.52598903252568,19.755893818922477,322600
2006-08-24,19.874807357788086,19.874807357788086,19.636976200363193,19.68454212942945,241700
2006-08-25,19.866884231567383,20.057149505710232,19.835174108590568,19.993727747662618,145700
2006-08-28,19.557701110839844,19.843099745424425,19.478423544333705,19.77175008677828,354700
2006-08-29,19.525989532470703,19.581484887641505,19.42292975419828,19.51806313668298,230800
2006-08-30,19.819316864013672,19.819316864013672,19.391218893945915,19.533918217301835,122500
2006-08-31,19.819316864013672,19.8985944338885,19.621123695373537,19.80346104761993,158200
2006-09-01,19.779678344726562,19.866882308542344,19.636979024908584,19.84310009663524,240500
2006-09-05,19.747968673706055,19.898595916481693,19.613197248505536,19.716258550649812,261500
2006-09-06,19.64490509033203,19.803458699185402,19.502205783898408,19.66075939275178,147000
2006-09-07,19.58148765563965,19.65283732456556,19.462570532700447,19.58148765563965,97400
2006-09-08,19.422929763793945,19.549773265773666,19.343652197033165,19.525989542117287,197400
2006-09-11,18.971050262451172,19.129603889423986,18.867988968429668,19.042399923821794,541600
2006-09-12,18.669795989990234,18.947266730124074,18.50331445316626,18.867989159786706,318300
2006-09-13,18.622228622436523,18.78871165856847,18.527096755012927,18.638084437705047,384000
2006-09-14,18.511241912841797,18.764928922098875,18.37647050016224,18.764928922098875,288700
2006-09-15,18.455745697021484,18.630155115450712,18.289262673530885,18.471599998992392,616300
2006-09-18,18.677722930908203,18.788712128469907,18.487457679208752,18.590518968937918,345600
2006-09-19,18.400251388549805,18.772855479673975,18.32890324541099,18.709433731922122,490700
2006-09-20,18.289264678955078,18.392325969581787,18.122783149303373,18.38439806168021,511000
2006-09-21,18.606374740600586,18.630158465974795,18.249627932551043,18.249627932551043,422000
2006-09-22,18.39232635498047,18.622229640568452,18.336830998506546,18.622229640568452,296500
2006-09-25,18.431964874267578,18.527098261520592,18.130711920138495,18.15449413288133,1037000
2006-09-26,18.511241912841797,18.63015750941932,18.3526867760092,18.471602372586723,195200
2006-09-27,18.788711547851562,18.788711547851562,18.328903492430328,18.55087885650652,296900
2006-09-28,18.93933868408203,19.066182190861376,18.741145515727574,18.86006262641535,185800
2006-09-29,18.986906051635742,18.994832447693263,18.677723682107057,18.907628482215724,884300
2006-10-02,18.78078269958496,19.11374724111571,18.709433046964538,19.02654177411437,170700
2006-10-03,18.471601486206055,18.63808452310079,18.376469618346583,18.63808452310079,193100
2006-10-04,18.606374740600586,18.64601428289093,18.099000696035585,18.360615626776156,872600
2006-10-05,18.709436416625977,18.860063656185986,18.53502545121103,18.82835202171274,353500
2006-10-06,18.78078269958496,18.788710606775417,18.495384089103265,18.709433046964538,360200
2006-10-09,19.30401611328125,19.407075901980935,18.860063811653887,18.860063811653887,396900
2006-10-10,18.788711547851562,19.026542727102843,18.574662579269155,18.788711547851562,396700
2006-10-11,18.535022735595703,18.828349263121364,18.471600988035252,18.630156112983244,424000
2006-10-12,18.74114227294922,18.915553198662913,18.47159948965861,18.47159948965861,284100
2006-10-13,19.14546012878418,19.343653300949843,18.88384520200926,18.93141113994273,285200
2006-10-16,19.311939239501953,19.327793540849104,18.98690262443458,19.24851749783255,578600
2006-10-17,19.32779884338379,19.613197515241318,19.169245201758283,19.613197515241318,598600
2006-10-18,19.01861572265625,19.407074140330153,18.867988495527566,19.30401436098558,345300
2006-10-19,19.335723876953125,19.399145626590975,19.050326759629694,19.15338653575603,187300
2006-10-20,19.066179275512695,19.343649971200552,18.867986137463316,19.343649971200552,514900
2006-10-23,19.10582160949707,19.145459638076698,18.74907330390495,18.8759168098724,645800
2006-10-24,19.24059295654297,19.272303076877385,18.867988835980032,19.074109910482242,226500
2006-10-25,19.58148765563965,19.6211256885567,19.153389642084186,19.24059512901453,200300
2006-10-26,19.44671630859375,19.589414134951806,19.29608906110609,19.56563191993915,243800
2006-10-27,19.502208709716797,19.581486282083947,19.272303901061452,19.581486282083947,380900
2006-10-30,19.296085357666016,19.494278509234405,19.224735702133895,19.462566879178468,393100
2006-10-31,19.177169799804688,19.232663640397565,18.98690455544608,19.224735732870904,127200
2006-11-01,19.422929763793945,19.462567791127427,19.034471349969326,19.145459036178128,160400
2006-11-02,19.280231475830078,19.581485943192742,19.224737629761666,19.407074984584707,640300
2006-11-03,19.518064498901367,19.621124284366616,19.33572562908759,19.454642743516466,195900
2006-11-06,19.85895347595215,19.874809291214564,19.541844731172663,19.581484269328705,282600
2006-11-07,19.811386108398438,19.890663666878993,19.67661471260959,19.890663666878993,170800
2006-11-08,19.7876033782959,19.890664663110584,19.62904976548723,19.740037445662672,257400
2006-11-09,20.049219131469727,20.136423086426056,19.81931435909921,20.136423086426056,394000
2006-11-10,19.629051208496094,19.9065219414264,19.51806352016151,19.882738217314486,194400
2006-11-13,19.486351013183594,19.56562857790368,19.42292926382628,19.541844854859523,222600
2006-11-14,19.541845321655273,19.66076091552905,19.462567755041484,19.470495662912246,189900
2006-11-15,19.692472457885742,19.77967793197561,19.47049557479054,19.47049557479054,235500
2006-11-16,19.20095443725586,19.79553396806541,19.145460589648668,19.692474181379755,315400
2006-11-17,19.438783645629883,19.446711552726608,19.02654154916222,19.11374701513252,217200
2006-11-20,19.367435455322266,19.581484426804984,19.240591956390382,19.43878511248317,413200
2006-11-21,19.549774169921875,19.621123832097012,19.454642295084287,19.50220823250308,263500
2006-11-22,19.621126174926758,19.763825516315823,19.35951121974483,19.700403754820023,170700
2006-11-24,19.89066505432129,19.89066505432129,19.676616085121235,19.700399807952497,63700
2006-11-27,19.94615936279297,20.049220652049158,19.81138795444597,19.938231454996817,165700
2006-11-28,20.00165557861328,20.009583487350138,19.86688415427468,19.91445160669582,156800
2006-11-29,20.255340576171875,20.271196392053657,19.819316224079653,19.835172039961435,422700
2006-11-30,20.437679290771484,20.532811161204926,20.302907880912596,20.398039751346037,347000
2006-12-01,20.429750442504883,20.57244975368041,20.326689156836448,20.49317219057248,295800
2006-12-04,20.334617614746094,20.453533206579763,20.144352365393466,20.453533206579763,249000
2006-12-05,20.398040771484375,20.516956371520244,20.144353754849487,20.44560822117384,161900
2006-12-06,20.128498077392578,20.279125311595724,20.05714841445919,20.168137619074407,227700
2006-12-07,20.057146072387695,20.120567819578966,19.88273664563513,20.041291769660173,137000
2006-12-08,19.898595809936523,20.215704599270996,19.898595809936523,20.136427023913882,231100
2006-12-11,19.93030548095703,20.02543887164747,19.803461968099075,19.898595358789514,321000
2006-12-12,19.898595809936523,20.049223051905642,19.81931823457941,19.914451627426743,114500
2006-12-13,19.906522750854492,19.922377055479917,19.779679241287656,19.819317270992077,126400
2006-12-14,20.136425018310547,20.255340613455143,20.01750942316595,20.096786990626956,190500
2006-12-15,20.231557846069336,20.231557846069336,20.017508873431126,20.21570203059381,233700
2006-12-18,19.874195098876953,20.028510905526407,19.69551469847171,20.004144762648433,250200
2006-12-19,20.109729766845703,20.12597386204452,19.646783897534732,19.809220202156343,294800
2006-12-20,20.150339126586914,20.20719191255339,20.04475560252378,20.117852484229886,313500
2006-12-21,19.94729232788086,20.18282706579479,19.874195447088415,20.18282706579479,285100
2006-12-22,20.10161018371582,20.223437814398714,19.963538455842574,20.02851329548161,202900
2006-12-26,19.792978286743164,20.207191883655774,19.74424599959396,20.166583193487003,210500
2006-12-27,19.73612403869629,19.947292636573252,19.73612403869629,19.898561898331565,152200
2006-12-28,19.8823184967041,19.963537429357373,19.76049087228534,19.874196448526547,319600
2006-12-29,19.963537216186523,20.01226795560922,19.695515825678267,19.83358754497781,276300
2007-01-03,19.330032348632812,19.768613672164154,19.23257086504075,19.711760881881723,746800
2007-01-04,18.826475143432617,19.24881231184393,18.729012124136876,19.12698315044372,428900
2007-01-05,18.76150131225586,18.964547859901224,18.5584547646105,18.720891073253455,369800
2007-01-08,18.85896110534668,19.13510450944141,18.672158669965565,19.086373776107656,275200
2007-01-09,18.6965274810791,18.793988961664216,18.257946171079176,18.396017892843343,675600
2007-01-10,18.42038345336914,18.63155205343632,18.371652714622023,18.54221107479806,285900
2007-01-11,18.39601707458496,18.680282553704917,18.111751595465005,18.355408384334496,489700
2007-01-12,18.826475143432617,18.842719238168932,18.274188315375074,18.396015927653146,324300
2007-01-16,18.39601707458496,18.76150148332808,18.152361834837702,18.720891243955382,467900
2007-01-17,18.558454513549805,18.61530729826184,18.160483471443357,18.314797730198254,291200
2007-01-18,18.3635311126709,18.71277143860606,18.192971199229923,18.63967455414883,409700
2007-01-19,18.639673233032227,18.664037826709563,18.19296990977413,18.599062995033027,226700
2007-01-22,18.655916213989258,18.923937594542966,18.436627120170563,18.7452571905479,303400
2007-01-23,19.248811721801758,19.248811721801758,18.729011550028364,18.842718660574903,483800
2007-01-24,19.086376190185547,19.19195971728341,18.826476847370245,19.126984881579585,279000
2007-01-25,18.91581916809082,19.248815418315168,18.907697119411885,19.159474431969283,366200
2007-01-26,19.151350021362305,19.167594116716796,18.964547572152256,19.07013109371205,304000
2007-01-29,18.76150131225586,19.045766788783812,18.67216033557279,19.005156549781407,367400
2007-01-30,19.28129768371582,19.289419730549646,18.720888845158314,18.76149907932743,346900
2007-01-31,19.48434829711914,19.500592394196556,19.086377213456643,19.232570988908655,298400
2007-02-01,19.4112491607666,19.73612331906921,19.33815228150824,19.614295703346006,410000
2007-02-02,19.663026809692383,19.663026809692383,19.232569122764897,19.362518788530426,212800
2007-02-05,19.598052978515625,19.817343631624286,19.49246945060532,19.792979036249292,271500
2007-02-06,19.500587463378906,19.695511931653208,19.38688191083272,19.6873898851682,473500
2007-02-07,19.265056610107422,19.573688241686757,19.17571717917427,19.451860618325345,179500
2007-02-08,19.711759567260742,19.736124161972654,19.20820343854385,19.20820343854385,178200
2007-02-09,19.833585739135742,19.931048758229437,19.687391985056266,19.817341644433103,164000
2007-02-12,19.459980010986328,19.711758840624555,19.370640585132232,19.65490605622953,209200
2007-02-13,19.81734275817871,19.874195543710968,19.57368752043412,19.606174162543027,205800
2007-02-14,19.549320220947266,19.866072321108312,19.451858751261774,19.80109749161061,383800
2007-02-15,19.549320220947266,19.59805095579001,19.330029590471714,19.59805095579001,191400
2007-02-16,19.890438079833984,19.898560127004963,19.500589110359517,19.55744189143428,155700
2007-02-20,19.67115020751953,19.679272255827588,19.395006761534866,19.598053321869337,201100
2007-02-21,20.09348487854004,20.166581754927332,19.614294932944286,19.71175795116805,332500
2007-02-22,20.36962890625,20.42648168980094,20.117851629472042,20.182826460547716,260500
2007-02-23,20.49958038330078,20.64577415344463,20.418361449985056,20.532068576275996,527700
2007-02-26,20.556432723999023,20.70262649095758,20.467093293508338,20.629529607478304,555500
2007-02-27,20.166584014892578,20.580799177798824,20.109731226691732,20.329021880428385,192300
2007-02-28,20.4752140045166,20.54831088875295,20.117853180608094,20.312777688864266,324900
2007-03-01,20.329021453857422,20.442727027873186,20.215314330719394,20.393996288883894,169100
2007-03-02,20.142215728759766,20.353384311855482,20.012266069796578,20.20719055824136,295700
2007-03-05,19.841707229614258,19.96353483822059,19.622416604649604,19.70363552676119,658600
2007-03-06,20.02851104736328,20.101607927392667,19.874195239621002,20.02851104736328,143300
2007-03-07,20.304655075073242,20.34526376557449,20.052877785896563,20.117852620171906,533600
2007-03-08,20.337142944335938,20.442726467438554,20.223435824315178,20.434604419642625,261400
2007-03-09,20.069120407104492,20.37775203289946,19.97978097784574,20.36962998494462,261700
2007-03-12,19.8823184967041,19.979781525712486,19.7686129204629,19.97165947753493,143700
2007-03-13,19.728002548217773,20.06099874952069,19.63866157499723,19.955413681328743,248600
2007-03-14,19.768611907958984,19.768611907958984,19.524956671600936,19.67114888394244,179100
2007-03-15,19.64678382873535,19.866072916662727,19.573686949718834,19.866072916662727,165300
2007-03-16,19.69551658630371,19.95541593875825,19.524958217176298,19.69551658630371,242300
2007-03-19,19.792978286743164,19.817342881195536,19.663027070134188,19.70363730942519,148000
2007-03-20,19.81734275817871,19.849830949409842,19.654906449389724,19.736123829223107,217900
2007-03-21,19.849830627441406,19.866073173671293,19.614295892202797,19.71988096286914,156200
2007-03-22,20.174705505371094,20.174705505371094,19.87419592717384,19.87419592717384,252300
2007-03-23,20.182828903198242,20.28029038704606,20.069121773212654,20.182828903198242,190000
2007-03-26,20.272165298461914,20.304653487620726,20.142215640070912,20.239678658425227,182800
2007-03-27,20.329021453857422,20.329021453857422,20.142217447674327,20.223436378737986,418400
2007-03-28,20.523944854736328,20.629528375053045,20.434603880460674,20.58891968626712,261300
2007-03-29,20.921916961669922,20.970647700530073,20.51582385655006,20.637651478261567,348800
2007-03-30,20.613285064697266,20.873185949837783,20.548310230692696,20.873185949837783,171000
2007-04-02,20.41023826599121,20.605164314751004,20.19094917210033,20.312776790733533,296700
2007-04-03,20.329021453857422,20.442727027873186,20.182827687767286,20.442727027873186,370600
2007-04-04,20.556432723999023,20.597042964333216,20.23155854693682,20.29653338234926,122000
2007-04-05,20.597042083740234,20.653894868655186,20.491457012507716,20.61328463005722,219100
2007-04-09,20.385875701904297,20.82445548248509,20.304656765019743,20.75135859420123,301000
2007-04-10,20.670141220092773,20.718871962606748,20.377753666764193,20.5645561373364,231300
2007-04-11,20.637651443481445,20.751357017004256,20.142217360351033,20.662017587431585,340600
2007-04-12,20.759479522705078,20.775723619029996,20.515824274320433,20.686382638365227,100400
2007-04-13,20.873186111450195,20.95440349274306,20.735114394481172,20.897550706189158,230500
2007-04-16,20.71074867248535,20.905673179978777,20.629529740415855,20.897551131859597,161100
2007-04-17,20.49958038330078,20.856942760416597,20.402118902619755,20.767601778857067,196900
2007-04-18,20.50769805908203,20.564550835544722,20.32901768318186,20.369626366620363,173400
2007-04-19,20.450849533081055,20.54831101323844,20.34526445560121,20.467093629481383,271500
2007-04-20,20.7351131439209,20.7351131439209,20.458969726637402,20.53206660469022,199400
2007-04-23,20.873186111450195,20.873186111450195,20.507701699143297,20.540189890958242,252700
2007-04-24,20.58892059326172,20.832575834955275,20.467092972414942,20.783845096441013,204700
2007-04-25,20.99501609802246,21.076235037588525,20.670141888880632,20.670141888880632,207000
2007-04-26,20.848819732666016,21.027500138268117,20.69450392152834,20.856941780528235,635300
2007-04-27,20.954402923583984,20.954402923583984,20.678259497146488,20.678259497146488,216900
2007-04-30,20.767601013183594,20.954403468537,20.71074822669536,20.83257584761618,172200
2007-05-01,20.808210372924805,20.905671845890907,20.670138661954343,20.791966277723063,178400
2007-05-02,20.64577293395996,20.816331289638537,20.475213029159175,20.816331289638537,303600
2007-05-03,20.743236541748047,20.743236541748047,20.507701797328757,20.64577351495883,210800
2007-05-04,20.702625274658203,20.873185175796717,20.564553563878327,20.751356011073987,166800
2007-05-07,20.60516357421875,20.678258903473914,20.450847769964152,20.548309241719146,226100
2007-05-08,20.4752140045166,20.4752140045166,20.304655640713307,20.35338638049678,189100
2007-05-09,20.36962890625,20.42648168980094,20.142216222924066,20.36962890625,252300
2007-05-10,20.28841209411621,20.393997173817176,20.190950611908594,20.385875125446155,245400
2007-05-11,20.58892059326172,20.59704264120114,20.29653306393166,20.312777159810494,204600
2007-05-14,20.515823364257812,20.605164340959504,20.426482387556124,20.57267614975081,443700
2007-05-15,20.718868255615234,20.73511234992098,20.337141334162823,20.369627973652214,448800
2007-05-16,20.515823364257812,20.637650983045976,20.353385506458782,20.637650983045976,287400
2007-05-17,20.686378479003906,20.702622572062666,20.458967372669196,20.515820149252875,197800
2007-05-18,20.65389633178711,20.75135781308205,20.572677397959787,20.702627072434577,186600
2007-05-21,20.856943130493164,20.905673871698333,20.564555585017473,20.670140664938064,281100
2007-05-22,20.556432723999023,20.743236731291777,20.50770198472026,20.743236731291777,181200
2007-05-23,20.65389633178711,20.662018380082074,20.450849771779957,20.597043542844677,251500
2007-05-24,20.540189743041992,20.75135679182947,20.45897081321176,20.637651219540484,258000
2007-05-25,20.791963577270508,20.800085623816493,20.55642887480292,20.63764779114078,162600
2007-05-29,20.337142944335938,20.605164325112657,20.23967991990703,20.507701300683753,211600
2007-05-30,20.532068252563477,20.580798992135694,20.304655552689336,20.304655552689336,292800
2007-05-31,20.718868255615234,20.726990302768105,20.491455582701104,20.572674505107727,323700
2007-06-01,20.873186111450195,20.93816094595784,20.621407272251112,20.653895464066057,294500
2007-06-04,21.05998992919922,21.116842719430416,20.91379615482051,20.921918203299587,408200
2007-06-05,20.978769302368164,21.100596921488744,20.905672421071372,20.921916516720042,325000
2007-06-06,20.970645904541016,21.027498686529192,20.800087558576486,20.995012046445428,208200
2007-06-07,21.076231002807617,21.173692472331172,20.873184467324393,20.873184467324393,291800
2007-06-08,20.702625274658203,20.90567181703318,20.621406347883774,20.840696985438075,909800
2007-06-11,21.100597381591797,21.14120762159899,20.759479111142685,20.905672876924058,138100
2007-06-12,21.043745040893555,21.051867089067205,20.897551272012443,20.9868922528003,124400
2007-06-13,21.311765670776367,21.352375910190013,20.865063881081927,20.88130642772515,395000
2007-06-14,21.514812469482422,21.596031400127472,21.352376157314573,21.449837634790832,2681200
2007-06-15,21.64476203918457,21.64476203918457,21.43359344012884,21.474203679825468,321500
2007-06-18,21.64476203918457,21.709736873576933,21.522934418339176,21.709736873576933,259600
2007-06-19,21.433595657348633,21.677252473366995,21.360498767455365,21.604155583473727,347400
2007-06-20,21.457958221435547,21.457958221435547,21.26303373063554,21.376739296321674,247600
2007-06-21,21.360496520996094,21.539178477108926,21.173694066080174,21.498568237482264,238100
2007-06-22,21.311765670776367,21.37674050471596,21.11684116895758,21.328009766541825,783200
2007-06-25,21.230548858642578,21.271159102106758,20.938162851312438,21.05186843476736,397300
2007-06-26,20.986892700195312,21.116842375499367,20.889429669156108,21.084354182112193,283000
2007-06-27,20.954402923583984,21.06811004272556,20.783844568554937,20.962524971317112,219300
2007-06-28,20.889427185058594,21.011256346650683,20.84069644989504,20.995012251888788,280700
2007-06-29,20.873186111450195,21.165572092173466,20.832575871681513,20.91379480209663,258100
2007-07-02,21.003137588500977,21.157451865539223,20.759480776280657,21.157451865539223,810100
2007-07-03,21.02750015258789,21.149329321481893,20.962525318768133,21.149329321481893,185500
2007-07-05,21.222423553466797,21.238667648359886,20.99501242145214,21.133084129799105,250500
2007-07-06,21.401105880737305,21.401105880737305,21.206181385910178,21.35237514431107,332500
2007-07-09,21.35237693786621,21.417351774933003,21.263035955978506,21.344254889592573,156000
2007-07-10,21.506689071655273,21.5391772615231,21.27115589160216,21.279277939069114,228400
2007-07-11,21.555421829223633,21.6285171597851,21.384861926921033,21.39298397456613,194400
2007-07-12,21.612276077270508,21.693493460977372,21.425472067026746,21.628518624538504,282400
2007-07-13,21.64476203918457,21.64476203918457,21.506690322460525,21.612275396549514,168200
2007-07-16,21.26303482055664,21.53917825062534,21.1899379391195,21.53917825062534,316800
2007-07-17,21.133085250854492,21.384862538564917,21.01937812969314,21.311765656790563,423200
2007-07-18,21.376739501953125,21.392983596956586,21.09247403588118,21.14120632089157,230600
2007-07-19,21.44983673095703,21.514811562910772,21.344253209953024,21.384861899003294,107600
2007-07-20,21.441713333129883,21.53105430236126,21.352373913020593,21.441713333129883,252200
2007-07-23,21.344255447387695,21.344255447387695,21.16557347894274,21.3361333989018,220300
2007-07-24,21.18181610107422,21.34425396123722,21.116841266833468,21.214304292755717,189600
2007-07-25,21.36861801147461,21.36861801147461,21.011257206815966,21.23054629859034,274200
2007-07-26,21.141206741333008,21.44171475926254,20.970646838649,21.376739927078678,227400
2007-07-27,21.344255447387695,21.35237749587359,21.068111995356716,21.14120888260741,283200
2007-07-30,21.100597381591797,21.30364393426098,21.011257951820497,21.23866909937173,181900
2007-07-31,21.271154403686523,21.482322975689698,21.18993548382037,21.287396948362115,388600
2007-08-01,21.238670349121094,21.368620026546232,20.970648945791456,21.271158543038553,465000
2007-08-02,21.271154403686523,21.360493821329445,21.149326798448318,21.238666216091243,188200
2007-08-03,21.035621643066406,21.279278425275912,21.035621643066406,21.279278425275912,141400
2007-08-06,20.743236541748047,20.89755080624111,20.532067941306625,20.856942115400255,267900
2007-08-07,20.856943130493164,20.905673871698333,20.59704377856914,20.629530422998478,168600
2007-08-08,20.82445526123047,20.995015181788112,20.7432378743312,20.791968616295232,174000
2007-08-09,20.662019729614258,20.913797046713622,20.572678741656695,20.6863843269682,287500
2007-08-10,20.7351131439209,20.743235191384784,20.28840982814011,20.402116943512357,462400
2007-08-13,20.58892059326172,20.873186074652363,20.53206780680804,20.84069788289469,162200
2007-08-14,20.65389633178711,21.384863637988396,20.50770256072239,21.116842240743846,169800
2007-08-15,20.808210372924805,20.962524629974833,20.62952842394998,20.775722182521317,313100
2007-08-16,20.450849533081055,20.450849533081055,20.00414617680578,20.361508552001542,455900
2007-08-17,20.434602737426758,20.588918534601362,19.183836913141587,19.719879630566957,375000
2007-08-20,20.491458892822266,20.499580941287146,20.25592568383012,20.320900522426818,269900
2007-08-21,20.45897102355957,20.637651431725388,20.32902135414402,20.426482831644556,315800
2007-08-22,20.50769805908203,20.564550835544722,20.35338227359617,20.46708937564353,190200
2007-08-23,20.572677612304688,20.751358029288603,20.450849984855548,20.710749336513,281600
2007-08-24,20.816333770751953,20.816333770751953,20.55643440781337,20.588922602741892,175100
2007-08-27,20.8406982421875,20.865064386425825,20.507702016541753,20.56455480397557,102300
2007-08-28,20.62140655517578,20.808210553371424,20.515823033693195,20.808210553371424,112200
2007-08-29,20.816333770751953,20.824455819484086,20.621409248548016,20.621409248548016,264700
2007-08-30,20.856943130493164,21.433594623934297,20.662018616550146,21.433594623934297,182500
2007-08-31,20.865062713623047,21.116839987411055,20.75135559874931,21.116839987411055,122500
2007-09-04,21.100597381591797,21.18993836048536,20.865064186039124,20.946283116931248,305200
2007-09-05,21.141206741333008,21.198059525853612,20.954402743322486,21.10059650301672,222100
2007-09-06,21.05998992919922,21.15745141270346,20.954404848093553,21.04374583224106,214500
2007-09-07,21.19805908203125,21.206181129524456,21.01937713542504,21.108718108728144,149200
2007-09-10,21.344255447387695,21.376742092208918,20.962526914162453,21.133086834121514,154200
2007-09-11,21.39298439025879,21.40922848586462,21.1005968658427,21.246790628050743,117200
2007-09-12,21.620397567749023,21.65288421056929,21.336132084740978,21.384862823532504,207600
2007-09-13,21.457958221435547,21.669126807082755,21.376739296321674,21.563541739698078,468600
2007-09-14,21.474205017089844,21.60415469396693,21.38486403331597,21.43359477486429,191900
2007-09-17,21.725980758666992,21.725980758666992,21.498568065938997,21.579786995422012,124300
2007-09-18,21.807199478149414,21.847808167938748,21.5066899066928,21.563542692046756,229600
2007-09-19,21.994001388549805,21.994001388549805,21.766588703607912,21.880295820639947,243600
2007-09-20,22.33512306213379,22.33512306213379,21.985882708211747,22.050857549700332,519300
2007-09-21,22.489437103271484,22.489437103271484,22.262024401583673,22.40821817058853,255500
2007-09-24,22.448823928833008,22.570653086498364,22.34324041452807,22.440701881713846,181800
2007-09-25,22.286388397216797,22.375727820343656,22.156438737103056,22.180803330173042,177500
2007-09-26,22.318876266479492,22.416339291491823,22.06709897978745,22.367608553546773,217500
2007-09-27,22.90365219116211,22.90365219116211,22.44882678926756,22.895530143008035,249200
2007-09-28,22.830554962158203,22.96050463241662,22.65187300371118,22.944260536353752,467400
2007-10-01,22.595022201538086,23.54528021698232,22.448828422373985,23.54528021698232,196500
2007-10-02,22.140195846557617,22.44070387099507,22.04273282161003,22.38385108524324,218300
2007-10-03,22.164562225341797,22.456948205043645,22.018368460929754,22.456948205043645,159400
2007-10-04,22.47319221496582,22.481314262860128,22.01024632884596,22.14831804480471,273800
2007-10-05,22.53816795349121,22.54629000171147,22.294512703372657,22.367609588232686,167800
2007-10-08,22.067100524902344,23.139186129493172,21.92902880012187,23.139186129493172,193100
2007-10-09,22.22141456604004,22.351364231995177,21.97775778053249,21.97775778053249,242600
2007-10-10,22.481313705444336,22.48943575313726,22.213292328066633,22.34324199290902,307200
2007-10-11,22.733089447021484,23.28537625973929,22.367606620338535,23.28537625973929,204300
2007-10-12,22.83867835998535,22.879287053420285,22.651874342466535,22.741215326970213,164900
2007-10-15,23.228525161743164,23.228525161743164,22.94425968764699,23.025478615834786,156700
2007-10-16,23.25288963317871,23.261011680866876,23.00923439902257,23.049843088341195,290400
2007-10-17,23.131061553955078,23.293499406228555,23.04984262781834,23.293499406228555,254100
2007-10-18,23.545278549194336,23.57776674187285,23.22040436802067,23.22040436802067,337500
2007-10-19,23.480304718017578,23.561523654068086,23.36659913702028,23.504670863569437,228600
2007-10-22,23.415327072143555,23.48842395091446,23.122939557059944,23.26913331460175,293700
2007-10-23,23.25288963317871,23.520911010399345,23.139184063788804,23.504668464145215,1101600
2007-10-24,23.334110260009766,23.439695338521876,23.14730779694657,23.14730779694657,212900
2007-10-25,23.87827491760254,23.87827491760254,23.455937705055973,23.512792042574485,332500
2007-10-26,24.243757247924805,24.260001342955736,24.008222517342848,24.121929633437176,633700
2007-10-29,24.64173126220703,24.64173126220703,24.308735019403343,24.365587809766556,435700
2007-10-30,24.08944320678711,24.398074838478742,24.01634632291921,24.36558664603866,283000
2007-10-31,24.771678924560547,24.771678924560547,24.18690542238607,24.27624485035022,401400
2007-11-01,24.45492935180664,24.59300108117555,24.23563868472854,24.59300108117555,378300
2007-11-02,24.982847213745117,24.982847213745117,24.5280233843135,24.625484858916312,205100
2007-11-05,24.820409774780273,25.397062780849343,24.47929150968762,25.38081868510154,368800
2007-11-06,25.470157623291016,25.600107280624368,24.99096768095348,25.600107280624368,447600
2007-11-07,25.3402099609375,26.80214449559372,25.015334242905247,26.80214449559372,510100
2007-11-08,25.275236129760742,25.69757179153565,25.129042360671534,25.69757179153565,471700
2007-11-09,25.267112731933594,25.453915182848515,24.771678662955377,24.771678662955377,371300
2007-11-12,24.714824676513672,25.104673654897017,24.552386827626208,24.77167745888764,981100
2007-11-13,24.243757247924805,24.73106925499749,24.130050131830476,24.71482515996656,3017500
2007-11-14,24.78792381286621,24.844776600421962,24.316855867104216,24.316855867104216,260300
2007-11-15,24.544265747070312,24.66609491309584,24.341219202524034,24.66609491309584,340300
2007-11-16,24.625486373901367,24.893507769231366,24.536145392417268,24.893507769231366,179600
2007-11-19,24.812288284301758,24.84477647652719,24.536144846874652,24.60924173025961,527300
2007-11-20,25.429548263549805,25.453914406060328,24.917871663806114,25.031577230610896,569100
2007-11-21,25.462038040161133,25.478282136180358,25.015334694366082,25.015334694366082,734500
2007-11-23,25.697568893432617,25.721935035240303,25.291475824703927,25.64883815893937,499300
2007-11-26,25.38081932067871,25.81127857404144,25.38081932067871,25.62447456650832,400800
2007-11-27,25.177772521972656,25.74630348889191,25.047822852240643,25.74630348889191,370600
2007-11-28,24.869142532348633,25.60823186250666,24.625485738890283,25.153406467699977,766000
2007-11-29,24.925994873046875,25.088431183321287,24.771679061532286,24.966603563334917,195800
2007-11-30,24.61736297607422,24.95035918992173,24.519901500818577,24.568632238446398,352300
2007-12-03,24.796045303344727,24.820409897965117,24.381830154453432,24.67421613375381,320900
2007-12-04,24.909751892089844,24.909751892089844,24.641730496475954,24.763558121914578,494200
2007-12-05,24.72294807434082,25.12904116961984,24.617363002059832,25.064066336340083,437800
2007-12-06,25.16965103149414,25.16965103149414,24.536145215676417,24.536145215676417,293200
2007-12-07,25.088430404663086,25.746302320591422,24.77980034033495,25.746302320591422,401100
2007-12-10,25.072187423706055,25.33208674686917,24.925993667146262,25.202137085287614,539500
2007-12-11,25.29147720336914,25.40518432221451,25.09655270564848,25.177771633645975,275100
2007-12-12,25.981836318969727,26.136152130527147,25.380818717630895,25.58386526737194,444500
2007-12-13,25.7056941986084,26.046812481538275,25.55950042747812,26.046812481538275,274900
2007-12-14,25.52701187133789,25.665083583827478,25.413306301919008,25.640717440756774,294300
2007-12-17,25.402164459228516,26.259444865259706,25.169116510860714,26.259444865259706,294000
2007-12-18,25.29396629333496,25.701799065408867,25.060919902155284,25.460429362042852,311200
2007-12-19,25.535335540771484,25.66850535007723,25.31893420377231,25.36054917386435,269600
2007-12-20,25.427135467529297,25.55198355964421,25.31061227489878,25.468752027404083,334900
2007-12-21,25.72676658630371,25.793351490032855,25.43545703717271,25.46042697138714,280300
2007-12-24,25.91819953918457,25.91819953918457,25.019302491221794,25.152472306660027,472000
2007-12-26,26.226154327392578,26.267769297176038,25.926521464921773,26.009752991998035,188500
2007-12-27,26.317712783813477,26.40926604742475,26.13460308157181,26.13460308157181,880700
2007-12-28,26.234477996826172,26.534109275876173,26.1512464686142,26.334354560673052,264300
2007-12-31,26.26776885986328,26.3343537629139,26.00142924766081,26.3343537629139,244000
2008-01-02,26.99188232421875,27.008528947632485,26.58404957563858,26.683927728611597,718900
2008-01-03,27.19995880126953,27.291513637307986,26.975234160543852,27.25822039238153,1108400
2008-01-04,27.041818618774414,27.1084019286064,26.700570821462307,27.1084019286064,581200
2008-01-07,26.55075454711914,27.00020223656401,26.350999842087056,26.825417464976915,664300
2008-01-08,26.792123794555664,27.041819950018393,26.70889385941376,26.883678628222864,429000
2008-01-09,26.525787353515625,26.94194181644574,26.46752417294625,26.90865174542479,749600
2008-01-10,26.400938034057617,26.434231278540707,26.134598428229985,26.34267644372148,452800
2008-01-11,26.642309188842773,26.725542304681408,26.134599882301995,26.35100122095436,667600
2008-01-14,26.975234985351562,27.050143201217217,26.792125307675803,26.966913261374795,835800
2008-01-15,26.642309188842773,26.83374376776227,26.442556060867496,26.775478999165866,472800
2008-01-16,26.392614364624023,26.5091391312236,25.96813661579235,26.484169198200277,1044300
2008-01-17,26.051366806030273,26.59237091427002,26.051366806030273,26.55075435882351,689800
2008-01-18,26.151247024536133,26.334355120487487,26.092985429802038,26.209508619270228,458100
2008-01-22,26.059690475463867,26.209506902112878,25.244025027607357,25.385518143052614,785400
2008-01-23,25.568626403808594,25.959814095543603,25.418811563632936,25.859935947917197,695900
2008-01-24,26.20118522644043,26.226155161610368,25.668505976223507,25.668505976223507,709700
2008-01-25,26.783802032470703,27.13337156958541,26.400937663830533,26.625662298412205,1189100
2008-01-28,26.908653259277344,26.91697498374608,26.30938749692447,26.484172285937767,593400
2008-01-29,27.133371353149414,27.133371353149414,26.850385131305934,27.058463142219715,492000
2008-01-30,26.900325775146484,27.100082068410707,26.750509348952964,27.100082068410707,564500
2008-01-31,27.033496856689453,27.16666666682019,26.567402521231873,26.817097105859027,692200
2008-02-01,26.559080123901367,27.0917593827607,26.525788463977367,27.0917593827607,642600
2008-02-04,27.02517318725586,27.058463256128164,26.633985509085253,26.70057199686684,692400
2008-02-05,26.800451278686523,26.90032784549622,26.56740331028155,26.792126379358074,787500
2008-02-06,26.675601959228516,27.083436282014382,26.63398698956106,26.91697322832589,867300
2008-02-07,27.00020408630371,27.00020408630371,26.584049612942096,26.584049612942096,859400
2008-02-08,27.80755043029785,27.80755043029785,27.08343970646722,27.233256156227913,1069800
2008-02-11,27.990657806396484,27.990657806396484,27.53288677013753,27.707671555342415,1236600
2008-02-12,27.424686431884766,27.882457486965485,27.266545088752544,27.782580916315986,760000
2008-02-13,27.64940643310547,27.64940643310547,27.191632280224862,27.349773596681217,406600
2008-02-14,28.207054138183594,28.207054138183594,27.849159711923043,28.007301029351634,1015600
2008-02-15,28.073884963989258,28.42345767473491,27.89077529764542,28.24866973185284,995300
2008-02-19,28.98943328857422,29.022723361077635,28.63153881525709,28.69812213528276,919800
2008-02-20,29.139244079589844,29.172537324286786,28.70644459860387,28.748059566965765,706500
2008-02-21,28.981107711791992,29.272415683255705,28.797998029718368,29.08930917620084,565600
2008-02-22,29.380613327026367,29.422228292535486,28.75637931933451,29.122598635858807,555500
2008-02-25,29.663602828979492,29.671927728016055,29.122601867294907,29.339001616965,923900
2008-02-26,30.29616355895996,30.304485283459606,29.297388343001707,29.605342949790717,1029300
2008-02-27,30.25454330444336,30.70399259657723,29.68024910339585,29.78012566553049,1344400
2008-02-28,30.545852661132812,30.55417438456777,30.129696638978466,30.321128028167248,1536000
2008-02-29,30.046466827392578,30.45430117087527,29.97155860818224,30.437654547159767,1079700
2008-03-03,30.48759651184082,30.83716610881423,30.304486813415295,30.745611259601468,1311900
2008-03-04,30.379390716552734,30.670698672594433,29.46384870469146,30.662376948858352,1611900
2008-03-05,31.045236587524414,31.045236587524418,30.237896116353134,30.41268087222357,1009300
2008-03-06,31.278287887573242,31.31990285443699,30.637407237812525,31.103499946715992,1676900
2008-03-07,30.962007522583008,31.41977849478817,30.74560462116491,31.41977849478817,1497400
2008-03-10,31.54462242126465,31.619530619600805,30.229568089367202,30.79554043790307,1719600
2008-03-11,32.03569793701172,32.04401966199346,31.32823066283938,31.577923687539414,1474200
2008-03-12,32.3852653503418,32.41855859805935,31.503013335939915,32.00240252664656,1756900
2008-03-13,32.418556213378906,32.72651079456622,32.218799916786374,32.376941244302564,2624800
2008-03-14,32.3769416809082,32.68489626624831,31.835937550564353,32.50178658982079,1140300
2008-03-17,31.078533172607422,31.7277355785504,30.32945103112044,31.469720865941582,3062500
2008-03-18,31.769350051879883,31.869229785865656,31.09517931007804,31.419780507985383,1175300
2008-03-19,30.396039962768555,31.170090512800808,30.02982376141672,31.086857393162525,2186000
2008-03-20,29.172536849975586,29.913294069836578,25.59359565372648,29.022720426293755,3472500
2008-03-24,29.705217361450195,30.004850221977826,29.172538131631594,29.297386215190993,1459100
2008-03-25,30.004850387573242,30.30448324975453,29.746835670153878,30.146345094722705,1020800
2008-03-26,30.903751373291016,30.945366346264993,30.379393823765923,30.52088536688123,1394900
2008-03-27,31.244997024536133,31.319905240605284,30.66237791900037,30.795547728121228,2398300
2008-03-28,30.50423812866211,30.862132566816975,30.50423812866211,30.803867801867987,1129600
2008-03-31,29.771808624267578,31.577924625779364,29.505468966671547,31.16176851390817,1302500
2008-04-01,29.60533905029297,29.94658686017052,29.28073786224097,29.380614418175785,1282800
2008-04-02,30.48759651184082,30.512564861619193,29.230803322678597,29.230803322678597,814400
2008-04-03,30.65406036376953,30.687350439312972,30.196286106082,30.337780833463363,552400
2008-04-04,30.870454788208008,30.986977969948065,30.47094537580556,30.63740842472789,825800
2008-04-07,31.203380584716797,31.56959674879446,31.095179127709415,31.394811977872294,1223600
2008-04-08,31.328224182128906,31.46971887770071,31.0202696212045,31.17008604003657,826900
2008-04-09,31.85258674621582,32.25209620203881,31.336554095988497,31.41146231739399,1277000
2008-04-10,31.711088180541992,32.28538553331184,31.577918378091606,32.26041401252714,1338600
2008-04-11,31.586244583129883,31.769351084686036,31.403134906555064,31.503011468769206,747400
2008-04-14,31.80263900756836,31.80263900756836,31.569592676401165,31.569592676401165,762000
2008-04-15,32.18550491333008,32.260413123582964,32.04401339119599,32.16886146662361,615700
2008-04-16,32.493465423583984,32.551727017080196,31.960786183036493,32.41023230786174,784500
2008-04-17,32.343650817871094,32.66825204998255,32.252095972912706,32.61831217772736,555800
2008-04-18,32.36029815673828,32.46017472843585,31.927495446023528,32.2271283361352,549200
2008-04-21,32.40190887451172,32.40190887451172,31.827614693908018,32.37694052862155,769300
2008-04-22,32.60166549682617,32.79310008596131,32.160541071906955,32.23544929264973,904600
2008-04-23,32.29370880126953,32.49346510200728,32.08563077655128,32.36861701716885,744300
2008-04-24,31.75270652770996,32.19383090584773,31.4613954001511,31.994074613378263,691800
2008-04-25,32.335323333740234,32.343648232626805,31.661152574786,31.802644105671185,473700
2008-04-28,32.41022872924805,32.43520024871682,32.15221403654488,32.351967142184854,480500
2008-04-29,31.62785530090332,32.21047432302887,31.519653854289857,32.21047432302887,1231900
2008-04-30,31.569597244262695,31.76102864042261,31.16176293069169,31.62785883548447,1620800
2008-05-01,30.837162017822266,31.086855007537782,30.379391007507387,30.878776986938416,1700600
2008-05-02,31.619537353515625,31.64450569993913,30.8371619653806,30.8371619653806,1348400
2008-05-05,32.27706527709961,32.35197350019061,31.636184518436384,31.636184518436384,825500
2008-05-06,32.70154571533203,32.85136215898992,32.23544976006094,32.36029785478216,825700
2008-05-07,32.759803771972656,32.94291344443372,32.38526270331075,32.60166244574952,839600
2008-05-08,33.292484283447266,33.292484283447266,32.859681606760205,32.942914722480054,933100
2008-05-09,33.80851745605469,34.03324210966073,33.24254495993992,34.03324210966073,1035000
2008-05-12,33.234222412109375,33.808516618190914,33.126020950087515,33.808516618190914,557100
2008-05-13,33.417335510253906,33.6420570062712,33.084409366121804,33.325780661866624,700300
2008-05-14,32.87632369995117,33.517204315104316,32.87632369995117,33.517204315104316,631600
2008-05-15,33.25086975097656,33.43397625793412,32.56004916898865,33.31745306941056,723800
2008-05-16,33.733604431152344,33.88342084554089,33.33409505112232,33.65869622395807,1480100
2008-05-19,33.78355407714844,33.800200703014085,33.50056778747089,33.79187580257164,481400
2008-05-20,34.24964141845703,34.391132940018935,34.05820685690391,34.12479334353429,654300
2008-05-21,35.24842071533203,35.29836059078567,34.30791020693176,34.53263488394448,863900
2008-05-22,34.74070739746094,35.414878146004064,34.557597725007945,35.33164820853557,1280800
2008-05-23,34.80729293823242,35.140219059432994,34.565921659112945,35.11524753658073,478700
2008-05-27,34.24964141845703,34.63250419152641,34.04156341026475,34.63250419152641,1094000
2008-05-28,34.46604537963867,34.50766035138043,33.65037986842874,33.7419347112719,976600
2008-05-29,33.52552795410156,34.549271382265985,33.175958421321816,33.95833059588967,883300
2008-05-30,33.7502555847168,34.00827348304077,33.21757633980682,33.43397609241947,704800
2008-06-02,34.199703216552734,34.39945951113921,33.53385419296211,33.70031724261441,1013700
2008-06-03,33.392356872558594,33.9583292920103,33.342420184089434,33.90006770545071,684400
2008-06-04,32.892974853515625,33.33409925427158,32.87632823037142,33.21757606728085,797200
2008-06-05,34.14144515991211,34.266290078811934,32.751482202691165,32.892976920800336,1323900
2008-06-06,35.0153694152832,36.19725423554378,35.0153694152832,35.29835565323134,871600
2008-06-09,35.37326431274414,35.91426844871123,35.115246418279746,35.91426844871123,1567800
2008-06-10,35.231773376464844,36.19725530353565,34.957108854314804,36.19725530353565,868300
2008-06-11,36.53017807006836,36.83813266235467,35.6312826405514,35.63960436465914,938900
2008-06-12,36.521854400634766,36.69663917275616,35.50643266256438,36.33042300616583,1153800
2008-06-13,36.28880310058594,36.45526614095932,35.89761860697968,36.13066495849136,378600
2008-06-16,36.25551986694336,37.445726543700374,36.23887324226617,36.638382709461546,1116600
2008-06-17,36.621734619140625,36.72161118818754,36.25551841595602,36.41365658153187,669100
2008-06-18,37.121116638183594,37.121116638183594,36.32209782189514,36.921363521620755,540700
2008-06-19,36.25551986694336,37.146093649549094,36.097378520019625,37.146093649549094,1047100
2008-06-20,36.505210876464844,36.92136694541676,36.330426089509565,36.621734067768365,719600
2008-06-23,36.763221740722656,36.846454850770506,36.23054253649043,36.372037236062525,712600
2008-06-24,36.77155303955078,36.9380161136019,36.45527351635557,36.74658468969979,791800
2008-06-25,36.63005828857422,36.679998163258766,35.85601086858762,36.621736563636325,1180300
2008-06-26,37.845237731933594,37.870206082575315,37.146095338792975,37.17938541464222,959200
2008-06-27,37.94511032104492,38.24474319732729,37.75367891120204,38.020018540115515,826400
2008-06-30,37.27093505859375,38.22809524967738,37.27093505859375,38.22809524967738,1306200
2008-07-01,37.928462982177734,37.9784028522894,37.49566029959959,37.73703157594449,860600
2008-07-02,38.6525764465332,38.6525764465332,37.49566302582262,37.70374107055529,888000
2008-07-03,38.63592529296875,38.81071324306962,38.29467746660972,38.81071324306962,1058300
2008-07-07,38.111572265625,38.211448829784956,37.38745844416382,38.12821888882144,1137200
2008-07-08,36.72993850708008,37.270939535486896,36.36371910475395,36.99627815876139,1586500
2008-07-09,36.70496368408203,37.187706243768424,34.957109480085286,36.72993520700916,2332600
2008-07-10,37.7037353515625,37.7037353515625,37.02956462090065,37.079501312049814,970900
2008-07-11,38.228092193603516,38.702509801687235,37.695412996809054,38.55269338071149,707300
2008-07-14,38.2447395324707,38.25306125600608,37.88684509509793,38.15318469848904,449100
2008-07-15,37.02956771850586,38.17815616127783,36.41365535098943,38.02001800104601,4871400
2008-07-16,36.463600158691406,36.779876521980476,35.78942610532831,36.621738340335945,1380700
2008-07-17,35.6063117980957,36.721610175935545,35.31500382348107,36.26383914081878,1860900
2008-07-18,34.99872589111328,35.62296001464688,34.79064784993542,35.439853497423236,1249000
2008-07-21,35.4232063293457,35.4232063293457,34.8489089124987,35.08195847405325,1052100
2008-07-22,34.64915466308594,35.37326532304657,34.31622854297916,35.37326532304657,1411800
2008-07-23,33.86677551269531,34.45771946971396,33.64205088256458,34.083178419496065,2755700
2008-07-24,33.89175033569336,33.96665855303723,33.525530973114996,33.75858052430634,1381100
2008-07-25,33.46726989746094,33.83348926571183,33.35907160685844,33.8001960185947,752700
2008-07-28,33.63372802734375,34.632503069306416,33.617081406225566,33.617081406225566,830200
2008-07-29,33.25086975097656,34.033241998933875,32.9595586046489,33.999948752207494,1726200
2008-07-30,33.90839767456055,34.05821093739104,32.87632923326741,32.90962248057144,1344100
2008-07-31,33.62540817260742,34.557596781892144,33.19260552454203,34.24131731311003,937800
2008-08-01,33.25086975097656,33.96665868049988,32.75148057513718,32.78477382186356,773300
2008-08-04,32.152217864990234,33.4090077605975,31.586245373254595,33.217576355307315,1633800
2008-08-05,31.927490234375,32.34364625270623,31.70276560347392,31.90252188928103,1609300
2008-08-06,31.586244583129883,32.052337323475,31.24499675179778,31.860905922973448,1373800
2008-08-07,31.761028289794922,32.00239955077397,31.569596895748326,31.569596895748326,949200
2008-08-08,30.870454788208008,31.436427249532787,30.679023393203828,31.328225791480484,1584700
2008-08-11,30.837162017822266,31.128473151672555,30.587469028106753,31.02027169195567,823000
2008-08-12,30.570823669433594,30.937039857823297,30.287837422717402,30.92871813366345,705300
2008-08-13,31.594568252563477,31.785999664852856,30.654057815013786,30.654057815013786,662100
2008-08-14,31.319902420043945,31.577917116031685,30.853806542586568,31.503008906708505,569800
2008-08-15,30.895427703857422,31.07853740225656,30.52088658214057,30.920399228651245,908200
2008-08-18,31.07021141052246,31.394812613093826,30.86213339092352,31.17840969470051,629200
2008-08-19,31.552949905395508,31.885875997691457,30.795546061689823,30.920394140055436,1380900
2008-08-20,31.80263900756836,32.044010236287605,31.220020004632232,31.73605570224265,885200
2008-08-21,33.16763687133789,33.38403980158805,32.526759329875475,32.526759329875475,975300
2008-08-22,32.04401397705078,32.868004304897376,31.88587583030057,32.84303278434423,449000
2008-08-25,31.860904693603516,32.235445756228025,31.744381513013344,32.03569263950732,455700
2008-08-26,31.877553939819336,32.376943122765184,31.50301284636465,32.0024020293105,788600
2008-08-27,32.17718505859375,32.701542560814815,31.78599736288708,32.37694135587465,520200
2008-08-28,31.54462242126465,32.4268710072039,31.319897826256177,32.29370122960828,540500
2008-08-29,31.428102493286133,31.969106610981367,31.344872555956982,31.794321837579,419400
2008-09-02,30.61244010925293,30.703994954498437,29.88000769732669,30.054792488239617,1213700
2008-09-03,30.437652587890625,30.437652587890625,29.946588332459026,30.121373107692655,1391500
2008-09-04,30.004850387573242,30.58746948903478,29.855033956482597,30.31280497369571,915500
2008-09-05,29.705217361450195,29.938266905759825,29.397262777027315,29.788450475496013,664200
2008-09-08,29.63863754272461,30.063115361883266,29.3306829219617,29.8966522891669,563200
2008-09-09,28.556629180908203,29.155891731522114,28.50668931209926,29.072661791859222,1065500
2008-09-10,28.598243713378906,29.097629693756367,28.398487416216746,28.914523194294567,827700
2008-09-11,28.356870651245117,28.556626935757166,28.09053105524134,28.456747205991924,787000
2008-09-12,28.548307418823242,28.864586939328692,28.406815870845477,28.523339069184583,611800
2008-09-15,27.424686431884766,28.232027071748202,27.333131585864834,27.957365708707343,600900
2008-09-16,26.867036819458008,27.30816444479056,26.384297394118203,26.842068469446023,1160900
2008-09-17,27.67437744140625,28.09053349315672,26.783803744661743,27.15001992719542,988600
2008-09-18,27.724319458007812,28.689801445849476,27.607793087476427,28.248673837813758,966900
2008-09-19,28.63985824584961,28.93116620079125,27.79922445086189,27.79922445086189,890000
2008-09-22,29.630308151245117,30.10472577280863,29.18086205056606,29.18086205056606,1457300
2008-09-23,29.339000701904297,29.830064954128403,28.9145229398211,29.671926802571644,609000
2008-09-24,29.097631454467773,29.946590212495256,29.097631454467773,29.904975240782097,1131600
2008-09-25,29.60533905029297,29.74683374830089,28.947811775766958,29.147568062655058,879200
2008-09-26,29.255767822265625,29.380612716197437,28.922841755077563,29.0393649260879,418800
2008-09-29,27.44133186340332,28.44010387652376,27.216607207945582,28.19041087324365,682400
2008-09-30,28.207054138183594,28.207054138183594,27.60778846165087,27.774251502356453,1113600
2008-10-01,27.549531936645508,27.890779804047398,27.166669095173923,27.88245807924106,590400
2008-10-02,26.026399612426758,27.083436354922735,26.026399612426758,27.083436354922735,992000
2008-10-03,25.418813705444336,26.59237370451595,25.36887383366851,25.82664646655701,1613100
2008-10-06,24.33680534362793,25.360548834273388,24.15369725516178,25.302287241920947,2123200
2008-10-07,24.636436462402344,25.360547041169596,24.636436462402344,25.110854066596588,1593300
2008-10-08,24.994333267211914,25.327257794141723,24.603145558998694,24.736315369770615,1123100
2008-10-09,23.8290958404541,25.38552023884829,23.8290958404541,25.169118892212715,849400
2008-10-10,22.772058486938477,24.08711147923921,22.697150274480713,22.75541186472358,1859300
2008-10-13,24.037172317504883,24.21195868086852,23.629339586335487,24.120403843510932,666600
2008-10-14,23.59604835510254,24.71134669622621,23.554431797592343,24.62811516871517,1053100
2008-10-15,22.522361755371094,23.20485732560823,22.522361755371094,23.021749261340183,750500
2008-10-16,22.097885131835938,22.59727269830593,21.59849915287526,22.588949386988677,949900
2008-10-17,22.34758186340332,22.813676229541446,21.93974909459378,22.02297904077206,1005600
2008-10-20,22.797027587890625,22.988460574684513,22.189440144504317,22.530687973667,512200
2008-10-21,21.981361389160156,22.38919410827354,21.906453176720017,22.164469470953122,442300
2008-10-22,20.94097137451172,21.490297208997394,20.724570047667473,21.432035618598803,643600
2008-10-23,21.02420425415039,21.357128783262123,20.76618794252747,20.84941788417337,819100
2008-10-24,20.183570861816406,20.599726962060043,19.809029736593317,19.867292924135437,724800
2008-10-27,20.033750534057617,20.807800984689546,19.833995835105704,19.925550667441293,712100
2008-10-28,20.58307647705078,20.89103263198346,20.183567076740204,20.79947779909632,605600
2008-10-29,21.79825210571289,21.973036866765153,21.074139954545508,21.149048162856243,931900
2008-10-30,20.899356842041016,21.748313957346717,20.691278821988863,21.723345610946414,711400
2008-10-31,21.132404327392578,22.00633301038917,20.691279917531727,20.807803106927516,1047200
2008-11-03,20.899356842041016,21.34880453984882,20.89103353073781,21.149049831099873,979000
2008-11-04,21.848190307617188,22.605594111280517,21.382096025557257,21.415387680521235,1220100
2008-11-05,21.28221893310547,22.164469264446968,21.157372442704855,22.03129946301841,757200
2008-11-06,20.35003089904785,21.06581820510709,20.283445996449103,20.965941644963614,800900
2008-11-07,20.375,20.69960280126253,20.308415094935008,20.47487815135217,1248800
2008-11-10,20.508169174194336,21.340481255452342,20.183567970506694,21.19898813813811,438200
2008-11-11,20.116985321044922,20.241831829717277,19.7091525460435,20.191893543750233,873900
2008-11-12,19.52604103088379,19.75908898951455,19.218086444042104,19.559334276763614,978100
2008-11-13,19.892257690429688,20.15859729260135,19.10156219492122,19.367901797092884,1126400
2008-11-14,19.767412185668945,19.90890530481411,19.45945601311442,19.625919066523785,486800
2008-11-17,19.317962646484375,19.94219670750836,19.209762774410983,19.584303846029094,554600
2008-11-18,19.026657104492188,19.509398109494157,18.93510225591111,19.317965099960134,1750400
2008-11-19,18.810251235961914,19.32628377923314,18.810251235961914,19.168145644606643,912800
2008-11-20,17.85309410095215,18.976714098032414,17.85309410095215,18.435711583232795,926200
2008-11-21,18.16105079650879,18.41074539315529,17.93632613577977,17.93632613577977,591300
2008-11-24,19.409517288208008,19.409517288208008,18.419065476843087,18.660436740015676,1225100
2008-11-25,18.760313034057617,19.05994427123016,18.55223503636404,18.99335937546858,731400
2008-11-26,19.35957908630371,19.35957908630371,18.693728472721514,18.993361328208966,1003900
2008-11-28,18.518943786621094,19.10156287783312,18.518943786621094,18.893484857758725,406000
2008-12-01,17.944650650024414,18.51062320199804,17.944650650024414,18.502299889467892,548600
2008-12-02,17.952970504760742,18.394096458839122,17.77818573782034,18.269249969951805,849100
2008-12-03,17.74489402770996,17.83644886831091,17.478554405062884,17.645017462971992,1077200
2008-12-04,16.81270408630371,17.645016138348268,16.779410842217487,17.478553092935655,1102100
2008-12-05,16.396549224853516,16.78773534559529,16.155177950612654,16.7544420991444,1966600
2008-12-08,17.153949737548828,17.262149592166676,16.812701966242233,16.995810023099,1253100
2008-12-09,16.77941131591797,17.187244042432237,16.712826413375012,17.054074237346324,1201400
2008-12-10,17.287118911743164,17.3703504210155,16.729469863380192,17.06239431296055,1485800
2008-12-11,17.83644676208496,18.0778164212906,17.328735924173905,17.403644132636494,2210700
2008-12-12,18.22763442993164,18.727022000787848,17.029104577378607,17.20389094155748,1068200
2008-12-15,17.7119197845459,18.557357452303805,17.475196657057708,18.413632984283186,1382400
2008-12-16,17.96554946899414,18.134637638425918,17.51746694878093,17.96554946899414,952900
2008-12-17,17.72037124633789,18.134637087608503,17.5512846945862,18.117727948670062,1794800
2008-12-18,17.4498291015625,17.695006745210435,17.246924299514568,17.644280947834456,2647600
2008-12-19,17.331470489501953,17.466740374075016,17.120111093288514,17.314561350794268,2509700
2008-12-22,16.84111785888672,17.399106572468217,16.79884662189043,17.331471625747557,3788100
2008-12-23,16.90875244140625,17.196201361913698,16.579032284813,16.85802663559443,1340100
2008-12-24,16.64666748046875,16.95102393246194,16.57903253418756,16.95102393246194,520600
2008-12-26,16.90875244140625,16.925661580858286,16.409944115381222,16.41839868510724,515700
2008-12-29,17.094749450683594,17.28074677385267,16.790392979892736,17.24692849235123,1247400
2008-12-30,17.19620132446289,17.297652935865578,16.824208320049696,17.111657239931123,1078800
2008-12-31,17.91482162475586,18.244541743832116,16.925659654982983,17.01865668629899,1143700
2009-01-02,18.540447235107422,18.785623305994292,17.92327816050003,18.22763460668565,808800
2009-01-05,18.73489761352539,18.802532558924444,18.09236482596222,18.396722886530117,1221900
2009-01-06,19.225252151489258,19.35206747769407,18.82789703270235,19.115345965456918,1047200
2009-01-07,18.244543075561523,19.01389115125945,18.17690813305657,19.01389115125945,991700
2009-01-08,18.312175750732422,18.329084887401102,17.931728238407278,18.227631679933054,1207000
2009-01-09,18.100818634033203,18.219179380364924,17.838733433208297,18.219179380364924,672000
2009-01-12,17.280746459960938,17.813371483578518,17.204656940509228,17.754191104570385,701500
2009-01-13,17.568191528320312,17.897911631634603,17.21310771992645,17.37373968113165,553700
2009-01-14,17.323015213012695,17.720370281157777,16.951022239349626,17.720370281157777,700000
2009-01-15,17.306106567382812,17.424468924328398,16.93411519568013,17.323015705881353,880500
2009-01-16,17.3821964263916,17.855642638572586,17.356834330679778,17.855642638572586,1184900
2009-01-20,16.84111785888672,17.25538210911878,16.621303878908503,17.162383452673755,699600
2009-01-21,16.90875244140625,16.98484195639612,16.494488200097113,16.69739303588867,956600
2009-01-22,16.688940048217773,16.951025284391964,16.528306433284488,16.781938711475643,1469000
2009-01-23,17.46674156188965,17.576649358419612,16.621303919542445,16.697393436357242,1804300
2009-01-26,17.500560760498047,17.940187132068143,17.424471239688057,17.568195710935324,1223600
2009-01-27,17.027111053466797,17.36528734984727,16.874932042604403,17.36528734984727,1017000
2009-01-28,17.432924270629883,17.53437588105481,16.993296325337134,17.204655728357384,2342100
2009-01-29,17.22156524658203,17.331471429051643,17.035567935802874,17.07784078486373,927500
2009-01-30,17.12010955810547,17.449829670617838,17.12010955810547,17.390649302991935,964900
2009-02-02,16.79039192199707,17.120112083139656,16.680484126586666,16.90875267470583,811600
2009-02-03,16.59593963623047,16.89184312333497,16.486033456042996,16.68893828968898,737300
2009-02-04,16.688940048217773,16.891844903244028,16.570579285921905,16.765029570420676,1735200
2009-02-05,17.060932159423828,17.10320339721435,16.655122471475106,16.80729989504761,998900
2009-02-06,17.187746047973633,17.36528877944399,16.748118116521937,16.967932082247785,1411400
2009-02-09,17.094749450683594,17.627376096520322,17.07784192247729,17.627376096520322,946400
2009-02-10,16.87493324279785,17.44983105248012,16.781936205968687,17.331470307855255,1183500
2009-02-11,16.773479461669922,16.959475123754217,16.68048082435578,16.83265982630838,731200
2009-02-12,16.79884910583496,16.841120349081642,16.536762237562925,16.697395864480534,731500
2009-02-13,16.494489669799805,17.05247842108094,16.40994557755081,17.05247842108094,1302100
2009-02-17,15.572959899902344,16.088677326860797,15.572959899902344,15.961860402986693,1216800
2009-02-18,15.479962348937988,15.67441422679844,15.344692458931588,15.67441422679844,864300
2009-02-19,15.860411643981934,15.885775355815333,15.403874506247513,15.53914441093672,777200
2009-02-20,15.682865142822266,15.792772921988144,15.395416260834073,15.454598240985588,1107800
2009-02-23,15.530688285827637,15.978769149033107,15.446144209501128,15.936497917141919,709400
2009-02-24,15.826591491699219,15.843500630923748,15.539142575059289,15.758956547345369,858000
2009-02-25,16.012590408325195,16.19013155040369,15.657506511623769,15.894228034395098,860100
2009-02-26,16.350765228271484,16.460671419626017,16.114042092026683,16.283130276850745,657300
2009-02-27,16.15631103515625,16.4775765735319,15.95340622999099,16.24930806301696,595700
2009-03-02,15.344691276550293,15.767410053383877,15.251694242176935,15.767410053383877,1263200
2009-03-03,15.446146011352539,15.598325043983689,15.167151655710205,15.446146011352539,1398300
2009-03-04,15.987226486206055,16.088679717873937,15.792776205765724,15.818138304274386,1010100
2009-03-05,15.85195541381836,16.147858904051827,15.640596008300781,15.868864553270395,938900
2009-03-06,16.232402801513672,16.232402801513672,15.894226466551254,16.088678342917927,1247200
2009-03-09,16.139404296875,16.46912445270315,15.877319086153763,16.46912445270315,1624800
2009-03-10,16.09713363647461,16.4268538040926,16.029497076404922,16.266220199015788,1020200
2009-03-11,15.58987045288086,16.114040883958452,15.539143033710006,16.05486050747011,724600
2009-03-12,16.316946029663086,16.36767344978729,15.640596553450534,15.742049781154591,1256400
2009-03-13,16.173219680786133,16.5198505610871,16.130948448150097,16.426851914234827,1692900
2009-03-16,16.528303146362305,16.528303146362305,15.868862901803517,16.24085425576956,1015100
2009-03-17,16.88338851928711,16.88338851928711,16.469124283202863,16.528304657994287,1798200
2009-03-18,17.094749450683594,17.120113161809673,16.393036234972925,16.64666850860046,1501200
2009-03-19,17.4498291015625,17.779550815866415,17.323013801850546,17.652733903610432,3796400
2009-03-20,17.686555862426758,17.711919572672066,17.37374321957874,17.483651018097376,2944200
2009-03-23,18.05854606628418,18.083908160028802,17.635827303403325,17.73727890347003,3068100
2009-03-24,17.762643814086914,17.838733325567954,17.627373929797113,17.804915048223396,2188200
2009-03-25,17.492103576660156,17.72882506155027,17.365288265105573,17.51746567144457,1585700
2009-03-26,17.79646110534668,17.813370244614184,17.5851017021357,17.79646110534668,1601100
2009-03-27,17.46674156188965,17.47519613181844,17.20465634427443,17.449832422032067,1362300
2009-03-30,16.83266258239746,17.12011149703015,16.672028985974663,17.05247655314859,1630400
2009-03-31,16.90875244140625,17.145475556101882,16.604394381446763,16.917207011132266,4798800
2009-04-01,16.866479873657227,16.91720567546408,16.612847639534646,16.739662950323854,3109500
2009-04-02,17.51746368408203,17.69500639015151,17.382193818764332,17.492101592174958,4605800
2009-04-03,17.788007736206055,17.813369831975535,17.416014743659385,17.416014743659385,2335000
2009-04-06,17.568191528320312,17.635826462655142,17.280742654261278,17.57664609668017,1918700
2009-04-07,17.255380630493164,17.441376314900786,17.20465482793548,17.34837927896907,1230500
2009-04-08,17.3821964263916,17.67809990586866,17.060930851202723,17.153929502264027,1741200
2009-04-09,17.635828018188477,17.754188760578195,17.416014059076016,17.737279622367044,1843100
2009-04-13,17.7119197845459,18.05854909932309,17.13702191246342,17.21311143156518,1368000
2009-04-14,17.390649795532227,17.6104637476141,17.196199549955843,17.57664708481757,1233600
2009-04-15,17.280746459960938,17.390652647755413,17.086294569948574,17.238473608851994,1158200
2009-04-16,17.204654693603516,17.280744203118033,17.11165604585373,17.280744203118033,1574900
2009-04-17,17.077838897705078,17.339924082743867,17.077838897705078,17.339924082743867,1508400
2009-04-20,16.4353084564209,16.63821330001321,16.300038560692688,16.629758729962152,3025000
2009-04-21,16.494489669799805,16.612850431421734,16.14786034286893,16.22394986463858,1247400
2009-04-22,16.519851684570312,16.57903205930317,16.35921808704951,16.469124266904203,1270300
2009-04-23,16.73966407775879,16.73966407775879,16.47757886947014,16.570577522833066,1312800
2009-04-24,16.993295669555664,17.027112334210877,16.85802578584639,16.94256986630074,1333600
2009-04-27,16.57057762145996,16.798846165139814,16.240855854185412,16.342309077780108,1093100
2009-04-28,16.45221519470215,16.486033473283985,16.2831286394258,16.350763584045197,1567100
2009-04-29,16.83266258239746,16.86648086061037,16.595939472539875,16.655121459412467,1617400
2009-04-30,16.891843795776367,16.90029836574955,16.62975857678508,16.697393524026197,1304800
2009-05-01,17.399106979370117,17.483651067884196,16.993297289555763,17.077841378069845,2069700
2009-05-04,17.737281799316406,17.74573636945964,17.483651145196973,17.500560285483434,3069000
2009-05-05,17.48365020751953,17.67810047275203,17.407560692855633,17.602010958088133,1581500
2009-05-06,17.948640823364258,17.982459103198778,17.678101034865467,17.83028006903212,2645900
2009-05-07,17.982458114624023,18.320632831656564,17.830279088823318,18.320632831656564,3601000
2009-05-08,18.430538177490234,18.447447315714147,18.09236347573287,18.21917878732386,2875200
2009-05-11,18.278362274169922,18.345997220083138,18.11772867292192,18.24454399494116,1816400
2009-05-12,18.464357376098633,18.531992319827978,18.21917969723959,18.531992319827978,2137800
2009-05-13,18.25299835205078,18.557356411385797,18.168454267508356,18.379813672592274,2477600
2009-05-14,18.371360778808594,18.39672449024841,18.083911832668427,18.16845592492338,1957200
2009-05-15,17.906370162963867,18.329088999247077,17.82182607319835,18.26145404994354,2119100
2009-05-18,18.379812240600586,18.405175947750486,17.98245717051714,18.02472840322281,2184700
2009-05-19,18.379812240600586,18.42208508585042,18.17690742103388,18.379812240600586,2517000
2009-05-20,18.675718307495117,18.810988206040623,18.47281345967686,18.5573575494039,4038300
2009-05-21,18.523540496826172,18.61653916294727,18.244546111007377,18.438996401492858,2330700
2009-05-22,18.79407501220703,18.79407501220703,18.50662613665677,18.599624776553632,1947100
2009-05-26,18.836349487304688,18.870166151307366,18.345995765184487,18.40517613659731,3170300
2009-05-27,18.9208927154541,19.022345936635627,18.768715302498183,18.92934728493125,2329500
2009-05-28,19.26752471923828,19.34361262380936,18.92934837092783,19.013892458005444,2732700
2009-05-29,19.639514923095703,19.6564240619876,19.453519232917554,19.5972436884102,3127300
2009-06-01,20.18059730529785,20.239777682468993,19.884693806897804,19.943874184068946,4044000
2009-06-02,20.265140533447266,20.341230053366825,20.011509875411665,20.07069025478368,3385400
2009-06-03,19.588788986206055,20.112961000492742,19.385884158511146,20.096051861715445,3295800
2009-06-04,20.307411193847656,20.375046136196303,19.825512028045527,19.935418204657992,2816000
2009-06-05,20.1975040435791,20.248231461353363,19.96078254414297,20.222867752466232,3026200
2009-06-08,20.146778106689453,20.172141815410832,19.98614450987591,20.112961440938545,2457400
2009-06-09,20.34122657775879,20.383499421904695,20.163685469978347,20.332772008929606,2168000
2009-06-10,20.265140533447266,20.476499952658397,20.10450853587877,20.45959242465525,2546900
2009-06-11,20.451135635375977,20.552587242564673,20.358136984999486,20.408862788593837,2864500
2009-06-12,20.163686752319336,20.239776264076877,20.053778963094345,20.22286712534315,1954100
2009-06-15,19.7747859954834,19.96923787931741,19.631061531368346,19.96923787931741,2273500
2009-06-16,19.69869613647461,20.028417908746455,19.597244523886584,20.003054199327295,1694100
2009-06-17,19.75787925720215,19.86778544589394,19.453521176910417,19.631062315384327,1887700
2009-06-18,19.783239364624023,19.901601724239516,19.647969478672806,19.766330225744063,1843200
2009-06-19,19.614152908325195,19.88469268153615,19.487335978656343,19.859328973093533,2409400
2009-06-22,18.9547119140625,19.191435033288403,18.870167827728654,19.191435033288403,3758400
2009-06-23,19.28443145751953,19.301340596752016,18.89553093043799,19.073072054746273,4012600
2009-06-24,19.275976181030273,19.445064342065923,19.182979143750458,19.360520261548096,4231700
2009-06-25,19.445066452026367,19.487337690599976,19.250616174516757,19.377431502781963,3136700
2009-06-26,19.28443145751953,19.43661048552336,19.157616138364432,19.419701346290875,2186200
2009-06-29,19.470428466796875,19.538063410150183,19.377429814981983,19.46197389730968,2322300
2009-06-30,19.12380027770996,19.385885496672305,18.726443551735983,19.35206721678331,2892900
2009-07-01,19.047710418701172,19.352066869518875,18.878622247379095,19.34361229969834,2208000
2009-07-02,18.62499237060547,18.69262731941314,18.531993711290777,18.641899898399103,2277800
2009-07-06,18.067001342773438,18.210725792284713,17.965548126188466,18.168452946814234,2763400
2009-07-07,17.77955436706543,18.160000342189665,17.720372377004715,18.160000342189665,2690400
2009-07-08,17.559736251831055,17.762641046653023,17.424466388616406,17.754186478634114,3580300
2009-07-09,17.669645309448242,17.71191815647707,17.449831342531027,17.627374074963644,1778200
2009-07-10,17.53437614440918,17.60201108988972,17.35683501722687,17.48365033843485,1486900
2009-07-13,17.627376556396484,17.64428569758834,17.24692894230199,17.39910798793979,1537000
2009-07-14,17.627376556396484,17.771101031438356,17.51746875119387,17.754191890246496,1340200
2009-07-15,18.092363357543945,18.092363357543945,17.872549399701555,17.923276814041913,3202700
2009-07-16,18.13463592529297,18.168452588458173,17.855641600867422,17.881003695105292,1460600
2009-07-17,18.405176162719727,18.47281110336526,18.278360850577375,18.303722945479336,2220200
2009-07-20,18.709531784057617,18.74335005919687,18.48126487704411,18.675715121462478,3233700
2009-07-21,18.64189910888672,18.878622225960186,18.506629217000253,18.844805559260724,3826700
2009-07-22,18.74335289001465,18.777169557717137,18.413632720329698,18.47281309821732,2362900
2009-07-23,19.132251739501953,19.208341250759663,18.768714934380267,18.77716789114738,2376400
2009-07-24,19.149160385131836,19.2844302655421,19.073070875833043,19.24215903261796,2448800
2009-07-27,19.225252151489258,19.284432529548546,19.123800535543154,19.250615861747967,1906600
2009-07-28,19.013891220092773,19.064617024019064,18.844804669490383,19.056164067151546,1973600
2009-07-29,18.523540496826172,18.844807736583874,18.430541830705074,18.836353165796094,2307500
2009-07-30,19.098434448242188,19.21679518962927,18.760259749604696,18.836349258366152,2079200
2009-07-31,19.478883743286133,19.487336700535888,18.963166273658604,19.02234664967272,2317200
2009-08-03,20.02841567993164,20.079141480580752,19.808601727059987,19.893145803171258,2570800
2009-08-04,20.0368709564209,20.138322561301994,19.8255115649504,19.94387230815974,2255000
2009-08-05,20.248231887817383,20.290503124308636,20.00305420104405,20.28204855450152,2445900
2009-08-06,19.783239364624023,20.197503591917652,19.783239364624023,20.163686926701967,2238200
2009-08-07,19.690244674682617,20.036874000349357,19.588791441844933,19.926966197063162,2473800
2009-08-10,19.681787490844727,19.766329959015234,19.538063037392963,19.72405872492998,1588300
2009-08-11,19.38588523864746,19.597244647507473,19.335159432033468,19.588790077647754,1647800
2009-08-12,19.487335205078125,19.614152129712792,19.275975814079256,19.343610754697128,2315800
2009-08-13,19.74942398071289,19.817058928076523,19.597244946008633,19.791695218111034,2327900
2009-08-14,19.191434860229492,19.63951577243295,19.106890774658023,19.63951577243295,1761100
2009-08-17,18.90398597717285,18.929348074117424,18.641899150087315,18.810987321591256,2724400
2009-08-18,19.275976181030273,19.3351581661737,18.802531587692354,18.836349864917167,1339100
2009-08-19,19.411243438720703,19.51269664412547,18.920889773109646,18.937798909434438,1167300
2009-08-20,19.250614166259766,19.36897491195378,19.174524654729552,19.318249108448377,1506000
2009-08-21,19.394338607788086,19.52115392274399,19.30979452696941,19.436609841925314,1638600
2009-08-24,19.42815589904785,19.614153205355247,19.352066385111968,19.605698635746343,1590200
2009-08-25,19.149160385131836,19.49578965525116,18.93780099542278,19.43660928413969,1869100
2009-08-26,19.098434448242188,19.098434448242188,18.84480382740011,18.937800861685318,1853900
2009-08-27,19.259069442749023,19.259069442749023,18.82789606576088,18.96316595510489,1616300
2009-08-28,19.216796875,19.335159239311977,19.02234660779759,19.26752429365269,1693300
2009-08-31,18.692625045776367,18.88707529837885,18.515082318911013,18.810985788657153,1298600
2009-09-01,18.405176162719727,18.98852692108338,18.35444874782744,18.76026000424482,2174500
2009-09-02,18.44744873046875,18.498174536486527,18.227634754332648,18.37981378493028,1679300
2009-09-03,18.354448318481445,18.565807704622657,18.303722517319915,18.565807704622657,1684700
2009-09-04,18.278362274169922,18.320633510661565,18.10927410311473,18.24454399494116,1803200
2009-09-08,18.616533279418945,18.81943807656662,18.582715006955674,18.65880450745405,2799000
2009-09-09,18.692625045776367,18.870166160097543,18.61653553605467,18.7264417097948,2264600
2009-09-10,18.79407501220703,18.79407501220703,18.498171568253053,18.54889897867536,1568600
2009-09-11,18.548900604248047,18.93780110963698,18.337541213264277,18.93780110963698,1647700
2009-09-14,18.44744873046875,18.481267009510134,18.31217883939181,18.35445007564924,1505200
2009-09-15,18.878620147705078,18.92089137956205,18.388266440461212,18.506627179696036,2333600
2009-09-16,19.12380027770996,19.157616945054617,18.85325887623103,18.937802963409176,2035200
2009-09-17,19.132251739501953,19.267523235938935,19.03080013285448,19.157615447435926,1327400
2009-09-18,18.963165283203125,19.191433818087255,18.920892436440756,19.174524679382305,1553000
2009-09-21,18.548900604248047,18.73489628779786,18.447447387056396,18.73489628779786,1805400
2009-09-22,18.853256225585938,18.87861993193671,18.701078825113637,18.87861993193671,1926600
2009-09-23,18.430538177490234,18.853256957822985,18.4136306518105,18.853256957822985,1487600
2009-09-24,18.193815231323242,18.405174604514606,18.02472708775253,18.396720036081664,1982500
2009-09-25,18.050090789794922,18.227631889222497,17.940183012730575,18.10927115627078,1543100
2009-09-28,18.21072769165039,18.278362638913254,18.00782123731745,18.024730377269254,1144800
2009-09-29,18.143091201782227,18.312179376863373,18.067003296794493,18.176909481816196,1323200
2009-09-30,18.650354385375977,18.75180761440713,18.05009441895345,18.26990840473398,2136300
2009-10-01,18.531991958618164,18.802531728262423,18.430538738729453,18.802531728262423,2257800
2009-10-02,18.345996856689453,18.540447120770278,18.278361912115937,18.33754228704973,1334200
2009-10-05,18.937801361083984,18.937801361083984,18.143089588920837,18.337541456741324,1520300
2009-10-06,18.709531784057617,19.03925351648888,18.709531784057617,18.76871376555131,2322300
2009-10-07,18.74335289001465,18.912441066160156,18.53199347610494,18.827896978087402,1932000
2009-10-08,19.115345001220703,19.318249835422137,18.7433519989126,18.768715707891886,1875300
2009-10-09,19.191434860229492,19.292886472879808,19.030801258898133,19.216796957119918,1188000
2009-10-12,19.580333709716797,19.681786926172606,19.504244200510982,19.504244200510982,1798600
2009-10-13,19.80014991760254,19.85087572532095,19.563426794009363,19.707151259665157,1819500
2009-10-14,19.952327728271484,19.986144393826038,19.876238215093426,19.92696401969738,1841000
2009-10-15,20.155229568481445,20.172138705021773,19.808600332124815,19.910051926278747,2579200
2009-10-16,20.205957412719727,20.273592353189436,20.01996172956407,20.163686179630226,1767100
2009-10-19,20.493406295776367,20.55258666707003,20.17214073194898,20.22286653412295,2012600
2009-10-20,20.366592407226562,20.569497242645014,20.239777086658066,20.569497242645014,2164200
2009-10-21,20.797765731811523,21.05139637227311,20.30741197771998,20.35813778330344,2042400
2009-10-22,20.96685218811035,20.98376132740576,20.662495743514405,20.840036868483352,1799600
2009-10-23,20.89076042175293,21.10211980252766,20.772399684533198,21.068303140126638,1617200
2009-10-26,20.510316848754883,21.15284963327379,20.38350152830053,21.04294183968087,1885800
2009-10-27,20.366592407226562,20.56104267293454,20.265139183245193,20.56104267293454,3855800
2009-10-28,19.84242057800293,20.265139392628384,19.84242057800293,20.172142349940913,3014200
2009-10-29,20.459590911865234,20.518771286861426,20.07914334039788,20.07914334039788,2377800
2009-10-30,19.94387435913086,20.332774905408787,19.893148551473814,20.30741280785244,2278200
2009-11-02,20.29050064086914,20.29050064086914,19.9100531088352,19.94387138392449,2008500
2009-11-03,20.577951431274414,20.62867723605357,20.036871880178744,20.121414350629248,2419900
2009-11-04,20.56104278564453,20.806220470959335,20.527226119161558,20.69631267666501,3456400
2009-11-05,20.451135635375977,20.62867675422831,20.417317357950264,20.561041811921104,1924500
2009-11-06,20.087596893310547,20.40040789175583,20.011507382868356,20.23977591419493,2483500
2009-11-09,20.41731834411621,20.484953289690218,20.29895759249778,20.34122882877742,1809600
2009-11-10,20.315868377685547,20.544135329648068,20.112963524527512,20.510318660393942,2451700
2009-11-11,20.451135635375977,20.594860089346817,20.34122784628663,20.53567971639604,1383500
2009-11-12,20.146778106689453,20.40886331329998,20.10450687136475,20.3412283692539,2308200
2009-11-13,20.12986946105957,20.23132268588812,19.96078290307106,20.12986946105957,1058400
2009-11-16,20.71322250366211,20.831583259097414,20.298958247094188,20.34122948473698,1080900
2009-11-17,20.81467628479004,20.882311234342755,20.62022439384963,20.7216776244509,2245400
2009-11-18,20.831581115722656,21.07675878394856,20.721674941633097,21.00912384315248,3365300
2009-11-19,20.53567886352539,20.72167454400953,20.375045277512992,20.72167454400953,1484900
2009-11-20,20.510316848754883,20.58640636353635,20.332774110083363,20.38350152830053,4630100
2009-11-23,20.603313446044922,20.949942706535666,20.510314801142094,20.89921529338278,2014600
2009-11-24,20.366592407226562,20.6033155214869,20.25668461353472,20.56104267293454,2632700
2009-11-25,20.85694694519043,20.88231065527351,20.417318979016507,20.493408496721393,1799700
2009-11-27,20.620223999023438,20.67940437718086,20.062235272761516,20.112962693363045,1416200
2009-11-30,20.848491668701172,20.94994489305134,20.459591135871495,20.527226081256842,3340900
2009-12-01,21.000669479370117,21.186665165242314,21.000669479370117,21.068304420827662,2594000
2009-12-02,20.85694694519043,21.10212302581612,20.789311997513238,21.05985178822201,3084400
2009-12-03,20.840036392211914,21.01757912566763,20.78931058802924,20.890762196394586,1631900
2009-12-04,20.670949935913086,21.085214165824492,20.552587575549648,21.034486748864055,3607400
2009-12-07,20.484952926635742,20.71322146860652,20.425772551875376,20.45959083033517,2023600
2009-12-08,20.282047271728516,20.451135432087874,20.23132146863839,20.451135432087874,1906900
2009-12-09,20.02841567993164,20.358135802967055,19.774783451597827,20.290500864586864,2277800
2009-12-10,19.918508529663086,20.003052608458745,19.715603708080014,19.910053960529105,2051600
2009-12-11,20.01996421813965,20.01996421813965,19.78324109079778,19.986145937428933,2280700
2009-12-14,20.12986946105957,20.172142309964926,20.028417848775323,20.07914365491745,2782900
2009-12-15,20.0368709564209,20.197502932906662,20.0368709564209,20.12986799213787,2935200
2009-12-16,20.383501052856445,20.44268142685181,20.18904917931478,20.197503748820438,1447200
2009-12-17,20.07068634033203,20.24822905636573,19.969234741921987,20.205956213241475,1646600
2009-12-18,20.155229568481445,20.332770664522833,20.02841426951702,20.26513573090554,2143000
2009-12-21,19.96078109741211,20.34968159689549,19.96078109741211,20.298955795342042,1138300
2009-12-22,20.10450553894043,20.18059504751748,19.825511211672637,20.011506892336445,2165800
2009-12-23,20.459590911865234,20.51031671721279,20.172141993988628,20.172141993988628,1465200
2009-12-24,20.577951431274414,20.60331513993612,20.48495277872575,20.48495277872575,882900
2009-12-28,20.941490173339844,20.966852269837535,20.85694608907754,20.933035603659185,1932500
2009-12-29,20.899215698242188,21.009123482991775,20.78085495701416,21.009123482991775,2252400
2009-12-30,20.873855590820312,20.966852633833472,20.79776607491771,20.899217687758306,1420400
2009-12-31,20.81467628479004,21.042943231690213,20.79776714426576,21.042943231690213,1649600
2010-01-04,21.33884620666504,21.33884620666504,21.19512174089429,21.2796658288555,2046900
2010-01-05,21.36421012878418,21.414935937046444,21.23739480185633,21.36421012878418,2335400
2010-01-06,21.744653701782227,21.75310827098049,21.389569858176056,21.474113937614515,2262600
2010-01-07,21.4741153717041,21.685474778143206,21.4741153717041,21.668565638617444,1604100
2010-01-08,21.45720672607422,21.541750813104734,21.330391401800618,21.423390058788616,1565300
2010-01-11,21.389568328857422,21.634745980444734,21.35575166702639,21.61783684325718,1493800
2010-01-12,20.933034896850586,21.228938375505265,20.814674150406404,21.178210959134134,3256300
2010-01-13,20.94994354248047,20.975305637524784,20.56949599137385,20.823126617082135,3565200
2010-01-14,20.840036392211914,21.01757912566763,20.7554923102113,20.98376084784969,1622200
2010-01-15,20.603313446044922,20.80621826102408,20.544131464033224,20.789309123306452,1427200
2010-01-19,20.73858642578125,20.73858642578125,20.375047973177164,20.442682921623668,2316500
2010-01-20,20.349681854248047,20.476497166007523,20.239775680734947,20.468042596884334,1848500
2010-01-21,20.096052169799805,20.4849526923744,20.053779322208488,20.408863179254283,2452400
2010-01-22,19.884693145751953,20.04532513200582,19.74942325598855,19.977690187124118,3609600
2010-01-25,19.977689743041992,20.019962590493556,19.8508744257758,19.859328995266115,1718100
2010-01-26,19.75787925720215,19.910056684803614,19.65642602625677,19.673335166838402,1403100
2010-01-27,19.470428466796875,19.740968240210112,19.326704010603063,19.64796958839522,2082100
2010-01-28,19.402793884277344,19.538063773499577,19.233705716477413,19.50424549492188,1344900
2010-01-29,19.182979583740234,19.546518009524217,19.15761587523987,19.470428496567372,2810100
2010-02-01,19.64797019958496,19.64797019958496,19.233705957091384,19.301340902548617,2807600
2010-02-02,20.07068634033203,20.09605004620658,19.66487672160369,19.707147952183863,13788100
2010-02-03,19.82551383972168,20.096053633838473,19.808604699453287,19.99460040477249,4795500
2010-02-04,19.16607093811035,19.639515554494768,19.115345132348097,19.614153457885784,4453900
2010-02-05,18.9208927154541,19.17452496213579,18.455902682020707,19.106890018862856,11514400
2010-02-08,18.92934799194336,19.081527023127418,18.810987239931006,18.920893422150435,1608100
2010-02-09,19.26752471923828,19.385885473620338,19.00543788804325,19.081527405158667,2047300
2010-02-10,19.343610763549805,19.495789783145703,19.039254336902186,19.495789783145703,1842300
2010-02-11,19.571882247924805,19.647971769210823,19.242162064048344,19.37743196576917,1727000
2010-02-12,19.461973190307617,19.461973190307617,19.20834095253831,19.36051997269106,1374300
2010-02-16,20.053781509399414,20.07069065028016,19.766332564604493,19.774787135044864,1398600
2010-02-17,19.952327728271484,20.070688476528797,19.85087450651932,20.036871810974244,1526800
2010-02-18,20.12986946105957,20.155233170402784,19.943873763508915,20.028417848775323,1311900
2010-02-19,20.248231887817383,20.290503124308636,19.952328394745685,20.01150877085116,1729200
2010-02-22,20.138324737548828,20.273594633704345,20.070689789471068,20.24823253601541,1796300
2010-02-23,19.80860137939453,20.011506190973876,19.774783104525923,19.960780391215064,1833000
2010-02-24,19.96923828125,20.019964089445615,19.749424295676516,19.842421341944412,1581200
2010-02-25,19.631061553955078,19.673334403769516,19.45352042236745,19.571881176759202,1383700
2010-02-26,19.977689743041992,19.977689743041992,19.690242443092608,19.690242443092608,1536900
2010-03-01,19.7747859954834,20.112962343432464,19.681788951087306,20.0622349237135,2366400
2010-03-02,19.98614501953125,20.112961953827767,19.83396598841087,19.850875127989646,1425800
2010-03-03,20.18059730529785,20.27359434976207,19.977690851362027,20.045325798492524,1972000
2010-03-04,20.003053665161133,20.14677812294304,19.91850958189926,20.096052318003622,1841300
2010-03-05,20.239778518676758,20.307413468601595,20.138325287517297,20.163688998443263,1384000
2010-03-08,20.214412689208984,20.324320479158374,20.07914280353607,20.324320479158374,1450800
2010-03-09,19.994598388671875,20.163686549217513,19.994598388671875,20.028416665798684,2064000
2010-03-10,20.053781509399414,20.282050073656166,19.867785797344524,19.99460112886124,1705400
2010-03-11,20.003053665161133,20.028417373902975,19.893147485701682,19.969236999382943,1438400
2010-03-12,19.884693145751953,20.09605255007531,19.800149061513753,20.070688841040564,1669300
2010-03-15,19.64797019958496,19.774785520749234,19.538064017921073,19.76633095099904,1817600
2010-03-16,19.91005516052246,20.01996295334429,19.800148980244906,19.842420215918363,1549700
2010-03-17,20.087596893310547,20.189048498870672,19.935417872426164,20.045324047206996,2185600
2010-03-18,20.04532241821289,20.104504397948403,19.960779957964572,20.07068612381382,1524900
2010-03-19,19.80014991760254,20.036873041195715,19.66488002199054,19.80014991760254,1576900
2010-03-22,19.80014991760254,19.833966585233362,19.436611468441157,19.50424641624716,3003900
2010-03-23,19.715604782104492,19.842420100934262,19.64796983789233,19.724059351699044,1647200
2010-03-24,19.49578857421875,19.580332647923278,19.428153637763945,19.48733400559389,1622700
2010-03-25,19.38588523864746,19.639515884261748,19.368976098928023,19.62260674454231,3071500
2010-03-26,19.419702529907227,19.538064899204453,19.343613011267713,19.49579204854674,1626500
2010-03-29,19.85932731628418,19.92696225394432,19.647967934528225,19.656422503303755,2449500
2010-03-30,19.901601791381836,19.93541845671161,19.783239431367022,19.884692652444826,1091300
2010-03-31,19.884693145751953,20.04532513200582,19.8255127705485,19.986144756802364,1193900
2010-04-01,20.27359390258789,20.298957611906506,20.07068906567187,20.11296191453623,1665900
2010-04-05,20.594860076904297,20.611767603062717,20.400408206912367,20.400408206912367,1723500
2010-04-06,20.577951431274414,20.67095008382308,20.50186191783355,20.552587722612707,1609500
2010-04-07,20.501863479614258,20.670951658484498,20.434228530575037,20.56949842865348,1542500
2010-04-08,20.468042373657227,20.48495151171919,20.33277249424983,20.383499908435724,1069800
2010-04-09,20.510316848754883,20.620223029803512,20.41731819456769,20.552588084724903,987900
2010-04-12,20.493406295776367,20.738583962614886,20.468042588417294,20.637130745722768,1300100
2010-04-13,20.56949806213379,20.628678439920545,20.32432198093945,20.561043492086487,860200
2010-04-14,20.80622100830078,20.890763482963752,20.62022369393583,20.704767781143143,1454500
2010-04-15,20.88231086730957,20.899218394992285,20.772403068377926,20.848492586855414,2087200
2010-04-16,20.501863479614258,20.80622155656294,20.37504815173377,20.755494135375237,1506500
2010-04-19,20.239778518676758,20.349684707600467,20.079144907901114,20.349684707600467,2749500
2010-04-20,20.400407791137695,20.48495187038361,20.31586532443597,20.34968198860782,1977900
2010-04-21,20.501863479614258,20.603316709445277,20.290504062298645,20.476499769020407,1687400
2010-04-22,20.552587509155273,20.552587509155273,20.23132193216492,20.33277354066956,1618300
2010-04-23,20.687856674194336,20.713220381708254,20.39195481591957,20.425771480060604,1137100
2010-04-26,20.586406707763672,20.77240240670382,20.56949756807521,20.73013117002698,925700
2010-04-27,20.27359390258789,20.628677770327002,20.231322666267832,20.47649873950391,1517700
2010-04-28,20.34122657775879,20.408861515848116,20.18904756392177,20.315864483815364,1620000
2010-04-29,20.501863479614258,20.603316709445277,20.476499769020407,20.535681760406057,1316600
2010-04-30,20.66249656677246,20.70476780415092,20.484953822185386,20.62867828683422,2476400
2010-05-03,20.763948440551758,20.848492528907798,20.67095139465004,20.70476806246584,2355800
2010-05-04,20.205957412719727,20.561041253321743,20.189048274466252,20.52722458935898,2435900
2010-05-05,19.74942398071289,19.935419682826794,19.538064568633494,19.597244946008633,7516400
2010-05-06,19.360519409179688,19.71560324168622,19.064615946666887,19.588787932764774,3574100
2010-05-07,19.259069442749023,19.36897562313693,19.02234633012486,19.267524012401058,3752200
2010-05-10,19.631061553955078,19.74096935092828,19.478884132256113,19.681788973732406,2334400
2010-05-11,19.59724235534668,19.681786431510982,19.461972478501448,19.461972478501448,1730400
2010-05-12,19.75787925720215,19.86778544589394,19.605700217056285,19.749424686911336,1831900
2010-05-13,19.588788986206055,19.791693813900967,19.588788986206055,19.707149732558698,1337600
2010-05-14,19.089981079101562,19.445064938125626,19.005436995992163,19.445064938125626,1702200
2010-05-17,18.548900604248047,19.022345188539322,18.48972023277966,18.954710247926283,2636100
2010-05-18,18.523540496826172,18.86171526561494,18.472814684643982,18.85326069482716,1979100
2010-05-19,18.354448318481445,18.422084870089012,18.100817700129653,18.354448318481445,4000900
2010-05-20,17.9740047454834,18.126183781447036,17.77109990171333,17.95709560536647,3071500
2010-05-21,18.15999984741211,18.30372430855503,17.864096355347943,17.914823774017893,3529200
2010-05-24,18.143091201782227,18.261453569356767,18.100819964284113,18.18536405182469,2873300
2010-05-25,17.999366760253906,17.999366760253906,17.61891920618011,17.695008716994867,2565700
2010-05-26,18.193815231323242,18.329085101162192,18.117725727970825,18.117725727970825,1614200
2010-05-27,18.726442337036133,18.74335147588381,18.413631331075276,18.422085900499116,2069500
2010-05-28,18.56580924987793,18.743351987536602,18.388268124763535,18.650353333879952,2489300
2010-06-01,18.21917724609375,18.667259695857357,18.21917724609375,18.396719957337456,3618300
2010-06-02,18.438993453979492,18.48126630116099,18.21072652937635,18.295268998650872,1395800
2010-06-03,18.540447235107422,18.55735637449115,18.269907455144963,18.430539441657494,1162900
2010-06-04,17.96554946899414,18.33754247421748,17.940185759816085,18.329087904491463,2423300
2010-06-07,17.999366760253906,18.15154416933922,17.897913541652827,17.923277249439145,1406100
2010-06-08,18.143091201782227,18.168454911807704,17.98245920925392,18.058548726786,3121500
2010-06-09,18.227636337280273,18.3882699515882,18.210728808835576,18.31218042968152,1570000
2010-06-10,18.531991958618164,18.591172331659816,18.379812935057213,18.430538738729453,1341100
2010-06-11,18.557355880737305,18.557355880737305,18.345996481697217,18.430538951277857,2334000
2010-06-14,18.608081817626953,18.794077509592018,18.557356013008164,18.70953342686453,1647200
2010-06-15,18.9208927154541,18.96316556283984,18.675716650793806,18.734897024589593,1778600
2010-06-16,18.963165283203125,19.030800225478696,18.78562255188962,18.870166632870134,1320600
2010-06-17,18.971620559692383,19.089981309950282,18.90398561489583,19.081526740282676,1183100
2010-06-18,18.937801361083984,19.039254579622682,18.853257281059104,18.91243926585746,1929900
2010-06-21,18.861713409423828,19.250615564667218,18.802533032277825,19.22525185479993,1081100
2010-06-22,18.819442749023438,18.980076358017826,18.79407903837873,18.920894366513505,1540300
2010-06-23,18.506628036499023,18.73489656920075,18.47281137195666,18.73489656920075,1179500
2010-06-24,18.548900604248047,18.62499011400574,18.45590195620105,18.59117183742713,1196000
2010-06-25,18.88707733154297,18.929348569252486,18.633446680197157,18.71798915561619,1452700
2010-06-28,18.68416976928711,18.836348782969285,18.667260631645952,18.81098507650755,3621500
2010-06-29,18.168453216552734,18.354448901751702,18.126181982998848,18.345995945076282,1756400
2010-06-30,18.236087799072266,18.43053804966613,18.151543721083232,18.19381656634983,5303500
2010-07-01,17.957094192504883,18.159999020310426,17.82182430730119,18.151544450917164,1622700
2010-07-02,17.92327880859375,18.067003273463822,17.838734721162353,18.02473042347595,1682600
2010-07-06,17.9740047454834,18.261453677293744,17.897915227501578,18.15154587907807,1373000
2010-07-07,18.379812240600586,18.379812240600586,18.058546679422676,18.058546679422676,1319600
2010-07-08,18.548900604248047,18.574262699137822,18.295268367541013,18.45590195620105,1514200
2010-07-09,18.582719802856445,18.62499265434548,18.44744990318035,18.515084853018397,1278200
2010-07-12,18.371360778808594,18.523539822358615,18.30372582751352,18.47281401202342,702300
2010-07-13,18.667261123657227,18.70953235633014,18.59962618385407,18.63344446002773,1164400
2010-07-14,18.633445739746094,18.81098686421859,18.565809182753593,18.650353266449947,1135500
2010-07-15,18.810985565185547,18.810985565185547,18.481265435338,18.760259763488424,1078500
2010-07-16,18.574262619018555,18.684170404880774,18.472811014808695,18.667261266664408,866000
2010-07-19,18.557355880737305,18.785622806166973,18.455902659678596,18.62499082392836,1203200
2010-07-20,18.709531784057617,18.71798635284243,18.472810308259298,18.48126487704411,2829900
2010-07-21,18.65880584716797,18.903983502498644,18.624989184820627,18.903983502498644,1532200
2010-07-22,19.03080177307129,19.081527580766956,18.912441017599956,18.937803115175612,953100
2010-07-23,18.971620559692383,19.04771007415654,18.912440184563433,18.98007512935999,922500
2010-07-26,18.9547119140625,19.02234686062071,18.903986107279923,18.971621053838135,936200
2010-07-27,18.75180435180664,19.04770780474061,18.641896571766896,19.01388953009943,1219200
2010-07-28,18.827898025512695,18.887078406692613,18.692628122088756,18.80253431391654,1408200
2010-07-29,19.098434448242188,19.174523957003643,18.963164568787192,19.039254077548648,839700
2010-07-30,19.352067947387695,19.377431658262005,18.9800765298309,19.013893198452244,1062700
2010-08-02,19.72406005859375,19.850875381968482,19.698696348901073,19.72406005859375,1583400
2010-08-03,19.79169273376465,19.842418534783945,19.69024113172605,19.77478359591017,1362700
2010-08-04,19.96078109741211,20.028416036998095,19.842418743728516,19.91850825233077,2179600
2010-08-05,19.86778450012207,20.05378020003279,19.86778450012207,20.003054393247016,1210300
2010-08-06,19.690244674682617,19.943875337960183,19.571882300947916,19.77478715407885,1406400
2010-08-09,19.75787925720215,19.817059636693454,19.681789737129215,19.74097011662052,670600
2010-08-10,19.54651641845703,19.631058881488077,19.36051912968285,19.41969949882223,2217900
2010-08-11,19.106887817382812,19.352063853794125,19.089978680376774,19.343609285291105,1301400
2010-08-12,18.963165283203125,19.15761554067736,18.92934700579323,19.013891086773747,11204100
2010-08-13,18.946256637573242,19.02234615118151,18.887076263109982,18.996982442464,1819900
2010-08-16,18.88707733154297,19.005438087165103,18.861713621390646,18.937803139303263,957900
2010-08-17,19.157615661621094,19.242159743135346,19.056164053839378,19.081526149512694,1493600
2010-08-18,19.081527709960938,19.157617228291784,18.87862286526013,18.9885290514356,952300
2010-08-19,18.88707733154297,19.115345885280814,18.84480609383345,19.115345885280814,1005900
2010-08-20,18.768714904785156,18.80253156943292,18.692625393647425,18.77716786153894,1032400
2010-08-23,18.64189910888672,18.844805559260724,18.599627872376313,18.726443194451836,873400
2010-08-24,18.430538177490234,18.523536825177576,18.38826694447463,18.447447315714147,2209900
2010-08-25,18.523540496826172,18.523540496826172,18.286817352401787,18.36290687694732,1158700
2010-08-26,18.73489761352539,18.83635083789612,18.667262668126334,18.684171807612174,1224900
2010-08-27,19.056161880493164,19.08997854171555,18.65880522645779,18.810984233318653,1142000
2010-08-30,19.02234649658203,19.149161817383717,19.01389192685601,19.056164775486103,890600
2010-08-31,18.768714904785156,19.106889613983835,18.743351196891176,19.0392546721441,1091500
2010-09-01,19.140708923339844,19.199889304058654,19.022348161902226,19.022348161902226,1217400
2010-09-02,19.275976181030273,19.309794458255087,19.064616786007818,19.08998049392643,1633900
2010-09-03,19.377431869506836,19.41970310888044,19.149163306782764,19.352068158356023,963700
2010-09-07,19.478883743286133,19.597244495314364,19.250615196479426,19.32670471208166,989000
2010-09-08,19.521156311035156,19.64797164150612,19.504247170293848,19.504247170293848,951800
2010-09-09,19.411243438720703,19.60569528136784,19.3943359149399,19.571877008718253,1149800
2010-09-10,19.614152908325195,19.614152908325195,19.419701035353604,19.43661017431535,1201700
2010-09-13,19.75787925720215,19.808605066402638,19.69024430742003,19.749424686911336,1315200
2010-09-14,19.817058563232422,19.926964745970757,19.707150767949773,19.707150767949773,1438500
2010-09-15,19.783239364624023,19.817057642383947,19.707149852208435,19.74096812996836,1278000
2010-09-16,19.681787490844727,19.85932860905585,19.59724341013,19.817057374970595,844300
2010-09-17,19.74942398071289,19.859330165474667,19.614154085985625,19.82551349806502,1236300
2010-09-20,19.91005516052246,20.028417522987837,19.833965646274816,19.833965646274816,1107500
2010-09-21,19.69869613647461,19.901602586739273,19.69024317921253,19.884693447126498,1400300
2010-09-22,19.817058563232422,19.901602649016542,19.707150767949773,19.867784369685168,1052000
2010-09-23,19.833965301513672,19.918509383935287,19.681787888207865,19.69024245770445,1070800
2010-09-24,20.138324737548828,20.172143017859888,19.943874463393318,19.943874463393318,1266300
2010-09-27,20.003053665161133,20.16368726210427,19.893147485701682,20.12986898378181,959900
2010-09-28,20.003053665161133,20.17214183168488,19.935418721060486,19.99459909558052,1621100
2010-09-29,20.265140533447266,20.28204967399481,19.850876265298776,19.91005664467079,1137600
2010-09-30,20.383501052856445,20.391955622362104,20.104506709346687,20.324320678861078,2265900
2010-10-01,20.42577362060547,20.61176932423329,20.358138672691318,20.52722684874887,3049300
2010-10-04,20.358137130737305,20.4595903511965,20.31586589619678,20.408862934694785,1412800
2010-10-05,20.77239990234375,20.78085447116868,20.50186015012239,20.53567842542212,2483200
2010-10-06,20.780855178833008,20.90767049043728,20.730129376700134,20.772400609720165,7915000
2010-10-07,20.56949806213379,20.958400221587898,20.51877225439433,20.958400221587898,2212800
2010-10-08,21.254302978515625,21.2627575489082,20.763949183557287,20.823129563760883,4032800
2010-10-11,21.152849197387695,21.35575402844236,21.13594005833041,21.228938710601227,1333400
2010-10-12,21.254302978515625,21.321937929111797,21.01758145770124,21.15285135889358,2043200
2010-10-13,21.355754852294922,21.474115605173477,21.330391142730523,21.381118561859317,1886600
2010-10-14,21.321935653686523,21.533295053311843,21.28811898826948,21.37266307062846,1565300
2010-10-15,21.08521270751953,21.372661600237674,21.042939862976194,21.338843324603005,1094100
2010-10-18,21.29657554626465,21.338846785118964,21.102123654919353,21.15285107659781,1174800
2010-10-19,20.670949935913086,21.026033791914898,20.645586227432865,20.86540019662868,1722300
2010-10-20,21.161304473876953,21.20357571038812,20.806220604532527,20.806220604532527,2076100
2010-10-21,20.899215698242188,21.28811781056081,20.814673233104543,21.203573732879008,1836600
2010-10-22,21.07676124572754,21.07676124572754,20.907673067715642,21.009126297031653,1074800
2010-10-25,21.18666648864746,21.355754659125356,21.05985116706119,21.296574283221386,1365100
2010-10-26,21.29657554626465,21.313483074279734,21.110578225199095,21.119032795478837,1769300
2010-10-27,21.228939056396484,21.245846583184917,20.966852234372226,21.11903126327811,1376900
2010-10-28,21.33884620666504,21.406481154525135,21.245847548653273,21.389572014424022,1776300
2010-10-29,21.288118362426758,21.330389596091404,21.15284847964685,21.25430008545968,1606100
2010-11-01,21.423389434814453,21.67702007597445,21.38111819880255,21.668565506263214,1939800
2010-11-02,21.61783790588379,21.651656181921236,21.550202966353044,21.651656181921236,1920000
2010-11-03,21.71929168701172,21.770017489844612,21.431842783384994,21.66011131494931,2448200
2010-11-04,22.235008239746094,22.26882651777458,22.040557978715054,22.108192922227776,2715100
2010-11-05,22.328006744384766,22.328006744384766,22.125101915186054,22.20964599715491,2701200
2010-11-08,22.38718605041504,22.395640619463173,22.175826661844177,22.243461601685087,1792800
2010-11-09,22.235008239746094,22.759180261377868,22.20119157426186,22.598546665831062,3435400
2010-11-10,22.471731185913086,22.539366128937022,22.260371787395265,22.446367477575023,1735500
2010-11-11,22.285736083984375,22.471731779073647,22.260372374976814,22.471731779073647,1847400
2010-11-12,21.355754852294922,21.964469368941614,21.330391142730523,21.913743562357137,1832900
2010-11-15,21.389568328857422,21.57556561283237,21.389568328857422,21.524838201269706,2162600
2010-11-16,20.7554931640625,21.19512111851597,20.721676497397628,21.186666548713678,3073400
2010-11-17,20.594860076904297,20.924580218884692,20.569496368850334,20.763946626298043,2566500
2010-11-18,21.152849197387695,21.152849197387695,20.93303522727575,21.05139597558824,2002500
2010-11-19,20.848491668701172,21.000670698954277,20.780856723315825,20.94994489305134,3559400
2010-11-22,20.916126251220703,20.933035390409763,20.654041043967332,20.814674641174875,2719100
2010-11-23,20.865400314331055,20.91612611903339,20.60331510873403,20.6963121485976,1450200
2010-11-24,21.254302978515625,21.2627575489082,20.916128225534774,20.916128225534774,1643000
2010-11-26,21.355754852294922,21.355754852294922,21.093669636973413,21.110577164138693,659900
2010-11-29,21.39802360534668,21.41493274309363,21.135938420445513,21.30502657282673,1594000
2010-11-30,21.195117950439453,21.372660664661364,21.16130128882923,21.245843749126827,1606100
2010-12-01,21.82074546813965,21.837654608284467,21.550205675999955,21.558660246072364,2078400
2010-12-02,22.00674057006836,22.02364809596739,21.786926607939023,21.786926607939023,2401400
2010-12-03,22.285736083984375,22.336461889455215,22.032103831541605,22.04055840121079,2571400
2010-12-06,22.260372161865234,22.3026433972622,22.142011412718315,22.24346302268874,1868900
2010-12-07,22.108192443847656,22.59009160751642,22.091283305199294,22.573184081412276,1710800
2010-12-08,22.277280807495117,22.31109747255464,22.00674103684202,22.201191295430906,1690800
2010-12-09,22.218101501464844,22.328007683867853,22.150466555552768,22.294191017183966,2535000
2010-12-10,22.184282302856445,22.226555150139777,22.02364870826827,22.226555150139777,1439800
2010-12-13,22.404096603393555,22.50554982583406,22.32800708969924,22.454822408341673,1330900
2010-12-14,22.34491729736328,22.488641762042526,22.30264444743154,22.387188534750685,1226500
2010-12-15,22.285736083984375,22.48864091841202,22.226555708844348,22.24346323563844,1304500
2010-12-16,22.209646224975586,22.311097834343485,22.1504658507536,22.311097834343485,1587100
2010-12-17,22.378732681274414,22.44636762474179,22.268826502844025,22.285735641846934,1321200
2010-12-20,22.581636428833008,22.640818412505258,22.344914944320685,22.497093962960992,2017100
2010-12-21,22.72536277770996,22.776090196525857,22.632365734969433,22.666182401635723,2422200
2010-12-22,22.84372329711914,22.869085391934068,22.7253609419875,22.767633787586007,1361900
2010-12-23,22.928268432617188,22.953630528601145,22.76763483702705,22.801451502520408,1367200
2010-12-27,22.885995864868164,22.94517623961325,22.792997211672013,22.86063376857414,1534400
2010-12-28,23.13117218017578,23.15653427497225,22.995902299447376,23.071991808925127,1148000
2010-12-29,23.139625549316406,23.164987642797648,23.09735270594085,23.131170980641294,1789100
2010-12-30,22.860633850097656,23.088900780279264,22.75918062692695,23.046629544608965,1612300
2010-12-31,23.291805267333984,23.393258488994373,22.91981388384916,22.95363054937312,991100
2011-01-03,23.393259048461914,23.65534425958152,23.37634990902341,23.52852893888134,2385800
2011-01-04,23.080446243286133,23.427075536414627,22.87754140920196,23.410168009649155,3117800
2011-01-05,23.325620651245117,23.325620651245117,22.79299412556687,22.85217610484316,2801700
2011-01-06,23.0128116607666,23.342533432318778,22.978994994159173,23.334078862530845,2709700
2011-01-07,22.928268432617188,23.088900415663076,22.742271128498842,22.945175959091742,3047200
2011-01-10,23.198808670043945,23.21571619685616,23.02972050156755,23.114264585805746,1532500
2011-01-11,23.460893630981445,23.49471190933564,23.274897937666175,23.376349547640224,1822800
2011-01-12,23.613073348999023,23.75679781111872,23.570800499820106,23.672253725305197,6347100
2011-01-13,23.579254150390625,23.67225280241427,23.477802541405058,23.655343663401926,3014400
2011-01-14,23.68916130065918,23.739887103779882,23.494711044909646,23.553891417307835,3428100
2011-01-18,23.66379737854004,23.773705165607872,23.545436634815477,23.57079872987406,1934600
2011-01-19,23.6384334564209,23.85824741601758,23.629980499840876,23.84979284689338,2346400
2011-01-20,23.401714324951172,23.494712982127346,23.181900343244784,23.359441475078206,3122100
2011-01-21,23.6384334564209,23.6637971637935,23.452437773321023,23.486256049817825,2637900
2011-01-24,23.435529708862305,23.66379824804219,23.410167612871817,23.57925416547065,1923100
2011-01-25,23.139625549316406,23.18189678014787,23.09735270594085,23.139625549316406,2410500
2011-01-26,23.655344009399414,23.67225314865908,23.232625203173356,23.266443481692693,3200800
2011-01-27,23.45244026184082,23.697617954825713,23.443985691819513,23.663799674740478,2182200
2011-01-28,23.748340606689453,23.849792208375394,23.520072084079885,23.54543579077344,2039900
2011-01-31,24.120332717895508,24.247148021766186,23.782156424181597,23.799065561376107,3320600
2011-02-01,24.297876358032227,24.365511301328752,24.17951561039937,24.21333227577551,3191500
2011-02-02,24.534597396850586,24.559959490607856,24.340147152839005,24.40778209043191,2706800
2011-02-03,24.373966217041016,24.585325619413048,24.280967563983157,24.551508953556542,1994100
2011-02-04,24.23869514465332,24.45850910588933,24.0949706935584,24.441599967514826,1113600
2011-02-07,24.17106056213379,24.348601680066302,24.094971050864366,24.25560464271584,1358600
2011-02-08,24.331695556640625,24.331695556640625,24.03579206381753,24.103427009673297,1557500
2011-02-09,24.450054168701172,24.483870832397017,24.247149348893615,24.323238857889468,2109100
2011-02-10,24.30632972717285,24.475417883336068,24.2386947872164,24.373964667129304,1175500
2011-02-11,24.22178840637207,24.306332494077733,24.09497308108575,24.28942335402773,1730500
2011-02-14,24.34014892578125,24.53459918395663,24.29787607886645,24.314785217632373,1804600
2011-02-15,24.02733612060547,24.323239596514604,23.900520805942758,24.272512180614147,3146500
2011-02-16,24.204879760742188,24.289423850174785,24.07806443286548,24.16260852229808,1806500
2011-02-17,24.28096580505371,24.306329512016926,24.16260506431367,24.264058279622386,1762700
2011-02-18,24.255603790283203,24.39932823845841,24.07806106604599,24.08651563506149,2589800
2011-02-22,24.22178840637207,24.64450723235603,24.204879266322067,24.64450723235603,2474900
2011-02-23,24.762868881225586,24.779776408240366,24.340150067514347,24.340150067514347,3441700
2011-02-24,24.543054580688477,24.931955110149115,24.424692217881265,24.87277473501765,3552700
2011-02-25,25.084135055541992,25.11795172290507,24.6445070920116,24.75441488916637,1799300
2011-02-28,25.12640380859375,25.202493318318005,24.999588496568048,25.08413257543324,2586200
2011-03-01,25.506853103637695,25.515307673357505,25.21094961362146,25.278584558835657,3760900
2011-03-02,25.608306884765625,25.74357677813643,25.44767328168367,25.540670325535896,3743900
2011-03-03,25.599851608276367,25.650577413754245,25.396946773820567,25.532216663457767,2067200
2011-03-04,25.726665496826172,25.785845868681648,25.608304753115217,25.718210927626217,2162800
2011-03-07,25.608306884765625,25.929572478385204,25.574488605150762,25.904208768674057,2120000
2011-03-08,25.388492584228516,25.532217045687702,25.2954939290066,25.523762475890774,2212600
2011-03-09,25.48994255065918,25.65903071059008,25.35467266773214,25.5575774921227,1597200
2011-03-10,25.075679779052734,25.32085746384056,24.92350074884571,25.253222518475695,2338900
2011-03-11,24.93195343017578,24.999588370417808,24.703684902154873,24.720594040351422,1958200
2011-03-14,24.999591827392578,25.024955538194728,24.805141548875945,24.923502307530523,1498100
2011-03-15,24.086515426635742,24.35705518261412,23.849792333882593,24.128788271347453,3252800
2011-03-16,24.230239868164062,24.543052468784396,24.06960628338367,24.289420238203117,3499900
2011-03-17,24.98267936706543,25.067223445960334,24.585324292566813,24.61914256914245,3160000
2011-03-18,25.12640380859375,25.194038749177068,24.948862694266605,25.041861342272735,2238000
2011-03-21,25.244768142700195,25.337765185451225,25.177133196815667,25.2532227125038,2375200
2011-03-22,25.430763244628906,25.47303448011175,25.11795061940536,25.168678037037893,2356400
2011-03-23,25.481489181518555,25.6252136404656,25.439217945817067,25.532216599413474,2180300
2011-03-24,25.5660343170166,25.62521469445053,25.430764422154954,25.47303565959509,1627100
2011-03-25,25.633668899536133,25.667487179042293,25.481489866847056,25.633668899536133,1887400
2011-03-28,25.287038803100586,25.515307344964707,25.287038803100586,25.363128317055292,1498400
2011-03-29,25.430763244628906,25.498398188928014,25.21940384212616,25.312402495241535,1674500
2011-03-30,25.396947860717773,25.464582808430904,25.23631425519496,25.422309958269977,1457200
2011-03-31,25.794301986694336,25.861936931810888,25.659032096461225,25.777392847279124,1834200
2011-04-01,25.97184181213379,26.022569227838765,25.709756614501593,25.83657192867561,3428900
2011-04-04,26.208566665649414,26.28465618174678,26.06484220330376,26.10711344000482,2009700
2011-04-05,26.233932495117188,26.36074782801243,26.200114212988083,26.22547792458491,1533000
2011-04-06,26.310020446777344,26.504470719778567,26.250838456584304,26.436835772102302,1309800
2011-04-07,26.36074447631836,26.428379419432527,26.19165631226082,26.36074447631836,1809500
2011-04-08,26.986370086669922,26.986370086669922,26.546742117844506,26.563651258001876,3221600
2011-04-11,26.487560272216797,26.910279077462864,26.487560272216797,26.868007841955965,2159000
2011-04-12,25.946481704711914,26.403017193224628,25.84502847807335,26.39456262329272,2988400
2011-04-13,26.149383544921875,26.30156256114571,25.895751313700774,26.208563915110222,1497000
2011-04-14,26.217018127441406,26.233927265134962,25.963385899670467,25.997204175057576,2181000
2011-04-15,26.352291107177734,26.436835193057387,26.11556798922356,26.208566644945613,1748600
2011-04-18,26.1916561126709,26.411470079252936,25.988751284874603,26.36074427543992,1981800
2011-04-19,26.200111389160156,26.352290417250483,25.997206555887807,26.08175063955402,1376100
2011-04-20,26.614376068115234,26.758100528975692,26.445289510513952,26.47065160725478,1919800
2011-04-21,26.80882453918457,26.87646109274754,26.58055762108632,26.87646109274754,1985200
2011-04-25,26.73274040222168,26.961007352432055,26.55519764923092,26.961007352432055,2158100
2011-04-26,26.72428321838379,26.808825688874702,26.639739135348616,26.741190744955414,2900200
2011-04-27,26.884916305541992,26.901825445351722,26.4960157651841,26.749646412152785,1804300
2011-04-28,26.690465927124023,26.961005712805303,26.55519603428338,26.825735819964663,2919900
2011-04-29,26.969457626342773,27.045547135139305,26.690463298270213,26.75809823802889,2054800
2011-05-02,26.69891929626465,27.070912291118937,26.69891929626465,26.825734613531445,2687400
2011-05-03,26.419925689697266,26.758100416016532,26.31847246552934,26.73273831938277,2573900
2011-05-04,25.997207641601562,26.377655227715906,25.963389361705023,26.3269278078711,2818700
2011-05-05,24.255603790283203,25.447670608218214,24.120333911123495,25.396944806669364,8139700
2011-05-06,24.179515838623047,24.931954791466982,24.111880894688134,24.382420670427784,5644900
2011-05-09,25.067224502563477,25.109497350064853,24.458510011441902,24.543054093900405,4174300
2011-05-10,25.295494079589844,25.35467445597634,24.92350106903202,25.008045154960296,3447800
2011-05-11,24.483871459960938,25.084132978253514,24.34014861988953,25.075678408976806,4203700
2011-05-12,24.50923728942871,24.712142132001492,24.035792656758893,24.22178835931452,6813000
2011-05-13,24.551509857177734,24.712141847860686,24.221788080811812,24.5768719543675,3035100
2011-05-16,24.230239868164062,24.678322346743418,24.21333073028315,24.50077962408211,5901400
2011-05-17,24.289424896240234,24.31478860792566,23.892069755101943,24.154154992340203,3874300
2011-05-18,24.77977752685547,24.974229415474305,24.50078316171339,24.509237731874588,3241900
2011-05-19,24.585325241088867,24.88122872236514,24.543054006282645,24.830502918088825,2504200
2011-05-20,24.813594818115234,24.88968433398776,24.213333260959125,24.55996256102538,3463900
2011-05-23,24.416236877441406,24.54305380591322,24.187969953789445,24.187969953789445,2123000
2011-05-24,24.74595832824707,24.906590307250596,24.543053502760344,24.7966841314827,1651500
2011-05-25,25.194040298461914,25.244767716426974,24.813594338989628,24.830503478311314,1955800
2011-05-26,25.287038803100586,25.3377646082223,25.092588539680452,25.227858428367874,1947200
2011-05-27,25.430763244628906,25.456126953445175,25.32931002190811,25.363128300329798,1603600
2011-05-31,25.574485778808594,25.785845165410315,25.532214546505905,25.557576640869858,3431600
2011-06-01,25.253223419189453,25.59139815807556,25.227859709068863,25.582943588035363,3316800
2011-06-02,25.473031997680664,25.498395704025153,25.151766446704354,25.4138516287543,2448600
2011-06-03,25.574485778808594,25.58294034777796,25.202492806877196,25.270127746087983,1972200
2011-06-06,25.278581619262695,25.574485074869177,25.23631038812353,25.447669768907573,2928100
2011-06-07,25.51530647277832,25.650576356841828,25.295492508039068,25.405398684136586,3416800
2011-06-08,25.726665496826172,25.836571671337172,25.566031907115452,25.59985018391526,2443700
2011-06-09,25.870391845703125,25.93802679171951,25.71821281403019,25.828118996602694,1746900
2011-06-10,25.599851608276367,25.718212358572845,25.473034675765245,25.667486553094967,2663300
2011-06-13,25.430763244628906,25.701303021825343,25.244767550942424,25.566033133227123,1793900
2011-06-14,25.608306884765625,25.675941831451027,25.506853658465356,25.506853658465356,1501100
2011-06-15,24.923500061035156,25.523761595559268,24.754413508561395,25.422308374039613,2780200
2011-06-16,24.822050094604492,24.940410850422815,24.762869716695334,24.838957622189714,2566900
2011-06-17,24.712142944335938,24.83895827354454,24.551510946525763,24.68678084602086,3296900
2011-06-20,24.57686996459961,24.669868613551035,24.52614416178256,24.57686996459961,2269700
2011-06-21,24.593782424926758,24.762870607214534,24.47542166485196,24.636053664226495,2384900
2011-06-22,24.703685760498047,24.898137631426362,24.64450538729804,24.64450538729804,2407900
2011-06-23,24.179515838623047,24.22178707387827,23.815977410268793,24.10342632512824,3469400
2011-06-24,23.89206886291504,24.12879199217252,23.756798964066306,24.103428281434233,2449600
2011-06-27,23.88361167907715,23.925882913137475,23.638434006403454,23.72297808706832,2262900
2011-06-28,24.30632972717285,24.31478429623543,24.044244536409614,24.069606631053183,2108000
2011-06-29,24.74595832824707,24.82204783937262,24.30633040008706,24.450054853041518,3084900
2011-06-30,24.483871459960938,24.91504481780778,24.390874423005567,24.754412839182955,2714300
2011-07-01,24.517690658569336,24.55996189399744,24.26406002091219,24.357057061362866,3498000
2011-07-05,24.847410202026367,24.95731799152086,24.712140316913317,24.7375040250761,1529100
2011-07-06,24.838956832885742,24.881229681866383,24.686779414188344,24.788231026653275,1631700
2011-07-07,25.363126754760742,25.422307125848118,25.18558564149862,25.18558564149862,4944700
2011-07-08,25.337764739990234,25.388492157920027,25.134859905903905,25.278584364949758,1808300
2011-07-11,25.143314361572266,25.261675111116634,24.940409528405805,25.04186275126117,1790400
2011-07-12,25.363126754760742,25.47303292784527,25.050314148599256,25.050314148599256,1452500
2011-07-13,25.70975685119629,25.878845013347814,25.447671651151225,25.447671651151225,2178900
2011-07-14,25.5660343170166,25.85348324673369,25.422309852158058,25.785848299302867,1572800
2011-07-15,25.794301986694336,25.836573222688074,25.642122957046016,25.684394193039754,4929900
2011-07-18,25.650577545166016,25.667486684593364,25.39694690393295,25.667486684593364,1398400
2011-07-19,25.8281192779541,26.014116590933497,25.794302610849694,25.912663364531618,1518900
2011-07-20,25.912660598754883,25.93802430578425,25.752027012657198,25.93802430578425,1288900
2011-07-21,25.785846710205078,26.04793191378002,25.718211766942375,25.946480305158087,1247100
2011-07-22,25.997207641601562,26.0310259214981,25.802757369829493,25.828119467207554,1437500
2011-07-25,25.870391845703125,25.95493593135968,25.802756899686745,25.81966603932692,2431300
2011-07-26,26.07329559326172,26.140930536449332,25.802755820511255,25.91266199848704,1289400
2011-07-27,25.895751953125,26.064840111447566,25.861935288987,26.02256887813902,2352100
2011-07-28,25.81121063232422,25.963388046516997,25.75202864550317,25.904207672240204,1545700
2011-07-29,25.599851608276367,25.701303219232127,25.532216663457767,25.557578759924567,2994300
2011-08-01,25.599851608276367,25.980297568176884,25.329310216457685,25.971842998506524,3674200
2011-08-02,25.599851608276367,25.752029024710005,25.456127148968807,25.515307524117045,2369000
2011-08-03,25.219404220581055,25.481489432105047,25.143314705534685,25.447672765720156,3764300
2011-08-04,24.26405906677246,25.08413293465732,24.247149928248437,25.075678365395305,3271600
2011-08-05,24.365510940551758,24.475418729621374,23.942792148071558,24.365510940551758,6356400
2011-08-08,23.460893630981445,24.035791462648614,23.393258686817322,23.925883670541747,6396500
2011-08-09,23.68916130065918,23.85824784857626,23.232624234940236,23.731432534502396,7987800
2011-08-10,23.790613174438477,23.98506504491893,23.579253777757128,23.739887370747336,3560900
2011-08-11,24.30632972717285,24.373964667129304,23.925882182077697,23.934336751140275,4045100
2011-08-12,24.272512435913086,24.433146029532317,24.196424536350538,24.357056517425534,4533200
2011-08-15,24.568416595458984,24.58532573473869,24.33169509572022,24.373966331375208,1285900
2011-08-16,24.568416595458984,24.63605154003353,24.3570571920955,24.407784609934616,2271600
2011-08-17,24.77977752685547,24.91504742434591,24.737506288593845,24.813595807500267,2382800
2011-08-18,24.17106056213379,24.568415644561952,24.120334758802244,24.475418607211488,2723400
2011-08-19,24.60223388671875,24.661414259278505,24.2725121341735,24.2725121341735,3525500
2011-08-22,24.644506454467773,24.712141399988578,24.46696532717977,24.59378064846324,1576600
2011-08-23,24.89813995361328,24.915047481430044,24.54305606875123,24.652962256009886,1825500
2011-08-24,24.644506454467773,24.88122957006274,24.585326078705105,24.813594624541935,1226600
2011-08-25,24.754413604736328,24.864319783644063,24.47541926015365,24.754413604736328,1326300
2011-08-26,25.03340721130371,25.06722387591519,24.56841557567826,24.70368545921259,1568400
2011-08-29,25.117950439453125,25.236312800536787,25.050315495638575,25.236312800536787,1316800
2011-08-30,25.456127166748047,25.473034693556293,25.151769108579636,25.20249491409294,2290300
2011-08-31,25.49839973449707,25.58294382313161,25.405401075744642,25.447673926334094,2556300
2011-09-01,25.32085609436035,25.54066844549938,25.312401525078972,25.439216839211245,2680100
2011-09-02,25.185588836669922,25.312404164023327,24.991136948014034,25.058771896772143,1547800
2011-09-06,25.101041793823242,25.109496362991162,24.762867089827388,24.78822918478696,2387500
2011-09-07,25.329309463500977,25.388491449434213,25.117950065657833,25.151768343333966,4563800
2011-09-08,25.16022491455078,25.3800388993018,25.151770344459084,25.27013110065411,1059300
2011-09-09,24.762868881225586,24.872775063271014,24.67832479597448,24.84741135393239,2150200
2011-09-12,24.703685760498047,24.771320703090087,24.500780932721923,24.568415875313967,3914000
2011-09-13,24.62759780883789,24.737505605353498,24.53460076472199,24.66141608854864,1229000
2011-09-14,24.50923728942871,24.576872236952973,24.37396739438019,24.543055569463014,1337300
2011-09-15,24.610687255859375,24.813592071545518,24.551506886185596,24.77977379599243,1135800
2011-09-16,24.500782012939453,24.78823093476505,24.458510776659814,24.712141419426256,1680600
2011-09-19,24.086515426635742,24.238694442509615,23.841339377484395,24.238694442509615,3830200
2011-09-20,24.04424476623535,24.331693666933887,24.04424476623535,24.13724180172428,1722100
2011-09-21,23.68916130065918,24.280966637185262,23.68916130065918,24.111880089268183,1769400
2011-09-22,22.8521785736084,23.198807855524873,22.750725353575767,23.00435598484101,9573000
2011-09-23,22.446367263793945,22.784543588237035,22.3364610871309,22.61545542601549,6197800
2011-09-26,22.522457122802734,22.547820831290302,22.06592165783621,22.31109772303906,4538800
2011-09-27,22.90290641784668,23.13962954398377,22.87754270744273,22.94517765597556,3735600
2011-09-28,22.285736083984375,22.91981429627488,22.268826944646,22.86063392113485,7995900
2011-09-29,22.547821044921875,22.716909211352554,22.404096587219076,22.623910558561256,2909400
2011-09-30,21.770017623901367,22.167372704870253,21.702382682192958,22.057466529298164,4846000
2011-10-03,21.660110473632812,21.95601232245151,21.347297874467728,21.398023675330343,10602800
2011-10-04,21.61783790588379,21.693927414423893,21.296572346248798,21.51638630285975,3500000
2011-10-05,21.922197341918945,21.981377716224777,21.57556805308971,21.68547423215136,3202300
2011-10-06,22.378732681274414,22.412550959280225,21.89683350750135,21.972923020470173,1003900
2011-10-07,22.277280807495117,22.454821927282126,22.09128350576294,22.387186984618854,2768100
2011-10-10,22.776090621948242,22.83527099912788,22.581638737943862,22.581638737943862,1416100
2011-10-11,22.94517707824707,23.05508487468582,22.488641590281503,22.53091282734605,1250700
2011-10-12,22.987449645996094,23.198809053815914,22.953631366723656,23.038175452360445,1367000
2011-10-13,23.03817367553711,23.063537383035257,22.742270204902105,22.860632560682618,1679500
2011-10-14,23.562347412109375,23.579254939143045,23.35098800501761,23.44398504760786,1136000
2011-10-17,23.224170684814453,23.41016799199287,23.16499030981924,23.224170684814453,1249200
2011-10-18,23.350988388061523,23.469349141960294,22.89445128723312,23.02972118098724,1782200
2011-10-19,22.89444923400879,23.45243789883897,22.82681429319738,23.2918043097078,1673100
2011-10-20,22.860633850097656,23.004356696394385,22.471731709244928,22.784544335855692,1171100
2011-10-21,22.978994369506836,23.291805380435505,22.928268564702453,23.18189920126863,1327500
2011-10-24,23.342531204223633,23.39325700556504,23.156533911731557,23.156533911731557,1745600
2011-10-25,23.418621063232422,23.520072667434604,23.14807968942352,23.342531553808694,2603100
2011-10-26,23.28335189819336,23.562346237140275,23.19035324769631,23.528527959670722,1075300
2011-10-27,23.900522232055664,24.05270126374893,23.680708254336988,23.756797770183617,3792100
2011-10-28,23.799070358276367,23.892069019046755,23.663800458543662,23.672255028845008,3722700
2011-10-31,23.435529708862305,23.57925416547065,23.300259821765536,23.427075139350723,3209400
2011-11-01,23.156536102294922,23.350987982162696,22.75918099786727,22.86063422269151,4349800
2011-11-02,23.30025863647461,23.58770753506869,23.207261601666524,23.443983085771652,1600400
2011-11-03,23.587711334228516,23.638437144343467,23.300262389336403,23.520076383227103,981800
2011-11-04,23.66379737854004,23.689161086142814,23.469347124551344,23.62998071428053,1267600
2011-11-07,24.01042938232422,24.027338522648133,23.77370786796694,23.86670491465971,1066500
2011-11-08,24.128787994384766,24.13724095068594,23.934336136031202,24.027334780785335,1335700
2011-11-09,23.596162796020508,23.95970121446328,23.553891561917766,23.790613052963874,1283400
2011-11-10,23.570798873901367,23.71452332610692,23.460892698706157,23.70607036939854,1880200
2011-11-11,23.799070358276367,23.799070358276367,23.61307464928,23.61307464928,826500
2011-11-14,23.545440673828125,23.69761972046136,23.503167820571967,23.680710579158898,700400
2011-11-15,23.71452522277832,23.756798072422203,23.545438661835785,23.655344845821215,759800
2011-11-16,23.655344009399414,23.841341316167213,23.604618204164684,23.62152734342435,1248300
2011-11-17,23.105810165405273,23.53698354651588,23.071993499018088,23.5031652675844,2092500
2011-11-18,23.071992874145508,23.249533996094442,22.93672137462752,23.164989913599793,6225400
2011-11-21,22.90290641784668,22.94517765597556,22.64082119385001,22.92827012825063,1181500
2011-11-22,23.055086135864258,23.13117565677822,22.87754338288354,22.9536329037975,2228300
2011-11-23,22.708454132080078,22.835269447784558,22.640819189534742,22.835269447784558,1752300
2011-11-25,22.522457122802734,22.784543939541546,22.488640457363555,22.598546635721195,514700
2011-11-28,22.801450729370117,22.970538888736225,22.708453693008533,22.928267655166795,1063800
2011-11-29,23.09735870361328,23.148084516291785,22.91136298209576,22.936725082162756,1410300
2011-11-30,23.36789321899414,23.53698137294818,23.33407655572982,23.376347787946255,1913600
2011-12-01,23.28335189819336,23.486256725378006,23.14808040085937,23.30025942438391,1844100
2011-12-02,23.486255645751953,23.520072309122785,23.334076629222842,23.443982800858226,1308600
2011-12-05,23.35944175720215,23.638436119555898,23.283353851600545,23.604619451793447,1503800
2011-12-06,23.486255645751953,23.553890585037763,23.24953255197954,23.325622060244097,1075600
2011-12-07,23.28335189819336,23.46089301727584,23.173444108961533,23.452438447908452,1494200
2011-12-08,22.987449645996094,23.241080290362156,22.936722227087436,23.181899914179695,2211500
2011-12-09,23.071992874145508,23.122718678624597,22.94517594413141,22.9536305136353,1114300
2011-12-12,22.776090621948242,22.826816429167312,22.674637394965767,22.809907289246176,1277800
2011-12-13,22.86908721923828,23.139628615053205,22.750726467193463,22.784544746374443,1615100
2011-12-14,22.057466506958008,22.514001959891342,21.9898315653181,22.42945949224961,1851500
2011-12-15,21.947559356689453,22.260371978703645,21.913742691158983,22.226555313173176,1639500
2011-12-16,22.125102996826172,22.15046670642007,21.93910729743722,22.03210434085954,2818400
2011-12-19,22.02364730834961,22.150464229594327,21.947557800620434,22.125100522836558,1679800
2011-12-20,22.530912399291992,22.5816382053146,22.395642508202172,22.412551647724474,1846600
2011-12-21,22.691543579101562,22.72536024199456,22.44636591981479,22.514000858144914,1802100
2011-12-22,22.716909408569336,22.835270158571802,22.6830911299719,22.733816935323773,4658300
2011-12-23,22.826814651489258,22.843723790093563,22.733816001709783,22.75917970961624,2872700
2011-12-27,22.928268432617188,22.987448806638753,22.742271128498842,22.77608940653645,2493600
2011-12-28,22.65772819519043,22.885996745889734,22.581638678290663,22.885996745889734,1930200
2011-12-29,22.72536277770996,22.742271917315257,22.5224579400793,22.666182401635723,1941300
2011-12-30,22.691543579101562,22.792995180324684,22.60699950305288,22.632363209630725,2047500
2012-01-03,23.36789321899414,23.401711494802605,23.122717169559337,23.122717169559337,5940500
2012-01-04,23.545440673828125,23.587711914539817,23.34253581583197,23.34253581583197,2439000
2012-01-05,23.224170684814453,23.43553008839409,23.190354018764737,23.42707551874559,1212500
2012-01-06,23.325620651245117,23.41016472338148,23.14807793850435,23.325620651245117,17707200
2012-01-09,23.350988388061523,23.427076292321924,23.224171451690747,23.350988388061523,2432600
2012-01-10,23.52007484436035,23.604618930716693,23.48625817734441,23.57080065115643,2120000
2012-01-11,23.45244026184082,23.50316606942432,23.30026122654597,23.477803971904745,2079500
2012-01-12,23.122718811035156,23.604617987706686,22.564730120937146,23.38480401697955,1740600
2012-01-13,23.071992874145508,23.122718678624597,22.92826841766788,23.03817459612995,3156800
2012-01-17,23.232624053955078,23.31716813352711,23.156534543594667,23.215714915531834,1910500
2012-01-18,23.241079330444336,23.291805134713574,23.122718582968027,23.241079330444336,1544100
2012-01-19,23.342531204223633,23.342531204223633,23.173443049693407,23.317167497280856,2834400
2012-01-20,23.173444747924805,23.21571598338307,23.029720289804725,23.19035388712582,1907200
2012-01-23,23.44398307800293,23.460892216160314,23.232623688668152,23.232623688668152,1767900
2012-01-24,23.486255645751953,23.486255645751953,23.274896258915774,23.274896258915774,2428100
2012-01-25,23.680706024169922,23.697615162219908,23.32562218784098,23.39325712749677,1913200
2012-01-26,23.748340606689453,23.89206505286465,23.697614805846484,23.849792208375394,2136400
2012-01-27,23.8328857421875,23.8328857421875,23.63843387398433,23.63843387398433,1828700
2012-01-30,23.587711334228516,23.72298123623134,23.520076383227103,23.672255426116386,3085600
2012-01-31,23.528528213500977,23.83288626383353,23.45243870091784,23.714523903957403,1912600
2012-02-01,23.604618072509766,23.722978821578735,23.56234683714064,23.621527211675126,1570400
2012-02-02,23.66379737854004,23.689161086142814,23.452437986149494,23.579253299074985,2079200
2012-02-03,23.942792892456055,23.95124746207382,23.706071393335744,23.8244321428959,1774800
2012-02-06,24.061153411865234,24.094971690012812,23.87515771968633,23.934338093900333,1680100
2012-02-07,24.04424476623535,24.18796921658462,23.959700687345634,24.027335627948574,2370400
2012-02-08,24.154151916503906,24.221786859841156,23.97661079494771,24.16260648598909,1152800
2012-02-09,24.28096580505371,24.357055313399208,24.20487629670821,24.28942037404145,1484900
2012-02-10,24.05270004272461,24.0949712771405,23.925883114388487,24.02733633454854,1870100
2012-02-13,24.111881256103516,24.238696576314293,24.010428032408324,24.16260706167897,2124700
2012-02-14,24.10342788696289,24.16260826517263,24.027338368537695,24.10342788696289,1376300
2012-02-15,24.187969207763672,24.230240440921026,24.08651599062417,24.187969207763672,1929400
2012-02-16,24.297876358032227,24.31478549699242,24.07806238918246,24.111880667102845,1657600
2012-02-17,24.255603790283203,24.323238729863057,24.179514281687847,24.314784160847555,1572500
2012-02-21,24.63605308532715,24.720597174484414,24.475421089727156,24.483874047352945,2446900
2012-02-22,24.86431884765625,24.889682555315982,24.619142790455623,24.65295945479107,3163600
2012-02-23,24.94040870666504,24.96577241467926,24.73750388018392,24.855864625828517,1544000
2012-02-24,25.092588424682617,25.14331422957186,24.915045688753878,24.92350025832613,4989900
2012-02-27,24.889684677124023,25.117951615344243,24.889684677124023,25.016500001145108,4821900
2012-02-28,24.881229400634766,25.05031595701324,24.813594455574517,24.99113558165356,2902200
2012-02-29,24.78822898864746,25.008042947641513,24.492325520288386,24.94040800737751,4067900
2012-03-01,25.17713165283203,25.30394696702055,24.754412863840827,24.85586447017396,5275000
2012-03-02,24.923500061035156,24.999589574038836,24.77977560453312,24.999589574038836,2213700
2012-03-05,24.805139541625977,24.881229055330813,24.686778792549237,24.82204868079244,1368900
2012-03-06,24.399330139160156,24.50078175016091,24.348602721115494,24.466965084008756,2082500
2012-03-07,24.50923728942871,24.55996309693582,24.306332446855933,24.390876534397343,1476900
2012-03-08,24.712142944335938,24.754415795768406,24.602236755700325,24.627598854015403,2202300
2012-03-09,24.77977752685547,24.881230756245486,24.59378182094221,24.636053059203828,1409900
2012-03-12,24.74595832824707,24.76286746684035,24.543053502760344,24.576870167402696,717100
2012-03-13,24.855865478515625,24.923500422996234,24.678324353958132,24.70368645029819,1347900
2012-03-14,24.686779022216797,24.889683856469283,24.636051604245463,24.77977606340901,1200800
2012-03-15,24.703685760498047,24.796684411266188,24.517690071505992,24.68677823425821,1339600
2012-03-16,25.008045196533203,25.008045196533203,24.779776647910683,24.805140357494626,1433400
2012-03-19,24.96577262878418,25.024953002114007,24.89813768604377,24.99113472447169,1386400
2012-03-20,24.661413192749023,24.737502700619277,24.57686911594384,24.737502700619277,1577200
2012-03-21,24.60223388671875,24.73750377043939,24.585324748117618,24.661414259278505,951700
2012-03-22,24.407785415649414,24.424692942942972,24.289423049328548,24.348603426216815,1641500
2012-03-23,24.644506454467773,24.847411291030188,24.492327423909884,24.492327423909884,1664200
2012-03-26,24.754413604736328,24.83050311803563,24.695231617969117,24.779775700806592,1555600
2012-03-27,24.6529598236084,24.813593416101448,24.62759611556922,24.762867612567305,1251400
2012-03-28,24.416236877441406,24.492326389506804,24.33169440851917,24.458509724446753,6060500
2012-03-29,24.078062057495117,24.41623676931922,23.96815588085637,24.36551096568166,4891200
2012-03-30,24.348602294921875,24.424691808112726,24.187970311558303,24.25560525522303,2630400
2012-04-02,24.661413192749023,24.695229855944614,24.17105948233192,24.179514051266853,1752700
2012-04-03,24.551509857177734,24.695232708037956,24.475420340519776,24.68677975067092,1325100
2012-04-04,24.17106056213379,24.390874526629435,24.111880189489618,24.34014872329789,2054900
2012-04-05,24.26405906677246,24.280966592752286,24.078061768096575,24.103425475882613,897000
2012-04-09,24.154151916503906,24.19642476392984,23.968156225462522,24.06115326471109,1578100
2012-04-10,23.8328857421875,24.145696742587713,23.799067465093312,24.120334647311278,1543900
2012-04-11,23.89206886291504,23.993520480779395,23.807524772998484,23.866705152176756,2472600
2012-04-12,24.204879760742188,24.213334330939887,23.934339964593377,23.951249104988772,908600
2012-04-13,23.959701538085938,24.111880562982037,23.925883260311586,24.09497142409486,2228100
2012-04-16,23.722978591918945,23.8751576178454,23.65534364845655,23.86670304834457,1860900
2012-04-17,23.8328857421875,23.858247837463935,23.756796231269785,23.824431172913954,1754300
2012-04-18,23.604618072509766,23.714524251996057,23.536983128392603,23.697616725374967,1801500
2012-04-19,23.613073348999023,23.765252380954504,23.562347542528634,23.70607200464833,1837800
2012-04-20,23.706071853637695,23.841341745059925,23.663799004728062,23.77370679934881,1648000
2012-04-23,23.66379737854004,23.68070651694189,23.44398341694857,23.486256262953194,1026900
2012-04-24,23.66379737854004,23.773705165607872,23.621526145079606,23.748341458005097,736800
2012-04-25,23.799070358276367,23.815979498879056,23.604620078978655,23.78216121767368,886200
2012-04-26,23.849796295166016,23.959704097127233,23.841343337363842,23.841343337363842,851600
2012-04-27,23.92588233947754,23.95124604683213,23.841339873383923,23.892065675548928,814400
2012-04-30,24.018882751464844,24.044246460682444,23.83288705483531,23.86670372124782,1377500
2012-05-01,24.018882751464844,24.094972266573354,23.917431139683025,23.94279323635633,1495500
2012-05-02,23.706071853637695,23.942793357354443,23.680708144291916,23.908976690771038,1311300
2012-05-03,23.44398307800293,23.655342467337707,23.401711845153642,23.60461666540973,1624000
2012-05-04,23.029720306396484,23.215716000108827,22.860633751897335,23.2072630430465,1968400
2012-05-07,22.978994369506836,23.004356465636896,22.767634968186933,22.818360772991316,5352400
2012-05-08,22.89444923400879,22.89444923400879,22.590091194085353,22.83526886236683,3472300
2012-05-09,22.716909408569336,22.77608978357057,22.573184949618792,22.623910754970666,3238300
2012-05-10,22.72536277770996,22.818361432994795,22.708455250648967,22.784544766328505,1631300
2012-05-11,22.556276321411133,22.7507265901195,22.547821751570208,22.590092988230527,1518900
2012-05-14,22.260372161865234,22.3871874806004,22.24346302268874,22.32800710602694,5751700
2012-05-15,22.302644729614258,22.480187476485245,22.2941917720653,22.387188818003093,8431800
2012-05-16,22.277280807495117,22.454821927282126,22.243462529891367,22.285735376896056,1589200
2012-05-17,22.22655487060547,22.387186850629202,22.209645731904796,22.34491561642174,1222100
2012-05-18,22.209646224975586,22.404096486717606,22.192737085899516,22.29419030781167,2698600
2012-05-21,22.50554847717285,22.50554847717285,22.29418908791991,22.302642044451158,851900
2012-05-22,22.184282302856445,22.446367505836136,22.12510192920402,22.361825036357956,1387300
2012-05-23,21.939104080200195,21.998284448029857,21.770015932791946,21.998284448029857,2929100
2012-05-24,21.947559356689453,22.065921717406738,21.837653178035104,22.065921717406738,6060000
2012-05-25,22.02364730834961,22.04901101510738,21.972921507378203,21.98137607629746,1125700
2012-05-29,21.930652618408203,22.19273783272994,21.871472242194677,22.133557456516417,1472900
2012-05-30,21.52484130859375,21.643203673449335,21.47411550225239,21.643203673449335,1629900
2012-05-31,21.33884620666504,21.533296480194775,21.288120398906056,21.533296480194775,2427200
2012-06-01,20.899215698242188,21.102120517152013,20.789309526036757,21.042940146538,3989700
2012-06-04,21.017580032348633,21.04294212926195,20.82312815159545,20.882310140329913,4474300
2012-06-05,20.941490173339844,21.04294178441918,20.907671894617206,20.95839931270116,2129000
2012-06-06,21.33039093017578,21.406480445566434,21.178211899394473,21.203575608706124,4778400
2012-06-07,21.18666648864746,21.600930732519572,21.169758961635115,21.592477775285552,2158300
2012-06-08,21.254302978515625,21.254302978515625,20.94994650710507,21.01758145770124,1569600
2012-06-11,20.865400314331055,21.27966454657934,20.84003660570776,21.262755407497142,4247700
2012-06-12,20.96685218811035,21.05139627204311,20.907671813120704,21.042941702395407,2263800
2012-06-13,20.80622100830078,21.009125850071722,20.763948158424956,20.8400376756571,1510800
2012-06-14,21.051395416259766,21.093668262779804,20.789310218012375,20.848490590596217,2601200
2012-06-15,21.017580032348633,21.119031645090516,20.983761753071796,21.017580032348633,1627200
2012-06-18,21.034488677978516,21.093670669860057,20.82312925889192,20.865402110235877,1065800
2012-06-19,21.2120304107666,21.27121078726423,21.161304604132106,21.2120304107666,1738200
2012-06-20,20.865400314331055,21.12748551992808,20.848491175248856,21.12748551992808,6226300
2012-06-21,20.41731834411621,20.806220490574965,20.39195624736615,20.789311351045388,1815100
2012-06-22,20.620223999023438,20.637133139223945,20.51031781280885,20.535681523109613,2906300
2012-06-25,20.831581115722656,20.831581115722656,20.577950490873405,20.62867629333442,1377600
2012-06-26,20.975305557250977,21.009123833906227,20.77240073495204,20.882308521537414,1480400
2012-06-27,21.09366798400879,21.20357415841996,21.02603304301479,21.110575509849145,1140500
2012-06-28,20.865400314331055,21.04294143706135,20.713221287679797,20.99221563235902,997600
2012-06-29,21.770017623901367,21.871470842736088,21.330389696524595,21.398024638233004,12446600
2012-07-02,21.727746963500977,21.73619992046145,21.491023855001572,21.6939286854821,3837000
2012-07-03,22.33646011352539,22.33646011352539,22.167371958674092,22.192735665665033,1382200
2012-07-05,22.42100715637207,22.45482382428846,22.25191897915703,22.294191829732974,3286300
2012-07-06,21.905288696289062,22.10819353242752,21.89683412654859,22.091284392946577,1221900
2012-07-09,22.294189453125,22.421004766245318,22.133555863149027,22.14201043236294,1016300
2012-07-10,22.00674057006836,22.235007488875116,21.97292229318191,22.2265545321977,1004700
2012-07-11,22.25191879272461,22.29419164294638,22.049013949293165,22.201192985002837,1200700
2012-07-12,22.302644729614258,22.353372150174177,21.981379128789925,22.05746864708544,868400
2012-07-13,22.573184967041016,22.607001633120273,22.429460507979545,22.429460507979545,970500
2012-07-16,22.8521785736084,22.902904377352602,22.657726702924535,22.74227078419436,1104100
2012-07-17,22.877538681030273,22.97053732359943,22.716906714376016,22.936719049012797,3381500
2012-07-18,23.080446243286133,23.10580995225076,22.84372474312674,22.869086839547087,1446800
2012-07-19,23.35944175720215,23.477804125731627,23.291806809132886,23.3340796595164,2532100
2012-07-20,23.35944175720215,23.376350897355554,23.215717290986923,23.30026137920959,2023500
2012-07-23,22.86908721923828,23.004357110873592,22.74227189739822,22.818361413011118,1534200
2012-07-24,22.733816146850586,22.818360227867668,22.539365889292256,22.78454356298737,3086000
2012-07-25,22.90290641784668,22.995905076783462,22.68309243197889,22.8606351797178,1176600
2012-07-26,22.94517707824707,23.13117439143747,22.86908756149542,23.09735611175037,2906700
2012-07-27,23.18189811706543,23.198807255390815,23.021264528062645,23.0719919430388,925700
2012-07-30,23.317169189453125,23.376349564070292,23.274897954024937,23.274897954024937,5830200
2012-07-31,23.03817367553711,23.34253171533816,23.03817367553711,23.33407714617211,2325400
2012-08-01,23.071992874145508,23.148080774592014,22.9113592786601,23.105809539616814,1254100
2012-08-02,22.877538681030273,22.97899189224609,22.80990374440109,22.843722018987723,1708200
2012-08-03,23.266443252563477,23.38480400112698,23.131173364906825,23.131173364906825,2597400
2012-08-06,23.401714324951172,23.4355309923052,23.181900343244784,23.20726405316856,2365900
2012-08-07,23.579254150390625,23.663798232908096,23.486257110911232,23.503164637379324,1255400
2012-08-08,23.64689064025879,23.722980158245882,23.562348164757,23.604619402507897,2025200
2012-08-09,23.841341018676758,23.900521392802872,23.69761656185151,23.69761656185151,1634500
2012-08-10,23.71452522277832,23.76525264235098,23.604619038792887,23.64689027589244,2352200
2012-08-13,23.528528213500977,23.69761637758445,23.494711548210827,23.655343530291457,1402400
2012-08-14,23.553890228271484,23.62997973538353,23.494709858860812,23.596161459980785,1152200
2012-08-15,23.756797790527344,23.807523596953764,23.57080047938994,23.5792550492184,1643100
2012-08-16,23.849796295166016,23.94279495643406,23.731435535402625,23.807525055977493,1953700
2012-08-17,23.88361167907715,23.91742995636078,23.765250933672863,23.80752216773319,1078300
2012-08-20,23.993518829345703,24.001973399009884,23.773706468254122,23.908976357792458,1535600
2012-08-21,24.21333122253418,24.340148146675045,24.19642369685368,24.238694929871187,1497500
2012-08-22,24.34014892578125,24.3655110213859,24.187969901976437,24.22178656696405,1709700
2012-08-23,24.22178840637207,24.483873626969707,24.16260802874141,24.450056959414052,1348000
2012-08-24,24.111881256103516,24.323240660636237,24.0696084076704,24.306331521262994,3640400
2012-08-27,24.001970291137695,24.094968932857565,23.968153629403968,24.078059795718666,1914000
2012-08-28,24.018882751464844,24.052701030421648,23.92588409687793,24.001973611986443,1247600
2012-08-29,24.061153411865234,24.06960798140213,23.959701802511017,24.0442458853357,967400
2012-08-30,24.086515426635742,24.120333702405112,23.9597001175889,24.111879133462768,1634300
2012-08-31,24.34014892578125,24.382420160151817,24.035790878171625,24.187969901976437,8719400
2012-09-04,24.348602294921875,24.57687083449443,24.297876490309392,24.534599599408068,7801700
2012-09-05,24.230239868164062,24.34014765184586,24.171059498125008,24.331693082905403,3261000
2012-09-06,24.22178840637207,24.466966099464056,24.21333383634707,24.31478706410273,3166500
2012-09-07,24.492324829101562,24.53459767341371,24.23023964454276,24.340147427210216,2027200
2012-09-10,24.52614402770996,24.636050201970132,24.483871181806673,24.517689458529304,2223700
2012-09-11,24.57686996459961,24.64450490587041,24.551507869463183,24.62759576741666,1769800
2012-09-12,24.703685760498047,24.71214032989008,24.576870444706,24.62759624851397,1264800
2012-09-13,24.872774124145508,24.906590789442546,24.568416073750935,24.822048319927823,2082500
2012-09-14,25.13486099243164,25.244768790152992,25.084135184853356,25.117951852390764,3026800
2012-09-17,24.44160270690918,24.99113686531844,24.306332809840573,24.97422933759314,3610500
2012-09-18,24.26405906677246,24.54305340224209,24.21333165120038,24.483871417407997,3701500
2012-09-19,23.90897560119629,24.196424510505036,23.83288608917078,24.179515371711762,4359800
2012-09-20,24.04424476623535,24.04424476623535,23.841339944426537,23.892065746742695,1676500
2012-09-21,24.204879760742188,24.23869804153298,24.103428143458576,24.15415395210038,2142400
2012-09-24,23.951248168945312,23.976611878547164,23.841341985759268,23.92588445934346,1786700
2012-09-25,23.97661018371582,24.171060439285302,23.95124647590685,24.128789205481226,1354400
2012-09-26,23.807523727416992,23.841342006916136,23.629982597679447,23.824432867166564,1892400
2012-09-27,24.10342788696289,24.128791597286078,23.93433970989704,24.001974658214507,1759300
2012-09-28,24.24715232849121,24.33169641693622,24.13724452974939,24.187971950343012,5470600
2012-10-01,24.28096580505371,24.475417666683402,24.171059633301407,24.390873589350164,6122000
2012-10-02,24.154151916503906,24.264059707267094,24.145697347018718,24.24715056829672,1393200
2012-10-03,23.739887237548828,24.264059247897034,23.72297809889858,23.92588292506892,2234000
2012-10-04,24.255603790283203,24.29787502281655,23.942791186886282,24.018880695481638,1251600
2012-10-05,24.128787994384766,24.221785026594777,24.001971074249447,24.221785026594777,1006500
2012-10-08,24.061153411865234,24.103426259549707,23.9850655111217,24.027336746261913,1075800
2012-10-09,24.23869514465332,24.331693793168913,24.137241926950473,24.145696496137724,1360400
2012-10-10,24.196426391601562,24.36551295504687,24.14569897127805,24.2386976293268,2341000
2012-10-11,24.475419998168945,24.51769123459017,24.314786397188534,24.399330482575294,975700
2012-10-12,24.137243270874023,24.314786008603257,24.06960832615438,24.272513160313306,1238300
2012-10-15,24.018882751464844,24.035791890943244,23.82443248509611,23.985066085052335,1350200
2012-10-16,24.035791397094727,24.086517201943405,23.95970188354958,24.02733682752924,1157700
2012-10-17,24.04424476623535,24.103425137694902,23.951246118202242,24.06115229197795,1258200
2012-10-18,24.035791397094727,24.078062632377915,23.84979409174247,23.883612370004432,1930500
2012-10-19,23.672252655029297,24.094971452440536,23.672252655029297,24.07806231353347,1623500
2012-10-22,23.562347412109375,23.78215977644582,23.503165423586463,23.748343109834178,1301000
2012-10-23,23.274898529052734,23.291806056115163,23.114264927877343,23.274898529052734,1933400
2012-10-24,23.207263946533203,23.308715560673473,23.09735614991286,23.266444323539083,1404000
2012-10-25,23.266443252563477,23.376349431580408,23.148080891455713,23.350987335484948,1268700
2012-10-26,23.317169189453125,23.35944042488131,23.215715966863502,23.266443384430445,1361500
2012-10-31,23.30025863647461,23.50316345679793,23.257987403611313,23.350986050963566,6853900
2012-11-01,23.342531204223633,23.4608919448683,23.342531204223633,23.384802436584113,3706800
2012-11-02,22.94517707824707,23.33407923192709,22.92826955094785,23.31717009208354,1252200
2012-11-05,23.139625549316406,23.156533074122535,22.894447895370465,22.93671912620193,2096800
2012-11-06,23.553890228271484,23.613070597682157,23.249532199823314,23.291803431532614,1425000
2012-11-07,23.1142635345459,23.36789416318084,23.063537731327752,23.34253206784387,1464500
2012-11-08,23.148082733154297,23.215717682363767,23.038176545393053,23.139629775479452,1124700
2012-11-09,23.334077835083008,23.38480363903274,23.08890015966154,23.10580929849286,2791200
2012-11-12,23.224170684814453,23.41016799199287,23.190354018764737,23.325623908052158,1251000
2012-11-13,23.18189811706543,23.27489676531086,23.08889946882,23.09735403798269,1524500
2012-11-14,23.249534606933594,23.435530303273115,23.232625467481558,23.25798917665961,1166600
2012-11-15,23.156536102294922,23.39325921852195,23.105810296154953,23.359440939399104,1668400
2012-11-16,23.25798797607422,23.2748971146534,23.08044524608124,23.207262172880885,1450900
2012-11-19,23.697616577148438,23.739887812253162,23.54543755070062,23.54543755070062,2080400
2012-11-20,23.5369815826416,23.66379689296487,23.393257134263454,23.596161953289517,1148000
2012-11-21,23.6384334564209,23.6384334564209,23.452437773321023,23.579253085095672,1259400
2012-11-23,23.722978591918945,23.77370600892393,23.57079956599249,23.57079956599249,828700
2012-11-26,23.68916130065918,23.706070439214148,23.62152635898351,23.67225216210421,2169400
2012-11-27,23.655344009399414,23.73988809315348,23.570799925645346,23.680707718288915,1531700
2012-11-28,23.579254150390625,23.59616328940297,23.350987223900976,23.350987223900976,1733600
2012-11-29,23.739887237548828,23.81597674893073,23.68070686481717,23.773705514849325,1092300
2012-11-30,23.756797790527344,23.832887306439133,23.706071984100923,23.756797790527344,2626000
2012-12-03,23.815975189208984,23.993516295776686,23.782156914123266,23.976608770777936,2527400
2012-12-04,23.604618072509766,23.672253016626932,23.55389226755796,23.621527211675126,1844900
2012-12-05,23.579254150390625,23.663798232908096,23.477802541405058,23.621526997921485,1091700
2012-12-06,23.36789321899414,23.469346433875394,23.30871284887347,23.427073589114812,1621900
2012-12-07,23.342531204223633,23.41862071250782,23.26644169593945,23.376347867603187,2812600
2012-12-10,23.291805267333984,23.376349349960265,23.241079462775918,23.35944021092616,1194300
2012-12-11,23.249534606933594,23.30026041274541,23.173445091943723,23.283352885837665,1943600
2012-12-12,23.35944175720215,23.46089498557822,23.26644471144714,23.401714607585664,2672400
2012-12-13,23.148082733154297,23.241081393021464,23.080447783944827,23.19881015446969,1420800
2012-12-14,23.291805267333984,23.3256235454022,23.1818990887008,23.19035365821785,1641900
2012-12-17,23.274898529052734,23.334078905132007,23.249534819642626,23.274898529052734,1235700
2012-12-18,23.334077835083008,23.3932582084484,23.25798832288629,23.283352031133276,1583400
2012-12-19,23.418621063232422,23.460892296225968,23.33407698470115,23.367893648587152,1644600
2012-12-20,23.3087158203125,23.37635076800752,23.249535442647403,23.257990012677322,1829300
2012-12-21,23.266443252563477,23.30025991820551,23.190353739188577,23.232624974377185,1932700
2012-12-24,23.190353393554688,23.207262532395816,23.12271845073441,23.181898824134123,1091900
2012-12-26,23.427074432373047,23.511618512393234,23.350986534153503,23.427074432373047,1077900
2012-12-27,23.427074432373047,23.460892709398802,23.325622826384183,23.393257767891495,1973500
2012-12-28,23.35944175720215,23.435531275348115,23.291806809132886,23.39326003750896,1542300
2012-12-31,23.486255645751953,23.51161774014404,23.257987120958287,23.274896258915774,4334900
2013-01-02,23.570798873901367,23.773705310875023,23.545436778687815,23.765250741622438,3008900
2013-01-03,23.3763484954834,23.494710851851387,23.359439357067373,23.460892575019333,2478800
2013-01-04,23.274898529052734,23.325624335328637,23.12271949768071,23.274898529052734,3217000
2013-01-07,23.317169189453125,23.325623759047616,23.181899301029805,23.20726300981328,1727800
2013-01-08,23.3763484954834,23.38480306469141,23.27489689007563,23.367893926275386,1681900
2013-01-09,23.342531204223633,23.39325700556504,23.249532557977595,23.376347867603187,1681200
2013-01-10,23.427074432373047,23.520073081649674,23.427074432373047,23.503163943136794,1740600
2013-01-11,23.325620651245117,23.350984356649242,23.173441643908475,23.308711514309035,1492200
2013-01-14,23.477802276611328,23.486256846022144,23.30025954407262,23.418621903279835,1996600
2013-01-15,23.3763484954834,23.469347144227346,23.34253183119554,23.469347144227346,3970300
2013-01-16,23.401714324951172,23.4355309923052,23.317170237749586,23.359441475078206,3361300
2013-01-17,23.503164291381836,23.579253803272998,23.452438487635803,23.486256765162643,1419100
2013-01-18,23.655344009399414,23.689162287918748,23.486257454435556,23.570799925645346,1631600
2013-01-22,23.722978591918945,23.790613535381343,23.65534364845655,23.748342300421438,2017900
2013-01-23,23.748340606689453,23.79061183863457,23.689160236948634,23.706069374744335,1704100
2013-01-24,23.731433868408203,23.799068813885526,23.67225349268358,23.67225349268358,1555000
2013-01-25,23.680706024169922,23.74834096382571,23.621525653539123,23.714522687725736,1470300
2013-01-28,23.672252655029297,23.72297845920626,23.570799434131136,23.714523889752726,1456900
2013-01-29,23.807523727416992,23.841342006916136,23.680708404383843,23.714525071338667,1536500
2013-01-30,24.078062057495117,24.08651662685875,23.94279217276548,23.95970131149274,2555200
2013-01-31,24.069608688354492,24.094972397710137,23.934338796879665,23.976611645805736,2636100
2013-02-01,24.162607192993164,24.289422513893133,24.12033595687461,24.145698053528026,2975900
2013-02-04,24.078062057495117,24.196424416041722,24.035790823221188,24.094971196222378,1753700
2013-02-05,24.17106056213379,24.204877226840082,24.12878932811487,24.18796970075904,1421600
2013-02-06,24.137243270874023,24.162606979847993,24.00197338143474,24.02733709040871,2511400
2013-02-07,24.04424476623535,24.15415094001106,23.985064394775804,24.12033427598168,2184600
2013-02-08,24.137243270874023,24.247151063883617,24.11188117444433,24.187970688821963,1562500
2013-02-11,24.05270004272461,24.07806213835645,23.942792253172534,23.98506510013265,1981400
2013-02-12,24.094972610473633,24.094972610473633,24.01042852441925,24.078063470753893,2520800
2013-02-13,24.10342788696289,24.154153695064903,24.061155036424246,24.12033702717835,1532000
2013-02-14,24.069608688354492,24.111881537280567,24.00197374261708,24.069608688354492,1387900
2013-02-15,23.968156814575195,23.968156814575195,23.815977785189908,23.89206729988255,2421000
2013-02-19,23.87515640258789,23.89206554072887,23.75679566068938,23.858247264446913,2252600
2013-02-20,23.604618072509766,23.849794140230387,23.54543769797528,23.84134118319197,3037500
2013-02-21,23.334077835083008,23.418621916695383,23.291804988004703,23.359439930785758,2358300
2013-02-22,23.334077835083008,23.38480363903274,23.274897461717615,23.359439930785758,1897900
2013-02-25,23.224170684814453,23.48625750628508,23.224170684814453,23.460893797339583,3079200
2013-02-26,23.18189811706543,23.29180429109206,23.14807984041466,23.249533057822784,2745100
2013-02-27,23.03817367553711,23.22416935955765,23.00435539887291,23.156534418773436,2564300
2013-02-28,22.93671989440918,23.088898910569842,22.9113578000785,23.01280940248951,5327700
2013-03-01,22.776090621948242,22.80145271928561,22.674637394965767,22.725363202184838,2641200
2013-03-04,22.691543579101562,22.767633086290967,22.598544934193598,22.74226937971312,2031000
2013-03-05,22.90290641784668,22.91136098798133,22.77609109091567,22.81836232904455,3225400
2013-03-06,22.776090621948242,22.83527099912788,22.70000110484747,22.818361859206743,1621800
2013-03-07,22.928268432617188,22.928268432617188,22.801451502520408,22.809906072029808,1534600
2013-03-08,22.99590301513672,23.012810541345843,22.84372399144503,22.86063313019838,2571900
2013-03-11,23.0128116607666,23.046629939918336,22.877541769248282,22.953631284795375,6676400
2013-03-12,23.063535690307617,23.190350993402497,23.004353710488875,23.15653271922036,3456200
2013-03-13,22.94517707824707,23.139628961359247,22.894451271260746,23.122719821515695,3080000
2013-03-14,23.1142635345459,23.1142635345459,22.97053908164098,22.995902789522155,1860500
2013-03-15,23.16499137878418,23.21571718647167,23.13117471117397,23.18190051886146,1869300
2013-03-18,23.029720306396484,23.080446111491803,22.911359556992654,22.936721653268176,1485500
2013-03-19,22.860633850097656,23.07199325353771,22.83527014116891,23.012811266037303,1687100
2013-03-20,23.021265029907227,23.071992445989196,22.869086006749757,22.970539226369475,2177200
2013-03-21,22.91981315612793,23.04662846976874,22.869085740636244,22.987448097572642,1375800
2013-03-22,22.962085723876953,23.012811529771504,22.869087069283363,22.962085723876953,1133900
2013-03-25,22.978994369506836,23.1480809230362,22.9367215217163,23.06353845254365,2103000
2013-03-26,23.190353393554688,23.190353393554688,23.029719799652437,23.088900173052153,1416700
2013-03-27,23.3087158203125,23.317170390342422,23.122720117287287,23.15653678486262,2456700
2013-03-28,23.088899612426758,23.249533202428637,23.021264671248733,23.19035283046589,1560200
2013-04-01,23.088899612426758,23.16498912282006,22.962084299285983,22.987448006931817,1980700
2013-04-02,22.978994369506836,23.038174743869327,22.928268564702453,23.012811035195003,3237700
2013-04-03,22.590091705322266,22.98744840255805,22.556275040423348,22.953630125114913,2111900
2013-04-04,22.56473159790039,22.615457405990192,22.421007131192326,22.471732939282123,1327100
2013-04-05,22.547821044921875,22.547821044921875,22.421005726370996,22.505549809586338,1205300
2013-04-08,22.615455627441406,22.623910196882207,22.480185741477072,22.615455627441406,1179300
2013-04-09,22.759180068969727,22.80145130360372,22.547820670711296,22.607001044216577,1302800
2013-04-10,22.708454132080078,22.792996600853577,22.6661812851491,22.759179935853023,1260800
2013-04-11,22.615455627441406,22.716908848186776,22.54782068445924,22.65772686210117,1748800
2013-04-12,22.33646011352539,22.48863913038273,22.218099372655974,22.40409505295708,2923900
2013-04-15,21.668567657470703,21.981380317664723,21.660114699464565,21.972925747114132,3652600
2013-04-16,21.896831512451172,21.905286081182318,21.677017563073694,21.803834481496775,4928900
2013-04-17,21.5755672454834,21.736199223288168,21.55020353778276,21.71083712813173,1478900
2013-04-18,21.803836822509766,21.820744349243267,21.550204570975968,21.66011236373723,2616600
2013-04-19,21.753108978271484,21.803836395110448,21.6939286045036,21.753108978271484,1957900
2013-04-22,21.82074546813965,21.837654608284467,21.62629519410729,21.778474230321955,1996500
2013-04-23,21.68547248840332,21.76156199569075,21.63474668772641,21.693927057273495,2551900
2013-04-24,21.922197341918945,21.93910648101897,21.786927454207255,21.82919868941306,1714400
2013-04-25,22.209646224975586,22.2519174601215,21.95601397646732,21.97292311554339,2094300
2013-04-26,22.08283042907715,22.167372897539313,21.964468070650522,22.13355623266329,2222900
2013-04-29,22.378732681274414,22.412550959280225,22.158918711869386,22.184282420373748,1131000
2013-04-30,22.209646224975586,22.37027820856547,22.18428251636148,22.37027820856547,1900600
2013-05-01,21.81229019165039,21.896834277092072,21.72774771875301,21.82074476144899,1693900
2013-05-02,22.091283798217773,22.133556645782093,21.812289454470278,21.90528810656753,1538800
2013-05-03,22.33646011352539,22.42100419095104,22.24346146710276,22.294188881084644,1188300
2013-05-06,22.36182403564453,22.41254983757026,22.20964501732318,22.27727995740554,7015100
2013-05-07,22.285736083984375,22.38718769492606,22.218101139175157,22.32800731978603,1380300
2013-05-08,22.38718605041504,22.437913464703843,22.294189015973892,22.353369386766666,1423400
2013-05-09,22.378732681274414,22.471731333246147,22.294190211348386,22.311097737807042,1137900
2013-05-10,22.277280807495117,22.294189946296996,21.998286467441083,22.150465491569506,1402400
2013-05-13,22.175827026367188,22.277280244068308,22.125101223788725,22.175827026367188,1380000
2013-05-14,22.09973907470703,22.175828590212678,22.0574678383347,22.091284504923706,2765800
2013-05-15,22.049013137817383,22.06592227728378,21.78692792626541,21.930652386641192,3652200
2013-05-16,22.02364730834961,22.1166459539173,21.964466938458948,22.006739783055234,1532000
2013-05-17,22.133556365966797,22.184282169858445,22.04055771504525,22.150465504778758,1141500
2013-05-20,22.277280807495117,22.302642903153703,22.116647213965756,22.116647213965756,1530400
2013-05-21,22.15046501159668,22.260371186338883,22.09973759629025,22.21809995279439,1199900
2013-05-22,22.049013137817383,22.285736252714056,22.006741901695683,22.15046636207147,1302700
2013-05-23,22.15046501159668,22.15046501159668,21.846106969934887,21.8714706775881,2251800
2013-05-24,22.065921783447266,22.10819301862293,21.956013991919722,22.006741409183633,1968100
2013-05-28,22.268827438354492,22.370279051545396,22.251918298641236,22.361826094233084,2486900
2013-05-29,22.125102996826172,22.285736599165546,22.074377190182698,22.277282029300913,1150400
2013-05-30,22.125102996826172,22.184283373334278,21.998287673945327,22.023649770994908,1874300
2013-05-31,21.863019943237305,22.057470231720107,21.863019943237305,21.998289849359644,5156100
2013-06-03,22.133556365966797,22.201191308670406,22.04901228445123,22.08283056207515,2813800
2013-06-04,22.218101501464844,22.235009028534634,21.981378384500427,22.049013330412503,1526100
2013-06-05,22.116649627685547,22.302645337172297,22.10819505736191,22.235010387127623,2641500
2013-06-06,22.20119285583496,22.209647425830124,22.099739628437323,22.099739628437323,3320900
2013-06-07,22.25191879272461,22.31955374053509,22.049013949293165,22.07437765942623,1316900
2013-06-10,22.167373657226562,22.192737366160973,22.11664785190202,22.167373657226562,1086400
2013-06-11,21.972925186157227,22.00674346749622,21.888381095354145,21.905290236023642,1148700
2013-06-12,21.998287200927734,22.099738812033223,21.989832631244898,22.07437671552899,3855200
2013-06-13,22.142009735107422,22.16737182940631,21.947557874399116,21.97292158124215,2189600
2013-06-14,22.235008239746094,22.285735656788823,22.20119157426186,22.25191737876034,1542800
2013-06-17,22.285736083984375,22.31955275011684,22.23500866596925,22.24346323563844,2642800
2013-06-18,22.328006744384766,22.344915883287385,22.21810056660622,22.285735509672456,2653200
2013-06-19,22.36182403564453,22.488639346730935,22.3449148974879,22.370276992178677,1080200
2013-06-20,21.634748458862305,21.91374280424148,21.609384750175376,21.896833665116862,3419500
2013-06-21,21.49947738647461,21.685473068965507,21.431842446246634,21.66011097422012,3324300
2013-06-24,21.406478881835938,21.491022960821248,21.271209000477118,21.305027277088914,2212800
2013-06-25,21.423389434814453,21.550204755394454,21.39802572568074,21.550204755394454,3226100
2013-06-26,21.36421012878418,21.431845077315323,21.254302329580838,21.414935937046444,3087100
2013-06-27,21.355754852294922,21.46566103531868,21.34730028244012,21.448753508153395,1182000
2013-06-28,21.245847702026367,21.45720711718301,21.212031034124376,21.38957216883466,2842400
2013-07-01,21.38111686706543,21.558657982310304,21.313480313588308,21.42338810044444,1321500
2013-07-02,21.465660095214844,21.5332950385468,21.414934290851935,21.474114664699368,1615800
2013-07-03,21.660110473632812,21.693927136693176,21.600928491324936,21.64320133583056,1382900
2013-07-05,21.609384536743164,21.63474824517958,21.499478358607185,21.584022440850994,2627000
2013-07-08,21.71929168701172,21.786926628303643,21.66011131494931,21.66856427163463,3575400
2013-07-09,21.854564666748047,21.871473807603383,21.744656863732796,21.829200955465044,1077600
2013-07-10,21.922197341918945,22.006741424874814,21.90528820281892,21.98983228577479,3148900
2013-07-11,22.0321044921875,22.099739439024788,21.922198308281025,22.06592277187831,1427200
2013-07-12,22.116649627685547,22.125104198009183,22.05746924796451,22.116649627685547,4106300
2013-07-15,22.057466506958008,22.08283021477705,21.9898315653181,22.023648229865948,1477600
2013-07-16,22.08283042907715,22.184282036249435,22.08283042907715,22.125101663308232,1308400
2013-07-17,22.065921783447266,22.125102157710902,22.040558074815312,22.116647588166916,944200
2013-07-18,22.15892219543457,22.16737676626515,22.065925141387183,22.082834283048346,1176300
2013-07-19,22.175827026367188,22.218099872302734,22.040557144461822,22.209645303115625,1327400
2013-07-22,22.15892219543457,22.235011720365296,22.116650953826166,22.209649620418055,1807600
2013-07-23,22.19273567199707,22.218099378995248,22.1589173959995,22.184281102997677,1237700
2013-07-24,22.015193939208984,22.19273504555223,21.964466526644536,22.116645539249664,1429000
2013-07-25,21.989831924438477,22.00674106326065,21.846107469538453,21.964468216205216,1215100
2013-07-26,21.854564666748047,21.905290476769625,21.761566004588133,21.89683590634196,833600
2013-07-29,21.846107482910156,21.86301662174268,21.761563401291763,21.82074377466137,882200
2013-07-30,21.770017623901367,21.812288857765047,21.702382682192958,21.7953813317461,1729200
2013-07-31,21.922197341918945,21.956014007574737,21.617839288295514,21.651657566495565,1257700
2013-08-01,21.972925186157227,22.032105565956062,21.93910851736264,22.023650995621313,1856300
2013-08-02,21.888378143310547,21.989831361100325,21.87992357411605,21.947558515127838,1216700
2013-08-05,21.778472900390625,21.82074413562697,21.7023833869298,21.71929252604204,1031800
2013-08-06,21.60093116760254,21.719293534338824,21.558659930403795,21.719293534338824,1781400
2013-08-07,21.45720672607422,21.56711452297719,21.431844628746102,21.533296243147248,1298100
2013-08-08,21.56711196899414,21.584021106906725,21.389569246000285,21.482567891975357,1150200
2013-08-09,21.71929168701172,21.75310835138558,21.62629303803125,21.634747607260763,1063700
2013-08-12,21.98137664794922,21.998285786227477,21.778471826242683,21.820743059394143,887800
2013-08-13,21.972925186157227,22.023650995621313,21.94756147515298,22.01519803783097,917800
2013-08-14,22.15046501159668,22.15046501159668,21.96446771389483,21.972922283112567,1693200
2013-08-15,22.36182403564453,22.370276992178677,22.11664637000587,22.201190448244862,1724200
2013-08-16,22.37027931213379,22.39564302199913,22.26882769776109,22.37027931213379,1708400
2013-08-19,22.34491729736328,22.47173262206983,22.319553587404236,22.41255224470973,2371900
2013-08-20,22.302644729614258,22.429461668469692,22.235009781412064,22.243464351505384,1334800
2013-08-21,22.277280807495117,22.344915750158393,22.260371668693242,22.328006611356518,1423700
2013-08-22,22.285736083984375,22.32800731978603,22.23500866596925,22.285736083984375,1673100
2013-08-23,22.46327781677246,22.50555066626138,22.311098783701,22.344917063292137,1384500
2013-08-26,22.590091705322266,22.640819121486977,22.50554923680286,22.581637135961483,1190000
2013-08-27,22.809904098510742,22.877539036189916,22.75917829838739,22.818358667288653,1878200
2013-08-28,22.84372329711914,22.919812806652274,22.809905020640336,22.84372329711914,2376700
2013-08-29,22.607004165649414,22.843727304900025,22.598549595046414,22.809909022488025,1251800
2013-08-30,22.539365768432617,22.649273556928744,22.44636711855808,22.59854614106397,5229600
2013-09-03,22.65772819519043,22.708455614819833,22.573185720896763,22.666182765128664,5447200
2013-09-04,22.46327781677246,22.48018695656803,22.395642870134516,22.446368676976892,12295700
2013-09-05,22.412551879882812,22.480186826128314,22.336462363788584,22.480186826128314,1297400
2013-09-06,22.539365768432617,22.615455279685563,22.497094534422853,22.54782033774341,2600500
2013-09-09,22.395641326904297,22.564729488119866,22.3702776189587,22.488639976827283,2148900
2013-09-10,22.19273567199707,22.226553947994642,22.125100732546084,22.1589173959995,1288800
2013-09-11,22.22655487060547,22.260371535462596,22.133556220295986,22.24346239676192,1521400
2013-09-12,22.33646011352539,22.36182382051633,22.167371958674092,22.192735665665033,2274300
2013-09-13,22.268827438354492,22.28573657806775,22.133557545737077,22.21810163175904,1148600
2013-09-16,21.989831924438477,22.15046551816068,21.989831924438477,22.08283057541621,1427400
2013-09-17,21.761564254760742,22.006741939815306,21.736200545517214,21.98983280031962,3673300
2013-09-18,22.235008239746094,22.26037194826746,21.82074400916265,21.846107717684013,1473700
2013-09-19,22.15046501159668,22.328006127536593,22.116646734725727,22.30264241988338,3198000
2013-09-20,21.947559356689453,22.133556661011934,21.930651830196343,22.057467147888055,1424600
2013-09-23,21.786928176879883,21.88837978975667,21.77001903721898,21.85456312297918,3697100
2013-09-24,21.778472900390625,21.829198705183092,21.651657582137336,21.71929252604204,3354800
2013-09-25,21.81229019165039,21.95601465313796,21.8038372343961,21.896834277092072,2383300
2013-09-26,21.98137664794922,22.006740355366606,21.888377999962987,21.905287138241246,1226000
2013-09-27,21.871471405029297,22.057467096373134,21.871471405029297,21.94755930543122,1619700
2013-09-30,21.778472900390625,21.888379079531674,21.744654622166145,21.829198705183092,17407400
2013-10-01,21.634748458862305,21.668565124567284,21.499478570953872,21.626293889299998,6424400
2013-10-02,21.846107482910156,21.896833286863497,21.668564750257108,21.710837597338422,2193100
2013-10-03,21.81229019165039,21.998287502130953,21.81229019165039,21.998287502130953,1212500
2013-10-04,21.879924774169922,21.947559718891302,21.81228982944854,21.947559718891302,1224500
2013-10-07,22.0321044921875,22.057468201955608,21.77001927476104,21.83765422159833,1691800
2013-10-08,22.108192443847656,22.2096456631936,22.091283305199294,22.158918247248522,1774400
2013-10-09,21.947559356689453,22.023648869813332,21.87147145610983,21.98137763476418,2811500
2013-10-10,22.22655487060547,22.260371535462596,22.03210300063617,22.05746670868718,1180600
2013-10-11,22.108192443847656,22.125101582496015,21.989831698397563,22.015195406370104,1076900
2013-10-14,22.09973907470703,22.175828590212678,22.015196601962362,22.0574678383347,1560900
2013-10-15,22.02364730834961,22.1166459539173,22.02364730834961,22.04901101510738,1346100
2013-10-16,22.19273567199707,22.302641843900865,22.108191594547296,22.125100732546084,2097700
2013-10-17,22.074377059936523,22.201192382069113,22.02364964104804,22.133557436095444,2061600
2013-10-18,22.20119285583496,22.209647425830124,22.091285058442157,22.175829145849466,1289600
2013-10-21,22.15046501159668,22.226554522012126,22.108192165507987,22.201190814358913,1468100
2013-10-22,22.125102996826172,22.26882745943628,22.08283176004733,22.23500917997775,1276000
2013-10-23,21.786928176879883,21.947560166025514,21.761564467388528,21.922198069078476,1036800
2013-10-24,21.795381546020508,21.82074364157037,21.69392832618838,21.710837464917773,1128100
2013-10-25,21.863019943237305,21.87147451393801,21.744657565971902,21.761566707373312,1197600
2013-10-28,21.947559356689453,21.998286773801542,21.854562317072467,21.89683355212162,1137200
2013-10-29,21.888378143310547,21.922196420088536,21.81228863310426,21.863016048271245,2494000
2013-10-30,21.95601463317871,21.98137834255145,21.88837968739571,21.95601463317871,1106100
2013-10-31,21.770017623901367,21.922196645881343,21.744653916056635,21.888378368755035,2376000
2013-11-01,21.49947738647461,21.60938355964101,21.440297015343152,21.60938355964101,2624000
2013-11-04,21.406478881835938,21.47411382251535,21.381116786921275,21.39802431268299,1648500
2013-11-05,21.3472957611084,21.42338526114161,21.31347748885187,21.406476125013345,1522900
2013-11-06,21.36421012878418,21.47411631544315,21.36421012878418,21.423390507180883,1702900
2013-11-07,21.2120304107666,21.338845733624993,21.17821213131406,21.2881199269905,2842900
2013-11-08,21.33039093017578,21.364209209257982,21.13594066308602,21.169758942168226,1453000
2013-11-11,21.423389434814453,21.44875314394817,21.31348164111264,21.338845350246356,1045400
2013-11-12,21.2796630859375,21.448751240064702,21.228937284717,21.448751240064702,1606600
2013-11-13,21.372665405273438,21.406482074384446,21.288121313679277,21.372665405273438,1313700
2013-11-14,21.465660095214844,21.55020417751585,21.355753917004506,21.414934290851935,1524500
2013-11-15,21.431842803955078,21.482568606836658,21.41493366547982,21.448751942430338,1369400
2013-11-18,21.288118362426758,21.457204909629542,21.288118362426758,21.457204909629542,2611100
2013-11-19,21.254302978515625,21.381119921859813,21.2373954502749,21.279666689693347,1426900
2013-11-20,21.271209716796875,21.372662937504575,21.228938482152802,21.228938482152802,1313500
2013-11-21,21.541749954223633,21.541749954223633,21.313481412105737,21.372663399448516,2304500
2013-11-22,21.609384536743164,21.643202814658384,21.49102378912838,21.626293675700772,1999100
2013-11-25,21.584022521972656,21.651657465513054,21.474114730879354,21.52484053539859,1378200
2013-11-26,21.5755672454834,21.617838479106926,21.49102316569214,21.567112676249852,1754900
2013-11-27,21.5755672454834,21.584021814716944,21.465659457991503,21.584021814716944,1040100
2013-11-29,21.56711196899414,21.660110614969213,21.44029665973804,21.44029665973804,1029700
2013-12-02,21.541749954223633,21.65165774674452,21.482569579425128,21.499478718665923,5001000
2013-12-03,21.668567657470703,21.71084051022365,21.55020689485135,21.55020689485135,1399600
2013-12-04,21.710838317871094,21.812289929144722,21.66856546938684,21.66856546938684,2137800
2013-12-05,21.68547248840332,21.744652857950406,21.64320125659658,21.693927057273495,1672300
2013-12-06,21.761564254760742,21.77847339425643,21.71083844881798,21.761564254760742,1050000
2013-12-09,21.68547248840332,21.812287796367663,21.66011039433693,21.80383484004162,2037300
2013-12-10,21.753108978271484,21.820743921512527,21.702383173976763,21.820743921512527,1973700
2013-12-11,21.753108978271484,21.770018117217806,21.685474035030442,21.710837743449925,1964800
2013-12-12,21.55020523071289,21.6939296938854,21.50793399376864,21.6939296938854,1840200
2013-12-13,21.465660095214844,21.524840469062273,21.457205525730316,21.50793294263747,1585100
2013-12-16,21.533292770385742,21.643200549563435,21.51638524574185,21.52483820179176,3035200
2013-12-17,21.431842803955078,21.52483984048061,21.42338823471745,21.49102317607429,9614600
2013-12-18,21.4741153717041,21.592477735840124,21.465660801941223,21.49102451122986,6495600
2013-12-19,21.52484130859375,21.584023297293697,21.457206362623833,21.465660932438112,2614300
2013-12-20,21.69392967224121,21.72774795179833,21.609385585892735,21.66856596257337,2716700
2013-12-23,21.69392967224121,21.74465547903257,21.651658435339133,21.74465547903257,2961900
2013-12-24,21.761564254760742,21.78692796400427,21.693929309322293,21.736200545517214,1252600
2013-12-26,21.795381546020508,21.829198210935065,21.305027810677718,21.305027810677718,1759700
2013-12-27,21.854564666748047,21.913745047197292,21.27121220759441,21.279666778022076,1865900
2013-12-30,21.727746963500977,21.820744002964396,21.541749659485642,21.541749659485642,3367600
2013-12-31,21.69392967224121,21.71929338190905,21.592478058658497,21.600931016003454,2268200
2014-01-02,21.38111686706543,21.600929215689312,21.37266229788079,21.567112551494944,2064400
2014-01-03,21.245847702026367,21.372664641155847,21.228940174347553,21.347300930821078,1797200
2014-01-06,21.271209716796875,21.321935520878608,21.237393051590466,21.29657342510986,1790400
2014-01-07,21.254302978515625,21.288121260085923,21.22048630948975,21.245848408123052,1257200
2014-01-08,21.051395416259766,21.220483577251496,21.017578751587948,21.203574438643482,1346800
2014-01-09,20.88231086730957,21.03448829172018,20.823128876514797,21.026035334151008,1185300
2014-01-10,21.017580032348633,21.04294212926195,20.89076309760481,20.933035946700855,3678000
2014-01-13,21.009124755859375,21.068305130058913,20.992215616789718,21.017579325394202,2131100
2014-01-14,21.009124755859375,21.127485504258456,20.941489812125006,21.026033894929032,1089900
2014-01-15,21.06830596923828,21.152850055409814,20.975307313195167,21.009125592681507,1487000
2014-01-16,21.034488677978516,21.135941908659618,21.034488677978516,21.119032768122032,2372100
2014-01-17,21.059852600097656,21.144396691089483,21.051398029744032,21.093670881512153,1446600
2014-01-21,21.110578536987305,21.195122628488992,21.085216438317893,21.16130595941497,1848500
2014-01-22,21.2120304107666,21.237394120356008,21.144395464405836,21.203575840903465,1557600
2014-01-23,21.195117950439453,21.330387821968497,21.1697558573678,21.271207454742548,1164500
2014-01-24,21.203575134277344,21.245846369639978,21.144394759751947,21.186665995114584,3067300
2014-01-27,21.059852600097656,21.220486211727685,21.026035931227575,21.18666793031319,1882700
2014-01-28,21.161304473876953,21.195121140577022,21.11903162482148,21.13594076444367,1338000
2014-01-29,21.144393920898438,21.186665154584063,21.093668117966846,21.12748478240651,1534400
2014-01-30,21.059852600097656,21.195122500666812,21.059852600097656,21.18666793031319,1712200
2014-01-31,21.034488677978516,21.119032768122032,21.00912657971654,21.042943248247308,1689600
2014-02-03,21.034488677978516,21.093670669860057,20.983762868910166,21.034488677978516,2314000
2014-02-04,21.195117950439453,21.203572518978028,21.102119309059212,21.102119309059212,2000000
2014-02-05,21.23739242553711,21.26275452055821,21.14439377700856,21.23739242553711,1184500
2014-02-06,21.321935653686523,21.389570597064857,21.28811898826948,21.35575393164781,1083700
2014-02-07,21.56711196899414,21.584021106906725,21.372661720631843,21.431842090781746,1356000
2014-02-10,21.44875144958496,21.575566760147073,21.44875144958496,21.5248393458869,1901600
2014-02-11,21.55866050720215,21.57556964755178,21.42339060949384,21.50793469869763,1429600
2014-02-12,21.60093116760254,21.719293534338824,21.60093116760254,21.643204017345617,3575300
2014-02-13,21.71929168701172,21.71929168701172,21.592476373657387,21.592476373657387,3652900
2014-02-14,21.795381546020508,21.829198210935065,21.66011166127382,21.66011166127382,2148800
2014-02-18,22.108192443847656,22.133556151820194,21.95601342110084,21.95601342110084,1895400
2014-02-19,22.167373657226562,22.226555644740184,22.10819328225722,22.125102421546824,2154800
2014-02-20,22.209646224975586,22.209646224975586,22.11664757260146,22.13355671167753,4146500
2014-02-21,22.15046501159668,22.201190814358913,22.057466362745753,22.201190814358913,1027500
2014-02-24,22.24346160888672,22.268825316039333,22.142010005364593,22.150464574415462,2531500
2014-02-25,22.142009735107422,22.20119010519702,22.08282936501782,22.16737182940631,1302100
2014-02-26,22.08283042907715,22.150465371373414,22.06592129036703,22.09973795524305,1208900
2014-02-27,22.015193939208984,22.108190970488923,21.9982848016875,22.0405560329471,955600
2014-02-28,22.091283798217773,22.091283798217773,21.956013911100456,21.96446848061332,1861100
2014-03-03,22.395641326904297,22.48018540751208,22.29418972021033,22.429459604165096,5428200
2014-03-04,22.311100006103516,22.32800914682552,22.184284675777324,22.235010485398917,1283100
2014-03-05,22.125102996826172,22.319553266079755,22.11664842696154,22.319553266079755,3417200
2014-03-06,22.328006744384766,22.328006744384766,22.133556484637364,22.133556484637364,956900
2014-03-07,22.22655487060547,22.26882610481293,22.175827454503448,22.235007827411586,2120600
2014-03-10,22.040557861328125,22.12510194340481,22.023648722403937,22.08283070863859,1710100
2014-03-11,22.049013137817383,22.116648083138674,21.989832762229288,22.07437684701698,1821300
2014-03-12,21.989831924438477,22.023648589538595,21.85456203894954,21.888378704049657,1026800
2014-03-13,21.888378143310547,21.981376791905827,21.854561479076747,21.97292222271133,1182000
2014-03-14,22.00674057006836,22.032102665189,21.930651059618043,21.947558585517072,827500
2014-03-17,21.761564254760742,21.947559951580402,21.761564254760742,21.92219785488117,1563700
2014-03-18,21.871471405029297,21.913742639979727,21.74465447508951,21.74465447508951,1091800
2014-03-19,21.863019943237305,21.930654896298474,21.736202995271196,21.761566707373312,1194200
2014-03-20,21.761564254760742,21.888379575889797,21.71083844881798,21.80383710349996,1393200
2014-03-21,21.778472900390625,21.896833649087796,21.770018330834507,21.786927469946747,1410800
2014-03-24,21.770017623901367,21.896832938036614,21.761563054619792,21.863016273454512,1574000
2014-03-25,21.91374397277832,21.998288060365418,21.871472735256944,21.89683483275203,1186300
2014-03-26,21.896831512451172,21.964466449756234,21.837651143877256,21.846105712608402,1156500
2014-03-27,22.091283798217773,22.133556645782093,21.998286758664776,22.00674132817764,742400
2014-03-28,22.09973907470703,22.19273772977933,22.09973907470703,22.150466493407,1789900
2014-03-31,22.08283042907715,22.09973795524305,21.9306514057745,22.08283042907715,1455500
2014-04-01,21.81229019165039,22.06592244797544,21.8038372343961,22.032104168781043,1986400
2014-04-02,21.761564254760742,21.812290060703504,21.71929301856582,21.78692796400427,664300
2014-04-03,21.939104080200195,21.981375310780216,21.761561364167125,21.803834207291228,1289200
2014-04-04,22.040557861328125,22.05746700025231,22.015195765486087,22.05746700025231,824700
2014-04-07,21.989831924438477,22.08283057541621,21.905287842871832,21.998286493849566,738900
2014-04-08,22.24346160888672,22.28573445414108,22.04901135834917,22.082829634552656,790200
2014-04-09,22.302644729614258,22.344917580080857,22.235009781412064,22.268828061785342,1411100
2014-04-10,22.311100006103516,22.37028038608611,22.268828766842923,22.311100006103516,984900
2014-04-11,22.209646224975586,22.31955240388152,22.209646224975586,22.2519174601215,1679100
2014-04-14,22.412551879882812,22.446368546733407,22.31955322409113,22.35337150348604,1438500
2014-04-15,22.429458618164062,22.454820712450527,22.294188740155768,22.319550834442236,1059700
2014-04-16,22.471731185913086,22.590091933068912,22.43791452067324,22.547820698383042,1378300
2014-04-17,22.522457122802734,22.53936626179445,22.42100551394095,22.42946008343681,1295800
2014-04-21,22.446367263793945,22.471730971890445,22.39564146014517,22.471730971890445,892300
2014-04-22,22.43791389465332,22.454821420529402,22.319551538255578,22.429459325443183,2401800
2014-04-23,22.42100715637207,22.46327839440365,22.395643446026504,22.42946172648726,1073200
2014-04-24,22.556276321411133,22.5816384183896,22.497095945068963,22.530912611888354,901400
2014-04-25,22.46327781677246,22.50555066626138,22.437915719623437,22.48018695656803,660600
2014-04-28,22.38718605041504,22.488639266448484,22.328005679622265,22.488639266448484,609300
2014-04-29,22.446367263793945,22.488640110621443,22.42100516824167,22.454821833159446,1083500
2014-04-30,22.328006744384766,22.47173119996855,22.243462662415908,22.311097605482146,4399300
2014-05-01,22.15892219543457,22.184285907926313,22.074379712217766,22.150469237148492,1641100
2014-05-02,22.218101501464844,22.251918168148727,22.14201198574572,22.184283222236655,1171300
2014-05-05,22.167373657226562,22.20964650545058,22.13355699119163,22.175828226871367,4158400
2014-05-06,22.184282302856445,22.2603718154222,22.16737316394311,22.184282302856445,1001700
2014-05-07,22.24346160888672,22.260370746988464,22.099737160110234,22.184281238074785,933600
2014-05-08,22.175827026367188,22.184281595554296,22.099737516227396,22.15046493135005,3119000
2014-05-09,22.065921783447266,22.201191671062507,22.032103505271326,22.184282531974535,603000
2014-05-12,22.116649627685547,22.158920866759317,22.091285916714643,22.13355876833282,1328900
2014-05-13,22.218101501464844,22.235009028534634,22.133557415938675,22.184283222236655,689900
2014-05-14,22.319549560546875,22.336458697468853,22.251914625403014,22.302640423624897,1297100
2014-05-15,22.184282302856445,22.2603718154222,22.175827733399778,22.2603718154222,1049800
2014-05-16,22.209646224975586,22.23500832104543,22.175827946823446,22.192737085899516,847500
2014-05-19,22.19273567199707,22.31109641290026,22.19273567199707,22.26882518044745,1157700
2014-05-20,22.235008239746094,22.285735656788823,22.19273700475474,22.20119157426186,536300
2014-05-21,22.277280807495117,22.328006611356518,22.209645864831845,22.235007960490428,802600
2014-05-22,22.294189453125,22.37873192017575,22.243462037841518,22.370277350961835,1131700
2014-05-23,22.34491729736328,22.35337186734963,22.294191489989533,22.319553587404236,554000
2014-05-27,22.15892219543457,22.25192086202646,22.15892219543457,22.192740478756896,1093300
2014-05-28,22.167373657226562,22.218101075095383,22.10819328225722,22.150466130481234,1164800
2014-05-29,22.175827026367188,22.218099872302734,22.15891788799297,22.218099872302734,707000
2014-05-30,22.00674057006836,22.10819217563932,21.97292229318191,22.06592094207545,5480800
2014-06-02,21.98137664794922,21.998285786227477,21.947558371392706,21.964467509670964,2445900
2014-06-03,21.964468002319336,21.981377140976853,21.913742198891,21.94755886366182,1054700
2014-06-04,21.905288696289062,21.981378211409023,21.879924987067643,21.981378211409023,1605300
2014-06-05,21.930652618408203,21.956014715331534,21.812290253436846,21.871472242194677,504300
2014-06-06,22.02364730834961,22.032101877268865,21.888377430729772,21.930650275326055,625700
2014-06-09,22.116649627685547,22.116649627685547,22.05746924796451,22.082832958935413,1569300
2014-06-10,22.057466506958008,22.1166468793249,21.97292242677207,22.091283171505857,764400
2014-06-11,21.998287200927734,22.08283128521183,21.981378061562058,22.07437671552899,2716500
2014-06-12,22.311100006103516,22.32800914682552,22.125104295794728,22.192739246138323,3854500
2014-06-13,22.311100006103516,22.378734956447115,22.294192477925925,22.336463717186522,1044500
2014-06-16,22.378732681274414,22.421005528781677,22.3364614463114,22.353370585314305,972000
2014-06-17,22.404096603393555,22.454822408341673,22.3618253680275,22.370278325065296,586200
2014-06-18,22.497095108032227,22.53936634311978,22.404096455786497,22.404096455786497,960300
2014-06-19,22.716909408569336,22.75918064427185,22.61545618532131,22.61545618532131,888600
2014-06-20,22.759180068969727,22.767634638405372,22.666181417721862,22.716908834335737,2099500
2014-06-23,22.674636840820312,22.77609006532337,22.64927474410277,22.767635495569422,1300000
2014-06-24,22.708454132080078,22.742270797080632,22.640819189534742,22.640819189534742,934700
2014-06-25,22.742271423339844,22.742271423339844,22.623910673762232,22.632365243381244,936300
2014-06-26,22.649274826049805,22.700000632212713,22.59854740734259,22.700000632212713,1082200
2014-06-27,22.607004165649414,22.68309368853195,22.581640453840414,22.65772997672295,723400
2014-06-30,22.471731185913086,22.573184406721108,22.412550812335176,22.556275267829065,15876300
2014-07-01,22.404096603393555,22.429460312139746,22.3618253680275,22.404096603393555,2226300
2014-07-02,22.36182403564453,22.421004406648574,22.336460328409583,22.36182403564453,5938500
2014-07-03,22.319549560546875,22.37872992722975,22.311094992085888,22.344913265929844,824800
2014-07-07,22.142009735107422,22.251915906338947,22.108191459316707,22.243461337391267,7393700
2014-07-08,22.08283042907715,22.175827466894372,22.023648443591725,22.175827466894372,844200
2014-07-09,21.930652618408203,22.023649661367607,21.896834339118012,22.01519670408937,8581400
2014-07-10,21.964468002319336,21.99828627963437,21.913742198891,21.956013432990577,1113300
2014-07-11,21.770017623901367,21.90528750731819,21.753108485338213,21.90528750731819,984000
2014-07-14,21.854564666748047,21.854564666748047,21.71929476499422,21.761566004588133,1005700
2014-07-15,21.651657104492188,21.727746616274445,21.60938425764414,21.727746616274445,1269800
2014-07-16,21.68547248840332,21.795380271171446,21.68547248840332,21.744652857950406,1303200
2014-07-17,21.7362003326416,21.820744416747747,21.62629415208461,21.744654902306646,650300
2014-07-18,21.59247589111328,21.719291201633574,21.575566753032135,21.702382063552424,1745700
2014-07-21,21.69392967224121,21.71929338190905,21.600931016003454,21.609385585892735,1493600
2014-07-22,21.60093116760254,21.770019341486186,21.59247821019826,21.761564771537568,1653000
2014-07-23,21.660110473632812,21.677017998890925,21.58402096606682,21.617837629127187,581200
2014-07-24,21.634748458862305,21.736200068521498,21.609384750175376,21.72774711150345,1146700
2014-07-25,21.71929168701172,21.744653782156067,21.558658096739325,21.600929330342705,857200
2014-07-28,21.677021026611328,21.73620140464104,21.617840648581616,21.685475596693337,875400
2014-07-29,21.609384536743164,21.63474824517958,21.516387497564796,21.626293675700772,1403500
2014-07-30,21.516387939453125,21.643203259151157,21.499478800148246,21.62629411984628,1519900
2014-07-31,21.406478881835938,21.53329419404181,21.38956974353004,21.499477529974197,1678900
2014-08-01,21.23739242553711,21.34729859989833,21.220483287160246,21.321934892333037,1995400
2014-08-04,21.39802360534668,21.448751018587522,21.296572003953255,21.321934098029548,2100700
2014-08-05,21.29657554626465,21.338846785118964,21.237395166850842,21.33039221483922,1915000
2014-08-06,21.431842803955078,21.465659468361398,21.33884415488535,21.35575329336061,1700200
2014-08-07,21.4741153717041,21.499479080992742,21.3895712866196,21.4741153717041,508300
2014-08-08,21.372665405273438,21.45720788432317,21.330392553204145,21.44030035603988,631500
2014-08-11,21.406478881835938,21.4825683916683,21.38956974353004,21.39802431268299,535500
2014-08-12,21.271209716796875,21.372662937504575,21.237393051590466,21.34729922919159,1048800
2014-08-13,21.254302978515625,21.296575830478496,21.161305929286154,21.279666689693347,850500
2014-08-14,21.000669479370117,21.178210595992095,20.98376034086968,21.15284850078564,949900
2014-08-15,21.08521270751953,21.135938508427397,20.933033692251794,21.00912319988566,1351100
2014-08-18,20.907670974731445,20.95839839058352,20.882308879349623,20.95839839058352,2842200
2014-08-19,20.94994354248047,20.975305637524784,20.89076155810729,20.966851068328616,792800
2014-08-20,21.009124755859375,21.059850560524087,20.93303524259018,21.026033894929032,677200
2014-08-21,21.059852600097656,21.076761740804905,20.958400980942997,20.975308509105833,727000
2014-08-22,21.026033401489258,21.093668343636367,20.99221512414359,21.051395496954285,2265000
2014-08-25,21.059852600097656,21.076761740804905,21.000672220166702,21.059852600097656,755400
2014-08-26,21.06830596923828,21.14439548553823,21.01758016255309,21.12748634579506,1029100
2014-08-27,21.10211944580078,21.144392288767577,21.017576984955344,21.11057401439414,757000
2014-08-28,21.11903190612793,21.186666852973275,21.08521523897742,21.161304755746478,544200
2014-08-29,21.161304473876953,21.195121140577022,21.11903162482148,21.178212000954833,1131800
2014-09-02,20.85694694519043,21.034488078138928,20.831583235107352,21.0091259806002,3917900
2014-09-03,20.941490173339844,21.00912511824083,20.865400658758197,20.95839931270116,882700
2014-09-04,20.85694694519043,21.000671410572508,20.81467570759632,20.97530770048943,774000
2014-09-05,20.82312774658203,20.89076269127588,20.704766996503867,20.840036885891564,712900
2014-09-08,20.721675872802734,20.73013044235019,20.628677220324978,20.64558635941989,578900
2014-09-09,20.552587509155273,20.645586160738063,20.527225413301235,20.62022245233978,1534300
2014-09-10,20.408863067626953,20.493407149802916,20.349682693867052,20.493407149802916,1476600
2014-09-11,20.307411193847656,20.33277328938826,20.172141309150366,20.265138347039613,1504200
2014-09-12,20.146778106689453,20.27359342520782,20.146778106689453,20.265138855634028,1537700
2014-09-15,20.172142028808594,20.214413264580475,20.079143375057317,20.08759794472055,1223700
2014-09-16,20.358137130737305,20.417317504111736,20.205958106320633,20.23132181457149,1033800
2014-09-17,20.27359390258789,20.36659255754518,20.25668476304215,20.36659255754518,1000300
2014-09-18,20.079143524169922,20.256684650783427,20.070688954443902,20.222867984423647,739000
2014-09-19,20.01996421813965,20.0875991670167,19.960783839440275,20.053780886305987,672100
2014-09-22,19.850872039794922,19.92696154351789,19.766327967597842,19.918506975043776,1027700
2014-09-23,19.850872039794922,19.910052406569662,19.81705537844252,19.850872039794922,886900
2014-09-24,19.9354190826416,19.969237361577438,19.732514246659452,19.808603761720793,1301100
2014-09-25,19.893146514892578,19.94387231735652,19.808602435756555,19.94387231735652,1280300
2014-09-26,19.85932731628418,19.901600160161838,19.817056084950632,19.86778188505971,761500
2014-09-29,19.977689743041992,20.01150802100324,19.84241985628549,19.84241985628549,1501000
2014-09-30,19.631061553955078,19.943874192404575,19.580335746722092,19.9269650524788,1576500
2014-10-01,19.563426971435547,19.766331816693747,19.52115573337756,19.622607349734476,1442600
2014-10-02,19.487335205078125,19.50424434336864,19.284430383224514,19.38588360042341,2061900
2014-10-03,19.301340103149414,19.377429615205454,19.242159729893434,19.377429615205454,1647300
2014-10-06,19.54651641845703,19.5718785123487,19.3097933293554,19.36051912968285,1849000
2014-10-07,19.470428466796875,19.521154271175796,19.436610188848096,19.46197389730968,1556000
2014-10-08,19.394338607788086,19.411246133916446,19.2506141541596,19.377429469115505,2886300
2014-10-09,19.16607093811035,19.360521203985915,19.123799702065853,19.32670453765917,17027500
2014-10-10,19.098434448242188,19.1829785260376,18.980073706855105,19.123798155344062,2911600
2014-10-13,19.098434448242188,19.19143309507156,18.99698123237886,19.03079950851469,1014900
2014-10-14,18.810985565185547,19.030799522598635,18.777167289024693,19.030799522598635,1910000
2014-10-15,18.574262619018555,18.81098571641519,18.531991386021808,18.751805345202072,2848500
2014-10-16,18.7602596282959,18.98852654056007,18.43899245725956,18.47281073317671,2205400
2014-10-17,18.827898025512695,18.87016926562851,18.74335393273662,18.827898025512695,2413000
2014-10-20,18.692625045776367,18.751805417216758,18.59117182863271,18.717987140654145,1068900
2014-10-21,18.844804763793945,18.86171229015783,18.73489697343537,18.794077347069567,1461600
2014-10-22,18.633445739746094,18.937802183490987,18.633445739746094,18.92089304424286,1798900
2014-10-23,18.853256225585938,18.87861993193671,18.726440918920296,18.74335005648748,3368700
2014-10-24,18.73489761352539,18.810987128667364,18.675717237869254,18.810987128667364,1545100
2014-10-27,18.68416976928711,18.72644100084588,18.506627049143194,18.540445324425512,2168100
2014-10-28,18.836349487304688,18.853257013033936,18.709532562798145,18.76871454675515,1374700
2014-10-29,19.056161880493164,19.140704339821156,18.980072377062733,19.013889038285118,1274700
2014-10-30,18.895530700683594,19.005436879269837,18.870166992143268,18.92089279667967,1232200
2014-10-31,18.870166778564453,18.878621347982204,18.650352811335644,18.692625658424394,1901000
2014-11-03,18.701080322265625,18.91243972114386,18.66726204442387,18.81098650016284,1322700
2014-11-04,18.430538177490234,18.506627686953664,18.379812375362675,18.489720161273926,1779900
2014-11-05,18.481266021728516,18.565808489724773,18.286814152722165,18.286814152722165,1581200
2014-11-06,18.498172760009766,18.523536466854996,18.345995356570832,18.40517572666555,1295600
2014-11-07,18.582719802856445,18.633447224643284,18.53199399361401,18.53199399361401,1201300
2014-11-10,18.405176162719727,18.701079632748,18.379812455273584,18.650352217855716,1854900
2014-11-11,18.498172760009766,18.55735474264863,18.32908621867401,18.362902881923503,1082800
2014-11-12,18.438993453979492,18.59117247874441,18.42208592765113,18.48972087059729,1988600
2014-11-13,18.100818634033203,18.371358404245264,18.033183691480186,18.345996308628028,1345200
2014-11-14,18.295270919799805,18.312180060448,18.0923660696547,18.1008206399788,2859700
2014-11-17,18.21917724609375,18.26145008807751,18.11772565042081,18.151542311463775,1517700
2014-11-18,18.126182556152344,18.19381749950371,18.075455139230634,18.159999221555903,1473000
2014-11-19,18.033185958862305,18.21072871322725,18.024731388412125,18.21072871322725,1161900
2014-11-20,18.18536376953125,18.219180436495932,18.100819683303065,18.126183392934816,1539300
2014-11-21,18.379812240600586,18.42208508585042,18.252996929939417,18.345995576944883,8061500
2014-11-24,18.21917724609375,18.36290168375045,18.21072429024104,18.278359224871014,2956800
2014-11-25,18.13463592529297,18.362902836154497,18.117726787438297,18.32063160406195,2468300
2014-11-26,18.092363357543945,18.20227114273722,18.092363357543945,18.100817926600673,2360400
2014-11-28,17.26383399963379,17.55973745031578,17.22156276919811,17.534373744527922,903100
2014-12-01,17.618919372558594,17.627373941900537,17.187746011384714,17.204655150068604,3661600
2014-12-02,17.246929168701172,17.59355850496213,17.179294215590364,17.399108216336614,3058400
2014-12-03,17.14547348022461,17.26383421696983,17.077838543149614,17.153928048926996,3379800
2014-12-04,17.094749450683594,17.15393144331111,17.027114500225135,17.05247821135121,2101900
2014-12-05,17.05247688293457,17.12856639784089,16.934116131988873,17.018658604067635,2047400
2014-12-08,16.756574630737305,16.92566281247297,16.739665490054854,16.908753671790524,3357200
2014-12-09,16.87493324279785,16.908751519858786,16.722755833656255,16.731210402921487,2689000
2014-12-10,16.612850189208984,16.739665519461308,16.477580288600585,16.705848850581415,5415900
2014-12-11,16.460668563842773,16.646665857389213,16.460668563842773,16.469123132871626,3634700
2014-12-12,16.325395584106445,16.460665437790613,16.308488061803814,16.43530334806474,3346100
2014-12-15,16.063312530517578,16.384578071608544,16.05485796199623,16.35921597858856,6393000
2014-12-16,15.970314979553223,16.12249399823801,15.86886337545948,15.894225470210829,4297600
2014-12-17,16.063312530517578,16.32539770450316,15.88577142920143,15.936497227785463,7656500
2014-12-18,16.012590408325195,16.32540145271429,15.944955457169897,16.291584783408858,4960200
2014-12-19,16.249309539794922,16.30003695510451,16.012588051860302,16.080222993062222,3617500
2014-12-22,15.953408241271973,16.105585654923217,15.92804453272464,16.105585654923217,5826700
2014-12-23,16.114038467407227,16.17321883502055,15.94495193316117,15.94495193316117,5627200
2014-12-24,15.902682304382324,15.995680965167848,15.860411065413125,15.970317254259687,2069600
2014-12-26,15.885771751403809,15.970314213243904,15.826589770554007,15.953406688402342,2913100
2014-12-29,15.73359489440918,16.012589249298614,15.649050808448436,15.970316400046084,4566300
2014-12-30,15.71668529510498,15.818136905255669,15.682867016691905,15.70823072550171,4735800
2014-12-31,15.5983247756958,15.64059601179103,15.403872897042573,15.547597357328371,21526500
2015-01-02,15.412325859069824,15.53914116667137,15.370054627384018,15.44614413445377,1967300
2015-01-05,15.192514419555664,15.344693458865654,15.175606891611304,15.344693458865654,1827500
2015-01-06,15.048788070678711,15.24323993692073,15.00651683728151,15.175604995958695,1843100
2015-01-07,14.955792427062988,15.09951689155592,14.879702909828827,15.03188194429715,1868400
2015-01-08,15.014971733093262,15.014971733093262,14.862792709482255,14.930427651915567,1409400
2015-01-09,14.989609718322754,15.031882569959192,14.828977719737505,14.972700577668178,3463600
2015-01-12,14.659887313842773,14.80361176250963,14.65143274479835,14.80361176250963,4567400
2015-01-13,14.600706100463867,14.626068193589317,14.431617954421883,14.609160669020374,2898600
2015-01-14,14.761340141296387,14.812067559769234,14.423165414198886,14.499254929363861,2774300
2015-01-15,14.55843448638916,14.905063763740506,14.549979917119103,14.879701668474539,1827800
2015-01-16,14.837428092956543,14.871246368374816,14.642977846933853,14.668341553497557,1726200
2015-01-20,14.63452434539795,14.70215928862309,14.549980263230461,14.63452434539795,2409000
2015-01-21,14.727521896362305,14.79515683453269,14.668341527031235,14.727521896362305,2282200
2015-01-22,14.710614204406738,14.820521997575158,14.642979259589357,14.803612858234743,3736700
2015-01-23,14.6176176071167,14.710614651225102,14.583799327408675,14.626070564499374,1889100
2015-01-26,14.566889762878418,14.710614222358782,14.566889762878418,14.609162611281045,1718300
2015-01-27,14.642977714538574,14.710612652219467,14.533071545511163,14.549979070523301,3261700
2015-01-28,14.431620597839355,14.609163344958075,14.423166027734238,14.54998135422226,3647800
2015-01-29,14.363985061645508,14.44852914669204,14.237169740347856,14.44852914669204,2221700
2015-01-30,14.710614204406738,14.786703718894326,14.31325910517266,14.330168244513077,3535300
2015-02-02,14.913517951965332,14.938881659127455,14.710613132300843,14.85433758113121,2878400
2015-02-03,15.327783584594727,15.54759756279225,15.099516649101883,15.141787885755736,5713100
2015-02-04,14.989609718322754,15.243241990508169,14.8966126698114,15.243241990508169,4597900
2015-02-05,15.192514419555664,15.285513079699411,15.00651871181256,15.00651871181256,2395500
2015-02-06,15.234785079956055,15.31932915769766,15.15024100221445,15.234785079956055,2735100
2015-02-09,15.38696575164795,15.471508225934627,15.293967094879404,15.336238332022743,2060700
2015-02-10,15.192514419555664,15.37851173984316,15.11642489990067,15.370057169598784,1172500
2015-02-11,15.074153900146484,15.133334280250729,14.921974858424477,15.091063040903245,3233400
2015-02-12,15.302422523498535,15.344693763013886,15.158698051584148,15.217878431923408,11000200
2015-02-13,15.471506118774414,15.530688100276794,15.420780318602203,15.463053162532473,2173800
2015-02-17,15.479962348937988,15.56450643332806,15.285512083621823,15.412327403934787,1631700
2015-02-18,15.293967247009277,15.47150837983051,15.260148966922747,15.420782572245065,2454500
2015-02-19,15.243242263793945,15.319331785559287,15.057244938347806,15.091063220263262,1131800
2015-02-20,15.184059143066406,15.302421508437982,15.158697046057318,15.293966938586847,1674600
2015-02-23,15.082606315612793,15.209421628081051,15.040335082304768,15.099515453953677,1583800
2015-02-24,15.091059684753418,15.277055354080348,15.082605116255277,15.16714918869263,1183100
2015-02-25,15.319329261779785,15.327782218321632,15.141786536061746,15.175604812405819,1861500
2015-02-26,15.192514419555664,15.310876790432541,15.11642489990067,15.26860393921066,952400
2015-02-27,15.361600875854492,15.420781248380973,15.24324013080153,15.30242050332801,964100
2015-03-02,15.141789436340332,15.31933219606515,15.091063624652303,15.27705934253806,1449400
2015-03-03,15.234785079956055,15.268601743526201,15.158695571243028,15.20096680384175,1588300
2015-03-04,15.099515914916992,15.175605427229671,15.023426402604311,15.158696288372578,1476900
2015-03-05,15.040335655212402,15.167150972511235,14.998062807749958,15.13333269454128,1244000
2015-03-06,14.854338645935059,14.989608535407939,14.82052197983898,14.981153965747849,7454700
2015-03-09,14.812067985534668,14.938883310273438,14.786704275569177,14.888157502886799,1280700
2015-03-10,14.6176176071167,14.668343414134403,14.549981047700651,14.626070564499374,1580800
2015-03-11,14.693705558776855,14.71061469868542,14.541528137232778,14.642979751595496,1390600
2015-03-12,14.62607192993164,14.795160119168502,14.575346118178375,14.786705548452211,1146200
2015-03-13,14.330168724060059,14.566890232570435,14.330168724060059,14.566890232570435,1924600
2015-03-16,14.31325912475586,14.3386212212569,14.135716386527147,14.287895415710533,1888400
2015-03-17,14.211806297302246,14.26253371680703,14.161080490341792,14.211806297302246,1370500
2015-03-18,14.600706100463867,14.609160669020374,14.127259936563936,14.152623642233454,2163200
2015-03-19,14.35552978515625,14.423164727354914,14.287894842957586,14.35552978515625,1165500
2015-03-20,14.549979209899902,14.609161191913696,14.465436746397023,14.473891315256136,1457400
2015-03-23,14.71906852722168,14.744432235806926,14.59225320938396,14.60916234844079,1469000
2015-03-24,14.600706100463867,14.668341036371848,14.583796963350855,14.659886467815342,1512700
2015-03-25,14.642977714538574,14.74443092733197,14.57534277685768,14.659886852094825,1540100
2015-03-26,14.820521354675293,14.879701727255279,14.75288641279185,14.82897592397875,1678700
2015-03-27,14.524618148803711,14.735977547680262,14.524618148803711,14.71906840875952,675400
2015-03-30,14.600706100463867,14.651431899258835,14.499252890329863,14.558433257681337,993200
2015-03-31,14.431620597839355,14.60070877485296,14.423166027734238,14.482346405925691,2302400
2015-04-01,14.693705558776855,14.778249645775345,14.448529480280005,14.4823461475528,1893200
2015-04-02,14.6176176071167,14.668343414134403,14.524618950463964,14.583799327408675,1256800
2015-04-06,14.803613662719727,14.879703181342311,14.668343765733882,14.752887854486127,1377800
2015-04-07,14.879701614379883,14.930427417271613,14.735977162399816,14.803612103770188,1274100
2015-04-08,14.592254638671875,14.845885299190028,14.5330742587206,14.837430728833501,904000
2015-04-09,14.592254638671875,14.702160828217897,14.54998178688924,14.609163779384927,1321400
2015-04-10,14.744434356689453,14.769796456378604,14.676799403277577,14.702161502966726,804200
2015-04-13,14.676795959472656,14.803611265795562,14.64297768442969,14.778247559513337,1210300
2015-04-14,14.744434356689453,14.820523880845876,14.693706932222181,14.727525215200362,1302500
2015-04-15,15.040335655212402,15.116423555556304,14.803612547055465,14.837429212481172,5697900
2015-04-16,15.200968742370605,15.277058260787076,15.040336747975271,15.074153415857944,1718200
2015-04-17,15.167149543762207,15.260146574330744,15.107969175433839,15.192511637306309,1226500
2015-04-20,15.099515914916992,15.158696288372578,15.031880972032859,15.05724306777426,1002800
2015-04-21,14.989609718322754,15.082608379378513,14.95579304955801,15.031882569959192,1305400
2015-04-22,15.040335655212402,15.074152320638108,14.972699099272493,15.031881085719913,762800
2015-04-23,15.226330757141113,15.293965697919239,15.091060875584864,15.099515444750152,1057800
2015-04-24,15.217876434326172,15.234785572930477,15.150241492453157,15.209421865024018,700600
2015-04-27,15.217876434326172,15.277056806897033,15.184058157117558,15.226331003628324,833500
2015-04-28,15.243242263793945,15.310877215080424,15.200969411399624,15.234787693315083,815500
2015-04-29,15.344691276550293,15.429235354425842,15.234785104092992,15.251694242176935,1774000
2015-04-30,15.463053703308105,15.463053703308105,15.293965546761877,15.353145917789806,1166500
2015-05-01,15.446146011352539,15.446146011352539,15.310876118468032,15.378511064910285,2015400
2015-05-04,15.437691688537598,15.437691688537598,15.361602171004318,15.386965881030193,2095200
2015-05-05,15.564508438110352,15.632143391825252,15.556053867327925,15.572963008892776,1615300
2015-05-06,15.564508438110352,15.79277701160233,15.547599296545501,15.564508438110352,2812400
2015-05-07,15.319329261779785,15.556050746011609,15.29396555452173,15.556050746011609,1007500
2015-05-08,15.403871536254883,15.437689812178974,15.234784994266874,15.31087450255193,1711600
2015-05-11,15.336236953735352,15.420781032968277,15.260147443680138,15.403871894612854,1494300
2015-05-12,15.496870040893555,15.589868686290847,15.3785093013291,15.386963870232867,1241200
2015-05-13,15.513779640197754,15.640594952438418,15.505325071042485,15.632140383283149,1246900
2015-05-14,15.606780052185059,15.640598336122373,15.522237567430833,15.606780052185057,2321900
2015-05-15,15.5983247756958,15.606777732879412,15.429236606226288,15.479962412049424,2034900
2015-05-18,15.556052207946777,15.581415917588474,15.496871831327134,15.556052207946776,1773500
2015-05-19,15.226330757141113,15.395417302814334,15.175604954693567,15.395417302814334,1463300
2015-05-20,15.192514419555664,15.260149368966283,15.175606891611304,15.234787270777545,2551100
2015-05-21,15.378511428833008,15.429237236729012,15.302421910716824,15.302421910716824,974800
2015-05-22,15.20942211151123,15.277057054480352,15.18405840319372,15.251694958707079,1452200
2015-05-26,14.913517951965332,15.0572424007957,14.862792150185252,15.03188030617774,1366900
2015-05-27,14.710614204406738,14.8458840940415,14.685252107940396,14.786703718894326,1392400
2015-05-28,14.786702156066895,14.795156724843528,14.626068574399099,14.693703512068048,3380400
2015-05-29,14.972697257995605,15.006515531806738,14.761337884308187,14.778247021213753,1347700
2015-06-01,14.938881874084473,15.014971384121537,14.879701502398799,14.947336443260168,2013000
2015-06-02,15.116425514221191,15.13333465539712,14.981155609902684,15.031883033430468,1085500
2015-06-03,14.921972274780273,15.099514996897033,14.896610180580835,15.04878758340988,1091000
2015-06-04,14.786702156066895,14.845882524959212,14.72752178717458,14.837427956182578,1296700
2015-06-05,14.854338645935059,14.862793215595149,14.609162575969568,14.64297924206565,1161400
2015-06-08,14.862793922424316,14.888157632610806,14.812068114595691,14.837430212237825,1449000
2015-06-09,15.099515914916992,15.150241718944033,15.05724306777426,15.0826067760599,1221800
2015-06-10,15.158696174621582,15.285511490009679,15.133332466526273,15.26014778191437,1223400
2015-06-11,15.023426055908203,15.116423092387643,14.989607778974444,15.116423092387643,719100
2015-06-12,14.871248245239258,14.998063568974585,14.862793675317658,14.964246901832517,3527800
2015-06-15,14.803613662719727,14.845884900823664,14.761340812071419,14.76979538220108,1343800
2015-06-16,14.8458833694458,14.871247077218475,14.761339289414419,14.803612135702211,577100
2015-06-17,14.888157844543457,15.048789840378088,14.752887946711988,15.006518602009896,693900
2015-06-18,14.888157844543457,14.95579279345919,14.871248704178429,14.930429082911647,1668500
2015-06-19,14.752884864807129,14.786701525928443,14.676795361604118,14.72752115955811,1648600
2015-06-22,14.803613662719727,14.837430330694003,14.659889195604219,14.702160433708157,1015200
2015-06-23,14.981152534484863,14.989607103337224,14.769793150808217,14.778247719660579,630500
2015-06-24,14.879701614379883,15.01497149712063,14.854337906661918,14.930427417271613,2268100
2015-06-25,14.896610260009766,14.921972354344435,14.812066182957858,14.845882846252133,887300
2015-06-26,14.964245796203613,15.014971599441017,14.871247146481531,14.955791226906678,550700
2015-06-29,14.896610260009766,14.981152724517527,14.879701122090555,14.91351778538483,2299100
2015-06-30,15.217876434326172,15.260147668292726,14.921972958927654,14.938882097531959,1582600
2015-07-01,15.031882286071777,15.124879332826817,14.972700294898456,15.099517234868342,3885400
2015-07-02,15.006518363952637,15.167151969783422,14.998063793904242,15.048789601650254,1855000
2015-07-06,14.51616382598877,14.685251992980701,14.4908001171767,14.642979144960583,2304900
2015-07-07,14.431620597839355,14.456984308154706,14.135717094337732,14.423166027734238,4409500
2015-07-08,14.363985061645508,14.473892855969291,14.287895546358056,14.39780334068184,4364000
2015-07-09,14.533072471618652,14.617616552243296,14.46543752962778,14.541527040935538,2278400
2015-07-10,14.600706100463867,14.676795604928355,14.507707458886369,14.566887826237844,1117900
2015-07-13,14.609162330627441,14.685251843746146,14.46543787390814,14.575344052555016,2425500
2015-07-14,14.55843448638916,14.617616471279565,14.490799544772901,14.516163252583077,867200
2015-07-15,14.389348030090332,14.499254206211322,14.372438891442728,14.46543754146033,914500
2015-07-16,14.3217134475708,14.541527417875118,14.313258878034759,14.43161962645083,822400
2015-07-17,14.245624542236328,14.296350349073096,14.161080455812167,14.296350349073096,938200
2015-07-20,14.017356872558594,14.144172203883185,14.017356872558594,14.093446393862234,2006200
2015-07-21,14.076536178588867,14.161080263867083,14.034264942221911,14.059627039024363,1044600
2015-07-22,13.87363052368164,14.017354976419636,13.87363052368164,13.958174603976499,2034100
2015-07-23,13.755270004272461,13.949720263357126,13.755270004272461,13.924356555089643,6627700
2015-07-24,13.645363807678223,13.721453328821324,13.577728856944844,13.696091230136572,1264800
2015-07-27,13.383275985717773,13.535454998559924,13.374821416943863,13.484728392188522,2407200
2015-07-28,13.493185043334961,13.577728325305262,13.425550095249848,13.459367569292406,2157400
2015-07-29,13.535456657409668,13.611546173155961,13.459367141663376,13.467821711473443,1239700
2015-07-30,13.484728813171387,13.586181222809403,13.459365912329904,13.52700085208858,997500
2015-07-31,13.298731803894043,13.543909458739261,13.29027804145997,13.543909458739261,1807500
2015-08-03,13.078919410705566,13.231097624773502,13.053555703134165,13.146554351685115,2939000
2015-08-04,13.155010223388672,13.205736031009785,13.104283609495385,13.163463987144075,2741300
2015-08-05,13.104283332824707,13.248007795170365,13.045102956425493,13.18882741877115,1415200
2015-08-06,13.09582805633545,13.09582805633545,13.01128478122305,13.045102252522433,1767100
2015-08-07,13.0451021194458,13.104282492047975,13.028192980832547,13.0451021194458,1940400
2015-08-10,13.3240966796875,13.374822483833167,13.09582814221564,13.104282711663958,2061600
2015-08-11,13.146553993225098,13.171916893832847,13.053555347209892,13.163462324872906,1092400
2015-08-12,13.104283332824707,13.273370698445433,13.011285483301348,13.205735752197143,1831900
2015-08-13,13.0451021194458,13.062010451786948,12.98592094057152,13.053555882480321,1304400
2015-08-14,12.960556983947754,13.078918525789703,12.960556983947754,13.011283589386315,876100
2015-08-17,12.909832954406738,13.01973913642369,12.909832954406738,12.99437623336379,1824400
2015-08-18,12.84219741821289,12.884469461537675,12.774562471402103,12.825289084646275,1641300
2015-08-19,12.698473930358887,12.892924203466093,12.656201886470138,12.859106729609527,1718400
2015-08-20,12.732290267944336,12.833742680460086,12.698472797105751,12.816833541904742,4386200
2015-08-21,12.5209321975708,12.656202095228275,12.487114723156433,12.647747525056635,2750700
2015-08-24,12.208118438720703,12.377206601653636,12.132029732927421,12.182755536789609,3776900
2015-08-25,12.258845329284668,12.436387259407953,12.23348242677338,12.411024356896665,3132700
2015-08-26,12.182755470275879,12.250390412570942,12.115120527980816,12.225027510778322,2180700
2015-08-27,12.622384071350098,12.647746974488756,12.30111767526252,12.343389718008387,2094800
2015-08-28,12.952104568481445,13.045103226200188,12.673110207869563,12.68156477789348,6212800
2015-08-31,13.264915466308594,13.349459548033938,12.6815638824745,12.808379198790398,2227600
2015-09-01,12.825288772583008,13.129646025825975,12.79992586971413,13.095828553243424,2494200
2015-09-02,12.935195922851562,12.99437629904786,12.664655332513878,12.985921729227773,3646300
2015-09-03,13.01973819732666,13.171917217253885,12.935194924467607,12.960557825698114,1687800
2015-09-04,12.859106063842773,12.985921382671117,12.842196924653855,12.943650147243092,837700
2015-09-08,12.952104568481445,12.98592204230494,12.77456262934005,12.892924190858372,1278600
2015-09-09,12.7830171585083,12.985922000800773,12.749199684792888,12.969013667079153,1918600
2015-09-10,12.892923355102539,12.935195396209759,12.766108038053002,12.791470940208484,2398200
2015-09-11,12.876014709472656,12.935195891799035,12.673109871910606,12.783016860491422,1160200
2015-09-14,12.715381622314453,12.816834038763117,12.70692705270903,12.783016566613561,804000
2015-09-15,12.75765323638916,12.766107805711156,12.68156372503541,12.723835765373284,649200
2015-09-16,12.969013214111328,13.019739019776663,12.842197087403703,12.850651657105306,1767000
2015-09-17,12.884468078613281,12.95210301816463,12.799924807310132,12.918285548388955,1326700
2015-09-18,12.690018653869629,12.808379402642341,12.622383709921756,12.783016500229921,1213700
2015-09-21,12.833742141723633,12.842195904374327,12.7238351645439,12.740743496117359,883600
2015-09-22,12.75765323638916,12.774561568761046,12.613928783003658,12.65620082334153,1021400
2015-09-23,12.656200408935547,12.926740168204192,12.647745839890382,12.8421960902967,1423700
2015-09-24,12.732290267944336,12.757653169505247,12.613928716873241,12.613928716873241,1711300
2015-09-25,12.808379173278809,12.850651214057283,12.723835897993974,12.774561701910452,1286700
2015-09-28,12.630837440490723,12.72383609288223,12.59701996860439,12.681564051456284,1424200
2015-09-29,12.715381622314453,12.75765366406943,12.639292108409922,12.656201247620768,1407500
2015-09-30,12.808379173278809,12.842196644647165,12.723835897993974,12.740744230542095,1466300
2015-10-01,12.723835945129395,12.994375717078462,12.6984730430772,12.952103676143391,2237900
2015-10-02,12.808379173278809,12.825288312099044,12.605474345068668,12.613928914478786,4613600
2015-10-05,12.97746753692627,12.985921300194903,12.918286356413065,12.94365006503535,1696100
2015-10-06,13.231097221374512,13.256460928172606,13.045101542487568,13.045101542487568,1805700
2015-10-07,13.205734252929688,13.374821599353666,13.146553883249313,13.349458698958085,1087700
2015-10-08,13.264915466308594,13.298732937744308,13.138100149992697,13.163463052001452,1294100
2015-10-09,13.3240966796875,13.40863995535432,13.264915499821395,13.357914151208652,2042900
2015-10-12,13.112736701965332,13.357913561233044,13.070464662862882,13.349458992158137,1072800
2015-10-13,13.028194427490234,13.146555992109622,12.994376952780723,13.011286093271577,1571300
2015-10-14,13.062010765075684,13.08737366733178,12.96901291928858,13.053556195566276,1495300
2015-10-15,13.028194427490234,13.05355733195432,12.89292452865219,12.985922382535296,1624400
2015-10-16,13.03664779663086,13.07891983769115,12.91828624291647,13.062010698758185,1383400
2015-10-19,12.799925804138184,12.892923651695723,12.774562095127102,12.876014512355002,1160400
2015-10-20,12.825288772583008,12.85910624516556,12.74919925770423,12.774562160573108,1591200
2015-10-21,12.715381622314453,12.77456199700814,12.647746678015345,12.732290761525299,2500900
2015-10-22,12.75765323638916,12.85910564943679,12.715381196051288,12.808379039776922,1326900
2015-10-23,12.681563377380371,12.73228998564961,12.639291338201353,12.698472515560812,1363400
2015-10-26,12.647747039794922,12.715381986028678,12.639292469947662,12.67310994306454,1226500
2015-10-27,12.588565826416016,12.639291629582582,12.563202118560628,12.588565826416016,1547100
2015-10-28,12.799925804138184,12.884469082025362,12.622383872421324,12.622383872421324,1690700
2015-10-29,12.723835945129395,12.833742929051734,12.715381375687956,12.74919884718159,1501300
2015-10-30,12.850651741027832,12.901378353296586,12.723836419764169,12.749199322762472,1446500
2015-11-02,12.7830171585083,12.833743772217504,12.740745114795994,12.76610882478668,2485500
2015-11-03,13.011284828186035,13.053556062758751,12.850651234230094,12.867560373076874,1988700
2015-11-04,12.791471481323242,13.053556695985117,12.774562341656202,13.002830889528308,1556900
2015-11-05,12.690018653869629,12.766108167379018,12.647746612334176,12.715381556282049,2661700
2015-11-06,12.61392879486084,12.647746265908504,12.546293852765508,12.605474225530896,786300
2015-11-09,12.504022598266602,12.613929587647203,12.470205125093505,12.597020447924574,2315500
2015-11-10,12.478658676147461,12.554748186142715,12.42793206739326,12.478658676147461,1056000
2015-11-11,12.351842880249023,12.537839375513192,12.318025408953003,12.529384806121158,1133900
2015-11-12,12.174301147460938,12.301117271536398,12.157392814680819,12.208118619293302,1817300
2015-11-13,12.081303596496582,12.165847681277992,12.047486123838448,12.165847681277992,1517400
2015-11-16,12.140482902526855,12.148937471514595,11.937578084453577,12.030575924502477,1107800
2015-11-17,11.954487800598145,12.072848547062605,11.954487800598145,12.047485645144809,1094800
2015-11-18,12.00521469116211,12.039032165537748,11.878399363821515,12.022123831486024,1851000
2015-11-19,12.00521469116211,12.064395876023617,11.988306357110385,11.996760121000154,2045800
2015-11-20,11.98830509185791,12.140483307351213,11.98830509185791,12.0474854642013,2169500
2015-11-23,12.081303596496582,12.148938541812852,11.97139660878961,11.97139660878961,3993600
2015-11-24,12.275754928588867,12.334935305424093,12.081303851988293,12.250391218854771,1309000
2015-11-25,12.258845329284668,12.284208231795956,12.106666301672673,12.174301245884196,1427300
2015-11-27,12.07284927368164,12.17430169373098,12.030577230426374,12.132030456747877,1606800
2015-11-30,11.996759414672852,12.17430134625995,11.988305651280811,12.106666401490783,2975400
2015-12-01,12.13202953338623,12.182755336414107,12.047485453310301,12.089757493348266,2226200
2015-12-02,11.878398895263672,12.081303733513673,11.853035992050462,11.979851314388672,2108800
2015-12-03,12.013668060302734,12.13202961192081,11.886852745640024,11.929123979679522,2703400
2015-12-04,11.996759414672852,12.06439516571416,11.929124469903686,11.96294194228827,2145000
2015-12-07,11.650129318237305,11.869943276723614,11.633220986346403,11.836125806669727,2197000
2015-12-08,11.590949058532715,11.692401469668745,11.540222449828654,11.557131588154038,3011100
2015-12-09,11.599404335021973,11.76849169722623,11.514860250783775,11.650130140547178,2688000
2015-12-10,11.55713176727295,11.641675847665999,11.55713176727295,11.565586336566675,2076600
2015-12-11,11.438769340515137,11.59094835106682,11.404951872200545,11.531767983084295,4237900
2015-12-14,11.36268138885498,11.455680044139815,11.295046442978093,11.328863915916537,2631700
2015-12-15,11.337318420410156,11.497952020646542,11.337318420410156,11.396498796143483,2862800
2015-12-16,11.286592483520508,11.345772858567416,11.22741130220146,11.295046246904253,3436900
2015-12-17,11.168230056762695,11.244319565191365,11.142867156043831,11.235864996194385,8948500
2015-12-18,11.21895694732666,11.362680592538526,11.210502378116521,11.210502378116521,2764200
2015-12-21,11.168230056762695,11.244319565191365,11.12595801804987,11.159775487765716,4462300
2015-12-22,11.117504119873047,11.210502771907132,11.10059578713093,11.176685300150773,3484300
2015-12-23,11.320408821105957,11.345771721259075,11.202047276604647,11.210501845413038,5518100
2015-12-24,11.320408821105957,11.388043759028976,11.320408821105957,11.371134621412192,1391700
2015-12-28,11.159774780273438,11.244318852339276,11.142866449623485,11.202046816306357,2958900
2015-12-29,11.345771789550781,11.379589258715843,11.30349975152644,11.311954320385722,5314700
2015-12-30,11.235865592956543,11.278137633914533,11.193593551998555,11.252774731848588,3190200
2015-12-31,11.295045852661133,11.404952835535004,11.176685106698587,11.176685106698587,2373200
2016-01-04,11.210503578186035,11.421862993432654,11.151322393651897,11.345773474940323,2307600
2016-01-05,11.10059642791748,11.202048849042944,11.10059642791748,11.176685945329622,1210000
2016-01-06,10.923053741455078,11.041415294466404,10.889236270062145,10.956871212848013,2668600
2016-01-07,10.872326850891113,10.973779262454004,10.78778357772475,10.81314647904745,10692400
2016-01-08,10.821600914001465,10.889235854204367,10.787783443900015,10.880781285110983,2809600
2016-01-11,10.525697708129883,10.92305359642508,10.517243138825876,10.762420004737358,2629100
2016-01-12,10.458063125610352,10.601787583628832,10.365065278886918,10.576424681117375,2398200
2016-01-13,10.398882865905762,10.54260732551247,10.34815625405016,10.491880713656867,2554200
2016-01-14,10.424245834350586,10.449608737302054,10.322793416272564,10.365065458706443,1813100
2016-01-15,10.204431533813477,10.305883948661357,10.170614062197517,10.255158144373478,1963500
2016-01-19,10.119889259338379,10.2467045888794,10.102980118721067,10.221341684225635,3776800
2016-01-20,10.043798446655273,10.069161348045304,9.89161942577089,10.018435545265243,2239200
2016-01-21,10.179068565368652,10.238248938743084,9.959254598160598,9.96770916757755,2564100
2016-01-22,10.483426094055176,10.49188066370288,10.356610774428175,10.40733738604226,1994500
2016-01-25,10.255158424377441,10.45806325961326,10.24670385467458,10.381973744831793,1983100
2016-01-26,10.458063125610352,10.593333014034302,10.348156139697858,10.356610709292388,2018600
2016-01-27,10.584878921508789,10.660967626676706,10.390427858242933,10.458062800351376,1485200
2016-01-28,10.703239440917969,10.796238089056228,10.610241599051802,10.753966049563573,1943200
2016-01-29,10.804692268371582,10.83850974001468,10.660967812320381,10.74551189456419,2920600
2016-02-01,10.601787567138672,10.703239983298834,10.567970095085284,10.677877080826827,1724600
2016-02-02,10.415790557861328,10.483425498657407,10.339701047897716,10.398882225798355,5602500
2016-02-03,10.677877426147461,10.68633199600226,10.407337640971152,10.551061297141947,3106600
2016-02-04,10.660967826843262,10.813146852580573,10.618696591935896,10.76242024191076,2606400
2016-02-05,10.59333324432373,10.677877329562678,10.551061201704258,10.635605286943205,1709200
2016-02-08,10.542606353759766,10.669421662301502,10.534151784851097,10.64405876184757,1685700
2016-02-09,10.272067070007324,10.50879019125617,10.22979583275133,10.45806357776794,2762900
2016-02-10,10.288975715637207,10.381973561913743,10.22979534130415,10.26361281324763,3157100
2016-02-11,10.415790557861328,10.432699696196394,10.272066107101637,10.297429814604236,1966700
2016-02-12,10.567970275878906,10.627150651416741,10.432700385351199,10.466517857983126,3251400
2016-02-16,10.449607849121094,10.6102414354621,10.415790379302788,10.6102414354621,3558900
2016-02-17,10.66942310333252,10.711695147313124,10.474972829802786,10.49188116363172,1704300
2016-02-18,10.610241889953613,10.74551177502114,10.58487898807148,10.737057205636392,2005500
2016-02-19,10.517244338989258,10.551061813792225,10.466518529920906,10.542608049795632,835500
2016-02-22,10.677877426147461,10.694785759584901,10.627150813290823,10.627150813290823,719000
2016-02-23,10.53415298461914,10.635605404261682,10.48342637166179,10.635605404261682,1496800
2016-02-24,10.66942310333252,10.711695147313124,10.449609119651116,10.458063689701673,2438900
2016-02-25,10.660967826843262,10.737057339711917,10.525697940086594,10.627150355154095,3589400
2016-02-26,10.644059181213379,10.830055673171804,10.610241710518402,10.804691965446496,1686500
2016-02-29,10.779330253601074,10.78778482377589,10.669423260145027,10.703240734572104,1814000
2016-03-01,10.7877836227417,10.821601093403782,10.694784973716896,10.770874484274607,2144600
2016-03-02,10.846964836120605,10.880782309405564,10.73705784637645,10.762420749772128,4519700
2016-03-03,10.906145095825195,10.923054235422393,10.787784343733422,10.813147246857065,1597000
2016-03-04,11.117504119873047,11.12595868938017,10.939962191584124,10.956871330598368,2063900
2016-03-07,11.320408821105957,11.354226290067466,11.134412338681628,11.159775238834746,2785500
2016-03-08,11.168230056762695,11.320409073620034,11.168230056762695,11.320409073620034,2116400
2016-03-09,11.337318420410156,11.354227559918048,11.218957668943501,11.244320571933192,2552700
2016-03-10,11.320408821105957,11.354226290067466,11.235864745566156,11.269682214527664,2836700
2016-03-11,11.36268138885498,11.438770904534517,11.328863915916537,11.413408001398722,1010900
2016-03-14,11.261228561401367,11.286592269888937,11.185139048482904,11.27813770039308,1062700
2016-03-15,11.168230056762695,11.20204752647854,11.100595117331006,11.20204752647854,1619200
2016-03-16,11.36268138885498,11.371135958657629,11.193594024162763,11.193594024162763,2431000
2016-03-17,11.489497184753418,11.51486008715561,11.396498532158498,11.430316810390927,1000400
2016-03-18,11.481042861938477,11.565586946792257,11.438770819511586,11.523314904365366,1791100
2016-03-21,11.514860153198242,11.531769292411438,11.421862306342069,11.472588111437387,9810500
2016-03-22,11.599404335021973,11.60785809842808,11.489497348021171,11.506405681105525,1498800
2016-03-23,11.354227066040039,11.46413404924424,11.337317927267648,11.438770341085654,3167100
2016-03-24,11.286592483520508,11.337318288911533,11.185139260194179,11.193593829850062,1838700
2016-03-28,11.320408821105957,11.328862583642291,11.244319314374547,11.286591352144448,1000300
2016-03-29,11.295045852661133,11.303500422021918,11.168230537337802,11.210502577869617,2303600
2016-03-30,11.252774238586426,11.421861588734364,11.24431966951101,11.371134980553942,1336100
2016-03-31,11.235865592956543,11.337318007492444,11.21895726033662,11.244320162402564,3581700
2016-04-01,11.041415214538574,11.100595587479777,11.007597743390443,11.049868977621525,1170800
2016-04-04,10.889236450195312,11.058323809957077,10.872327311083072,10.990688866052372,4662300
2016-04-05,10.863873481750488,10.880781814487804,10.804692301489574,10.872327244983083,1833000
2016-04-06,10.982234001159668,11.024506041531353,10.838509547659203,10.87232701870213,4849500
2016-04-07,10.948415756225586,10.982233224878117,10.872326250189378,10.956870324956732,1046200
2016-04-08,11.210503578186035,11.244321052374607,11.10905115562032,11.142868629808891,1298800
2016-04-11,11.295045852661133,11.320409560743489,11.23586547967986,11.23586547967986,1763800
2016-04-12,11.540223121643066,11.582495163645303,11.379590329561132,11.404953232253618,2560000
2016-04-13,11.599404335021973,11.641676377141073,11.540223153546377,11.565586862581121,1907900
2016-04-14,11.5064058303833,11.599404485506263,11.489497497079586,11.590949915718328,1084600
2016-04-15,11.464134216308594,11.506405451311354,11.337318092483939,11.404953036014904,879400
2016-04-18,11.514860153198242,11.565586764565694,11.311955320272702,11.337318222820361,1204700
2016-04-19,11.760037422180176,11.785400325578214,11.616312959137696,11.633222098917829,2227000
2016-04-20,11.98830509185791,12.039030894931644,11.6839470483271,11.70931075613607,2408200
2016-04-21,11.937578201293945,12.055939749464539,11.869943261274202,12.055939749464539,2702000
2016-04-22,11.886853218078613,12.064395149426012,11.861489509120315,11.962941926137093,2134900
2016-04-25,11.878398895263672,11.962942174731761,11.844581422222005,11.903761798476882,1574200
2016-04-26,12.030576705932617,12.047485845006406,11.895306818430823,11.929124290306271,1528300
2016-04-27,12.140482902526855,12.165846609490071,11.946032653441316,12.106665432847976,1682600
2016-04-28,12.208118438720703,12.267299618256075,12.132029732927421,12.148938065457445,1944200
2016-04-29,12.3264799118042,12.368751952264061,12.241935830884477,12.343389050496988,8719300
2016-05-02,12.157392501831055,12.27575405333456,12.132029600177484,12.27575405333456,6749000
2016-05-03,11.971396446228027,12.08975800206032,11.91221607144795,12.081303432442557,2723600
2016-05-04,11.979850769042969,12.106666085608305,11.886852923979864,12.039031142603843,2021000
2016-05-05,11.861489295959473,12.123575306580353,11.802308921997907,12.123575306580353,1184200
2016-05-06,11.937578201293945,12.039030611323561,11.810762890324947,11.83612579126433,6854200
2016-05-09,11.675494194030762,11.827672421368062,11.667039624103088,11.802309517857207,2163300
2016-05-10,11.96294116973877,11.988304877093361,11.768490917652768,11.768490917652768,1420900
2016-05-11,12.241935729980469,12.258844868533883,11.971395963302655,12.01366800341409,1851100
2016-05-12,12.258845329284668,12.284208231795956,12.106666301672673,12.284208231795956,1270700
2016-05-13,12.241935729980469,12.26729943781059,12.157392456029703,12.182755357587723,1550800
2016-05-16,12.377206802368164,12.419478037514773,12.326480191411255,12.360297663291819,3273500
2016-05-17,12.47020435333252,12.487113492008667,12.360297370753885,12.36875194009196,1425200
2016-05-18,12.377206802368164,12.529385022694637,12.360297663291819,12.38566056563421,1987300
2016-05-19,12.343389511108398,12.360297844160035,12.174301342959184,12.250390857371903,5004300
2016-05-20,12.39411449432373,12.461749434587732,12.318024984958706,12.411023632525774,3424800
2016-05-23,12.3264799118042,12.351842813571272,12.241935830884477,12.250390400230872,1290200
2016-05-24,12.3264799118042,12.419477755798205,12.28420787134434,12.28420787134434,964200
2016-05-25,12.47020435333252,12.478658922670594,12.343389038349846,12.360297370753885,1638500
2016-05-26,12.461750030517578,12.554748682531908,12.40256965652455,12.537839543521258,1422400
2016-05-27,12.512475967407227,12.537838868285139,12.402568988573506,12.436386458501413,1472500
2016-05-31,12.436387062072754,12.588566087270038,12.427932492612433,12.520931144131715,10015000
2016-06-01,12.563201904296875,12.563201904296875,12.326479612255257,12.343388750537132,3179200
2016-06-02,12.588565826416016,12.673109100450993,12.478658844525649,12.504021746108933,6854400
2016-06-03,12.673110008239746,12.698473717911964,12.605475061658156,12.690019148021225,2211300
2016-06-06,12.825288772583008,12.850651675451886,12.757653827417904,12.79992586971413,2936900
2016-06-07,12.952104568481445,12.952104568481445,12.833743813235298,12.84219757698704,1394200
2016-06-08,13.171916961669922,13.180371530673405,13.078919121447838,13.10428202218621,2748200
2016-06-09,13.146553993225098,13.163462324872906,13.036647015562082,13.053555347209892,3062200
2016-06-10,12.985920906066895,13.08737331866053,12.969012573770675,13.045102084783927,2965700
2016-06-13,12.985920906066895,13.07046498636431,12.95210343520235,12.977467143054836,1594600
2016-06-14,12.90137767791748,12.943649718216502,12.833742735947888,12.892923108603254,1276500
2016-06-15,12.833742141723633,12.952102881554062,12.799924672304643,12.884467942716082,1829800
2016-06-16,12.61392879486084,12.808379051816889,12.588565893143118,12.808379051816889,1836500
2016-06-17,12.909832954406738,12.926741287689287,12.774562256785586,12.799925966117637,2476300
2016-06-20,13.028194427490234,13.070466472445172,12.926742003361701,12.952104907825785,1654100
2016-06-21,12.926739692687988,12.960557161352577,12.85065018662465,12.91828512395383,1550500
2016-06-22,12.850651741027832,13.019739104803431,12.799925935031226,12.985921632048312,2251100
2016-06-23,12.952104568481445,12.960559138505362,12.82528924321138,12.892924190858372,1561500
2016-06-24,12.690018653869629,12.732290695405082,12.622383709921756,12.622383709921756,1583000
2016-06-27,12.664654731750488,12.681563870588555,12.554748554391516,12.681563870588555,2276900
2016-06-28,12.867560386657715,12.867560386657715,12.74074426398937,12.842196678360775,1645800
2016-06-29,13.05355453491211,13.121190276110722,12.91828466505893,12.952102132522226,1671000
2016-06-30,12.97746753692627,13.053556243976741,12.90137802360367,12.985921300194903,2216100
2016-07-01,13.138100624084473,13.146555193816516,12.960558691072299,12.98592159399628,3913400
2016-07-05,12.766108512878418,13.146555284449569,12.681564427519426,13.146555284449569,4526800
2016-07-06,12.816834449768066,12.825289019644607,12.597020470610993,12.630837943844991,2535300
2016-07-07,12.453295707702637,12.909832794768372,12.419478235283561,12.892923655422763,3347900
2016-07-08,12.58011245727539,12.597020791186601,12.487114605083274,12.529385842997394,1516800
2016-07-11,12.52938461303711,12.681563634660103,12.52938461303711,12.673109065398359,1756600
2016-07-12,12.766108512878418,12.799925985767583,12.630837815049603,12.715381900408593,1414900
2016-07-13,12.605474472045898,12.850651343504225,12.554748667618451,12.791470969581495,2742600
2016-07-14,12.656200408935547,12.732289917797873,12.630836701800051,12.706926210662377,1645000
2016-07-15,12.622384071350098,12.706927350569678,12.605474931742888,12.65620154429236,1406800
2016-07-18,12.563201904296875,12.588565611719687,12.470204062562834,12.51247610199543,1465100
2016-07-19,12.487112998962402,12.563201701184422,12.470203860953902,12.546293369448,854300
2016-07-20,12.402569770812988,12.48711385410106,12.326480257108152,12.35184315958572,1813100
2016-07-21,12.334935188293457,12.453295940839974,12.334935188293457,12.44484217728105,1309000
2016-07-22,12.309571266174316,12.326479598164774,12.216572618274492,12.301116697043044,1728300
2016-07-25,12.174301147460938,12.23348232787167,12.157392814680819,12.225027758345547,1248400
2016-07-26,12.123576164245605,12.182756542393802,12.10666702404773,12.148939068270236,1451600
2016-07-27,12.00521469116211,12.191211203364213,11.962942646624516,12.140484588664663,2628900
2016-07-28,11.971396446228027,12.047485960243636,11.946033543646871,12.022123057662478,1235000
2016-07-29,12.07284927368164,12.098212983398097,11.920671046743713,11.954488520093493,3017000
2016-08-01,11.861489295959473,11.996759182884265,11.836126393729106,11.971396280653899,4540600
2016-08-02,11.84458065032959,12.030576336801637,11.802308610214268,11.98830510295842,3700300
2016-08-03,12.039031028747559,12.039031028747559,11.819217062925837,11.86994367283551,2559600
2016-08-04,12.089757919311523,12.140483724126643,11.912215989914346,11.954488031441699,1414600
2016-08-05,12.140482902526855,12.140482902526855,12.030575924502477,12.089757101144574,2201400
2016-08-08,12.208118438720703,12.275754187657146,12.199664675591748,12.216573008121772,2999900
2016-08-09,12.174301147460938,12.301117271536398,12.165847384206941,12.250390660651789,1660300
2016-08-10,12.030576705932617,12.301117287208335,12.030576705932617,12.241936106722203,2213200
2016-08-11,12.216572761535645,12.29266227206521,12.081302878937352,12.106665780356508,1959300
2016-08-12,12.309571266174316,12.334934167296046,12.225027187405765,12.250390088527494,1653700
2016-08-15,12.512475967407227,12.520930536457225,12.377206087695594,12.38565985047351,1281800
2016-08-16,12.61392879486084,12.630837127248618,12.48711348000012,12.529384714105621,3543400
2016-08-17,12.664654731750488,12.681563870588555,12.529384846134414,12.605474358361485,2806700
2016-08-18,12.825288772583008,12.850651675451886,12.715381785121679,12.723836354835353,1961600
2016-08-19,12.7830171585083,12.808380062226817,12.715382211077477,12.774562588511404,1215400
2016-08-22,12.664654731750488,12.715381341992574,12.63083726034647,12.673109301169522,931700
2016-08-23,12.715381622314453,12.75765366406943,12.571657164110814,12.588566303321658,934000
2016-08-24,12.563201904296875,12.690018022594666,12.529384434005214,12.656200552303007,1471700
2016-08-25,12.61392879486084,12.622383364190783,12.546293852765508,12.580111323813174,694600
2016-08-26,12.571657180786133,12.75765368099146,12.529385138975087,12.605474652980543,808500
2016-08-29,12.5209321975708,12.54629510181353,12.495568487055884,12.529385961470252,841700
2016-08-30,12.402569770812988,12.529385089472962,12.37720686833542,12.504022186995392,1382300
2016-08-31,12.165847778320312,12.34338971275974,12.13203030539243,12.301117670031847,13259500
2016-09-01,12.030576705932617,12.115120788757302,11.988305470792403,12.089757886418749,2227000
2016-09-02,12.165847778320312,12.208119014776052,12.13203030539243,12.157393208520304,3184400
2016-09-06,12.250391006469727,12.267300145999304,12.115121115321719,12.14893858810872,1680200
2016-09-07,12.360297203063965,12.368751772287338,12.258844791199792,12.334934301665946,1148500
2016-09-08,12.58011245727539,12.62238450146169,12.377207612707767,12.436387990805278,2248200
2016-09-09,12.385660171508789,12.49556715319129,12.368751839242613,12.478658820925114,2072800
2016-09-12,12.385660171508789,12.44484135012066,12.250390288290973,12.27575399609839,2022200
2016-09-13,12.225027084350586,12.368751533282294,12.208117946230582,12.318024925194363,1215500
2016-09-14,12.13202953338623,12.267299416490038,12.123574964124218,12.165847004162183,1505100
2016-09-15,12.191210746765137,12.250391123137964,12.115121230701694,12.165847843501375,1056200
2016-09-16,12.208118438720703,12.225027577522843,12.115120594125282,12.115120594125282,977800
2016-09-19,12.199665069580078,12.326480389603166,12.199665069580078,12.241936305406346,2235400
2016-09-20,12.241935729980469,12.301116908645318,12.140483317476289,12.148937886752996,1666700
2016-09-21,12.39411449432373,12.402569063424751,12.301116653028748,12.343388692261772,1457700
2016-09-22,12.461750030517578,12.537839543521258,12.436387128273726,12.512476641277406,950600
2016-09-23,12.318026542663574,12.504023055046249,12.27575530435713,12.461751010467616,1551600
2016-09-26,12.402569770812988,12.504022186995392,12.368752298752186,12.385660631646521,1043900
2016-09-27,12.284208297729492,12.343389478936322,12.233482492434653,12.275754534361779,1134000
2016-09-28,12.571657180786133,12.630837555558317,12.275754500653075,12.343389445041897,2413800
2016-09-29,12.647747039794922,12.715381986028678,12.571657523713906,12.597020426983525,1276900
2016-09-30,12.690018653869629,12.715381556282049,12.63929204277266,12.690018653869629,1924000
2016-10-03,12.799925804138184,12.825288706877123,12.630837635819542,12.706927150308504,4734500
2016-10-04,12.766108512878418,12.833743458656748,12.749199373297758,12.82528888886642,1430600
2016-10-05,12.84219741821289,12.884469461537675,12.783017041321491,12.86756112797106,4075500
2016-10-06,12.867560386657715,12.87601414981791,12.799925443743446,12.850651247793088,1460000
2016-10-07,12.833742141723633,12.926739981057837,12.783015534459114,12.90137708056161,1358400
2016-10-10,12.97746753692627,13.028193341626585,12.833743079821831,12.833743079821831,1547900
2016-10-11,12.90137767791748,12.969012619887073,12.850651068304233,12.952103481258622,2989800
2016-10-12,12.808379173278809,12.867560352877518,12.799925410140807,12.833742881509162,3655800
2016-10-13,12.892923355102539,12.918286257258021,12.740744329625397,12.791470940208484,1197700
2016-10-14,12.90137767791748,12.918286010273825,12.859105637618459,12.892923108603254,1170100
2016-10-17,12.91828727722168,12.91828727722168,12.816834854317447,12.892924373063668,2010500
2016-10-18,12.943650245666504,12.985921481415959,12.892923633986161,12.977467718029352,786500
2016-10-19,13.028194427490234,13.062011902199746,12.960559478071211,12.960559478071211,2279500
2016-10-20,12.909832954406738,12.94365042724399,12.842197202460087,12.901378384629389,1212700
2016-10-21,12.960556983947754,12.960556983947754,12.859104579342674,12.892922047544367,1034100
2016-10-24,12.969013214111328,12.977467783812932,12.842197087403703,12.960558644409724,1957200
2016-10-25,12.909832954406738,12.99437623336379,12.901378384629389,12.960558760526538,1372400
2016-10-26,12.825288772583008,12.909832857175461,12.791471300000456,12.816834202869334,1892200
2016-10-27,12.90137767791748,12.935195148902277,12.833742735947888,12.892923108603254,1052400
2016-10-28,12.816834449768066,12.918286869470064,12.791471546410607,12.850651923002067,1447700
2016-10-31,12.647747039794922,12.783016932262436,12.630837900100403,12.766108598840075,3300300
2016-11-01,12.706927299499512,12.833743427227429,12.64774692365644,12.825288857457805,4391000
2016-11-02,12.55474853515625,12.630837240994627,12.08975769935933,12.605474339048502,3264600
2016-11-03,12.512475967407227,12.597019239090956,12.47865849747932,12.554748006385132,1884900
2016-11-04,12.427932739257812,12.487113920382448,12.360297794777205,12.402569836645618,1725100
2016-11-07,12.478658676147461,12.48711324531851,12.377206264911152,12.47020410697641,8293200
2016-11-08,12.461750030517578,12.529384974015931,12.385660517513898,12.385660517513898,1254200
2016-11-09,12.5209321975708,12.580112576227899,12.411025204156056,12.504023057227522,3111200
2016-11-10,12.419478416442871,12.495567932063722,12.411024652918895,12.46175045915136,1535100
2016-11-11,12.182755470275879,12.368751964723359,12.174300900920969,12.326479924220916,1701800
2016-11-14,12.157392501831055,12.191209972793184,12.064394658253226,12.174300834176066,3068400
2016-11-15,12.427932739257812,12.444841878514033,12.25039080842818,12.25039080842818,4373300
2016-11-16,12.275754928588867,12.402570252170685,12.267300358677502,12.36875277879739,2185900
2016-11-17,12.301116943359375,12.42793225777945,12.28420780475824,12.39411478684929,1104100
2016-11-18,12.402569770812988,12.402569770812988,12.275754452153015,12.368752298752186,1603800
2016-11-21,12.749199867248535,12.749199867248535,12.588567066369533,12.588567066369533,10376300
2016-11-22,12.732290267944336,12.816833541904742,12.656200756989497,12.76610773878292,2566400
2016-11-23,12.7830171585083,12.808380062226817,12.664655597368274,12.681564737362065,1863600
2016-11-25,12.690018653869629,12.749199028255985,12.630837473211143,12.740744458694468,2590900
2016-11-28,12.732290267944336,12.859105582020998,12.732290267944336,12.757653169505247,2835400
2016-11-29,12.478658676147461,12.563201949041671,12.436386636564308,12.546293616971667,6781500
2016-11-30,12.859106063842773,12.977467619348793,12.706927036231052,12.706927036231052,5383700
2016-12-01,13.09582805633545,13.188826707112835,13.036647683129559,13.070465154428941,3661700
2016-12-02,13.188827514648438,13.214190418107885,13.12119256790847,13.12119256790847,2360500
2016-12-05,13.256461143493652,13.341004415377638,13.248006574423629,13.298732376299602,3254700
2016-12-06,13.197280883789062,13.273370398165074,13.180372550745583,13.214190023104683,1398100
2016-12-07,13.09582805633545,13.222644178412217,13.09582805633545,13.188826707112835,1842300
2016-12-08,13.121192932128906,13.146555836292382,13.019739702930634,13.104283791838466,1693000
2016-12-09,13.188827514648438,13.19728127828681,13.129646331546843,13.188827514648438,2500600
2016-12-12,13.273370742797852,13.425549775501082,13.25646240931536,13.374823162509285,2873400
2016-12-13,13.307188034057617,13.366369216117432,13.239553088508243,13.357914646355724,1381300
2016-12-14,13.18037223815918,13.366368734859199,13.163463099244579,13.27337008337313,3129200
2016-12-15,13.163463592529297,13.205735635127775,13.04510284078014,13.070465743830367,1580500
2016-12-16,13.222644805908203,13.239553139224242,13.146555290305649,13.197281096525916,1148900
2016-12-19,13.146553993225098,13.29873220314367,13.121191092617346,13.205734363400538,1565600
2016-12-20,13.205734252929688,13.214188821818903,13.138099314360096,13.205734252929688,2103500
2016-12-21,13.129645347595215,13.22264399709736,13.104282446036494,13.21418942782042,4886500
2016-12-22,13.112736701965332,13.197279973898148,13.112736701965332,13.121191271040239,3033800
2016-12-23,13.138100624084473,13.171918096740498,13.104283151428445,13.104283151428445,1265400
2016-12-27,13.341005325317383,13.374822797631955,13.239552908373662,13.239552908373662,1303600
2016-12-28,13.349459648132324,13.400186258802318,13.332551315423743,13.341005078641972,1603200
2016-12-29,13.36637020111084,13.434005151644362,13.34100648995661,13.36637020111084,1198000
2016-12-30,13.391731262207031,13.400185831427741,13.34945922237558,13.374822123765611,1623400
2017-01-03,13.231097221374512,13.510091545976994,13.180371420322462,13.501637783316367,5935100
2017-01-04,13.332551002502441,13.357913904106097,13.197280312648033,13.23955235283553,3281500
2017-01-05,13.400187492370605,13.459367871706739,13.27337135715749,13.391732922101959,28475900
2017-01-06,13.383275985717773,13.434002592089175,13.315641048070608,13.400185123265592,2781800
2017-01-09,13.18037223815918,13.28182465283043,13.155009336059399,13.28182465283043,3365900
2017-01-10,13.121192932128906,13.273371163381944,13.112738361983686,13.239553689073249,1915100
2017-01-11,13.264915466308594,13.33255121545214,13.095828109130025,13.214189662291082,2711900
2017-01-12,13.459366798400879,13.518547173017724,13.383277284595144,13.383277284595144,1752700
2017-01-13,13.434003829956055,13.450912162789825,13.374822649357535,13.400186358016384,1241000
2017-01-17,13.425548553466797,13.594635904261676,13.425548553466797,13.577726766046144,2168100
2017-01-18,13.307188034057617,13.425549591905098,13.248007658269954,13.357914646355724,1570600
2017-01-19,13.264915466308594,13.357914117460895,13.264915466308594,13.33255121545214,2495900
2017-01-20,13.417094230651855,13.476274602948395,13.28182434753285,13.434003369177782,1780900
2017-01-23,13.417094230651855,13.450911701431608,13.324096387575565,13.33255095683853,1390700
2017-01-24,13.450911521911621,13.510091893418322,13.43400318988346,13.484728992240035,2219200
2017-01-25,13.36637020111084,13.42555058125962,13.332552725844078,13.357915630726097,1724200
2017-01-26,13.425548553466797,13.493183493784748,13.417093984359031,13.434003122574563,2201400
2017-01-27,13.315642356872559,13.44245767585773,13.26491574551521,13.44245767585773,1835600
2017-01-30,13.23955249786377,13.264915399745256,13.205735026597752,13.256461636632835,4275000
2017-01-31,13.315642356872559,13.391731870772515,13.273370315120124,13.341005259415166,14620200
2017-02-01,13.459366798400879,13.48472970091208,13.3240969099783,13.357914382083944,4732000
2017-02-02,13.459366798400879,13.51009260342328,13.41709475670079,13.501638840100968,3617100
2017-02-03,13.450911521911621,13.484728992240035,13.37482201210467,13.400185719555047,2433500
2017-02-06,13.36637020111084,13.476276391023656,13.34100648995661,13.450913486141639,2332800
2017-02-07,13.307188034057617,13.315642603819327,13.248007658269954,13.264915991521221,2026500
2017-02-08,13.357913970947266,13.391731442012059,13.264915320815001,13.315641930548246,2314600
2017-02-09,13.425548553466797,13.450911454518007,13.37482194509229,13.450911454518007,1669500
2017-02-10,13.569272994995117,13.586182134205135,13.510092620304325,13.535456329119352,2768200
2017-02-13,13.417094230651855,13.450911701431608,13.391731329135068,13.442457132168643,1122500
2017-02-14,13.434003829956055,13.518547106669166,13.391731788463435,13.501638773835396,1679700
2017-02-15,13.450911521911621,13.49318356139016,13.391731150404922,13.41709405158321,1350400
2017-02-16,13.36637020111084,13.476276391023656,13.349461060341353,13.450913486141639,1300300
2017-02-17,13.341005325317383,13.34945989496406,13.264915811041558,13.281824950334913,2265500
2017-02-21,13.3240966796875,13.425549094250954,13.298732971342547,13.40018619217812,1838700
2017-02-22,13.256461143493652,13.273369475361616,13.23109743628358,13.264914906291592,2480700
2017-02-23,13.298731803894043,13.391730447117277,13.264914335341606,13.383275878411157,2209700
2017-02-24,13.273370742797852,13.307188216034996,13.239553269560705,13.307188216034996,1371600
2017-02-27,13.23955249786377,13.307187440395806,13.231097928479237,13.290279107898854,1914300
2017-02-28,13.290279388427734,13.298733151718594,13.18882697248824,13.214189874905081,2321000
2017-03-01,13.349459648132324,13.400186258802318,13.315642176443037,13.36636878711303,2324000
2017-03-02,13.138100624084473,13.231098472320507,13.12964605435243,13.205735569396525,1381200
2017-03-03,13.205734252929688,13.214188821818903,13.12964474547088,13.155008452138528,1805600
2017-03-06,13.188827514648438,13.273370794937316,13.188827514648438,13.264916225026779,1297800
2017-03-07,13.129645347595215,13.22264399709736,13.121191584590376,13.22264399709736,1468000
2017-03-08,12.833742141723633,13.146553935417304,12.808378434955339,13.08737275923002,4012200
2017-03-09,12.723835945129395,12.808379220727419,12.622383530648495,12.791470888116661,4657800
2017-03-10,12.605474472045898,12.749198928377206,12.571657000336891,12.723836026163482,4163400
2017-03-13,12.588565826416016,12.65620076815284,12.563202118560628,12.613928727999298,2701200
2017-03-14,12.537839889526367,12.554749029003657,12.427932901740423,12.495567847105288,2946400
2017-03-15,12.647747039794922,12.67310994306454,12.571657523713906,12.613929566678044,3442700
2017-03-16,12.630837440490723,12.698473190535514,12.622383677223237,12.698473190535514,2088200
2017-03-17,12.673110008239746,12.698473717911964,12.630837965058213,12.681564578130486,1161700
2017-03-20,12.664654731750488,12.715381341992574,12.63083726034647,12.647746399184538,2166400
2017-03-21,12.597020149230957,12.732290844988036,12.588566385842253,12.698473372616801,1882000
2017-03-22,12.588565826416016,12.630837060297452,12.487113413810778,12.563202118560628,1921500
2017-03-23,12.563201904296875,12.588565611719687,12.529384434005214,12.571656473437812,1511400
2017-03-24,12.605474472045898,12.61392904154118,12.56320243084161,12.597019902550615,1372400
2017-03-27,12.588565826416016,12.59701958942904,12.487113413810778,12.52093088467919,2124000
2017-03-28,12.664654731750488,12.732290480830642,12.639291829765503,12.647746399184538,1713300
2017-03-29,12.7830171585083,12.799926298502093,12.698473877355857,12.715382211077477,2553000
2017-03-30,12.833742141723633,12.867559611142623,12.783015534459114,12.816833003878102,1325100
2017-03-31,12.859106063842773,12.892923535948475,12.79992568922583,12.808379452548156,3000100
2017-04-03,12.808379173278809,12.909832393655995,12.799925410140807,12.892923254835758,4604200
2017-04-04,12.935195922851562,12.952104256219581,12.80837979436673,12.876014740383113,4604200
2017-04-05,12.960556983947754,13.078918525789703,12.943648652982928,13.078918525789703,4604600
2017-04-06,12.994376182556152,13.05355655822191,12.994376182556152,13.019739085516884,2856200
2017-04-07,13.028194427490234,13.078921042690599,13.011286093271577,13.03664899773566,6227100
2017-04-10,13.129645347595215,13.129645347595215,13.06201040592389,13.087373307482611,945800
2017-04-11,13.155010223388672,13.180373127199228,13.053556995602097,13.12119274955054,1391600
2017-04-12,13.155010223388672,13.22264517106494,13.12119274955054,13.155010223388672,1429300
2017-04-13,13.197280883789062,13.231098356148163,13.155009648044292,13.214190023104683,2123000
2017-04-17,13.121192932128906,13.214190784909773,13.121192932128906,13.197281644619332,1866000
2017-04-18,13.070466041564941,13.095828945192913,12.977468190747596,13.053556901631513,1462800
2017-04-19,12.84219741821289,13.08737430197004,12.791471611240882,13.078920538322814,2094500
2017-04-20,12.791471481323242,12.884469330675495,12.774562341656202,12.867560997280611,1847400
2017-04-21,12.664654731750488,12.808379186785594,12.639291829765503,12.808379186785594,1585100
2017-04-24,12.622384071350098,12.65620154429236,12.588566598407834,12.65620154429236,1767600
2017-04-25,12.681563377380371,12.690017946470592,12.563201828933536,12.588565536204198,1586400
2017-04-26,12.61392879486084,12.723835777333779,12.597019656200953,12.630837127248618,5213800
2017-04-27,12.546294212341309,12.546294212341309,12.436387226718443,12.512476740324438,919000
2017-04-28,12.512475967407227,12.605473808140955,12.495566829307233,12.571656338213046,2065900
2017-05-01,12.537839889526367,12.588566501686092,12.51247698658258,12.520931556321225,3598700
2017-05-02,12.402569770812988,12.546294228639429,12.368752298752186,12.529385089472962,3162000
2017-05-03,12.351842880249023,12.427932392233098,12.318025408953003,12.427932392233098,2146400
2017-05-04,12.055940628051758,12.233482560110131,12.039031488678512,12.225027990423508,3352800
2017-05-05,12.225027084350586,12.25038998525851,12.098211773538884,12.106665536326803,2436200
2017-05-08,12.174301147460938,12.225027758345547,12.106666203796209,12.165847384206941,1583100
2017-05-09,12.115119934082031,12.208117773610843,12.09821160247319,12.199664010942458,1473000
2017-05-10,12.309571266174316,12.34338873642732,12.191209717152763,12.199664286284035,2232100
2017-05-11,12.360297203063965,12.40256924290873,12.334934301665946,12.368751772287338,1312200
2017-05-12,12.360297203063965,12.394114673685356,12.326479732442575,12.394114673685356,788700
2017-05-15,12.427932739257812,12.537839725606837,12.419478169629702,12.537839725606837,893700
2017-05-16,12.444842338562012,12.504022715602229,12.444842338562012,12.487114381993097,755700
2017-05-17,12.52938461303711,12.580111222335475,12.470204240749101,12.520930850047467,3215000
2017-05-18,12.49556827545166,12.554749459378753,12.411024993983519,12.444842467825211,841700
2017-05-19,12.740744590759277,12.740744590759277,12.639292173785858,12.647746743435011,736600
2017-05-22,12.825288772583008,12.85910624516556,12.79992586971413,12.80837963315566,1975400
2017-05-23,12.7830171585083,12.833743772217504,12.757654254789784,12.825289202220608,1361200
2017-05-24,12.75765323638916,12.799925276727034,12.706926626729292,12.749198667067164,1150900
2017-05-25,12.478658676147461,12.766107577786384,12.461749537805362,12.72383553820323,1306400
2017-05-26,12.571657180786133,12.588566320019407,12.495567666780676,12.512476806013948,1106200
2017-05-30,12.47020435333252,12.51247639375078,12.427932312914258,12.461749783994446,2593000
2017-05-31,12.334935188293457,12.377207231176708,12.275754812020198,12.351843521683463,2029200
2017-06-01,12.250391006469727,12.351843424830735,12.24193643670494,12.334935091573309,2487200
2017-06-02,12.191210746765137,12.23348278971951,12.140484133965456,12.191210746765137,1460600
2017-06-05,12.123576164245605,12.148939068270236,12.0813041200231,12.123576164245605,1512700
2017-06-06,12.208118438720703,12.216573008121772,12.089757692194187,12.10666602472421,1064100
2017-06-07,12.039031028747559,12.20811838465961,12.01366812692878,12.1743009134772,1661800
2017-06-08,12.039031028747559,12.098212208020861,12.02212269629241,12.030576459383928,1348100
2017-06-09,12.10666561126709,12.140483081444346,12.055939809137248,12.064394378249585,1206000
2017-06-12,11.996759414672852,12.148938443539548,11.996759414672852,12.115120971154964,2584100
2017-06-13,12.047486305236816,12.064395444956558,11.962942219182432,12.005214262209625,890000
2017-06-14,11.836126327514648,12.072848628308748,11.836126327514648,12.0305765873132,1195800
2017-06-15,11.886853218078613,11.886853218078613,11.802309134095228,11.819217467128622,1042900
2017-06-16,11.937578201293945,11.954487339434923,11.903760731284073,11.946032770364434,1476500
2017-06-19,11.861489295959473,11.962941711153068,11.836126393729106,11.929124239421869,957700
2017-06-20,11.743127822875977,11.768490723540136,11.683946646296835,11.751581585582647,1559400
2017-06-21,11.616312026977539,11.819216850423901,11.574039987191522,11.776945616909982,2879400
2017-06-22,11.633221626281738,11.71776490293108,11.624767056735166,11.658584528649328,1305700
2017-06-23,11.68394660949707,11.700855747401302,11.624766239376399,11.641675377280631,1874600
2017-06-26,11.709310531616211,11.726218863559213,11.599403552034394,11.67549306145812,1566600
2017-06-27,11.84458065032959,11.886852690444911,11.734673668538596,11.734673668538596,1174900
2017-06-28,11.920670509338379,11.92912427259059,11.81921728759057,11.861489328940136,2204700
2017-06-29,11.971396446228027,12.064395099479164,11.962941876610264,11.988305585463557,893600
2017-06-30,12.216572761535645,12.23348189999648,12.039030839057363,12.039030839057363,2047400
2017-07-03,12.343389511108398,12.377206983483813,12.258845427033792,12.26729999669568,3013000
2017-07-05,12.157392501831055,12.34338899525882,12.106665892251808,12.34338899525882,3157600
2017-07-06,12.165847778320312,12.284208530431828,12.148938638720294,12.191210681448187,3055900
2017-07-07,12.047486305236816,12.09821291812388,11.962942219182432,12.08130377840414,1950900
2017-07-10,12.098213195800781,12.14048443352602,12.03057744164161,12.03057744164161,979500
2017-07-11,12.216572761535645,12.23348189999648,12.081302878937352,12.081302878937352,759800
2017-07-12,12.157392501831055,12.30957152429669,12.148937932522497,12.284207816371014,1252300
2017-07-13,12.148938179016113,12.208118552832543,12.11512070736785,12.15739274849621,630000
2017-07-14,12.284208297729492,12.284208297729492,12.199665020147382,12.21657335315495,759000
2017-07-17,12.241935729980469,12.318025240926628,12.225027397699156,12.275754007087299,1141300
2017-07-18,12.292662620544434,12.377206702701118,12.267299718406276,12.35184299429084,858900
2017-07-19,12.402569770812988,12.427932673290556,12.343389396274619,12.343389396274619,825500
2017-07-20,12.385660171508789,12.487113390194255,12.368751839242613,12.461749682386836,1132100
2017-07-21,12.216572761535645,12.37720635182519,12.19120986011649,12.37720635182519,894800
2017-07-24,12.241935729980469,12.250390299257175,12.208118259145742,12.233481966975864,606700
2017-07-25,12.377206802368164,12.402569704710555,12.318025621873083,12.368752232829992,722700
2017-07-26,12.49556827545166,12.504022845480128,12.368752950113361,12.385661283898118,2389200
2017-07-27,12.571657180786133,12.597020083363908,12.520931375630585,12.554748847824996,1062200
2017-07-28,12.639290809631348,12.656199947104657,12.59701877222013,12.59701877222013,834800
2017-07-31,12.715381622314453,12.723836191919876,12.597020066654945,12.622383775471212,1109900
2017-08-01,12.571657180786133,12.639292125174954,12.470204764202903,12.639292125174954,1041300
2017-08-02,12.597020149230957,12.622383858213487,12.51247687143894,12.597020149230957,2126600
2017-08-03,12.504022598266602,12.622384157508517,12.495568028405287,12.613929587647203,2187100
2017-08-04,12.52938461303711,12.554748320822343,12.461749671487357,12.520930850047467,1113200
2017-08-07,12.55474853515625,12.59701976964242,12.478659023045758,12.512476494397964,989400
2017-08-08,12.563201904296875,12.622383082011346,12.529384434005214,12.529384434005214,1113800
2017-08-09,12.647747039794922,12.65620160964218,12.580112093561164,12.613929566678044,1013700
2017-08-10,12.453295707702637,12.706927153981775,12.453295707702637,12.706927153981775,2661400
2017-08-11,12.49556827545166,12.53784031932182,12.41947875773981,12.436387897796743,1543200
2017-08-14,12.385660171508789,12.529384623995744,12.368751839242613,12.478658820925114,1346600
2017-08-15,12.3264799118042,12.334934481150594,12.258844969577266,12.292662440690734,839800
2017-08-16,12.292662620544434,12.419477937507338,12.292662620544434,12.377206702701118,2787700
2017-08-17,12.3264799118042,12.343389050496988,12.241935830884477,12.250390400230872,1782100
2017-08-18,12.546294212341309,12.55474878191356,12.326480241095577,12.368752282684701,1266300
2017-08-21,12.39411449432373,12.478658572789778,12.368751593292751,12.461749434587732,953900
2017-08-22,12.427932739257812,12.470204781126228,12.402569836645618,12.419478169629702,1118900
2017-08-23,12.537839889526367,12.537839889526367,12.419478332001777,12.444842041217713,1042000
2017-08-24,12.52938461303711,12.563202083811985,12.470204240749101,12.520930850047467,766200
2017-08-25,12.504022598266602,12.554749211162324,12.453295985370877,12.537840071439696,565000
2017-08-28,12.512475967407227,12.563201769163049,12.453294790329327,12.546293437335136,925900
2017-08-29,12.512475967407227,12.537838868285139,12.47865849747932,12.47865849747932,712000
2017-08-30,12.419478416442871,12.529385404976082,12.394115513326637,12.495567932063722,831900
2017-08-31,12.766108512878418,12.766108512878418,12.50402249328327,12.50402249328327,2587700
2017-09-01,12.7830171585083,12.791471728505197,12.69001930735896,12.732291351071268,2722900
2017-09-05,12.808379173278809,12.867560352877518,12.791470840730687,12.808379173278809,1211700
2017-09-06,12.935195922851562,12.935195922851562,12.850651837195008,12.859106407015094,2212200
2017-09-07,12.926739692687988,12.94364883015631,12.867559324092971,12.90983136149172,1205400
2017-09-08,12.7830171585083,12.909833289645224,12.749199684792888,12.884469579654537,1041000
2017-09-11,12.808379173278809,12.825288312099044,12.715381328583856,12.78301627132057,1104300
2017-09-12,12.84219741821289,12.909833171295844,12.766108707754878,12.892924031457063,1451600
2017-09-13,12.90137767791748,12.90137767791748,12.816833597319436,12.867560206932684,909200
2017-09-14,12.909832954406738,13.07892031859299,12.901378384629389,13.002830803141139,944000
2017-09-15,12.969013214111328,13.0028306866456,12.926741171875452,12.943650311278661,1176500
2017-09-18,12.952104568481445,12.96901370852928,12.892924190858372,12.952104568481445,1693700
2017-09-19,12.926739692687988,12.969011730086738,12.867559324092971,12.969011730086738,537400
2017-09-20,13.03664779663086,13.062010698758185,12.969012853443243,12.969012853443243,1577600
2017-09-21,12.985920906066895,13.011284613919383,12.943649672190292,12.969012573770675,1146000
2017-09-22,13.03664779663086,13.053556129291701,12.977467422909726,13.019738657697895,667000
2017-09-25,13.256461143493652,13.256461143493652,13.062010086243525,13.062010086243525,1120300
2017-09-26,13.138100624084473,13.171918096740498,13.087374011964359,13.146555193816516,1114000
2017-09-27,13.087373733520508,13.138100344561373,13.062010831136138,13.10428287262484,2008000
2017-09-28,13.087373733520508,13.155009483665705,13.01973878964744,13.129645775009207,909000
2017-09-29,13.01973819732666,13.070464806059766,12.994375296096154,13.0535556677247,3072300
2017-10-02,12.909832954406738,12.926741287689287,12.833743438954887,12.892923814852038,3580000
2017-10-03,12.91828727722168,12.952104751523091,12.892924373063668,12.909833513350467,1384500
2017-10-04,12.935195922851562,12.97746796567984,12.901378449843373,12.926741353031476,1411000
2017-10-05,13.078919410705566,13.12964521330418,13.019738232644391,13.028192801834859,1391000
2017-10-06,12.876014709472656,12.926741321999245,12.83374347301801,12.909832988671818,1384400
2017-10-09,12.884468078613281,12.926740117400893,12.859105177849544,12.876013509601343,632700
2017-10-10,13.03664779663086,13.062010698758185,13.002830325037051,13.011284894503532,650600
2017-10-11,13.062010765075684,13.070465334585093,12.994375821544677,13.062010765075684,709300
2017-10-12,13.0451021194458,13.053555882480321,12.960558038923745,12.994375509878147,789900
2017-10-13,13.171916961669922,13.188826099676888,13.10428202218621,13.163462392666439,627000
2017-10-16,13.205734252929688,13.298732091894859,13.197279684040472,13.231097153325267,905300
2017-10-17,13.188827514648438,13.222644988018422,13.08737428826632,13.188827514648438,615100
2017-10-18,13.18037223815918,13.214189709716264,13.121191864502315,13.163463099244579,503200
2017-10-19,13.121192932128906,13.155010406437603,13.07892088767499,13.104283791838466,1757100
2017-10-20,13.188827514648438,13.188827514648438,13.095828858176858,13.112737997997932,503700
2017-10-23,13.188827514648438,13.222644988018422,13.163463804916827,13.1803729447379,1102300
2017-10-24,13.3240966796875,13.341005012312015,13.17191765470626,13.205735126227411,687100
2017-10-25,13.341005325317383,13.374822797631955,13.281824950334913,13.324096992296164,865300
2017-10-26,13.400187492370605,13.400187492370605,13.27337135715749,13.307188831959882,500200
2017-10-27,13.467822074890137,13.484730408694372,13.307188469252935,13.324097609329346,892900
2017-10-30,13.501638412475586,13.712997001737595,13.45091180278767,13.510092175530149,1241900
2017-10-31,13.535456657409668,13.552365797029802,13.476275475011356,13.493184614631488,2245500
2017-11-01,13.543910026550293,13.670725337370483,13.493183418458967,13.61999953555124,5287100
2017-11-02,13.628454208374023,13.636907164954783,13.510091853169067,13.518546422294005,5054600
2017-11-03,13.712997436523438,13.729906575712903,13.560820021451061,13.645362492309848,4649100
2017-11-06,13.97508430480957,13.991991831513422,13.729906623344572,13.75527033221676,7479300
2017-11-07,13.89054012298584,13.907449262114513,13.848267275164156,13.907449262114513,5736700
2017-11-08,13.865178108215332,13.983540484032234,13.81445229717635,13.873632678812571,1670700
2017-11-09,13.89054012298584,13.932811358263262,13.856721844728492,13.856721844728492,1459500
2017-11-10,13.865178108215332,13.932813060448794,13.83136143837083,13.882087249409812,1740600
2017-11-13,13.822904586791992,13.907448666268925,13.789086309983544,13.882084958662587,1918500
2017-11-14,13.636907577514648,13.789086601279081,13.594636343155296,13.789086601279081,2498800
2017-11-15,13.620000839233398,13.653817506168377,13.569273420014452,13.636908366428727,1621100
2017-11-16,13.577727317810059,13.64536226087652,13.560819791451623,13.586181887261397,1457700
2017-11-17,13.797542572021484,13.805997142260898,13.636908962561419,13.636908962561419,6369300
2017-11-20,13.68763542175293,13.70454294849876,13.620000477136774,13.653817143172713,1627800
2017-11-21,13.780631065368652,13.780631065368652,13.704541558823115,13.712996127610854,1094100
2017-11-22,13.856720924377441,13.865175493380233,13.780631415896469,13.780631415896469,1651300
2017-11-24,13.898994445800781,13.915901972085033,13.86517616814381,13.890539876386539,576200
2017-11-27,13.87363052368164,13.89899423153336,13.805995581954596,13.89899423153336,1248900
2017-11-28,13.81445026397705,13.831359402682857,13.772179029756753,13.797541125271243,3163600
2017-11-29,13.721451759338379,13.839814118991619,13.662271385783878,13.789086702335558,1814100
2017-11-30,13.662271499633789,13.75527015173397,13.628454834125519,13.72990644319458,1926400
2017-12-01,13.780631065368652,13.89053884706515,13.738359833974071,13.738359833974071,6363500
2017-12-04,13.611546516418457,13.729907271655653,13.611546516418457,13.704543561585819,1210300
2017-12-05,13.611546516418457,13.645363183967222,13.569273666302067,13.594637376371901,858700
2017-12-06,13.383275985717773,13.56927166111145,13.374821416943863,13.56927166111145,1976500
2017-12-07,13.425548553466797,13.434003122574563,13.357913613148845,13.417093984359031,2405000
2017-12-08,13.493185043334961,13.518547947298835,13.442458429135037,13.51009337722015,1667400
2017-12-11,13.527002334594727,13.560820614452496,13.484730291044684,13.518547764630284,1083500
2017-12-12,13.408639907836914,13.586181834261817,13.374822436435606,13.543910599714268,918500
2017-12-13,13.349459648132324,13.4170945915109,13.324096745933389,13.408640022020547,2441600
2017-12-14,13.391731262207031,13.408639594376353,13.29873261332342,13.29873261332342,2278800
2017-12-15,13.391731262207031,13.450911634207804,13.366368360816999,13.442457064987094,1953200
2017-12-18,13.450911521911621,13.510091893418322,13.425548620733334,13.476274423089908,1587300
2017-12-19,13.552366256713867,13.560820826810705,13.501639642405019,13.501639642405019,1575000
2017-12-20,13.628454208374023,13.628454208374023,13.560819267918696,13.560819267918696,1741300
2017-12-21,13.636907577514648,13.662271285656796,13.56927263501315,13.603090912536013,3497500
2017-12-22,13.696089744567871,13.738360979487055,13.645362327611751,13.67072603608981,3404600
2017-12-26,13.898994445800781,13.949720249742002,13.738360852018639,13.738360852018639,1793800
2017-12-27,13.93281078338623,13.958174491032718,13.907448688283939,13.93281078338623,6071600
2017-12-28,14.000444412231445,14.00889898065445,13.958173182660465,13.98353688792948,1933800
2017-12-29,14.042717933654785,14.093443734102602,14.017354227158815,14.051172502486773,1984300
2018-01-02,14.110353469848633,14.135715564875479,14.068080623896904,14.101898900658286,3995700
2018-01-03,14.194897651672363,14.21180517763091,14.118808140954199,14.152624805415492,6139800
2018-01-04,14.177988052368164,14.203350146753785,14.152624345438392,14.186442621344753,2532700
2018-01-05,14.1272611618042,14.14417030038372,14.076535358609844,14.118808205058647,1746400
2018-01-08,14.11880874633789,14.135716273021394,14.076535898268453,14.11880874633789,2208000
2018-01-09,14.211806297302246,14.254079146889564,14.09344554354641,14.118809253298801,5148000
2018-01-10,14.262532234191895,14.279439759724927,14.220259388998912,14.262532234191895,2467700
2018-01-11,14.25407886505127,14.32171381050934,14.25407886505127,14.27944096175786,3052900
2018-01-12,14.347074508666992,14.347074508666992,14.237168337715362,14.279439569801957,7625800
2018-01-16,14.279439926147461,14.313258202695991,14.237168693005982,14.287894495284593,2398900
2018-01-17,14.296348571777344,14.313257709468928,14.245622771246715,14.270984865239967,2351900
2018-01-18,14.296348571777344,14.304803140623136,14.228713633555131,14.296348571777344,1805400
2018-01-19,14.27098560333252,14.313258449747824,14.220259800178363,14.27098560333252,1306200
2018-01-22,14.304803848266602,14.330167556058695,14.23716890669856,14.27944014047451,3227700
2018-01-23,14.406257629394531,14.414710586444409,14.31325897640319,14.347075642235508,2381700
2018-01-24,14.55843448638916,14.55843448638916,14.406257077160735,14.414710033886587,2814600
2018-01-25,14.473892211914062,14.600707527568721,14.465437642531189,14.592252958185847,2613300
2018-01-26,14.583800315856934,14.617618597857064,14.507710793901081,14.524619934901146,3436100
2018-01-29,14.54152774810791,14.566889844747742,14.482345760011615,14.549980705291658,1304500
2018-01-30,14.440075874328613,14.507710825933769,14.414712162772513,14.507710825933769,4444600
2018-01-31,14.456984519958496,14.482346618101051,14.37244043021307,14.448529949729513,35764200
2018-02-01,14.600706100463867,14.609160669020374,14.440072522978388,14.473890797204414,4764400
2018-02-02,14.363985061645508,14.465438286210208,14.330168395153473,14.465438286210208,2011500
2018-02-05,14.228714942932129,14.380893971072195,14.220260373308317,14.330168165873598,3294800
2018-02-06,14.144171714782715,14.254079513996034,14.135717144647508,14.152626284917922,7712100
2018-02-07,13.983538627624512,14.194898026862772,13.941265780250312,14.161079748963413,2161100
2018-02-08,13.839815139770508,14.017356273528856,13.83136056970425,14.008901703462598,5035800
2018-02-09,13.636907577514648,13.805995740040512,13.535455970034512,13.789086601279081,8507700
2018-02-12,13.721451759338379,13.78063213289288,13.68763509411191,13.704542620453026,3396000
2018-02-13,13.746814727783203,13.772178434746106,13.662270650451017,13.687634357413918,1387300
2018-02-14,13.958174705505371,13.966629274850774,13.662271228593134,13.687634936629344,4016700
2018-02-15,13.983538627624512,13.983538627624512,13.805995893741366,13.907449114895199,3893600
2018-02-16,14.008901596069336,14.03426530607367,13.932812078600678,13.958175788605013,2223600
2018-02-20,14.05117416381836,14.11035454009532,14.025810454323528,14.04271959398675,2657100
2018-02-21,14.03426456451416,14.11880864751702,14.025809994959449,14.042719134068872,2374900
2018-02-22,14.161080360412598,14.211806166907637,14.068081704718095,14.068081704718095,2693000
2018-02-23,14.25407886505127,14.25407886505127,14.13571650109142,14.161080210342309,2696100
2018-02-26,14.330168724060059,14.338621681468855,14.2287154971668,14.287895874294394,3158200
2018-02-27,14.186443328857422,14.304804075344329,14.186443328857422,14.304804075344329,4760600
2018-02-28,14.03426456451416,14.279440631423768,14.008900855850024,14.24562396574918,3710600
2018-03-01,14.059627532958984,14.093445813276077,13.873631828848058,13.966630487175701,5442800
2018-03-02,14.059627532958984,14.059627532958984,13.898995539085877,13.966630487175701,5425400
2018-03-05,14.144171714782715,14.169535425188336,13.958176009441274,13.983539719846895,2534600
2018-03-06,14.194897651672363,14.21180517763091,14.144170236164118,14.177988513169614,1780600
2018-03-07,14.042717933654785,14.177987809878378,13.958173857879009,14.152624103382408,3375200
2018-03-08,13.958174705505371,14.008900509033571,13.898994332631768,14.000445939688168,2651700
2018-03-09,14.093443870544434,14.093443870544434,13.991990656122486,14.017354362864006,3346700
2018-03-12,14.06808090209961,14.06808090209961,13.924356448109899,14.034264237213677,1367100
2018-03-13,14.025809288024902,14.152624599865264,13.991991011510576,14.06808052112363,1913900
2018-03-14,14.025809288024902,14.084989659380794,13.95817434754043,14.042718426282065,1961200
2018-03-15,14.017356872558594,14.051175154268845,13.966631062537642,14.042720583841282,1128100
2018-03-16,14.06808090209961,14.093444610172224,13.949720156182515,14.000445959783523,1023900
2018-03-19,13.97508430480957,14.034264679633736,13.915902317441132,14.034264679633736,1684700
2018-03-20,14.06808090209961,14.127261275058157,14.051173375928753,14.06808090209961,1326300
2018-03-21,14.3217134475708,14.35553011317071,14.152625281938477,14.16953442101056,1728000
2018-03-22,14.211806297302246,14.26253371680703,14.186444200094183,14.228715437137174,1750400
2018-03-23,14.33862018585205,14.36398389306584,14.254077720227754,14.28789438396864,2532600
2018-03-26,14.347074508666992,14.38089278437158,14.304803276580397,14.363983646519287,3299900
2018-03-27,14.287896156311035,14.389349385206792,14.270987016071015,14.380894815086782,1288100
2018-03-28,14.228714942932129,14.296349887378351,14.16953456810972,14.270986178506915,1471000
2018-03-29,14.35552978515625,14.38089349318483,14.21180533141606,14.245623608787502,4371400
2018-04-02,14.161080360412598,14.330168532121816,14.161080360412598,14.321713962281924,4823100
2018-04-03,14.23716926574707,14.262532974178812,14.177988891950585,14.220260126792576,2854300
2018-04-04,14.177988052368164,14.245622991636738,14.017354466901244,14.144169776461801,2547400
2018-04-05,14.245624542236328,14.254079112133178,14.14417131601847,14.161080455812167,2639300
2018-04-06,14.144171714782715,14.270987041722078,14.110355046786259,14.18644456545875,1521400
2018-04-09,14.3217134475708,14.363984682706752,14.24562393429068,14.24562393429068,1801800
2018-04-10,14.566889762878418,14.575344332558943,14.431619873078581,14.456983582120158,3665900
2018-04-11,14.676795959472656,14.75288546577522,14.566888178127126,14.60070645317009,2567200
2018-04-12,14.6176176071167,14.626070564499374,14.533073520390971,14.566890187554662,2685700
2018-04-13,14.62607192993164,14.676799354229388,14.600709830327249,14.62607192993164,2084300
2018-04-16,14.575343132019043,14.668341778300437,14.566888563034903,14.651432640332157,2116200
2018-04-17,14.583800315856934,14.600709456856999,14.507710793901081,14.549982033856804,1824000
2018-04-18,14.854338645935059,14.862793215595149,14.710614186802088,14.778249131538528,2904200
2018-04-19,14.79515552520752,14.896608729756865,14.752884297295946,14.888154161665755,1997600
2018-04-20,14.769793510437012,14.812066355728115,14.668341906826692,14.710613139573631,1981000
2018-04-23,14.761340141296387,14.769794711041863,14.626070250457387,14.66834309918476,2094000
2018-04-24,14.68525218963623,14.79515837087179,14.668343050201747,14.727523425678148,1724100
2018-04-25,14.710614204406738,14.735977913417361,14.617617163123015,14.66834296859998,1745900
2018-04-26,14.786702156066895,14.80361129362016,14.719067218397946,14.795156724843528,2550400
2018-04-27,14.778249740600586,14.80361345062618,14.710614793076678,14.727523933093742,1519700
2018-04-30,14.8458833694458,14.947336587992298,14.71906805567083,14.744431763443506,2875400
2018-05-01,14.761340141296387,14.80361299002376,14.693705195876888,14.769794711041863,2598700
2018-05-02,14.761340141296387,14.828976699260185,14.702159765622362,14.735978044604261,2170000
2018-05-03,14.854338645935059,14.854338645935059,14.710614186802088,14.76133999221835,2117500
2018-05-04,14.955792427062988,14.989609094420205,14.820522532545445,14.837430059951883,1602700
2018-05-07,14.94733715057373,15.048788760394418,14.921973441846426,15.01497209463561,1544800
2018-05-08,14.989609718322754,15.04033714028648,14.719069918027168,15.031882569959192,4060900
2018-05-09,15.124876976013184,15.158695251413967,15.031879943749281,15.06569660660594,5029300
2018-05-10,15.200968742370605,15.209423312477366,15.074153415857944,15.158697504381173,2579600
2018-05-11,15.107970237731934,15.175605179512033,15.107970237731934,15.175605179512033,1407800
2018-05-14,15.217876434326172,15.226331003628324,15.13333235384885,15.13333235384885,2200600
2018-05-15,15.234785079956055,15.277056312554777,15.141786433185874,15.209421372870326,2064900
2018-05-16,15.319329261779785,15.319329261779785,15.192512338033684,15.226330614377757,2955100
2018-05-17,15.336236953735352,15.437690171323698,15.310874858746406,15.361600661268485,1644800
2018-05-18,15.344691276550293,15.403871647299928,15.336236707508322,15.344691276550293,1696500
2018-05-21,15.463053703308105,15.479961228927392,15.336236779626349,15.38696419411672,2535700
2018-05-22,15.479962348937988,15.615232238944388,15.479962348937988,15.54759729394119,2626500
2018-05-23,15.564508438110352,15.564508438110352,15.395420247550849,15.471509772048176,1879300
2018-05-24,15.463053703308105,15.564505307200507,15.463053703308105,15.54759616903705,1139800
2018-05-25,15.234785079956055,15.336236683210652,15.209421372870326,15.336236683210652,2612300
2018-05-29,15.091059684753418,15.209420418639278,15.048786842262713,15.192511281642995,3213300
2018-05-30,15.285511016845703,15.285511016845703,15.133331998073007,15.158695705383181,2398300
2018-05-31,15.243242263793945,15.370057595888037,15.167152742028604,15.293968074122695,2542900
2018-06-01,15.141789436340332,15.192515248028359,15.099518195357723,15.167153148456585,5462200
2018-06-04,14.964245796203613,15.124877775212761,14.964245796203613,15.124877775212761,2920900
2018-06-05,14.989609718322754,15.014973429304618,14.8966126698114,14.938883908903433,3323100
2018-06-06,15.040335655212402,15.06569775114562,14.930427864354298,14.981153668764982,2858700
2018-06-07,15.099515914916992,15.124878010658394,15.031880972032859,15.040335541461404,1890600
2018-06-08,15.091059684753418,15.133330914700066,15.031879317810489,15.09951425325156,3146600
2018-06-11,15.082606315612793,15.116422979750375,14.998062236452558,14.998062236452558,2415000
2018-06-12,15.074153900146484,15.133334280250729,15.023428090420621,15.023428090420621,1092500
2018-06-13,15.133331298828125,15.167149573679096,15.031879699363412,15.040334268076153,1460900
2018-06-14,14.964245796203613,15.1079702491631,14.964245796203613,15.091061110569228,1744500
2018-06-15,14.600706100463867,14.854336706982776,14.583796963350855,14.854336706982776,2750500
2018-06-18,14.727521896362305,14.744431034040932,14.626068682834667,14.626068682834667,3837500
2018-06-19,14.575343132019043,14.600706838971465,14.465436960313518,14.54997942506662,3010700
2018-06-20,14.55843448638916,14.642978566545533,14.482344975502844,14.642978566545533,2808300
2018-06-21,14.448527336120605,14.541525979272393,14.448527336120605,14.473891042219483,3421300
2018-06-22,14.735978126525879,14.744432696318354,14.58379909534992,14.651434041145423,3181100
2018-06-25,14.566889762878418,14.583798902239469,14.490800248297974,14.558435193197894,2988400
2018-06-26,14.710614204406738,14.752887052757776,14.524618509295012,14.609162593452808,4292200
2018-06-27,14.786702156066895,14.905062893851527,14.778247587290263,14.795156724843528,1867600
2018-06-28,14.778249740600586,14.879702968158618,14.769795170592053,14.828977160651775,1651600
2018-06-29,14.94733715057373,14.998062955484073,14.862793067360315,14.879702206511851,3603100
2018-07-02,14.63452434539795,14.837429175073371,14.626069775926776,14.828976218146442,3413300
2018-07-03,14.6176176071167,14.778249598096817,14.566890187554662,14.735978361006119,2527500
2018-07-05,14.702159881591797,14.761340257732632,14.626070365826633,14.651434075263124,4223300
2018-07-06,14.769793510437012,14.769793510437012,14.600706966905092,14.600706966905092,1761500
2018-07-09,14.8458833694458,14.871247077218475,14.778248427929537,14.803612135702211,2007100
2018-07-10,14.812067985534668,14.913519600307946,14.786704275569177,14.896612072875294,1342300
2018-07-11,14.296348571777344,14.702158201110622,14.237168202400923,14.685250675963163,3798000
2018-07-12,14.37243938446045,14.397803093301905,14.228714926114074,14.389348523688087,3145600
2018-07-13,14.39780330657959,14.48234577888158,14.338621318406183,14.380894167101474,2450400
2018-07-16,14.093443870544434,14.254077454819125,14.068080163802911,14.220259179163763,4408800
2018-07-17,14.110353469848633,14.194897549207896,14.059626054706559,14.059626054706559,3025100
2018-07-18,14.23716926574707,14.270985931111815,14.051173574880364,14.127261475087101,3488500
2018-07-19,14.220259666442871,14.287894607527074,14.110353491885117,14.177988432969318,2929800
2018-07-20,14.3217134475708,14.338620974098626,14.254078503826722,14.287895169426633,2361600
2018-07-23,14.37243938446045,14.431619759212909,14.321713579321807,14.37243938446045,2301000
2018-07-24,14.448527336120605,14.533071410572767,14.414709061322103,14.414709061322103,1504500
2018-07-25,14.642977714538574,14.642977714538574,14.482344132842407,14.524616976733036,2303800
2018-07-26,14.642977714538574,14.66834142087295,14.600706483192056,14.609161051970183,1723600
2018-07-27,14.583800315856934,14.685253549312883,14.558436604356837,14.651435267312753,3142400
2018-07-30,14.668343544006348,14.719069351473173,14.668343544006348,14.676798114008209,2407200
2018-07-31,14.583800315856934,14.676798978812851,14.583800315856934,14.659889837812786,2495500
2018-08-01,14.37243938446045,14.490800133965369,14.347075675618992,14.42316518959909,4856700
2018-08-02,14.456984519958496,14.516164899016976,14.31326005115459,14.330169191612551,2979500
2018-08-03,14.507709503173828,14.549980739368747,14.448529127483223,14.490800363678142,2587000
2018-08-06,14.533072471618652,14.634524078332854,14.524617902301767,14.558434567025095,2542900
2018-08-07,14.642977714538574,14.693703514663216,14.617615620748309,14.66834142087295,2983200
2018-08-08,14.465437889099121,14.642979011533042,14.406257514954481,14.626069872479071,4506800
2018-08-09,14.406257629394531,14.533072948218189,14.397803059800385,14.50770923943575,1749000
2018-08-10,14.406257629394531,14.524618378624043,14.389348490206238,14.406257629394531,2035000
2018-08-13,14.330168724060059,14.380894531234519,14.161080550086073,14.347076251421989,2015700
2018-08-14,14.35552978515625,14.465437574069215,14.313258550986166,14.431619296697773,1687600
2018-08-15,14.042717933654785,14.203349903830224,14.000445089494836,14.194896947542357,3239300
2018-08-16,14.152624130249023,14.177987836793143,14.101898329704913,14.101898329704913,2859600
2018-08-17,14.211806297302246,14.279441244097628,14.144171350506864,14.26253371680703,1118000
2018-08-20,14.23716926574707,14.262532974178812,14.177988891950585,14.203350987838082,1456600
2018-08-21,14.262532234191895,14.330167173956506,14.237168527076104,14.304803466840715,1043500
2018-08-22,14.465437889099121,14.499254554662807,14.347075528265586,14.38934837590051,1541200
2018-08-23,14.440075874328613,14.465439585884713,14.372440922723458,14.397804634279558,925900
2018-08-24,14.549979209899902,14.65988699252425,14.516162547007577,14.600706623054583,986600
2018-08-27,14.600706100463867,14.609160669020374,14.558433257681337,14.57534239479435,1163400
2018-08-28,14.54152774810791,14.65143392948387,14.524618608651826,14.634524790027786,1116800
2018-08-29,14.702159881591797,14.719069021216123,14.575344559497962,14.617617408558779,1418500
2018-08-30,14.676795959472656,14.735976328253738,14.651432253190432,14.727521759492996,839900
2018-08-31,14.693705558776855,14.769795075821062,14.676798031412627,14.735978408548268,1920100
2018-09-04,14.609162330627441,14.73597764831053,14.583798622073123,14.710613939756213,1603700
2018-09-05,14.549979209899902,14.642977854806023,14.533071684725803,14.61761576077281,1674800
2018-09-06,14.465437889099121,14.600707776442372,14.35553009779257,14.566889498334431,1190300
2018-09-07,14.499256134033203,14.507710704481125,14.38934994329908,14.406259084194923,1316100
2018-09-10,14.549979209899902,14.61761576077281,14.507707978148463,14.575342916477243,1532200
2018-09-11,14.693705558776855,14.693705558776855,14.524618997324213,14.541528137232778,1286600
2018-09-12,14.79515552520752,14.828973797571962,14.719066024931504,14.727520593022614,1327200
2018-09-13,14.63452434539795,14.76979423184823,14.583798541115154,14.752886705450129,2000600
2018-09-14,14.54152774810791,14.659888499211911,14.499254899467699,14.575344414475785,2043100
2018-09-17,14.524618148803711,14.651433465620794,14.51616357934334,14.617616800323551,1285100
2018-09-18,14.659887313842773,14.72752225365399,14.600706943075979,14.668341882887196,864100
2018-09-19,14.752884864807129,14.769792389095764,14.651431656355099,14.659886224771439,1109000
2018-09-20,14.752884864807129,14.803610662761121,14.710612022725432,14.786701525928443,1231300
2018-09-21,14.786702156066895,14.91351746262816,14.72752178717458,14.820520431173424,1500100
2018-09-24,15.006518363952637,15.01497293400103,14.921974276013046,14.938883416109835,1442300
2018-09-25,15.040335655212402,15.091061459623086,15.023426516227424,15.048788612160642,2868600
2018-09-26,14.972697257995605,15.065695898432166,14.972697257995605,15.006515531806738,945900
2018-09-27,15.040335655212402,15.040335655212402,14.964246142324253,15.023426516227424,1006200
2018-09-28,15.192514419555664,15.234787270777545,15.074153661223178,15.082608231467555,2286600
2018-10-01,15.479962348937988,15.522235197405168,15.192513429538316,15.209422568925188,4332100
2018-10-02,15.530688285827637,15.58141408660589,15.513779148053509,15.539141242170567,2317400
2018-10-03,15.67441463470459,15.767411678663937,15.488417321697236,15.556052268460547,1976100
2018-10-04,15.505326271057129,15.691321969235387,15.437691325124645,15.691321969235387,2786700
2018-10-05,15.471506118774414,15.54759562530479,15.446144024960365,15.505324393918633,1341900
2018-10-08,15.429235458374023,15.454599165670814,15.344691379928893,15.353145949027823,1499700
2018-10-09,15.539140701293945,15.572958975665076,15.412325397490354,15.488414902281324,2173900
2018-10-10,15.234785079956055,15.50532483869386,15.234785079956055,15.496870269665282,1954200
2018-10-11,15.006518363952637,15.184059497335856,14.989609223855847,15.141788259638238,1826100
2018-10-12,15.124876976013184,15.158695251413967,14.981152530648108,15.13333154486338,2627500
2018-10-15,15.158696174621582,15.19251283953777,15.065697524149673,15.141787035891376,2001200
2018-10-16,15.226330757141113,15.268601990423372,15.116422970536544,15.14178667803241,2118700
2018-10-17,15.091059684753418,15.192511281642995,15.006515612316065,15.192511281642995,1069200
2018-10-18,14.921972274780273,15.014970920295916,14.896610180580835,14.930426843694798,1570000
2018-10-19,15.006518363952637,15.091062451892226,14.972700083759058,15.01497293400103,1591400
2018-10-22,15.023426055908203,15.031880625141643,14.913518268417684,14.955791114584883,2157700
2018-10-23,14.693705558776855,14.854339162819551,14.642979751595496,14.82897706550104,1995800
2018-10-24,14.592254638671875,14.79515948959528,14.592254638671873,14.761341208169172,1916900
2018-10-25,14.651433944702148,14.702159750578796,14.617617278299148,14.642979374965323,2336500
2018-10-26,14.761340141296387,14.786703850532811,14.558435305037886,14.575344444528836,1710100
2018-10-29,14.609162330627441,14.744432217828638,14.59225319159123,14.702159370238107,2465000
2018-10-30,14.533072471618652,14.617616552243296,14.473892098944667,14.473892098944667,1801800
2018-10-31,14.33862018585205,14.549979575001124,14.33862018585205,14.473891678448092,3968100
2018-11-01,14.23716926574707,14.44852866504552,14.203350987838082,14.406257430203528,5848300
2018-11-02,14.203351020812988,14.30480424223125,14.169534355369734,14.237169298800492,3516200
2018-11-05,14.194897651672363,14.338620491313115,14.177988513169614,14.279440119097698,2586100
2018-11-06,14.135716438293457,14.245624232014745,14.042719396541933,14.22871509258927,1736200
2018-11-07,14.101900100708008,14.228715424266596,14.068081821068743,14.211806284446963,1654200
2018-11-08,14.017356872558594,14.118810105144922,13.975085632965204,14.093446393862234,1991300
2018-11-09,13.865178108215332,13.949722201643274,13.80599772657911,13.856723537618091,2247800
2018-11-12,13.83135986328125,14.017355557606312,13.805996154377903,13.949720613074991,3247500
2018-11-13,13.450911521911621,13.797540794345876,13.400185719555047,13.77217869943968,3285700
2018-11-14,13.569272994995117,13.670726217710953,13.543910898724361,13.611545843020162,3499400
2018-11-15,13.543910026550293,13.670725337370483,13.518546319368589,13.670725337370483,1760000
2018-11-16,13.628454208374023,13.738360381909864,13.543910129668818,13.687634579704412,1802700
2018-11-19,13.628454208374023,13.65381630320466,13.476274382941403,13.552364698793758,1678200
2018-11-20,13.214190483093262,13.510093174967787,13.16346386965274,13.476275701431494,2164600
2018-11-21,13.3240966796875,13.459366565772106,13.281824638718032,13.315642110239182,3988300
2018-11-23,12.935195922851562,12.985921729227773,12.86756097683518,12.960558826039668,1521600
2018-11-26,12.994376182556152,13.05355655822191,12.960558709851128,12.977467849339714,2780200
2018-11-27,12.943650245666504,13.019738953778809,12.80837954994297,12.95210400905311,2497000
2018-11-28,12.90137767791748,13.062010463527237,12.876013969974803,12.943649718216502,1709200
2018-11-29,12.985920906066895,13.062010417080147,12.926740533621967,12.95210343520235,1863300
2018-11-30,12.926739692687988,13.028192098681757,12.8083781492259,12.85910475535881,2578700
2018-12-03,13.222644805908203,13.273370612128472,13.138100720511554,13.248007709018339,4590000
2018-12-04,13.231097221374512,13.357913336548776,13.222643458713883,13.29027839763133,2919800
2018-12-06,13.121192932128906,13.146555836292382,12.935196420294988,13.062011747384549,2707900
2018-12-07,13.273370742797852,13.47627558222072,13.25646240931536,13.357914829026793,2498500
2018-12-10,13.062010765075684,13.231098123903202,13.036647862819589,13.155009417134913,1736400
2018-12-11,13.138100624084473,13.231098472320507,13.112737721160489,13.205735569396525,1623000
2018-12-12,13.09582805633545,13.248007080318725,13.087373486942575,13.197280470233595,1910700
2018-12-13,13.264915466308594,13.290279174589468,13.045102305112513,13.070465207121268,1654500
2018-12-14,13.062010765075684,13.171917749881603,13.045102432328996,13.171917749881603,1109700
2018-12-17,12.909832954406738,13.12964612471279,12.901378384629389,13.112737791430241,1269400
2018-12-18,12.639290809631348,12.91828512776452,12.59701877222013,12.909831365299919,2744300
2018-12-19,12.690018653869629,12.842196874616278,12.63929204277266,12.698473223431145,3280800
2018-12-20,12.571657180786133,12.715381639180412,12.554748847824996,12.664655027752728,3308000
2018-12-21,12.461750030517578,12.546294113026583,12.411024226029875,12.478659169528228,7323500
2018-12-24,12.323866844177246,12.469458105731226,12.323866844177246,12.426637002319241,1525700
2018-12-26,12.597921371459961,12.61504932382791,12.298174445946557,12.306738830502864,2943700
2018-12-27,12.478022575378418,12.48658696002908,12.349560072597185,12.452330238171106,4315400
2018-12-28,12.375251770019531,12.435201642730156,12.323867098261431,12.409508490106475,1603200
2018-12-31,12.40950870513916,12.435201858208055,12.281046206773274,12.41807308949546,2988500
2019-01-02,12.443764686584473,12.632177047506962,12.263916709509505,12.263916709509505,2071100
2019-01-03,12.54653549194336,12.57222864481583,12.375251889850087,12.537971924397176,1389700
2019-01-04,12.717819213867188,12.812024985670016,12.649305776784294,12.68356249532574,1332200
2019-01-07,12.81202507019043,12.92335961037075,12.786332735301002,12.81202507019043,1581700
2019-01-08,12.9404878616333,12.957616629786749,12.854846471099918,12.89766757473892,1741600
2019-01-09,13.19741439819336,13.223106735102917,13.034695175439936,13.060387512349495,1156500
2019-01-10,13.163156509399414,13.205977611614335,13.09464307255338,13.1374641747683,772500
2019-01-11,13.120336532592773,13.197414359842128,13.077516243449498,13.137465301645813,856100
2019-01-14,13.009001731872559,13.146029431407348,13.00043816425666,13.077515990012277,891300
2019-01-15,13.111771583557129,13.146028301309787,13.051821714931544,13.094642816308511,1121500
2019-01-16,13.180286407470703,13.18884997525252,13.077516243386942,13.146029686109449,947400
2019-01-17,13.188849449157715,13.22310616915249,13.051822569178617,13.103208057543094,670200
2019-01-18,13.32587718963623,13.360133909743485,13.188849492462579,13.240234980995778,776000
2019-01-22,13.231671333312988,13.24880010269239,13.13746555196031,13.231671333312988,804500
2019-01-23,13.214543342590332,13.283056786421112,13.146029898759553,13.26592801709108,867000
2019-01-24,13.248799324035645,13.274491659850085,13.180285884034054,13.18884945147578,3660800
2019-01-25,13.317312240600586,13.343004575405187,13.223105651742713,13.248798803291914,1388900
2019-01-28,13.13746452331543,13.16315685862818,13.08607903594531,13.154592474609059,1823300
2019-01-29,13.265928268432617,13.308749375824329,13.214543592958314,13.214543592958314,920400
2019-01-30,13.36013412475586,13.420083181722193,13.31731301974649,13.334440971703449,1732900
2019-01-31,13.291620254516602,13.47146741961191,13.248799150889072,13.428647132729,32974700
2019-02-01,13.411518096923828,13.44577481579326,13.317312324219042,13.317312324219042,3166900
2019-02-04,13.420083999633789,13.420083999633789,13.231671616156204,13.300185061649017,1188800
2019-02-05,13.36013412475586,13.420083181722193,13.334440971703449,13.343005356054253,2187800
2019-02-06,13.377262115478516,13.411518836236356,13.29162072195624,13.317313058338458,1735100
2019-02-07,13.248799324035645,13.351569484038032,13.146029164033258,13.351569484038032,1839500
2019-02-08,13.265928268432617,13.291621422914458,13.180286870393884,13.283057038087177,3938100
2019-02-11,13.188849449157715,13.21454260171227,13.111772441727945,13.163157113347792,1288700
2019-02-12,13.265928268432617,13.33444171356148,13.248800315522747,13.31731376065161,1062100
2019-02-13,13.343005180358887,13.377261900566376,13.300184075913366,13.317312844389429,1191900
2019-02-14,13.377262115478516,13.39439088422976,13.29162072195624,13.32587744271408,1258800
2019-02-15,13.62562370300293,13.634188087477764,13.480032433909368,13.505725587333872,1474500
2019-02-19,13.659880638122559,13.67700940734053,13.591367194740018,13.608495963957989,853800
2019-02-20,13.702701568603516,13.77121501110696,13.625623741600975,13.63418812610007,1029600
2019-02-21,13.745522499084473,13.762651268882028,13.719830977877535,13.745522499084473,805200
2019-02-22,13.779778480529785,13.831163150622727,13.762649712669067,13.82259876669237,785000
2019-02-25,13.574238777160645,13.728394427861726,13.557110008529573,13.728394427861726,1154700
2019-02-26,13.634187698364258,13.659880034310858,13.582802209726426,13.608495362417658,2666100
2019-02-27,13.702701568603516,13.75408624210877,13.642752510599166,13.677009231850889,1051100
2019-02-28,13.668445587158203,13.728395465152007,13.63418886405233,13.685573540338787,667100
2019-03-01,13.514288902282715,13.685572504852306,13.471467797454157,13.659880168653029,950400
2019-03-04,13.557109832763672,13.659879992983779,13.505725161025934,13.60849532124604,1271600
2019-03-05,13.62562370300293,13.62562370300293,13.548545876218732,13.608495750797918,1212200
2019-03-06,13.548545837402344,13.591366942909177,13.514289116345807,13.56567460630294,718000
2019-03-07,13.514288902282715,13.574238775740554,13.505725334712718,13.565674391425913,382600
2019-03-08,13.505725860595703,13.505725860595703,13.32587786670859,13.394391310404187,837800
2019-03-11,13.522854804992676,13.548547144076784,13.46290574154818,13.539983575545238,1000600
2019-03-12,13.608495712280273,13.625623664436807,13.54854583787077,13.574238991222554,648000
2019-03-13,13.694136619567871,13.719829772005966,13.634187564034903,13.642751948180935,1040900
2019-03-14,13.634187698364258,13.728394291409511,13.634187698364258,13.702701138718279,665300
2019-03-15,13.634187698364258,13.685572370257457,13.557109873779826,13.557109873779826,894500
2019-03-18,13.702701568603516,13.728394722100802,13.668444847351793,13.685572799605325,696400
2019-03-19,13.736959457397461,13.796908516932715,13.69413753380845,13.77977974749711,1094400
2019-03-20,13.839727401733398,13.856856169429731,13.728393678685622,13.74552081289276,959100
2019-03-21,13.771215438842773,13.822600113944043,13.736959533271717,13.796908593138093,1087400
2019-03-22,13.65131664276123,13.694137750282469,13.574239629316635,13.685573365429281,884700
2019-03-25,13.702701568603516,13.736959106599897,13.599931404848348,13.61705935710188,1141400
2019-03-26,13.728395462036133,13.771215753350226,13.694137922193333,13.754086983428826,738100
2019-03-27,13.65131664276123,13.719830904842027,13.582803197425127,13.702702135135654,1284600
2019-03-28,13.608495712280273,13.617059279986213,13.505725549107112,13.505725549107112,617400
2019-03-29,13.617057800292969,13.711264385523265,13.608494233517588,13.694135618483369,1000300
2019-04-01,13.745522499084473,13.762651268882028,13.694137823181203,13.70270220807998,1159700
2019-04-02,13.779778480529785,13.788342864460144,13.711265042576125,13.719829426506484,524900
2019-04-03,13.796907424926758,13.8054718089667,13.728393986096444,13.796907424926758,2335100
2019-04-04,13.805472373962402,13.856857046815772,13.762650452010178,13.771214836400622,921600
2019-04-05,13.848292350769043,13.865421119164449,13.788343294874384,13.80547206326979,1256300
2019-04-08,13.899677276611328,13.916806045319921,13.87398575703773,13.882548507902735,914400
2019-04-09,13.873985290527344,13.90824119330339,13.839727754262062,13.882548041104428,772800
2019-04-10,13.993884086608887,14.011012855581367,13.908241875235811,13.916806259722051,1062600
2019-04-11,13.925371170043945,13.968191460602762,13.865422109865852,13.959627075793122,723600
2019-04-12,13.968191146850586,14.002448685319653,13.942499626488129,13.968191146850586,872900
2019-04-15,13.942499160766602,13.942499160766602,13.89967723911065,13.942499160766602,597200
2019-04-16,13.89111328125,13.90824205043825,13.831164222580464,13.856857376362838,852200
2019-04-17,13.839727401733398,13.916805222877702,13.839727401733398,13.89967645518137,883700
2019-04-18,13.882548332214355,13.882548332214355,13.822599275982247,13.848292428719981,439800
2019-04-22,13.951065063476562,14.011014126830226,13.933936292949955,13.959627815250402,614000
2019-04-23,13.968191146850586,13.976755531467854,13.91680647263633,13.951064011105395,424200
2019-04-24,13.916805267333984,13.968189937097934,13.916805267333984,13.968189937097934,485700
2019-04-25,13.89111328125,13.959626724513663,13.882548896655875,13.933935204220626,548300
2019-04-26,13.728395462036133,13.82260042962502,13.659881199095235,13.82260042962502,560700
2019-04-29,13.736959457397461,13.77977974749711,13.711266303244054,13.754086593343704,401200
2019-04-30,13.779778480529785,13.82259876669237,13.711265042576125,13.796907248390502,699400
2019-05-01,13.736959457397461,13.788344132214913,13.659880811681921,13.762650978061506,824200
2019-05-02,13.582802772521973,13.65988060030008,13.522853713914408,13.642752647874204,608000
2019-05-03,13.5913667678833,13.677008977794092,13.5913667678833,13.61705910415868,604600
2019-05-06,13.634187698364258,13.659880034310858,13.514288769372405,13.531417537833228,640800
2019-05-07,13.46290397644043,13.522853032025065,13.420082872417993,13.497160696309454,628700
2019-05-08,13.480031967163086,13.531417455488214,13.420082911404295,13.454339631372838,643000
2019-05-09,13.411518096923828,13.44577481579326,13.360133426991982,13.437210431889751,644800
2019-05-10,13.437211036682129,13.471467757093412,13.402954316270844,13.411518700559824,1217100
2019-05-13,13.368698120117188,13.565674882765057,13.351570167612186,13.53998254563522,457800
2019-05-14,13.548545837402344,13.599931327359476,13.497161164189865,13.497161164189865,486500
2019-05-15,13.668445587158203,13.702702310264074,13.58280337102117,13.58280337102117,471000
2019-05-16,13.745522499084473,13.796908808477136,13.73695974767509,13.75408688398325,613700
2019-05-17,13.617057800292969,13.719828769043213,13.617057800292969,13.711264385523265,464900
2019-05-20,13.677008628845215,13.762650019826348,13.642751909103838,13.694136580343592,532100
2019-05-21,13.685572624206543,13.745521681442566,13.659880287783198,13.694137008595876,362200
2019-05-22,13.48859691619873,13.659880523214227,13.48859691619873,13.608495849481908,799000
2019-05-23,13.205979347229004,13.360135008765006,13.154593854468771,13.334441854012539,1013400
2019-05-24,13.385826110839844,13.385826110839844,13.21454251202843,13.265927183299542,1414600
2019-05-28,13.497161865234375,13.54854654111578,13.454340757503408,13.531418588070212,640600
2019-05-29,13.44577693939209,13.48859804892811,13.37726349083235,13.48859804892811,885300
2019-05-30,13.308748245239258,13.480031843510785,13.291620293784415,13.462903892055943,846500
2019-05-31,12.957616806030273,13.214542614614247,12.949052421837061,13.146029174557805,2773600
2019-06-03,12.914795875549316,13.08607947799467,12.906231491240888,13.068951526122456,1657900
2019-06-04,12.991873741149902,13.017566077410269,12.914795915624158,12.931924684294165,1112300
2019-06-05,12.726383209228516,12.923359960029192,12.67499853805938,12.923359960029192,1028500
2019-06-06,12.949052810668945,12.957617195119328,12.726383715426923,12.752076868778072,1324800
2019-06-07,12.991873741149902,13.026130461745272,12.871974810693784,12.889103579363791,1710500
2019-06-10,12.957616806030273,13.060386966114937,12.931924470195264,12.966181190223486,884900
2019-06-11,13.043258666992188,13.077516204997538,12.957617272212788,13.000438377974817,880500
2019-06-12,12.863411903381348,13.009002360826335,12.854847518606734,12.95761768566803,1619900
2019-06-13,13.026131629943848,13.111773847485088,12.96618256771181,13.10320946238202,1740700
2019-06-14,13.077516555786133,13.128901230683173,13.051823401592932,13.086080123772518,977100
2019-06-17,13.017565727233887,13.094643550686214,13.00043777576927,13.068951215116979,997200
2019-06-18,13.171721458435059,13.23167051406181,13.051822530436928,13.051822530436928,906100
2019-06-19,13.14603042602539,13.188850717578573,13.068952594438128,13.09464493271898,908200
2019-06-20,13.411518096923828,13.420082480827336,13.317312324219042,13.334440275281457,1277900
2019-06-21,13.44577693939209,13.471469278415809,13.402955829856069,13.43721255413594,1107100
2019-06-24,13.505725860595703,13.522853813147265,13.420083647603867,13.462904754099785,656800
2019-06-25,13.548545837402344,13.608495711809773,13.531417885246402,13.56567460630294,803600
2019-06-26,13.617057800292969,13.702700002003317,13.59992984999764,13.617057800292969,958200
2019-06-27,13.617057800292969,13.651314517628196,13.59992984999764,13.634186567332865,335000
2019-06-28,13.471467971801758,13.685572681970848,13.43721125084449,13.668444729864541,1702100
2019-07-01,13.46290397644043,13.625623191632137,13.394390536702382,13.608495240069939,869600
2019-07-02,13.240235328674316,13.437211270277311,13.214542992105372,13.4286477025841,1168600
2019-07-03,13.368698120117188,13.385826889366859,13.300184676607842,13.32587783048235,439600
2019-07-05,13.394390106201172,13.420082441091022,13.351569003555024,13.368696954566722,570100
2019-07-08,13.377262115478516,13.488596662127657,13.360134163471919,13.4286476049876,495300
2019-07-09,13.420083999633789,13.420083999633789,13.325878216267345,13.36013493901375,444700
2019-07-10,13.71126651763916,13.736959672194315,13.582803195097462,13.599931964800898,535600
2019-07-11,13.719830513000488,13.762650802554075,13.677009406702231,13.711266128391902,561700
2019-07-12,13.754085540771484,13.779778692958645,13.71982963801117,13.71982963801117,471200
2019-07-15,13.608495712280273,13.762650548667692,13.59993132782968,13.762650548667692,1103100
2019-07-16,13.46290397644043,13.65987991150116,13.360133816833358,13.5828020876097,645400
2019-07-17,13.343005180358887,13.522853165634363,13.343005180358887,13.505725213902936,2313600
2019-07-18,13.248799324035645,13.325877148223594,13.120336011474189,13.325877148223594,832800
2019-07-19,13.32587718963623,13.33444075710457,13.205978260888523,13.257362932677088,628800
2019-07-22,13.28305721282959,13.317313935844677,13.240236104874553,13.274492827889642,3117700
2019-07-23,13.368698120117188,13.368698120117188,13.214543280593496,13.257363570228334,807100
2019-07-24,13.308748245239258,13.471467459411054,13.25736275738549,13.394390452747333,1001800
2019-07-25,13.257363319396973,13.377262251642156,13.257363319396973,13.343005530535626,442600
2019-07-26,13.274492263793945,13.300184600777298,13.240235542234586,13.265927879217939,472700
2019-07-29,13.32587718963623,13.33444075710457,13.257362932677088,13.32587718963623,1126000
2019-07-30,13.4029541015625,13.420082869866068,13.31731271027854,13.343005045989266,705100
2019-07-31,13.317312240600586,13.45433911521793,13.308747856750852,13.428646780413327,882500
2019-08-01,12.949052810668945,13.231670963574336,12.8548470319487,13.231670963574336,1597100
2019-08-02,12.966181755065918,13.077516304193834,12.966181755065918,13.060387535061231,1219600
2019-08-05,12.854846954345703,12.931924780444529,12.82059023349563,12.82915380114966,1871300
2019-08-06,12.786334037780762,12.897668589302175,12.752077315523763,12.889104204551753,622300
2019-08-07,12.623614311218262,12.657871034334734,12.495151803717667,12.657871034334734,2411600
2019-08-08,12.692126274108887,12.726382993221739,12.589356116770327,12.62361283588318,773500
2019-08-09,12.803462028503418,12.854847520413632,12.786334075696471,12.803462028503418,787200
2019-08-12,12.709256172180176,12.829154291364533,12.709256172180176,12.80346195393141,928400
2019-08-13,13.009001731872559,13.043258452570095,12.709255629955287,12.734947966292276,838400
2019-08-14,12.81202507019043,12.871974123847295,12.726382864899538,12.846281788957867,1046500
2019-08-15,12.709256172180176,12.777769616498288,12.683563834747053,12.734948509613298,827400
2019-08-16,12.700692176818848,12.769205623237374,12.700692176818848,12.70925656180734,1365600
2019-08-19,12.760641098022461,12.786334252705597,12.717820807039963,12.760641098022461,767100
2019-08-20,12.794896125793457,12.820589277072775,12.709254738429493,12.769203791258727,435500
2019-08-21,12.83771800994873,12.940488171093216,12.820590058130302,12.914795834993255,645700
2019-08-22,12.777770042419434,12.871975827310827,12.760641272396612,12.837719104009892,721900
2019-08-23,12.683564186096191,12.777769970457035,12.63217869306183,12.657871031206659,1450900
2019-08-26,12.674999237060547,12.820590507976537,12.657870467896469,12.80346173881246,640700
2019-08-27,12.760641098022461,12.77776986781122,12.674999699312767,12.700692037251207,661400
2019-08-28,12.87197494506836,12.906231666021347,12.837718224115372,12.863411377388601,798100
2019-08-29,12.906231880187988,12.923360649321044,12.8377184371451,12.871975158666544,649400
2019-08-30,12.700692176818848,12.871975792865165,12.683564223586568,12.863412224621378,1565300
2019-09-03,12.63217830657959,12.657870643938361,12.53797252510098,12.56366486245975,1240200
2019-09-04,12.931924819946289,12.966181540901001,12.794897119382783,12.803461503807625,406800
2019-09-05,12.914795875549316,13.04325837319717,12.906231491240888,12.983309316527459,813000
2019-09-06,12.949052810668945,13.000438300626586,12.803461541991059,12.829153878597552,849400
2019-09-09,13.068950653076172,13.094642987540489,13.000437216674941,13.017565167402955,761500
2019-09-10,13.086078643798828,13.188848798714771,13.068950693018465,13.094643027561304,1201400
2019-09-11,12.991873741149902,13.154592959791747,12.923360299959162,13.111772671606019,1947800
2019-09-12,12.9404878616333,12.957616629786749,12.812025367460917,12.812025367460917,920000
2019-09-13,12.9404878616333,12.991873349349026,12.91479552614775,12.966181013863473,727600
2019-09-16,13.514288902282715,13.659880168653029,13.411518740740961,13.42864750937024,1777100
2019-09-17,13.257363319396973,13.522853520531074,13.205978646109505,13.514289136068276,2667000
2019-09-18,13.171721458435059,13.2659272339549,13.146029122701396,13.214542562487578,1534100
2019-09-19,13.240235328674316,13.30018438625007,13.223106559798584,13.283056434118992,520700
2019-09-20,13.257363319396973,13.291620857248159,13.19741426164671,13.257363319396973,532000
2019-09-23,13.291620254516602,13.30874820592084,13.231670382740212,13.257362718218882,511000
2019-09-24,13.13746452331543,13.248799065330175,13.120335755277186,13.248799065330175,739000
2019-09-25,13.060386657714844,13.086078992943168,12.991873219276236,13.000437603267214,669300
2019-09-26,13.060386657714844,13.094643376934147,12.96618088404791,13.034694322486517,534900
2019-09-27,13.009001731872559,13.060387221291185,12.94048829047749,12.94048829047749,631300
2019-09-30,12.880538940429688,12.99187348435014,12.84628222051144,12.931924428679368,861500
2019-10-01,12.87197494506836,12.923360434870165,12.820590272011206,12.897668098341589,967400
2019-10-02,12.760641098022461,12.87197565141529,12.709256422145584,12.87197565141529,944400
2019-10-03,12.743512153625488,12.78633325802151,12.615048840437415,12.674998713289703,794600
2019-10-04,12.846282005310059,12.863410773354552,12.76920418259906,12.829153237265563,2165000
2019-10-07,12.829153060913086,12.914795266469076,12.812025109848651,12.854846212626645,946100
2019-10-08,12.820590019226074,12.87197469127007,12.752076578670987,12.769204530437442,2715400
2019-10-09,12.854846954345703,12.966181501294601,12.846282569947022,12.94048834809856,913400
2019-10-10,12.9404878616333,12.949052245710025,12.889103190662196,12.9404878616333,655900
2019-10-11,13.094643592834473,13.120335928486405,12.99187343348212,12.99187343348212,1416900
2019-10-14,13.03469467163086,13.043258239106608,12.9490524629163,13.009001518969711,506400
2019-10-15,13.000439643859863,13.060388707717298,12.966182919263508,13.01756759778567,1054800
2019-10-16,13.017565727233887,13.068951215116979,12.966181056095417,12.966181056095417,599200
2019-10-17,13.068950653076172,13.094642987540489,12.983308449202339,13.009000783666654,1415700
2019-10-18,13.060386657714844,13.128900096153451,13.034694322486517,13.103207760925125,1001200
2019-10-21,13.043258666992188,13.051823051493525,12.983309608972142,13.000438377974817,726300
2019-10-22,13.060386657714844,13.154592431381776,13.034694322486517,13.103207760925125,2162300
2019-10-23,13.22310733795166,13.240236107835386,13.043259337896052,13.043259337896052,843700
2019-10-24,13.291620254516602,13.3258769740697,13.257362718218882,13.265927102293311,626800
2019-10-25,13.368698120117188,13.368698120117188,13.248800002348169,13.308749061232678,525200
2019-10-28,13.317312240600586,13.39439006175899,13.283055521946249,13.385825677909258,538100
2019-10-29,13.291620254516602,13.35156930954837,13.223105998665783,13.223105998665783,549900
2019-10-30,13.205979347229004,13.300185131087284,13.16315823938626,13.291621562914495,971200
2019-10-31,13.128900527954102,13.171721632572742,13.06895147153479,13.171721632572742,761900
2019-11-01,13.368698120117188,13.402954841871859,13.20597889596866,13.20597889596866,1221500
2019-11-04,13.454339027404785,13.51428808047245,13.437210259817114,13.4800313620417,687600
2019-11-05,13.48859691619873,13.522853637601829,13.462904579332571,13.497161300735671,455800
2019-11-06,13.343005180358887,13.505725213902936,13.317312844389429,13.454339725219384,669300
2019-11-07,13.334440231323242,13.41151805271152,13.317312280317292,13.39439010170557,809400
2019-11-08,13.368698120117188,13.368698120117188,13.154593404964315,13.214543280593496,953900
2019-11-11,13.28305721282959,13.351570658859766,13.240236104874553,13.240236104874553,612600
2019-11-12,13.291620254516602,13.33444054139951,13.248799150889072,13.30874820592084,450300
2019-11-13,13.317312240600586,13.334440191555455,13.223105651742713,13.24023441944218,5073800
2019-11-14,13.274492263793945,13.368698043896016,13.248799926810593,13.35157009148867,869100
2019-11-15,13.343005180358887,13.394390669042437,13.257362971467845,13.257362971467845,2619500
2019-11-18,13.205979347229004,13.283057177997005,13.180287009221237,13.265928408162027,637100
2019-11-19,13.086078643798828,13.163156464171932,13.068950693018465,13.14602851339157,547000
2019-11-20,13.257363319396973,13.291620857248159,13.12890081943365,13.154593156077382,1007400
2019-11-21,13.377262115478516,13.402954451860733,13.300184289587214,13.300184289587214,598100
2019-11-22,13.368698120117188,13.437211563626532,13.317313445857513,13.402954841871859,846800
2019-11-25,13.368698120117188,13.385826889366859,13.300184676607842,13.317313445857513,474200
2019-11-26,13.44577693939209,13.454341324648238,13.3686991055762,13.39439226134465,480700
2019-11-27,13.377262115478516,13.437211172618573,13.334441010345055,13.4286476049876,583600
2019-11-29,13.111771583557129,13.257362021447495,13.10320719993282,13.257362021447495,546200
2019-12-02,13.094643592834473,13.197413752186826,13.077515641314726,13.180285800667079,1310000
2019-12-03,13.103208541870117,13.15459321538927,13.043258667104894,13.077516205110541,1800300
2019-12-04,13.308748245239258,13.32587701343872,13.240234805930648,13.25736275738549,991200
2019-12-05,13.334440231323242,13.377261333955019,13.291619945436066,13.343004615198518,1011800
2019-12-06,13.420083999633789,13.462905107252972,13.308749446521794,13.308749446521794,1487900
2019-12-09,13.4029541015625,13.43721082142501,13.377261765851776,13.394390534155344,659800
2019-12-10,13.46290397644043,13.48859631215604,13.402954104111169,13.411518488264582,565300
2019-12-11,13.4029541015625,13.454339589728578,13.325877094430323,13.445775205576794,861700
2019-12-12,13.522854804992676,13.539983575545238,13.411520246635233,13.411520246635233,1424200
2019-12-13,13.5913667678833,13.685572545389457,13.514288942312517,13.531417710992532,1167600
2019-12-16,13.685572624206543,13.71983016176387,13.66844467217253,13.677009056561861,1753300
2019-12-17,13.745522499084473,13.762651268882028,13.70270220807998,13.70270220807998,834900
2019-12-18,13.754085540771484,13.788343077021032,13.702700869886396,13.779778692958645,1239400
2019-12-19,13.814034461975098,13.831163229934035,13.762649791587503,13.771214175566971,961300
2019-12-20,13.796907424926758,13.831163327597299,13.745521120687098,13.788343040886815,1043100
2019-12-23,13.80038833618164,13.809089915311999,13.73947894192565,13.765582849488466,837500
2019-12-24,13.861298561096191,13.878700889529691,13.800388337008293,13.800388337008293,466200
2019-12-26,13.965713500976562,13.965713500976562,13.896103360855392,13.896103360855392,679200
2019-12-27,13.99181842803955,14.00052000685904,13.939610614779085,13.974415270400575,1250000
2019-12-30,13.965713500976562,14.078832364429594,13.904804109727902,14.061429207028137,976300
2019-12-31,13.878700256347656,13.965713554201903,13.843894771240313,13.878700256347656,806100
2020-01-02,13.896102905273438,13.930908389107039,13.852595843024389,13.896102905273438,3026900
2020-01-03,14.061429023742676,14.139741571372017,14.026624369049864,14.122338414197404,3210100
2020-01-06,14.08753490447998,14.183248957406754,14.070131745890912,14.165847458474236,3232100
2020-01-07,14.078832626342773,14.113637282136732,14.026624812823602,14.061429468617561,1924600
2020-01-08,13.869998931884766,14.078832676185481,13.739478567796526,14.070131097292068,2340200
2020-01-09,13.809088706970215,13.826491863708098,13.722075412765365,13.79168638006052,1077900
2020-01-10,13.809088706970215,13.835192612248852,13.756880896412943,13.800387128601274,1877800
2020-01-13,13.704672813415527,13.756881455924384,13.669867328352362,13.756881455924384,1264500
2020-01-14,13.765583038330078,13.782986196829539,13.730777551159429,13.765583038330078,1201200
2020-01-15,13.695971488952637,13.730776974661952,13.62636051753401,13.730776974661952,669800
2020-01-16,13.678569793701172,13.72207686030725,13.643764306381964,13.70467370173351,1652300
2020-01-17,13.722076416015625,13.722076416015625,13.643763864625932,13.687270099995096,855400
2020-01-21,13.643762588500977,13.687268819800927,13.635061010309718,13.652463336864065,991500
2020-01-22,13.461034774780273,13.574152811690993,13.434930037919786,13.574152811690993,672600
2020-01-23,13.347916603088379,13.365318930991407,13.252200895222902,13.32181269631972,1331600
2020-01-24,13.147784233093262,13.217395203275272,13.104277999100672,13.217395203275272,1368800
2020-01-27,12.904146194458008,12.973757166565852,12.851938380291248,12.912847773428549,2608400
2020-01-28,12.965056419372559,13.02596664624582,12.886744693098306,12.91284860185639,1163300
2020-01-29,12.904146194458008,12.973757166565852,12.878042287374628,12.973757166565852,816700
2020-01-30,12.791028022766113,12.808431180524117,12.669209237773025,12.764924115957342,1849000
2020-01-31,12.686612129211426,12.764924682944429,12.617001154743928,12.67791054994592,1786400
2020-02-03,12.451674461364746,12.643104213376402,12.442972882683794,12.582194822266167,3464900
2020-02-04,12.469077110290527,12.59089672547913,12.46037553138529,12.582195146573893,1563100
2020-02-05,12.660508155822754,12.730119129930554,12.617001089548314,12.651806576602214,2575100
2020-02-06,12.712716102600098,12.712716102600098,12.599598061051234,12.643105127774378,2496500
2020-02-07,12.64310359954834,12.6866106610126,12.616999694601054,12.634402851118029,943000
2020-02-10,12.529986381530762,12.590896603448844,12.512584053717188,12.547389539172565,592900
2020-02-11,12.573493003845215,12.625701645107245,12.556090676643338,12.617000066592206,1181900
2020-02-12,12.747520446777344,12.764923603837145,12.695312635254345,12.747520446777344,1150300
2020-02-13,12.756221771240234,12.80843041155159,12.721416287642057,12.764923349596824,759100
2020-02-14,12.747520446777344,12.799729088128545,12.704014213784246,12.773625182367047,1613600
2020-02-18,12.843236923217773,12.86063925149578,12.747521213289854,12.747521213289854,946600
2020-02-19,12.965056419372559,12.973757998901354,12.851939204811426,12.895445442798803,555600
2020-02-20,12.912847518920898,13.017263975024651,12.895444361322825,12.973756910857697,961300
2020-02-21,12.860639572143555,12.869341151413636,12.79973017690953,12.843237243431664,667800
2020-02-24,12.6170015335083,12.643105442260188,12.529987397897616,12.599598374454844,769600
2020-02-25,12.382063865661621,12.599598374867158,12.382063865661621,12.590897625168443,1375500
2020-02-26,12.260244369506836,12.44297337996854,12.23414046224895,12.347257670309206,1027000
2020-02-27,12.051411628723145,12.138424930803025,11.955695917658538,12.025306891253745,1869500
2020-02-28,11.842577934265137,11.89478657962324,11.712057565612277,11.851279513462865,1348600
2020-03-02,12.112320899963379,12.121022479031339,11.894786402233905,11.946994216985157,3027700
2020-03-03,12.13842487335205,12.286348398998813,12.051411571684003,12.147126452467333,1575800
2020-03-04,12.147126197814941,12.251542655524565,12.086216804941389,12.22543874855422,1332700
2020-03-05,12.016606330871582,12.15582828025109,11.973099264233419,12.129723542371226,1889400
2020-03-06,11.625042915344238,11.84257740662572,11.564133523330456,11.816473500023847,3233600
2020-03-09,10.720100402832031,10.92893416340499,10.667892585060018,10.720100402832031,2698900
2020-03-10,11.059453964233398,11.102961030006446,10.911530438501988,11.02464847758061,4293300
2020-03-11,10.859321594238281,11.042050603267688,10.85062084510602,11.007245117253907,2488200
2020-03-12,10.4242525100708,10.667891739796609,10.015288260556936,10.450357246716719,4191700
2020-03-13,10.537370681762695,10.702697363336469,10.389447158177003,10.676593456182596,4491600
2020-03-16,9.902170181274414,10.067496030167748,9.74554508139677,9.884767023586573,3153200
2020-03-17,9.74554443359375,9.980482067793512,9.728142106890903,9.893467944794745,5784200
2020-03-18,9.423593521118164,9.588920189111494,9.058135531670796,9.510607644254462,3814000
2020-03-19,9.623726844787598,9.74554563622488,9.327879785877146,9.380087602256474,2311100
2020-03-20,9.519309043884277,9.849961572661408,9.449698072544695,9.849961572661408,1956700
2020-03-23,9.632427215576172,9.667232701736687,9.414892719615892,9.414892719615892,2089600
2020-03-24,9.84126091003418,9.91957263110771,9.762948359132405,9.832559331083262,1040400
2020-03-25,10.006586074829102,10.102300947241494,9.832558656884668,9.876065718827823,1486900
2020-03-26,9.971781730651855,10.084899772698058,9.858663688605652,9.980483310000396,1839200
2020-03-27,9.93697452545166,9.997883910706532,9.81515492511378,9.81515492511378,1420300
2020-03-30,9.910872459411621,9.91957320904122,9.728143439937417,9.858663812492582,1668100
2020-03-31,9.789052963256836,9.997885893980856,9.76294905437341,9.997885893980856,1218400
2020-04-01,9.510607719421387,9.67593355889319,9.49320456272531,9.667231980545152,1466400
2020-04-02,9.693336486816406,10.006585831499109,9.5280098214183,9.615023943188689,1624100
2020-04-03,9.93697452545166,9.963078429156871,9.762947117703359,9.902169043902001,961900
2020-04-06,9.989182472229004,10.041391110195967,9.876065277985523,9.945676242056042,1157200
2020-04-07,10.058795928955078,10.12840690453304,9.954378635759848,10.119705325128724,1923500
2020-04-08,10.03269100189209,10.111003555400256,9.919572961250102,10.050094160373135,1357100
2020-04-09,10.058795928955078,10.302434343477948,9.980483373972799,10.050094349550761,1923500
2020-04-13,10.23282241821289,10.241523996809631,10.093600479977864,10.137106713305153,1351800
2020-04-14,10.145809173583984,10.224121728103686,10.093601357123037,10.224121728103686,1098000
2020-04-15,9.93697452545166,10.006585488550982,9.87606514019679,9.980481584845771,1272200
2020-04-16,9.910872459411621,9.997885764505634,9.823858324489319,9.963080276502371,1522400
2020-04-17,9.954378128051758,9.980482864933276,9.893468734984705,9.910871892905716,1055400
2020-04-20,9.789052963256836,9.910872587759998,9.76294905437341,9.771649804115684,2004200
2020-04-21,9.327879905700684,9.4845041866789,9.119046148015913,9.4845041866789,3327800
2020-04-22,9.458399772644043,9.562816230991682,9.362684893282434,9.475802930616107,1321600
2020-04-23,9.432295799255371,9.649830293408574,9.353983248587701,9.571517742740904,1132000
2020-04-24,9.310477256774902,9.423595306350217,9.249567856937555,9.423595306350217,941300
2020-04-27,9.136448860168457,9.197358253691206,9.101643373894278,9.179955925468242,971200
2020-04-28,9.145151138305664,9.214762116175512,9.136449558614855,9.179956627240589,956800
2020-04-29,9.310477256774902,9.36268590651287,9.266970186964654,9.327880416630336,802900
2020-04-30,9.484503746032715,9.536712390485388,9.275670827878526,9.406192024096082,1439600
2020-05-01,9.362685203552246,9.42359459881645,9.310476557734162,9.406192270095938,1999800
2020-05-04,9.47580337524414,9.47580337524414,9.275671198315951,9.34528217381403,840900
2020-05-05,9.719441413879395,9.736843742167258,9.597621796551337,9.606323375609394,931900
2020-05-06,9.528010368347168,9.667232307308904,9.449697820224138,9.667232307308904,880900
2020-05-07,9.588920593261719,9.754246438394963,9.571517435969685,9.710739374993095,530500
2020-05-08,9.789052963256836,9.789052963256836,9.63242785029967,9.67593491832425,981600
2020-05-11,9.658531188964844,9.780349965981538,9.606322548937559,9.76294763919123,1083100
2020-05-12,9.580219268798828,9.667232568082996,9.57151768992194,9.658531819034344,1232000
2020-05-13,9.484503746032715,9.59762178415663,9.458399838720505,9.5628162977976,571700
2020-05-14,9.649829864501953,9.675933770288188,9.493204770128136,9.493204770128136,490600
2020-05-15,9.74554443359375,9.771648338562109,9.658531140423163,9.754246011859262,830200
2020-05-18,10.0239896774292,10.067495911479433,9.945677128413625,9.963079456068073,1097800
2020-05-19,9.997884750366211,10.06749571931172,9.963079265893455,10.041391813414206,411200
2020-05-20,10.17191219329834,10.189315350484012,10.102301224212072,10.145808287348041,863500
2020-05-21,10.128406524658203,10.215419825953003,10.067496300940764,10.198017497625345,570000
2020-05-22,10.050093650817871,10.084899136187,9.936975615911143,10.015288165448741,768900
2020-05-26,10.154510498046875,10.206718313197346,10.06749636635841,10.154510498046875,842300
2020-05-27,10.0239896774292,10.084899068962104,9.954377877326737,10.076197490220768,467100
2020-05-28,10.076197624206543,10.171912502149311,10.006586653006668,10.032690559749563,678300
2020-05-29,10.250224113464355,10.302432751996976,10.015287314637952,10.050092797050315,1109300
2020-06-01,10.311136245727539,10.311136245727539,10.198018199414513,10.206718949262967,970900
2020-06-02,10.4242525100708,10.4242525100708,10.345940789617758,10.380746275317412,706400
2020-06-03,10.4242525100708,10.476461153534398,10.328537631853814,10.398148603253121,862800
2020-06-04,10.511265754699707,10.56347439376989,10.432953211008513,10.432953211008513,1091400
2020-06-05,10.720100402832031,10.737503561974904,10.667892585060018,10.693996493946024,1500400
2020-06-08,10.650487899780273,10.728800445044982,10.624383994634766,10.711398118224038,1581200
2020-06-09,10.685295104980469,10.728802173785434,10.572177058018887,10.598281797198856,646100
2020-06-10,10.754904747009277,10.824515716517825,10.650488292746454,10.69399535614635,1292000
2020-06-11,10.40684986114502,10.572175705661984,10.36334279790533,10.519967893636926,1122900
2020-06-12,10.450357437133789,10.563475475175856,10.398148792718892,10.51126683076096,693900
2020-06-15,10.546072006225586,10.572175912749438,10.276329702546592,10.31983593681027,652100
2020-06-16,10.633086204528809,10.754904988995595,10.563475233454007,10.685294017920794,891900
2020-06-17,10.580877304077148,10.65048827345964,10.554773398015767,10.598280461336877,540400
2020-06-18,10.6417875289917,10.659190687615583,10.563475804669052,10.563475804669052,951700
2020-06-19,10.728801727294922,10.798412702554604,10.61568368504087,10.789711123190074,1605400
2020-06-22,10.8419189453125,10.85062052401551,10.746204069064051,10.77230797534486,939800
2020-06-23,10.789710998535156,10.894128290046615,10.772308669835427,10.859321972990614,745900
2020-06-24,10.519967079162598,10.772307030622336,10.493863175171079,10.754903874742558,1372500
2020-06-25,10.615683555603027,10.615683555603027,10.49386476529807,10.50256551472823,618900
2020-06-26,10.485161781311035,10.56347432448861,10.44165472067592,10.56347432448861,738000
2020-06-29,10.65919017791748,10.6852940847768,10.54607214175611,10.57217604861543,790600
2020-06-30,10.71139907836914,10.781010051549051,10.624384946980122,10.633086526084675,1118200
2020-07-01,10.798412322998047,10.807113902056724,10.67659353548959,10.77230841565027,1117600
2020-07-02,10.8419189453125,10.90282833657713,10.78971030292266,10.85062052401551,1422000
2020-07-06,10.928933143615723,10.972439377756691,10.894127658406013,10.928933143615723,1475500
2020-07-07,10.937633514404297,10.989842155327983,10.876724124850158,10.885425703308805,1142000
2020-07-08,11.076855659484863,11.076855659484863,10.989842362740765,11.0072446901583,819900
2020-07-09,10.946335792541504,11.111662474510528,10.93763421352666,11.102960895495684,747400
2020-07-10,11.015947341918945,11.06815598891397,10.981141853865028,10.981141853865028,661700
2020-07-13,10.902828216552734,11.059453312169815,10.902828216552734,11.033349406176372,805100
2020-07-14,10.955038070678711,10.998545138701187,10.833218446181439,10.85062160532175,653700
2020-07-15,11.085556983947754,11.102960140794496,10.946335048486588,10.98114053235188,1464200
2020-07-16,10.998543739318848,11.059453128903623,10.9811405823928,11.024647644879725,1093600
2020-07-17,11.015947341918945,11.03335050086005,10.928934036698294,10.998545012806133,1712300
2020-07-20,11.007245063781738,11.033349800536442,10.902828606247644,10.97243957793704,783200
2020-07-21,11.163869857788086,11.233480827561918,11.155168279109303,11.163869857788086,2112400
2020-07-22,11.233480453491211,11.259584358830093,11.137765580696515,11.155167907646375,1469200
2020-07-23,11.207377433776855,11.285689985810071,11.155168789145293,11.233481341178509,1032100
2020-07-24,11.224780082702637,11.224780082702637,11.146468358260943,11.198676174555406,702700
2020-07-27,11.32919692993164,11.34659925807013,11.207377313649234,11.303092192981538,1721900
2020-07-28,11.268287658691406,11.303093147736597,11.233482169646216,11.276989238409783,907100
2020-07-29,11.32919692993164,11.355300837053496,11.294390613998171,11.311793771964906,815200
2020-07-30,11.198676109313965,11.242183175858072,11.01594709369134,11.189974530039489,1394600
2020-07-31,11.2595853805542,11.276988538911455,11.198675985960334,11.250884631203835,1297300
2020-08-03,11.372703552246094,11.407509039535874,11.285690248935781,11.311794156946046,1288100
2020-08-04,11.433613777160645,11.485821593180201,11.294390998175853,11.311794156734555,860800
2020-08-05,11.529328346252441,11.685953449708835,11.520626767209697,11.668550291623347,1278600
2020-08-06,11.616342544555664,11.651148031100734,11.572835478917261,11.642446452007402,1158700
2020-08-07,11.459716796875,11.538029344662244,11.390105827692608,11.538029344662244,1172900
2020-08-10,11.520626068115234,11.58153628789004,11.494522162399289,11.538029225144665,774900
2020-08-11,11.337896347045898,11.53802849100945,11.337896347045898,11.511923757126283,1284600
2020-08-12,11.459716796875,11.52062618745254,11.442313639665297,11.442313639665297,574400
2020-08-13,11.520626068115234,11.555431552345896,11.47711900536986,11.494522162399289,862100
2020-08-14,11.520626068115234,11.572834709375325,11.485820583884575,11.52932764662995,790300
2020-08-17,11.712057113647461,11.712057113647461,11.60764065678892,11.60764065678892,649700
2020-08-18,11.738161087036133,11.77296657285322,11.659848536490632,11.72075875904171,3484400
2020-08-19,11.70335578918457,11.77296676193675,11.685953460910651,11.73816127556066,824600
2020-08-20,11.685953140258789,11.703355468055204,11.546731198574552,11.590237432979704,1992400
2020-08-21,11.572834968566895,11.572834968566895,11.485820841127326,11.555431811147693,828300
2020-08-24,11.633744239807129,11.677251303077881,11.607640333775961,11.659848145838296,1174200
2020-08-25,11.729458808898926,11.738160387291531,11.685952576592276,11.738160387291531,798000
2020-08-26,11.755563735961914,11.772966063202993,11.703355094582273,11.729459000357993,816100
2020-08-27,11.712057113647461,11.790369663748425,11.633744563546497,11.781668084886489,687600
2020-08-28,11.790369987487793,11.807772315861264,11.738161342710862,11.764266080013456,893100
2020-08-31,11.781668663024902,11.833877308930221,11.75556475498638,11.833877308930221,1722200
2020-09-01,11.799072265625,11.88608557230398,11.78166910639222,11.825176174645863,1436500
2020-09-02,11.64244556427002,11.781667499834617,11.616341658808706,11.781667499834617,1417600
2020-09-03,11.538030624389648,11.581537692411233,11.424912579464852,11.572836112841255,970400
2020-09-04,11.433613777160645,11.546731818307382,11.390106710592164,11.503224751738902,2013400
2020-09-08,11.155168533325195,11.189974019005296,11.050752076284894,11.12906462652218,2071400
2020-09-09,11.2595853805542,11.303092446619074,11.146468170545095,11.189974406781705,1337600
2020-09-10,11.146467208862305,11.303091471423226,11.137765630434423,11.250883660512317,1267700
2020-09-11,11.224780082702637,11.259585570175037,11.172572266408174,11.189974595230236,863000
2020-09-14,11.233480453491211,11.259584358830093,11.181272642813445,11.207376548152329,948500
2020-09-15,11.294390678405762,11.329196994537718,11.216078956593611,11.250884442897316,1055700
2020-09-16,11.50322437286377,11.529328280013779,11.372703177457232,11.372703177457232,745900
2020-09-17,11.633744239807129,11.642445818426921,11.416209753281578,11.442313659312745,669800
2020-09-18,11.685953140258789,11.69465388924288,11.607640590604348,11.633744497213085,538700
2020-09-21,11.39880657196045,11.538028500134866,11.276986969893759,11.529326922166929,1056400
2020-09-22,11.346598625183105,11.451015077674668,11.28568923535341,11.416209593510814,518600
2020-09-23,11.216078758239746,11.35530070099246,11.207377179360643,11.311793636425179,1531100
2020-09-24,11.268287658691406,11.303093147736597,11.146468861947397,11.181274350992588,1222800
2020-09-25,11.268287658691406,11.303093147736597,11.224780589927839,11.242183749364592,622400
2020-09-28,11.364002227783203,11.390106134472628,11.26828652020826,11.303092005736904,799600
2020-09-29,11.233480453491211,11.320494577725071,11.163869486035399,11.294389842558,583300
2020-09-30,11.364002227783203,11.398807713311847,11.233481034679617,11.259584941369042,1374000
2020-10-01,11.224780082702637,11.294391057647436,11.120363620285435,11.294391057647436,2113900
2020-10-02,11.085556983947754,11.155167951678337,10.998543689198621,11.033349173063913,1360500
2020-10-05,11.372703552246094,11.39010671080512,11.285690248935781,11.285690248935781,1451400
2020-10-06,11.41620922088623,11.55543115299745,11.398806894286414,11.48582018694184,777200
2020-10-07,11.459716796875,11.477119124256493,11.381404249087756,11.451015218270149,715500
2020-10-08,11.572834968566895,11.598938874867477,11.511924747427908,11.564133389857293,1335200
2020-10-09,11.607640266418457,11.677251235316433,11.572834781969467,11.598938687849158,1132400
2020-10-12,11.485820770263672,11.598938803305922,11.459716864124141,11.598938803305922,984300
2020-10-13,11.511924743652344,11.52062632235909,11.451015352361555,11.503223994773817,1044500
2020-10-14,11.590237617492676,11.607640775394373,11.546731382394917,11.555432131517524,564600
2020-10-15,11.625042915344238,11.625042915344238,11.407508424062756,11.43361316049286,574200
2020-10-16,11.546731948852539,11.581537436535172,11.503224881792177,11.52932879009708,621800
2020-10-19,11.55543327331543,11.642447411765339,11.546732523333098,11.625044252144027,478900
2020-10-20,11.685953140258789,11.720758625679847,11.57283510518329,11.57283510518329,1144800
2020-10-21,11.590237617492676,11.720758812270676,11.564133710468372,11.659848589442978,558000
2020-10-22,11.625042915344238,11.677251558376215,11.572835102140491,11.598939008742365,575500
2020-10-23,11.538030624389648,11.642447089744469,11.503225135938042,11.625043930604514,1042500
2020-10-26,11.372703552246094,11.45971768538468,11.35530122351534,11.45971768538468,583000
2020-10-27,11.45101547241211,11.503224115371717,11.398807659280727,11.433613144644392,651300
2020-10-28,11.146467208862305,11.198675019773214,11.120362473578657,11.189973441345332,1743800
2020-10-29,11.007245063781738,11.042050549626437,10.85932154148471,10.894127857157649,1007700
2020-10-30,11.007245063781738,11.033349800536442,10.937634092092342,11.024648221618207,2362800
2020-11-02,11.207377433776855,11.216079012853491,10.989842935830476,10.989842935830476,5856300
2020-11-03,11.27698802947998,11.329196672364988,11.242182544166052,11.31179351479391,877000
2020-11-04,11.39880657196045,11.433612054004053,11.250883065818092,11.355299511948907,796000
2020-11-05,11.45101547241211,11.56413350730107,11.433613144644392,11.494522536573745,970700
2020-11-06,11.40750789642334,11.468418115448028,11.364001664041952,11.442313380225366,855300
2020-11-09,11.546731948852539,11.712057807887977,11.546731948852539,11.694654649132518,1278500
2020-11-10,11.772966384887695,11.7903695424325,11.642446022614555,11.67725150787594,2037200
2020-11-11,11.764266014099121,11.91218870884373,11.7468628559949,11.877383222463543,1591900
2020-11-12,11.668549537658691,11.833876209475228,11.659847959178201,11.807771474033757,1013500
2020-11-13,11.616342544555664,11.694654266910879,11.598939386369,11.66855035945914,785100
2020-11-16,11.720759391784668,11.799071946557858,11.703356233022499,11.78166878779569,1073600
2020-11-17,11.755563735961914,11.781667641737634,11.659848031737273,11.659848031737273,840300
2020-11-18,11.772966384887695,11.868682091727676,11.772966384887695,11.799071121204904,1260000
2020-11-19,11.772966384887695,11.7903695424325,11.69465383559252,11.729459320853907,632400
2020-11-20,11.833876609802246,11.842577358748876,11.781667966981336,11.799071124531048,879600
2020-11-23,11.868682861328125,11.91218909835476,11.842578123318209,11.886085190173123,1069100
2020-11-24,12.121023178100586,12.16452941629306,12.007905133177886,12.025307462489215,1376500
2020-11-25,12.225438117980957,12.268945180572986,12.147125571280945,12.208034961012867,2317000
2020-11-27,12.199335098266602,12.234140584902141,12.155828032515112,12.173230360918753,803400
2020-11-30,12.12972354888916,12.208036102914283,12.077515732757929,12.208036102914283,2898600
2020-12-01,12.094918251037598,12.173230806289778,12.025307275219722,12.164529226855471,7662200
2020-12-02,12.147126197814941,12.234140327487081,12.042709740105318,12.060112068142802,1188100
2020-12-03,12.16452693939209,12.190631672786177,12.068812073098167,12.12102071005821,1626700
2020-12-04,12.216736793518066,12.26894543567971,12.1732297300214,12.190632887351354,2366700
2020-12-07,12.216736793518066,12.303750920511398,12.129722666524735,12.155827402519664,3676900
2020-12-08,12.234139442443848,12.234139442443848,12.147125319066491,12.208034707533733,1360100
2020-12-09,12.242840766906738,12.303750988067797,12.16452821814839,12.286347830642288,1498800
2020-12-10,12.425570487976074,12.529986949071708,12.35595951391232,12.35595951391232,1009000
2020-12-11,12.390765190124512,12.408168348820293,12.321154214997946,12.37336286125701,1309500
2020-12-14,12.425570487976074,12.451675225621184,12.286348539848564,12.434272067191111,1335300
2020-12-15,12.521285057067871,12.529985805660662,12.451674089356393,12.451674089356393,1110200
2020-12-16,12.590896606445312,12.608298934263027,12.495180899049075,12.556091120981652,964300
2020-12-17,12.73882007598877,12.747520824948587,12.669209105340872,12.704014590664821,1279500
2020-12-18,12.782326698303223,12.825833763735952,12.74752121192269,12.764924370027083,1134900
2020-12-21,12.651805877685547,12.677909784076862,12.512583937160912,12.52998626481238,1503000
2020-12-22,12.51258373260498,12.599597029096271,12.503882154007389,12.564791544534113,1534200
2020-12-23,12.669209480285645,12.747521202210992,12.582195349486478,12.590896928532045,1786400
2020-12-24,12.704015731811523,12.704015731811523,12.625703175341103,12.64310550465214,1268000
2020-12-28,12.625702857971191,12.704015412473083,12.590897370395716,12.695313833122144,2050300
2020-12-29,12.660508155822754,12.686612063656112,12.617001089548314,12.643104997381672,1315000
2020-12-30,12.73882007598877,12.782326310272536,12.64310436897674,12.651805947764784,2086800
2020-12-31,12.791028022766113,12.791028022766113,12.67790998682379,12.704014723460798,3678300
2021-01-04,12.721416473388672,12.947652534994203,12.704014146249584,12.91284705088783,5740000
2021-01-05,13.078173637390137,13.121680702456723,12.956354850997586,12.956354850997586,2395800
2021-01-06,13.095577239990234,13.18259054324958,13.025966265451448,13.095577239990234,3370800
2021-01-07,13.156486511230469,13.191291998171756,13.130382603481571,13.147784932038082,2627200
2021-01-08,13.260903358459473,13.278306517351353,13.147785315147113,13.243501029395881,2920300
2021-01-11,13.165186882019043,13.208693944159299,13.07817275773853,13.121679819878786,2247800
2021-01-12,13.417527198791504,13.426228777413574,13.269603681529185,13.304409166189247,1635300
2021-01-13,13.382721900939941,13.426228964829384,13.330513258306965,13.391423479683475,1579700
2021-01-14,13.504542350769043,13.521944679506346,13.365319571729257,13.365319571729257,1371400
2021-01-15,13.3131103515625,13.426228380823424,13.2696032895655,13.391422897191463,1409600
2021-01-19,13.35661792755127,13.400124161394297,13.321812442579917,13.38272183382273,1516700
2021-01-20,13.36531925201416,13.417527896633718,13.339215344618507,13.400124738484447,1511900
2021-01-21,13.35661792755127,13.400124161394297,13.321812442579917,13.391423412522624,2822900
2021-01-22,13.130382537841797,13.252201326613188,13.11297937954402,13.139084116990684,2413700
2021-01-25,13.269604682922363,13.287007841479832,13.112979575218231,13.139084313054436,1596000
2021-01-26,13.295707702636719,13.347916344992765,13.269603796372804,13.313110860031474,704100
2021-01-27,13.260903358459473,13.35661907270824,13.165188474038995,13.278306517351353,1166200
2021-01-28,13.199994087219238,13.44363250521888,13.199994087219238,13.400125437404725,2234400
2021-01-29,13.217395782470703,13.365319308046638,13.191291874965614,13.347916979652666,3890600
2021-02-01,13.469735145568848,13.478436724277936,13.278305392938254,13.408825754261679,6799100
2021-02-02,13.574151992797852,13.600255898255316,13.521943352054729,13.574151992797852,2792800
2021-02-03,13.669867515563965,13.704673001103798,13.591554965642283,13.6002565444843,3059400
2021-02-04,13.739479064941406,13.739479064941406,13.55675005070912,13.669868090931798,3079800
2021-02-05,13.809088706970215,13.86999809589643,13.774283223322637,13.843894190617792,2757400
2021-02-08,14.026625633239746,14.026625633239746,13.913506761066015,13.922208340437576,2896800
2021-02-09,14.078832626342773,14.096235784067987,13.939610683854005,14.017923233960996,2420300
2021-02-10,14.052727699279785,14.096235593003097,14.017923043957579,14.096235593003097,2043300
2021-02-11,14.026625633239746,14.12233968701379,14.009222474496624,14.104936528270668,1515800
2021-02-12,14.200652122497559,14.218055281094594,14.035325435138816,14.044027014437333,2500100
2021-02-16,14.392083168029785,14.392083168029785,14.270262720721204,14.313770616065879,4066300
2021-02-17,14.435589790344238,14.444291369646226,14.27896468222156,14.322470919074947,2987500
2021-02-18,14.383381843566895,14.505200633375331,14.348575526675035,14.505200633375331,1672900
2021-02-19,14.374679565429688,14.531304664514684,14.339873250230152,14.452992114972186,1918000
2021-02-22,14.69662857055664,14.740136461263543,14.51390040855664,14.531303564839401,3947900
2021-02-23,14.766241073608398,14.79234581075077,14.566109734486389,14.661825444351917,3308200
2021-02-24,14.992475509643555,14.992475509643555,14.801045770512085,14.818448926703034,4457800
2021-02-25,14.870657920837402,14.975073546992562,14.870657920837402,14.931567312703988,3457100
2021-02-26,14.557408332824707,14.774942832692345,14.548706753671219,14.757539674385367,5138100
2021-03-01,14.435589790344238,14.653124293924282,14.365978815584887,14.61831797671633,6419900
2021-03-02,14.496499061584473,14.65312416836507,14.461694404331306,14.5052006408119,4257900
2021-03-03,14.583513259887695,14.653124234364101,14.496499126878051,14.557408522087838,4502700
2021-03-04,14.809747695922852,14.931566472803718,14.5748100608043,14.627017870945192,4591800
2021-03-05,15.114296913146973,15.122996832144363,14.948970238037262,15.018581207611389,5416000
2021-03-08,14.905462265014648,15.027282705859873,14.905462265014648,15.018581127252613,4591600
2021-03-09,14.905462265014648,15.009879548645353,14.879359188849286,14.983774812823572,2144700
2021-03-10,15.001178741455078,15.009880320509806,14.861956795892436,14.940269347728485,1408000
2021-03-11,15.227415084838867,15.227415084838867,15.044686900455936,15.08819313683572,3588700
2021-03-12,15.157803535461426,15.210011349066713,15.105595721856139,15.140400377707506,1264900
2021-03-15,15.105596542358398,15.140401200100278,15.00117924981964,15.079491804309567,2926800
2021-03-16,15.044685363769531,15.096893174023995,14.957671240241181,15.027282207132588,1620800
2021-03-17,15.044685363769531,15.06208686075011,14.922864926967296,15.018580628814117,2061200
2021-03-18,14.331171989440918,14.86195669041682,14.226756360838229,14.835851953437901,5431200
2021-03-19,14.64442253112793,14.670527268706802,14.322470739614634,14.42688803027359,2894400
2021-03-22,14.618318557739258,14.70533269456107,14.592215478452347,14.661826455978472,2651300
2021-03-23,14.20935344696045,14.496498920035572,14.191950288675526,14.339873814784319,4158000
2021-03-24,14.583513259887695,14.644422655097483,14.426888152401645,14.426888152401645,1831500
2021-03-25,14.252859115600586,14.418185793412537,14.174548225749088,14.392082716680855,2188400
2021-03-26,14.592214584350586,14.62701924115277,14.513902031975025,14.531305190204375,2163600
2021-03-29,14.609617233276367,14.609617233276367,14.409484239928675,14.513901526008187,1683700
2021-03-30,14.374679565429688,14.487796770515265,14.35727640782992,14.435588957372419,2385700
2021-03-31,14.45299243927002,14.618317461208024,14.357276729980075,14.357276729980075,3731200
2021-04-01,14.69662857055664,14.740136461263543,14.435587864940546,14.635719183223307,4793200
2021-04-05,14.479094505310059,14.644421175357355,14.331170992037505,14.600914943076877,1756700
2021-04-06,14.531305313110352,14.731436655471047,14.522603733922079,14.644422523244845,1831300
2021-04-07,14.574810028076172,14.592213184636176,14.418184938348842,14.531303796332516,2050700
2021-04-08,14.65312385559082,14.65312385559082,14.513901910236802,14.58351288291381,1903100
2021-04-09,14.600915908813477,14.644422143971553,14.57481117192474,14.60961748777639,1550300
2021-04-12,14.609617233276367,14.70533128088809,14.566109339219713,14.679228204110556,1461500
2021-04-13,14.766241073608398,14.766241073608398,14.687928521837785,14.696630100885242,1825100
2021-04-14,15.105596542358398,15.157804358799497,14.89676361693744,14.905463536630489,3684800
2021-04-15,15.201309204101562,15.218712361207398,15.088192002226448,15.157802970993382,1568800
2021-04-16,15.175206184387207,15.23611557482715,15.15780302721682,15.21871241765676,1226900
2021-04-19,15.192608833312988,15.27092138685844,15.175207334480199,15.21001199180232,1981600
2021-04-20,15.166505813598633,15.305727762735954,15.044687023017616,15.27092144562335,2692100
2021-04-21,15.105596542358398,15.218713754590206,14.983776091120419,15.00117924981964,1869800
2021-04-22,15.227415084838867,15.253519822460657,15.105596295250246,15.183908848459083,1663700
2021-04-23,15.349234580993652,15.349234580993652,15.192609467366108,15.210012626581749,5932200
2021-04-26,15.45365047454834,15.471053632185022,15.27092063867609,15.288323796312774,2750200
2021-04-27,15.5841703414917,15.601573498574469,15.45364998268375,15.5319625298998,2426600
2021-04-28,15.610275268554688,15.723392471667097,15.540664299026336,15.566767375314202,5241800
2021-04-29,15.714691162109375,15.793003711626808,15.601573957060003,15.793003711626808,3353900
2021-04-30,15.5841703414917,15.601573498574469,15.462351561225134,15.514559372817033,4693900
2021-05-03,15.758200645446777,15.8017068841638,15.6972912473803,15.732095906422591,6074800
2021-05-04,16.0018367767334,16.010538355613665,15.871316412842315,15.949628963108259,3464200
2021-05-05,16.062746047973633,16.14105859764836,16.010538234742636,16.08885078441736,6495800
2021-05-06,16.14105796813965,16.16716270356528,16.03664234574991,16.132358049320832,4525900
2021-05-07,16.297683715820312,16.297683715820312,16.10625396064793,16.167163352763847,6180400
2021-05-10,16.184566497802734,16.41080256809735,16.11495552691643,16.4021009892795,3358800
2021-05-11,16.358592987060547,16.393399302101862,16.141058497021675,16.141058497021675,7764600
2021-05-12,16.341190338134766,16.506515343966292,16.315085603692577,16.36729341292062,8831300
2021-05-13,15.88871955871582,16.114955630464127,15.819108587382223,16.036643080256773,5844100
2021-05-14,16.01923942565918,16.12365670924922,15.98443477090011,16.088850394833734,4489200
2021-05-17,16.219369888305664,16.219369888305664,16.097551113670615,16.114954269948857,5056200
2021-05-18,16.14105796813965,16.29768306138065,15.993134453373857,16.24547525018578,3729300
2021-05-19,15.810407638549805,15.888720191877898,15.627677794232074,15.862615454216355,5161000
2021-05-20,15.645079612731934,15.836511019874813,15.610274958487299,15.784301549023267,2828400
2021-05-21,15.79300308227539,15.819107817626412,15.732093692779396,15.801704660725731,3046300
2021-05-24,16.010536193847656,16.027939349258393,15.819106463298288,15.845209536758148,2823500
2021-05-25,15.958329200744629,16.036641744428668,15.92352288814891,16.001835431832948,1694600
2021-05-26,15.984434127807617,16.027940359420196,15.827809038552171,15.923523080031115,1948600
2021-05-27,16.236774444580078,16.236774444580078,16.045344687982585,16.06274618610492,1361800
2021-05-28,16.184566497802734,16.26287904750689,16.13235868455212,16.245475889871194,2356100
2021-06-01,16.47171401977539,16.62833913876797,16.358595140655563,16.497817099836375,5825900
2021-06-02,16.558727264404297,16.56742884383998,16.454309970832682,16.541324105532933,4525400
2021-06-03,16.419504165649414,16.54132294992533,16.332490037028137,16.54132294992533,3802100
2021-06-04,16.602231979370117,16.654439791539765,16.53262100992511,16.593530400732437,2921400
2021-06-07,16.62833595275879,16.697946919011653,16.602231218042835,16.689245340773,2377800
2021-06-08,16.793663024902344,16.793663024902344,16.576128521161866,16.619636417703894,2150600
2021-06-09,16.715351104736328,16.811066821102386,16.66314328656239,16.78496374184373,2003400
2021-06-10,16.776262283325195,16.828470101876054,16.567429349465126,16.81106694247356,2445900
2021-06-11,16.724050521850586,16.732752100363843,16.63703805603082,16.71534894333733,1722800
2021-06-14,16.62833595275879,16.689245340773,16.56742656474458,16.58482806156553,3407400
2021-06-15,16.558727264404297,16.59353192249045,16.497816208354518,16.550025684968613,2385600
2021-06-16,16.463010787963867,16.66314212674794,16.436906050865577,16.51521860250395,4255900
2021-06-17,16.03664207458496,16.402100066082273,15.967031107616728,16.36729375276997,7251100
2021-06-18,16.201969146728516,16.271580115429174,16.097551863849322,16.106253442393957,4187000
2021-06-21,16.402101516723633,16.445607752555436,16.141059122763266,16.158462280958595,3340200
2021-06-22,16.428205490112305,16.497816467032656,16.39340083148043,16.428205490112305,3515400
2021-06-23,16.532621383666992,16.6718433257043,16.532621383666992,16.593530775851256,2234300
2021-06-24,16.593530654907227,16.593530654907227,16.419504058457235,16.454308713884654,2091300
2021-06-25,16.52391815185547,16.637037005730182,16.332488415618037,16.628335427766256,4566600
2021-06-28,16.515216827392578,16.558724717880025,16.480412174658944,16.53261998358756,3188400
2021-06-29,16.593530654907227,16.66314162541851,16.52391968439594,16.58482907613626,1575100
2021-06-30,16.750154495239258,16.828467038638856,16.489113790344813,16.56742633374441,2906700
2021-07-01,16.811065673828125,17.04600332906239,16.784962596350876,17.037301750017807,4725900
2021-07-02,16.96769142150879,16.976393000883736,16.758858495479775,16.854574208947618,1730200
2021-07-06,16.506515502929688,16.90677980328292,16.393398305236847,16.845870415320903,3977200
2021-07-07,16.306386947631836,16.57612927991331,16.193269730757873,16.52392146132968,3163300
2021-07-08,16.445608139038086,16.45430971834024,16.228073635453836,16.29768461021453,4342400
2021-07-09,16.637039184570312,16.66314226222433,16.5326218949847,16.5326218949847,2181600
2021-07-12,16.66314125061035,16.66314125061035,16.4717115009243,16.523919312719332,2063700
2021-07-13,16.802364349365234,16.854573824423795,16.64573924350261,16.689247139384744,2406200
2021-07-14,16.637039184570312,16.88937833994606,16.541323474088212,16.854573683188534,1751100
2021-07-15,16.55002212524414,16.680542469392762,16.54132054768007,16.558723702808212,2706400
2021-07-16,16.55002212524414,16.68924404695683,16.480411164387796,16.67184089182869,2345400
2021-07-19,15.88871955871582,16.31508696559116,15.819108587382223,16.31508696559116,4636800
2021-07-20,16.1236572265625,16.132358805445552,15.827810183164548,15.940927389331307,6219100
2021-07-21,16.445608139038086,16.489116035548868,16.228073635453836,16.288983030912377,2844600
2021-07-22,16.576128005981445,16.628337480209225,16.39339982515372,16.480413955876852,2426000
2021-07-23,16.66314125061035,16.671842829185593,16.57612712451436,16.61963501739056,2245300
2021-07-26,16.784961700439453,16.784961700439453,16.619635026729807,16.62833660530994,1425900
2021-07-27,16.689245223999023,16.84587031188615,16.628335836410994,16.79366084281955,2214200
2021-07-28,16.767559051513672,16.82846844376437,16.732752736138153,16.758857472669792,1190700
2021-07-29,17.063405990600586,17.063405990600586,16.88937773408619,16.915482470460283,1740300
2021-07-30,16.96769142150879,17.037302396851793,16.92418518429062,17.002497739008575,4256400
2021-08-02,16.784961700439453,17.002496185973467,16.663141259974044,16.932883557332424,4450600
2021-08-03,16.706649780273438,16.706649780273438,16.506516784727513,16.558726258168956,2634300
2021-08-04,16.436906814575195,16.6022335045663,16.41950531535764,16.50651779041515,2168900
2021-08-05,16.680545806884766,16.680545806884766,16.50651754009571,16.50651754009571,2162400
2021-08-06,16.541322708129883,16.74145403927385,16.523919550728728,16.71534930317212,1488200
2021-08-09,16.306386947631836,16.332491686751965,16.175866571344454,16.306386947631836,2152000
2021-08-10,16.602231979370117,16.645738212902085,16.402100649672775,16.410802228310455,2366600
2021-08-11,16.750154495239258,16.750154495239258,16.44560589975819,16.49781370880581,1448800
2021-08-12,16.689245223999023,16.750154611587053,16.55002329246743,16.654438911287954,2008900
2021-08-13,16.593530654907227,16.76755891101367,16.593530654907227,16.715349438387864,1434400
2021-08-16,16.55002212524414,16.584826775844203,16.349890820239178,16.454306431695585,1929200
2021-08-17,16.36729621887207,16.55002607198128,16.341193139611192,16.44560877596793,2169600
2021-08-18,16.175865173339844,16.436905903354077,16.167163594385173,16.41950440510122,3905400
2021-08-19,15.949627876281738,15.967031032856404,15.775599629847804,15.906121644501434,5361400
2021-08-20,15.575469970703125,15.819109209784934,15.566768391487004,15.749498235712494,3023100
2021-08-23,16.14105796813965,16.14105796813965,15.98443453455504,15.98443453455504,4885800
2021-08-24,16.48041534423828,16.497816844123665,16.262880828932918,16.2802823288183,4642200
2021-08-25,16.62833595275879,16.663140606057045,16.45430770729846,16.51521709531267,2171600
2021-08-26,16.497814178466797,16.60223145919093,16.419503292494163,16.51521733519688,1958000
2021-08-27,16.706649780273438,16.71534969952387,16.593530914140114,16.593530914140114,2471300
2021-08-30,16.767559051513672,16.78496220920143,16.6370386881684,16.732752736138153,2648900
2021-08-31,16.689245223999023,16.75885618976482,16.628335836410994,16.680543645821256,2700500
2021-09-01,16.610931396484375,16.680542356871147,16.49781254857074,16.541320436097603,7318700
2021-09-02,16.802364349365234,16.932884717698578,16.802364349365234,16.828469086894515,1881600
2021-09-03,16.819766998291016,16.924184285589078,16.81106541937814,16.85457331394253,3186600
2021-09-07,16.62833595275879,16.758856307025862,16.61963437452014,16.689245340773,3736200
2021-09-08,16.750154495239258,16.863271691451832,16.70664826430896,16.845870194873505,3000900
2021-09-09,16.62833595275879,16.828467273278722,16.56742656474458,16.63703753099744,1693000
2021-09-10,16.845870971679688,16.906780361653322,16.811064657605378,16.871974047579016,2815100
2021-09-13,16.97639274597168,17.002497483704538,16.88937861318536,16.967691166727395,1456200
2021-09-14,16.96769142150879,17.04600397622674,16.898080446165785,17.028600817476846,1092200
2021-09-15,17.246135711669922,17.341851427295538,17.20262947347097,17.220032632613194,2364100
2021-09-16,17.124317169189453,17.159121828329887,16.993796793013733,17.141720328587983,1259400
2021-09-17,16.98509407043457,17.072108201915654,16.95028775397953,17.072108201915654,1424600
2021-09-20,16.784961700439453,16.85457266942408,16.654439681393914,16.79366161936317,3369700
2021-09-21,16.802364349365234,16.811065928541662,16.602233007277007,16.776261271492483,1375600
2021-09-22,16.99379539489746,17.072107946091275,16.889378106753544,16.985093815914095,1149600
2021-09-23,17.25483512878418,17.263536707264766,17.04600222421925,17.054703802699837,1654100
2021-09-24,17.333148956298828,17.3679536131367,17.176523851387106,17.202628588757896,2758100
2021-09-27,17.568084716796875,17.611590948060872,17.52457682587654,17.52457682587654,3089100
2021-09-28,17.428863525390625,17.716008979034907,17.411460368283358,17.69860582192764,2147400
2021-09-29,17.446264266967773,17.550681545431008,17.385354879387695,17.428862770270847,2426900
2021-09-30,17.559385299682617,17.672502510684378,17.289642981404157,17.341850797277544,4267200
2021-10-01,17.794321060180664,17.80302097884997,17.55068184603107,17.620292812980043,8733700
2021-10-04,18.08146858215332,18.177182635411427,17.95094655194003,17.95094655194003,3955800
2021-10-05,18.307703018188477,18.333806094156976,18.177180999720335,18.194584156803607,2653400
2021-10-06,18.003156661987305,18.10757229824775,17.933545684594804,18.10757229824775,3903400
2021-10-07,18.22939109802246,18.22939109802246,17.890036161851178,18.011856605968045,4295600
2021-10-08,18.290302276611328,18.394717913587787,18.22939287843229,18.316405356027133,2336300
2021-10-11,18.412120819091797,18.533939613770162,18.412120819091797,18.473030216430978,4404100
2021-10-12,18.412120819091797,18.542641193340987,18.368614580894267,18.473030216430978,4446800
2021-10-13,18.516536712646484,18.52523829155863,18.32510529589221,18.403417846445056,4128200
2021-10-14,18.70796775817871,18.725370917201577,18.560044225797547,18.69056459915585,3869900
2021-10-15,18.864591598510742,18.925500991328605,18.81238378461779,18.881994756360555,2904700
2021-10-18,18.7514705657959,19.003811346495926,18.7514705657959,18.960305116554128,6736000
2021-10-19,18.794979095458984,18.855888483314292,18.638354006884573,18.70796497295583,4928600
2021-10-20,19.003812789916992,19.01251436849753,18.69056259964324,18.716667335384855,3467000
2021-10-21,18.7166690826416,18.82978629543561,18.533939234704732,18.786280058127893,3270900
2021-10-22,18.803682327270508,18.855890141501018,18.62965406696015,18.803682327270508,2690800
2021-10-25,18.899396896362305,18.995112608130214,18.88199539757803,18.942904792464326,1764100
2021-10-26,18.925500869750977,18.977708683308546,18.847188319586387,18.899396133143956,1605300
2021-10-27,18.57744598388672,18.83848671091812,18.57744598388672,18.725369505112905,4256900
2021-10-28,18.673158645629883,18.681860223839095,18.481728903996274,18.60354767961254,4941600
2021-10-29,18.57744598388672,18.655758533927433,18.438224041515777,18.57744598388672,2848900
2021-11-01,18.7166690826416,18.760175319949322,18.66446126594103,18.7166690826416,3896300
2021-11-02,18.768875122070312,18.81238301491473,18.629653184281008,18.655757919987657,3542900
2021-11-03,18.290302276611328,18.551343028709102,18.27289911722971,18.473030471148444,3420100
2021-11-04,18.177181243896484,18.690562767154496,18.09886869562618,18.673159609837445,4825300
2021-11-05,18.429521560668945,18.473027793159375,18.15107768955487,18.255493311394456,6198600
2021-11-08,18.542640686035156,18.551342265367918,18.420821894689617,18.43822505335514,1272300
2021-11-09,18.690563201904297,18.690563201904297,18.43822405356326,18.533938101720533,2392600
2021-11-10,18.455625534057617,18.734071078372803,18.39471614174558,18.664460107208125,3514600
2021-11-11,18.58614730834961,18.690562933870424,18.507834759380774,18.58614730834961,1683700
2021-11-12,18.560043334960938,18.62965430805465,18.499133940961006,18.499133940961006,4009100
2021-11-15,18.568744659423828,18.577446238398284,18.38601482027327,18.42952271514554,2165300
2021-11-16,18.542640686035156,18.62965481970621,18.481731290362386,18.551342265367918,1567400
2021-11-17,18.3773136138916,18.59484809404836,18.307702646627696,18.525237126784454,2240100
2021-11-18,18.438222885131836,18.464325960404,18.316402448455083,18.429521306822327,1305500
2021-11-19,18.142377853393555,18.342509197518975,18.11627311559855,18.316404459723966,2124100
2021-11-22,18.272897720336914,18.351210271910876,18.168480431686127,18.168480431686127,3914700
2021-11-23,18.60354995727539,18.612251536549948,18.368613955488474,18.368613955488474,1886500
2021-11-24,18.533939361572266,18.63835665534474,18.516537862324004,18.56874567938195,3841000
2021-11-26,17.428863525390625,17.924841885352894,17.24613369507713,17.924841885352894,7161900
2021-11-29,17.428863525390625,17.837827759472965,17.350550978064327,17.811723023812064,4303700
2021-11-30,16.950288772583008,17.23743426196662,16.715351101362796,17.150420125256545,12056800
2021-12-01,16.802364349365234,17.22873177107097,16.750156533963203,17.185225534845365,10483200
2021-12-02,16.950288772583008,17.072109227839757,16.706651181382743,16.776262158819478,6338000
2021-12-03,16.96769142150879,17.25483690225575,16.880677287415892,17.20262908566264,3766900
2021-12-06,17.26353645324707,17.30704268535346,16.967689427885784,17.00249574129599,3801500
2021-12-07,17.524578094482422,17.61159222296571,17.40275931039969,17.43756562565559,2440200
2021-12-08,17.7595157623291,17.7595157623291,17.58548750517792,17.594189084001123,2916900
2021-12-09,17.48977279663086,17.66379938755045,17.48977279663086,17.628994733229092,3384400
2021-12-10,17.689903259277344,17.698604837346906,17.576786063685677,17.585485982098923,2684600
2021-12-13,17.60289192199707,17.73341229436863,17.568087263871057,17.68990605679697,4733600
2021-12-14,17.446264266967773,17.50717531420419,17.359251804514138,17.446264266967773,3595500
2021-12-15,17.533281326293945,17.533281326293945,17.28964373515889,17.402760951092077,2233000
2021-12-16,17.637697219848633,17.750814426787695,17.559384669022943,17.60289090407878,3215400
2021-12-17,17.428863525390625,17.568085462935947,17.42016194683699,17.55068230582868,3608500
2021-12-20,17.307044982910156,17.32444814192558,17.037302656797507,17.22003250714624,3943100
2021-12-21,17.672500610351562,17.672500610351562,17.463667709657383,17.498474022934595,2507200
2021-12-22,17.881336212158203,17.89873937142569,17.707309598453186,17.7334126776978,2203800
2021-12-23,17.97705078125,18.011857097563773,17.82912725622948,17.88133507104363,2437900
2021-12-27,18.203285217285156,18.25549302739275,17.942244507090834,17.97704916061044,2160500
2021-12-28,18.168479919433594,18.272897205140378,18.159780000309777,18.255494047579838,2404800
2021-12-29,18.2554931640625,18.35120886635663,18.116271229629064,18.14237596470647,3236600
2021-12-30,18.168479919433594,18.325105018165544,18.151078421529505,18.24679246879957,1705900
2021-12-31,18.08146858215332,18.22069053203471,18.02925910620538,18.185884214736085,3864400
2022-01-03,18.151079177856445,18.185883834771328,17.994454072598174,18.029258729513057,5301200
2022-01-04,18.36861228942871,18.394715365228254,18.25549342877603,18.272896585746658,2987400
2022-01-05,18.290302276611328,18.499135210220874,18.290302276611328,18.446927391732643,7094300
2022-01-06,18.44692611694336,18.49043235273425,18.35991198570507,18.44692611694336,4148100
2022-01-07,18.48172950744629,18.49043108593962,18.377313884839154,18.446924853129378,2781600
2022-01-10,18.40341567993164,18.473026643377494,18.30770164247877,18.45562348760196,3425400
2022-01-11,18.760173797607422,18.777576954980916,18.429522105793254,18.525237811691024,3553900
2022-01-12,18.908096313476562,18.934201048152747,18.80368069408452,18.85588850378054,3003600
2022-01-13,18.70796775817871,18.890695948949013,18.69926617866728,18.890695948949013,2371900
2022-01-14,18.95160675048828,18.960308329882615,18.794981640703462,18.821084719229887,1703400
2022-01-18,19.099529266357422,19.14303550136156,19.00381355776054,19.02121671562479,4818300
2022-01-19,19.20394515991211,19.325763947334217,19.17784208241109,19.238751476122143,3655200
2022-01-20,19.134334564208984,19.38667538273483,19.134334564208984,19.2474534344642,4042200
2022-01-21,19.151737213134766,19.247452922395553,19.064723082866454,19.195243448440674,4165300
2022-01-24,19.108230590820312,19.116932170392335,18.82108510356995,19.021218114413283,5620600
2022-01-25,19.282258987426758,19.299662146683154,19.05602289606346,19.090829214576253,5789900
2022-01-26,19.325761795043945,19.5171931935666,19.308360298533422,19.430179072388697,8802300
2022-01-27,19.421478271484375,19.517193974575907,19.29965949275434,19.49108923928102,3957400
2022-01-28,19.43888282775879,19.57810477337471,19.35186869683471,19.552000036200536,4511200
2022-01-31,19.50849151611328,19.534596250230578,19.325761696604815,19.51719309415238,3132000
2022-02-01,19.58680534362793,19.604208500847708,19.412777090742978,19.447583405182538,6246100
2022-02-02,19.665119171142578,19.682522329494844,19.534598802813633,19.682522329494844,6241600
2022-02-03,19.70862579345703,19.752133690190014,19.447585051685373,19.473688130068602,3387700
2022-02-04,19.865249633789062,19.943562183250837,19.81304182070003,19.830444978281857,5460400
2022-02-07,19.908756256103516,19.91745783506402,19.80434062789042,19.847846863036462,3394100
2022-02-08,19.734729766845703,19.786937581245855,19.630312478388905,19.76083284421753,3238600
2022-02-09,19.934860229492188,19.943561808119426,19.76953355488746,19.76953355488746,4822700
2022-02-10,19.830446243286133,20.126291642767228,19.795639925902144,19.926160296778978,4868300
2022-02-11,20.126291275024414,20.195902248863913,19.86525053804042,19.88265369641443,6965000
2022-02-14,20.2307071685791,20.32642287336996,19.978366368550994,20.013172682895455,5164900
2022-02-15,19.900053024291992,19.934857674684043,19.752129525899303,19.934857674684043,4104400
2022-02-16,19.926158905029297,20.21330436476518,19.917457326291064,20.06538084552812,3950600
2022-02-17,20.09148597717285,20.11759071390133,19.93486087611495,19.978367111005934,3057600
2022-02-18,20.169797897338867,20.24811044542033,19.952263410369564,20.004471222538395,3306300
2022-02-22,20.45694351196289,20.622270188041973,20.37863096327577,20.578762294517773,4654800
2022-02-23,20.648372650146484,20.752789931841384,20.50915071432421,20.535255449662035,4004400
2022-02-24,20.73538589477539,21.518509665447798,20.543956156059657,21.518509665447798,13349400
2022-02-25,20.422136306762695,20.517852008686404,20.21330340592072,20.439539463413617,8694300
2022-02-28,20.770193099975586,20.874608722070615,20.66577581822417,20.787594597220497,10291900
2022-03-01,21.60552406311035,21.64033037586218,21.266170812061688,21.300975465157183,11819800
2022-03-02,22.31033706665039,22.44085909015018,21.77085245352295,22.031893181209586,11672700
2022-03-03,22.55397605895996,22.893329333313712,22.284233755234066,22.37124622377655,15822800
2022-03-04,23.50242805480957,23.65035158418956,22.928137095959382,23.171774678710033,17301000
2022-03-07,24.01580810546875,24.17243320431946,23.554634387703484,23.711259486554194,18127300
2022-03-08,24.424772262573242,24.720619301635754,23.62424527328464,24.43347384132878,19913800
2022-03-09,22.484365463256836,23.371906598304033,21.57942117034836,23.27619088972351,16680700
2022-03-10,22.214622497558594,22.936836930861656,22.066698979428743,22.88462745882305,8655500
2022-03-11,22.597484588623047,22.736706544020556,22.28423601880696,22.388651655526782,7746400
2022-03-14,21.936176300048828,22.21462183025455,21.77955286760711,22.07539989497988,8335900
2022-03-15,21.396692276000977,21.666434575201237,21.179157788981573,21.34448446382012,12507400
2022-03-16,21.21396255493164,21.796955049581676,21.11824850870844,21.69253942467338,8001000
2022-03-17,22.232023239135742,22.327738941628123,21.970982526446452,21.98838568320077,6045000
2022-03-18,22.336442947387695,22.362547685356073,22.110206863964773,22.223325735504513,3562600
2022-03-21,23.171775817871094,23.189178977396438,22.815019345884735,22.84112408517275,4170600
2022-03-22,23.119565963745117,23.24138475038559,22.902031467797713,23.15437227973182,4452500
2022-03-23,23.693857192993164,23.833079139346964,23.56333682574354,23.59814314216025,3406900
2022-03-24,23.45891761779785,23.728661568999485,23.380606731577156,23.711258412214274,4595200
2022-03-25,23.632946014404297,23.780869528692616,23.302294331695553,23.38930679685401,4694700
2022-03-28,22.606185913085938,23.1891784671027,22.545276515744227,23.041254933705712,5249700
2022-03-29,22.69319725036621,22.701898828864223,22.023190642926764,22.1102047682505,5106800
2022-03-30,23.102161407470703,23.23268342486437,22.98904420667344,23.08475991018709,3669100
2022-03-31,22.675792694091797,23.145667946051056,22.58877857413753,22.962938128181467,4881900
2022-04-01,22.823719024658203,22.919434734418786,22.67579550032662,22.710601816478285,5282100
2022-04-04,23.258787155151367,23.354502861358583,23.058655823678496,23.284891891296,4628700
2022-04-05,23.067358016967773,23.572037978281596,23.015150202943992,23.467620690577554,6250400
2022-04-06,22.884628295898438,23.476322390060872,22.728004853022934,23.371906761477202,3825000
2022-04-07,22.962940216064453,22.98904495232117,22.57137913015239,22.91073240320747,3891900
2022-04-08,23.250085830688477,23.284892145928616,22.910732555379433,22.954238789773147,6044100
2022-04-11,23.058656692504883,23.13696924423308,22.867226932534013,23.00644887790492,3558800
2022-04-12,23.74606704711914,23.78087170443557,23.49372622803474,23.53723246459441,4192300
2022-04-13,24.268146514892578,24.27684809341527,23.719960345214215,23.954897986357686,6133800
2022-04-14,24.450876235961914,24.56399343694171,24.050611923977808,24.146327627645913,5547100
2022-04-18,24.72932243347168,25.016467911812306,24.616205221858454,24.71191927486763,7531200
2022-04-19,24.0941219329834,24.250747040142397,23.954899984321298,24.250747040142397,5921200
2022-04-20,24.120222091674805,24.198534635775722,23.806973574927465,24.17243156084631,4145300
2022-04-21,24.085418701171875,24.276848452533635,23.902688868805097,24.146328092075326,4061200
2022-04-22,23.62424659729004,23.954899969905956,23.615545018046827,23.86788583713037,4307600
2022-04-25,23.450218200683594,23.48502285534214,22.849822556001822,22.94553826071155,6128600
2022-04-26,23.77216911315918,23.876586399976272,23.33710012745815,23.589440935799853,5365400
2022-04-27,23.9374942779541,24.015806823198133,23.59814102166754,23.641647253622505,3375100
2022-04-28,24.13762664794922,24.17243296274885,23.780870219535206,23.885287504277656,4675300
2022-04-29,23.954898834228516,24.416070894659303,23.91139094007512,24.285550531512033,4323400
2022-05-02,24.320356369018555,24.32905628802185,23.572037200846776,23.71996071874919,5788200
2022-05-03,23.981000900268555,24.311654243271544,23.876585278014428,24.12892441484223,2453000
2022-05-04,24.72932243347168,24.772828670325257,24.294253426309727,24.485683191984627,5276000
2022-05-05,24.598800659179688,24.955557091916667,24.407369244774948,24.929452355500622,4150300
2022-05-06,24.624902725219727,24.738021585389873,24.355160431951237,24.624902725219727,6719000
2022-05-09,23.511127471923828,24.18983400106175,23.458918000715986,24.14632776804495,9241900
2022-05-10,23.371906280517578,23.789572105570286,23.34580154408061,23.659051742698374,4717900
2022-05-11,23.946197509765625,24.111522530335314,23.91139119407318,23.92009277299629,4105400
2022-05-12,24.05931282043457,24.085417555146694,23.68515325450918,23.79827211193871,4377500
2022-05-13,24.389965057373047,24.424769709100122,24.102819627085523,24.24204155330637,3611100
2022-05-16,24.790231704711914,24.82503802174561,24.407370515623978,24.45957999117452,7230300
2022-05-17,24.520488739013672,24.903349917994504,24.51178715998496,24.790231050277747,4522600
2022-05-18,23.989704132080078,24.677113941197025,23.920093159227672,24.590099810217392,3436700
2022-05-19,24.294252395629883,24.389968104234885,23.806975592984973,23.815677171917834,3482800
2022-05-20,24.32905387878418,24.468277463896378,24.155027301792394,24.337755456582208,2389600
2022-05-23,24.51178741455078,24.563995229608754,24.25944659906696,24.398670205315753,2386600
2022-05-24,24.494382858276367,24.598800142089132,24.363862498252725,24.494382858276367,2591300
2022-05-25,24.668413162231445,24.668413162231445,24.372566103099057,24.503086473973568,2312600
2022-05-26,24.938154220581055,25.033869928882183,24.581397783748724,24.63360559752367,3468200
2022-05-27,25.2340030670166,25.25140622607006,24.859843445650267,24.90335134328391,2431600
2022-05-31,25.059972763061523,25.695174739735663,24.868543007971066,25.616862190004007,3508300
2022-06-01,25.181793212890625,25.390626125672583,25.146986897598733,25.286208839453373,3099400
2022-06-02,25.756084442138672,25.76478602106441,25.286209138087614,25.42543108158649,3133500
2022-06-03,25.999719619750977,25.999719619750977,25.57335224958243,25.642963214923082,2228600
2022-06-06,26.11284065246582,26.182451623609204,25.921410896735633,26.025826523622474,3154800
2022-06-07,26.286867141723633,26.29556872053761,25.97361860270283,26.025826415930222,3388300
2022-06-08,26.521806716918945,26.62622401061365,26.304272209740166,26.33037694807799,5112500
2022-06-09,26.565311431884766,26.66102547501135,26.330373793957335,26.330373793957335,3821700
2022-06-10,26.304271697998047,26.443493647111413,26.06933403649803,26.408688989661346,3215800
2022-06-13,26.008424758911133,26.269467159422373,25.564654171732922,26.09543889241488,6268600
2022-06-14,25.72127914428711,26.182452887662155,25.538550958585038,26.06933401680764,5818200
2022-06-15,25.73868179321289,26.034528843911836,25.660369240989255,25.75608495140848,5532800
2022-06-16,25.85179901123047,25.982321038086607,25.512445724580143,25.71257706493,4229000
2022-06-17,24.929452896118164,25.616862699739634,24.711918400236407,25.582056383763437,6746300
2022-06-21,24.868545532226562,25.277509820381667,24.78153139484173,25.086080045860335,4766800
2022-06-22,24.424772262573242,24.659709910003432,24.041911095611795,24.10282214690056,8211800
2022-06-23,23.876585006713867,24.51178529045419,23.867883428348833,24.450875901555303,8788400
2022-06-24,24.10282325744629,24.242045204636707,23.841780861721865,24.007107546381683,3507100
2022-06-27,24.050613403320312,24.215940085373553,23.815677408425866,24.024510325918985,6080400
2022-06-28,24.337759017944336,24.372565334229684,24.04191196814489,24.111522941059082,2065800
2022-06-29,23.92009162902832,24.57269508014292,23.91139005052136,24.47697937622273,1902000
2022-06-30,23.18047523498535,23.728663091293413,23.128267420936744,23.69385677549002,5156300
2022-07-01,23.293594360351562,23.54593351410231,23.1456708358575,23.493725699473963,7726200
2022-07-05,21.72734260559082,22.68449462047658,21.605523831577543,22.68449462047658,10118900
2022-07-06,21.4053955078125,21.744748802681496,21.170457845369402,21.65773466922221,8203400
2022-07-07,22.29293441772461,22.475662585740984,21.988385811374265,21.997087389802147,4708300
2022-07-08,22.68449592590332,22.719302240285156,22.266830111259786,22.50176775436793,3934600
2022-07-11,22.640989303588867,22.7628080825195,22.46696105398249,22.701898693054183,3606800
2022-07-12,21.614227294921875,22.171115064305862,21.588122558360826,22.057997858520917,6427300
2022-07-13,21.736045837402344,22.023191297748976,21.60552547536414,21.675136445761613,2853400
2022-07-14,21.53591537475586,21.640332664397484,21.039936983185314,21.29227613869642,4524900
2022-07-15,21.81435775756836,21.901371882970377,21.570720198030397,21.736045210672188,3972800
2022-07-18,22.223323822021484,22.510469276323462,22.179815929153662,22.36254575988569,1735000
2022-07-19,22.31033706665039,22.362546539912895,21.979685367603555,21.979685367603555,3203200
2022-07-20,22.29293441772461,22.379946882690664,22.145010903763378,22.249426525585196,1915200
2022-07-21,21.91877555847168,22.066699077257322,21.75344888226268,21.823059852299664,6044500
2022-07-22,21.657733917236328,22.101504488779458,21.649032338226874,21.857866915140757,1279800
2022-07-25,22.049297332763672,22.07540207057151,21.788256593311477,21.918776963037573,5301100
2022-07-26,22.092802047729492,22.449558474914284,22.049295814036295,22.388649083881237,6002000
2022-07-27,22.597484588623047,22.64969406663958,22.162415563091674,22.301637518489184,2638200
2022-07-28,22.614885330200195,22.78891358567,22.466961810947794,22.77151042819173,2202400
2022-07-29,22.719303131103516,23.154372119996918,22.701899973230223,22.92813604661357,2209000
2022-08-01,22.258129119873047,22.319038511991742,22.00578997257325,22.14501191446068,4076300
2022-08-02,22.145009994506836,22.484363240978748,22.12760683836563,22.28423192432384,2800000
2022-08-03,21.953580856323242,22.388649846704553,21.814358912173745,22.3190388746298,3368500
2022-08-04,21.718643188476562,21.97968557832228,21.614227560263465,21.83176205530665,5345100
2022-08-05,21.64033317565918,21.95358173267164,21.414097092471174,21.44020017075589,3481600
2022-08-08,21.9013729095459,21.910074488459607,21.596824286192042,21.596824286192042,2992600
2022-08-09,22.0841007232666,22.28423371566573,21.997088254878623,22.127608617117044,2038500
2022-08-10,22.388648986816406,22.449558377585383,21.901372201008154,22.118906687843893,2280800
2022-08-11,22.823719024658203,22.902031576342953,22.53657355503295,22.658394001907286,5550100
2022-08-12,22.701900482177734,22.788914613838458,22.536573797988016,22.67579574478256,2575200
2022-08-15,22.4234561920166,22.449559269293605,21.997088780041793,22.03189343629663,3170400
2022-08-16,22.171113967895508,22.614884509549118,22.101503000164925,22.493065730934696,2842600
2022-08-17,22.258129119873047,22.388649482935456,22.075400943516968,22.197219727754355,2840700
2022-08-18,22.597484588623047,22.6670955663218,22.36254857617514,22.449561053556113,4864500
2022-08-19,22.588781356811523,22.780212776224282,22.406053176088253,22.53657354227009,3590800
2022-08-22,22.78891372680664,22.806315224736238,22.2668306168203,22.46696195009052,3868200
2022-08-23,23.16307258605957,23.284891366006843,22.989044335000834,22.989044335000834,4384600
2022-08-24,23.40671157836914,23.40671157836914,23.076059872710413,23.241384895711523,3093500
2022-08-25,23.076061248779297,23.476323951058625,23.015151851446063,23.476323951058625,2066000
2022-08-26,23.171775817871094,23.24138679631583,22.92813822314283,23.067360180032306,3105500
2022-08-29,23.511127471923828,23.52853062899311,23.136967893216305,23.206578861837027,6205300
2022-08-30,22.858524322509766,23.16307293664384,22.675794490166748,23.08476038844775,4292100
2022-08-31,22.379947662353516,22.728004172968713,22.379947662353516,22.51916960273702,4977600
2022-09-01,21.9013729095459,22.179816796158633,21.857866674633836,22.057998010679682,8110700
2022-09-02,22.049297332763672,22.29293657333385,22.031894174225112,22.214624019566884,4586500
2022-09-06,21.91877555847168,22.188517859907932,21.91877555847168,22.12760846858263,3453700
2022-09-07,21.396692276000977,21.831761250039783,21.38799069736143,21.640331498939023,7838800
2022-09-08,21.483707427978516,21.622929373542323,21.300977587140704,21.501108926431613,5282300
2022-09-09,22.092802047729492,22.110205205069345,21.796955011577747,21.805656590247672,1327900
2022-09-12,22.39735221862793,22.501769510265095,22.25813026954941,22.32774124408867,1868500
2022-09-13,22.28423309326172,22.440858187435833,22.005789219021704,22.336440904767624,3863300
2022-09-14,22.379947662353516,22.493066526200387,22.266830458163085,22.37124608362249,1561600
2022-09-15,21.72734260559082,21.962280235178987,21.62292698776696,21.962280235178987,2106300
2022-09-16,21.649030685424805,21.805655776324375,21.588121296665275,21.736044809219717,2035500
2022-09-19,21.718643188476562,21.74474792535808,21.222664805323138,21.292275777350696,2213800
2022-09-20,21.69253921508789,21.75344860563865,21.50980938377919,21.657732900683786,1815900
2022-09-21,21.56201934814453,21.910074201857604,21.457602062202383,21.866566307858182,1647700
2022-09-22,21.622928619384766,21.96228189240363,21.570720806533352,21.901372500800907,1770300
2022-09-23,20.892013549804688,20.987729260760293,20.77889468055597,20.952922944174066,3885200
2022-09-26,20.404733657836914,20.987726095479577,20.37862892433425,20.804996280273468,5110900
2022-09-27,20.622272491455078,20.89201482280834,20.561361433717714,20.709284968909493,2834800
2022-09-28,21.196561813354492,21.20526339235,20.726686505536172,20.77889431985271,2314300
2022-09-29,21.066038131713867,21.2313648003163,20.944219354668057,21.18785856841604,2066100
2022-09-30,20.80500030517578,21.100847370148326,20.744090908209067,20.900716020212958,3947600
2022-10-03,21.274873733520508,21.361886201581274,21.118248635560814,21.274873733520508,6326900
2022-10-04,21.849166870117188,21.927479427043934,21.657735437782197,21.68384017664332,2239800
2022-10-05,22.240726470947266,22.249428049971325,21.78825597929174,21.92747792436367,2753700
2022-10-06,22.379947662353516,22.397350819815564,22.153711594316214,22.197219487971335,2810600
2022-10-07,22.614885330200195,22.73670411323519,22.362546185391068,22.38864926195203,2382200
2022-10-10,22.362546920776367,22.832420570546173,22.353845341751082,22.70190020447992,2467600
2022-10-11,22.04059410095215,22.2929349018718,21.997087867524275,22.13630980608118,2530300
2022-10-12,22.04059410095215,22.110205070230602,21.910073741012106,22.04059410095215,2338200
2022-10-13,22.345142364501953,22.42345491117268,21.892670241439184,21.892670241439184,2166400
2022-10-14,21.9013729095459,22.22332469072717,21.86656659389107,22.162413638331216,1559100
2022-10-17,21.849166870117188,22.118909199722314,21.814360551635694,22.05799980203631,2200900
2022-10-18,21.614227294921875,21.814358629587186,21.45760219486851,21.736046079560506,1673600
2022-10-19,21.60552406311035,21.70123976352155,21.44019739685183,21.475003709603662,2062600
2022-10-20,21.622928619384766,21.97098347115494,21.56201922778204,21.805656794192938,1564100
2022-10-21,21.649030685424805,21.709941733840704,21.45760094080109,21.535913486250877,1142900
2022-10-24,21.709941864013672,21.857865377455067,21.622927739697023,21.640330896491626,1166800
2022-10-25,21.831762313842773,21.910074865758233,21.68383878907541,21.71864344567311,892300
2022-10-26,22.240726470947266,22.26683120801944,21.918776345339612,21.94487942275529,4190100
2022-10-27,22.27553367614746,22.35384623083325,22.188519542090305,22.27553367614746,1699500
2022-10-28,22.014490127563477,22.127608993844046,21.857866686004694,22.031893285399946,2783500
2022-10-31,21.857866287231445,22.049296040970734,21.718642686736157,21.823059972193512,3264300
2022-11-01,22.188518524169922,22.27553265423522,22.07540131684458,22.27553265423522,4248500
2022-11-02,22.388648986816406,22.562677240147565,22.08410037331509,22.16241292134847,2158500
2022-11-03,22.371246337890625,22.475663624193263,22.14501192693842,22.188518161431585,2088500
2022-11-04,23.128267288208008,23.13696886710892,22.84982340200473,23.032551579954454,2063000
2022-11-07,22.928136825561523,23.223983880832503,22.90203208786472,23.11956658970182,2093800
2022-11-08,22.649690628051758,23.03255011744236,22.54527334752754,22.92813449657451,1958000
2022-11-09,22.127609252929688,22.41475472196761,22.110206094889453,22.371246826867015,1693200
2022-11-10,22.327739715576172,22.414753842707572,22.16241303999216,22.240725588444775,2431800
2022-11-11,22.754106521606445,22.875926960287334,22.60618300722396,22.788912835417097,2817700
2022-11-14,22.41475486755371,22.884628520096506,22.41475486755371,22.640990944576725,1623100
2022-11-15,22.675792694091797,22.893327164149316,22.319036295969973,22.423453571846352,3209900
2022-11-16,22.4234561920166,22.493067164182765,22.30163574598345,22.388649876105273,2226900
2022-11-17,22.049297332763672,22.232025518448896,21.953581620458145,22.17111612322049,2043300
2022-11-18,21.892671585083008,21.91007474311269,21.640332432278548,21.666435509666577,3200500
2022-11-21,21.81435775756836,21.875267147452853,21.266171588951543,21.51851072699535,4164200
2022-11-22,22.04059410095215,22.153711303658476,21.970983131673698,22.02319094371843,3397700
2022-11-23,21.736045837402344,21.831761544070037,21.5968238966074,21.753448994915825,2169000
2022-11-25,21.544614791870117,21.91007277945745,21.53591321363514,21.840461813233976,1243200
2022-11-28,21.41409683227539,21.60552659588237,21.222665409011878,21.24877014663596,3559600
2022-11-29,21.69253921508789,21.81435799618941,21.54461569818329,21.683837636486864,5141700
2022-11-30,22.17981719970703,22.197220357851087,21.918776466172233,22.084101489571236,2939800
2022-12-01,22.066701889038086,22.432159943213712,22.049298729397186,22.362548964306768,3382400
2022-12-02,21.831762313842773,22.0579983905256,21.77955449911797,21.944879522355933,3957200
2022-12-05,21.266172409057617,22.031893090880434,21.222664514850578,21.988386856329857,4078100
2022-12-06,20.92681884765625,21.30968004354796,20.82240321401269,21.240069067900066,3352600
2022-12-07,20.822402954101562,21.057340616351865,20.744090400018127,20.97032648296399,5676500
2022-12-08,20.787595748901367,20.987728745041384,20.69188169995421,20.95292242931043,3554700
2022-12-09,20.81369972229004,20.935518503567316,20.657074626558444,20.822401300903618,2957900
2022-12-12,21.039934158325195,21.10084354424812,20.857204340900125,20.874607496779902,2660100
2022-12-13,21.387990951538086,21.5098097346266,21.344484717479745,21.353186296222702,2779000
2022-12-14,21.553316116333008,21.631628659869396,21.39669102926023,21.431495682133995,2342400
2022-12-15,21.29227638244629,21.501109304463697,21.196562330473643,21.501109304463697,2802500
2022-12-16,21.022531509399414,21.153051862332624,20.952920543857946,20.987726856456845,3403500
2022-12-19,20.983139038085938,21.079432662090973,20.88684708375811,21.035663743730797,3123500
2022-12-20,21.07943344116211,21.12320236113993,20.86933961984947,20.91310853982729,2614500
2022-12-21,21.350805282592773,21.368313519163543,21.23700508423745,21.245759202522834,1882500
2022-12-22,21.07943344116211,21.333297852129842,20.965633247413408,21.28077314454373,2017200
2022-12-23,21.4646053314209,21.490866014374024,21.1669720136527,21.1669720136527,2913300
2022-12-27,21.65719223022461,21.770994095558212,20.8343234973653,21.018156637643695,6148300
2022-12-28,21.41208267211914,21.473361500778516,21.21949707679317,21.447099145638784,2873300
2022-12-29,21.385822296142578,21.40333053315577,21.193235028352216,21.2370056208852,1759900
2022-12-30,21.578405380249023,21.595913615222408,21.27201794692354,21.27201794692354,1848300
2023-01-03,21.061925888061523,21.473361095770493,21.00064873023525,21.324544425473544,3228300
2023-01-04,20.68550682067871,20.82557104018656,20.58921486121852,20.790554567890272,1983700
2023-01-05,20.580461502075195,20.70301582027695,20.501676106180536,20.6154763059854,1700700
2023-01-06,20.69426155090332,20.825571656221342,20.615476155583448,20.74678626090147,1674600
2023-01-09,20.93937110900879,21.16697316852465,20.921862872966656,21.00940238350003,1189300
2023-01-10,20.93937110900879,21.070679539970207,20.84307748045435,20.983140029436832,1469400
2023-01-11,21.3157901763916,21.3157901763916,21.044419192108172,21.184481743330416,1923200
2023-01-12,21.49086570739746,21.58715932932265,21.368311402894257,21.49086570739746,2452100
2023-01-13,21.70096206665039,21.727222750293993,21.4558517780209,21.4558517780209,1514800
2023-01-17,21.849777221679688,21.867285457356655,21.665945756103284,21.770993500487837,1160700
2023-01-18,21.613422393798828,22.033610025665148,21.613422393798828,21.963578753687425,1469600
2023-01-19,21.832271575927734,21.911056970117706,21.69220902396275,21.735977945322812,1241200
2023-01-20,21.963579177856445,21.99859397968291,21.797254277568268,21.902302022402186,1144000
2023-01-23,22.016103744506836,22.07738090421694,21.92856422934495,21.998595507538983,2664600
2023-01-24,21.8935489654541,22.05987387380213,21.867286610553673,22.042365637201843,915600
2023-01-25,21.832271575927734,21.90230285191023,21.74473206353029,21.86728637908032,1151200
2023-01-26,21.92856216430664,21.99859343590575,21.82351609174659,21.972332752604345,1637600
2023-01-27,21.683454513549805,21.998594414932175,21.657192159402403,21.989841966560334,2379200
2023-01-30,21.403329849243164,21.70971563879702,21.403329849243164,21.534638283291578,2528300
2023-01-31,21.77099609375,21.77099609375,21.403331449125403,21.42083801721042,1571800
2023-02-01,21.359560012817383,21.622178559870775,21.16697441405347,21.604670322798405,3090900
2023-02-02,21.201988220214844,21.53463803021735,21.14946518114819,21.53463803021735,3591100
2023-02-03,20.668001174926758,21.25451375459916,20.659247056462707,21.044419920494065,2625600
2023-02-06,20.729276657104492,20.764291458449957,20.41413509660912,20.694260186081788,1375700
2023-02-07,21.123201370239258,21.131955487759615,20.764290900290522,20.77304501781088,1057300
2023-02-08,21.16697120666504,21.201986005826672,20.974383967406098,21.149462972245658,822500
2023-02-09,21.000648498535156,21.140711049071992,20.913108987030306,21.070679773803576,2054000
2023-02-10,21.298282623291016,21.298282623291016,21.123203593808245,21.123203593808245,783100
2023-02-13,21.254512786865234,21.33329817977716,21.114450237172324,21.140710921691436,853800
2023-02-14,21.32454490661621,21.39457618423739,21.07068048169108,21.114451073752672,926500
2023-02-15,21.096940994262695,21.15821814811944,20.948124333606078,21.11444922955811,924700
2023-02-16,21.03566551208496,21.149465711194306,21.018157275398185,21.03566551208496,831900
2023-02-17,20.878093719482422,20.91310852149854,20.641737544583872,20.685506464523336,1207900
2023-02-21,20.904356002807617,21.079435035313967,20.85183296092667,20.99189551906079,1014100
2023-02-22,20.632984161376953,20.89560269939708,20.632984161376953,20.85183210822173,1219400
2023-02-23,20.79055404663086,20.860585319790314,20.650491500311947,20.79055404663086,2070200
2023-02-24,20.720523834228516,20.72927795253126,20.43164460894735,20.580461280739307,1637800
2023-02-27,20.73802947998047,20.808060747975894,20.65924409477597,20.79930663076682,1076800
2023-02-28,20.799306869506836,20.921861172486256,20.781798634887732,20.869338138306098,1222300
2023-03-01,21.158218383789062,21.16697250153428,20.886847412396303,20.913108095954716,1238200
2023-03-02,21.07943344116211,21.15821883286401,20.974385695667156,21.14071059700197,828700
2023-03-03,21.41208267211914,21.429590908878964,21.026911481467202,21.026911481467202,1507900
2023-03-06,21.307035446166992,21.32454368198616,21.114449861187932,21.14071054523942,1046000
2023-03-07,20.869340896606445,21.24575964228267,20.843078541206694,21.18448248269396,1498500
2023-03-08,20.755537033081055,20.860584774915036,20.70301399700267,20.755537033081055,1518300
2023-03-09,20.50167465209961,20.904354051732405,20.475412298771595,20.834322779201607,1290800
2023-03-10,20.720523834228516,20.755538637762147,20.527938240600186,20.53669068922559,2418300
2023-03-13,20.589214324951172,20.80806226207095,20.352858152139273,20.396627071692325,1865900
2023-03-14,20.326595306396484,20.641736862514595,20.265318152635125,20.45790540123051,1300600
2023-03-15,19.853885650634766,20.02896300318012,19.573760550820364,19.915162807509507,2929200
2023-03-16,19.915163040161133,19.993948434113978,19.573760779483685,19.652546173436527,1536600
2023-03-17,19.853885650634766,20.037717121258982,19.72257721880643,19.985194082463106,1916800
2023-03-20,19.93267059326172,19.958931277227613,19.748837457114163,19.86263931989057,1108900
2023-03-21,20.002702713012695,20.072733989347096,19.871394278595357,19.99394859476123,1300500
2023-03-22,20.055225372314453,20.195287922325697,19.958931743052734,20.072733608485184,1414200
2023-03-23,20.002702713012695,20.30033605485324,20.002702713012695,20.204042423764434,1482800
2023-03-24,20.0989933013916,20.142763889658813,19.941424192661295,19.985193111251288,2175900
2023-03-27,20.475414276123047,20.501676631987273,20.134011998275152,20.169028472760782,2176200
2023-03-28,20.571706771850586,20.65049216540207,20.431644221020683,20.431644221020683,1037900
2023-03-29,20.440397262573242,20.676753430778952,20.431643144897784,20.615474607050743,514700
2023-03-30,20.589214324951172,20.606722560643295,20.449151778768694,20.554197853566926,793900
2023-03-31,20.781801223754883,20.799309460555055,20.59796974638517,20.59796974638517,1026200
2023-04-03,21.123201370239258,21.280772146251326,21.070678334794298,21.15821784032069,1164800
2023-04-04,21.096940994262695,21.16697226576715,20.948124333606078,21.14946403047173,1313100
2023-04-05,21.17572784423828,21.1844819624899,21.026911173315437,21.09694244965105,1099700
2023-04-06,21.114450454711914,21.140711139501587,21.035665060988276,21.12320290319026,2418800
2023-04-10,21.114450454711914,21.16697349396857,21.053171627622284,21.053171627622284,989900
2023-04-11,21.22825050354004,21.280773542430904,21.105696189568913,21.11445030766361,1526000
2023-04-12,21.394575119018555,21.420835803270645,21.28077325500189,21.315789726907717,1151500
2023-04-13,21.394575119018555,21.52588354931085,21.359558647112724,21.47336051112939,888700
2023-04-14,21.42083740234375,21.482116232753437,21.25451415740681,21.38582259750133,1244600
2023-04-17,21.333297729492188,21.42083556894461,21.21949586672042,21.350804295576314,937300
2023-04-18,21.37706756591797,21.455852960545464,21.254513249687346,21.3420510928936,844800
2023-04-19,21.07943344116211,21.21074187077285,21.035664521184287,21.105695794955167,397300
2023-04-20,20.895601272583008,20.956878426366984,20.834322449121817,20.895601272583008,1066100
2023-04-21,20.851831436157227,20.965633299867925,20.773046044258212,20.939370946009163,735700
2023-04-24,21.018157958984375,21.053172763819386,20.78180176505779,20.799310002313998,1753800
2023-04-25,20.720523834228516,20.84307815111224,20.597969517344794,20.84307815111224,1221000
2023-04-26,20.405380249023438,20.720521798247287,20.379119566372903,20.676752880711607,2206400
2023-04-27,20.431644439697266,20.492921597631526,20.317842572381647,20.405382085006586,990400
2023-04-28,20.624229431152344,20.632983549127648,20.344104334651647,20.38787492452818,854500
2023-05-01,20.44915199279785,20.615475224582067,20.326596011347522,20.475412676933637,1138800
2023-05-02,19.985193252563477,20.30908892932219,19.95017845137934,20.291580693891504,1658800
2023-05-03,19.73133087158203,19.82762282882417,19.70506851796476,19.766345673394465,869700
2023-05-04,19.81011390686035,19.950178118290065,19.670051365107838,19.731330188092116,782900
2023-05-05,20.25656509399414,20.265319212085878,20.02896303264083,20.05522538691605,702400
2023-05-08,20.35285758972168,20.49292013203376,20.344103472117524,20.457905331294345,742600
2023-05-09,20.414134979248047,20.44915145006944,20.151518126796514,20.282826553022282,787200
2023-05-10,20.35285758972168,20.414134743273564,20.23905740022207,20.344103472117524,489800
2023-05-11,20.002702713012695,20.107748792675633,19.923917318426824,20.055225752844162,742700
2023-05-12,19.84513282775879,20.072734903631883,19.82762459045838,20.01145774275786,769800
2023-05-15,20.07273292541504,20.142764198037515,19.95893106385524,19.967685181642704,703200
2023-05-16,19.853885650634766,20.107748396212582,19.853885650634766,20.02896300318012,1020700
2023-05-17,20.090242385864258,20.13401130779287,19.897655122152738,20.02896355761592,816400
2023-05-18,19.906410217285156,19.958933260112275,19.818870699455008,19.897656098534398,1005200
2023-05-19,19.88014793395996,20.09024344539399,19.836379009723043,20.063981089045377,777800
2023-05-22,19.897655487060547,19.94142607946922,19.801363523116212,19.818870090402307,606600
2023-05-23,19.976438522338867,20.046469792237097,19.923915487334487,19.94142372222834,753500
2023-05-24,19.985193252563477,20.107747561223796,19.862638943903153,20.055224524608978,692600
2023-05-25,19.67005157470703,19.80136166996677,19.55625138444944,19.74008284632952,1809500
2023-05-26,19.985193252563477,20.00270148799416,19.871393061618498,19.90640786280263,837300
2023-05-30,19.521236419677734,19.661298973727217,19.459959260990757,19.661298973727217,774500
2023-05-31,19.30238914489746,19.50373053434829,19.30238914489746,19.398682780301012,762500
2023-06-01,19.617528915405273,19.722576659696355,19.39868097866967,19.39868097866967,561000
2023-06-02,19.87139320373535,19.88889976961401,19.713822423086746,19.810114379289708,1195900
2023-06-05,19.818870544433594,19.967687222677586,19.81011642575131,19.967687222677586,1099300
2023-06-06,19.84513282775879,19.897655869982607,19.705070268710333,19.740085073633743,764300
2023-06-07,19.923917770385742,20.011457285208845,19.8976554150356,19.915163651935696,2155500
2023-06-08,19.95893096923828,20.01145567571407,19.661297644584405,19.967685086984247,893800
2023-06-09,19.83637809753418,20.037717811249166,19.818869860773567,19.932671730040198,641300
2023-06-12,19.565004348754883,19.678804532303953,19.494973081260735,19.608773264809805,686700
2023-06-13,19.82762336730957,19.941425233064482,19.81011513108923,19.871393957860423,701600
2023-06-14,19.87139320373535,20.01145574882806,19.77509957785515,19.958931042160362,763800
2023-06-15,20.291582107543945,20.317842792842242,19.985194644870838,19.985194644870838,1215100
2023-06-16,20.54544448852539,20.580460961192674,20.37912125238774,20.37912125238774,1252300
2023-06-20,20.36161231994629,20.387874673548914,20.195287419817518,20.344104084211207,1911200
2023-06-21,20.65924835205078,20.65924835205078,20.335352627278173,20.335352627278173,930200
2023-06-22,20.27407455444336,20.387876426830676,20.19528915653749,20.326597596488135,1056000
2023-06-23,20.055225372314453,20.055225372314453,19.897654586132475,19.897654586132475,1002200
2023-06-26,20.081485748291016,20.204040050058385,20.028961044953167,20.028961044953167,729000
2023-06-27,19.757593154907227,20.00270346614508,19.7313324688414,19.950180424336036,560800
2023-06-28,19.69631576538086,19.792609398975035,19.556253209067897,19.63503860570361,1101500
2023-06-29,19.705068588256836,19.792608097616082,19.617529078897594,19.661297998738583,635300
2023-06-30,19.87139320373535,20.02020986660601,19.79260781341105,19.79260781341105,972200
2023-07-03,19.87139320373535,20.01145574882806,19.8626390859574,19.958931042160362,902200
2023-07-05,19.993946075439453,20.10774625901455,19.915160690780873,20.055223225801207,2849100
2023-07-06,19.950178146362305,19.9851929470111,19.740082663760706,19.9764388294296,629100
2023-07-07,20.11650276184082,20.160273352773764,19.950179525327595,19.95893197383686,807800
2023-07-10,20.1602725982666,20.22154975360208,20.098993773253866,20.11650200897179,632400
2023-07-11,20.39662742614746,20.414135662143845,20.23905831121186,20.291581349523728,457800
2023-07-12,20.54544448852539,20.650492236849924,20.48416733103496,20.589215079359494,599600
2023-07-13,20.834321975708008,20.843076093146404,20.58921336614165,20.615474048779657,582900
2023-07-14,20.69426155090332,20.860586459876092,20.668000865581597,20.860586459876092,669800
2023-07-17,20.527936935424805,20.615474773531858,20.51918281767865,20.59796820771679,696100
2023-07-18,20.799306869506836,20.83432166906789,20.545442476561288,20.545442476561288,554700
2023-07-19,20.913108825683594,21.053171375139836,20.85183166900615,20.97438598236104,1371500
2023-07-20,20.97438621520996,21.088188081454845,20.860586018642387,21.044419160392852,1138600
2023-07-21,21.088186264038086,21.123201063934584,20.98313852499426,20.98313852499426,710500
2023-07-24,21.4646053314209,21.517128367004347,21.201986814149265,21.23700328432303,781300
2023-07-25,21.543392181396484,21.578406984268874,21.37706727614003,21.403329630552303,510700
2023-07-26,21.43834686279297,21.49086990789206,21.377069698564448,21.43834686279297,893700
2023-07-27,21.385822296142578,21.508376615880167,21.350805822116193,21.420837100491582,1273100
2023-07-28,21.517127990722656,21.543390342893716,21.307034182385692,21.368311334440996,2657200
2023-07-31,21.60466957092285,21.61342368915438,21.48211525503611,21.543392412979482,2012200
2023-08-01,21.49086570739746,21.54339041190784,21.403327872567843,21.464605024819445,1688900
2023-08-02,21.16697120666504,21.44709627866663,21.105694055874334,21.44709627866663,1143800
2023-08-03,21.36831283569336,21.37706695369874,21.131956658579895,21.166973130601423,1111700
2023-08-04,21.403329849243164,21.48211524360768,21.31579033665178,21.394575731016293,529400
2023-08-07,21.41208267211914,21.455853264018696,21.289528354155102,21.447099145638784,1137700
2023-08-08,21.385822296142578,21.438345337504774,21.04442002277222,21.131957868483422,993600
2023-08-09,21.534637451171875,21.587160488826232,21.420835588297294,21.490866861728858,671900
2023-08-10,21.42083740234375,21.560899961068227,21.38582259750133,21.499622800335942,576600
2023-08-11,21.385822296142578,21.508376615880167,21.359559940622788,21.37706817763598,566200
2023-08-14,21.280773162841797,21.342050318734348,21.184481204872334,21.245758360764885,697600
2023-08-15,21.02691078186035,21.210742252689975,20.98314019141713,21.158219213835412,3808700
2023-08-16,20.93937110900879,21.16697316852465,20.913108754945593,21.08818777601234,2205400
2023-08-17,20.99189567565918,21.16697470947161,20.983141557000817,21.149466472154884,857500
2023-08-18,21.140710830688477,21.184481420827407,21.03566475370963,21.044418871737413,601800
2023-08-21,21.088186264038086,21.272017720268323,21.07943214664467,21.272017720268323,507800
2023-08-22,21.096940994262695,21.20198706668077,21.06192452367186,21.175726383414858,623500
2023-08-23,21.140710830688477,21.228250341289044,20.965633479164634,21.00940239962627,910700
2023-08-24,21.158218383789062,21.201987302837907,21.000647603729643,21.044418192455723,599500
2023-08-25,21.36831283569336,21.403329307714888,21.131956658579895,21.298281561327588,793800
2023-08-28,21.333297729492188,21.447097922586693,21.28077302220802,21.385820767099094,590200
2023-08-29,21.41208267211914,21.447099145638784,21.27202011739528,21.333298946054654,417500
2023-08-30,21.43834686279297,21.578409429508874,21.412084505404675,21.517132265280352,527300
2023-08-31,21.525882720947266,21.578405757107525,21.42083497894953,21.525882720947266,1197700
2023-09-01,21.779747009277344,21.797255245806927,21.66594681118973,21.744732205895513,1716100
2023-09-05,21.88479232788086,22.024854865205125,21.84977585871122,21.9198087970505,1039100
2023-09-06,21.93731689453125,21.963579248243207,21.797254347422008,21.849777385168657,843800
2023-09-07,21.8935489654541,21.937317887277473,21.832271807030445,21.876040728853816,388800
2023-09-08,21.93731689453125,21.989841601955163,21.858531503072644,21.902302092592574,611500
2023-09-11,22.06862449645996,22.147409884965175,22.01610146068222,22.103640966763255,553900
2023-09-12,22.147411346435547,22.217442621986184,22.112396543498885,22.138658897959367,1075100
2023-09-13,22.21744155883789,22.26121214751085,22.12990372084644,22.19118087531135,813800
2023-09-14,22.401275634765625,22.43629043750051,22.33124435961855,22.366259162353437,679600
2023-09-15,22.348752975463867,22.410030133548812,22.296228265953346,22.322490620708606,573300
2023-09-18,22.339996337890625,22.436288288446235,22.278719186716014,22.41002760632977,868100
2023-09-19,22.357505798339844,22.42753707061899,22.287472856383467,22.3925205996408,844700
2023-09-20,22.173673629760742,22.401275691989465,22.164919511635333,22.234950786961303,663600
2023-09-21,22.1036434173584,22.252460093292065,22.09488929881202,22.226197737652928,1172600
2023-09-22,22.121150970458984,22.278721760066897,22.04236557565503,22.226197050412704,727700
2023-09-25,22.016103744506836,22.05112021844254,21.884795306602694,22.05112021844254,639900
2023-09-26,21.98984146118164,22.007348027200273,21.89354783453151,21.9110560702274,986300
2023-09-27,22.112396240234375,22.191181632857987,22.10364212220094,22.129904476301242,944200
2023-09-28,22.08613395690918,22.199935822031208,22.042365036279044,22.12990454721661,865500
2023-09-29,21.849777221679688,22.173672902994575,21.814762420003003,22.147410549479122,2044200
2023-10-02,21.683454513549805,21.902302455746284,21.648438041353266,21.858531865500613,3616100
2023-10-03,21.587160110473633,21.657191382677777,21.51712883826949,21.63092902947226,2573900
2023-10-04,20.983139038085938,21.342049511606444,20.91310776690333,21.342049511606444,1225500
2023-10-05,20.860584259033203,20.939369646041023,20.738029954655335,20.808061224253713,2068100
2023-10-06,20.93937110900879,21.000648265478965,20.81681679606844,20.9918941474579,2218500
2023-10-09,21.37706756591797,21.37706756591797,21.17572785505985,21.237005013175164,2702800
2023-10-10,21.32454490661621,21.368313829000435,21.21074303693344,21.342051473763483,1359500
2023-10-11,21.201988220214844,21.29828184990146,21.07067978770956,21.245758810834808,2163300
2023-10-12,21.193233489990234,21.35080427231655,21.08818741489086,21.28952711689571,979300
2023-10-13,21.75348663330078,21.762240751689976,21.51713044582455,21.56089936809317,954000
2023-10-16,21.683454513549805,21.735977552167316,21.604669120784887,21.709715198019914,820400
2023-10-17,21.744731903076172,21.753486021219054,21.560898761430305,21.639684155038918,921900
2023-10-18,21.93731689453125,22.00734816808587,21.86728562097663,21.902302092592574,1110100
2023-10-19,22.164920806884766,22.164920806884766,21.79725617251892,21.849779214663354,937400
2023-10-20,21.998594284057617,22.23495046094623,21.972333599743738,22.121150266339093,1243400
2023-10-23,21.858530044555664,22.016100816958918,21.80600701031363,21.963577782716886,1179500
2023-10-24,21.622177124023438,21.753485553991744,21.525883496197288,21.744731436036886,1119700
2023-10-25,21.779747009277344,21.832271718866092,21.41208239054279,21.692209165984103,2212000
2023-10-26,21.595914840698242,21.709715035128543,21.54339180247482,21.587160722714792,1862600
2023-10-27,21.88479232788086,21.911054679758088,21.613421370524737,21.727221555971774,1051400
2023-10-30,21.534637451171875,21.788500191232323,21.455852059851708,21.727223035689363,975900
2023-10-31,21.455852508544922,21.692208687448197,21.39457535172051,21.543392019584353,2199500
2023-11-01,21.49086570739746,21.72722186866265,21.403327872567843,21.665944716411047,2495700
2023-11-02,21.718469619750977,21.727223737922515,21.49086755632288,21.49086755632288,1936100
2023-11-03,21.60466957092285,21.779746926521433,21.543392412979482,21.61342368915438,1407100
2023-11-06,21.692209243774414,21.814763560566313,21.674701007182044,21.779747087381576,1210900
2023-11-07,21.22825050354004,21.394575407984636,21.184481582743867,21.36831305370055,1861600
2023-11-08,20.99189567565918,21.228251870402737,20.904356158752964,21.14071235349652,1269100
2023-11-09,20.93937110900879,21.158219050503583,20.930616990987723,21.000648265478965,1254300
2023-11-10,21.044418334960938,21.096941372110667,20.98313951032947,21.01815598154745,874200
2023-11-13,21.350805282592773,21.359559400878158,21.026911254420234,21.026911254420234,913200
2023-11-14,21.3157901763916,21.51712988506391,21.263267137102588,21.394575570163777,1573100
2023-11-15,21.17572784423828,21.32454451516113,21.166973725986665,21.1844819624899,1314500
2023-11-16,20.668001174926758,20.930618050138783,20.624230582606504,20.91310981321068,3465600
2023-11-17,20.965633392333984,21.000648194622823,20.75553789989183,20.764292017883363,1241100
2023-11-20,21.22825050354004,21.298281778620296,21.131956874175696,21.149465110365085,777600
2023-11-21,21.350805282592773,21.359559400878158,21.19323449281053,21.245759202522834,642500
2023-11-22,21.16697120666504,21.184479441084424,20.790552515033976,20.869337900244066,850600
2023-11-24,21.02691078186035,21.210742252689975,21.02691078186035,21.10569617498085,391300
2023-11-27,20.88684844970703,21.044419237591942,20.843077858807156,20.956879725469513,1032500
2023-11-28,21.140710830688477,21.210742105233475,20.94812524310906,20.9918941635707,1112800
2023-11-29,21.289527893066406,21.34205093253097,21.009402789685634,21.219496617221214,972200
2023-11-30,20.930618286132812,21.46460783071905,20.904355930444552,21.359560077643394,1769700
2023-12-01,20.834321975708008,21.18447999453511,20.799307175631604,20.96563206760676,1399700
2023-12-04,20.69426155090332,20.83432410487702,20.580461351928697,20.67675498391462,5278400
2023-12-05,20.51042938232422,20.790554480812055,20.492921146249405,20.69426085207788,1557500
2023-12-06,20.011455535888672,20.361611894894466,20.002701418203873,20.326595424155276,1913900
2023-12-07,20.046470642089844,20.11650191495699,19.9589311335866,20.10774779713894,1502200
2023-12-08,20.134010314941406,20.239058059938227,20.072733159392122,20.169026786499433,1366100
2023-12-11,20.063980102539062,20.081488339243958,19.9239175482546,20.011457062101726,3260700
2023-12-12,19.757593154907227,19.880147475687455,19.7313324688414,19.84513267104056,1983200
2023-12-13,19.985193252563477,19.985193252563477,19.757591200996288,19.78385355414231,1613700
2023-12-14,20.317842483520508,20.335350719904387,20.221550522763806,20.23905875914769,1872100
2023-12-15,20.35285758972168,20.44915121369019,20.23030328261791,20.317841119305054,1734500
2023-12-18,20.498884201049805,20.71011780530878,20.434595865121054,20.60909402816036,1844200
2023-12-19,20.655014038085938,20.664198336442563,20.452964729417566,20.452964729417566,1829600
2023-12-20,20.416229248046875,20.72848841145426,20.416229248046875,20.71930411232746,1439100
2023-12-21,20.452964782714844,20.462149081095404,20.36112355063506,20.36112355063506,1352700
2023-12-22,20.416229248046875,20.609096026257763,20.407044948920078,20.56317453062377,1397800
2023-12-26,20.61827850341797,20.71930228143374,20.379492002399775,20.397858847304413,1252200
2023-12-27,20.526437759399414,20.728487071954486,20.526437759399414,20.65501443541393,1372600
2023-12-28,20.351940155029297,20.590726668338547,20.34275585624134,20.480516834608938,1145200
2023-12-29,20.241731643676758,20.407043763175903,20.214178747897314,20.38867691771545,1781200
2024-01-02,20.076417922973633,20.351939875930427,20.039680728325603,20.33357127860641,2421600
2024-01-03,20.33357048034668,20.361123375251022,20.168256614372186,20.195809509276533,857700
2024-01-04,20.223363876342773,20.31520511431706,20.0856028952443,20.29683651637702,734000
2024-01-05,20.324386596679688,20.41622782984202,20.260098258983803,20.333570895168503,800800
2024-01-08,20.03049659729004,20.05804949350664,19.856000176429184,19.929472814614247,760800
2024-01-09,20.177440643310547,20.269281873373185,20.06723256861599,20.168256345131706,736200
2024-01-10,20.03968048095703,20.29683558514136,20.012129337036956,20.278466988044087,754000
2024-01-11,20.18662452697754,20.333569791370085,20.140704788752018,20.269281457164062,1491100
2024-01-12,20.260099411010742,20.544807425175577,20.177442471637196,20.480517332098216,673700
2024-01-16,20.085601806640625,20.351939455432525,20.085601806640625,20.351939455432525,709000
2024-01-17,20.058048248291016,20.076416844628415,19.938654123823678,19.957022720161078,570700
2024-01-18,20.18662452697754,20.22336171893854,19.993759524359472,20.058047858565494,408300
2024-01-19,20.149890899658203,20.324387321995477,20.103969405575327,20.260098982005335,559900
2024-01-22,20.232547760009766,20.315204697317377,20.076418184176045,20.103969328794662,575900
2024-01-23,20.342754364013672,20.39785840097342,20.250913134596924,20.250913134596924,442400
2024-01-24,20.517253875732422,20.5631736176016,20.37949289839903,20.471334133863248,866700
2024-01-25,20.673383712768555,20.691752310439597,20.553989579632667,20.62746221859095,1600400
2024-01-26,20.76522445678711,20.76522445678711,20.462149609308266,20.581541987885934,517800
2024-01-29,20.59072494506836,20.6641975774971,20.508068014620314,20.6641975774971,1579300
2024-01-30,20.728487014770508,20.75603991029439,20.526437702772828,20.590726040602735,941200
2024-01-31,20.50806999206543,20.71930361170007,20.48970139425566,20.682568167806433,1305300
2024-02-01,20.260099411010742,20.572358570482812,20.214179667681403,20.49888593012032,2388400
2024-02-02,20.03049659729004,20.131522131691703,20.00294545279931,20.05804949350664,1235500
2024-02-05,20.1131534576416,20.131522055049402,19.929472738741165,20.012129675350415,837900
2024-02-06,20.18662452697754,20.25091286118356,20.122336192771517,20.15907338473252,790900
2024-02-07,20.278467178344727,20.28765147697955,20.177441645087494,20.177441645087494,809900
2024-02-08,20.3886775970459,20.4345973398158,20.287652060881037,20.287652060881037,1125100
2024-02-09,20.44378089904785,20.52643783442382,20.37949256080562,20.42541230191412,601700
2024-02-12,20.452964782714844,20.480515926130717,20.39785899243149,20.40704329081205,569000
2024-02-13,20.33357048034668,20.434596009936822,20.31520363546957,20.38867627015537,1222200
2024-02-14,20.14070701599121,20.42541327827,20.113154118973554,20.361124936954717,696000
2024-02-15,20.18662452697754,20.287650053144564,20.15907338473252,20.15907338473252,791200
2024-02-16,20.232547760009766,20.27846750219138,20.149890822702154,20.159075121483653,595800
2024-02-20,20.122337341308594,20.223362873241925,20.04886470491867,20.223362873241925,1053100
2024-02-21,20.204994201660156,20.2325470971019,20.140705864021914,20.204994201660156,1689900
2024-02-22,20.260099411010742,20.278468009032846,20.103969831274707,20.13152272830786,507400
2024-02-23,19.966209411621094,20.09478609794348,19.9570251123515,20.04886635332148,668800
2024-02-26,20.149890899658203,20.21417923964834,20.012129920861344,20.03049676676861,879100
2024-02-27,20.306018829345703,20.324385673763484,20.232546196497342,20.232546196497342,2544500
2024-02-28,20.223363876342773,20.324387661561165,20.17744238149267,20.287652217406997,5225300
2024-02-29,20.195810317993164,20.30602015029797,20.131521979034467,20.14989057637291,720300
2024-03-01,20.29683494567871,20.37949187828646,20.223362311330245,20.260097752641588,863200
2024-03-04,20.36112403869629,20.434596675776113,20.296835700217173,20.434596675776113,538500
2024-03-05,20.204994201660156,20.34275517541722,20.195809903179576,20.315204031701303,1237800
2024-03-06,20.37030792236328,20.48051599987521,20.342755027122397,20.37949222077691,1466500
2024-03-07,20.425413131713867,20.508070070447843,20.333571894039906,20.35194049191988,961000
2024-03-08,20.36112403869629,20.388676934498413,20.241731660338765,20.388676934498413,933200
2024-03-11,20.53562355041504,20.56317469629146,20.28765272717152,20.342756770650315,691600
2024-03-12,20.48051643371582,20.5631733694636,20.4162280951844,20.471333886833484,497700
2024-03-13,20.76522445678711,20.774408755404753,20.61827918235651,20.61827918235651,1070000
2024-03-14,20.829513549804688,20.875433292830213,20.746856610978007,20.77440950782887,1168500
2024-03-15,20.902984619140625,20.939720060455755,20.783590493483445,20.801959090003898,1043100
2024-03-18,21.095849990844727,21.123402886100063,20.97645761485656,21.040745952059865,1384300
2024-03-19,21.086666107177734,21.114219002975002,21.040746365908127,21.077483560304486,1889600
2024-03-20,21.03156089782715,21.040745195915537,20.85706273759928,20.93971966866902,1247400
2024-03-21,21.004011154174805,21.03156229854915,20.875432724099678,21.03156229854915,813800
2024-03-22,20.857065200805664,20.96727503915628,20.83869835418552,20.96727503915628,1443900
2024-03-25,21.03156089782715,21.11421782889689,20.93053712230638,20.93971966866902,1370900
2024-03-26,20.866249084472656,21.03156296284374,20.84788223821825,21.03156296284374,742000
2024-03-27,20.847881317138672,20.866248162581613,20.746855784436214,20.765224381604995,2497800
2024-03-28,21.095849990844727,21.105034289263173,20.9213535760717,20.930537874490145,3686300
2024-04-01,21.196874618530273,21.25197865496717,21.095849091957852,21.178506022476064,2345900
2024-04-02,21.38974380493164,21.417294950418846,21.288718266876064,21.343822309576407,1852700
2024-04-03,21.646896362304688,21.665264959759696,21.536688281026386,21.555055126755523,1771500
2024-04-04,21.70199966430664,21.821393791974685,21.564238691534584,21.619344482024054,1261200
2024-04-05,21.812210083007812,21.940786760839586,21.757106042755034,21.803025784344708,1313700
2024-04-08,21.80302619934082,21.8856831371562,21.665265220223816,21.86731453948036,1263500
2024-04-09,21.68363380432129,21.85813022695481,21.64689660899262,21.84894767984853,769400
2024-04-10,21.793840408325195,21.812209004743373,21.591791102902533,21.711183476169158,1349900
2024-04-11,21.757104873657227,21.766289171826823,21.600975308225614,21.766289171826823,933800
2024-04-12,21.784656524658203,22.12446855795775,21.747921082848574,22.005074430693394,1579300
2024-04-15,21.812210083007812,21.839762978997133,21.555054975618415,21.747921744091926,1660100
2024-04-16,21.77547264099121,21.81220983522631,21.610160522110778,21.729552899923174,1263700
2024-04-17,21.4356632232666,21.766290977903136,21.408110326471586,21.65608114244899,2084600
2024-04-18,21.42647933959961,21.518320578970382,21.380559595777193,21.463216536038296,1734500
2024-04-19,21.527503967285156,21.61934520277027,21.44484703052114,21.481582473679666,1968800
2024-04-22,21.527503967285156,21.527503967285156,21.316268600151634,21.362190093757125,941800
2024-04-23,21.61934471130371,21.628527258090198,21.325452414087145,21.334636712599462,1524700
2024-04-24,21.591793060302734,21.67444999995202,21.54587156509428,21.573424462219354,1670400
2024-04-25,21.711185455322266,21.72036975436858,21.509136131481146,21.573424473079413,1088600
2024-04-26,21.72955322265625,21.839763055272574,21.683633480906202,21.839763055272574,707700
2024-04-29,21.711185455322266,21.83057959119842,21.70200115627595,21.81221099310579,875800
2024-04-30,21.4356632232666,21.54587130699484,21.334637686744124,21.536688759789076,1875400
2024-05-01,21.123403549194336,21.435662698320495,21.095850653074073,21.325452865565317,1463900
2024-05-02,21.196874618530273,21.242794356940067,21.049929353548062,21.14177058209338,1004400
2024-05-03,21.224428176879883,21.288716513355936,21.187690983621685,21.25197932009774,503400
2024-05-06,21.463214874267578,21.51831891293328,21.307085304943246,21.307085304943246,1293800
2024-05-07,21.444847106933594,21.499951147730663,21.362190169875056,21.362190169875056,486300
2024-05-08,21.334636688232422,21.37137388223972,21.215244311160358,21.22442860966218,415800
2024-05-09,21.417293548583984,21.43566214552379,21.325452315610775,21.343820912550584,347200
2024-05-10,21.380558013916016,21.490766091626337,21.35300511862553,21.454030649631502,747700
2024-05-13,21.518320083618164,21.545871228587007,21.41729454746333,21.41729454746333,531400
2024-05-14,21.42647933959961,21.472399083422026,21.34382239933851,21.389743894886866,443700
2024-05-15,21.499950408935547,21.509134707373775,21.30708539691022,21.426477773155543,512100
2024-05-16,21.555055618286133,21.582608515096943,21.48158297851654,21.555055618286133,519200
2024-05-17,21.77547264099121,21.81220983522631,21.637711666061264,21.66526456173759,2083900
2024-05-20,21.968339920043945,21.98670851759024,21.80302604557903,21.812210344352177,1314900
2024-05-21,21.87649917602539,21.99589331103553,21.793842236934037,21.87649917602539,514000
2024-05-22,21.564239501953125,21.72955337618268,21.54587090443298,21.70200047990246,889400
2024-05-23,21.454030990600586,21.793841279288134,21.408109497719945,21.738737239557206,1255100
2024-05-24,21.600975036621094,21.619343632729326,21.499949509751563,21.52750240391391,1375300
2024-05-28,21.98670768737793,21.98670768737793,21.830578117581574,21.904050753266578,1845700
2024-05-29,21.757104873657227,21.894865842749645,21.757104873657227,21.876497246410455,940900
2024-05-30,21.472396850585938,21.701999049274402,21.472396850585938,21.610159571179622,1041600
2024-05-31,21.371374130249023,21.61934493749844,21.307085791716027,21.582607743064816,873400
2024-06-03,21.06829833984375,21.362188875251817,21.04074544525208,21.353004577054595,1790900
2024-06-04,20.857065200805664,20.930539594190044,20.774410011700144,20.884618098324808,1087200
2024-06-05,20.930538177490234,20.930538177490234,20.78359115239365,20.875432386181828,966900
2024-06-06,21.2060604095459,21.224429006893327,21.031562238197022,21.031562238197022,1049000
2024-06-07,20.902984619140625,21.04992988785271,20.902984619140625,21.0131926948118,747000
2024-06-10,21.2060604095459,21.215244708219615,21.004011093901735,21.04074653687074,457100
2024-06-11,21.17850685119629,21.261163784948888,21.12340281260316,21.19687544796927,572500
2024-06-12,21.25197982788086,21.463215190711058,21.233612982538702,21.435662295109076,761000
2024-06-13,21.270349502563477,21.39892618510178,21.251980904564885,21.35300644183122,553000
2024-06-14,21.18769073486328,21.389741791959565,21.18769073486328,21.34382030092597,914700
2024-06-17,21.261165618896484,21.279534217253904,21.150957532203883,21.160141831382592,1114300
2024-06-18,21.4356632232666,21.4356632232666,21.24279644915332,21.24279644915332,832400
2024-06-20,21.481582641601562,21.5734238778046,21.444847198155873,21.50913553798024,910700
2024-06-21,21.307085037231445,21.481581449434692,21.288716440665066,21.45403030631091,723100
2024-06-24,21.481582641601562,21.481582641601562,21.334637364367055,21.35300596195284,610400
2024-06-25,21.27953338623047,21.417294365079258,21.261164788590392,21.40811006625922,726400
2024-06-26,21.316267013549805,21.417292540236534,21.251978679013064,21.343819907662294,1212400
2024-06-27,21.42647933959961,21.49076768164137,21.34382239933851,21.49076768164137,675400
2024-06-28,21.334636688232422,21.536687751820903,21.307085544452775,21.536687751820903,855300
2024-07-01,21.61016082763672,21.628527673288104,21.389742914287353,21.47239809903324,1233600
2024-07-02,21.637710571289062,21.711183204316033,21.57342223635618,21.6928163598536,844800
2024-07-03,21.757104873657227,21.784656016440252,21.665263643687027,21.67444794185662,707500
2024-07-05,21.839763641357422,21.94997172520539,21.793842146649176,21.84894794029907,860600
2024-07-08,21.54587173461914,21.674450170488548,21.527504888117175,21.637712974032734,769100
2024-07-09,21.39892578125,21.55505535783963,21.371374636497993,21.52750421308762,621500
2024-07-10,21.39892578125,21.463215873031753,21.307086296442126,21.35300603884606,678200
2024-07-11,21.472396850585938,21.509134043204455,21.35300447802727,21.380557372491158,1759500
2024-07-12,21.38974380493164,21.43566354856094,21.3621909077185,21.398926352276753,1263200
2024-07-15,21.233613967895508,21.343822051966036,21.233613967895508,21.29790230889097,863300
2024-07-16,21.17850685119629,21.206059746355756,21.049930177237048,21.059114475623538,1485400
2024-07-17,21.17850685119629,21.261163784948888,21.150955707762627,21.224428343128736,1296400
2024-07-18,21.022377014160156,21.178506581289085,21.022377014160156,21.178506581289085,1410300
2024-07-19,20.7376708984375,21.04993003455839,20.71930230178903,20.948904504717575,1803800
2024-07-22,20.792776107788086,20.792776107788086,20.618279684976635,20.664199427458406,1959900
2024-07-23,20.599910736083984,20.71011881685165,20.563173541344188,20.664199075152766,981700
2024-07-24,20.59072494506836,20.756038805964454,20.59072494506836,20.618277839126286,991900
2024-07-25,20.636646270751953,20.68256776438065,20.407044057786074,20.471334148866248,676400
2024-07-26,20.425413131713867,20.56317411236186,20.379493388739842,20.544807266207794,584200
2024-07-29,20.33357048034668,20.517252942924067,20.26009784566088,20.471333203142613,709100
2024-07-30,20.269283294677734,20.269283294677734,20.159075212255267,20.18662635699794,1183600
2024-07-31,20.7376708984375,20.7376708984375,20.489700098860478,20.5448058888059,1495200
2024-08-01,20.489700317382812,20.746855418026627,20.407043383308935,20.719302522760064,2002300
2024-08-02,20.1131534576416,20.278467330860096,20.012129675350415,20.260098733452292,2740400
2024-08-05,20.076417922973633,20.08560222163564,19.754974476706803,19.76415877536881,2372700
2024-08-06,19.911104202270508,20.048865179798913,19.837631564140302,19.837631564140302,1634200
2024-08-07,20.094785690307617,20.19581122849782,19.99376190384335,20.030497348450556,1050600
2024-08-08,20.278467178344727,20.324386919793003,20.140706202274043,20.140706202274043,568700
2024-08-09,20.397859573364258,20.42541246929064,20.324386935953083,20.42541246929064,465100
2024-08-12,20.682567596435547,20.746855935267824,20.48970082821286,20.53562232146867,550900
2024-08-13,20.489700317382812,20.609094445145438,20.47133347226425,20.59991014672325,374900
2024-08-14,20.36112403869629,20.553989054133634,20.33357114289416,20.49888501425523,510000
2024-08-15,20.526437759399414,20.627461539814036,20.48051626673292,20.48970056526622,556600
2024-08-16,20.397859573364258,20.4437810665749,20.315204389036808,20.407043872006387,570100
2024-08-19,20.28765296936035,20.48051799970149,20.25091577211862,20.416229656254444,557600
2024-08-20,20.204994201660156,20.388676667820125,20.177441306218416,20.34275517541722,539300
2024-08-21,20.10396957397461,20.30602064617996,20.030496934552456,20.269283450605933,545400
2024-08-22,20.085601806640625,20.195809884855958,20.039680314279387,20.085601806640625,473500
2024-08-23,20.44378089904785,20.45296519761472,20.29683562542965,20.29683562542965,727700
2024-08-26,20.655014038085938,20.737670971569774,20.62746114301606,20.682566933155815,417200
2024-08-27,20.55398941040039,20.636646347513633,20.53562256460646,20.618279501719705,556000
2024-08-28,20.306018829345703,20.44377979697066,20.28765023320218,20.34275426990701,500700
2024-08-29,20.53562355041504,20.53562355041504,20.416229412530697,20.416229412530697,458700
2024-08-30,20.306018829345703,20.41622690275537,20.278465935130413,20.388675760265826,388900
2024-09-03,19.901918411254883,19.975391043875973,19.846814374720502,19.975391043875973,540700
2024-09-04,19.754974365234375,19.95702367948085,19.745790066624192,19.810078405169623,456400
2024-09-05,19.800893783569336,19.984576249325087,19.73660544607257,19.89273501644721,593800
2024-09-06,19.534557342529297,19.920289143077333,19.433531804946785,19.85600080160698,1176000
2024-09-09,19.58966064453125,19.653948983571663,19.433531070407735,19.525372305490837,2390300
2024-09-10,19.304954528808594,19.589660783025742,19.194744695584543,19.57129218553409,957600
2024-09-11,19.479450225830078,19.543740314661466,19.22229687740775,19.461083380746917,1107600
2024-09-12,19.856000900268555,19.883552045763647,19.617214379530807,19.672318422246924,1058600
2024-09-13,19.89273452758789,20.02131119942168,19.819261893436327,19.938654267035453,939100
2024-09-16,20.03968048095703,20.085601973700214,19.957023545745134,20.021311883859756,586200
2024-09-17,20.177440643310547,20.204993537847066,20.01212853126871,20.01212853126871,889900
2024-09-18,20.048864364624023,20.296835165128325,20.048864364624023,20.131521298125456,1002000
2024-09-19,20.40704345703125,20.452964949308083,20.250913886741653,20.296835379018486,726700
2024-09-20,20.40704345703125,20.43459635239735,20.296835379018486,20.351939418024866,617700
2024-09-23,20.416229248046875,20.581543128877367,20.26928396546998,20.44378214542727,658200
2024-09-24,20.756040573120117,20.765224871921372,20.645830739230952,20.756040573120117,775400
2024-09-25,20.58154296875,20.71011965207295,20.498886028977836,20.664199908522164,813700
2024-09-26,20.397859573364258,20.57235774411299,20.35193983187947,20.4437810665749,887700
2024-09-27,20.498884201049805,20.526437095758887,20.31520349149991,20.370307529192303,649900
2024-09-30,20.452964782714844,20.553988561449383,20.379492147396178,20.42541188757317,1042600
2024-10-01,20.81114387512207,20.985642042697066,20.370308058672858,20.370308058672858,1154100
2024-10-02,20.98564338684082,21.14177296746584,20.811145208089105,21.04993172855831,1089900
2024-10-03,21.28871726989746,21.325452712735345,20.976458123009124,21.013193565847004,1126800
2024-10-04,21.343820571899414,21.46321469837678,21.28871653368529,21.343820571899414,1060700
2024-10-07,21.637710571289062,21.674447763665423,21.40810837411406,21.42647697030224,1330600
2024-10-08,21.132587432861328,21.279532705831677,20.9397206672591,21.279532705831677,1115900
2024-10-09,20.94890594482422,20.967274542735417,20.700936879926658,20.811144963942038,872400
2024-10-10,21.36219024658203,21.380558844155637,21.040746795947467,21.06829969230787,961200
2024-10-11,21.380558013916016,21.454030649631502,21.31626792490488,21.334636521765205,726700
2024-10-14,21.049930572509766,21.196875846001305,21.00401083144085,21.068299169627668,842500
2024-10-15,20.645830154418945,20.673383050042247,20.489700582671905,20.599910413439275,1113700
2024-10-16,20.59072494506836,20.65501327947779,20.47133257426881,20.59072494506836,683800
2024-10-17,20.61827850341797,20.61827850341797,20.434596040565268,20.498884377045975,620600
2024-10-18,20.50806999206543,20.563174033768835,20.388677609753735,20.544807187684967,538400
2024-10-21,20.572359085083008,20.7193043694837,20.508070742123447,20.645831727283355,640000
2024-10-22,20.930538177490234,20.985642217072805,20.74685570991388,20.74685570991388,897300
2024-10-23,20.81114387512207,20.90298510814711,20.737671239047202,20.83869677054733,692400
2024-10-24,20.801959991455078,20.96727386385148,20.65501471637513,20.930538420944423,912500
2024-10-25,20.94890594482422,20.967274542735417,20.83869786080884,20.86624900594973,739800
2024-10-28,20.3886775970459,20.4345973398158,20.30602065867936,20.361124700348416,1002200
2024-10-29,20.351940155029297,20.41622849481912,20.232547774237613,20.351940155029297,569300
2024-10-30,20.609094619750977,20.609094619750977,20.407043556202645,20.434596451702642,807900
2024-10-31,20.746854782104492,20.774407676526515,20.508068285624216,20.599909515305207,1172500
2024-11-01,20.526437759399414,20.857063747969004,20.526437759399414,20.82032830556164,672100
2024-11-04,20.87543296813965,20.884617266947085,20.756040587094727,20.792776030598592,616600
2024-11-05,21.004011154174805,21.059115194649365,20.893801321499822,20.994826855474734,509300
2024-11-06,20.7744083404541,20.88461641821282,20.50806894103988,20.535621836342465,818600
2024-11-07,20.98564338684082,21.031563130431618,20.756041165434958,20.829513806215797,1471800
2024-11-08,20.664199829101562,20.811145109970433,20.599911487687173,20.7835922129103,453300
2024-11-11,20.33357048034668,20.407043115032476,20.26928214396233,20.407043115032476,1303700
2024-11-12,20.223363876342773,20.42541319850547,20.214179577372754,20.40704460056543,612000
2024-11-13,20.159074783325195,20.2600985647753,20.002945210110468,20.14989048469776,652100
2024-11-14,20.14070701599121,20.31520519365121,20.103969819967666,20.31520519365121,625800
2024-11-15,20.03968048095703,20.278466988044087,20.021311883859756,20.186625754283554,458000
2024-11-18,20.498884201049805,20.53562139399525,20.22336226086208,20.22336226086208,651400
2024-11-19,20.563173294067383,20.60909478693991,20.44378091605049,20.553988995492876,794800
2024-11-20,20.55398941040039,20.655014945033436,20.508069668326755,20.62746204875373,521500
2024-11-21,20.700937271118164,20.728488416779697,20.572358835035892,20.728488416779697,619800
2024-11-22,20.719303131103516,20.7835914702206,20.5631735567938,20.581542154177498,534800
2024-11-25,20.425413131713867,20.62746245321586,20.379493388739842,20.55398981342187,609800
2024-11-26,20.425413131713867,20.65501535003582,20.31520504788584,20.535622967267805,1010500
2024-11-27,20.315204620361328,20.462149896856907,20.24173198211354,20.351940063622287,560700
2024-11-29,20.33357048034668,20.462148904841165,20.306019337168124,20.407043115032476,419000
2024-12-02,20.18662452697754,20.287650053144564,20.140704788752018,20.269281457164062,563000
2024-12-03,20.416229248046875,20.47133504280767,20.296836862850377,20.361125205012026,482300
2024-12-04,20.306018829345703,20.462148393114184,20.241730494569104,20.45296409504242,875600
2024-12-05,20.278467178344727,20.361124114332306,20.22336313826162,20.306020074249204,407000
2024-12-06,20.122337341308594,20.195809977698516,20.076417600462076,20.149890236852,437900
2024-12-09,20.315204620361328,20.4529655981102,20.315204620361328,20.351940063622287,698400
2024-12-10,20.36112403869629,20.44378097437682,20.324386844293453,20.324386844293453,864200
2024-12-11,20.61827850341797,20.655013944953033,20.489700078730763,20.498884377045975,539800
2024-12-12,20.53562355041504,20.57235899549225,20.379493967453485,20.480517755210283,360700
2024-12-13,20.526437759399414,20.590726097406673,20.498884863799518,20.526437759399414,1165700
2024-12-16,20.416229248046875,20.517254786715718,20.416229248046875,20.50807048758892,832900
2024-12-17,20.278467178344727,20.29683577561438,20.140706202274043,20.25091428244025,386300
2024-12-18,20.094785690307617,20.37949370671166,20.08560314295027,20.296836766688028,1348900
2024-12-19,20.094785690307617,20.250915271271598,20.076418843866982,20.22336412574768,2166500
2024-12-20,20.223363876342773,20.269283619466957,20.03049710142418,20.0856028952443,1507300
2024-12-23,20.238842010498047,20.238842010498047,20.10340102013822,20.190470755439566,1414200
2024-12-24,20.354934692382812,20.412980564896714,20.31623621387687,20.33558545312984,549500
2024-12-26,20.296886444091797,20.412980031330093,20.28721182471819,20.364606934462063,1139700
2024-12-27,20.393630981445312,20.47102609190593,20.354934348837496,20.44200223351633,1418400
2024-12-30,20.57744598388672,20.722561591854827,20.548422124195067,20.65484109781938,938700
2024-12-31,20.683862686157227,20.693537305855138,20.577445559970286,20.577445559970286,778400
2025-01-02,20.887025833129883,21.003117578035436,20.84832735466469,20.84832735466469,1027300
2025-01-03,20.780607223510742,20.84832771675598,20.76125798394209,20.84832771675598,760000
2025-01-06,20.819305419921875,21.01279227724571,20.79028156096304,20.916049771206303,678700
2025-01-07,20.91604995727539,20.993445069942435,20.906375337536378,20.925722731769362,787100
2025-01-08,20.877351760864258,20.97409611431862,20.799956647149784,20.954746874578735,425600
2025-01-10,21.438467025756836,21.573908014893604,21.26432755672666,21.525536760271926,1089400
2025-01-13,21.5932559967041,21.651301867917077,21.496511647852493,21.525535506081468,1281800
2025-01-14,21.583581924438477,21.583581924438477,21.486837573134398,21.50618681244422,476300
2025-01-15,21.931861877441406,21.951211117656765,21.690001910484728,21.699676530592406,936700
2025-01-16,21.83511734008789,21.854466580142397,21.66097787008754,21.82544272006064,743300
2025-01-17,21.738372802734375,21.83511715695038,21.64163029376345,21.69000154824891,699600
2025-01-21,21.631956100463867,21.660978115629515,21.525537124202852,21.564235604750536,661300
2025-01-22,21.612606048583984,21.67065192198063,21.573907569489524,21.612606048583984,686100
2025-01-23,21.53521156311035,21.728698428485135,21.486838462832832,21.612606678309284,920300
2025-01-24,21.544885635375977,21.612606128797577,21.44814128252581,21.58358226936901,532200
2025-01-27,21.21595573425293,21.390095198622205,21.080514748741283,21.37074595919339,957900
2025-01-28,21.235305786132812,21.26432780114137,21.13856143053238,21.24497856097226,414700
2025-01-29,21.274002075195312,21.351397189367773,21.206281580950044,21.215956200877237,1188300
2025-01-30,21.293350219726562,21.409441962390993,21.264326361437966,21.28367560029703,862300
2025-01-31,21.25465202331543,21.29335050154574,21.099861800884206,21.20628077077255,1622200
2025-02-03,21.419116973876953,21.46749007191004,21.274001370267722,21.351396481875646,1027100
2025-02-04,21.47716522216797,21.554560335688148,21.119211668858977,21.138560908550286,1188200
2025-02-05,21.34172248840332,21.399770207746055,21.264327374524736,21.312700473977017,629800
2025-02-06,21.351396560668945,21.390095039238222,21.23530481545115,21.361071180311264,1111400
2025-02-07,21.36107063293457,21.47716422042249,21.341721394145754,21.457814981633675,562700
2025-02-10,21.670652389526367,21.680327009508712,21.535211400263698,21.535211400263698,1099800
2025-02-11,21.83511734008789,21.883490440224154,21.786746085196725,21.806095325251228,693700
2025-02-12,21.5932559967041,21.767395455588,21.5932559967041,21.719024203784688,801600
2025-02-13,21.699676513671875,21.70935113377201,21.544886282559908,21.544886282559908,717100
2025-02-14,21.7093505859375,21.87381543299934,21.699675966081504,21.82544233371935,1174400
2025-02-18,22.02860450744629,22.047953746145737,21.825441191592013,21.84479043029146,877300
2025-02-19,22.20274543762207,22.26079131232475,22.086651842971623,22.212418212368277,787400
2025-02-20,22.231767654418945,22.289815374894317,22.193071019347133,22.222093034339714,666700
2025-02-21,21.92218589782715,22.15437123027715,21.92218589782715,22.15437123027715,809600
2025-02-24,21.844791412353516,21.873815271707493,21.777070919105945,21.844791412353516,1058100
2025-02-25,21.60293197631836,21.815768080996907,21.49651300135654,21.815768080996907,1015600
2025-02-26,21.419116973876953,21.506186705091494,21.361071101482263,21.477164691516656,1308500
2025-02-27,21.44814109802246,21.5448854500404,21.41911723884357,21.496512351408914,1174400
2025-02-28,21.283676147460938,21.322374626173932,21.20628103527997,21.322374626173932,1814800
2025-03-03,21.148235321044922,21.380420659328966,21.080514828034374,21.370746039578165,3041000
2025-03-04,21.21595573425293,21.25465236786553,21.022467030454834,21.157909861211515,3014800
2025-03-05,21.157909393310547,21.157909393310547,20.90637482203365,20.993444552292768,2521500
2025-03-06,21.051490783691406,21.148235135103747,21.003117685362724,21.080514642688616,1985800
2025-03-07,21.235305786132812,21.33204829648814,21.099862950194165,21.186932685710044,1133900
2025-03-10,21.099863052368164,21.341723019917875,21.080515657350475,21.30302638463738,1741300
2025-03-11,21.21595573425293,21.332047480335756,21.186931875109703,21.28367622700875,2474400
2025-03-12,21.21595573425293,21.28367622700875,21.167582635680887,21.235304973681746,1231800
2025-03-13,21.138561248779297,21.332048113071423,21.138561248779297,21.157910488782036,1719400
2025-03-14,21.25465202331543,21.274001262430584,21.11921103999936,21.167582292542242,1467800
2025-03-17,21.399770736694336,21.448141992097163,21.341723015916806,21.361072256175984,1707800
2025-03-18,21.351396560668945,21.544885263025296,21.351396560668945,21.535210643382975,1660100
2025-03-19,21.48683738708496,21.52553586536952,21.380420262292436,21.399769501434715,1297400
2025-03-20,21.525535583496094,21.535210202940547,21.361070743430368,21.409441995407647,1301700
2025-03-21,21.399770736694336,21.448141992097163,21.380421496435158,21.438467371967576,1352900
2025-03-24,21.47716522216797,21.515861856305527,21.39977010864779,21.448141362631002,1766200
2025-03-25,21.506187438964844,21.573907933277034,21.39977031015072,21.535211298775103,1124200
2025-03-26,21.47716522216797,21.593256969825706,21.467490602322314,21.554560335688148,1089100
2025-03-27,21.53521156311035,21.564235423276866,21.380421332712487,21.42879258774491,875200
2025-03-28,21.467491149902344,21.515862405119385,21.36107217413073,21.515862405119385,2163300
2025-03-31,21.767396926879883,21.815768181952688,21.544886201152824,21.63195593647995,3256000
2025-04-01,21.777070999145508,21.844791492641978,21.72869790004442,21.815767633181324,3490500
2025-04-02,21.912511825561523,21.922186445310846,21.728697740814503,21.728697740814503,1848300
2025-04-03,21.032142639160156,21.119212375439062,20.983771383558597,20.993446003727932,3423800
2025-04-04,20.267866134643555,20.383957886393897,19.938936429275714,20.190471018394952,5190200
2025-04-07,19.948610305786133,20.567771212692882,19.900237206655884,20.026005419149477,5327500
2025-04-08,19.50358772277832,20.180796373042963,19.43586722680088,20.132423272169707,3650800
2025-04-09,20.20981788635254,20.267865605958665,19.194006781431302,19.358471629825175,3430100
2025-04-10,19.958282470703125,20.006655568355725,19.76479561582772,19.909911218295523,2439800
2025-04-11,20.248516082763672,20.287212716714553,19.958283024529333,19.958283024529333,1307900
2025-04-14,20.258190155029297,20.345259885621793,20.1324219462868,20.335585266084294,1178200
2025-04-15,20.20981788635254,20.277538380647943,20.122748152188425,20.20981788635254,816600
2025-04-16,20.46135139465332,20.500049872359,20.31623579374698,20.31623579374698,888200
2025-04-17,20.674190521240234,20.77093303058152,20.538747686721283,20.558096926687572,1411100
2025-04-21,20.500049591064453,20.59679393875618,20.412979862666393,20.567770080875174,1429400
2025-04-22,20.59679412841797,20.741909728669356,20.558095650886948,20.59679412841797,793700
2025-04-23,20.44200325012207,20.63549195851854,20.30656226139159,20.538747604320307,1443100
2025-04-24,20.625816345214844,20.635490964693236,20.432329491381967,20.558095854111087,1256400
2025-04-25,20.65484046936035,20.664515088963203,20.509724865807637,20.519397640165472,903200
2025-04-28,20.538747787475586,20.606468282444727,20.451678052445235,20.596795507659216,1274000
2025-04-29,20.277538299560547,20.451677767192415,20.277538299560547,20.393631893063482,1139000
2025-04-30,19.900236129760742,20.200141947158755,19.880886891155722,20.142096076588647,2553900
2025-05-01,19.996980667114258,20.08405039641733,19.822841208508112,19.900236318416958,3638200
2025-05-02,20.08405113220215,20.161446244946383,19.967957540463274,20.142097005449067,1948100
2025-05-05,19.967958450317383,20.093726667535634,19.909912574425565,20.055028186777673,1284200
2025-05-06,20.267866134643555,20.383957886393897,20.238842274083407,20.29688814995858,1388200
2025-05-07,20.01633071899414,20.219492198790697,19.98730685963247,20.219492198790697,1300700
2025-05-08,20.277538299560547,20.277538299560547,20.13242269161568,20.13242269161568,520000
2025-05-09,20.432329177856445,20.461351190601302,20.35493406846189,20.36460684254687,656600
2025-05-12,20.567771911621094,20.76125877898194,20.548422671311474,20.74191138391744,1209900
2025-05-13,20.887025833129883,20.91604969197878,20.65484049807376,20.69353713129394,445300
2025-05-14,20.780607223510742,20.867676956324633,20.76125798394209,20.80963108286372,449600
2025-05-15,20.57744598388672,20.616142618230516,20.442003150570756,20.5677713639895,490900
2025-05-16,20.500049591064453,20.55809546158151,20.46135111388978,20.509724210358122,626800
2025-05-19,20.471027374267578,20.587120969853423,20.42265611916645,20.49037661440607,683700
2025-05-20,20.732234954833984,20.732234954833984,20.52907163979961,20.558095497731653,680000
2025-05-21,20.70321273803711,20.848328348710655,20.693538117959527,20.838655573878174,921900
2025-05-22,20.59679412841797,20.645165380086773,20.51939717335593,20.558095650886948,634000
2025-05-23,20.712886810302734,20.732236049946156,20.55809658364548,20.59679506293232,444100
2025-05-27,20.529071807861328,20.58711952420062,20.451676697987246,20.58711952420062,624700
2025-05-28,20.46135139465332,20.64516547326534,20.46135139465332,20.61614161498608,590600
2025-05-29,20.354934692382812,20.4226551845232,20.31623621387687,20.412980564896714,358800
2025-05-30,20.20014190673828,20.287211635041697,20.103399404396665,20.287211635041697,419100
2025-06-02,20.625816345214844,20.6935368363186,20.51939737619752,20.674189442606806,1477700
2025-06-03,20.76125717163086,20.79028102984824,20.587119558061488,20.62581619043969,566700
2025-06-04,20.683862686157227,20.819305516682928,20.577445559970286,20.79995627728711,871500
2025-06-05,20.780607223510742,20.90637543546194,20.77093260372642,20.8386549422167,460200
2025-06-06,20.945072174072266,20.964421413737657,20.790281947239244,20.790281947239244,1122800
2025-06-09,20.964420318603516,21.003116950667817,20.848326731920686,20.93539646062157,737900
2025-06-10,20.91604995727539,21.05149094313146,20.877351478319348,20.983770450203423,463600
2025-06-11,21.25465202331543,21.312699740660893,21.041815928783752,21.041815928783752,829400
2025-06-12,21.25465202331543,21.303025121103314,21.167582292542242,21.225630009887702,796900
2025-06-13,21.912511825561523,22.028605417308338,21.719024966310222,21.738372360563822,1622600
2025-06-16,21.8641414642334,21.931861959996965,21.51586252002636,21.8641414642334,2231300
2025-06-17,22.328510284423828,22.367208761750135,22.01892984679323,22.12534881419561,1641600
2025-06-18,22.38655662536621,22.512324834073326,22.173720531336095,22.4349297230401,1790200
2025-06-20,22.50265121459961,22.56069708914295,22.41558148016206,22.44460534005627,989900
2025-06-23,21.670652389526367,22.522000495521933,21.670652389526367,22.492976635574895,3334200
2025-06-24,21.148235321044922,21.264327067564423,21.061165588532777,21.186931954803075,1732000
2025-06-25,21.119211196899414,21.235304787207824,21.051490704738267,21.080514563626622,1541900
2025-06-26,21.196605682373047,21.303024649907535,21.128885192212902,21.148234430900075,1288300
2025-06-27,21.090187072753906,21.196606042094402,21.022466581444498,21.157909409308306,873200
2025-06-30,21.099863052368164,21.157910773156576,21.051491796956267,21.099863052368164,1184000
2025-07-01,21.21595573425293,21.225630353967336,21.070840129026877,21.128886002068292,585700
2025-07-02,21.564233779907227,21.602930411935144,21.25465149745908,21.312699213368397,325600
2025-07-03,21.5545597076416,21.64162943847044,21.506186609822798,21.602930960215396,202000
2025-07-07,21.53521156311035,21.583582818142773,21.39009595276799,21.419117967689402,413100
2025-07-08,21.60293197631836,21.69967633126137,21.50618762137535,21.53521148143178,557200
2025-07-09,21.564233779907227,21.622279650571585,21.47716405128821,21.51586068331613,577300
2025-07-10,21.496511459350586,21.51586069800023,21.41911634999697,21.448140207971434,347400
2025-07-11,21.777070999145508,21.777070999145508,21.593256913051476,21.593256913051476,329700
2025-07-14,21.5932559967041,21.786744694407318,21.583581377294443,21.786744694407318,562500
2025-07-15,21.5545597076416,21.680326071480476,21.53521046851408,21.573907101524117,494700
2025-07-16,21.583581924438477,21.612605783403207,21.399769686730252,21.4674901790696,313600
2025-07-17,21.757720947265625,21.757720947265625,21.554559474360456,21.554559474360456,203300
2025-07-18,21.796419143676758,22.06730110405282,21.78674452434262,21.980231375290526,762500
2025-07-21,21.748046875,21.815767367672276,21.680326382327724,21.738372255297527,500600
2025-07-22,21.7093505859375,21.738372600260433,21.622280852478582,21.651302866801515,334000
2025-07-23,21.651302337646484,21.68032619650514,21.58358184555464,21.641629563271948,438200
2025-07-24,21.670652389526367,21.699676249473406,21.535211400263698,21.651303149561677,347300
2025-07-25,21.44814109802246,21.631955182332046,21.44814109802246,21.61260594287945,381900
2025-07-28,21.670652389526367,21.670652389526367,21.544886020246043,21.63195575484207,373300
2025-07-29,21.951210021972656,21.989906655226743,21.651302349339645,21.66097696896442,480300
2025-07-30,21.9028377532959,22.009256727953442,21.709350889208196,21.854466498585246,1038500
2025-07-31,21.719024658203125,21.78674515024265,21.63195492693945,21.719024658203125,656700
2025-08-01,21.370746612548828,21.71902555193511,21.341722752518272,21.71902555193511,505900
2025-08-04,21.293350219726562,21.39976918820644,21.196605870676215,21.225629728964815,558300
2025-08-05,21.10953712463379,21.244978112468026,21.10953712463379,21.225630717952466,225300
2025-08-06,21.06116485595703,21.39976915447706,21.012791758885612,21.322374044407766,530000
2025-08-07,21.12888526916504,21.24497701122096,21.11921064978622,21.17725652081418,332800
2025-08-08,21.12888526916504,21.28367548873625,21.051490159379433,21.196605759571824,536700
2025-08-11,21.157909393310547,21.19660602606738,21.080514282551885,21.128885534809175,220800
2025-08-12,21.07084083557129,21.11921209052027,21.051491595493655,21.109537470481456,201100
2025-08-13,21.04181671142578,21.109537205602653,20.91605034298946,21.099862585685234,527100
2025-08-14,21.12888526916504,21.13855988854386,21.022466301242968,21.0805140175159,394300
2025-08-15,21.06116485595703,21.119210727197757,21.00311713947133,21.00311713947133,192700
2025-08-18,21.080514907836914,21.148235401103825,20.906375442153397,20.94507207605804,658700
2025-08-19,20.91604995727539,21.003117844436407,20.88702609805836,20.993445069942435,379700
2025-08-20,21.148235321044922,21.157909940795722,21.04181634903118,21.061165588532777,443800
2025-08-21,21.274002075195312,21.303025934976887,21.11921184685039,21.14823570663197,546000
2025-08-22,21.36107063293457,21.399769110512203,21.254651664841056,21.254651664841056,252200
2025-08-25,21.467491149902344,21.535211645304244,21.390096034408018,21.409443429347768,162400
2025-08-26,21.30302619934082,21.39977055456823,21.27400233919907,21.332048214237478,236300
2025-08-27,21.32237434387207,21.380420215928027,21.26432662657111,21.28367586567143,565600
2025-08-28,21.457815170288086,21.525535661399356,21.274001090668214,21.341721581779485,147000
2025-08-29,21.48683738708496,21.50618662622724,21.42879151490313,21.50618662622724,447500
2025-09-02,21.83511734008789,21.854466580142397,21.61260661519637,21.68032711014204,630100
2025-09-03,21.641630172729492,21.78674578061938,21.612606313053487,21.767396540835378,820100
2025-09-04,21.48683738708496,21.52553586536952,21.41911689533199,21.477164612758827,414400
2025-09-05,21.312700271606445,21.419117398900863,21.25465255281489,21.419117398900863,419100
2025-09-08,21.457815170288086,21.486837183481494,21.361070820738416,21.477164409247017,316400
2025-09-09,21.51586151123047,21.651302496407293,21.506186891539976,21.593256623509372,252700
2025-09-10,21.66097640991211,21.690000268037355,21.544884667901062,21.554559287276145,282100
2025-09-11,21.496511459350586,21.554559175299516,21.42879096932179,21.457814827296257,251100
2025-09-12,21.62228012084961,21.728697245174647,21.60293088179233,21.66097675371917,300700
2025-09-15,21.815767288208008,21.835116527542475,21.748046795782404,21.76739603511687,267000
2025-09-16,22.038280487060547,22.047955107007418,21.93186151289007,21.95121075278381,195800
2025-09-17,21.806095123291016,21.999581986308772,21.76739664354042,21.970558126495828,448000
2025-09-18,21.7093505859375,21.844791573431348,21.66097748665751,21.81576771386335,190700
2025-09-19,21.53521156311035,21.680327173452714,21.52553694305485,21.62228129836479,205000
2025-09-22,21.53521156311035,21.544886183165858,21.43846720780041,21.448141827855917,325700
2025-09-23,21.757720947265625,21.76739556672468,21.61260534586979,21.61260534586979,318500
2025-09-24,21.9028377532959,21.922186993278196,21.786746003892294,21.8254426386118,309300
2025-09-25,22.057626724243164,22.057626724243164,21.844790632315785,21.91251112314518,1415100
2025-09-26,22.067302703857422,22.222092933935496,22.01893144892493,22.038280688995965,407600
2025-09-29,21.88348960876465,21.960884720796958,21.85446574978565,21.93186086181796,192200
2025-09-30,21.796419143676758,21.844790395102493,21.73837142767192,21.76739528567434,377300
2025-10-01,21.757720947265625,21.786744805642787,21.57390686803358,21.61260534586979,565700
2025-10-02,21.612606048583984,21.786745514018968,21.55456017518734,21.719025020848704,303300
2025-10-03,21.680326461791992,21.757721574450414,21.660977222316127,21.680326461791992,356900
2025-10-06,21.9028377532959,21.922186993278196,21.815768018620652,21.815768018620652,179600
2025-10-07,21.989906311035156,21.989906311035156,21.835116089951587,21.883489187318318,241800
2025-10-08,22.018930435180664,22.09632554665646,21.989906576410363,22.018930435180664,292500
2025-10-09,21.815767288208008,22.106000342489914,21.786745274451334,22.106000342489914,168400
2025-10-10,21.351396560668945,21.68032624752773,21.322374546987007,21.631954994561152,464200
2025-10-13,21.62228012084961,21.65130213419053,21.506186531750934,21.573907023206413,282700
2025-10-14,21.380420684814453,21.477165037192716,21.30302557196085,21.34172220576513,205300
2025-10-15,21.457815170288086,21.506186422440425,21.380420059697347,21.486837183481494,164500
2025-10-16,21.419116973876953,21.593256436306035,21.37074572108888,21.496512085484877,279200
2025-10-17,21.399770736694336,21.438467371967576,21.322375620902744,21.40944351157881,1650600
2025-10-20,21.612606048583984,21.612606048583984,21.438466583149005,21.438466583149005,185200
2025-10-21,21.390094757080078,21.486837261737097,21.26432654863396,21.44814062892329,534200
2025-10-22,21.728696823120117,21.786744539164445,21.515860733359137,21.5448845913813,397200
2025-10-23,22.096324920654297,22.21241666195653,22.04795366931919,22.04795366931919,472300
2025-10-24,22.106000900268555,22.21241802880318,22.09632628035721,22.1156755201799,268900
2025-10-27,22.057626724243164,22.14469645395095,22.03827933060975,22.105999821439145,294900
2025-10-28,21.85446548461914,21.96088445433924,21.84479086507686,21.893162117543266,181200
2025-10-29,21.970558166503906,22.10600100063256,21.95121077183845,21.980232786459172,191000
2025-10-30,21.98023223876953,22.047954576768934,21.815767394118186,21.89316250658676,183000
2025-10-31,22.13502311706543,22.15437235706496,22.018931367558412,22.086651862311687,611000
2025-11-03,22.299488067626953,22.318837307714173,22.096326582446455,22.21241833247957,786100
2025-11-04,22.144697189331055,22.22209230216978,22.02860544269549,22.086651316013274,480200
2025-11-05,22.076976776123047,22.241441622155968,22.057627536532106,22.13502264965083,375600
2025-11-06,22.106000900268555,22.13502291475751,21.989907306577514,22.09632628035721,556000
2025-11-07,22.15437126159668,22.19306973968222,22.067301531149216,22.183395120160835,305600
2025-11-10,22.39623260498047,22.40590722510277,22.20274573826983,22.280140854003108,254400
2025-11-11,22.54134750366211,22.560696743294965,22.444604995987937,22.444604995987937,268300
2025-11-12,22.289813995361328,22.376881880195484,22.25111551743949,22.357534486479555,808900
2025-11-13,22.173721313476562,22.38655741501411,22.173721313476562,22.338186160879005,291100
2025-11-14,22.222091674804688,22.34785988289513,22.13502194466361,22.202744281074995,787700
2025-11-17,22.193069458007812,22.299486580902403,22.173720219210626,22.202744077406408,353400
2025-11-18,22.376882553100586,22.396231792643363,22.14469721432238,22.22209232724845,352200
2025-11-19,22.15437126159668,22.222091753001376,22.05762691162783,22.19306973968222,965000
2025-11-20,21.94153594970703,22.241441784576555,21.93186132984091,22.241441784576555,287000
2025-11-21,21.796419143676758,21.864139633770773,21.680325556912045,21.777069905008478,528600
2025-11-24,21.9028377532959,21.922186993278196,21.670652409243605,21.719025509199344,516300
2025-11-25,21.786745071411133,21.825441704474407,21.64162946824509,21.73837197352578,224600
2025-11-26,22.018930435180664,22.047954293950966,21.835116353458776,21.835116353458776,983400
2025-11-28,22.309162139892578,22.338185999310756,22.173721153097855,22.193070392709974,236100
2025-12-01,22.367210388183594,22.40590702307877,22.318837288008258,22.357535768148527,679600
2025-12-02,22.270465850830078,22.36721020514396,22.231767371006494,22.318837105364477,525000
2025-12-03,22.376882553100586,22.44460489150031,22.318836679717297,22.396231792643363,140800
2025-12-04,22.4349308013916,22.463952816145902,22.29948796663955,22.36721030663812,195700
2025-12-05,22.570371627807617,22.676790601791307,22.541347768017953,22.541347768017953,502700
2025-12-08,22.289813995361328,22.434929597078238,22.289813995361328,22.41558035811732,784600
2025-12-09,22.24144172668457,22.28981482588927,22.20274509256587,22.28014020604833,294700
2025-12-10,22.376882553100586,22.405906412414755,22.183395693407938,22.23176694701984,387200
2025-12-11,22.357534408569336,22.36720902801608,22.202744187911367,22.202744187911367,534800
2025-12-12,22.173721313476562,22.36721002050711,22.115675439465424,22.36721002050711,425800
2025-12-15,22.067302703857422,22.154372438931976,21.989907588818383,22.135023198860942,252700
2025-12-16,21.844791412353516,21.941535764955063,21.825442172784197,21.912511905601086,392500
2025-12-17,22.106000900268555,22.1156755201799,21.970558066754826,21.999581926488855,504000
2025-12-18,21.951210021972656,22.096325625854266,21.931860782723103,22.0479543729754,211500
2025-12-19,22.106000900268555,22.13502291475751,21.98023268666617,22.028605786222883,282700
2025-12-22,22.389999389648438,22.40999984741211,22.34000015258789,22.3799991607666,511600
2025-12-23,22.639999389648438,22.649999618530273,22.420000076293945,22.479999542236328,642400
2025-12-24,22.6299991607666,22.670000076293945,22.559999465942383,22.670000076293945,362800
2025-12-26,22.700000762939453,22.760000228881836,22.6299991607666,22.709999084472656,686500
2025-12-29,22.489999771118164,22.610000610351562,22.469999313354492,22.59000015258789,539300
2025-12-30,22.639999389648438,22.729999542236328,22.6200008392334,22.719999313354492,597600
2025-12-31,22.360000610351562,22.559999465942383,22.350000381469727,22.520000457763672,931400
2026-01-02,22.389999389648438,22.420000076293945,22.290000915527344,22.389999389648438,825300
2026-01-05,22.809999465942383,22.81999969482422,22.6299991607666,22.6299991607666,860000
2026-01-06,22.799999237060547,22.979999542236328,22.780000686645508,22.940000534057617,581700
2026-01-07,22.59000015258789,22.709999084472656,22.510000228881836,22.709999084472656,660000
2026-01-08,22.8799991607666,22.899999618530273,22.600000381469727,22.610000610351562,776600
2026-01-09,22.899999618530273,23.059999465942383,22.889999389648438,22.969999313354492,220500
2026-01-12,23.190000534057617,23.25,23.059999465942383,23.059999465942383,320900
2026-01-13,23.3700008392334,23.469999313354492,23.299999237060547,23.350000381469727,826200
2026-01-14,23.389999389648438,23.649999618530273,23.260000228881836,23.56999969482422,1316500
2026-01-15,23.200000762939453,23.309999465942383,23.1200008392334,23.18000030517578,490100
2026-01-16,23.15999984741211,23.239999771118164,23.09000015258789,23.200000762939453,506600
2026-01-20,23.479999542236328,23.59000015258789,23.450000762939453,23.510000228881836,427900
2026-01-21,23.75,23.790000915527344,23.649999618530273,23.780000686645508,693400
2026-01-22,23.739999771118164,23.760000228881836,23.649999618530273,23.719999313354492,409300
2026-01-23,24.18000030517578,24.200000762939453,24.049999237060547,24.049999237060547,890600
2026-01-26,24.290000915527344,24.5,24.190000534057617,24.350000381469727,749000
2026-01-27,24.6200008392334,24.6299991607666,24.229999542236328,24.299999237060547,928600
2026-01-28,24.940000534057617,24.969999313354492,24.709999084472656,24.770000457763672,557400
2026-01-29,25.299999237060547,25.690000534057617,24.770000457763672,25.670000076293945,1001600
2026-01-30,24.43000030517578,24.860000610351562,23.950000762939453,24.790000915527344,2266600
2026-02-02,23.540000915527344,23.760000228881836,23.389999389648438,23.65999984741211,3064300
2026-02-03,24.149999618530273,24.170000076293945,23.8700008392334,23.969999313354492,1165100
2026-02-04,24.190000534057617,24.270000457763672,23.93000030517578,24.18000030517578,1310400
2026-02-05,23.760000228881836,24.010000228881836,23.639999389648438,23.860000610351562,916100
2026-02-06,24.010000228881836,24.149999618530273,23.829999923706055,23.84000015258789,913000
2026-02-09,24.25,24.290000915527344,23.969999313354492,23.979999542236328,630400
2026-02-10,24.139999389648438,24.229999542236328,24.030000686645508,24.229999542236328,383500
2026-02-11,24.3700008392334,24.43000030517578,24.25,24.43000030517578,1026000
2026-02-12,23.799999237060547,24.299999237060547,23.770000457763672,24.280000686645508,1756500
2026-02-13,23.8799991607666,23.950000762939453,23.739999771118164,23.850000381469727,250700
2026-02-17,23.59000015258789,23.690000534057617,23.520000457763672,23.65999984741211,387600
2026-02-18,24.209999084472656,24.239999771118164,23.969999313354492,23.969999313354492,408500
2026-02-19,24.43000030517578,24.43000030517578,24.209999084472656,24.290000915527344,278800
2026-02-20,24.600000381469727,24.639999389648438,24.40999984741211,24.450000762939453,350500
2026-02-23,24.75,24.850000381469727,24.639999389648438,24.739999771118164,747300
2026-02-24,24.719999313354492,24.75,24.6200008392334,24.690000534057617,778600
2026-02-25,24.75,24.93000030517578,24.68000030517578,24.760000228881836,785400
2026-02-26,24.760000228881836,24.8700008392334,24.510000228881836,24.59000015258789,386400
2026-02-27,25.100000381469727,25.110000610351562,24.940000534057617,25.100000381469727,467900
2026-03-02,25.809999465942383,25.950000762939453,25.510000228881836,25.889999389648438,1707300
2026-03-03,25.90999984741211,26.389999389648438,25.579999923706055,26.3700008392334,1299200
2026-03-04,26.139999389648438,26.190000534057617,25.920000076293945,26.040000915527344,539700
2026-03-05,26.520000457763672,26.739999771118164,26.31999969482422,26.350000381469727,1300900
2026-03-06,27.510000228881836,27.65999984741211,27.25,27.309999465942383,4462900
2026-03-09,27.139999389648438,28.610000610351562,26.690000534057617,28.3799991607666,5116100
2026-03-10,27.600000381469727,27.639999389648438,26.600000381469727,27.56999969482422,2497600
2026-03-11,28.1299991607666,28.149999618530273,27.350000381469727,27.670000076293945,1225700
2026-03-12,28.860000610351562,28.93000030517578,28.489999771118164,28.719999313354492,1770100
2026-03-13,28.709999084472656,28.790000915527344,28.219999313354492,28.520000457763672,1135600
2026-03-16,28.309999465942383,28.700000762939453,28.200000762939453,28.6200008392334,1232000
2026-03-17,28.760000228881836,28.770000457763672,28.540000915527344,28.690000534057617,449800
2026-03-18,29.270000457763672,29.299999237060547,28.889999389648438,28.969999313354492,873400
2026-03-19,28.84000015258789,29.25,28.540000915527344,29.049999237060547,1052100
2026-03-20,28.940000534057617,29.139999389648438,28.739999771118164,28.920000076293945,1959900
2026-03-23,27.75,28.1299991607666,27.40999984741211,28.110000610351562,2131000
2026-03-24,28.239999771118164,28.399999618530273,28.059999465942383,28.18000030517578,1491900
2026-03-25,28.170000076293945,28.239999771118164,27.780000686645508,27.780000686645508,910100
2026-03-26,28.440000534057617,28.65999984741211,28.399999618530273,28.440000534057617,569700
2026-03-27,29.100000381469727,29.219999313354492,28.799999237060547,28.850000381469727,595300
2026-03-30,29.260000228881836,29.440000534057617,29.139999389648438,29.389999389648438,1067800
2026-03-31,28.950000762939453,29.3799991607666,28.829999923706055,29.280000686645508,6393700
2026-04-01,28.68000030517578,28.799999237060547,28.510000228881836,28.719999313354492,7866900
2026-04-02,29.329999923706055,29.479999542236328,29.030000686645508,29.469999313354492,1765000
2026-04-06,29.479999542236328,29.610000610351562,29.270000457763672,29.389999389648438,1310900
2026-04-07,29.3700008392334,29.760000228881836,29.110000610351562,29.610000610351562,2210100
2026-04-08,28.559999465942383,28.639999389648438,28.0,28.030000686645508,3558100
2026-04-09,28.709999084472656,28.950000762939453,28.450000762939453,28.799999237060547,948000
2026-04-10,28.5,28.780000686645508,28.469999313354492,28.6299991607666,496600
2026-04-13,28.959999084472656,29.34000015258789,28.8799991607666,29.209999084472656,1206800
2026-04-14,28.84000015258789,29.06999969482422,28.729999542236328,29.040000915527344,958000
2026-04-15,28.889999389648438,29.040000915527344,28.799999237060547,28.84000015258789,770300
2026-04-16,29.110000610351562,29.270000457763672,29.049999237060547,29.049999237060547,556700
2026-04-17,28.290000915527344,28.350000381469727,27.84000015258789,28.079999923706055,4703400
2026-04-20,28.670000076293945,28.81999969482422,28.520000457763672,28.540000915527344,1226200
2026-04-21,29.209999084472656,29.280000686645508,28.729999542236328,28.770000457763672,804300
2026-04-22,29.510000228881836,29.579999923706055,29.329999923706055,29.329999923706055,1232600
2026-04-23,29.889999389648438,30.040000915527344,29.5,29.520000457763672,1074300
2026-04-24,29.860000610351562,29.899999618530273,29.579999923706055,29.739999771118164,974000
2026-04-27,30.09000015258789,30.25,29.969999313354492,30.0,1478500
2026-04-28,30.34000015258789,30.350000381469727,30.110000610351562,30.190000534057617,1564500
2026-04-29,31.079999923706055,31.110000610351562,30.829999923706055,30.829999923706055,1886200
2026-04-30,31.100000381469727,31.110000610351562,30.790000915527344,30.790000915527344,2145400
2026-05-01,30.809999465942383,30.90999984741211,30.59000015258789,30.8799991607666,1626300
2026-05-04,31.329999923706055,31.459999084472656,30.8700008392334,30.889999389648438,2479300
2026-05-05,31.200000762939453,31.270000457763672,31.059999465942383,31.190000534057617,699700
2026-05-06,30.209999084472656,30.43000030517578,30.1200008392334,30.3700008392334,1739900
2026-05-07,30.25,30.3700008392334,29.56999969482422,29.739999771118164,5368300
2026-05-08,30.299999237060547,30.420000076293945,30.1299991607666,30.1299991607666,1309900
2026-05-11,31.059999465942383,31.170000076293945,30.739999771118164,30.739999771118164,3213600
2026-05-12,31.690000534057617,31.700000762939453,31.3700008392334,31.479999542236328,1301900
2026-05-13,31.3700008392334,31.719999313354492,31.309999465942383,31.600000381469727,777700
2026-05-14,31.149999618530273,31.190000534057617,30.959999084472656,31.049999237060547,679000
2026-05-15,31.190000534057617,31.239999771118164,30.989999771118164,31.030000686645508,832200
2026-05-18,31.3799991607666,31.790000915527344,31.190000534057617,31.239999771118164,1514300
2026-05-19,31.610000610351562,31.690000534057617,31.40999984741211,31.6200008392334,960000
2026-05-20,30.8799991607666,31.40999984741211,30.670000076293945,31.360000610351562,1344200
2026-05-21,30.700000762939453,31.290000915527344,30.43000030517578,31.290000915527344,751900
2026-05-22,30.540000915527344,30.780000686645508,30.31999969482422,30.600000381469727,863100
2026-05-26,30.030000686645508,30.309999465942383,29.989999771118164,30.1299991607666,1488800
2026-05-27,29.489999771118164,29.68000030517578,29.399999618530273,29.420000076293945,936800
2026-05-28,29.719999313354492,29.729999542236328,29.270000457763672,29.68000030517578,918700
2026-05-29,29.479999542236328,29.59000015258789,29.290000915527344,29.530000686645508,1035300
2026-06-01,29.989999771118164,30.309999465942383,29.84000015258789,30.040000915527344,1643000
2026-06-02,30.1200008392334,30.149999618530273,29.950000762939453,30.0,715900
2026-06-03,30.290000915527344,30.3700008392334,30.170000076293945,30.299999237060547,507500
2026-06-04,29.8799991607666,29.969999313354492,29.75,29.959999084472656,781200
2026-06-05,29.229999542236328,29.6200008392334,29.200000762939453,29.610000610351562,1126100
2026-06-08,29.469999313354492,29.579999923706055,29.40999984741211,29.479999542236328,654200
2026-06-09,29.06999969482422,29.329999923706055,28.81999969482422,29.270000457763672,2689200
2026-06-10,29.170000076293945,29.389999389648438,29.1200008392334,29.1200008392334,930800
2026-06-11,28.850000381469727,29.31999969482422,28.770000457763672,29.170000076293945,1377400
2026-06-12,28.549999237060547,28.8799991607666,28.510000228881836,28.6299991607666,1080700
2026-06-15,28.219999313354492,28.25,28.100000381469727,28.18000030517578,1070000
2026-06-16,27.899999618530273,28.040000915527344,27.760000228881836,27.899999618530273,463800
2026-06-17,27.709999084472656,28.350000381469727,27.68000030517578,27.969999313354492,1454800
2026-06-18,27.6299991607666,27.700000762939453,27.280000686645508,27.530000686645508,1121200
2026-06-22,27.40999984741211,27.540000915527344,27.31999969482422,27.510000228881836,585400
2026-06-23,27.1200008392334,27.18000030517578,27.030000686645508,27.09000015258789,572900
2026-06-24,26.450000762939453,26.65999984741211,26.40999984741211,26.530000686645508,1050800
2026-06-25,26.93000030517578,27.0,26.530000686645508,26.549999237060547,529600
2026-06-26,26.56999969482422,26.639999389648438,26.489999771118164,26.610000610351562,522300
2026-06-29,26.559999465942383,26.649999618530273,26.5,26.6200008392334,728700
2026-06-30,26.65999984741211,26.790000915527344,26.56999969482422,26.760000228881836,1480300
2026-07-01,26.450000762939453,26.709999084472656,26.440000534057617,26.579999923706055,1940200
2026-07-02,26.56999969482422,26.600000381469727,26.43000030517578,26.469999313354492,830200
2026-07-06,27.0,27.020000457763672,26.75,26.75,774900
2026-07-07,27.350000381469727,27.389999389648438,27.059999465942383,27.09000015258789,781000
2026-07-08,27.799999237060547,27.959999084472656,27.559999465942383,27.670000076293945,1394400
2026-07-09,27.579999923706055,27.760000228881836,27.510000228881836,27.75,448800
2026-07-10,27.520000457763672,27.670000076293945,27.420000076293945,27.5,509700
2026-07-13,28.329999923706055,28.389999389648438,27.790000915527344,27.850000381469727,770500
2026-07-14,28.6299991607666,28.719999313354492,28.399999618530273,28.65999984741211,867800
2026-07-15,28.790000915527344,28.81999969482422,28.469999313354492,28.75,609200
2026-07-16,28.459999084472656,28.729999542236328,28.420000076293945,28.719999313354492,521700
2026-07-17,28.979999542236328,29.020000457763672,28.719999313354492,28.739999771118164,4318800
2026-07-20,29.139999389648438,29.219999313354492,28.93000030517578,28.989999771118164,809000
2026-07-21,29.56999969482422,29.600000381469727,29.43000030517578,29.450000762939453,924700
2026-07-22,29.860000610351562,29.959999084472656,29.790000915527344,29.860000610351562,1198400
2026-07-23,30.309999465942383,30.56999969482422,30.280000686645508,30.280000686645508,1268000
2026-07-24,30.100000381469727,30.149999618530273,29.8700008392334,30.079999923706055,817400
2026-07-27,29.010000228881836,29.43000030517578,29.010000228881836,29.43000030517578,820900
2026-07-28,28.600000381469727,28.920000076293945,28.459999084472656,28.8799991607666,533000
2026-07-29,29.420000076293945,29.5,29.219999313354492,29.25,1143500
2026-07-30,29.31999969482422,29.399999618530273,29.239999771118164,29.299999237060547,640900
2026-07-31,29.450000762939453,29.559999465942383,29.290000915527344,29.540000915527344,1294100
2026-08-03,28.8799991607666,29.350000381469727,28.600000381469727,29.350000381469727,1391100
2026-08-04,28.309999465942383,28.479999542236328,28.200000762939453,28.43000030517578,1680600
2026-08-05,28.479999542236328,28.559999465942383,28.31999969482422,28.489999771118164,632200
2026-08-06,28.860000610351562,28.93000030517578,28.610000610351562,28.649999618530273,788800
2026-08-07,28.90999984741211,29.149999618530273,28.8700008392334,28.8700008392334,1114500
2026-08-10,29.93000030517578,29.969999313354492,29.40999984741211,29.489999771118164,1199800
2026-08-11,29.969999313354492,30.0,29.709999084472656,29.709999084472656,314800
