Date,Close,High,Low,Open,Volume
2005-12-12,103.47545623779297,103.7264430030684,103.40622374630595,103.52738886016257,601000
2005-12-13,103.4668197631836,103.76973258723093,103.2504525170063,103.32834155618804,155100
2005-12-14,103.94282531738281,104.35825334165757,103.8822427516557,104.22843167138393,441400
2005-12-15,103.64851379394531,103.91680692733591,103.3802140575538,103.84756785968644,562400
2005-12-16,104.0466537475586,104.05531028386321,103.83894309726556,103.83894309726556,281600
2005-12-19,103.97742462158203,104.02935063837789,103.81298343105763,103.83029650532502,48200
2005-12-20,102.7571029663086,103.26772633637718,102.55804225744994,103.26772633637718,126600
2005-12-21,102.51477813720703,102.58401722688573,102.23782838149523,102.54074774808882,468800
2005-12-22,102.87828063964844,103.03406529080704,102.73114592249645,102.73114592249645,268900
2005-12-23,102.87828063964844,102.88693057365505,102.5926743453572,102.60133088236685,3400
2005-12-27,102.54939270019531,102.783072965758,102.54939270019531,102.66190786620798,53500
2005-12-28,102.54939270019531,103.40621153658822,102.41957106410524,103.40621153658822,5600
2005-12-29,102.64456939697266,102.6705323971664,102.4714783270136,102.53206086179938,94400
2005-12-30,102.56669616699219,102.56669616699219,102.09068574691207,102.09934228264137,94200
2006-01-03,104.12360382080078,104.21890803067936,103.17056833210027,103.17056833210027,118600
2006-01-04,105.13727569580078,105.25857074822595,104.60011378079925,104.82537224382621,227200
2006-01-05,104.91202545166016,105.01599548704237,104.74741449157857,104.77340534790274,264900
2006-01-06,105.37125396728516,105.46655820991096,105.12865714327285,105.26728389985131,145800
2006-01-09,104.77339935302734,104.81672185114586,104.53080922776812,104.75607431983104,111400
2006-01-10,104.65211486816406,104.70409658309222,104.40085889586827,104.44418139836561,85000
2006-01-11,105.15460968017578,105.30189558853252,104.9033537488165,104.94666963417068,184900
2006-01-12,104.35755157470703,104.40953990728399,104.14095225088234,104.29690402843958,225000
2006-01-13,105.22396087646484,105.31926511862923,104.50485606298015,104.50485606298015,66700
2006-01-17,104.97266387939453,104.98998891098813,104.5481245893792,104.66076043003346,76700
2006-01-18,105.0073471069336,105.47520242873742,104.70410938264037,105.34524151544414,469900
2006-01-19,104.88606262207031,105.09400274839868,104.6608040670122,104.6608040670122,43200
2006-01-20,105.24996948242188,105.2759603493815,104.71280066159922,104.97272255137204,52500
2006-01-23,106.7228012084961,106.73146703082065,106.38490684878049,106.48021106409368,161100
2006-01-24,106.49755096435547,106.64483691400393,106.39358752229143,106.44556924332345,153600
2006-01-25,106.19430541992188,106.5148747662103,106.13365787982256,106.5148747662103,162100
2006-01-26,105.93437957763672,106.3155964495001,105.8564070048024,106.22895805410003,44600
2006-01-27,104.9813461303711,106.06434261998065,104.87738269782362,105.995029258225,272400
2006-01-30,104.88606262207031,104.96404182196527,104.7214516180028,104.91205348533953,216000
2006-01-31,105.48385620117188,105.7524372105634,105.13729600867858,105.13729600867858,467300
2006-02-01,104.70556640625,105.14805946564152,104.64483258394058,104.98320768244876,133100
2006-02-02,104.98322296142578,105.06998463171055,104.60146366878344,104.68823195855933,54100
2006-02-03,104.34992218017578,104.37595665676388,104.01154679898318,104.02022495784588,243700
2006-02-06,103.81192779541016,104.03751344228682,103.69913166222612,103.93339546230727,151500
2006-02-07,103.89000701904297,104.06353697849862,103.6817776871873,104.03750913945305,190500
2006-02-08,103.8032455444336,103.8726575283465,103.56031022022955,103.82060185015737,196800
2006-02-09,104.06354522705078,104.080894914626,103.73384158769679,104.03751738594212,26300
2006-02-10,103.3347396850586,104.39324942621703,103.27400584513109,104.3672215833184,259000
2006-02-13,103.38678741455078,103.44752124591585,103.24796344600712,103.30869727737219,49000
2006-02-14,103.48224639892578,103.50828086413202,103.08313731917009,103.10049362930756,69300
2006-02-15,103.21326446533203,103.777225291742,103.15253062984121,103.63840131376777,22800
2006-02-16,103.30006408691406,103.30006408691406,103.10051281963969,103.13521882688175,145800
2006-02-17,103.65573120117188,103.72514317246738,103.16986064108313,103.16986064108313,184400
2006-02-21,103.5169448852539,103.61238472560355,103.29136582578417,103.42150504490428,56400
2006-02-22,103.42147064208984,103.51691045069174,103.20456318972012,103.28265331470809,23400
2006-02-23,103.50825500488281,103.7858963222848,103.48222054618071,103.7858963222848,26100
2006-02-24,103.0918197631836,103.39548900829513,103.0918197631836,103.36946116149888,116300
2006-02-27,102.9443359375,103.09183149913174,102.88360208156377,102.97904194367698,45400
2006-02-28,103.59506225585938,103.7165299719487,103.20462463743443,103.23065910759135,150800
2006-03-01,103.55679321289062,103.93905196292783,103.38304285095631,103.93905196292783,73300
2006-03-02,104.66014862060547,104.67752100886841,103.75663198342001,103.78269387989079,327700
2006-03-03,104.62535858154297,104.72961275708144,104.3212921880769,104.72961275708144,156200
2006-03-06,104.4776840209961,104.58193158223742,104.25180325805465,104.50374591130642,73200
2006-03-07,103.33091735839844,103.53941911490024,103.20929078142645,103.49597821105966,1895300
2006-03-08,103.70451354980469,103.79138875191444,103.49600511095761,103.60025933038115,913800
2006-03-09,103.61760711669922,103.73924032455609,103.53942144181067,103.73924032455609,748300
2006-03-10,103.66104125976562,103.66104125976562,103.20059686260811,103.27009965452083,25400
2006-03-13,104.02591705322266,104.08673033681583,103.73054014095605,103.73054014095605,25400
2006-03-14,104.51246643066406,104.64277592088396,104.09545617750102,104.09545617750102,189700
2006-03-15,104.99893951416016,105.04238041586898,104.71224547044439,104.86862343718471,59800
2006-03-16,105.9285659790039,106.03282021362344,105.459431865447,105.459431865447,50000
2006-03-17,106.1109848022461,106.20654950792466,105.65922979843597,105.96329630370747,102400
2006-03-20,105.87642669677734,105.97199140750197,105.7200486817873,105.89379908593044,67900
2006-03-21,105.18140411376953,105.52022201671936,105.09452891806619,105.52022201671936,191000
2006-03-22,105.11190032958984,105.37253254243149,105.08583843393619,105.26827833166433,59900
2006-03-23,104.23446655273438,105.00766716130815,104.10415042842514,105.00766716130815,129800
2006-03-24,104.76438903808594,104.86864324498823,104.2170693651914,104.28657216979295,114400
2006-03-27,104.53848266601562,104.77304627410655,104.52110365614209,104.7209225007864,49700
2006-03-28,104.53848266601562,105.25955912831216,104.45160750109862,105.24218011843863,181400
2006-03-29,104.78174591064453,104.88600009551566,104.44292809500196,104.44292809500196,51700
2006-03-30,105.88506317138672,105.91981456261558,105.46805973294067,105.58968628816662,66200
2006-03-31,105.52019500732422,105.72001387163273,105.33775515459952,105.42463032806592,30900
2006-04-03,105.71422576904297,105.76643913723662,104.85278153888702,104.88758823811642,76600
2006-04-04,106.77582550048828,106.88024561640566,106.59309527665803,106.59309527665803,133300
2006-04-05,107.0281753540039,107.20220225194481,106.81063841222748,106.9933686466756,241000
2006-04-06,106.50605773925781,106.6278778609202,106.271114191267,106.4277410103613,99300
2006-04-07,105.4010238647461,105.9666213871992,105.3575204483742,105.9666213871992,96000
2006-04-10,105.41841125488281,105.592438165935,105.20957763387996,105.42711459204575,112800
2006-04-11,105.87089538574219,105.8969987610396,105.61855169336428,105.61855169336428,97900
2006-04-12,105.4532241821289,105.68816118977085,105.3923140957994,105.49672759310626,82200
2006-04-13,105.54022979736328,105.55762983272047,105.25307942371197,105.29658947015646,41500
2006-04-17,106.77582550048828,107.06297584023591,106.54958523535073,106.60179861265954,219700
2006-04-18,107.33269500732422,107.34139834133903,106.89762124836571,107.0455447331239,227600
2006-04-19,107.97661590576172,108.03753261283596,107.18478501689083,107.20218504841236,116400
2006-04-20,107.41973114013672,107.55895795901166,107.13258744393234,107.42843447599144,95300
2006-04-21,107.6285629272461,107.72427969804062,107.31530924804575,107.41102601884027,79200
2006-04-24,108.18549346923828,108.23770022052777,107.5241791851969,107.74171616717219,129700
2006-04-25,108.38563537597656,108.46395214999522,107.81134113421751,108.35082865849078,72800
2006-04-26,108.59440612792969,108.74232960347476,108.30725587161398,108.42037265196639,130200
2006-04-27,109.29927062988281,109.40369076053535,108.40301941756063,108.49003287375382,157400
2006-04-28,110.1694107055664,110.1694107055664,109.49069650090686,109.50809653543887,108500
2006-05-01,109.75714874267578,110.62000384094752,109.47824574881157,110.52413031340934,294600
2006-05-02,110.1058120727539,110.32370530966686,109.96635720933415,110.16682191310659,125600
2006-05-03,110.15807342529297,110.44569401324576,109.86174189800003,110.13192730812852,87300
2006-05-04,110.88146209716797,110.99476413607138,110.16677286427284,110.17549045174877,98200
2006-05-05,111.06448364257812,111.31724046484747,110.98603866001224,111.31724046484747,105900
2006-05-08,110.87276458740234,111.22139500429216,110.73331641038969,111.20395982618301,146900
2006-05-09,111.212646484375,111.50898458366296,111.0034709522466,111.03833464919639,246500
2006-05-10,111.55261993408203,111.92739656831456,111.3695904126532,111.45674637768018,329400
2006-05-11,112.02323150634766,112.2585598453258,111.17780497292915,111.29111367301923,236700
2006-05-12,112.81636047363281,112.83379564954753,112.17139195621444,112.58974308416936,373500
2006-05-15,111.56130981445312,112.10168065314065,111.5438812856064,111.82278429415965,442800
2006-05-16,112.18885803222656,112.24115027523092,111.79665291054762,112.18885803222656,121400
2006-05-17,111.29113006591797,112.19755990272371,110.89020738629203,112.1801380225615,188200
2006-05-18,111.91863250732422,112.00578178141424,111.53513846373203,111.70945031105353,155100
2006-05-19,111.50030517578125,111.5177337054387,110.85534318529503,111.24754827352675,145000
2006-05-22,112.35448455810547,112.45906906790371,111.3434566328916,111.37832035268256,122500
2006-05-23,112.22368621826172,112.371851968365,111.78789990649582,111.82277025895708,54400
2006-05-24,111.57001495361328,112.18883741344158,111.18652749277257,112.17140223592907,88000
2006-05-25,111.64844512939453,111.89248437105829,111.43054534982832,111.53513644607163,68400
2006-05-26,111.11674499511719,111.50023891541053,110.93371561940498,111.50023891541053,110500
2006-05-30,112.345703125,112.70305108376324,111.9970794037116,112.10166386026961,131000
2006-05-31,111.94482421875,112.34574030098332,111.90124291438197,112.29344805540045,78900
2006-06-01,111.74402618408203,111.99719038219791,111.17657471902339,111.28133714133764,106000
2006-06-02,112.83523559570312,113.00110770587591,112.66936348553034,112.77411920946214,241700
2006-06-05,112.80033111572266,113.24555630145991,112.79159259069966,113.07968417709046,190200
2006-06-06,112.11067199707031,112.19797733602691,111.91861090810538,112.07575785404237,133900
2006-06-07,111.76151275634766,111.9710243228636,111.51706705432892,111.65675031262535,69400
2006-06-08,110.57418060302734,110.69640006732325,110.25990007756324,110.59163767201478,294900
2006-06-09,110.45198059082031,110.7924567909513,110.36468190432181,110.55674301089623,54900
2006-06-12,109.99800872802734,110.2249906109669,109.88452111678853,110.12896007051023,312500
2006-06-13,109.57894134521484,110.19877711747671,109.44799669237406,109.88449662973791,114900
2006-06-14,110.04165649414062,110.46069277886662,110.04165649414062,110.40831490839128,115700
2006-06-15,110.24246978759766,110.51309773198993,110.17262816954052,110.39961009799455,42700
2006-06-16,110.32972717285156,110.53052008447379,110.31227010510479,110.46067849256512,794800
2006-06-19,109.83216857910156,109.89327833533407,109.648839310404,109.70122385893465,412300
2006-06-20,109.9368667602539,110.17257377925316,109.73607387258343,109.7797265274344,28800
2006-06-21,110.71385192871094,110.82733952294441,110.43449221482311,110.53925460520391,49800
2006-06-22,109.97183227539062,110.0853198995123,109.77977117267494,109.92817960278698,89100
2006-06-23,109.40433502197266,109.54401818744333,109.29084744537268,109.32576823674034,58500
2006-06-26,109.97183227539062,110.14642964487977,109.62263087594961,109.96310040877735,65000
2006-06-27,109.954345703125,110.2337054325584,109.954345703125,110.13768156160874,145700
2006-06-28,109.76229858398438,109.84086539100953,109.44801803496023,109.77102378890154,62300
2006-06-29,110.70514678955078,110.8099092052221,109.52659792021427,109.74484795751594,119700
2006-06-30,111.83128356933594,111.85747249856654,111.52572830041875,111.56938095610981,107000
2006-07-03,111.95899963378906,113.68171593504808,111.7316343338394,113.68171593504808,50900
2006-07-05,111.39056396484375,111.49550331095246,111.19818517121132,111.47801675578997,133400
2006-07-06,111.75785064697266,111.81031698525426,111.50425222575929,111.55671856404088,125600
2006-07-07,112.0814208984375,112.2738064002559,112.06392766824719,112.24757322668295,123100
2006-07-10,111.43428039550781,111.661645622556,111.36432083769135,111.44302700816253,49800
2006-07-11,111.80154418945312,111.80154418945312,111.46049972706727,111.58292560219502,33300
2006-07-12,111.19821166992188,111.2769111944742,111.023312718062,111.25942463514463,74300
2006-07-13,111.09325408935547,111.32935929602493,110.87463543914934,111.25065978437236,48900
2006-07-14,110.69103240966797,110.8309449218063,110.52488004677193,110.7872251806379,58100
2006-07-17,109.61537170410156,109.79027059829419,109.53667220549785,109.76403076038231,63400
2006-07-18,109.4929428100586,109.73779458350008,109.26557758970131,109.7290546428132,96100
2006-07-19,110.31498718261719,110.41117993548468,109.22189378340717,109.30059330572823,152100
2006-07-20,110.61235809326172,110.75227731745632,110.48118548850823,110.48118548850823,81100
2006-07-21,111.18944549560547,111.18944549560547,110.91835383583728,111.04078641645908,39900
2006-07-24,110.57730865478516,110.72597440480351,110.46362936049971,110.68224800684901,50600
2006-07-25,110.16633605957031,110.92712485061925,110.04390345201682,110.71725277085194,40300
2006-07-26,111.3293685913086,111.3293685913086,110.32372805376527,110.36744778442977,75100
2006-07-27,111.18944549560547,111.88902116484752,111.10199937091416,111.88902116484752,81000
2006-07-28,111.67914581298828,111.87153128461989,111.58295307717248,111.66165925725424,53800
2006-07-31,111.90653228759766,111.94150540569734,111.7316333385356,111.88903905683509,219300
2006-08-01,112.40328216552734,112.40328216552734,111.5184220532427,111.75496537461811,128200
2006-08-02,112.01776123046875,112.35068236316157,111.99147939032764,112.34191283766178,78900
2006-08-03,112.22805786132812,112.35946709545331,111.86885479714259,112.22805786132812,76900
2006-08-04,112.88511657714844,113.12165316883795,112.77121967643663,112.77121967643663,237900
2006-08-07,112.52592468261719,112.88512773715749,112.49087330900332,112.75370513837872,60000
2006-08-08,112.59598541259766,113.03403389403832,112.37696117187733,112.50837036903802,157900
2006-08-09,112.762451171875,113.04279526146563,112.75368164620758,112.88510421760452,101100
2006-08-10,112.149169921875,112.51712905035859,111.74617279608876,112.51712905035859,97700
2006-08-11,111.58845520019531,112.01774077364566,111.50084017027258,111.66730070621976,91400
2006-08-14,111.5534439086914,111.87759555369358,111.48335453741352,111.71989781036348,35300
2006-08-15,112.07035827636719,112.24557505219985,112.05283927242054,112.15797334837507,49100
2006-08-16,112.65729522705078,112.80623009331056,112.58720587207365,112.80623009331056,104500
2006-08-17,112.50839233398438,112.90263337061266,112.40326495573187,112.88512105302482,97200
2006-08-18,112.54346466064453,112.66611774750373,112.23682525940457,112.3770040352962,80300
2006-08-21,113.10416412353516,113.49840522564838,113.09539459510322,113.21804767949807,168400
2006-08-22,112.3419189453125,112.45581583756889,112.18422789589273,112.35944462908574,104400
2006-08-23,112.28936004638672,112.74493426664269,112.14042514841813,112.52590999877468,52600
2006-08-24,111.96521759033203,112.613520920755,111.96521759033203,112.49086785541701,65500
2006-08-25,111.99150848388672,112.18425094044557,111.73743948970382,112.0002646434821,152700
2006-08-28,112.28936004638672,112.49085862973477,112.2280402028375,112.36820557445591,49800
2006-08-29,112.59598541259766,112.68358708797854,111.99147636930094,112.39447348604625,74000
2006-08-30,112.72740936279297,112.77121689030604,112.57847446379296,112.76246073207562,48500
2006-08-31,112.53465270996094,112.87632999228013,112.30687231114108,112.81501015605812,123000
2006-09-01,112.76647186279297,112.81913971776257,112.12565060553774,112.18709866878112,75100
2006-09-05,112.59962463378906,112.62595854799963,112.4240607408298,112.55573031188264,70000
2006-09-06,112.55575561523438,112.59086304385205,112.20462105304505,112.33629735103288,46700
2006-09-07,111.82716369628906,112.05540218901955,111.70426759189621,111.70426759189621,77000
2006-09-08,111.38824462890625,111.41457855106687,111.177566554286,111.34435029374838,101700
2006-09-11,111.6164779663086,111.7569277771297,111.41457341016802,111.73059385618417,73900
2006-09-12,111.48478698730469,111.64279718951077,111.36189090751486,111.64279718951077,356200
2006-09-13,111.5462646484375,111.7218286098059,111.3092526308566,111.48481659222499,55900
2006-09-14,111.79199981689453,112.02901841084173,111.66910376719318,111.7129980838004,48400
2006-09-15,111.25656127929688,111.30923581761958,111.00198888563074,111.30923581761958,85400
2006-09-18,111.60770416259766,111.66915221410717,111.28290349185582,111.28290349185582,63100
2006-09-19,111.37945556640625,111.72180992194359,111.2653396803387,111.6340279559428,44900
2006-09-20,111.4321060180664,111.83590833225676,111.4321060180664,111.5198879650933,69200
2006-09-21,112.41533660888672,112.47679137280343,111.74818808525993,111.95008600516329,127300
2006-09-22,112.39772033691406,112.6522993828111,112.36261291403203,112.62596546698275,78100
2006-09-25,112.16070556640625,112.23093380506516,111.96758795609442,112.20459988990144,72400
2006-09-26,111.55500793457031,111.65157009056469,111.35310341821835,111.6164559704455,92100
2006-09-27,111.71302795410156,111.80959011859073,111.51112341998757,111.66913362575767,170000
2006-09-28,111.73937225341797,111.79204009445642,111.55502811244857,111.68670441237951,79100
2006-09-29,111.56378936767578,111.7481401857322,111.2126615362051,111.35311132932657,39100
2006-10-02,112.0396728515625,112.20679337154338,111.88134991436732,111.9077426627244,43600
2006-10-03,111.92530822753906,112.10121958374003,111.91651064655258,111.99567545425468,30600
2006-10-04,111.87252044677734,111.89890647544193,111.5470771018774,111.60864673895716,89400
2006-10-05,111.68777465820312,111.7405466981079,111.50305909736653,111.70536310130974,79300
2006-10-06,110.81704711914062,110.93139553940118,110.64993334509437,110.91380037755123,232000
2006-10-09,110.84343719482422,110.88741839046546,110.75548151413004,110.8258487429207,97800
2006-10-10,110.29811096191406,110.33329457727073,110.15737650048736,110.2805157989415,84700
2006-10-11,110.18372344970703,110.4739831404966,110.00781214591183,110.2980718367014,238000
2006-10-12,110.43881225585938,110.48279344216613,110.21012887670743,110.26290093180606,219200
2006-10-13,110.1310043334961,110.2365551928563,109.90231416017697,110.18377640788154,66400
2006-10-16,110.33326721191406,110.34205808063153,110.17494433737122,110.27169757795778,43000
2006-10-17,110.47405242919922,110.62357780226522,110.36850826495983,110.44766638813937,66200
2006-10-18,110.37725067138672,110.4212318609011,110.13976969553615,110.17495330503019,54100
2006-10-19,111.31841278076172,111.44155208343692,110.72910230216063,110.72910230216063,1948300
2006-10-20,111.14249420166016,111.26563349635056,111.00175974453497,111.25683591513317,52800
2006-10-23,110.5795669555664,110.64113660133101,110.49161127741527,110.5355857611968,21800
2006-10-24,110.72026824951172,110.82581906443184,110.49158488306453,110.51797090914795,34400
2006-10-25,111.15132141113281,111.2392771149872,110.80828946868766,110.90503604551445,93400
2006-10-26,111.85493469238281,111.94289036552273,111.51190286972569,111.58227009247273,71700
2006-10-27,112.277099609375,112.39144128110615,112.12757433620675,112.35625767966907,109000
2006-10-30,112.23316955566406,112.25076471969066,112.05725817893129,112.17159990274871,74300
2006-10-31,112.5673828125,112.72570569676012,112.03963539124148,112.10120502897668,62400
2006-11-01,112.52068328857422,112.88212086638656,112.50305530399204,112.60002603337236,59700
2006-11-02,112.66171264648438,112.74104865052627,112.55592458209178,112.59118727022263,133500
2006-11-03,112.14159393310547,112.18567397371545,111.86831651319928,112.02699524345736,43800
2006-11-06,112.19448852539062,112.24738592110673,112.05344449671136,112.08870718529872,18400
2006-11-07,112.65289306640625,113.05840388339104,112.60000239809038,112.88209717189154,43000
2006-11-08,112.57353973388672,112.75867050689287,112.54709440221993,112.6264371228896,32600
2006-11-09,113.19065856933594,113.29645338349216,112.67054893371417,112.67054893371417,61800
2006-11-10,113.34932708740234,113.56971386114873,113.32288175066007,113.53444444459825,75700
2006-11-13,113.03194427490234,113.27877633009824,112.97905361326582,113.20825096413681,43500
2006-11-14,113.1817855834961,113.43742821989899,112.97020952309191,113.41980697003382,37300
2006-11-15,113.26997375488281,113.27878438200244,112.93498160558923,113.01431760368325,23400
2006-11-16,112.96141815185547,113.16417017054933,112.88208215993241,113.07602355219194,61100
2006-11-17,113.29640197753906,113.4286286210602,112.90851922142758,112.90851922142758,55100
2006-11-20,113.15541076660156,113.35816287707598,113.09369599961047,113.35816287707598,54500
2006-11-21,113.43749237060547,113.45512708177914,113.04962288418845,113.09368948510755,64600
2006-11-22,114.32781982421875,115.48264411313599,114.08098776787025,114.12506780321925,147300
2006-11-24,115.64131927490234,115.75592467968976,115.48264728489387,115.51790324333845,78600
2006-11-27,116.0556869506836,116.11740171316337,115.7912335438936,115.94109495818898,150200
2006-11-28,116.61990356445312,116.76977846469717,116.0997938092174,116.3466260134427,290500
2006-11-29,116.21434783935547,116.4964358973177,116.10856649903717,116.41709989207898,90400
2006-11-30,117.05184936523438,117.34276158826482,116.54937439915946,116.69041174407434,163300
2006-12-01,117.89470672607422,118.168590648343,117.31159119280909,117.31159119280909,275000
2006-12-04,117.85045623779297,118.18619166786239,117.49706045543513,117.62075032737887,100500
2006-12-05,117.79747772216797,118.00067967385853,117.4352381917543,117.87698977093537,142900
2006-12-06,117.4970932006836,117.94767497094014,117.38223347287382,117.4175676684829,109600
2006-12-07,117.44409942626953,117.73565716336928,117.33808333321213,117.65614509357624,92100
2006-12-08,116.74615478515625,118.18626983910181,116.68431654887557,117.99189798588729,131900
2006-12-11,117.05535125732422,117.2673834108329,116.61359962926136,116.70194186616004,140900
2006-12-12,117.48831939697266,117.56784497645758,116.94055141161392,117.01123332604678,73700
2006-12-13,116.91397094726562,117.06416486179859,116.73727301729672,116.80795488552187,40600
2006-12-14,116.34854888916016,116.7019448080431,116.27786700914552,116.7019448080431,121600
2006-12-15,115.7301254272461,116.38390937295046,115.57993145374122,116.37507919140072,125400
2006-12-18,115.93328857421875,115.97746642953884,115.51804100034956,115.8714368805329,58900
2006-12-19,116.75495910644531,116.94933091660734,116.44574103114454,116.46341487239314,93800
2006-12-20,116.63125610351562,117.03767351952122,116.53407020933099,116.94931780437541,31800
2006-12-21,116.56053924560547,116.66656876819684,116.33083332883061,116.50753122490245,257400
2006-12-22,116.35736083984375,116.68426616884624,116.0746468452662,116.66659233131386,34300
2006-12-26,115.95095825195312,116.32202795718726,115.91561057648995,116.32202795718726,41300
2006-12-27,116.1983413696289,116.46339501840973,116.17183735286967,116.46339501840973,35900
2006-12-28,116.39266204833984,116.86091744709898,115.80954697325697,116.81673961149889,70400
2006-12-29,116.89630126953125,116.92280528591031,116.41921549351987,116.5782395917942,127700
2007-01-03,116.66073608398438,117.3515592763173,116.56331160741001,117.28955573927705,69200
2007-01-04,115.9610595703125,116.37732660308501,115.90792139834764,116.0230631137954,79200
2007-01-05,115.21707153320312,115.58020031017251,115.11079521381022,115.2879269175593,188300
2007-01-08,115.37653350830078,115.54481340642467,115.24367455564612,115.26139178552408,47900
2007-01-09,115.19053649902344,115.37653362721699,115.12854646581674,115.33224730961979,66300
2007-01-10,114.75653839111328,115.05766365619375,114.66796577701503,115.04879828621382,82100
2007-01-11,114.34027099609375,114.65911348563903,114.26055023799483,114.63253089008376,140000
2007-01-12,114.56168365478516,114.75653258451531,114.42882474036034,114.56168365478516,68800
2007-01-16,114.57939910888672,114.87167253343796,114.51740908722783,114.77424805858755,50000
2007-01-17,114.6768569946289,114.85398876934099,114.6237188136441,114.6768569946289,97500
2007-01-18,114.97793579101562,115.02220857584102,114.73880058726554,114.80965596297969,98300
2007-01-19,115.01335906982422,115.12850074699554,114.62366125258102,114.8539310926423,40000
2007-01-22,114.90708923339844,115.06650370527808,114.71224031380191,114.8539375618231,116100
2007-01-23,115.6156234741211,115.74848239020629,115.429639911598,115.6156234741211,65600
2007-01-24,115.09314727783203,115.34113451523122,114.98687089445833,115.34113451523122,102300
2007-01-25,114.88941955566406,115.27911755613071,114.69457055543074,115.20826214565608,63500
2007-01-26,114.6679916381836,114.74769890027838,114.41113910794058,114.63255717883933,39600
2007-01-29,114.99568176269531,115.0753890218125,114.57941472381307,114.65027012556814,56600
2007-01-30,115.16393280029297,115.16393280029297,114.9779492422811,115.06650833657348,30700
2007-01-31,115.80160522460938,116.02302320783043,115.0222095991013,115.0222095991013,72600
2007-02-01,115.63829040527344,115.91353292825897,115.59389339071231,115.71819690264343,54200
2007-02-02,115.18536376953125,115.42509660979171,115.05218638497288,115.42509660979171,50300
2007-02-05,114.86579132080078,114.9190623056141,114.28867092123875,114.81252033598746,115800
2007-02-06,115.32752990722656,115.40743640809954,115.01676433974187,115.04341338810015,36000
2007-02-07,115.61163330078125,115.71817527736413,115.49620379410702,115.51396530622554,63600
2007-02-08,115.87799072265625,115.89575223515499,115.64714525243062,115.74481324907693,62500
2007-02-09,115.56725311279297,115.65603359017736,115.39855259327665,115.4606975726391,23500
2007-02-12,115.2209701538086,115.2831151288904,115.14993764795425,115.23871811922328,178600
2007-02-13,115.86912536621094,115.86912536621094,115.62051836497925,115.7448218655951,65000
2007-02-14,116.73920440673828,116.90790485217386,116.43732652967472,116.45508803657852,179600
2007-02-15,116.88128662109375,117.05886107216654,116.6948246412269,117.02335160117686,116800
2007-02-16,116.84579467773438,116.88130415405071,115.673778738332,116.58830016920011,70400
2007-02-20,116.8369369506836,117.11217949355351,115.78035024890475,116.96124047159478,122900
2007-02-21,116.89017486572266,116.95233338261743,116.74812341636745,116.74812341636745,58900
2007-02-22,116.73920440673828,116.89014334527006,116.5793914887847,116.6149009545321,36200
2007-02-23,117.14768981933594,117.2986288249215,116.9967508137504,117.02338631190865,63400
2007-02-26,117.32526397705078,117.36077345846833,117.04114748151187,117.18319895524824,57200
2007-02-27,117.80467224121094,118.00000818580155,117.62709780469069,117.76028879312669,112400
2007-02-28,117.77804565429688,117.82244265379754,117.39626126432775,117.64486820385697,83700
2007-03-01,117.38565063476562,117.75050959392863,117.10978630226262,117.75050959392863,148200
2007-03-02,117.4656982421875,117.56358686720274,117.18092639535439,117.269920992157,71600
2007-03-05,116.5758285522461,116.79830150749846,116.46904587889986,116.52243721557298,79200
2007-03-06,116.88729095458984,116.88729095458984,116.48682878989892,116.5758233995349,71800
2007-03-07,117.40336608886719,117.46566500473504,116.86943939513569,116.98512962251017,247100
2007-03-08,117.02967071533203,117.07416802296194,116.86060267221333,116.89619237111415,85900
2007-03-09,116.81608581542969,116.88727877998905,116.59361289318278,116.62030855755884,46400
2007-03-12,117.59033203125,117.64372338033954,117.15428004922757,117.15428004922757,54000
2007-03-13,117.5635986328125,117.80387320529066,117.51910132995796,117.72377262868434,67100
2007-03-14,117.8305892944336,118.04415465927926,117.48353199788663,117.51022766849233,55000
2007-03-15,117.9551773071289,118.3556259574156,117.84838104269213,118.3556259574156,50000
2007-03-16,118.69379425048828,118.87176992717416,118.55140827767009,118.78277529949435,178000
2007-03-19,118.5603256225586,118.66712191250943,118.35565423305714,118.63151862296702,43300
2007-03-20,118.77391815185547,118.77391815185547,118.43575475606856,118.56924673904243,108800
2007-03-21,119.37898254394531,121.33675541617004,118.10644375567084,118.59588697372703,138900
2007-03-22,118.94296264648438,119.22772101280756,118.64929667020895,119.14763399527983,50100
2007-03-23,118.5603256225586,118.8895949467821,118.42684723346557,118.85399165723967,87800
2007-03-26,118.93399810791016,119.07638401225456,118.44456862706049,118.52465560625402,62000
2007-03-27,119.14759063720703,119.22767762559094,118.96070741897582,118.96070741897582,74500
2007-03-28,118.74714660644531,120.4112396840178,118.74714660644531,119.19209244140431,152700
2007-03-29,118.96073150634766,119.11202506437645,118.80945152699037,118.9251418083048,67800
2007-03-30,119.18324279785156,119.69048781415927,118.58701671847865,118.88068274181323,64200
2007-04-02,119.39559173583984,120.51977183966471,119.172539155506,119.34204768075848,123700
2007-04-03,119.04753875732422,119.51149163282344,118.86909953260613,119.42227882748448,74500
2007-04-04,119.28850555419922,119.5918537663654,119.02083976120939,119.19929269923445,53500
2007-04-05,119.92195892333984,120.93014704612717,118.84237874713418,119.86842849732136,88500
2007-04-09,119.23495483398438,119.45800735452191,119.02081951321198,119.35986370092357,55900
2007-04-10,119.96659088134766,120.13609938552494,119.88628161573511,119.8952124308295,38100
2007-04-11,120.02011108398438,120.12717194361095,118.92268281662709,119.9665806541711,45000
2007-04-12,120.47511291503906,120.8052262522541,119.7702730186503,120.22529520892326,66600
2007-04-13,120.98370361328125,121.42980869502043,120.64465939466454,121.0015380144372,71900
2007-04-16,121.03726196289062,121.17108807266159,120.99264872161703,121.04617916552542,51600
2007-04-17,121.2245864868164,121.42980461964258,120.44836802713631,120.44836802713631,79400
2007-04-18,121.46546936035156,121.55469580634013,121.2959472813998,121.42978695038268,97000
2007-04-19,121.64395904541016,121.71533750897015,121.45660249085881,121.50120211829017,78300
2007-04-20,121.51014709472656,121.64397322071528,121.44768582656417,121.57259474883747,46300
2007-04-23,121.3405990600586,121.46550795570555,118.9762472445813,121.17107692724163,96200
2007-04-24,121.92048645019531,121.92048645019531,121.3851686388375,121.47438146704197,63600
2007-04-25,122.00077819824219,122.25059586385932,121.91155176878961,122.00077819824219,59000
2007-04-26,121.6260757446289,121.73313658990396,121.51900128530944,121.67067535413058,59900
2007-04-27,122.17921447753906,122.32197131558145,121.74202676629974,122.25951009367239,66800
2007-04-30,122.15248107910156,123.2498956274672,121.92049775336683,121.99187619097407,295900
2007-05-01,121.78480529785156,122.34837972369257,121.53433080855244,122.1515763892667,174600
2007-05-02,121.65962219238281,121.82959002500866,120.26411694532726,121.623845956492,155300
2007-05-03,121.30180358886719,121.61489001065182,121.21234252559054,121.61489001065182,58600
2007-05-04,121.7132339477539,121.83847118699084,121.56116113224014,121.65956279520027,64600
2007-05-07,121.72218322753906,121.95476276230627,121.68639336075348,121.93686782891348,69200
2007-05-08,121.22124481201172,121.44488374959188,120.97972458730813,121.38227194498494,76800
2007-05-09,121.24805450439453,122.3394133787525,121.10493598877751,121.34645616191318,110600
2007-05-10,120.76502990722656,121.05129430781774,120.63085200059814,121.0333993703213,147300
2007-05-11,121.20335388183594,121.20335388183594,120.85447771296128,120.96182002651152,66200
2007-05-14,121.27493286132812,121.49857180488019,121.19441246777262,121.35543960504579,73000
2007-05-15,121.65962219238281,121.91903743965668,121.27496964472812,121.30180523410672,46200
2007-05-16,121.15863037109375,121.67747433297063,121.00655753482872,121.62380317309322,70700
2007-05-17,120.8544921875,121.04234125871126,120.45193116379977,120.92604463854559,97700
2007-05-18,121.10490417480469,121.14962102115605,120.7381332158728,120.80969927979835,53500
2007-05-21,120.7113265991211,120.73816217330045,120.44295720749317,120.57713507838999,123000
2007-05-22,120.48770904541016,120.71134796972049,120.47875475254227,120.58611071810017,94900
2007-05-23,120.7024154663086,120.94394937012025,120.55034260830546,120.94394937012025,52700
2007-05-24,120.36248779296875,120.69346907699598,119.7899726166262,120.69346907699598,55800
2007-05-25,120.54134368896484,120.85444354808999,120.48767254736227,120.63080469152419,49600
2007-05-29,120.55927276611328,121.14072849794026,120.52348289501955,121.0870573411361,42700
2007-05-30,120.48770904541016,120.51454462434047,120.29090570003014,120.51454462434047,48800
2007-05-31,120.63978576660156,120.85448405480473,120.50560786762279,120.84552976164805,64900
2007-06-01,120.46223449707031,120.6057519820102,120.11241918164221,120.44429138980765,323600
2007-06-04,121.0183334350586,121.10803527425993,120.85688654839107,121.10803527425993,65400
2007-06-05,121.32325744628906,121.50266106503479,121.21562622430125,121.44883176746636,215200
2007-06-06,121.1438980102539,121.39504671583137,121.00935894890097,121.20669202993726,75700
2007-06-07,120.45320892333984,120.91963372342384,119.78946476697159,120.89272591635894,82800
2007-06-08,119.93301391601562,119.96888643939809,119.54731243511463,119.54731243511463,228000
2007-06-11,119.87913513183594,119.93296442456489,119.56520620040347,119.8522273287581,79500
2007-06-12,119.43070983886719,119.67289386738923,119.00913580967611,119.67289386738923,107600
2007-06-13,119.61903381347656,119.63697691285394,119.23333245302354,119.3050911639584,62200
2007-06-14,119.55623626708984,119.67284587972625,119.41273253604608,119.47551285214504,95300
2007-06-15,120.18409729003906,120.25585598436457,119.79839601886087,119.86119000885999,69500
2007-06-18,120.42633056640625,120.48912458929746,120.2917914981803,120.39045804373887,61100
2007-06-19,120.57876586914062,120.58774426125147,120.32761724835694,120.46216995085963,39100
2007-06-20,120.46223449707031,120.68647543482115,120.45325610014864,120.68647543482115,38400
2007-06-21,120.31866455078125,120.46218197314468,120.23794113316734,120.42629577426646,33000
2007-06-22,121.0183334350586,121.04524124950318,120.58779471736614,120.99142562061401,68200
2007-06-25,121.05414581298828,121.10796140905467,120.86577754018518,121.03620271877591,65800
2007-06-26,120.97344970703125,121.07211622876238,120.94654189988415,121.07211622876238,129600
2007-06-27,120.91959381103516,120.95547999966017,120.77607642967675,120.88372130898095,90900
2007-06-28,120.91065979003906,121.14386532899776,120.6774405645061,121.09004971897454,33000
2007-06-29,121.72692108154297,121.7986661164562,121.45782929760001,121.58340363856317,77600
2007-07-02,122.60026550292969,122.717194806979,122.23149902407933,122.30345446317916,65000
2007-07-03,122.54629516601562,122.63624289063821,122.40238429625784,122.58226602140711,21800
2007-07-05,122.4383773803711,122.60026682702158,122.22251106074023,122.60026682702158,88400
2007-07-06,122.68121337890625,122.85210583564904,122.39340533920553,122.44736848889335,73500
2007-07-09,122.58223724365234,122.78011121209187,122.5102955497586,122.63621410021169,50700
2007-07-10,123.62557983398438,123.67954297064831,123.22084258491108,123.22084258491108,66800
2007-07-11,123.83247375488281,124.11130623682982,123.80549217987135,123.8864506290029,85600
2007-07-12,124.13824462890625,124.1832184796464,123.8953968141834,124.08428149765504,49900
2007-07-13,124.19222259521484,124.40808887009784,124.03932246370799,124.36311501398546,64400
2007-07-16,124.12027740478516,124.19223283567935,123.89542182977648,124.14725897585859,138900
2007-07-17,124.12027740478516,124.18324355335326,124.08430655138564,124.12027740478516,65300
2007-07-18,124.30016326904297,124.50702656220928,124.07530768652875,124.07530768652875,98800
2007-07-19,124.2821044921875,124.58791835111751,124.25512293464784,124.52495223413277,45300
2007-07-20,124.57894134521484,124.73184144454152,124.3900704030253,124.61492591216884,85400
2007-07-23,124.37212371826172,124.56999773678214,124.33615286221081,124.56999773678214,61200
2007-07-24,124.5519790649414,124.73186075528695,124.49801593024706,124.73186075528695,67100
2007-07-25,123.66155242919922,123.89539724012255,123.49066003025462,123.89539724012255,191600
2007-07-26,123.88643646240234,124.12028132712688,123.62559630165616,123.73353631345606,67300
2007-07-27,122.98700714111328,123.31079970991148,122.90604870584262,123.31079970991148,129700
2007-07-30,123.53564453125,123.61658923538342,123.3107889814837,123.40972597234462,106900
2007-07-31,123.4366683959961,123.71548699343204,123.40968683650804,123.66152387445595,225100
2007-08-01,123.311279296875,123.68112624069208,123.15793114648177,123.50071746165932,194500
2007-08-02,123.6180419921875,123.62707138278867,123.13995227703309,123.13995227703309,258300
2007-08-03,124.4028549194336,124.69150639818021,123.84356945207814,123.84356945207814,180300
2007-08-06,124.3757553100586,124.73657298653707,124.35771029694105,124.64636168526141,190900
2007-08-07,124.06900024414062,124.31255965799187,123.97880273981923,124.2494227813976,69200
2007-08-08,124.55614471435547,124.82676481164671,124.53809970405341,124.79067479104259,171900
2007-08-09,123.5007553100586,123.78940669211045,123.43760464767465,123.54586095971689,107900
2007-08-10,123.62701416015625,123.73525668274915,123.40149972854863,123.44660536773186,106000
2007-08-13,122.90541076660156,123.34742417148392,122.90541076660156,123.34742417148392,98000
2007-08-14,122.23787689208984,122.78813283286838,122.21984564206058,122.66184526109853,190800
2007-08-15,121.45311737060547,121.92219149584845,121.45311737060547,121.64255565182614,118300
2007-08-16,121.1734619140625,121.36288640030787,120.8577360845685,121.23659882137302,206000
2007-08-17,121.8770523071289,122.39121819018125,121.6785984535123,122.03040050959407,262800
2007-08-20,121.86802673339844,121.87704235716781,121.67858851975284,121.85899734531797,79900
2007-08-21,121.7056884765625,122.00336932886094,121.67862783220042,121.94021864913906,57000
2007-08-22,122.39119720458984,122.50846912461336,121.8860470326576,121.8860470326576,66100
2007-08-23,122.5626220703125,122.69793903554098,122.4453638842906,122.58968271049551,62100
2007-08-24,123.57288360595703,123.68112612040991,123.11282539091722,123.11282539091722,283200
2007-08-27,123.40156555175781,123.51882375901025,123.2482173081847,123.43764182376259,979600
2007-08-28,123.11286163330078,123.46466367314486,123.00461908698308,123.45564804905558,144300
2007-08-29,123.672119140625,123.68113476269019,123.35639343233255,123.45562033228373,203900
2007-08-30,123.2210693359375,123.5277656057271,123.13987369391754,123.19400871003289,54500
2007-08-31,123.2391357421875,123.93372412198126,123.23012011908216,123.93372412198126,72000
2007-09-04,123.11519622802734,123.178529064316,122.67192159008027,122.73524062235056,129500
2007-09-05,123.57657623291016,123.6941726601786,122.90712278376857,122.91616441539914,132800
2007-09-06,123.85706329345703,124.05608969319707,123.63089818502723,123.64898145480525,96600
2007-09-07,124.70744323730469,124.94264997482856,124.66220745592868,124.84313677741031,176800
2007-09-10,124.9607162475586,125.25020032977197,124.84310600577433,125.25020032977197,126700
2007-09-11,125.30455017089844,125.56690950746862,125.19599530281532,125.3407443296108,71700
2007-09-12,125.97396850585938,126.06444007307425,125.61210984504602,125.64829018951814,271900
2007-09-13,125.75679779052734,125.91964378954172,125.61206266298086,125.68442332474517,85900
2007-09-14,125.73876953125,126.15490563651304,125.42213283044315,125.6935337448456,93700
2007-09-17,125.62104797363281,126.19098800862884,125.52153485330035,126.19098800862884,87200
2007-09-18,126.65238189697266,126.69761765131013,125.64820888834323,125.70248627194253,161100
2007-09-19,126.5347900390625,126.98712003997889,126.2995834080318,126.6704973217471,174500
2007-09-20,127.58425903320312,127.85565992235806,127.18620623631224,127.18620623631224,286100
2007-09-21,127.76512145996094,128.10889665982415,127.60228929414072,127.7108440713542,313800
2007-09-24,127.69281005859375,127.87375318198185,127.56615815463542,127.87375318198185,147200
2007-09-25,128.27178955078125,128.389399817784,127.97326377211914,128.02754118642133,144000
2007-09-26,128.1451416015625,128.2356131642044,128.00040642696678,128.2356131642044,118400
2007-09-27,128.3803253173828,128.60649035509056,128.18129897987853,128.50697718633842,115000
2007-09-28,129.39356994628906,129.52926347842853,128.74221338397643,128.90505942656537,235700
2007-10-01,129.2139434814453,129.64941434887044,128.93271053139736,129.10508268605363,285300
2007-10-02,128.1434326171875,128.66054904297388,127.88941488474343,128.4881769010451,938600
2007-10-03,127.88035583496094,128.75126987459424,127.8622077549476,128.67869139746998,392400
2007-10-04,128.35205078125,128.43371019160355,127.76236989258409,127.87123064915643,463400
2007-10-05,128.37928771972656,128.57887503587173,127.98919404730522,128.05269155175506,398700
2007-10-08,127.50840759277344,127.97107985201036,127.44489622858175,127.90758233074897,101700
2007-10-09,128.17062377929688,128.17062377929688,127.49021630007088,127.49928341634067,73100
2007-10-10,128.51544189453125,128.73316355360055,128.32492159991207,128.533576137498,245000
2007-10-11,128.87826538085938,129.40444890323496,128.70589324593473,128.77847171553077,201100
2007-10-12,129.09597778320312,129.09597778320312,128.63329185235045,128.70587030901214,110800
2007-10-15,129.1050567626953,129.36815542263582,128.98711502941669,129.24114657253827,66800
2007-10-16,128.74220275878906,128.88735971304072,128.64240908310717,128.87827875156933,124400
2007-10-17,129.0869140625,129.31371657875798,128.89640770088243,129.1867077233706,116300
2007-10-18,130.003173828125,130.03945613111424,129.83986885736422,129.86708404533707,124200
2007-10-19,129.97601318359375,130.0395107012021,129.5133271080453,129.88528662366244,133600
2007-10-22,128.79661560058594,129.15042697651828,128.45187134196004,129.03248523689845,468200
2007-10-23,129.65846252441406,129.803619459015,128.74218533023407,128.94177265457859,141700
2007-10-24,129.7491912841797,129.76732551911897,129.24115584733104,129.63124954243716,114900
2007-10-25,130.25718688964844,130.37512859532552,129.98502117658302,130.37512859532552,200900
2007-10-26,130.97390747070312,130.97390747070312,130.69267457655192,130.75618592319327,191600
2007-10-29,131.2733154296875,131.36404198841987,130.83785840221654,130.9104368806166,146300
2007-10-30,131.39125061035156,131.94464936788708,131.03743919769303,131.94464936788708,101000
2007-10-31,131.65431213378906,132.02627155994364,131.3912273219518,131.49102097670237,126600
2007-11-01,131.4423828125,131.8244811080119,131.0602845169881,131.46967455633202,122300
2007-11-02,132.13381958007812,132.2884774328377,131.71532301000872,131.91547173284218,75900
2007-11-05,131.8426513671875,132.08829088976202,131.74257703442458,131.9973091756646,111200
2007-11-06,132.6524200439453,132.77978619271764,132.5523456497764,132.74340181386944,80100
2007-11-07,133.2618865966797,134.8448769125651,133.13452051713912,133.83504089554296,537900
2007-11-08,133.70767211914062,133.91691341376657,133.45293996519743,133.45293996519743,330200
2007-11-09,133.6075897216797,133.95330357340268,133.280074988958,133.95330357340268,195900
2007-11-12,132.39764404296875,132.69786712637415,132.21569444504973,132.35215317302288,451500
2007-11-13,133.0252685546875,133.21631061099137,132.83421261653098,132.95248600119228,202000
2007-11-14,133.48936462402344,134.14439432673436,133.43478112910844,133.94424559080238,145900
2007-11-15,133.38014221191406,133.5438926286173,133.1527018230309,133.2072852952653,164700
2007-11-16,133.48936462402344,133.80778685351487,133.24373889690594,133.80778685351487,128900
2007-11-19,133.7895965576172,134.23538493195272,133.5439569324228,134.23538493195272,254100
2007-11-20,135.1450653076172,135.19964877317003,134.7447680510857,134.92671756354784,219200
2007-11-21,135.408935546875,135.8001403179682,134.86308682595822,135.37255118489227,371200
2007-11-23,135.16326904296875,135.2724359778055,134.71748092262132,135.2269451276707,236900
2007-11-26,135.7638397216797,135.77294623012216,134.64483585119208,135.45452383583313,259200
2007-11-27,135.3361358642578,136.09123968734943,135.13598719395108,136.09123968734943,230400
2007-11-28,135.2451629638672,135.49989510165028,134.4354756940866,134.81757390076123,266400
2007-11-29,134.5173797607422,134.90857066987002,134.21715670212944,134.5264723812347,160000
2007-11-30,133.5166473388672,134.79941491005022,133.5166473388672,134.75392404007675,281200
2007-12-03,133.8633270263672,133.92719544870081,133.68086769517132,133.88157713571317,125800
2007-12-04,134.73912048339844,134.81210698333194,134.53841108876915,134.70262027305594,328100
2007-12-05,133.37966918945312,134.00916508066894,133.22457821811224,134.00004699555734,299300
2007-12-06,133.5166778564453,133.7721237413545,133.3524546899999,133.5166778564453,239100
2007-12-07,133.74472045898438,133.89067955439972,133.64436575046275,133.6534838436909,137500
2007-12-10,134.35589599609375,134.56572339578346,134.25554134046027,134.44711864255873,99900
2007-12-11,133.65347290039062,134.51104689922198,133.65347290039062,134.21910089078924,158200
2007-12-12,134.43801879882812,134.49275517828457,134.0092319320892,134.14607288073032,269000
2007-12-13,133.5713653564453,134.12787524207417,133.19731476168212,133.92716584589644,98100
2007-12-14,131.7375946044922,132.4856956918654,131.63723992010674,132.45832749801025,355600
2007-12-17,131.48214721679688,131.60075200253084,131.18108316737568,131.37267444273442,279100
2007-12-18,131.600830078125,131.93838061224443,131.46398902936247,131.8653940793185,119100
2007-12-19,131.4274444580078,131.628153875644,130.95303911443568,131.44569456527103,160900
2007-12-20,130.8799591064453,131.1901410715711,130.8799591064453,130.92556345604373,93100
2007-12-21,131.40914916992188,131.60985851855057,131.21757183216155,131.40914916992188,214500
2007-12-24,131.67379760742188,131.83800684223766,131.57344287922697,131.57344287922697,59100
2007-12-26,132.52218627929688,132.7411457579966,132.33972700742217,132.36709520216587,53900
2007-12-27,133.71734619140625,134.00927828974417,133.22469076437943,133.33416356116211,107700
2007-12-28,134.71177673339844,134.81213144892538,134.34684416750324,134.56580370704035,127700
2007-12-31,133.56222534179688,134.56577226256374,133.35239786590952,134.46541757048706,95700
2008-01-02,134.73507690429688,134.9820829249109,134.0398167252224,134.24107882215446,230300
2008-01-03,135.1009063720703,135.18325096103655,134.56116474179936,134.82647093910268,156900
2008-01-04,135.17410278320312,135.54918317859998,134.94539726782605,135.54918317859998,175300
2008-01-07,134.6434783935547,135.00027232957387,134.2866984166097,134.68007908605244,105000
2008-01-08,134.77166748046875,134.93632884242433,134.6435789201683,134.70762320031852,81700
2008-01-09,134.39651489257812,134.6618071533294,134.08547873608987,134.25014000985055,114500
2008-01-10,135.60415649414062,135.7688318286426,134.64358992695534,134.67104744861047,175700
2008-01-11,135.37535095214844,135.74128811489115,135.34790740982717,135.52172581724554,106800
2008-01-14,136.33595275878906,136.50062801521264,136.18957785509681,136.4457269570187,150700
2008-01-15,135.9608917236328,136.76593984985564,135.85111750972283,136.72019594103278,117600
2008-01-16,134.3050994873047,136.01581322908785,133.83854500111417,135.5309583829238,404100
2008-01-17,134.3599853515625,134.88144091279682,134.29595503088092,134.42402963132864,325900
2008-01-18,134.0398406982422,134.4057642349719,133.91176606447797,134.36002030310866,336000
2008-01-22,133.98484802246094,134.2958841795838,133.18894332042908,133.32617500792009,454100
2008-01-23,134.19529724121094,134.28677110382023,133.23473094978218,133.24387414831858,241100
2008-01-24,135.57666015625,135.5858173129324,134.7807692333796,134.95458770138126,230900
2008-01-25,134.54296875,135.1741846290073,134.47892446655973,135.10099714468356,161600
2008-01-28,135.57666015625,135.76877897853612,135.21988002264462,135.4211420425328,180500
2008-01-29,135.62240600585938,135.62240600585938,135.28392622168812,135.41200078535405,108300
2008-01-30,136.62869262695312,136.82995461511916,135.622382686123,135.677269781245,348000
2008-01-31,136.54635620117188,136.6287008078635,135.92428380710408,136.09810225811682,193300
2008-02-01,135.8197479248047,136.46197628075652,135.69130505345893,136.20509053806498,338600
2008-02-04,136.09495544433594,136.26010424061317,135.86559222672074,135.8839452039115,333900
2008-02-05,134.34268188476562,134.86563699273356,134.19589999411772,134.5445227335364,309800
2008-02-06,134.23248291015625,134.64533376568545,134.21412993902612,134.42515410898466,296500
2008-02-07,132.8839111328125,133.56283150479322,132.67290082770361,133.31511523405072,270300
2008-02-08,133.2600860595703,133.50780235963637,132.87475737014853,132.9756777887513,417400
2008-02-11,133.34266662597656,133.4435870545189,133.03073584656465,133.1683482494737,201700
2008-02-12,133.9390106201172,134.25094137837493,133.85642918474502,134.00322507071087,196800
2008-02-13,133.8838653564453,134.1040590434482,133.56276531201877,133.60864074671318,108200
2008-02-14,134.48948669433594,134.5995906186575,133.94819256365358,134.02159051345876,167300
2008-02-15,134.90231323242188,135.1775519940298,134.72800888265428,134.90231323242188,177800
2008-02-19,135.3518524169922,135.5812156880844,135.32432994439898,135.46194230736506,177100
2008-02-20,135.21424865722656,135.34269153724162,134.581203748858,134.581203748858,202200
2008-02-21,136.22348022460938,136.3886291202236,135.41613073245293,135.43446972145478,259200
2008-02-22,136.3518829345703,136.55372374789508,136.03995222278627,136.4436338494358,137000
2008-02-25,136.30596923828125,136.58119387895198,136.15917343044435,136.58119387895198,210200
2008-02-26,137.72804260253906,137.8197935040413,136.69133021151853,136.70049970197994,349400
2008-02-27,139.26019287109375,139.36111326697662,138.55376409913617,138.62716202334397,413200
2008-02-28,139.95748901367188,140.14097685455297,139.1501257147251,139.36113603177714,347300
2008-02-29,139.7188720703125,139.90237381828484,139.3518965728036,139.7831004819464,270900
2008-03-03,139.9682159423828,140.51098869220468,139.53584502558004,140.19819987527342,530400
2008-03-04,139.9682159423828,140.3086017082925,139.74744035055522,139.99581289136125,199000
2008-03-05,140.4466094970703,140.86057783677452,139.94985029684676,140.17983426747216,200600
2008-03-06,141.65170288085938,141.65170288085938,141.2009433470234,141.42171894331676,361000
2008-03-07,141.2929229736328,141.76209917161725,140.9893425034973,141.76209917161725,370500
2008-03-10,141.5229034423828,141.7344987581894,141.13653213632094,141.31132216368087,265100
2008-03-11,141.0261688232422,141.82650852206436,140.67658870784533,141.81731421690915,598800
2008-03-12,143.2892303466797,143.29843869068932,142.15771296516718,142.46129353817975,505900
2008-03-13,143.79518127441406,143.97916565081988,143.28001940563448,143.61119689800822,1107600
2008-03-14,144.4114990234375,144.59548335189868,143.35357860695748,143.40877250178536,664800
2008-03-17,145.11990356445312,145.6626624339179,144.53114508770454,145.18430582207233,1202600
2008-03-18,144.11709594726562,145.64419221595347,143.9974998427595,145.44180528698993,1877500
2008-03-19,143.91473388671875,145.0278481512624,143.63875038706942,144.42989559960876,1377600
2008-03-20,142.22213745117188,142.55331503375,141.71616975041198,142.35092795344605,938500
2008-03-24,142.08401489257812,142.40599788647273,141.55045069426407,142.24040222080987,367100
2008-03-25,143.9608154296875,144.04360631558202,143.45484773181218,143.48244469377704,502600
2008-03-26,146.01226806640625,146.03986502816704,144.9635414081609,145.03713798522693,534200
2008-03-27,145.54298400878906,145.91095254939424,145.36819403901657,145.79135645700254,242500
2008-03-28,145.8098602294922,145.89265110298743,145.23029604080583,145.56147357189664,341500
2008-03-31,145.61660766601562,146.62854249449407,145.4510259870486,145.97538200754818,635100
2008-04-01,143.9696807861328,144.27415566641983,143.55449288700004,144.11730753023463,723800
2008-04-02,144.7355194091797,144.85546793232166,143.92360024508093,143.92360024508093,336400
2008-04-03,144.56021118164062,144.7908727497082,143.72061377350798,144.03431012724832,314100
2008-04-04,145.24295043945312,145.39057719740126,144.92925413766022,145.11378054586413,356500
2008-04-07,145.06759643554688,145.16908803755516,144.88307008965666,145.11373154163388,330800
2008-04-08,145.0399627685547,145.29830254789852,144.9292497426822,144.99382764828712,127100
2008-04-09,146.12872314453125,146.52545428947536,145.49209495523482,145.5659083474613,472300
2008-04-10,145.55665588378906,146.51621579226025,145.26141642781104,146.33168937246606,441400
2008-04-11,146.3040008544922,146.39625701868852,145.82422093389906,146.23018747605767,307400
2008-04-14,146.1748504638672,146.56237430928914,145.97188122462254,146.36861238657815,316600
2008-04-15,145.74122619628906,146.1195005067884,145.51978600015804,146.0549225819583,476400
2008-04-16,147.49420166015625,147.5864718987579,147.1528271185613,147.1897267669249,579500
2008-04-17,146.80223083496094,147.4204020717104,146.70996058773017,147.13438401514335,236100
2008-04-18,146.09182739257812,146.13796252820688,145.3168077964955,145.66741793311388,712400
2008-04-21,147.09751892089844,147.30050226914966,146.67310943162244,147.14365405976787,233700
2008-04-22,147.71568298339844,148.0847358838098,146.83915770760643,147.15286815926837,444700
2008-04-23,146.9591064453125,147.0698194999008,146.66386694025513,146.97756331389914,419000
2008-04-24,145.0860595703125,145.6304172416986,144.63395803663377,145.21522942586952,791000
2008-04-25,144.32957458496094,144.91084634216952,144.22809699278017,144.5048796595773,554400
2008-04-28,144.68016052246094,144.88314382978848,144.37568556146965,144.43104208556534,1664100
2008-04-29,144.00662231445312,144.47716681385583,143.89590927423222,143.9789440543979,692800
2008-04-30,144.4218292236328,144.70784733400217,143.74830134323415,143.93282779394346,720100
2008-05-01,143.09133911132812,143.31337792677638,142.81377647459564,143.1931116075493,1179100
2008-05-02,142.59176635742188,142.9248387980273,142.47150000208268,142.55476458287745,972100
2008-05-05,143.2394256591797,143.54472913967615,142.73056299597363,143.18390181802587,1404000
2008-05-06,143.60025024414062,144.27564206565515,143.57248126537934,143.70202277484228,452000
2008-05-07,142.6009979248047,142.66575454623398,142.24017069848873,142.51771924379065,499400
2008-05-08,142.5640106201172,143.03587147657078,142.5270088458004,142.64727520039972,1235700
2008-05-09,143.3689422607422,143.405944034632,142.84157169018576,143.06362468580312,170200
2008-05-12,143.91477966308594,144.26634586008174,143.1468624127311,143.17461726729857,836900
2008-05-13,143.42445373535156,143.85003766870994,142.98960877033778,143.02661054468038,2821400
2008-05-14,143.24868774414062,143.52625050959506,143.0728975221052,143.32270542275705,197700
2008-05-15,143.28567504882812,143.757535937658,142.94335567256115,143.71127312851797,613200
2008-05-16,144.57167053222656,144.60868641843066,143.45218702947557,143.45218702947557,1002700
2008-05-19,143.729736328125,144.39588104355315,143.5539461785783,144.35886516079444,244900
2008-05-20,145.20083618164062,145.3581184289722,144.88627168697747,144.97878318206443,204700
2008-05-21,146.3758544921875,146.4776270264874,145.93174846028214,145.9410094926723,1277800
2008-05-22,145.72813415527344,146.14448512705204,145.56160506049858,146.09822233936322,474200
2008-05-23,146.3387908935547,146.4960731012146,146.10749103803903,146.24627942180211,152300
2008-05-27,145.58018493652344,145.93175123835692,145.5246610934077,145.8392397346861,2476200
2008-05-28,145.16384887695312,145.40440986989123,144.87703918607693,145.10833914548408,1906000
2008-05-29,143.85935974121094,144.33120668077632,143.73907921806529,144.1184146238075,746700
2008-05-30,144.39593505859375,144.50695451355384,143.89631927641696,143.97033695219974,622900
2008-06-02,144.22706604003906,144.70955889495005,143.7631344144126,143.89303470326524,327800
2008-06-03,143.53118896484375,143.6518157352026,143.0950920422388,143.4755194271617,589500
2008-06-04,143.3363037109375,143.6517879602566,143.2064034287716,143.3826997027258,2602900
2008-06-05,144.83932495117188,144.85787200519798,143.92073608684638,143.93929729892895,1310400
2008-06-06,146.48175048828125,146.49103818091493,145.5260525795038,145.61884455743228,623100
2008-06-09,145.17335510253906,146.17543402004938,145.08983672769952,146.17543402004938,556000
2008-06-10,143.56826782226562,144.30128767291527,143.4198204715865,143.95796866417723,532800
2008-06-11,144.52395629882812,144.81160576243636,144.00435521035928,144.0785859598645,912900
2008-06-12,143.3177490234375,143.5404271192759,143.05793431484577,143.3270225580747,542200
2008-06-13,142.76104736328125,143.00228672346165,142.33422401734788,142.3713464777266,582400
2008-06-16,143.8187713623047,144.1528026234043,143.6703098778012,144.14352908989775,320700
2008-06-17,144.18069458007812,144.3013213538495,143.97656349742138,143.99512472986436,277200
2008-06-18,144.3848419189453,144.41267669170767,143.85595292031311,143.90234892760827,280300
2008-06-19,144.1156768798828,144.23628943312843,143.89298468009412,144.09711565705092,269500
2008-06-20,145.29405212402344,145.56314030096783,144.99714335002045,145.02497810514373,622000
2008-06-23,144.3755645751953,144.3941116511656,143.84667559050382,144.06008022874812,396200
2008-06-24,144.77442932128906,145.29403021599524,144.70948628848205,144.70948628848205,1673500
2008-06-25,145.776611328125,145.88795039942255,144.53327783839856,145.15494458326177,485800
2008-06-26,146.66734313964844,146.66734313964844,146.19412384545262,146.24051983716757,520500
2008-06-27,146.80657958984375,146.84368790420615,146.39831734148282,146.53749121793547,3465200
2008-06-30,146.43536376953125,146.8807341009722,146.3425717947001,146.7322726044694,505100
2008-07-01,146.90615844726562,147.25972775337107,146.45955430085704,147.0178059345453,1894100
2008-07-02,147.7620849609375,147.88304581248835,147.45504032050434,147.53879009319198,2184000
2008-07-03,146.0966796875,146.82241671918317,145.97571878312306,146.64563207349048,910500
2008-07-07,146.32925415039062,146.64559807603337,145.33368367010291,145.33368367010291,792300
2008-07-08,145.75242614746094,146.06878437960415,145.5849549045241,145.90129893937646,312600
2008-07-09,146.59902954101562,146.6641666694128,146.31059756618632,146.31989678569374,1653800
2008-07-10,146.999267578125,147.20396418667758,146.44100151892786,146.49682528538847,900700
2008-07-11,148.3483123779297,148.57160732092743,147.93891938605003,148.26457677430554,718600
2008-07-14,148.3018035888672,148.5251127528283,147.76215042392815,147.82728758740032,1967700
2008-07-15,148.2086944580078,149.27870112949827,147.8644387257868,148.78557268166898,1825500
2008-07-16,147.42724609375,148.15298338755244,147.25977480931607,147.9668994501944,1390500
2008-07-17,147.5760498046875,148.1157029083831,147.0922204363246,147.6318735400202,327200
2008-07-18,147.65048217773438,147.87377711300604,147.54813393330573,147.56674657700748,1846200
2008-07-21,148.2645721435547,148.36692038832797,147.64116925438918,147.76213014292688,316000
2008-07-22,147.18524169921875,148.20870978095152,146.9898444651208,148.15288605614782,905500
2008-07-23,146.3014373779297,146.95273829442863,146.16186376899014,146.79456622879997,586000
2008-07-24,146.3199920654297,146.58982577695275,145.7896522625283,146.19904534394885,320700
2008-07-25,146.46884155273438,146.6270135458809,146.1617967905245,146.33858142912612,259200
2008-07-28,146.8689422607422,147.04571271037895,146.66424574296346,147.03641348585788,194800
2008-07-29,145.50119018554688,146.4316236530134,145.18483201666936,146.4316236530134,592700
2008-07-30,145.3895263671875,145.63144815141877,144.91501041681414,145.09179504458692,618000
2008-07-31,145.64073181152344,146.3850813344142,145.46394720264217,146.33855682724234,1793000
2008-08-01,145.0938720703125,145.56982934277931,145.03787877242365,145.18720372706827,616800
2008-08-04,145.55113220214844,145.95242688094012,145.36446894275875,145.47646974647404,1387900
2008-08-05,144.37527465820312,144.6925795427156,144.2819572312123,144.63658623843847,1098400
2008-08-06,143.9833221435547,144.19796791223447,143.83399715646675,144.1699712572073,413500
2008-08-07,143.1247100830078,143.90864482383273,143.02205094501312,143.84332404897052,1229100
2008-08-08,140.28759765625,140.70756165136464,140.09160686364334,140.66089582070475,3804600
2008-08-11,139.2329864501953,140.29690170573994,139.02766822189636,140.18491512318042,2448300
2008-08-12,139.44764709472656,139.62496869639327,139.05567977334235,139.5876445783425,812800
2008-08-13,139.52235412597656,139.69967578426875,138.7477467052567,139.17705252219653,2316500
2008-08-14,138.4023895263672,139.34497651408162,138.11308135392068,139.25165910642056,2683900
2008-08-15,137.15185546875,137.74914112320738,137.06785127077552,137.70247528886892,1547500
2008-08-18,137.44113159179688,137.87042299041414,137.3291307674711,137.50645235227776,905200
2008-08-19,138.2716827392578,138.32767601127424,137.161102042916,137.25443365654664,1604800
2008-08-20,137.89846801757812,138.1131280326094,137.23586150972315,137.83314723417965,1399300
2008-08-21,139.27963256835938,139.36362249339646,138.7103437868729,138.96231356198413,1123600
2008-08-22,138.22506713867188,138.79435601162447,138.0570730211988,138.6543727807386,1257800
2008-08-25,138.03839111328125,138.542344886415,137.95440119116017,138.3556958682324,743400
2008-08-26,137.0398406982422,137.40381138444985,136.8065257906626,137.03051322848725,865000
2008-08-27,137.777099609375,137.9357520098459,137.27313152278805,137.9357520098459,587300
2008-08-28,137.5625,138.57042237473766,137.35718168808592,138.54242571769623,506000
2008-08-29,137.37582397460938,138.07576874442609,137.06784656704048,138.00110626012943,1011500
2008-09-02,135.86761474609375,136.22335292639642,135.689738513466,135.717822730728,1354800
2008-09-03,135.89569091796875,135.91440420506697,135.2778096048798,135.53993847377473,1408500
2008-09-04,134.1918487548828,135.74590879429587,134.12632367536457,135.71782457665194,2160300
2008-09-05,133.36801147460938,134.2948191589798,133.29311547138568,134.0607745057627,1801500
2008-09-08,132.58164978027344,133.39613512803442,131.7203669159952,133.30251152508748,2300500
2008-09-09,132.15098571777344,133.3305657103889,131.78587660446726,132.02927791835373,2097700
2008-09-10,131.4301300048828,132.46928895607775,131.3458773484233,132.40374958886238,1446800
2008-09-11,130.81219482421875,130.92454593824718,130.16622948710946,130.44708584475885,2520700
2008-09-12,133.29312133789062,133.3399188426321,132.08544287456488,132.33821511095093,1963500
2008-09-15,134.1918487548828,134.34164077228593,132.78758073287284,133.12460562955337,1573500
2008-09-16,132.58164978027344,133.36805090414157,131.2897326263342,133.1059076728814,954300
2008-09-17,134.6318817138672,135.04380270441644,132.34760297351667,132.89058843515377,1436800
2008-09-18,134.1637725830078,135.7178327156175,134.04206477594985,135.37145115393426,1382000
2008-09-19,136.0079803466797,136.04543547771738,134.37902498526833,134.37902498526833,868100
2008-09-22,139.3782958984375,139.7434050369912,137.29997794514617,137.33741880950507,2096000
2008-09-23,137.98338317871094,138.8821210496806,137.21572404419553,138.81658168145347,1300700
2008-09-24,137.10340881347656,138.46086547797483,137.03788371303085,138.46086547797483,468600
2008-09-25,137.2157440185547,138.23617555984757,136.62594675846984,138.02084413428761,434500
2008-09-26,137.15953063964844,137.6182633266536,136.8505899669657,136.8599608959563,453700
2008-09-29,135.41824340820312,137.61826906990055,134.7441936005747,135.06250521553218,1096500
2008-09-30,131.93569946289062,133.4055073479957,131.51442177036222,133.4055073479957,1002300
2008-10-01,131.52536010742188,132.163871400889,131.2812116368923,131.45962341829102,1057800
2008-10-02,129.55343627929688,130.24829931949938,129.23418069107922,129.49709874348895,992800
2008-10-03,129.4031982421875,130.51122235792434,128.642612823805,128.76468704135866,491200
2008-10-06,126.74586486816406,127.7599837781434,126.09795437056921,127.41255932556312,1463500
2008-10-07,127.72239685058594,128.93369687448546,127.30923581050874,128.17311147250675,557200
2008-10-08,128.41726684570312,129.08396123952576,127.47826953652084,127.47826953652084,306600
2008-10-09,127.77872467041016,128.67076903294532,127.70360318447604,128.58626273425386,175500
2008-10-10,125.79749298095703,127.87266937884455,124.5110710240413,127.08391493787276,500800
2008-10-13,127.7036361694336,128.2388715219773,126.70830129764576,128.08862851130235,138800
2008-10-14,128.17311096191406,129.05577057529746,127.90080809274401,128.72711584164722,135800
2008-10-15,126.79283142089844,128.25766523006618,126.79283142089844,127.30928291207034,214000
2008-10-16,126.379638671875,126.76463098988832,125.69417467909216,126.67072553204466,217900
2008-10-17,125.7786865234375,126.83037325126466,125.75990256545082,125.91954471639494,249900
2008-10-20,125.30917358398438,125.7692873704524,124.8302901696313,125.64721314939838,399200
2008-10-21,122.69873809814453,124.4922258335668,122.57666390138004,124.06968004286476,875400
2008-10-22,120.44515991210938,121.35598822933906,120.28553212726973,121.14940772473284,759800
2008-10-23,121.22454071044922,121.37476936881158,120.1540773428537,120.1540773428537,674800
2008-10-24,118.2103500366211,120.0038380226711,118.11645175489663,118.7925308456803,550700
2008-10-27,117.7408676147461,118.39816284095943,116.47322272763141,117.14930191115408,785400
2008-10-28,119.44042205810547,119.56249625971931,117.01781511040922,117.83473796008231,629200
2008-10-29,121.75038146972656,122.28560242793066,120.21981143521457,120.3137168872309,590500
2008-10-30,121.7315673828125,122.82080731356841,120.52026758819994,122.45459906608491,612900
2008-10-31,119.90052795410156,120.24795225548003,119.262009714297,120.04137177142877,406900
2008-11-03,118.86956024169922,120.47017718942026,118.58709504697748,120.037069158665,517600
2008-11-04,122.48506164550781,122.61687680696636,120.72438462457383,120.76203994208694,307700
2008-11-05,121.5717544555664,123.51132637969118,121.54350937836254,121.77889459957717,331300
2008-11-06,119.82050323486328,121.24223207983981,119.68868807661512,120.60197676350961,533400
2008-11-07,120.23479461669922,120.86562542454453,119.79227633735222,120.53609466229652,375400
2008-11-10,119.97117614746094,121.355242839662,119.7075457648301,121.28934242739346,385000
2008-11-11,117.95625305175781,119.77342743398574,117.79619280886321,119.72635469492783,363100
2008-11-12,117.5514144897461,118.49295566656967,117.47608947158682,117.93744982027053,241900
2008-11-13,121.15750122070312,121.23282623232392,117.30660158979322,117.93743958288175,802100
2008-11-14,119.6321792602539,120.65845534866182,119.17082625063665,119.46270161827805,534100
2008-11-17,119.22736358642578,120.11241464292532,119.09554838865643,119.24619843375827,542200
2008-11-18,118.93547058105469,119.71695141226206,118.4647000345522,119.08612060396194,983300
2008-11-19,118.07866668701172,120.83737507116186,117.98450683517483,120.09356396204507,1241700
2008-11-20,117.61732482910156,118.79425132759175,117.51375472256329,118.47413076802927,814400
2008-11-21,118.624755859375,118.81306838096553,117.33484920757374,118.76598845472085,710200
2008-11-24,121.76949310302734,122.03312342036845,120.46075175380729,120.74321691289413,685200
2008-11-25,123.43602752685547,123.48309308216922,122.02371606484007,123.23829760079227,401900
2008-11-26,121.76949310302734,122.54154921330493,121.03509230946644,122.29675373770957,383700
2008-11-28,119.9146728515625,120.4231058981602,119.37799472182967,120.12181303907138,292700
2008-12-01,118.8145523071289,119.81465661162949,118.8145523071289,119.12590797871056,464600
2008-12-02,119.96563720703125,120.54117091555905,119.52219249406947,120.04111868972909,397900
2008-12-03,119.97505950927734,120.02223003145792,119.07873320813228,119.24856292426327,369900
2008-12-04,120.79588317871094,121.34311300059272,119.57877155348089,119.62594926851881,470100
2008-12-05,120.12600708007812,120.20148854839991,119.28629554034805,119.87126612237836,410800
2008-12-08,122.18286895751953,122.41874322191629,121.57903141652874,121.60733517652655,298100
2008-12-09,121.97525787353516,122.79609543363463,121.19215384867177,121.31481303227018,242700
2008-12-10,122.97537231445312,123.41881697248716,122.45644618307084,122.49419411805445,315100
2008-12-11,126.0605697631836,126.63610321236801,124.86232515980996,125.23028822426463,754300
2008-12-12,126.40966033935547,126.6266749055836,125.76808961297957,126.21153413128651,246600
2008-12-15,129.55160522460938,129.57047920068354,128.10805558238454,128.10805558238454,610300
2008-12-16,133.5331573486328,133.69355014477884,129.67425726205434,129.88182779744912,671100
2008-12-17,136.0333709716797,136.439082109533,133.8538955188096,133.99542868641313,1309000
2008-12-18,134.58038330078125,137.06178449768507,134.0897609325445,137.06178449768507,1130700
2008-12-19,131.26878356933594,132.04244386681185,130.5800201767934,131.70278426394708,909600
2008-12-22,131.60838317871094,132.18391684352486,131.23097579388724,131.90086490406202,282200
2008-12-23,131.79708862304688,132.08957036826015,131.42912539574297,132.08957036826015,149800
2008-12-24,131.89146423339844,132.3726570082198,131.81599712815628,132.32547926997512,50000
2008-12-26,132.88211059570312,133.13685881018324,132.61793259425014,132.76889556554366,70500
2008-12-29,132.07066345214844,135.14647189441052,132.03292991882648,135.1181681452648,445300
2008-12-30,133.01419067382812,133.85390234996603,132.89154586492282,133.7123835717598,202200
2008-12-31,131.98582458496094,132.1933951236048,131.2215941456926,131.7593800709972,396900
2009-01-02,130.9698944091797,132.26446950252515,130.80924044310495,131.38565972166984,386500
2009-01-05,128.28627014160156,128.96663457029013,128.03114429492638,128.5981050396486,364900
2009-01-06,127.75712585449219,127.94611280614775,126.29245174629617,126.79327365663453,960000
2009-01-07,128.80606079101562,129.70375990962916,128.44697537605632,129.25963250232203,332600
2009-01-08,129.75099182128906,130.18567486280065,129.2218224968629,129.99668787818885,490900
2009-01-09,126.96341705322266,127.92726959305772,126.74608270264696,127.92726959305772,792600
2009-01-12,126.46256256103516,126.93503719613484,125.62155828730899,126.67989685592217,455500
2009-01-13,124.71434783935547,125.27187863098749,124.26077641896165,124.93169646099824,485200
2009-01-14,124.44038391113281,124.79946928305641,123.88286724751258,123.97735353253569,1029700
2009-01-15,124.45927429199219,124.71440021254136,123.16468399152272,124.39312092229176,935300
2009-01-16,125.68761444091797,126.00890793940556,124.95055564920729,125.88606000119643,450600
2009-01-20,121.82282257080078,122.57878464972259,121.57714102313159,122.13465746906019,1054900
2009-01-21,123.13634490966797,123.27809596046552,121.26534927315673,122.41818860948752,1048900
2009-01-22,123.02291107177734,123.24024530178983,122.22915738225386,122.30474061278032,1180200
2009-01-23,122.79613494873047,123.27806822672663,120.93459124294021,121.6811019109732,1348800
2009-01-26,124.61042785644531,124.90335975787212,123.8355771254562,124.11906472704865,893000
2009-01-27,124.77108764648438,125.15852028403057,124.0812787587714,124.997880648195,892800
2009-01-28,124.29857635498047,125.75380578692901,123.939505565057,125.58370748115351,1145500
2009-01-29,122.64493560791016,124.37419416667487,122.3425593979573,124.22301327108784,719500
2009-01-30,121.17079162597656,122.03069857282402,120.88731128578249,121.99290696164176,712000
2009-02-02,121.48297119140625,122.03159962519317,120.811384518493,120.87759779728066,553200
2009-02-03,123.33695220947266,123.4883009641264,122.13564492370259,122.37212194031967,638100
2009-02-04,121.56812286376953,122.36268226787068,121.26542531930433,121.77622381723602,407900
2009-02-05,121.04785919189453,121.9559228737828,120.90597153533474,121.09515748298313,469600
2009-02-06,122.26806640625,122.92074525439797,121.46405324313452,121.8045807102808,546600
2009-02-09,123.1099853515625,123.8667150373237,123.0343253730628,123.7626645251138,477000
2009-02-10,121.89917755126953,123.68694336099927,121.44514568479877,122.75995742387606,1188900
2009-02-11,121.97486114501953,122.82618719652604,121.44515485523623,122.45728357089739,612900
2009-02-12,121.66268157958984,121.70997986597585,120.38570723092593,120.83974624343358,981900
2009-02-13,121.9181137084961,122.23971904932714,121.397861284555,121.52083397569048,462600
2009-02-17,119.26953887939453,119.56277527320407,118.85334425759966,119.26953887939453,734800
2009-02-18,118.75874328613281,119.14656178405386,118.38983977142789,119.11818570087729,654600
2009-02-19,119.7330322265625,120.70731627815758,119.69519504186788,120.5086764710396,682600
2009-02-20,121.44514465332031,121.90864483465164,118.85335838883569,118.87227337615032,1437700
2009-02-23,120.17762756347656,121.19921004834661,120.08303097966161,120.94381081877604,1189700
2009-02-24,121.52081298828125,121.83296438873538,120.18707912272593,120.48031553680677,507700
2009-02-25,120.2911148071289,121.14244064013424,120.07356001539418,121.0478440697747,577300
2009-02-26,120.50872039794922,120.96275234637478,120.43304600097572,120.84924796762223,472300
2009-02-27,119.94114685058594,120.51815135393173,119.45873171144149,119.56278217707472,568800
2009-03-02,118.9654769897461,119.46704057293145,118.88030908470702,119.34401785896394,673100
2009-03-03,119.07901763916016,119.60897041820569,118.48281354266882,119.542726320825,565200
2009-03-04,119.59951782226562,119.79825013585861,118.68156586521208,118.95600056965057,580800
2009-03-05,118.86135864257812,119.0979457446613,118.35979514137223,118.37871893271013,691600
2009-03-06,119.57109832763672,120.65940024444255,119.26826718053167,120.51744656484804,841900
2009-03-09,119.31561279296875,119.85503111381307,118.99385056962242,118.99385056962242,616300
2009-03-10,119.97806549072266,121.28403108310151,119.35347921529188,121.04744395057679,715900
2009-03-11,121.61524963378906,121.75721058348752,120.64051898115252,121.05690744265488,575000
2009-03-12,122.3533935546875,122.41964488221979,120.53641335277013,121.22725094783031,623800
2009-03-13,122.25873565673828,122.45746070752705,121.74769950302408,122.2208736393594,442300
2009-03-16,122.66571807861328,123.47012027724539,122.64680150086208,123.4511892593585,498100
2009-03-17,123.20510864257812,123.26188723990674,122.40070667340518,122.59944620418692,480100
2009-03-18,127.72863006591797,127.7475610749851,123.90537488157764,124.22714427520316,1181100
2009-03-19,129.43212890625,130.03779155824407,128.94948177847542,129.46051821492654,893500
2009-03-20,128.40054321289062,129.22387613525584,127.9746893234634,128.46679453175713,538300
2009-03-23,129.223876953125,129.29011383228018,127.6529351429454,128.15449863990997,952400
2009-03-24,127.41632843017578,128.58980546440372,127.17974136651011,127.93682285826593,1159700
2009-03-25,128.6938934326172,129.24277710657384,127.46363791789551,127.46363791789551,2038500
2009-03-26,127.98417663574219,128.74124388539508,127.85168842303972,128.72232731224628,320500
2009-03-27,125.89277648925781,126.13882197251633,125.51424275499296,125.9874171428922,467800
2009-03-30,124.88013458251953,124.95582974318276,124.1230530147187,124.62461648485916,485500
2009-03-31,125.7413330078125,126.0631025041304,125.22085283345169,125.95900358123151,260300
2009-04-01,125.29165649414062,125.64191942568071,124.91298020123716,125.47151148261825,367000
2009-04-02,127.23228454589844,127.9612235871514,126.94829545386995,127.14708781828989,421700
2009-04-03,127.65840148925781,127.71519935412003,126.79692868542956,126.93892334758509,308000
2009-04-06,126.94831848144531,127.47845080942085,126.47498398217822,127.42165298071241,290100
2009-04-07,125.61343383789062,125.87849983751957,125.37676673500667,125.6702316313806,267300
2009-04-08,125.44310760498047,125.99217737420702,125.13070509257452,125.4715065201971,202700
2009-04-09,124.64796447753906,125.7271670703954,124.2787639706416,125.50943714197624,238100
2009-04-13,126.65486907958984,126.806339622184,125.6040656635102,125.73661322204957,254800
2009-04-14,125.67031860351562,125.9827211289272,125.38631499450297,125.55672293792,279000
2009-04-15,125.22540283203125,125.31059959472978,124.52486241144963,124.61007361917405,155500
2009-04-16,124.66679382324219,125.16852704004101,124.26919473323274,125.14958962289289,160100
2009-04-17,123.29414367675781,123.69174281989234,123.26574476974955,123.5970701665189,327500
2009-04-20,122.35694122314453,122.88707343484248,122.0256013683236,122.8018767104666,283500
2009-04-21,122.5368423461914,123.02911428957874,122.3759103434543,122.42324668426477,196100
2009-04-22,123.0196533203125,123.44565154938519,122.88712021693378,122.96285548243947,396600
2009-04-23,124.41121673583984,124.52481237379189,123.1332224738192,123.19948178095119,184600
2009-04-24,125.40521240234375,125.94480608675664,125.31053974787602,125.72707631550365,322700
2009-04-27,123.42671966552734,124.58165710240402,123.08591821784202,124.22191822845178,311600
2009-04-28,124.4491195678711,124.63845048871286,123.51191200892285,123.53084943451402,238600
2009-04-29,125.46199035644531,126.36132265144896,125.26319803655839,125.27265952249982,370100
2009-04-30,125.27268981933594,125.67975048851436,124.93188845780554,125.2348149763769,581100
2009-05-01,125.60504150390625,125.69971475775206,125.3683366983195,125.55769765332593,273500
2009-05-04,126.9116439819336,127.11994536954904,125.61450625231335,125.63344668227339,474000
2009-05-05,126.11626434326172,127.06308316633022,125.78488642357296,127.0062763485155,442300
2009-05-06,126.1920394897461,126.43820723715197,125.65236015384923,126.37193741748234,417800
2009-05-07,126.73175048828125,127.517597678334,126.43822441260559,127.09153194531481,359900
2009-05-08,128.99473571777344,129.07048303601877,127.39460793223449,127.72598619631867,512000
2009-05-11,128.6254119873047,129.0988216531434,128.52126128292753,128.60647155542253,202700
2009-05-12,129.12721252441406,129.53433786274542,128.70113230872676,129.43966460717107,211000
2009-05-13,128.6254119873047,129.2881826300156,128.46443998728103,128.7390256839647,261200
2009-05-14,129.0988006591797,129.3733718638963,128.55910679317634,128.69166090016265,113600
2009-05-15,127.72589111328125,128.8526081565172,127.44185694045954,128.48334928453602,309600
2009-05-18,128.34141540527344,128.34141540527344,127.55555330724123,127.896408982926,153800
2009-05-19,129.0988006591797,129.3828348546403,128.38868627589997,128.61591363226844,237600
2009-05-20,130.38648986816406,130.8977659243589,129.6668979665293,129.69530138924478,323900
2009-05-21,131.66468811035156,131.84458608695996,130.14978591526432,130.263399606884,376900
2009-05-22,132.60205078125,133.02811659261715,132.28013567464518,132.54524393270992,292400
2009-05-26,132.37486267089844,132.57370116881404,131.5227307022827,131.57007457772187,298400
2009-05-27,131.62681579589844,132.36533365295674,131.41851440572145,132.36533365295674,343300
2009-05-28,131.99606323242188,132.42212896712007,131.70255160290344,132.05287007073977,224700
2009-05-29,133.86126708984375,134.1168978029733,133.27422951967344,133.4541274308235,339700
2009-06-01,134.0904541015625,134.79116501313894,133.92948290198575,134.48815020320058,240500
2009-06-02,135.63397216796875,135.71918970720753,134.6491879971589,134.69653589069662,455600
2009-06-03,134.01470947265625,134.5260433869122,133.57914371455624,134.38399976693339,477300
2009-06-04,134.27035522460938,134.67751508411976,133.6264560358556,133.75902139110784,246800
2009-06-05,132.2534942626953,133.12464035099927,131.9599576343971,133.06782867436664,712600
2009-06-08,131.68533325195312,131.8936378696258,130.89940485642674,131.45807214829958,388200
2009-06-09,133.29513549804688,133.4750488347204,132.30088747070062,132.58496039973517,724900
2009-06-10,132.49964904785156,133.20035992664725,131.78001058072624,133.20035992664725,1846100
2009-06-11,133.56967163085938,134.23249854236897,132.74587350145052,132.84055480392732,434100
2009-06-12,132.55650329589844,132.9636632595231,131.9599518204501,132.36711178407475,295600
2009-06-15,130.66268920898438,131.3823277486912,130.2460510470596,131.35392191479107,703500
2009-06-16,131.01307678222656,131.78952722278055,130.93732305290848,131.3634251378445,309700
2009-06-17,132.0830535888672,132.38605400080877,131.00358843333967,131.4959659088127,307700
2009-06-18,131.53382873535156,132.58488788392995,131.36337929173646,132.26293103455512,230800
2009-06-19,132.05467224121094,132.67961522190564,131.67590359536186,131.73271528010258,373800
2009-06-22,131.2876434326172,131.6285279176367,130.92783135571128,131.13615045480896,272000
2009-06-23,133.2855987548828,133.5886135991493,132.45233683023594,132.5659601725644,694400
2009-06-24,132.0167236328125,133.1245942894552,131.50540427149258,133.08672466765123,541700
2009-06-25,132.4807586669922,132.69854158227344,131.52438059173875,131.83685926942647,278500
2009-06-26,133.23825073242188,133.67381646266236,132.9825837916468,133.3518740623035,198600
2009-06-29,133.34239196777344,133.52229073254958,132.9730872992586,133.09618885543023,164600
2009-06-30,132.8783721923828,133.38022763411297,132.58483573950696,133.30447396102633,366100
2009-07-01,133.93136596679688,134.4995050506115,133.75145019986167,134.02604858972705,649100
2009-07-02,132.56784057617188,133.9313978196122,132.47314348197543,132.95607843413018,232900
2009-07-06,132.38790893554688,132.38790893554688,131.6114477612272,131.70613039535357,247500
2009-07-07,131.72506713867188,132.61516766459724,131.72506713867188,132.46365811789812,138300
2009-07-08,131.43153381347656,131.886048030388,130.97701959656513,131.74401685283644,326900
2009-07-09,132.8709259033203,133.21180093522665,132.05657961333753,132.28382963460842,151300
2009-07-10,132.0470428466797,132.31217738677262,131.66828334618944,131.68722565583857,190600
2009-07-13,132.52041625976562,132.53935855752414,131.7628832855617,132.04695995698066,101700
2009-07-14,131.9807586669922,132.52049164585688,131.72508807239947,132.4068666921481,104800
2009-07-15,133.58103942871094,133.78934702016565,133.2401501309936,133.42005148503415,204600
2009-07-16,133.89344787597656,133.96920262462348,133.46734005748598,133.71354660277368,215900
2009-07-17,133.5242156982422,133.9029896207347,133.46740322205525,133.65678295892764,322400
2009-07-20,134.6983642578125,134.8877439540148,134.40482356138725,134.7362344175551,302500
2009-07-21,134.4332275390625,135.16235452839646,134.10180223970767,135.16235452839646,212700
2009-07-22,134.51852416992188,134.98251696809433,134.09241600155067,134.14922849749982,122300
2009-07-23,134.41433715820312,135.2760317103951,134.3385823619802,134.36698860447004,214200
2009-07-24,134.603759765625,134.81208190935462,134.32916118457484,134.6321660171559,98900
2009-07-27,134.81204223632812,135.07717680509467,134.4900951812188,135.00143645580454,127000
2009-07-28,134.1775665283203,134.48058561766155,133.77040088185666,134.31013376772074,263200
2009-07-29,132.88026428222656,133.59044882517023,132.5961875753008,133.59044882517023,291000
2009-07-30,133.13597106933594,133.34429308130785,132.68144243480876,133.06968022518785,119000
2009-07-31,134.90664672851562,135.1623171902829,133.72300591314558,133.72300591314558,422300
2009-08-03,136.42178344726562,136.7247881396764,135.46539192563796,135.58849525782716,369900
2009-08-04,136.3082275390625,136.59230454572003,136.15671787567757,136.3271698591748,184800
2009-08-05,136.44070434570312,136.7437234714015,135.91989925387603,136.298673160999,373900
2009-08-06,135.89149475097656,136.25132635514822,135.61689630746218,136.16610764323832,658700
2009-08-07,134.14915466308594,135.4843053780472,133.99764512477583,135.30438960739704,374900
2009-08-10,133.8272247314453,134.19652024752403,133.52420561633113,134.15863563376143,183600
2009-08-11,133.9124755859375,134.11133373406182,133.56212229263525,133.7136318865633,122900
2009-08-12,134.49009704589844,134.83098641743183,133.70415726017558,134.08293125562966,201000
2009-08-13,135.19082641601562,135.43701869164025,134.93515575945258,135.28550908413982,267800
2009-08-14,134.3291015625,135.0676926719882,134.04502472452418,135.05822874193,202700
2009-08-17,133.31588745117188,133.4105845395766,132.9655342318191,133.23066874085586,445600
2009-08-18,133.7041473388672,133.91246940872108,133.23069071624462,133.27803926825678,137900
2009-08-19,134.6983642578125,135.02031118623088,133.56207163185405,133.56207163185405,291500
2009-08-20,134.93511962890625,135.1150354335444,134.45219913915193,134.499533236164,252900
2009-08-21,135.69261169433594,136.04296481852387,135.16234282029697,135.63579923622365,203700
2009-08-24,135.2665252685547,135.72103945430075,135.19077049613944,135.61687844832298,178800
2009-08-25,135.48426818847656,135.91983993062541,135.3706432903057,135.78727273317912,295000
2009-08-26,134.8972625732422,134.8972625732422,134.46167613816198,134.86884188402593,198800
2009-08-27,135.90103149414062,136.33660361901968,134.6037501555794,134.8688847834415,300700
2009-08-28,135.3517608642578,136.1661067084391,135.15290275575254,136.11875816367618,176500
2009-08-31,135.68319702148438,135.95780996294758,135.11505772487936,135.15292789848638,208400
2009-09-01,134.53733825683594,135.74938517772048,134.17750686044428,135.3422052635817,336400
2009-09-02,135.07716369628906,135.26655789738535,134.3007023770402,134.4427335791135,327300
2009-09-03,134.8783416748047,135.2760435532296,134.72683206909483,135.16241857332284,309600
2009-09-04,135.3706512451172,135.57895875442426,134.33850538069657,134.46160866010953,173000
2009-09-08,137.1982879638672,137.50130720055472,136.81004998514342,137.0467783455234,366500
2009-09-09,137.73797607421875,138.1546056716001,137.52965405115495,137.87054332082786,316600
2009-09-10,138.05043029785156,138.27769460357192,137.25502690094743,137.6053945116927,220100
2009-09-11,138.0030975341797,138.4670756291196,137.7379630660012,138.24928969784688,240100
2009-09-14,138.3724365234375,138.65649893672258,138.06941735093417,138.07889573054328,198400
2009-09-15,138.88377380371094,138.95006467098293,137.9179181793582,138.0883700889501,231300
2009-09-16,139.3761444091797,139.43295688456564,138.57126247788523,138.95950032468596,284600
2009-09-17,139.43296813964844,139.64129019871115,139.09207881106846,139.1299489814668,197100
2009-09-18,139.1299285888672,139.40454146681225,138.93108493811062,139.38559916001515,180200
2009-09-21,138.88377380371094,139.07315357645155,138.4197810790585,138.4860719463305,144000
2009-09-22,140.03897094726562,140.09578341869366,139.77383644810374,140.09578341869366,562100
2009-09-23,139.48033142089844,140.43670864851643,139.39511269193994,139.8874972028669,298900
2009-09-24,138.65652465820312,139.83070249634522,138.39139005745363,139.7549476891665,565600
2009-09-25,138.77952575683594,139.32873686759407,138.58068217718127,138.72271330550603,166900
2009-09-28,138.2114715576172,138.81749549136975,138.04101965035068,138.4860700570323,116200
2009-09-29,137.86106872558594,137.99363597583212,137.46336697484745,137.79479232483618,238200
2009-09-30,138.4671173095703,138.70384561661268,137.89897804191816,138.27773755368625,166400
2009-10-01,137.378173828125,137.94631309971197,137.35923151778064,137.84216651469126,258400
2009-10-02,137.86106872558594,138.56178959045658,137.69063131044658,137.69063131044658,275500
2009-10-05,138.59967041015625,138.78906459542176,138.07887974691923,138.15462008252817,90400
2009-10-06,139.26251220703125,139.66021396277222,139.09206034100126,139.09206034100126,182200
2009-10-07,138.8932342529297,139.0447438468237,138.59969344522887,138.9027126330169,323500
2009-10-08,139.82113647460938,140.1809534850511,139.27192536012916,139.4707689411314,258300
2009-10-09,139.1299285888672,139.65073366018834,138.80798161704925,139.35719292419276,190700
2009-10-12,139.84011840820312,140.14313753286197,139.73597183894216,139.77384200515095,162900
2009-10-13,140.3041229248047,140.5881997660803,140.02004608352908,140.26625275538385,235100
2009-10-14,141.1468963623047,141.36468237901227,140.76813681596536,141.033271388153,256500
2009-10-15,141.28892517089844,141.50671116162096,140.8533387407046,140.88174498085323,252700
2009-10-16,140.90066528320312,141.0521748394974,140.59764617061455,140.69234325548513,157400
2009-10-19,141.38360595703125,141.55405784442374,140.97644022110518,141.11847141997507,282000
2009-10-20,141.23207092285156,141.63925103413453,140.7964990256607,141.63925103413453,171000
2009-10-21,141.89492797851562,142.30209365937066,141.47828391985217,141.48774784891393,252300
2009-10-22,142.16954040527344,142.2452951914654,141.5540526344923,141.84759340051863,178700
2009-10-23,141.8570556640625,142.33051223563936,141.77183694887816,142.1505964266405,466600
2009-10-26,140.59765625,142.2263479750574,140.42721882351026,142.04643217015317,425600
2009-10-27,139.9253387451172,140.64498742711473,139.73595903393317,140.5597687243938,396600
2009-10-28,139.1678466796875,140.12422389617532,139.0542217090652,139.98219268289748,415300
2009-10-29,140.28515625,140.53136287909183,139.80223581783238,139.88745452078916,209100
2009-10-30,139.2151641845703,140.13367102224638,139.15835171193004,140.01056769902786,409000
2009-11-02,139.6886749267578,140.38938162622122,139.30043694806716,139.53716530842695,214500
2009-11-03,139.1299285888672,139.35719292419276,138.41974379581472,138.47657071620608,336200
2009-11-04,140.60704040527344,141.00474191599062,139.93472618201525,140.01048091482872,538800
2009-11-05,140.67340087890625,140.91960751994884,140.4082663798962,140.69234318562027,256600
2009-11-06,140.4271697998047,141.03319340811552,140.26619635917834,140.60708554189958,290000
2009-11-09,141.73390197753906,141.980108554487,141.73390197753906,141.980108554487,341900
2009-11-10,141.68655395507812,141.90433983355163,141.3077802004053,141.54450837879781,163300
2009-11-11,141.6960906982422,142.19795353844214,141.44042008854166,142.1127348181249,120100
2009-11-12,140.36094665527344,141.26998973047864,140.21891544762397,141.19423493681575,209000
2009-11-13,141.09954833984375,141.2415940068205,140.24733213298566,140.41776959485705,152900
2009-11-16,141.62982177734375,142.01804522890222,140.77759118285667,141.52566074186475,696900
2009-11-17,140.65447998046875,140.8249318693454,140.06739842169654,140.65447998046875,214400
2009-11-18,141.46878051757812,141.75285727539335,141.26993690122833,141.4782588937099,270100
2009-11-19,141.08055114746094,141.18471213922402,140.47452749958757,140.7680681721717,277300
2009-11-20,140.55975341796875,140.66391441508907,140.23780649914016,140.3135468163693,300400
2009-11-23,141.57293701171875,141.8380714575831,141.46877601879035,141.7528527675718,198700
2009-11-24,141.52566528320312,141.67716042705692,141.1184850591742,141.6676964958004,210500
2009-11-25,143.2300567626953,143.23953513999743,142.25473751780714,142.41571099573815,394600
2009-11-27,141.4593505859375,141.73394903361293,140.62606241575403,140.64500472382574,254400
2009-11-30,141.96119689941406,142.26421599838363,141.61084370888315,141.87597819610858,160100
2009-12-01,142.66188049316406,142.95542113820784,142.55771951117347,142.72815687329873,251500
2009-12-02,142.3021240234375,142.71876817100343,142.16009281347172,142.61460713411194,142800
2009-12-03,142.52938842773438,142.7945229855401,142.42522739082855,142.51044611681974,223300
2009-12-04,140.3704071044922,141.4404091125219,140.1715489904349,141.40253894490263,420800
2009-12-07,140.04844665527344,140.78703774345152,139.81171837191513,139.8496029885512,226100
2009-12-08,139.00685119628906,139.6696875014617,138.817471458918,139.6696875014617,524700
2009-12-09,139.27198791503906,139.49925227271757,138.76064672244942,139.18676919919014,415100
2009-12-10,139.27198791503906,139.5276585113339,138.93109860289533,139.42349748682474,205400
2009-12-11,138.29660034179688,138.67535963577413,137.92730497310976,138.62801111184174,732100
2009-12-14,138.53343200683594,138.66599930363907,138.37245846420012,138.51448969336357,249900
2009-12-15,137.425537109375,137.78535435198845,137.14146021875848,137.6717293752422,537800
2009-12-16,137.39707946777344,137.95575465945484,137.16981515054496,137.47281979143747,727600
2009-12-17,135.59793090820312,135.93882014653883,135.25704166986742,135.86306537704814,745300
2009-12-18,135.52218627929688,135.74945060477427,134.83094382299555,135.5505925138883,450100
2009-12-21,135.0487518310547,135.68318192180604,134.90672063489706,135.62636944334298,407400
2009-12-22,134.73629760742188,135.26658123372812,134.44275677332914,135.16242018465474,417600
2009-12-23,135.41806030273438,135.7873558967071,134.98248829381765,135.16240412527227,373700
2009-12-24,135.68319702148438,135.9483460317333,135.68319702148438,135.85364892459086,208200
2009-12-28,135.93885803222656,136.21347095425713,135.93885803222656,136.19452864441908,275800
2009-12-29,135.69261169433594,136.4974789321654,135.5032320177139,136.46907270310925,368000
2009-12-30,135.52218627929688,135.7115804415677,134.97297499595268,135.29493640256547,278000
2009-12-31,135.32334899902344,136.0145914878217,135.28546438528983,135.97672132283475,169200
2010-01-04,136.2229461669922,136.65853263684986,136.17559761285003,136.47861680035973,344000
2010-01-05,135.8441925048828,136.44073807686658,135.64533434838773,136.2513583008598,675600
2010-01-06,136.25128173828125,136.43119748145182,135.5884456703443,135.6736643543485,244700
2010-01-07,135.38015747070312,135.654755892798,135.23812629526546,135.5884794938425,524900
2010-01-08,136.27024841308594,136.4974982777429,135.19076820972978,136.04298409968376,1134000
2010-01-11,137.2455596923828,137.58644891844222,137.05617999984855,137.12245639030058,635000
2010-01-12,136.9709930419922,137.5012765881364,136.91418055994976,136.942586800971,560100
2010-01-13,137.14144897460938,137.652775776795,136.81950193439064,137.57702098225832,231000
2010-01-14,137.07510375976562,137.23607721604776,136.5543132330415,136.9141303034835,283000
2010-01-15,135.9293975830078,136.09037109888172,135.5222173791803,136.05248647823532,777300
2010-01-19,135.20022583007812,135.22863206183496,134.71730544146752,135.02031006312185,482100
2010-01-20,133.3064422607422,133.65679552934418,133.10759857538667,133.59998304781402,458700
2010-01-21,133.23065185546875,133.66623817867927,132.65303436639894,133.15489708409538,402700
2010-01-22,133.6472930908203,134.0449947956905,133.164372688209,133.46737731864798,309800
2010-01-25,133.76092529296875,133.86508630100775,133.56208165409612,133.6851705190544,295300
2010-01-26,133.088623046875,133.31587291627488,132.76667609939483,132.94657742975457,258500
2010-01-27,132.5299835205078,132.90874303727287,132.33112538251905,132.7572334510671,542300
2010-01-28,132.0565185546875,132.23641992209468,131.8103118804751,132.23641992209468,486800
2010-01-29,131.0432586669922,131.70609472132537,131.00538851334844,131.66822456768162,587900
2010-02-01,131.6682586669922,131.6966649017672,131.3273694009459,131.56409765656844,356600
2010-02-02,131.9807586669922,132.0659773822738,131.62092704858378,131.86711926453546,234000
2010-02-03,131.34632873535156,131.90500402335073,131.27057394988165,131.82924923788082,528300
2010-02-04,129.87860107421875,130.69294689817042,129.72709151424007,130.64559835458374,1123000
2010-02-05,129.158935546875,129.54717336900097,128.4014166582103,129.3577936468348,1265500
2010-02-08,129.1305389404297,129.57558926751886,129.0358562966593,129.2631062007064,668300
2010-02-09,130.2195281982422,130.77820360815994,129.42411000159962,129.9354513029235,1138700
2010-02-10,129.78390502929688,130.02063330038453,129.2915061797854,129.79338340733847,756500
2010-02-11,129.3388671875,129.44302821476592,128.50559341812095,129.1494874421297,984900
2010-02-12,128.65707397460938,128.90328061958118,128.06999249582452,128.2783145267637,531400
2010-02-16,130.11526489257812,130.19101963504338,128.95055198200714,129.01684279994163,611400
2010-02-17,128.60971069335938,129.57555140080095,128.3824464069795,129.49033271168733,923800
2010-02-18,128.64764404296875,129.04534590293073,128.09843258433057,128.5529469316085,533200
2010-02-19,128.44882202148438,128.59086772848246,127.42616806462242,127.72917289845994,3046400
2010-02-22,128.49609375,128.78017054536397,128.26884387270565,128.685473463994,669200
2010-02-23,127.59658813476562,128.3162371594293,127.54923957223781,128.0795087955429,713200
2010-02-24,127.88056945800781,128.74226352605476,127.7195960247587,128.02260059065648,735600
2010-02-25,128.0889129638672,128.23094412040652,127.24616105466374,127.31243744480066,936800
2010-02-26,128.63815307617188,129.28204706209613,128.13629027868754,128.27832146712743,768500
2010-03-01,128.13633728027344,128.3162387020376,127.18942381334413,127.89013053167,627300
2010-03-02,128.60971069335938,128.73279953916457,127.71013192357042,128.21199458000874,852500
2010-03-03,129.3956756591797,129.8028558254275,128.7517816551107,128.93169746470292,928200
2010-03-04,128.4392547607422,129.12103314934478,128.06049541095985,128.99792985873117,548700
2010-03-05,128.6949462890625,128.76122268416532,128.12679272284652,128.29724457220948,436800
2010-03-08,128.7801971435547,129.3483508516288,128.60975970038186,129.28205999122892,297800
2010-03-09,128.50563049316406,128.647661730982,128.14579875902186,128.17420500658545,342800
2010-03-10,128.9884796142578,129.24415014928934,128.61918415198767,128.74228745565924,280200
2010-03-11,129.2346954345703,129.29150790859148,128.7801811936537,128.92221237870663,441700
2010-03-12,130.0111846923828,130.162694271433,129.6987016038726,129.87861742290107,450700
2010-03-15,129.1968231201172,129.58506095113668,128.87487614018505,129.53771240732382,276100
2010-03-16,130.1721649169922,130.2289773998796,129.59454725972114,129.66082367350663,614400
2010-03-17,129.83128356933594,130.18163686789185,129.70818021632965,129.89755998720446,365400
2010-03-18,128.59078979492188,129.3767293279709,128.36352547071326,129.14000107519996,869700
2010-03-19,127.89012908935547,128.06058102483192,127.56818198193105,127.89012908935547,954400
2010-03-22,128.03216552734375,128.17419675601914,127.30303817305622,127.32198048646349,462100
2010-03-23,127.52079010009766,128.11734999848264,127.35035267127212,127.653357360989,638700
2010-03-24,125.88260650634766,126.35606296864098,125.84472189806723,126.08145012921389,1127600
2010-03-25,125.48491668701172,126.4696998643282,125.34287106563464,126.05305582628225,1132100
2010-03-26,126.69698333740234,126.77273812383666,126.08148111590403,126.26139692759202,859000
2010-03-29,127.32201385498047,127.35988404296837,126.91483347814456,127.06634312760701,489400
2010-03-30,126.72541046142578,127.2651435366933,126.5549585516699,127.20833104969151,569900
2010-03-31,127.57758331298828,127.97528503561196,127.53023477365903,127.58706169010149,1133400
2010-04-01,128.316162109375,128.35404671674024,127.41659774249794,127.45448234986317,592500
2010-04-05,127.34087371826172,127.79540242390823,127.25565500423339,127.6533567851133,260200
2010-04-06,126.63069152832031,126.64963383697342,126.15723495322882,126.35609307221638,438600
2010-04-07,126.14775848388672,126.3276742763371,126.01519123398853,126.12881617711653,254000
2010-04-08,126.09097290039062,126.24248248936743,125.65538644426972,125.73114123875813,530200
2010-04-09,127.4355697631836,127.4545120712834,126.32768314367975,126.34661100303197,1596200
2010-04-12,128.2877960205078,128.6192214193102,128.18363499077694,128.40143542941794,868100
2010-04-13,128.316162109375,128.5718326384855,127.9468666556573,128.5718326384855,370800
2010-04-14,128.9884796142578,129.19680161335836,128.46767461650643,128.713866775105,497300
2010-04-15,128.27835083007812,128.2972931424552,127.86170665028774,128.08897105256,439400
2010-04-16,127.6154556274414,127.89005401109895,127.26508802916139,127.59651332378579,1182800
2010-04-19,127.36922454833984,127.39763077399206,126.82949181220627,126.83895573784321,599600
2010-04-20,126.9810562133789,127.3124671388496,126.84848895344109,127.2651185927116,329600
2010-04-21,126.554931640625,126.63068642343548,126.29927550348047,126.60228018597498,289800
2010-04-22,125.7311782836914,125.93003648390795,125.21985133117641,125.87320953473615,1449200
2010-04-23,126.2897720336914,126.53597864109558,125.33339518212507,125.36180141394178,981000
2010-04-26,126.2235336303711,126.25193987073688,125.59856744482582,125.77848326630844,1158000
2010-04-27,124.4527587890625,125.99623148030796,124.39594632536541,125.47542648184373,2035000
2010-04-28,124.64218139648438,124.95466446692193,123.84676337684886,124.92624377983861,1642800
2010-04-29,125.05884552001953,125.27663153172135,124.75582633091247,124.86945130245252,553900
2010-04-30,125.72164916992188,125.96784136034658,125.18190179827417,125.92997119595294,1237200
2010-05-03,124.62322998046875,125.01146780767739,124.23499215326011,124.93571302806984,530400
2010-05-04,122.81463623046875,123.43013846508514,122.71047520299511,123.38278991646104,1876900
2010-05-05,121.07229614257812,121.86769959083638,120.96813513515772,121.07229614257812,2450700
2010-05-06,119.27316284179688,120.58937135844153,118.25049504883796,120.01175383969843,5192800
2010-05-07,120.22006225585938,120.61776394443893,119.06482734909503,119.72767072109978,3979600
2010-05-10,120.74089050292969,122.22754376986225,120.48521992218812,122.02868566289722,3157700
2010-05-11,119.73717498779297,120.40948973822844,119.72771105704712,120.21063160257171,2760500
2010-05-12,119.22583770751953,120.01177012835304,119.1406117676858,119.6519457335663,2445800
2010-05-13,118.31680297851562,118.94176916628786,118.30733904794295,118.60087983193472,1813400
2010-05-14,116.91537475585938,118.0611388687348,116.6975815396519,118.04220378333062,3405600
2010-05-17,116.92481994628906,117.24676689728926,115.96843579732894,116.8680002539451,3205300
2010-05-18,115.30561065673828,117.43616523610751,114.83215408354512,117.379352759124,4966400
2010-05-19,116.94376373291016,117.08580213778431,115.74118731697213,115.93056704055543,5272700
2010-05-20,118.1274185180664,118.960699510846,116.11049605716993,116.65970020785177,8212100
2010-05-21,118.70503234863281,118.95123178897808,118.20316953804841,118.45883290828753,3906600
2010-05-24,116.86801147460938,117.22784307130205,116.57447072941147,116.9437662554261,2614600
2010-05-25,116.45140075683594,116.55555457336081,115.2582879765835,115.36244901748353,2867100
2010-05-26,115.11622619628906,116.06313930384245,114.97418778528132,115.85481726428091,2505200
2010-05-27,116.67864227294922,117.01953159300383,115.22986627490424,115.54234213130914,2829700
2010-05-28,115.87378692626953,116.88698390156092,115.83590952610089,116.62184932475576,1988500
2010-06-01,115.55180358886719,116.65969017388484,115.05941195920609,115.12569558674457,1360200
2010-06-02,115.6275634765625,115.79800812981351,115.0025973398508,115.31508040820664,1780200
2010-06-03,114.78480529785156,115.70331214602729,114.72799282456185,115.69384099235451,1582500
2010-06-04,112.94779968261719,114.03675125294718,112.86258096658544,113.81895804913157,3363800
2010-06-07,112.4932861328125,113.03302634424617,112.4932861328125,112.74894950691305,1436000
2010-06-08,112.79627990722656,113.39283250040015,112.48379688130916,112.5879578899483,3195400
2010-06-09,113.175048828125,113.97993073049716,113.08035896442638,113.64850537099167,2411700
2010-06-10,114.62387084960938,114.63333478213218,114.00837568995591,114.17882039225417,1956100
2010-06-11,114.1693344116211,114.51022377195655,113.74322632338928,114.08411568372475,1329800
2010-06-14,115.4192123413086,116.11046193426692,115.32452249656183,115.62753433437472,2489300
2010-06-15,116.5365982055664,116.56500444346554,115.77906481451166,116.07261279634164,2292400
2010-06-16,116.11995697021484,116.4608462821251,115.95898346858333,116.06314449302114,5829500
2010-06-17,116.93431091308594,117.1521041312897,116.46085430552293,116.9627171536398,5796600
2010-06-18,116.81118774414062,117.01950975912395,116.63127196313269,116.81118774414062,3591400
2010-06-21,116.26200866699219,117.03847724961494,116.13891254422114,116.86803257419166,3625200
2010-06-22,115.88322448730469,116.280933486384,115.76012838305023,115.99685666195217,1718700
2010-06-23,116.1767578125,116.50817591628665,115.23930874473838,115.67489508042694,1410100
2010-06-24,116.33776092529297,116.93431366408203,116.0442201334979,116.2051936500065,1495000
2010-06-25,116.88693237304688,116.99109337149841,115.92107715547303,116.14834145629759,853100
2010-06-28,115.83587646484375,116.51765502453908,115.78852792205306,116.4703064817484,576700
2010-06-29,115.10674285888672,115.28665864207821,114.69956997676113,115.11621401178441,1529200
2010-06-30,115.40029907226562,116.06313533513826,115.40029907226562,115.51392401768754,2100900
2010-07-01,118.14636993408203,118.36416317304551,116.94379321496898,116.96272830235158,2661100
2010-07-02,118.43989562988281,118.95122958526193,118.24104474018658,118.80919117137209,1590900
2010-07-06,119.1216812133789,119.50044070676861,118.59140491875964,118.83760436896236,2645900
2010-07-07,119.3205337524414,119.50044234695856,118.80919976009791,118.85654108523428,1365200
2010-07-08,119.78453063964844,119.87922052334231,119.41523503617975,119.7182469986252,1008900
2010-07-09,119.31105041503906,119.39626912620761,119.06485098659611,119.17848315919447,520400
2010-07-12,118.81865692138672,118.91334678488201,118.49670271625453,118.58192865046175,569400
2010-07-13,120.00230407714844,120.22009005127843,119.17848705373021,119.17848705373021,1401800
2010-07-14,120.22957611083984,120.59887169916873,119.83187428100487,119.83187428100487,1096100
2010-07-15,122.06657409667969,122.18019904778744,121.33744694666052,121.40373780063845,2104200
2010-07-16,121.9813461303711,122.51161512698016,121.87718511684098,122.36956950012284,2341000
2010-07-19,122.13286590576172,122.54004611316559,122.12340197489165,122.26543318168984,1435300
2010-07-20,121.66887664794922,121.94347510581218,121.39426374133814,121.40374212009942,1339500
2010-07-21,120.51364135742188,121.10073014985545,120.17275924739938,120.9776340330244,1707900
2010-07-22,121.60259246826172,122.05710676256696,121.17648441430374,121.17648441430374,1161000
2010-07-23,121.88667297363281,122.03818255919187,120.81665639265236,120.93975973701276,1718500
2010-07-26,122.63471221923828,122.74835161809125,122.00028216657012,122.10444318708265,993000
2010-07-27,122.70096588134766,122.77672064137217,122.23697339447622,122.63467504804755,607800
2010-07-28,122.56843566894531,122.97560137217117,122.40746217357132,122.52108712354179,444800
2010-07-29,123.39222717285156,123.69524625954305,123.25019600643074,123.46798194452444,1166100
2010-07-30,122.98506164550781,123.35435712729425,122.71044879184244,122.71044879184244,632300
2010-08-02,124.29179382324219,124.51905814231269,123.73311862703265,123.80887340005614,877200
2010-08-03,124.86949157714844,124.95472478204431,124.40551316121082,124.67064781281942,1163500
2010-08-04,124.216064453125,124.7842181426192,123.92252367809414,124.66111480518747,1216500
2010-08-05,124.48123168945312,124.48123168945312,123.95094809208936,124.28237353434788,559500
2010-08-06,125.41866302490234,125.82584325507618,125.19141308131717,125.21981932426532,1598800
2010-08-09,124.83158874511719,125.08725939543291,124.71796376664402,124.99256228087121,346300
2010-08-10,124.4149398803711,124.82212011917292,123.41121407826738,123.89413466736902,1895200
2010-08-11,121.59312438964844,122.47374670786972,121.38480233504264,122.40747029890338,1825300
2010-08-12,121.03440856933594,121.46998764353803,120.96812495422631,121.10069218444555,725300
2010-08-13,120.33372497558594,121.0817872318795,120.32425382125022,120.83558778976888,718600
2010-08-16,120.95867156982422,121.35638054327349,120.83557547350259,121.01549126567313,556800
2010-08-17,121.52680969238281,121.7351317061227,121.13857912308164,121.64991300470518,862900
2010-08-18,121.33744049072266,121.70673601092155,121.19540208502153,121.6877937038289,1195200
2010-08-19,120.96817016601562,121.71622529139272,120.70303560648325,121.50791766497429,1674000
2010-08-20,119.92655181884766,119.98336429601314,119.49097263703959,119.8223907944616,1766700
2010-08-23,119.50045776367188,120.04966922160264,119.33948423356725,119.78453464863614,1564700
2010-08-24,119.57621002197266,120.02126042758442,119.03646973151,119.0932822175455,1390700
2010-08-25,119.3773193359375,119.6329826623196,119.09324255162608,119.27315832998148,738100
2010-08-26,120.1159439086914,120.4378981692702,119.70877092360263,119.89815790758273,1473100
2010-08-27,120.15381622314453,120.57992427642014,119.62354713917941,119.99284271185147,1073400
2010-08-30,119.50988006591797,119.97386537893946,119.44359644977203,119.87917553078418,402900
2010-08-31,119.54779052734375,120.22956918169662,119.47203573811025,120.05912451810839,985100
2010-09-01,120.78824615478516,121.25223882692605,120.70302743400893,121.09125809150245,641400
2010-09-02,120.9870834350586,121.10071560767041,120.73142007714902,120.9870834350586,310100
2010-09-03,121.64993286132812,121.67833909977065,121.28063731282738,121.29010124272557,564800
2010-09-07,119.76554870605469,120.48519732013581,119.66138770742175,120.45679108857632,736700
2010-09-08,119.95491790771484,120.39996809488055,119.86022806934103,119.86022806934103,532400
2010-09-09,119.86975860595703,120.34321528529053,119.69932113679754,120.30534510839438,486100
2010-09-10,119.9360122680664,120.22955300638625,119.72769023788842,119.8697214181249,334100
2010-09-13,121.45108032226562,121.62153220949831,120.98709488285225,121.11019822092315,859400
2010-09-14,122.71049499511719,122.96616563992599,121.26171875578528,121.27119713628794,1346400
2010-09-15,122.73889923095703,122.98510593998567,122.42641610324796,122.61581032519324,450900
2010-09-16,123.38279724121094,123.7615567551923,123.15553286357255,123.48695827486821,938100
2010-09-17,122.98506164550781,123.55320076047023,122.81460979689736,123.37328498367127,6640800
2010-09-20,123.22184753417969,123.56273694212908,123.01352542661328,123.04193167321306,5780700
2010-09-21,124.83158874511719,125.37132184161584,123.67635330146966,123.96989412835941,6726500
2010-09-22,126.32769012451172,126.79166833298952,125.98680080361558,126.50760593953306,1541500
2010-09-23,125.65534973144531,126.08145768329032,125.53226086902058,126.08145768329032,947900
2010-09-24,127.27465057373047,127.31252075734153,126.83906399405744,126.8864125601366,1249500
2010-09-27,127.07569885253906,127.27455690421765,126.82950671837128,127.17985984175296,602200
2010-09-28,128.10784912109375,128.23095243056858,126.82004690628374,127.17041452969393,1207200
2010-09-29,128.5813446044922,128.74233257282384,128.09842404574607,128.27833987608767,1256500
2010-09-30,128.6002960205078,128.88437290701586,128.0416206279174,128.78021186358794,1909200
2010-10-01,129.9638214111328,130.0206338846496,129.36726154171217,129.52823503292547,2156900
2010-10-04,129.14952087402344,129.44306172264623,128.98854732635132,129.26314586090913,893700
2010-10-05,130.53199768066406,130.74978368316266,129.9827862601788,130.19110833169907,1524100
2010-10-06,131.45994567871094,131.58304900369177,130.78763102910023,130.83497957322723,1464600
2010-10-07,131.26107788085938,132.02807511334376,130.72134497415578,131.9996688787144,5442300
2010-10-08,131.38418579101562,131.67772652494747,131.15692145728784,131.43153433330224,3991100
2010-10-11,130.86341857910156,131.52625501661768,130.81607002311813,131.41263004125796,806700
2010-10-12,131.2895050048828,131.4599568885254,130.15321209267606,130.59826243767552,1532600
2010-10-13,131.6588134765625,131.98077496641235,131.2327053987829,131.44102747214177,1521100
2010-10-14,132.77613830566406,132.92764784912933,132.40684282393332,132.54887399046618,2027100
2010-10-15,131.857666015625,132.97501668093236,131.4789065067494,132.8992763381565,2920300
2010-10-18,132.01861572265625,132.0659642649147,131.33683717062482,131.45994049074747,663800
2010-10-19,129.54718017578125,130.46568704773216,129.38620668104465,130.28577124515968,1951200
2010-10-20,131.59251403808594,131.95234563797655,130.41833659811203,130.4751490720427,1681800
2010-10-21,131.3652801513672,132.42583288937462,131.1853643097074,131.95237623184914,1719400
2010-10-22,131.41262817382812,131.6777627450669,131.09068111571682,131.57360170288376,711700
2010-10-25,131.80084228515625,132.3974021870314,131.6398687851855,132.29324116366826,1252200
2010-10-26,130.7119598388672,131.0623277304706,130.45630354483316,130.8824118169795,774100
2010-10-27,129.88803100585938,130.42777825372698,129.58502641395899,130.38042972253353,1235800
2010-10-28,131.403076171875,131.54510729386269,130.929619833595,131.05270865640406,1725700
2010-10-29,131.3273468017578,131.44097172130498,130.88229660187332,131.0338061270986,1240900
2010-11-01,131.0233917236328,131.62945482252613,130.81505617873034,131.44952735650273,871000
2010-11-02,132.34910583496094,132.63320097812414,132.12184128017375,132.3301767551815,696900
2010-11-03,133.23927307128906,134.14837470223134,132.03661173702923,132.31124235926063,3049700
2010-11-04,133.99688720703125,134.73552613601404,133.83590328145127,134.42302282764692,2869200
2010-11-05,132.41546630859375,133.21092154225445,132.32076306424474,132.9268262588938,1151700
2010-11-08,131.31698608398438,131.61054594282515,131.02342622514362,131.43061842942265,1009000
2010-11-09,129.99119567871094,131.61999299996882,129.73550851383044,131.5063462324195,1571800
2010-11-10,129.96278381347656,130.2089919782401,128.96845771206958,129.82072897059902,1883200
2010-11-11,128.85479736328125,129.37562165813415,128.64646186546776,129.3661571172084,1602900
2010-11-12,129.1672821044922,129.9532724670757,128.87372239852203,129.64076923016802,2756300
2010-11-15,128.0120391845703,128.93060584385063,127.96470200703685,128.87378967106017,2564100
2010-11-16,127.22604370117188,128.41922649914235,126.85672418396535,128.2866506327012,1825900
2010-11-17,127.51011657714844,127.96467476206796,127.4533004164547,127.48170849680157,1294600
2010-11-18,128.5802459716797,128.7507089611626,128.16357471926557,128.5044862485417,1095200
2010-11-19,129.12945556640625,129.15786364810853,128.59915210838295,129.0252877836027,1235500
2010-11-22,128.51393127441406,128.89271534028887,128.09726013214024,128.71278785160828,1150700
2010-11-23,126.16543579101562,127.14081858033852,126.04233890526051,127.05559432488792,1789700
2010-11-24,125.72032165527344,126.61047994225838,125.57828126891764,126.28851210006309,961600
2010-11-26,124.98170471191406,125.11428057904025,124.65027226894148,124.91542400319386,525400
2010-11-29,123.7979965209961,123.82640460557042,123.2487494697476,123.58966093432643,1218800
2010-11-30,122.44380950927734,123.06881616644189,122.3775143563881,122.39645789288282,1819000
2010-12-01,123.93058013916016,124.37565942487187,123.10671673567538,123.63702028043284,3604700
2010-12-02,124.78285217285156,124.97224421063221,123.63700650229632,123.68435812416304,4190900
2010-12-03,126.496826171875,126.58205038922944,125.72977931632349,125.98545196838678,2980200
2010-12-06,125.60671997070312,125.77718292557435,125.07641646610244,125.22793588161315,1483800
2010-12-07,125.21845245361328,126.34535458583409,125.14269274854027,126.27907387494912,1504900
2010-12-08,125.12373352050781,125.25630936002997,124.56500763638759,124.77334316273424,623900
2010-12-09,124.90592193603516,125.01008970165515,124.19569111126691,124.86804931657475,721400
2010-12-10,124.80180358886719,124.91545039161596,124.31885163867358,124.70711477788018,441200
2010-12-13,126.3453598022461,126.7336228881431,125.54043999577446,125.59725616450342,1039200
2010-12-14,126.23170471191406,126.79988074647851,126.06124178676575,126.50632096116757,912500
2010-12-15,124.70706176757812,126.0801717655652,124.62183753901016,125.83396362203018,1743100
2010-12-16,124.88702392578125,124.99119171732048,124.35672042328576,124.86808038649592,721800
2010-12-17,124.39457702636719,124.85859975611386,123.9021462161957,124.83965621926905,1261700
2010-12-20,123.7979965209961,124.2336112339473,123.53284476517779,124.18625960976111,722700
2010-12-21,123.52337646484375,124.17679128956189,123.33398442354387,124.12943966681529,1014500
2010-12-22,123.55179595947266,123.59914758659254,123.37186844622985,123.5233878731383,306100
2010-12-23,123.74114227294922,123.95894233755766,123.16348731488833,123.210838924503,520400
2010-12-27,124.12947845458984,124.12947845458984,123.81697498643554,124.05371872445932,388800
2010-12-28,123.74114227294922,124.43242953433929,123.52334220834078,124.41350045023944,580000
2010-12-29,124.72603607177734,124.89648457096328,123.84534214359122,123.9684534705719,567400
2010-12-30,125.33210754394531,125.58778030961743,125.02906870356577,125.41733179916935,492600
2010-12-31,126.03279876708984,126.6104536343802,125.76764713453166,126.12750197143787,632500
2011-01-03,125.91923522949219,126.34537098235431,125.50256402236012,125.78665934083091,1169200
2011-01-04,125.42678833007812,126.4305791377449,125.36997216355907,126.40217105448536,961300
2011-01-05,124.091552734375,124.41353509961785,123.81693644162085,123.92110423191102,802900
2011-01-06,122.76577758789062,123.79797635847918,122.59532910820501,123.75062474200496,2825100
2011-01-07,121.77145385742188,122.72790740025559,121.71463769639907,122.39646052804264,1531600
2011-01-10,122.19760131835938,122.2544319345566,121.6104816648314,121.79987370309658,1255900
2011-01-11,122.42488861083984,122.54799994629364,121.71465758264436,122.1407933096242,900200
2011-01-12,123.84532928466797,123.97790514238703,122.83207403989043,122.99305797785753,2024500
2011-01-13,125.90969848632812,126.21272272250295,125.4172678466542,125.55930819959868,2956400
2011-01-14,126.13701629638672,126.39270348929809,125.58776928368515,125.9381597183225,914300
2011-01-18,126.22224426269531,126.98930586402743,125.95709251767423,126.45898792429888,1006200
2011-01-19,127.05559539794922,127.48173112848846,126.84725980529673,127.46280203801996,1660400
2011-01-20,127.09345245361328,127.22602830400983,126.33586997291125,126.8377652958185,1042400
2011-01-21,128.43814086914062,128.50442156246618,127.69002301079378,127.79419077146173,2248700
2011-01-24,128.71273803710938,129.08205741579314,128.12561862732503,128.19189931084247,1430200
2011-01-25,129.0537109375,129.25258198232765,128.20143948752363,128.28666374258384,946200
2011-01-26,129.1200408935547,129.29995399726337,128.67496150873137,128.9874649778429,1009300
2011-01-27,129.60293579101562,129.77338427193112,129.0442242817685,129.62187932767893,1059600
2011-01-28,128.38137817382812,129.38516913112824,128.12569093669123,129.14842543555034,906700
2011-01-31,129.14842224121094,129.59350153386393,128.87379146930775,129.2904626751691,1036100
2011-02-01,130.47415161132812,130.57831938923135,129.5177125230784,129.86808848071433,1947700
2011-02-02,130.25624084472656,130.42668918210703,129.85851360783295,130.09525704286528,581500
2011-02-03,128.5991668701172,129.0158380491605,128.40029582568755,128.95900742954692,1217900
2011-02-04,128.18255615234375,128.26778044743207,127.74694122795799,128.09733185725545,1065100
2011-02-07,128.16348266601562,128.28659393390157,127.4248439580586,127.47219555722083,367000
2011-02-08,128.5991668701172,129.11052684914213,128.41923936555875,128.6086314152092,437800
2011-02-09,129.53662109375,129.64078885515477,128.9305580591265,129.04420481227515,963100
2011-02-10,128.24879455566406,128.62759315825915,128.06888147533175,128.38138490383926,616100
2011-02-11,127.81317901611328,128.02151461032813,127.33022711117206,127.51014017009625,984600
2011-02-14,127.21659088134766,127.39651840489798,126.91356645985923,126.92303100595025,545100
2011-02-15,127.16920471191406,127.61428390201495,127.1313320881476,127.46277895726435,439000
2011-02-16,128.00254821777344,128.1730111506472,127.0745172044805,127.1881495266064,457100
2011-02-17,128.3434600830078,128.44762786188275,128.030956746383,128.0877729076448,381300
2011-02-18,129.09153747558594,129.36615365188533,128.381306783796,128.43812292719034,1348500
2011-02-22,128.76959228515625,129.2525585422855,128.60860834934135,128.99687137378675,798400
2011-02-23,129.6503448486328,130.02912905160846,129.3662494715555,129.375714019238,1016800
2011-02-24,130.1805877685547,130.34157170218649,129.84914090834047,130.1332361528549,1434000
2011-02-25,129.71656799316406,129.839679306836,129.45141627885894,129.65028728943014,486200
2011-02-28,130.14271545410156,130.59727367674458,129.98173150221442,130.53097851731022,862400
2011-03-01,129.88792419433594,130.65497653232947,129.82162858498634,130.484512429562,518300
2011-03-02,130.76870727539062,131.00545271449437,130.54144090171974,130.54144090171974,743600
2011-03-03,131.66830444335938,131.77247298875707,131.36527787025136,131.4883900920281,1072700
2011-03-04,131.89556884765625,132.1323141987541,131.66828810867807,131.9429208078337,541700
2011-03-07,131.8008575439453,132.3122355655519,131.64935150956993,132.0660256161268,574500
2011-03-08,131.08116149902344,131.30844223321108,130.75919129626615,130.84441615291558,791500
2011-03-09,131.12850952148438,131.4220714298786,130.97698903657488,131.22321343700003,270000
2011-03-10,130.04896545410156,130.4751042205482,129.94479691565547,130.32358371921018,641400
2011-03-11,131.12850952148438,131.13797413312045,130.04895135363444,130.0678950266953,559700
2011-03-14,132.0470733642578,132.07548164696934,131.5167661539255,131.5356953758747,743800
2011-03-15,132.0186767578125,132.17019724553361,130.9580477935538,131.1285119546873,983400
2011-03-16,130.98654174804688,131.54525759428856,130.80661287727148,131.39373702418328,776100
2011-03-17,132.22702026367188,132.44482194427334,131.84821902589792,132.12285172950774,1332800
2011-03-18,133.6569366455078,133.7800488352543,133.24974163294257,133.3539101512386,1295500
2011-03-21,134.13046264648438,134.31039144823248,133.3728745363935,133.8558443620945,1340500
2011-03-22,133.9031524658203,134.10202490032967,133.75164643691448,134.10202490032967,1631500
2011-03-23,133.01300048828125,133.57171599040845,132.99405681623634,133.10768994892987,2219200
2011-03-24,133.64749145507812,134.12098216162934,133.03194486668778,133.1740007485269,3573900
2011-03-25,132.7383575439453,133.48648080904104,132.54896418751912,133.24025644087882,3687600
2011-03-28,132.91836547851562,133.14564631150586,132.7194929434247,132.74790124132406,3589700
2011-03-29,133.04144287109375,133.08878038865706,132.511121066426,132.5868813242357,1812800
2011-03-30,133.2308349609375,133.44863666884663,132.55847171070732,132.81416077203897,1841100
2011-03-31,133.6759033203125,134.03574644106834,133.62855135843174,133.62855135843174,1508400
2011-04-01,134.14938354492188,134.39559349773467,132.63420758201073,133.041417082581,1497300
2011-04-04,134.1210174560547,134.4240440740994,133.92214494906173,134.31041089855682,313800
2011-04-05,134.1588134765625,134.36715047885235,133.4959295828153,133.5432815287512,619000
2011-04-06,135.172119140625,135.35203345403136,134.6607411347258,134.7743887192524,1793100
2011-04-07,134.9164581298828,135.06797864083,134.48084027335747,134.54713591556856,2491100
2011-04-08,136.36524963378906,136.44100983978166,135.98646305360793,136.1569126797549,743600
2011-04-11,136.0906524658203,136.44103082887662,136.0527651321048,136.18534190054103,768300
2011-04-12,136.5547332763672,136.94299917031015,136.18541105890208,136.94299917031015,1004800
2011-04-13,136.26119995117188,136.87673229304127,135.9581733128005,136.64946592671134,884800
2011-04-14,136.7346649169922,136.8104251746849,135.93920388590632,135.99602046672794,647400
2011-04-15,136.07171630859375,136.35581352800293,135.74026714431892,135.93913953284078,566400
2011-04-18,134.24407958984375,135.16265271428074,133.543322593734,134.97325932208324,1483200
2011-04-19,135.1815948486328,135.37098823867302,134.78386439461156,134.83121635456897,529200
2011-04-20,136.9051513671875,137.17976970240306,136.63998319725638,136.9051513671875,584100
2011-04-21,137.32177734375,137.67217031243834,137.0945110395094,137.4164812703772,568300
2011-04-25,137.56797790527344,137.86153979717872,137.17024749206743,137.8425961251819,410500
2011-04-26,138.12667846679688,138.26871986694073,137.77630004658442,137.94674972675705,1200000
2011-04-27,139.59449768066406,139.59449768066406,138.05091375026268,138.4202358284205,3097000
2011-04-28,139.82176208496094,140.1532112699054,139.38615884451556,139.63236874347226,1674700
2011-04-29,139.7176513671875,140.23849410904228,139.7176513671875,140.0491006892201,594000
2011-05-02,139.9459228515625,140.60899118290598,139.87960879152536,140.08800376049126,1238500
2011-05-03,139.9459228515625,140.49532645576298,139.6996300043452,139.76594406438235,1891800
2011-05-04,139.92698669433594,140.95947993701486,139.8890888126227,140.7037198237746,1402300
2011-05-05,137.05679321289062,138.79971942299196,136.91469788199396,138.79025218245312,2466300
2011-05-06,135.4560089111328,137.16105247350325,135.0771167656322,137.06632221022366,3966200
2011-05-09,135.4086151123047,135.44651299111675,134.51820285969657,135.09602265423126,1826100
2011-05-10,135.87278747558594,135.98645221888086,135.12445603874068,135.36126722314353,1042800
2011-05-11,134.02569580078125,135.09607278662935,133.73203771933535,135.01082420837625,2195100
2011-05-12,134.35719299316406,134.72661787059698,133.6562411227471,134.02566600018002,1053500
2011-05-13,133.10682678222656,134.58452617376528,132.72792023708408,134.5087448647368,2035800
2011-05-16,133.8077850341797,134.42350277948137,133.580455549964,133.6562368626384,1881000
2011-05-17,134.21510314941406,134.33824958498437,133.24890951343187,133.47625344360623,1264700
2011-05-18,134.36666870117188,134.7739769910881,133.94039701606863,134.12037582465757,787000
2011-05-19,135.03919982910156,135.18129520397582,134.30981737540603,134.37613144110873,925700
2011-05-20,133.58993530273438,134.4140336677968,133.44785436179563,134.38561747960904,2776900
2011-05-23,132.5574188232422,132.76581380284483,132.08379649756463,132.11221268080078,1243000
2011-05-24,133.12574768066406,133.37204052331867,132.8984182305894,133.04998083317605,972000
2011-05-25,132.9268341064453,133.22994485711686,132.39637945241614,132.49109523846118,869300
2011-05-26,133.41944885253906,134.0730356869794,132.77531480983944,133.88358959929482,1371800
2011-05-27,134.8402862548828,134.98236717565024,134.1772034144833,134.48032865052957,1915800
2011-05-31,135.81591796875,136.04324739318275,135.52227449298854,135.98641503707455,1345700
2011-06-01,135.31845092773438,136.46498294182175,135.17632543184567,136.10491240778182,1773600
2011-06-02,136.76817321777344,136.98611823106327,135.93434630644015,136.41758739567896,2031400
2011-06-03,138.0947723388672,138.2084727489482,136.93876997523313,137.06194060003986,2232700
2011-06-06,137.44097900390625,138.07583045053332,137.39359900913075,138.0189802401405,1182300
2011-06-07,138.568603515625,138.71072908996163,138.24642811654635,138.37908347204367,1218400
2011-06-08,137.52626037597656,138.17059652494115,137.45993994704577,138.05688164080323,1689000
2011-06-09,136.94821166992188,137.19456732657386,136.65447603282217,136.7113262260234,2116500
2011-06-10,135.29953002929688,136.49344232803736,135.16687471369738,136.43659211540117,2100800
2011-06-13,136.0386199951172,136.180745520258,135.42270898337014,135.62169917691165,1107700
2011-06-14,136.37026977539062,136.8345706518801,136.15233912078574,136.1712940128568,1061500
2011-06-15,133.75502014160156,135.062618152142,133.63183506602792,134.9299628624251,5241800
2011-06-16,133.8687286376953,134.00138393543187,133.22440703678714,133.3760027639553,3104400
2011-06-17,135.0626678466797,135.32799298207863,134.68365672470551,134.8731622856926,3474800
2011-06-20,134.99630737304688,135.25214775660038,134.89207717666162,134.92050227946277,1295600
2011-06-21,135.98175048828125,136.14283089715747,135.55535946968607,135.6122096777196,1557400
2011-06-22,135.53636169433594,136.34177794221026,135.4226613142461,135.8395819856945,1574300
2011-06-23,134.64576721191406,134.67419232437257,133.38553421230986,133.84035046999432,2128900
2011-06-24,133.90667724609375,134.26673346817017,133.5086967791269,134.17198791850683,1251200
2011-06-27,134.8162841796875,134.9489394907766,133.78346679632622,133.8687421123811,744200
2011-06-28,135.59329223632812,135.93440800070724,135.0342313597441,135.11003646942237,1502500
2011-06-29,136.26596069335938,136.34176575942547,135.43211942497027,135.84904005916482,2575600
2011-06-30,136.90090942382812,137.26098012967608,136.53136849984932,136.66402384542252,1040900
2011-07-01,137.20042419433594,137.22886032179647,136.33782309083037,136.75490557885288,1438800
2011-07-05,136.19561767578125,136.8686397239331,135.939692548017,136.69802297209023,1580300
2011-07-06,135.12449645996094,135.39938383931258,134.88751909488346,135.3046015716519,1336500
2011-07-07,135.5226287841797,135.72168168878497,134.7832604963136,134.7832604963136,1551100
2011-07-08,134.64105224609375,135.40887105220665,134.18605975887712,135.18136757662316,1319900
2011-07-11,132.29974365234375,132.9158790780639,132.06276626338186,132.75473618924406,2506500
2011-07-12,131.93954467773438,132.68838692676522,131.7784017751316,132.00589083106343,3223300
2011-07-13,133.5225830078125,133.99653793621394,132.5367631208784,132.89695903097302,3201500
2011-07-14,133.43724060058594,134.55576700398362,133.295045479914,134.3282779532331,1998400
2011-07-15,133.6078643798828,133.99651081385528,133.07703728175147,133.38037531722858,5193200
2011-07-18,133.26661682128906,133.3424513304425,132.3661055290168,132.9538048950138,3977500
2011-07-19,133.5225830078125,134.22404150887098,133.23820715798033,133.721650441882,2032200
2011-07-20,134.33773803710938,134.40408418210924,133.81638490946168,134.1007606576287,1281700
2011-07-21,135.7595977783203,136.1577180268726,134.99179340868724,135.247718555931,3117900
2011-07-22,135.69322204589844,135.75010875845126,135.2761540681562,135.64583814802836,1294200
2011-07-25,135.74069213867188,135.95870736151,135.2856994454576,135.59851144202895,746700
2011-07-26,137.07723999023438,137.18151064925235,136.5369244487895,136.58432283269877,967000
2011-07-27,135.76905822753906,136.6316592459963,135.42781026770706,136.6316592459963,1196200
2011-07-28,135.114990234375,135.31405755884413,134.68843392645383,134.71687004938534,875100
2011-07-29,135.68380737304688,136.12932613346956,135.4563038153984,135.73120575555143,1149700
2011-08-01,134.6426544189453,135.87530133191294,133.99789372280006,135.8278890529149,1850300
2011-08-02,134.197021484375,134.8986856822215,133.89360890435893,134.30132272367382,2063600
2011-08-03,135.2305145263672,135.46756143275513,134.67108729965847,135.18311671964557,1341400
2011-08-04,133.3721160888672,134.03584473817872,133.3057359898363,133.85568671875143,4215200
2011-08-05,134.87969970703125,135.0408898791092,133.62808500403156,134.2444156871254,3224700
2011-08-08,134.22547912597656,134.59527183463166,133.45744922863133,133.7798296478282,2001600
2011-08-09,135.42015075683594,135.52443749626892,134.102156193103,134.72796343886247,3209800
2011-08-10,133.95993041992188,134.57624651490178,133.77977247788962,134.5478020470223,3074200
2011-08-11,134.3771514892578,135.0124354623766,133.9409788153729,134.17802572182893,2065000
2011-08-12,134.60484313964844,134.94619157156436,134.2350502107569,134.77551012150238,1540300
2011-08-15,136.38734436035156,136.73818372249025,135.96066269806312,136.04599613688097,1833000
2011-08-16,136.09336853027344,136.69073136328169,135.7994326817122,135.97959064520327,1074900
2011-08-17,136.3588409423828,137.1363616307423,136.22609527219862,136.83293468849675,1051300
2011-08-18,135.42971801757812,135.59090827024647,134.81338702633684,135.5719404557551,2576000
2011-08-19,135.97010803222656,136.51058195657785,135.82788566697403,136.09337706090932,1233200
2011-08-22,135.69509887695312,136.2734937674823,135.66665441251655,136.2734937674823,992400
2011-08-23,136.43478393554688,136.47270509320583,135.79949965029417,136.2451492108479,1343900
2011-08-24,136.20718383789062,136.79507016472817,135.93221571735936,136.3683885102905,1204500
2011-08-25,135.894287109375,136.51060341326945,135.34433643029774,136.4442233202541,1452000
2011-08-26,136.94676208496094,136.9657298927593,135.363290136456,136.18822339140513,2040800
2011-08-29,137.09848022460938,137.42086062703922,136.88987773640216,137.3450183296899,1030300
2011-08-30,136.529541015625,136.6433189005387,136.06492387190247,136.36835085593228,571400
2011-08-31,135.7046356201172,136.4537120970806,135.66671447347755,136.4252676200514,1494000
2011-09-01,134.8122100830078,135.22949959489546,134.40441363256414,134.99240459688022,1300200
2011-09-02,134.09141540527344,134.4992262322834,133.987093051492,134.36643917190077,840800
2011-09-06,132.26113891601562,133.09570384004013,131.98610049209356,132.6879072081279,3003400
2011-09-07,133.24737548828125,133.24737548828125,132.3558960699897,132.49816173717406,2182600
2011-09-08,131.1988525390625,132.46019935652973,131.0945301866065,132.10930347605355,3480000
2011-09-09,129.06503295898438,129.92806224698091,128.75206581703625,129.88064035193474,6272200
2011-09-12,129.10301208496094,129.36855740554222,128.05030939582275,128.85642395075357,4870700
2011-09-13,129.3780059814453,129.80477411399733,129.01761692807054,129.01761692807054,4110300
2011-09-14,129.91856384277344,130.22203787675164,128.81843971845453,129.6150753376668,2637400
2011-09-15,131.2083740234375,131.3885540611445,130.62986166560177,131.2083740234375,3976500
2011-09-16,130.3643341064453,130.83852415351043,130.06084553018036,130.4876136783126,3340400
2011-09-19,129.34005737304688,129.64353142070627,128.39167745852652,128.70464456685372,2865800
2011-09-20,129.1598663330078,129.64353489276013,128.9512215885352,129.21676681402226,1141500
2011-09-21,128.45809936523438,130.3833100760317,128.39172027406926,129.2262850367866,3753000
2011-09-22,127.310546875,127.83214434097293,126.74151303977119,127.1303523448065,2910400
2011-09-23,127.77518463134766,127.99332236739234,127.1682222416089,127.37686691974956,2089700
2011-09-26,127.65193176269531,127.83211177585656,126.76045240113513,127.32947162027524,1712900
2011-09-27,128.4390411376953,129.15032583135903,128.36318350496043,128.8089230706796,1925900
2011-09-28,127.9933090209961,128.90374527510681,127.86053646430814,128.6287215759401,1267000
2011-09-29,128.42010498046875,129.08396790896833,128.06919463380527,128.7520292091553,1861300
2011-09-30,126.58027648925781,127.22516792646347,126.5707978991095,126.99756599386383,1683500
2011-10-03,124.79398345947266,126.20745219645332,124.68013646192685,125.92287089044561,2231400
2011-10-04,125.87547302246094,125.90393116146623,124.45250817160816,124.76556217581341,2400000
2011-10-05,126.11254119873047,126.47302999487393,125.46745674642831,125.88486177877623,1649600
2011-10-06,127.11815643310547,127.11815643310547,125.67621508321236,125.71416890763057,1431800
2011-10-07,126.51102447509766,127.81066068541587,126.25488682538744,127.3742930342057,2605100
2011-10-10,129.02488708496094,129.4422921846773,128.63595458307861,128.7403058580077,2510500
2011-10-11,129.27163696289062,129.30957632888328,128.25658160200962,128.41784923898948,1279300
2011-10-12,130.30560302734375,130.72300826326529,129.97357218736704,130.06844227740137,2064500
2011-10-13,130.28663635253906,130.3909876697196,129.32851205853186,129.74591732725406,1340300
2011-10-14,131.1214599609375,131.26375064621146,130.7514897040792,131.00762741271834,2048700
2011-10-17,129.85977172851562,130.43844468028496,129.73644347604358,130.33409334553482,1710700
2011-10-18,130.0589141845703,130.56169363523244,129.0154014708537,129.4612646780655,2193700
2011-10-19,129.90721130371094,130.62817497560397,129.76490612856728,130.62817497560397,2207400
2011-10-20,130.25811767578125,130.31503391776303,129.04385626304355,130.03993392313842,3071100
2011-10-21,131.33010864257812,131.3775436765568,130.6281077750581,131.15934541528296,1793800
2011-10-24,131.6241912841797,131.89929133293697,130.71348780785428,130.732464717295,1648200
2011-10-25,131.37757873535156,131.72857202520592,130.88428030558632,131.51038818084865,2244700
2011-10-26,131.42501831054688,131.97523308577846,130.40049642579405,131.90883559100095,3283400
2011-10-27,134.09066772460938,134.6408678193264,133.34123179448892,133.5973694076438,4076300
2011-10-28,133.8061065673828,134.09070238053792,133.60688515563092,133.68277833748192,1044400
2011-10-31,130.78941345214844,132.4305763605485,130.71352027067812,132.3926225322412,2068800
2011-11-01,129.45904541015625,130.11379188960092,128.73788313899968,128.84226322237686,3795700
2011-11-02,129.8101043701172,130.73054265147434,129.62032641583454,130.53126638804318,1884200
2011-11-03,130.55979919433594,130.92987146233258,129.09849227123402,129.9999488749041,3490400
2011-11-04,130.123291015625,130.44591510112252,129.57292461611658,130.14225868244134,1805800
2011-11-07,130.25607299804688,130.5692130960834,129.72468900591022,130.1421946574977,2083000
2011-11-08,130.8064727783203,130.88237238604205,130.12326047577216,130.5597483762642,1455100
2011-11-09,128.13055419921875,128.62398851913815,127.83639616513669,128.6144902089217,3370200
2011-11-10,128.5860137939453,128.8706879738237,128.0925939932284,128.8042722033592,1559700
2011-11-11,129.99989318847656,130.40791510032614,129.3166809126592,129.36412902497756,1701000
2011-11-14,128.7853240966797,129.08896601742882,128.48166769679648,129.07948218460774,1419300
2011-11-15,127.91231536865234,128.3013696456756,127.58969134927636,128.1115771833302,1594500
2011-11-16,127.37152099609375,128.11166577785923,127.36203715807082,127.47590113091411,1529100
2011-11-17,127.2955551147461,127.97876763239573,127.12475922490175,127.77950576091067,2203500
2011-11-18,127.7415542602539,128.2919207589915,127.54229236881125,128.2349887900079,2596900
2011-11-21,127.62763977050781,127.98822807009611,127.02982537469178,127.31449958599141,1854500
2011-11-22,127.7130355834961,128.00719362130513,127.45684182877108,127.7225338938329,2039600
2011-11-23,126.08092498779297,126.69772154502267,125.91012914307639,126.66925557090325,2186500
2011-11-25,125.16047668457031,125.69187527756881,125.02763065610348,125.2553729102457,992400
2011-11-28,125.8247299194336,126.63128997636315,125.67290173961197,126.57435802871308,1821500
2011-11-29,125.9765625,126.37510067241081,125.79628279846732,125.85321475464967,1542500
2011-11-30,127.01084899902344,127.58018290343452,126.88748680412549,127.54223310145946,2081400
2011-12-01,127.26997375488281,127.75395695676741,127.08966202853068,127.42181673292075,1185600
2011-12-02,126.73844909667969,127.61152388843934,126.3303731889196,127.61152388843934,1914100
2011-12-05,126.63410186767578,127.49769220295113,126.46327495890549,127.39330200329654,1621400
2011-12-06,126.67210388183594,126.88088436112156,126.36843239958469,126.38740191185158,2034900
2011-12-07,126.71951293945312,126.95676208589568,126.24501464656802,126.33042086395804,1339300
2011-12-08,126.07422637939453,126.44433453957068,125.63768149482038,126.01727440967846,1666800
2011-12-09,126.40633392333984,126.60562956453684,126.05520984372457,126.07419382872851,1216600
2011-12-12,124.6886978149414,125.2960552307898,124.42297985054167,125.28657047511233,1637800
2011-12-13,123.17975616455078,124.88795286561374,122.98995974899674,124.57478226370733,2938800
2011-12-14,122.74320220947266,122.99943531563044,122.39207814289374,122.72423270571076,2967200
2011-12-15,123.02791595458984,123.29363383833642,122.74321408470749,123.28414908553783,1233200
2011-12-16,123.25569915771484,123.35059014179868,122.85712227126476,123.31263664427331,2250400
2011-12-19,122.82865142822266,123.1892748534972,122.76222918072288,123.09438385984862,1491200
2011-12-20,123.62576293945312,124.1382146151338,123.49290402497772,124.08127714900657,1892200
2011-12-21,123.28416442871094,123.64477332693832,123.12283672782544,123.30313393666893,1505600
2011-12-22,123.36009979248047,123.5309122665784,123.1323353464745,123.21774158352348,614700
2011-12-23,123.27465057373047,123.42649350262829,123.14179163107956,123.30311931283147,458400
2011-12-27,123.53085327148438,123.61625946774558,123.42646309365341,123.45493182574049,432300
2011-12-28,122.29718017578125,123.01842681785237,122.05993103942377,123.01842681785237,1329400
2011-12-29,122.56287384033203,122.56287384033203,121.96501598157138,122.0694061601701,855300
2011-12-30,122.34461975097656,122.8665706909774,122.21176082811604,122.48697790581491,886900
2012-01-03,123.38861083984375,123.59739136679053,123.13237756030959,123.22728306548431,1049400
2012-01-04,122.38263702392578,122.51549600031318,121.91762336629871,122.38263702392578,982300
2012-01-05,120.94963073730469,121.1489264226934,120.77881103573613,121.09198169532357,1246800
2012-01-06,120.24737548828125,120.53207740504396,120.02911029366426,120.53207740504396,1555400
2012-01-09,120.72183990478516,120.77877737601668,120.24734167047332,120.60795772205367,1081800
2012-01-10,120.7313461303711,121.00655600755006,120.66491665934647,120.8736970655008,1002700
2012-01-11,120.10502624511719,120.16197097344525,119.68747259891143,120.07655750108844,1268400
2012-01-12,121.2437973022461,121.42410171748448,120.5700106425465,120.94960345795499,1641700
2012-01-13,119.88674926757812,120.1050144438659,119.33632946953696,120.01011622633774,2640900
2012-01-17,120.3422622680664,120.54155069473785,120.15246583512307,120.23787205786662,1037500
2012-01-18,121.55699920654297,121.58546795270148,121.05403205035296,121.19638302141664,1368800
2012-01-19,122.5724105834961,122.5724105834961,121.68035141710776,121.94606932021837,1284900
2012-01-20,122.22126770019531,122.40157937396962,121.97453379323737,122.07892400013095,2186600
2012-01-23,123.2082748413086,123.35061859053394,122.89510411246866,123.00897911184894,1251200
2012-01-24,123.11332702636719,123.122826260079,122.45851704397691,122.57240648474426,1688600
2012-01-25,123.93899536132812,123.9959328558819,122.373141858385,122.60090631714297,1942500
2012-01-26,123.82511138916016,124.58431180485017,123.75868913607941,124.479921566686,1768800
2012-01-27,124.91641998291016,124.93538948784258,123.82506526669464,123.82506526669464,1579400
2012-01-30,124.04337310791016,124.15724808555437,123.66376571486045,123.73020243884717,1121100
2012-01-31,123.62576293945312,124.41343167546292,123.25565492909051,124.41343167546292,1068800
2012-02-01,124.29009246826172,124.90693449884023,124.22365575207095,124.41346666659331,988900
2012-02-02,124.20470428466797,124.61276595297096,124.08133006841739,124.19520504923835,536100
2012-02-03,124.24260711669922,124.43240350084618,123.63524999910739,123.68270271527811,1429900
2012-02-06,124.06234741210938,124.18572162968657,123.30314707720859,123.36958380376306,1122700
2012-02-07,125.23908996582031,125.40041765982376,124.49887373190346,124.62224793106954,1531500
2012-02-08,125.27701568603516,125.51426479765365,124.9258916346115,125.18212472970973,1570200
2012-02-09,125.53327941894531,125.87491880227834,125.37195172133528,125.69460711655533,1706600
2012-02-10,124.4893798828125,124.68867556081402,124.41347288985429,124.52734785983205,1229600
2012-02-13,124.6412124633789,125.18214748686448,124.62224295698728,125.16316349993362,1042500
2012-02-14,123.97689819335938,124.52731788332093,123.59730539778303,124.36599022117414,1112900
2012-02-15,123.42647552490234,123.82505229480024,123.24616388316689,123.82505229480024,1951700
2012-02-16,124.16667938232422,124.37545973847938,122.92349647646815,123.018401904006,2367200
2012-02-17,124.33755493164062,124.68867908602603,124.15724323705109,124.66021034272671,815700
2012-02-21,125.09674072265625,125.44786483638515,124.91642904894492,125.12520946265919,1228400
2012-02-22,125.12518310546875,125.34344822636079,124.84048128487176,125.07773038861323,992900
2012-02-23,126.34934997558594,126.35883472433038,125.37188507520735,125.60913411861054,1639000
2012-02-24,127.23200225830078,127.41229947861302,126.78597262372865,126.78597262372865,1457700
2012-02-27,126.59614562988281,126.78595654178383,126.30195898919155,126.33042772986879,1259100
2012-02-28,127.18456268310547,127.25098493313662,126.50128378840955,126.95679822469255,1307200
2012-02-29,125.85594177246094,127.25096812482039,125.78951953120335,127.10862440745348,1920200
2012-03-01,125.72305297851562,126.01723957829819,125.63764676836021,125.71356822645531,1021400
2012-03-02,124.75511169433594,124.95439289086097,124.59376951357137,124.94490813692084,976300
2012-03-05,124.88793182373047,125.10619694081605,124.72658969312822,124.96383879273216,1097800
2012-03-06,123.92943572998047,124.07179387753158,123.79657681392092,123.98637319678659,1938500
2012-03-07,124.20470428466797,124.3660320010116,123.73020589052489,123.88203437143889,1024700
2012-03-08,125.34343719482422,125.56170229650665,124.9448604732818,124.9448604732818,1116400
2012-03-09,123.92943572998047,124.17618406018806,123.73963934711479,124.10026261093464,1613600
2012-03-12,124.23316192626953,124.3090834002118,123.80611630581723,124.00539750444273,1330900
2012-03-13,123.50240325927734,123.98638625865239,123.36954432922123,123.41699705007069,1481100
2012-03-14,123.06587219238281,123.45496427388618,122.93301324754495,123.33160456259749,1060500
2012-03-15,123.59730529785156,123.94842935750265,123.23668200596975,123.3505569484432,1013900
2012-03-16,124.39450073242188,124.57481243906295,123.9959238190509,123.9959238190509,1534400
2012-03-19,125.03976440429688,125.32446622940526,124.22362689527222,124.29006359602992,1387100
2012-03-20,124.91641998291016,125.19162260981153,124.5652814141266,124.66018686094121,746000
2012-03-21,124.76457977294922,125.22959330359048,124.49886189273661,124.96386094283945,732500
2012-03-22,124.55582427978516,124.69816800103125,124.1572473797548,124.18571612400403,554600
2012-03-23,125.33399963378906,125.47634334488535,124.88797003163364,125.03979849662292,836500
2012-03-26,126.1785888671875,126.26399508217584,125.72306009283982,125.75152883116925,593600
2012-03-27,125.83694458007812,126.06469447776087,125.79897661010583,125.97928826612984,704100
2012-03-28,125.81795501708984,125.922345209079,125.40987900093695,125.86540773718257,1036600
2012-03-29,125.5617446899414,125.59021343105385,125.2011213284641,125.33399476104184,520900
2012-03-30,125.9508056640625,126.13111730023753,125.71355655973456,126.10264856616106,431600
2012-04-02,125.90335083007812,125.97927227985082,125.43833738042134,125.46682059455503,719000
2012-04-03,124.98282623291016,126.06468157781231,124.80251459533709,125.84641645468841,1151600
2012-04-04,124.08126068115234,124.1951355982935,123.87248034603772,123.9863552631789,1066500
2012-04-05,123.4074935913086,123.51188378138751,123.22719642711486,123.24616593037514,843700
2012-04-09,123.84405517578125,124.03385159795054,123.28415066219324,123.303120168033,448900
2012-04-10,123.54985809326172,123.853529446925,123.29362498072193,123.62577955181193,1158900
2012-04-11,123.77764129638672,124.2331701702688,123.6827503080674,124.10979595685805,1250400
2012-04-12,124.58428192138672,124.79306234763585,124.22365855231276,124.2521272940249,984300
2012-04-13,123.51188659667969,124.02435280712514,123.43597962083469,124.02435280712514,776500
2012-04-16,124.07181549072266,124.1856904441718,123.03739823491902,123.24617863660136,1104300
2012-04-17,123.95793151855469,124.25211814828629,123.75865034123798,124.03385298437881,743600
2012-04-18,123.8725357055664,124.062332145801,123.3885526108872,123.40752211853253,1244100
2012-04-19,124.02436828613281,124.21416471050746,123.69221368307296,123.75865039590053,1001500
2012-04-20,124.77410888671875,124.88799836197144,124.48940691940238,124.49890615599054,1011000
2012-04-23,124.17620086669922,124.2521078456904,123.7586400795589,124.03384269988078,1597200
2012-04-24,124.50835418701172,124.83100956387939,124.47040069348465,124.49886943376477,1041500
2012-04-25,124.85000610351562,124.9638810760853,124.39449173269617,124.85950533825695,1013700
2012-04-26,125.0113525390625,125.1537107566454,124.72665058443965,124.80257207104194,928400
2012-04-27,124.99232482910156,125.26752741942042,124.99232482910156,125.1346684998637,497300
2012-04-30,124.99232482910156,125.05874704861182,124.84048192659782,124.90690414610809,544000
2012-05-01,125.00186920166016,125.44789889016974,124.6886984960762,125.30554067097171,528900
2012-05-02,124.22364807128906,124.33753750906861,123.98639892334502,124.08130437473817,902300
2012-05-03,124.2141342163086,124.4608680593693,124.09076005451053,124.30903964546641,740500
2012-05-04,123.60680389404297,124.4419255138173,123.51189844432733,124.1856923840159,1005700
2012-05-07,123.27465057373047,123.35057203817938,123.07536940002346,123.26516582087638,887000
2012-05-08,122.85708618164062,123.16075751426173,122.56288511994292,122.78116472835121,1324100
2012-05-09,122.24974822998047,122.47749814507058,121.90810887680647,122.19279627066909,1813900
2012-05-10,122.22126770019531,122.54393755457315,122.19279896018244,122.43954734767956,555200
2012-05-11,122.00301361083984,122.33516824853444,121.9555608796634,122.00301361083984,422400
2012-05-14,121.21533203125,121.41462043711874,121.09195784647241,121.19634804577542,1628100
2012-05-15,120.19989776611328,120.88316915064934,120.1239763099642,120.7598022146085,1763700
2012-05-16,119.99114227294922,120.45614861785384,119.81083058725821,120.27583693216283,1411300
2012-05-17,119.96263885498047,120.26631741452321,119.7633432387877,120.00059233968884,1339700
2012-05-18,120.60799407958984,120.72187629665136,119.95319124223036,120.0575814644691,1756600
2012-05-21,121.05401611328125,121.09197684991868,120.18094089143094,120.24737037047889,1117500
2012-05-22,119.73491668701172,120.65544468124747,119.52613624622376,120.50360896811928,1717400
2012-05-23,118.99468231201172,119.62102353922089,118.46324653639383,119.62102353922089,3500000
2012-05-24,118.32087707519531,119.05160115226921,118.21648688700357,118.89976548597923,1687300
2012-05-25,118.13111877441406,118.47275094379512,118.09315803553382,118.19754825738686,804400
2012-05-29,118.01722717285156,118.47274152265015,117.65661104257185,118.40631204495993,1423300
2012-05-30,116.78350830078125,117.39086548846457,116.73606281940309,117.34342000708641,1993200
2012-05-31,116.75504302978516,117.06821362530646,116.48932515731944,117.05872163264154,1421700
2012-06-01,117.24856567382812,117.63765062389191,116.68865375802612,117.08723070402459,2091100
2012-06-04,117.96975708007812,118.09313126353739,117.73250794606444,117.75149193133618,932900
2012-06-05,117.5901870727539,117.7230460343574,117.30548516059194,117.50477360299716,689100
2012-06-06,118.7479248046875,118.80486951584811,117.69453815157156,117.72301412728608,1615100
2012-06-07,118.62457275390625,119.17499250914902,118.44426108643412,119.13703177703545,1052000
2012-06-08,118.00773620605469,118.15957915082268,117.39088691340741,117.50476912198341,1253300
2012-06-11,117.83690643310547,118.58661461815677,117.79894570016079,118.52018514557093,1411000
2012-06-12,118.03620147705078,118.13110693487495,117.44782818405233,117.88436577701792,1179600
2012-06-13,118.66252899169922,119.02314507271588,118.13109324277593,118.28292892521014,1439200
2012-06-14,119.10855865478516,119.24141759215874,118.5866076577682,118.67202111194781,1885400
2012-06-15,119.49762725830078,119.49762725830078,118.92823085535711,119.05159778324334,1234600
2012-06-18,118.70996856689453,119.0041624049234,118.5296641554941,118.86181148204088,1442000
2012-06-19,119.7064208984375,120.14295843042751,119.26988336644747,119.33631283348359,1848900
2012-06-20,119.69695281982422,120.27584139405144,119.26990719502658,119.86777251779733,2671500
2012-06-21,118.40629577636719,119.4407057757278,118.28292883196983,119.41223703781066,1312900
2012-06-22,118.55814361572266,118.74794003655418,118.17854353379025,118.709979304334,856200
2012-06-25,117.98876190185547,118.0267226388337,117.72304398327809,117.89386367954502,636500
2012-06-26,117.92230224609375,118.00770845223678,117.42882003192824,117.77045933703717,1449700
2012-06-27,117.65660095214844,117.8179286355218,117.46679728911853,117.77047590969696,603300
2012-06-28,117.48577117919922,117.54270865308045,117.1631085999117,117.37188899116795,916500
2012-06-29,119.45970153808594,119.77287218556737,119.35531132225879,119.67797396398002,1590100
2012-07-02,118.78590393066406,118.96621560344215,118.62457624463605,118.91876287683648,513000
2012-07-03,119.03263092041016,119.17498184302835,118.57710941608566,118.59609340057806,357900
2012-07-05,116.93538665771484,116.99232414873234,116.69813745811399,116.89742591694619,1078800
2012-07-06,115.91043853759766,116.4039208002763,115.70165813725431,116.35646807646404,1393200
2012-07-09,116.20462036132812,116.30901055719575,115.8629810367193,116.0148239544427,830400
2012-07-10,115.61625671386719,116.05279427800747,115.46441378359087,116.04330228479783,895800
2012-07-11,115.54035186767578,115.92944400227252,115.25564995259181,115.65423408176346,833600
2012-07-12,115.1797103881836,115.23664786257136,114.89500853570703,114.98042198755755,764400
2012-07-13,115.5118637084961,115.66369939482136,114.93297522132572,114.94246721430518,895300
2012-07-16,115.86299133300781,115.97687353142062,115.24614933567945,115.53084397130728,977600
2012-07-17,115.93891143798828,115.98636416350409,115.01838358902882,115.87248196642777,962100
2012-07-18,115.8819808959961,115.92943362435231,115.4928887962306,115.4928887962306,612300
2012-07-19,115.83452606201172,115.92943151699896,115.3884964885425,115.55931617114199,543200
2012-07-20,114.74317932128906,114.99940521073731,114.61980513280682,114.97093647193964,2131100
2012-07-23,114.50591278076172,114.59131898417895,113.92702437892868,114.10732877734337,1565000
2012-07-24,113.89855194091797,114.28764396483804,113.62334933896037,114.24968323760669,1114900
2012-07-25,114.68622589111328,114.76214734898575,114.29714108998716,114.67673389881205,837100
2012-07-26,115.9199447631836,116.30902963319369,115.81555455019479,115.98637424051556,1327200
2012-07-27,116.05278778076172,116.8879021297191,115.86298412854252,116.27105293047751,2122600
2012-07-30,115.64472961425781,115.69218234174393,115.40748045736663,115.42645720419927,412600
2012-07-31,116.0622787475586,116.31850462545344,115.7965536368005,115.92941981231402,1011300
2012-08-01,115.30308532714844,116.2805506533717,115.28410858112586,116.1856524427201,1097800
2012-08-02,114.9234848022461,115.35053760893979,114.48694724271229,114.99940626658311,1461900
2012-08-03,116.77403259277344,116.90689153535224,115.85350474757077,115.94840295794572,1238800
2012-08-06,116.9258804321289,117.2580278230923,116.72659199755087,116.81199822368285,757900
2012-08-07,116.95430755615234,117.34339953301601,116.9353308149659,117.30543881037559,689700
2012-08-08,116.59371948242188,116.74555516908949,116.3944310710192,116.42289980975254,422300
2012-08-09,116.00535583496094,116.24260501252606,115.73014592015298,115.97688709209638,476900
2012-08-10,115.97687530517578,116.19514771207125,115.50237699826961,115.60676720501053,354700
2012-08-13,116.36597442626953,116.72659055481974,116.26158421321843,116.47036463932065,416000
2012-08-14,116.27105712890625,116.48932952677265,116.1951429055464,116.44187680193713,706300
2012-08-15,115.8914794921875,115.96739372550464,115.70167580821914,115.87249550365556,659700
2012-08-16,116.54627990722656,116.72659159324076,116.23311650555728,116.3090307373216,1014600
2012-08-17,116.33747863769531,116.50829829903577,115.92941708922127,116.49881354693319,985700
2012-08-20,116.47984313964844,116.51780387328996,116.11922703045843,116.15718776409996,502700
2012-08-21,117.5806655883789,117.78944597289832,117.49525214004434,117.51423612423805,1154700
2012-08-22,118.13111877441406,118.26397774035965,117.33395773846993,117.37191847735019,1206600
2012-08-23,118.48223876953125,118.74795669207256,118.25448158453447,118.3493798082606,843400
2012-08-24,118.00773620605469,118.48223454804949,117.8559005015568,117.8559005015568,507900
2012-08-27,117.9033432006836,118.14059236606504,117.86538246539017,118.14059236606504,410500
2012-08-28,118.5391616821289,118.61507590297768,118.32088929148247,118.52966968942192,566400
2012-08-29,118.16905975341797,118.36835542149228,118.09314552397093,118.29243395177538,492600
2012-08-30,117.96975708007812,118.45374734074136,117.77996066897478,118.36834112782554,498200
2012-08-31,118.60560607910156,119.18448738224718,118.43478639022041,118.96622220439735,1079900
2012-09-04,118.49170684814453,118.82385418428203,118.42527738091702,118.60558903779263,622600
2012-09-05,118.77641296386719,119.06110758779901,118.7004915013777,118.86181917896599,2673600
2012-09-06,119.19397735595703,119.27939081908492,118.48222987106047,118.64355756330559,2669200
2012-09-07,120.79777526855469,120.81675201439401,120.266339501822,120.36123771155722,1553100
2012-09-10,120.33274841308594,120.75030191263323,120.30427243878829,120.54152154272555,778900
2012-09-11,121.291259765625,121.38616522303337,120.87370616216158,120.90217490327615,829800
2012-09-12,121.57595825195312,121.73728594059678,121.44309930362664,121.7183019535389,939000
2012-09-13,122.52496337890625,122.82863479020644,121.21535055155978,121.60443543000764,2441700
2012-09-14,123.74917602539062,124.17623616671005,123.54039557246972,123.57836355329637,2503700
2012-09-17,123.62576293945312,124.20465131263933,123.4644352919141,123.84402805311937,1080200
2012-09-18,122.95201873779297,123.26518940836968,122.87609725881606,123.11334645041586,916600
2012-09-19,123.10383605957031,123.30311722991092,122.69576000511827,122.81913419283096,805300
2012-09-20,122.2781982421875,122.35410521523298,121.84165350422451,121.92705970930315,1196200
2012-09-21,122.46798706054688,122.88554778915173,122.41104959401635,122.78115760700051,1056300
2012-09-24,121.87962341308594,121.97452886298551,121.62340476332653,121.73727971877516,1018100
2012-09-25,121.67085266113281,122.29717937179008,121.67085266113281,122.0599302369923,1114000
2012-09-26,121.28176879882812,121.37666701110498,121.02553566138414,121.23431607255495,1008900
2012-09-27,121.74678802490234,121.88914622729258,120.95912621634615,121.33872636857471,1247700
2012-09-28,121.17738342285156,121.87014691632582,121.04452447231486,121.87014691632582,1004300
2012-10-01,121.50952911376953,121.97454270217601,121.40514613952146,121.75627751928899,991500
2012-10-02,121.80370330810547,122.24973280961402,121.73726660422516,122.02196844271485,973200
2012-10-03,121.66136169433594,121.82268937929508,121.50951876241943,121.67086092791759,580100
2012-10-04,122.74320220947266,122.85709163473012,122.29717270193538,122.38259339101279,903900
2012-10-05,122.8476333618164,123.22724077168023,122.69579039787088,122.9710075800899,730600
2012-10-08,122.2781982421875,122.35410521523298,122.1832928050757,122.32563648020677,322600
2012-10-09,121.33869934082031,121.89860382943097,121.21533239594062,121.77524412482035,773500
2012-10-10,121.6234359741211,121.73731095879212,121.35771078258935,121.50006175369928,664500
2012-10-11,121.87962341308594,122.09790305174725,121.85115467422378,121.98401361576003,951300
2012-10-12,122.1453857421875,122.41110369044765,121.97455878656761,122.29721422652035,855600
2012-10-15,122.11688232421875,122.20230302817576,121.87963316103318,122.1548502994307,360400
2012-10-16,123.0184326171875,123.11332358788098,122.69576277132107,123.008933383741,1023000
2012-10-17,123.69220733642578,123.85353501289345,123.52139490741469,123.64475461263217,568300
2012-10-18,123.21769714355469,123.62577315207001,123.05636948268854,123.49291422661925,563200
2012-10-19,122.7242431640625,123.08485201325284,122.67679043953947,123.08485201325284,696800
2012-10-22,123.08485412597656,123.31261851927351,122.92352644425992,123.00893266154425,444800
2012-10-23,122.33515930175781,122.35412880840869,122.06944140325115,122.26872258686143,822700
2012-10-24,122.16436004638672,122.32568777269394,121.97456357311604,122.23079677632995,445400
2012-10-25,122.02196502685547,122.43002654885578,121.98399705983329,122.35410509534806,353600
2012-10-26,121.91761016845703,122.09792186272274,121.71831448517894,121.83220393871248,796400
2012-10-31,122.13587951660156,122.47751892774689,122.11689552694313,122.41109668475431,267900
2012-11-01,121.96505737304688,122.34465025284605,121.851167924675,122.28771276893019,468300
2012-11-02,120.92113494873047,121.23430553827468,120.83572873718325,121.21532879357603,452400
2012-11-05,120.54154968261719,120.57951041694108,120.38022199194295,120.48461220126622,659800
2012-11-06,120.77877044677734,120.8641838889928,120.6079508026145,120.75979370421172,425200
2012-11-07,120.32327270507812,120.38970217355978,120.14296104479834,120.25684323659648,682000
2012-11-08,120.06706237792969,120.21890532915408,119.89624267793747,120.02910888039402,379400
2012-11-09,119.79183959960938,119.94367528508705,119.70642614380944,119.73489488231968,395600
2012-11-12,119.79183959960938,119.90571455365033,119.78234760668289,119.84877707662984,223900
2012-11-13,119.71593475341797,119.90573119667629,119.4976623274277,119.55460705262136,380200
2012-11-14,120.0006103515625,120.44663988664773,119.93418088294996,120.11449254358503,522300
2012-11-15,120.33274841308594,120.62693498508236,120.25682696216168,120.35172515568297,502800
2012-11-16,120.03857421875,120.11449568208212,119.61152865797801,120.03857421875,919500
2012-11-19,120.70287322998047,120.81674818194277,120.36123389355544,120.3802106387928,590500
2012-11-20,120.80726623535156,120.80726623535156,120.47511164369598,120.63644656317155,246600
2012-11-21,120.82624816894531,120.91166162883734,120.73134995594161,120.79777942907116,176200
2012-11-23,122.33515930175781,122.39209678278931,121.85116175191114,121.88912972629176,492900
2012-11-26,122.19278717041016,122.24973912548006,122.0789122213459,122.12636494363527,774600
2012-11-27,121.81319427490234,121.98400669838898,121.68982009313682,121.87961650163456,256800
2012-11-28,121.94605255126953,121.96503653617826,121.38614808103243,121.4241015703122,390600
2012-11-29,122.26873016357422,122.61986878592683,121.98402826023494,122.38261961323414,303600
2012-11-30,122.50597381591797,122.69577024941148,122.33516136993572,122.34464612342151,268300
2012-12-03,122.97099304199219,123.17977347259897,122.82863484992012,122.83813408438246,389500
2012-12-04,123.36009979248047,123.49295876584843,123.17978808279351,123.36009979248047,442400
2012-12-05,123.18924713134766,123.33160531059809,123.08485692544629,123.17026314467313,184600
2012-12-06,122.20233154296875,122.81917371896981,122.02201981998728,122.81917371896981,464900
2012-12-07,121.81319427490234,122.02197466841119,121.50950843687573,121.6044138813935,495700
2012-12-10,121.94605255126953,121.95553730345505,121.74675691107213,121.87013109217231,232900
2012-12-11,122.49646759033203,122.61984176671972,122.30667119010747,122.36360866212112,296700
2012-12-12,123.08485412597656,123.40750948940988,122.68627729811095,122.85710421321834,969500
2012-12-13,123.2082748413086,123.41705532720188,123.04694709867181,123.15133734161846,296700
2012-12-14,123.94845581054688,124.09079951901762,123.25569229508913,123.35058327388964,795800
2012-12-17,123.99590301513672,124.13824671726485,123.90099756002506,123.91998154715526,316100
2012-12-18,124.56529235839844,124.71713529442745,124.1287620179893,124.15723075842732,453200
2012-12-19,124.73615264892578,125.2960573347024,124.70768390087228,125.19166709832513,382000
2012-12-20,124.75511169433594,125.08725184872443,124.49887853254911,125.030314364003,352000
2012-12-21,124.1951675415039,124.2900729838872,123.9674176486439,124.26160424727969,593800
2012-12-24,124.23316192626953,124.5083645988373,124.09080373242509,124.47041110213642,165900
2012-12-26,124.5748062133789,124.8500088967596,124.44194724889493,124.46091675772044,297200
2012-12-27,124.70763397216797,125.07774202922808,124.34701066714722,125.0492732925725,384100
2012-12-28,124.47986602783203,124.66966242693769,124.42292855615403,124.53680349951001,264600
2012-12-31,124.2806625366211,124.59381882653305,124.12881953023911,124.53688131927633,348200
2013-01-02,124.1951675415039,124.89743016574293,123.9104801754289,124.72660326556048,380500
2013-01-03,122.97099304199219,123.56886559150617,122.9140555573795,123.46447537620277,577200
2013-01-04,123.18924713134766,123.31262132392355,122.76220155467443,122.83812302083352,572500
2013-01-07,123.51188659667969,123.5593393169857,122.95198214646541,123.03738835469393,1065200
2013-01-08,123.22720336914062,123.34107831726485,122.99943899235453,123.26515685833614,426400
2013-01-09,123.02791595458984,123.1892436353975,122.80015156257623,122.82862030151061,2180200
2013-01-10,124.79307556152344,124.92593453042811,124.15724946172666,124.20470219645154,1360900
2013-01-11,125.60918426513672,125.8559181557871,125.44785658888014,125.7705119413933,578100
2013-01-14,126.04568481445312,126.14057574807558,125.6470936594262,125.78945178065958,365900
2013-01-15,125.39093780517578,125.80849866739953,124.92592421214653,125.6092029902326,776100
2013-01-16,125.09674072265625,125.36245861637637,124.96386729525703,125.19163169581962,482900
2013-01-17,125.94132232666016,126.0646820155309,125.5617150671524,125.64712127034053,475300
2013-01-18,125.44786071777344,125.59020441311475,125.0777526293473,125.49531344306678,851500
2013-01-22,125.40991973876953,125.4668717097032,125.0493108061072,125.40991973876953,381400
2013-01-23,125.41939544677734,125.6566445992657,124.90692916830058,125.49531691323831,431900
2013-01-24,125.93184661865234,126.10267353747504,125.59970649514331,125.70409670094078,268900
2013-01-25,126.72896575927734,126.90927738202514,126.67202829536437,126.75744897176891,418200
2013-01-28,126.69105529785156,126.83339900597022,126.51074361387458,126.83339900597022,277700
2013-01-29,127.03268432617188,127.0896218047796,126.76696643897665,126.8144191646627,696600
2013-01-30,127.72543334960938,127.92472898275341,127.56410568493905,127.5830896691759,648600
2013-01-31,127.84883117675781,127.99117488352307,127.72545697720136,127.7349562113456,240400
2013-02-01,128.5795135498047,129.0919651789739,127.89623505722285,128.304296514455,1104300
2013-02-04,127.22248840332031,127.86781365429404,127.16555092128668,127.64953399911222,722000
2013-02-05,127.81085968017578,128.01015534469656,127.12759542598606,127.26993912882986,779600
2013-02-06,127.2889175415039,127.49769795022436,127.15605859782168,127.1940120900714,212800
2013-02-07,126.1406478881836,126.71953649232074,125.88441470784973,126.59616227946714,752300
2013-02-08,125.82743072509766,126.2070379780182,125.70407103836753,126.06467982797197,208900
2013-02-11,126.1595687866211,126.38731862809635,125.78946081368963,125.99824115539806,476400
2013-02-12,126.61512756347656,126.85237671896513,126.28298743411612,126.36839365476258,362700
2013-02-13,126.55818939208984,126.9282974934098,126.41584569178954,126.83339203951681,181300
2013-02-14,125.76107788085938,125.78004739356767,125.38147041853261,125.56178215306983,472000
2013-02-15,125.79899597167969,125.91287093804742,125.60919953422014,125.7515432421798,598700
2013-02-19,126.0362319946289,126.10266870510821,125.73256062247077,125.77999886648347,811300
2013-02-20,124.96385955810547,126.01724631461079,124.92590606729786,125.9887775763705,1327900
2013-02-21,124.10977935791016,124.536824949586,123.88201495143126,124.33754376438907,1072000
2013-02-22,124.1287841796875,124.1667376802012,123.74917677184067,124.0433779431252,585900
2013-02-25,122.94253540039062,125.2011378836894,122.82864594034162,125.13471563915732,2378900
2013-02-26,122.96151733398438,123.54989069232089,122.71476890845636,123.20825127897098,1343900
2013-02-27,123.68272399902344,123.70170798486573,123.0753667769155,123.14178900655594,1128300
2013-02-28,122.88556671142578,123.4739399302216,122.88556671142578,123.38853371727473,484100
2013-03-01,122.5819091796875,122.78120486979599,122.05047331345328,122.35414474535513,785200
2013-03-04,122.54393005371094,122.63882102109922,122.24024420477656,122.40157188182108,248800
2013-03-05,122.75273895263672,122.88559792225509,122.47752177807902,122.80017720707484,498500
2013-03-06,122.28770446777344,122.58189110172879,122.21178300085928,122.57240634856672,976300
2013-03-07,123.341064453125,123.47392337118183,123.03737865154598,123.1038153508424,917300
2013-03-08,122.34461975097656,122.52493139211654,121.95552773383626,122.17380734181441,1198700
2013-03-11,122.68628692626953,122.75272364306363,122.26872607939187,122.3161788084534,696400
2013-03-12,122.64834594726562,123.02793885741453,122.48701823642527,123.01845410285027,414500
2013-03-13,121.95553588867188,122.17381551124579,121.65186453634352,122.11686355718031,797700
2013-03-14,122.41107177734375,122.66729042316305,121.74676259933958,121.76574658513526,730000
2013-03-15,122.93299102783203,123.1607553837603,122.77166337258397,123.15127063246442,1211600
2013-03-18,121.7088394165039,122.30671203337596,121.59496443444903,121.69935466151333,1681100
2013-03-19,121.291259765625,121.95555452586443,120.86421416836677,121.80372606676664,3422000
2013-03-20,121.78473663330078,122.13586074503895,121.69933041377621,122.00300179893215,1095900
2013-03-21,121.34819030761719,121.78472784765731,121.2438001088827,121.42410452829489,739800
2013-03-22,122.20233154296875,122.43008152522484,121.73731786162405,121.84170809700579,800500
2013-03-25,120.95909118652344,121.77523598363477,120.7218420651219,121.77523598363477,1514500
2013-03-26,120.9970703125,121.29125695088331,120.7313524145706,121.0255390529539,915500
2013-03-27,120.19989776611328,120.34224144605712,119.9911173818376,120.1239763099642,784100
2013-03-28,120.60799407958984,120.85473526308782,120.53207984181947,120.53207984181947,1195800
2013-04-01,120.8452377319336,121.07300215562199,120.5605430627286,120.57951981123414,281200
2013-04-02,120.57003021240234,120.86421686417435,120.52257748263975,120.57951496613885,226800
2013-04-03,120.88319396972656,121.0350369132003,120.75033501432209,120.75033501432209,489200
2013-04-04,121.73726654052734,121.83217198015325,120.3137718293607,120.34224056514108,884700
2013-04-05,122.401611328125,122.67682852748317,122.23079884345547,122.2497828352664,959200
2013-04-08,122.35411834716797,122.54392924176345,122.22125940927404,122.49647651811458,675600
2013-04-09,123.09434509277344,123.2841415008388,122.59136361462053,122.91403343692313,759800
2013-04-10,122.95201873779297,123.19876716460331,122.80967501504969,123.16079918484411,505300
2013-04-11,123.22720336914062,123.58781219837988,123.10382918831428,123.15128191021192,561000
2013-04-12,123.24618530273438,123.31262201619869,122.98046740995534,123.08485761644275,500500
2013-04-15,122.59137725830078,123.20823375383776,122.59137725830078,123.13231228605447,801600
2013-04-16,123.98641204833984,124.1762229712192,123.3790547445308,123.46447545204265,979100
2013-04-17,122.5724105834961,123.66375093694755,122.29719344635603,123.66375093694755,1322500
2013-04-18,122.79067993164062,123.1987560342062,122.54394600766295,122.80016468545278,645000
2013-04-19,122.86658477783203,123.50241073017278,122.7906633159877,123.07536517776937,529700
2013-04-22,122.85708618164062,122.94249238639001,122.43952542881712,122.45849493173704,585500
2013-04-23,122.26873016357422,122.55343206691352,122.16433994836783,122.24026142129432,637100
2013-04-24,122.4395523071289,122.53444328416901,122.04097545026507,122.1833191560951,688900
2013-04-25,122.316162109375,122.61984794947651,122.17381842216359,122.61034871663718,519400
2013-04-26,122.59137725830078,122.61986047919143,122.29719062097762,122.42056481619288,325500
2013-04-29,123.18924713134766,123.34109006366583,122.99945070621945,123.05638818570401,269600
2013-04-30,123.8725357055664,124.02437864997015,123.27466316231431,123.29364715049982,730400
2013-05-01,123.99590301513672,124.37549587450465,123.77762336448775,124.29008965322777,632600
2013-05-02,122.87611389160156,123.17979984861682,122.6198951559813,122.97101937330469,957500
2013-05-03,123.36009979248047,123.77764622267831,122.91407013605759,122.91407013605759,562300
2013-05-06,122.97099304199219,123.30313319574635,122.77169736530743,123.255694945596,336300
2013-05-07,122.9899673461914,123.42649768087672,122.96149860612668,123.41701292770155,218300
2013-05-08,123.73021697998047,124.09082594508075,123.7017482322237,123.80613846751292,622200
2013-05-09,122.5724105834961,123.35058030530868,122.35413092837406,123.35058030530868,792400
2013-05-10,122.107421875,122.39212382359784,121.65190744556905,122.35415584082872,796500
2013-05-13,121.97454071044922,122.24975785356686,121.9365872151261,122.07893092326282,483600
2013-05-14,121.6518783569336,122.20229813113178,121.61391038324315,121.97453373060658,468600
2013-05-15,121.10147094726562,121.1868771759804,120.82626103206744,120.9496279980789,515700
2013-05-16,121.12042999267578,121.57595153338606,121.06349251518797,121.26278092666458,421600
2013-05-17,120.64592742919922,120.74083287534009,120.34224882624785,120.42766227972083,669400
2013-05-20,121.22482299804688,121.30074446329903,120.77879344002727,120.79777742647502,437800
2013-05-21,121.36717987060547,121.62341301829483,120.78829134021966,120.99707175973845,547100
2013-05-22,120.88319396972656,122.23077475211072,120.69339753065447,121.63290221252048,1393400
2013-05-23,121.68983459472656,121.84167753183475,121.28177299185522,121.45259267596707,690400
2013-05-24,121.6234359741211,121.84170118825466,121.41465551519602,121.60445198316182,356100
2013-05-28,120.95909118652344,121.5190028779707,120.86419298601655,121.43358942932649,332600
2013-05-29,121.67085266113281,121.94605528606152,121.48104176886417,121.62339993806566,733700
2013-05-30,122.6198501586914,122.81913132437779,122.45850800289445,122.4774919883773,610100
2013-05-31,122.21177673339844,122.24974470517797,121.7182944640336,122.12637051770216,394500
2013-06-03,122.9140396118164,123.24617972248222,121.83218410290264,122.02198052050291,1047800
2013-06-04,123.0089340209961,123.05638674685805,122.6578099145875,122.8760750769059,275900
2013-06-05,123.08485412597656,123.17975957665163,122.82862099358485,122.88557295231311,403100
2013-06-06,124.54633331298828,125.12522188475026,123.49294638668503,123.49294638668503,2068600
2013-06-07,124.2806625366211,124.49892780795389,124.07188202298238,124.17627227980174,464600
2013-06-10,124.6317367553711,124.72662773583372,123.97692672385571,124.04336344266581,531600
2013-06-11,125.19163513183594,125.2106191192053,124.63173058902561,124.64121534244052,402500
2013-06-12,125.33399963378906,125.59021831376239,125.02082898883694,125.07776647327546,390300
2013-06-13,125.60918426513672,125.7705119413933,124.8404993745161,125.08723326516647,732300
2013-06-14,125.47634887695312,125.51430237473868,125.13470947471936,125.1536934638826,219900
2013-06-17,125.7705078125,125.8179605346737,125.30549430405813,125.50478994497257,307700
2013-06-18,125.96034240722656,126.11218537200054,125.54278149436918,125.57126472073867,360200
2013-06-19,124.8594741821289,126.11214200943999,124.68864728535999,125.93183036083725,844700
2013-06-20,124.25212860107422,124.47040826388358,123.75866075251263,124.20469035141498,688600
2013-06-21,123.4074935913086,123.8630223192185,123.1512749724632,123.7491328969726,858600
2013-06-24,123.38861083984375,123.57840736964619,122.89512827791978,122.93308179166146,528700
2013-06-25,123.13230895996094,123.28415189142589,122.82862309703104,123.19874567267897,258500
2013-06-26,122.28770446777344,122.62934382861754,122.07892405389431,122.57240634856672,271500
2013-06-27,122.5724105834961,122.7432230295502,122.23077121084822,122.49648911395883,544400
2013-06-28,122.35411834716797,122.80964711755131,122.1168692094618,122.77167914641694,412400
2013-07-01,122.81912994384766,122.82861469621339,122.3351469235113,122.53442808695769,438500
2013-07-02,121.96505737304688,122.54394592709171,121.86066715902108,122.1833225549044,721600
2013-07-03,122.30667877197266,122.46800644619118,121.84166525413943,121.85115000655063,343300
2013-07-05,120.61750030517578,120.73138253567342,120.48464132306428,120.655461048675,411200
2013-07-08,120.96858978271484,121.072979981052,120.81674686139935,120.8641995843777,179800
2013-07-09,120.18092346191406,120.91165486573574,119.85826810769503,120.87369413460365,798200
2013-07-10,121.09197998046875,121.68984530735675,120.43717716728771,120.50360664805305,720700
2013-07-11,123.1607894897461,123.32211718966941,122.31618301335907,122.56291694020527,787500
2013-07-12,122.82865142822266,123.00896314085992,122.27824601565096,122.33518350794857,324000
2013-07-15,122.83808135986328,122.88553407018634,122.45847415781296,122.60083228878213,129500
2013-07-16,123.75867462158203,123.815612111986,123.1892707564587,123.26519223717793,266400
2013-07-17,123.3221206665039,123.71121279639829,122.98048126864018,123.71121279639829,457700
2013-07-18,123.1987075805664,123.30308327307006,122.80011638857758,122.98992723449015,251500
2013-07-19,123.53085327148438,123.59728996671096,123.20819798747418,123.26513545164832,262300
2013-07-22,123.92943572998047,124.21413754454687,123.85351428072704,123.90096699657741,278200
2013-07-23,124.29009246826172,124.41346666659331,123.87253162517608,123.9294691073169,374000
2013-07-24,124.00537872314453,124.43242427891843,123.8250670599084,124.16670640063519,613000
2013-07-25,124.85000610351562,124.8689900924575,124.17622654175736,124.20469528489978,279500
2013-07-26,124.81201934814453,124.91640953869732,124.59373973482883,124.73609789314823,270000
2013-07-29,124.6412124633789,124.71713393056316,124.4134625423654,124.54632148980302,201700
2013-07-30,124.60325622558594,124.92591159360788,124.36600707606294,124.8784588675955,239800
2013-07-31,125.0208511352539,125.37197533851705,124.19521402301972,124.30910349261163,995300
2013-08-01,124.07181549072266,124.66967347686901,123.663739439966,124.52732978505757,536500
2013-08-02,124.84051513671875,124.90693737389869,124.49887575547038,124.54632848519321,257300
2013-08-05,124.61271667480469,124.62221590647783,124.33751408646911,124.5083264901527,238700
2013-08-06,125.0208511352539,125.18217886325435,124.80257143218608,124.906961665662,195900
2013-08-07,125.33399963378906,125.36246837600832,124.92592352774588,125.02082898883694,457500
2013-08-08,125.7800064086914,125.90338060381465,125.51428851191774,125.53327249898423,735300
2013-08-09,125.3814468383789,125.57125777411709,125.26757186136908,125.49533629593007,232000
2013-08-12,124.99232482910156,125.08721578276425,124.80251396070379,124.83098269485622,322600
2013-08-13,124.6317367553711,124.67918948587254,124.34703485290262,124.54633052879264,226900
2013-08-14,124.59374237060547,124.66966382720787,124.47986742597044,124.60324160301653,805200
2013-08-15,125.48583221435547,125.53328494645731,124.08132112349372,124.32805505766623,589000
2013-08-16,125.26752471923828,125.69457020285579,125.06822910393099,125.66610146931701,574500
2013-08-19,125.30552673339844,125.48583843600092,125.30552673339844,125.48583843600092,112900
2013-08-20,126.1121826171875,126.37790055946651,126.02677638157105,126.21657284312153,243700
2013-08-21,125.46685028076172,125.83695838563845,125.29602335822051,125.74205293083341,355800
2013-08-22,125.46685028076172,125.61867873569471,125.21061713721957,125.33399133235827,89900
2013-08-23,125.76107788085938,125.96985836500308,125.38147041853261,125.38147041853261,251000
2013-08-26,125.60918426513672,125.7705119413933,125.53326280327394,125.75152795579305,90700
2013-08-27,125.78946685791016,125.88435780290632,125.6091552377221,125.61863998806126,222900
2013-08-28,125.3149642944336,125.38138650554689,124.98280979726404,125.38138650554689,194700
2013-08-29,124.39450073242188,124.47042221314138,124.19520503546549,124.40398548730863,145600
2013-08-30,124.16667938232422,124.21413209609315,123.7870866332431,124.1571946317845,220100
2013-09-03,123.76811981201172,123.80608778050517,123.4359797306485,123.73016632405545,323400
2013-09-04,124.10977935791016,124.16671683939501,123.66374977889286,123.66374977889286,85300
2013-09-05,123.2082748413086,123.73022605604181,123.17030685448572,123.67328855635168,268900
2013-09-06,123.74917602539062,123.87255024226441,123.42652059107354,123.43601982655115,191000
2013-09-09,124.56529235839844,124.74560403486547,124.11926278415037,124.14774600512777,109400
2013-09-10,124.6412124633789,124.70764917736734,124.47040002261878,124.50835351594128,193300
2013-09-11,125.07775115966797,125.1441733898672,124.60325287338739,124.62223685938939,201700
2013-09-12,124.91641998291016,125.134685133938,124.6127341375339,124.67917084641175,118000
2013-09-13,124.96385955810547,124.99234277688403,124.51784449882827,124.86896859081729,75500
2013-09-16,125.25809478759766,125.62820296611591,125.19165805990714,125.60921897526974,146500
2013-09-17,125.47634887695312,125.49533286611637,125.31502117041786,125.44788013347872,154700
2013-09-18,126.86187744140625,126.89036066574646,125.26756986649244,125.36247533285017,872200
2013-09-19,127.04219055175781,127.3838299616868,126.87137808706396,127.29842372933987,521500
2013-09-20,127.00420379638672,127.12757797560916,126.78593865514026,127.08012525432842,925000
2013-09-23,126.73844909667969,126.91876069681554,126.6055902040322,126.88079273861153,376900
2013-09-24,126.5107192993164,126.7384836690714,126.50123454744474,126.59612550777308,155200
2013-09-25,127.04219055175781,127.0896432854643,126.74800387553533,126.74800387553533,125500
2013-09-26,126.62458801269531,126.87133635458831,126.52969705703659,126.71949344889055,205400
2013-09-27,126.98519897460938,127.38377570299724,126.93774626111521,127.22244806154514,235400
2013-09-30,127.02318572998047,127.18451339530009,126.9662337770407,127.14654542667357,258900
2013-10-01,127.0990982055664,127.36483055583821,126.92828578096794,127.32686258556888,318800
2013-10-02,127.60213470458984,127.76346244644735,127.50722921853526,127.66855696039276,243600
2013-10-03,127.9437026977539,128.11451510056403,127.61154816268619,127.659000879201,384100
2013-10-04,127.26044464111328,127.74442767430097,127.12758570177519,127.62105348758047,325000
2013-10-07,127.48824310302734,127.55467983826846,127.18457161768703,127.43130560456002,240600
2013-10-08,127.4597396850586,127.77291032199106,127.3743334605879,127.58311388520956,470000
2013-10-09,126.98519897460938,127.01366770659887,126.63407495971569,126.7954026011678,448200
2013-10-10,126.95674896240234,127.1655293481333,126.81440528146634,126.87134275384074,189200
2013-10-11,127.23200225830078,127.46925144773101,126.9852538337469,127.37434597974239,404100
2013-10-14,127.39336395263672,127.63061320535506,127.33641196832633,127.56417646393221,137900
2013-10-15,126.91889190673828,127.07072045491626,126.60572109019606,126.66265860583133,354500
2013-10-16,126.99474334716797,127.22249328403981,126.50126101637859,127.20350929578707,473900
2013-10-17,128.4467010498047,128.45618580321292,128.2189366431509,128.24740538391515,377100
2013-10-18,128.46563720703125,128.63646408780994,128.34227752258997,128.37074625596378,914900
2013-10-21,128.4561767578125,128.51311423533176,128.2094428617163,128.22841236719702,134400
2013-10-22,129.38613891601562,129.5000283072034,128.94960877148327,128.9685782695705,330900
2013-10-23,129.35768127441406,129.50952415532223,129.2153376238965,129.2722750841035,370400
2013-10-24,129.5760040283203,129.73734621141838,129.5000970346208,129.73734621141838,122600
2013-10-25,129.61395263671875,129.6803748664151,129.46210971092935,129.50007768264592,201600
2013-10-28,129.4241485595703,129.65189845423623,129.33872786853306,129.3766958380024,256000
2013-10-29,129.03504943847656,129.6518913434158,128.95912798423936,129.25331456907304,578500
2013-10-30,128.91171264648438,129.4051950018555,128.58905723281674,129.09202434251657,384100
2013-10-31,127.44075012207031,128.21893430353322,127.44075012207031,128.18098081005326,667200
2013-11-01,126.64359283447266,126.78595101218967,126.5487018632002,126.76696702571962,676800
2013-11-04,126.91889190673828,126.94736066455592,126.7101113623768,126.7290808805564,221600
2013-11-05,126.47278594970703,126.56767692514498,126.26400553098823,126.4253332217183,326400
2013-11-06,126.94727325439453,127.17502316011732,126.83338382099488,126.8523678066512,753500
2013-11-07,125.9698486328125,126.21658260385465,125.31503848136428,125.4478974627782,1129000
2013-11-08,125.39093780517578,125.49532802073172,125.02082967375752,125.4668592783565,747800
2013-11-11,125.90335083007812,125.9318195636759,125.75150793053274,125.80845987826419,238800
2013-11-12,126.1121826171875,126.30197907873796,126.00779239125346,126.13116660750508,448900
2013-11-13,126.35888671875,126.43480818154325,125.70409125316782,126.12163757772304,367600
2013-11-14,126.33992767333984,126.54870809317192,126.09317927869853,126.21655347601919,280800
2013-11-15,126.61512756347656,126.68156427767221,126.44431512218364,126.58665882326108,184800
2013-11-18,126.72896575927734,127.09907375524674,126.67202829536437,126.97571407694699,278000
2013-11-19,127.08012390136719,127.1465461260231,126.6245951585668,126.75746856895323,354200
2013-11-20,126.04568481445312,127.10855594643658,125.90332669321975,127.06110323935879,1169600
2013-11-21,126.40633392333984,126.63409830177388,126.15010080766876,126.33041246386183,503800
2013-11-22,127.14656066894531,127.19401339514846,126.84288928621535,126.87135802582944,394600
2013-11-25,126.88077545166016,126.89027468018355,126.59607372605255,126.74791657711411,304700
2013-11-26,127.32685852050781,127.40277997808477,126.89032824011215,126.94726571316052,244300
2013-11-27,127.35536193847656,127.59261112781074,127.2604709510677,127.52618888467867,273900
2013-11-29,127.47870635986328,127.79187695426369,127.4597223746014,127.65901801850636,241900
2013-12-02,127.05160522460938,127.25088630078264,126.95669982036294,127.06108997282138,387600
2013-12-03,127.50717163085938,127.75390551040401,127.33634472922267,127.43125017241391,357700
2013-12-04,127.47870635986328,127.67798752323029,126.94727061683399,126.96624012155793,442900
2013-12-05,128.2664031982422,128.34232467531103,127.8298583252316,127.92476379170293,712800
2013-12-06,128.5795135498047,128.6079822802844,128.24735905349556,128.27582778397527,418100
2013-12-09,128.91171264648438,128.97814936840822,128.70293220692508,128.74090018532183,289500
2013-12-10,129.18692016601562,129.42416933139475,129.10149946126884,129.22487366103874,326800
2013-12-11,129.35768127441406,129.57594636538573,129.14890093329885,129.39564923490818,495600
2013-12-12,129.05410766601562,129.27237292217845,128.91174942722196,129.13951392096476,608400
2013-12-13,128.90225219726562,128.90225219726562,128.67448772556193,128.89276744114852,244500
2013-12-16,129.15841674804688,129.33871390167516,128.96860588227227,129.05402656408523,849400
2013-12-17,129.1394500732422,129.23434103831124,128.77882675658117,128.94015442968268,901200
2013-12-18,128.49420166015625,129.59504177245017,128.3518578872504,129.04462171630323,1232300
2013-12-19,128.13352966308594,128.35179483450113,128.0955616885984,128.34231008114898,649000
2013-12-20,128.34234619140625,128.60806416542326,128.08611297341002,128.11458172201588,867500
2013-12-23,128.48464965820312,128.6839453165142,128.4182274257921,128.4561809185214,343200
2013-12-24,128.38023376464844,128.38023376464844,128.10503117594465,128.1714533950651,96700
2013-12-26,128.46563720703125,128.51308992283288,128.35176227353597,128.361247024482,151500
2013-12-27,128.89268493652344,129.5379954724697,128.826248244599,129.49054276117144,543500
2013-12-30,129.443115234375,129.63292611649774,129.3577090257421,129.37669301006184,216100
2013-12-31,129.05410766601562,129.37676317174243,128.96868693052141,129.14899867799966,239600
2014-01-02,128.19989013671875,128.28529631736168,127.84876618483176,128.03856252421573,679000
2014-01-03,127.40287017822266,127.75399449763879,127.40287017822266,127.73502498021733,612400
2014-01-06,127.91526794433594,128.0671109024949,127.64955000782847,127.65904924305184,647500
2014-01-07,127.7159423828125,127.94370674095971,127.54511549406799,127.85828605631922,534500
2014-01-08,127.4122543334961,127.73492412200322,127.15603572568541,127.61154995344062,463900
2014-01-09,127.60213470458984,127.66855696039276,127.2604952275551,127.3174327269702,704800
2014-01-10,128.19044494628906,128.38024134424242,127.90574310909057,127.90574310909057,505500
2014-01-13,128.2664031982422,128.29487194207536,127.9722165249386,128.06710751086882,279300
2014-01-14,128.3328094482422,128.39924616260137,128.19046574681434,128.2474032273855,255700
2014-01-15,127.58317565917969,127.630628411486,127.38387989171196,127.59266041742218,873300
2014-01-16,127.75395965576172,127.9817241276305,127.42181942489809,127.88681864421591,359400
2014-01-17,126.8523941040039,127.41229871236207,126.79545661576968,127.33637723453603,844300
2014-01-21,127.16555786132812,127.26046332359009,126.89983994364322,127.01371491392518,521700
2014-01-22,127.07064056396484,127.28892021072912,126.98523434420792,127.20349951043308,218400
2014-01-23,128.4561767578125,128.4941302493125,128.07658392065855,128.1050526594182,803100
2014-01-24,128.27589416503906,128.4656906266324,128.21895667461524,128.3897691458867,522900
2014-01-27,128.2473907470703,128.30432822210062,128.08606307430514,128.2094372572294,225800
2014-01-28,128.2189483642578,128.35180732681624,128.04812142351645,128.35180732681624,252500
2014-01-29,128.0765838623047,128.23791154204852,127.58310158979857,128.21892755603793,626200
2014-01-30,127.06119537353516,127.44078834434035,127.01374263204859,127.28895984434445,240100
2014-01-31,126.49176788330078,126.73851630086747,126.40636165285429,126.66259482473473,791600
2014-02-03,126.86187744140625,126.94729815334465,126.45381579325847,126.50126852643733,501300
2014-02-04,126.74801635742188,126.79546909580141,126.54873512898756,126.68159410812466,136900
2014-02-05,126.96625518798828,127.02320715053214,126.6341150494506,126.7385052599715,217200
2014-02-06,127.45022583007812,127.68747494201776,127.41225786306728,127.57358552152184,221000
2014-02-07,127.87731170654297,127.90578045052042,127.39332857838501,127.45026606633992,262800
2014-02-10,127.9437026977539,128.01012491644585,127.80134454820946,127.82981328201114,112100
2014-02-11,127.90570068359375,128.2663238564646,127.85824797971092,127.87723195737048,159500
2014-02-12,127.44075012207031,127.49770208309923,127.18453145986703,127.18453145986703,121900
2014-02-13,128.2664031982422,128.29487194207536,128.1145602441045,128.18099696674267,153200
2014-02-14,128.42770385742188,128.465657347692,128.29484492066936,128.4371886098549,192000
2014-02-18,128.98757934570312,129.05401603941337,128.91165790169205,129.0065633268396,306800
2014-02-19,128.7598419189453,129.06352775844687,128.68393493960775,128.9970910508542,335900
2014-02-20,128.63648986816406,128.70291209916954,128.3423032439854,128.57955239000546,308100
2014-02-21,128.788330078125,128.97812649482654,128.58903442823845,128.6269879193634,261200
2014-02-24,128.7409210205078,128.8927639975869,128.53214054715988,128.65551477610455,288300
2014-02-25,128.80734252929688,129.0730604973802,128.59856205715383,128.9591855054997,182600
2014-02-26,128.2948760986328,128.39926632291693,128.0766108953266,128.39926632291693,252100
2014-02-27,128.51312255859375,128.68394948275375,128.18098242470734,128.19995193141665,164700
2014-02-28,129.39572143554688,129.60450189315807,129.29133120674126,129.45265892752406,340500
2014-03-03,128.71243286132812,130.01255376520703,128.69344887192037,129.12049451007744,503400
2014-03-04,128.79782104492188,129.00660145752818,128.71241482536632,128.93067999107686,143400
2014-03-05,128.7029266357422,128.8832383239692,128.54159893589178,128.60803565493975,298300
2014-03-06,129.90817260742188,130.0505163365579,129.66143865007206,129.66143865007206,300700
2014-03-07,130.04098510742188,130.11690656267567,129.94607966822042,130.00303162006347,209000
2014-03-10,130.0220489501953,130.18337667175032,129.9556267027514,130.1074696691122,133100
2014-03-11,129.90817260742188,130.07899956292724,129.85123511576748,129.85123511576748,86000
2014-03-12,130.39208984375,130.43005780601862,130.11688727970912,130.23076220544536,238800
2014-03-13,129.9176788330078,130.83820704832843,129.79431907421724,130.71484728953786,759900
2014-03-14,130.37315368652344,130.64835632094832,130.1359045435391,130.18334278770516,582300
2014-03-17,130.52500915527344,130.7337896027663,130.31624318832206,130.31624318832206,339900
2014-03-18,130.61041259765625,130.6198973510911,130.11693028879128,130.30672672126562,144800
2014-03-19,129.66143798828125,130.52501407486906,129.13948684987628,130.45859182845862,561200
2014-03-20,129.12046813964844,129.27231106281712,128.8832190023992,129.06353066359472,242800
2014-03-21,129.31027221679688,129.4431311623087,129.14894453157103,129.15844376516839,328400
2014-03-24,129.69937133789062,130.0504954671087,129.03507657428622,129.14895153932133,331700
2014-03-25,129.6044921875,129.75632066122185,128.89274463000106,129.24386879126072,475300
2014-03-26,129.31027221679688,129.424161656192,129.12997502545434,129.2438499843105,152600
2014-03-27,128.788330078125,129.13945417304976,128.7029093821517,129.03506397178316,158400
2014-03-28,128.90225219726562,129.06357993451854,128.8168459505806,128.99714320006774,129200
2014-03-31,129.092041015625,129.40521171541204,128.9971355379164,129.2059160044411,293500
2014-04-01,129.28182983398438,129.46214154262637,129.23437709794038,129.36725055108036,146600
2014-04-02,129.00660705566406,129.22487223084605,128.89273209131514,129.12998125406853,154100
2014-04-03,128.5036163330078,128.65545924454693,128.40871089316158,128.60800652462382,497200
2014-04-04,128.40870666503906,128.55106482012096,128.1335040674059,128.3897226815875,796300
2014-04-07,128.788330078125,128.85475230772826,128.61750316671674,128.61750316671674,398800
2014-04-08,129.28182983398438,129.42418804211636,129.19642359743037,129.38622006106436,264900
2014-04-09,129.8606719970703,129.8606719970703,129.30076756149066,129.40515775122051,281100
2014-04-10,130.09793090820312,130.259258580745,129.8037443005951,129.9081344981855,158900
2014-04-11,130.06948852539062,130.24980021963037,130.01255103890247,130.06948852539062,316700
2014-04-14,129.46209716796875,129.5854713432868,129.39567494470774,129.54750337524877,172800
2014-04-15,129.39572143554688,129.61398664830688,129.26286246075267,129.35775345386728,191400
2014-04-16,129.45263671875,129.61396441185556,129.35773126137508,129.51905895448067,177700
2014-04-17,129.443115234375,129.76578504566132,129.4051617462728,129.73731630945034,465500
2014-04-21,129.2438507080078,129.43364713401047,129.1774139946104,129.43364713401047,125300
2014-04-22,129.31983947753906,129.46218325098747,129.19646522018604,129.43371449629777,175300
2014-04-23,129.46209716796875,129.71833027034583,129.41464444818973,129.53801862350778,236300
2014-04-24,129.53797912597656,129.60441580951732,129.31971405818888,129.34818278526848,127200
2014-04-25,129.6044921875,129.7658198962015,129.59499295252036,129.75632066122185,112300
2014-04-28,129.7658233642578,129.95561982188838,129.67091789517178,129.88918309741985,293200
2014-04-29,129.4052276611328,129.57604016540498,129.35777491643123,129.57604016540498,94900
2014-04-30,129.95562744140625,130.0125649339796,129.80378447418238,129.9461282056158,206000
2014-05-01,129.90817260742188,130.03154682636787,129.8891886166897,130.03154682636787,69100
2014-05-02,129.9650421142578,130.0314788067963,129.40513776515297,129.41462251528654,254600
2014-05-05,130.01251220703125,130.08843365985302,129.98404347229015,130.07894890845148,159700
2014-05-06,130.50599670410156,130.57241892615284,130.411091266272,130.5629341745846,208000
2014-05-07,130.36363220214844,130.57241257078206,130.32567871718598,130.4870063692145,218800
2014-05-08,129.72779846191406,130.14535917380724,129.72779846191406,130.12637519221158,593000
2014-05-09,128.88319396972656,129.22483324023125,128.76931903973679,129.1963645077338,878700
2014-05-12,128.88319396972656,129.01605288155974,128.84524048657508,128.99706889971634,288600
2014-05-13,128.38023376464844,128.62696761936687,128.25685959702116,128.59849888538153,274600
2014-05-14,128.4467010498047,128.53210727209753,128.37077958092007,128.38974908773656,141800
2014-05-15,128.42770385742188,128.6459690076857,128.03861179959736,128.10504850824265,344000
2014-05-16,128.3328094482422,128.51312112374364,128.3043407079566,128.46566839642128,127900
2014-05-19,128.41819763183594,128.65544672783278,128.37074491652942,128.5605412972198,430400
2014-05-20,128.35179138183594,128.38974487476304,128.2189324357824,128.35179138183594,263800
2014-05-21,128.2284698486328,128.2284698486328,127.71601784070243,127.93428309588158,362200
2014-05-22,127.92473602294922,127.99115825062792,127.8298305770791,127.88676805238597,155400
2014-05-23,127.67798614501953,127.79187557482355,127.61156391812683,127.66850139275994,187600
2014-05-27,127.69700622558594,127.7539437163133,127.52619375340386,127.69700622558595,478200
2014-05-28,127.33636474609375,127.43127020420383,127.28892649757856,127.3933167092837,509900
2014-05-29,127.44075012207031,127.61157704407846,127.35534390133589,127.43126536883514,177800
2014-05-30,127.65907287597656,127.84886936854068,127.54518339600276,127.71601037569137,389600
2014-06-02,127.35536193847656,127.61159511750905,127.27944046022468,127.49772014040188,327400
2014-06-03,127.60213470458984,127.80141595254273,127.55468196156255,127.71600970342006,647800
2014-06-04,127.3838882446289,127.60216802344176,127.35541948748774,127.54521602861153,522300
2014-06-05,127.9342269897461,128.02913244022625,126.93777768185909,126.9947296404704,1450500
2014-06-06,127.78238677978516,127.87729223228446,127.60208958889888,127.83933873960812,760900
2014-06-09,127.26997375488281,127.35537999982537,127.21303625825443,127.35537999982537,321500
2014-06-10,126.8523941040039,126.93780033635522,126.77647262617785,126.89984683771283,338900
2014-06-11,126.68153381347656,126.90928368043149,126.67203458199624,126.90928368043149,115200
2014-06-12,127.05160522460938,127.1085426749446,126.74791951544607,126.77638824061368,340500
2014-06-13,126.77642059326172,126.86182679055973,126.63407693109836,126.86182679055973,109400
2014-06-16,127.10865783691406,127.16559533883533,126.9283460938002,126.95681484476083,216000
2014-06-17,126.8144302368164,126.89983646218478,126.77646226073706,126.86186848610545,121000
2014-06-18,127.23200225830078,127.3363780003304,126.88086361117594,127.10862804602384,468200
2014-06-19,127.4122543334961,127.73492412200322,127.37430084807325,127.61154995344062,369300
2014-06-20,127.30791473388672,127.35536746992284,127.11811827028419,127.14658701579746,528000
2014-06-23,127.37430572509766,127.42175844409529,127.20347883281354,127.37430572509766,325500
2014-06-24,127.39336395263672,127.56417646393221,127.222536960796,127.54519246916209,164600
2014-06-25,127.6400375366211,127.78238122864734,127.61156879821584,127.7349429849975,91100
2014-06-26,127.46924591064453,127.51668416203685,127.13709126765401,127.38382520094879,201800
2014-06-27,127.7729263305664,127.8108798304619,127.61159861506249,127.6305826052811,161900
2014-06-30,128.2284698486328,128.26643783769137,127.87734559283876,127.93428309588158,209900
2014-07-01,128.09552001953125,128.2758316383436,128.06705128819613,128.1809406940714,149500
2014-07-02,127.86787414550781,127.92481165447721,127.76348388554841,127.82042139451781,94600
2014-07-03,127.40287017822266,127.54521396162171,127.31746390818321,127.54521396162171,201900
2014-07-07,127.40287017822266,127.44082369361318,127.25102715556521,127.25102715556521,96800
2014-07-08,127.44075012207031,127.48820284932476,127.30789117408143,127.33635991432625,78300
2014-07-09,127.7159423828125,127.77287985221518,127.37430308585994,127.42175580387432,208900
2014-07-10,127.44075012207031,127.44075012207031,127.222484953347,127.41228138182551,447700
2014-07-11,127.39336395263672,127.41233346686163,127.28897370221884,127.34591120598401,76700
2014-07-14,127.48824310302734,127.58314858750211,127.40283685532637,127.54518060149466,130700
2014-07-15,126.99474334716797,127.43127371319915,126.97575935891524,127.34586748687221,209800
2014-07-16,126.62458801269531,126.75746141558322,126.58663452653911,126.69102471413927,251200
2014-07-17,126.63410186767578,126.69103934375316,126.53919642052138,126.68155459125299,108000
2014-07-18,126.63410186767578,126.68155459125299,126.36838399228924,126.4063374828281,266400
2014-07-21,126.57718658447266,126.65310805939993,126.53921860673867,126.65310805939993,271500
2014-07-22,126.06471252441406,126.15011874827132,126.02675902954633,126.11216525340359,390300
2014-07-23,126.00777435302734,126.11216456401773,125.96032162429721,126.11216456401773,276300
2014-07-24,126.0172348022461,126.11214024140243,125.98876606660659,126.07418675406207,91300
2014-07-25,125.7420654296875,125.8369708939262,125.64715996544878,125.7610494186434,258700
2014-07-28,125.7420654296875,125.84645564813377,125.73258067547994,125.78001892705852,204400
2014-07-29,125.54273223876953,125.6471224260273,125.48579476945375,125.57121545396387,303400
2014-07-30,125.36248016357422,125.47635514315867,125.13471572386365,125.25808993877457,502400
2014-07-31,125.3529281616211,125.4288496095659,125.2295684791794,125.27700671367629,302200
2014-08-01,125.62820434570312,125.84646956093327,125.50483012466147,125.59973559939233,775600
2014-08-04,125.64714813232422,125.66613211949225,125.52378841708051,125.61867939184187,244500
2014-08-05,125.2106704711914,125.32454548103149,125.03984347588577,125.28659197126663,354900
2014-08-06,125.22006225585938,125.29598369956491,124.91639096157202,125.0017971555402,390300
2014-08-07,125.10623168945312,125.1157164430788,124.8499985361613,125.0397949724538,350700
2014-08-08,125.52379608154297,125.72307727708747,125.33399963989191,125.3529691476788,267300
2014-08-11,125.29601287841797,125.31499686389901,125.23907540251295,125.31499686389901,190600
2014-08-12,125.11569213867188,125.13467612277535,124.89742700336166,125.02080117922864,168000
2014-08-13,125.06829833984375,125.36249955016955,125.03034483429352,125.36249955016955,83900
2014-08-14,125.13471984863281,125.47635927918915,125.03981437548967,125.37196905094855,146800
2014-08-15,125.3719482421875,125.52379118179736,125.21062054905443,125.28654201885935,516500
2014-08-18,125.06829833984375,125.26759406547814,124.97340733569624,125.26759406547814,168200
2014-08-19,124.67916107177734,124.72659931092745,124.5937403841258,124.72659931092745,305600
2014-08-20,124.10977935791016,124.43243474001729,124.05284187642532,124.3944812458739,604300
2014-08-21,124.2616195678711,124.34702578822358,124.11926138674438,124.1762133475186,159600
2014-08-22,123.93899536132812,124.31858831204853,123.73021489426904,124.26165081749477,679300
2014-08-25,123.45494842529297,123.57832260128238,123.44546367350036,123.4834171612079,219800
2014-08-26,123.23667907714844,123.59730236045975,123.19872559073828,123.54035041003961,200200
2014-08-27,123.48342895507812,123.60680314285098,123.22721030737239,123.35057001460677,241500
2014-08-28,123.37899780273438,123.38849703281848,123.15124796925467,123.22716940725913,123200
2014-08-29,122.93299102783203,123.41698847411256,122.90452229340804,123.29361430458438,305600
2014-09-02,122.83808135986328,122.89501882003731,122.72420643951526,122.8001133993912,155900
2014-09-03,123.02791595458984,123.03740070738843,122.88557225991798,123.00893196845406,278200
2014-09-04,121.14888000488281,121.89858076534718,120.90213892153952,121.87959678340738,1182900
2014-09-05,121.1868667602539,121.4525918984922,121.12992927933769,121.3197257092382,326400
2014-09-08,120.7123794555664,121.18687781386701,120.5225830083543,121.06351084720617,638500
2014-09-09,121.15837860107422,121.24379204902856,120.52255269851813,120.58898216236327,553000
2014-09-10,120.85468292236328,121.00652581268398,120.55100438198943,120.71233202275452,248000
2014-09-11,120.85468292236328,121.16785345344907,120.83570618120696,121.12040074015697,396500
2014-09-12,121.13941192626953,121.43359854199795,120.80726457943597,120.85471006311555,279300
2014-09-15,121.0729751586914,121.17736535287067,120.98756170878622,120.98756170878622,315300
2014-09-16,121.22482299804688,121.575954344636,121.02553458196205,121.1299247866164,428600
2014-09-17,120.4181900024414,121.39565543946759,120.25686230201907,121.25330448721897,903000
2014-09-18,120.86420440673828,120.9591026162123,120.56052579225981,120.58899453107509,422500
2014-09-19,120.08605194091797,120.29483238840712,120.03859920639016,120.2758483984877,551900
2014-09-22,120.2283935546875,120.2283935546875,119.91522290780745,120.15247208145533,738500
2014-09-23,120.29478454589844,120.59846310139628,120.17141038130165,120.5130496612702,273200
2014-09-24,119.57357788085938,119.75388956121687,119.51664039875484,119.58306987463341,259600
2014-09-25,119.24144744873047,119.41226715959178,118.91878477698316,118.98521426230307,299000
2014-09-26,118.62457275390625,119.00417283477262,118.58661202179269,118.96621210265906,315000
2014-09-29,118.71946716308594,118.90927081757695,118.60559221066043,118.83334935578056,374700
2014-09-30,118.13111877441406,118.18805626259915,117.79896411927949,117.8084561140672,533800
2014-10-01,118.03620147705078,118.22600515242922,117.78946755946365,117.9602872471693,459500
2014-10-02,118.48223876953125,118.79540942407081,118.10263863435637,118.56765223907404,1203700
2014-10-03,117.03971862792969,117.22002300649508,116.93532845284412,117.13461681248,585200
2014-10-06,118.29243469238281,118.55815259778569,117.34343803578972,117.35293002963122,805200
2014-10-07,118.4537582397461,118.62457792156393,118.0172206618271,118.31140729818628,509700
2014-10-08,119.17497253417969,119.26037873691824,118.35883503120442,118.52965467694968,723300
2014-10-09,118.68151092529297,119.09907174071235,118.47273051758329,118.87131458696967,344700
2014-10-10,117.96975708007812,118.33038039755108,117.90332761216506,118.33038039755108,507300
2014-10-13,118.70996856689453,118.7858900244677,118.47271944217988,118.69099182263558,374200
2014-10-14,118.39680480957031,118.59609320479932,118.24496189495659,118.35884408091688,440300
2014-10-15,119.74439239501953,120.53206131803444,119.21295661094662,119.70643166183297,941100
2014-10-16,119.73491668701172,120.10502483558292,119.09909061026329,119.33633979474588,1253500
2014-10-17,119.31734466552734,119.67796076389259,119.2129544612141,119.54510182027016,441600
2014-10-20,119.72541809082031,119.86776179283667,119.2888732704045,119.2888732704045,594000
2014-10-21,118.91873168945312,119.24139421715788,118.89975494794938,119.11802005644681,1816200
2014-10-22,118.26394653320312,118.57710987585499,118.18802507547655,118.5486411392747,1266200
2014-10-23,118.29243469238281,118.41580165124275,118.11212301074376,118.39682490382964,566000
2014-10-24,118.44425964355469,118.71946951782348,118.3968141591927,118.60559456313932,298700
2014-10-27,118.80487823486328,118.96620590774316,118.57711385404222,118.61507458417907,462400
2014-10-28,119.10855865478516,119.26039433738251,118.91875500120214,119.26039433738251,160400
2014-10-29,118.16905975341797,119.40275829537299,118.11212227126522,119.12754839785164,502500
2014-10-30,117.83690643310547,118.11211631675236,117.77047696051963,117.86537517274662,459000
2014-10-31,117.19157409667969,117.29596428942158,116.8024893021342,116.8689187665819,1471300
2014-11-03,116.81199645996094,116.92587866668752,116.61270802839192,116.89740992507338,622500
2014-11-04,117.30548095703125,117.57119887071639,116.9353728286455,116.98281831879206,705200
2014-11-05,116.66963958740234,116.84045925808267,116.51779666223352,116.75504580260792,643400
2014-11-06,115.73011779785156,116.37543569362788,115.69216431010167,116.18563929380426,1040400
2014-11-07,116.41342163085938,116.59373331792614,115.9768840245184,116.06229749112322,592700
2014-11-10,116.10023498535156,116.66963871018423,116.10023498535156,116.66963871018423,463200
2014-11-11,116.66963958740234,116.8594360035942,116.04329838148472,116.12871183695947,878100
2014-11-12,116.23308563232422,116.73605258048403,116.1097114629708,116.57471768519635,500400
2014-11-13,116.67913055419922,116.79301275414106,116.45137339458512,116.57474034765328,457100
2014-11-14,117.1346435546875,117.314955214686,116.04329608253228,116.11921754361259,828000
2014-11-17,116.37545776367188,116.69812039288573,116.34698902232623,116.67913640514202,694600
2014-11-18,117.17262268066406,117.26752090177843,116.88792077705081,117.06823246535721,577400
2014-11-19,117.26751708984375,117.88436636744088,117.07772065378461,117.33394656649145,990300
2014-11-20,117.2580337524414,117.48579818085084,117.03976855888713,117.40987670471436,615400
2014-11-21,115.85350799560547,116.23310808801699,115.68268831603378,116.07177316156015,770600
2014-11-24,116.29951477050781,116.32798350481262,116.01481294692344,116.07175041553306,669900
2014-11-25,116.63168334960938,116.70760481511884,116.18565379007813,116.18565379007813,553800
2014-11-26,116.93538665771484,117.12518312128714,116.71711420836283,116.73609819888264,331200
2014-11-28,116.214111328125,116.71707831817446,116.17615059902917,116.68860958141978,245700
2014-12-01,116.59371948242188,116.91637484175882,116.55575875068766,116.70760167762452,469300
2014-12-02,115.73011779785156,116.052780365874,115.68267231802993,116.052780365874,885500
2014-12-03,115.0848159790039,115.20819017236589,114.96144902591149,115.0848159790039,1042500
2014-12-04,115.73011779785156,116.42288841371807,115.521344654153,115.70164906190487,1540400
2014-12-05,114.85706329345703,115.04686696745766,114.65777486595876,115.01839098615518,467100
2014-12-08,115.06585693359375,115.34106686230865,114.66728003280834,114.75268626571777,572200
2014-12-09,115.61625671386719,116.34698090508105,115.56880398808848,115.82503712286241,569000
2014-12-10,116.29951477050781,116.3374682560688,115.77756384069252,115.83450130930214,306300
2014-12-11,115.79656982421875,115.94841276587836,115.61626538133541,115.88198328896976,390600
2014-12-12,116.37545776367188,116.67913640514202,116.20463807532806,116.56526143975941,456200
2014-12-15,116.20462036132812,116.61268915237372,116.02431594686762,116.22360434617796,388000
2014-12-16,116.95430755615234,117.13461917862746,116.63165227411005,117.09665845598704,622900
2014-12-17,115.34102630615234,116.57471731387987,115.16071466860593,116.48931111100092,1537100
2014-12-18,114.82860565185547,114.9329958725788,114.65778594887824,114.79064491338602,469800
2014-12-19,114.24971008300781,114.96145759523202,114.21174934685678,114.7906379026874,545900
2014-12-22,114.25920104980469,114.61032518557212,114.17378758416528,114.59134843780228,269200
2014-12-23,113.72774505615234,113.91754871361742,113.6992763175999,113.8226505050195,268900
2014-12-24,113.90806579589844,114.00296401205703,113.87010506138104,113.94602653041584,114300
2014-12-26,113.79418182373047,113.85111930086403,113.71826036070624,113.81315856935191,202700
2014-12-29,113.56641387939453,114.0504041406859,113.4715156737197,113.9934666653348,303300
2014-12-30,113.56641387939453,113.8131550063643,113.53794514171898,113.72774155306865,142400
2014-12-31,113.06344604492188,113.38610863017571,113.03497730745485,113.25324245488136,324900
2015-01-02,112.17137908935547,112.41812019714011,112.13342560225178,112.38015946976797,497700
2015-01-05,111.54507446289062,111.6589566748949,111.27935654181766,111.2888412959486,698700
2015-01-06,111.1844482421875,111.72537602971148,111.0800580340452,111.11801152766996,432900
2015-01-07,110.548583984375,110.78583307445065,110.26388942044481,110.43470905490999,692500
2015-01-08,110.1595230102539,110.42524089002866,109.99819533185769,110.13105427174507,821600
2015-01-09,110.66249084472656,110.67198283772235,109.98870414741096,110.04564162484715,569600
2015-01-12,110.5865707397461,110.6814689500619,110.3398296007095,110.41575106506988,670600
2015-01-13,109.9697265625,110.24493645324304,109.81789086707572,109.95074981567309,736000
2015-01-14,110.14054107666016,110.37779022234675,109.98870538836078,110.28289201212598,762800
2015-01-15,108.56521606445312,109.05869112699082,108.08122575523387,109.02073039290796,2081100
2015-01-16,108.10018157958984,108.27099397805719,107.07526374717882,107.82497175939052,2506600
2015-01-20,107.92938995361328,108.29000606664314,107.83448449836412,108.22357659213054,1641600
2015-01-21,108.27100372314453,109.12510199369473,108.0147778621137,108.69805647855387,2496400
2015-01-22,106.1263198852539,107.5877759087613,106.04090640348113,107.26511321356729,2934800
2015-01-23,104.70278930664062,105.4619821894817,104.68380532141494,104.76921877439257,2267400
2015-01-26,105.22474670410156,105.52842534468009,105.06341901010327,105.10137974520933,1267000
2015-01-27,106.31610870361328,106.69570886580495,105.87957105118768,106.18324973288684,1535700
2015-01-28,105.44300079345703,106.19270889088477,105.39554807275492,105.94596777571736,1231000
2015-01-29,105.7562026977539,106.19274034449211,105.3576185504966,105.89854642148424,1164800
2015-01-30,105.5473861694336,105.76565129805657,105.34809778406414,105.66126110949138,1034600
2015-02-02,105.88904571533203,106.11680287926139,105.67077330470869,105.68026529828441,522300
2015-02-03,107.26509094238281,107.70162853560811,106.67671764903433,106.76212387280302,1483100
2015-02-04,106.40151977539062,106.91397889673117,106.28763755722471,106.80958867348008,618100
2015-02-05,107.29357147216797,107.38847694047602,106.65774538001986,106.76213560294217,512700
2015-02-06,105.71821594238281,106.08832401354539,105.65178647423232,105.91750434683428,631600
2015-02-09,105.76567840576172,106.05038030941184,105.61384270001312,105.61384270001312,439500
2015-02-10,105.6802749633789,105.78466518144982,105.49996327029815,105.56639275086417,518300
2015-02-11,105.4809799194336,105.66128436095839,105.34812096661746,105.6517996073786,665600
2015-02-12,106.58184051513672,106.67674599823836,106.00295182152146,106.03142781061506,481300
2015-02-13,106.439453125,106.74313172169357,106.33506292861136,106.49639059929602,295100
2015-02-17,106.64823913574219,106.68619986993929,106.30659976823794,106.54384892676757,470300
2015-02-18,106.44892120361328,106.5628033746363,105.86054808733032,106.26861681649481,677300
2015-02-19,106.0978012084961,106.42045651157721,106.06932523445835,106.221168134921,287900
2015-02-20,106.23068237304688,106.71466542902408,105.40505271948125,105.45250544588035,1301500
2015-02-23,105.84158325195312,106.07883238763499,105.68974757005662,105.76566179087035,515300
2015-02-24,105.9270248413086,106.05988381335796,105.43354245346441,105.75620512863499,667300
2015-02-25,106.13578033447266,106.14527232811172,105.89853117538422,105.92700715630141,196700
2015-02-26,104.55094909667969,105.04443136157677,104.44655889603872,105.04443136157677,674300
2015-02-27,104.50352478027344,104.82618020014044,104.3421898300693,104.61739975656974,553200
2015-03-02,104.3896484375,104.90210758048025,104.36117969182405,104.81669410318136,572100
2015-03-03,104.33267211914062,104.74074088260045,104.31368813557413,104.39910158108671,540600
2015-03-04,103.42166137695312,103.8961597169753,103.27931042689245,103.88666772289925,1954700
2015-03-05,102.97562408447266,103.17491250355859,102.5960239927649,102.96613209110583,971500
2015-03-06,101.30538177490234,101.65651310511551,101.2199755606789,101.54263091254849,1687200
2015-03-09,101.33383178710938,101.50465142425894,101.19148088277343,101.4572059496588,1480300
2015-03-10,99.89138793945312,100.7549711133318,99.82495846453938,100.36588625748551,1350700
2015-03-11,98.38247680664062,99.02779479095699,98.14522765417533,98.7905456384917,2117200
2015-03-12,99.1227035522461,99.38842871311135,98.86647762603535,99.09423480936381,1598400
2015-03-13,97.82258605957031,98.74311405922673,97.67074310527745,98.72413006980483,1677700
2015-03-16,98.70511627197266,99.1416537413057,98.61970283217497,98.72409301400111,1643500
2015-03-17,98.87593841552734,99.41686608038658,98.81899370746403,99.24604643673271,1234100
2015-03-18,101.20099639892578,101.20099639892578,98.93289511413971,99.0183013324341,4270700
2015-03-19,99.35044860839844,99.77749414892456,99.06574675453508,99.5971824921265,2450500
2015-03-20,100.89730834960938,101.57109500084715,100.37535737457438,100.80241014694903,2602100
2015-03-23,102.33979034423828,102.38724307056658,101.5900893981916,101.97917424105952,1751600
2015-03-24,101.96019744873047,102.14050188010381,101.64702683175167,102.09305639406641,892100
2015-03-25,102.37776947021484,102.58654991913718,102.20694976112118,102.50114368472576,1064400
2015-03-26,101.60908508300781,102.54858986920814,101.32438315251277,102.51062912912407,901400
2015-03-27,101.69447326660156,102.14049556105307,101.32435795289823,101.52365359884197,962100
2015-03-30,100.89730834960938,101.38129859552649,100.88781635726271,101.19149494993705,575100
2015-03-31,100.31842803955078,100.52720844650248,100.0622021475542,100.22352982919166,513600
2015-04-01,100.40385437011719,100.73600176909434,100.13812921066517,100.5556900781052,596100
2015-04-02,101.53315734863281,101.76092177510743,101.36233764891205,101.45724311341168,643100
2015-04-06,102.10253143310547,102.97561372830907,101.81783682315829,102.79530207382102,1780700
2015-04-07,100.91629028320312,101.57110022368701,100.90680553063751,101.26742161539737,819300
2015-04-08,100.62212371826172,101.31489452786076,100.46079600926967,101.28642578395281,719000
2015-04-09,99.42636108398438,100.2709746382266,99.26503341508355,100.2709746382266,1259200
2015-04-10,99.00881958007812,99.23657674270179,98.76207843041188,99.00881958007812,939700
2015-04-13,98.72412109375,98.92340952293704,98.5343246584109,98.73361308759793,1121900
2015-04-14,99.36942291259766,99.90085863713657,99.33146218366363,99.53075058036572,733900
2015-04-15,99.71109771728516,99.85344869137953,98.77159287269639,99.40741901801043,1177400
2015-04-16,100.48925018310547,100.92578775369772,99.70158126126162,100.13811883185387,801600
2015-04-17,100.93526458740234,100.9732253148311,100.29943869357484,100.3848449000882,923000
2015-04-20,100.1666030883789,100.46078974410833,100.06221287371295,100.1666030883789,608200
2015-04-21,100.15713500976562,100.57469596813462,99.67314455713537,99.73957405139663,556100
2015-04-22,100.0716781616211,100.27097379832189,99.9483112229542,100.13810762709846,331600
2015-04-23,101.001708984375,101.17252866292742,100.14761059161296,100.25200079740996,715900
2015-04-24,101.3623275756836,101.47620977760347,100.81191503374507,101.2484526140334,739400
2015-04-27,101.58061218261719,101.92225158912734,101.18203528844552,101.26744151993778,632500
2015-04-28,102.38727569580078,102.52013468353152,101.92226923874321,101.94124599115968,1080000
2015-04-29,103.67786407470703,104.35165069780197,103.0894836583585,103.22234258458745,2938800
2015-04-30,104.7407455444336,105.1013616052959,103.72531958648077,103.81072579552631,1470100
2015-05-01,104.53197479248047,105.29116771273596,104.23778092913572,105.05391856760562,1228600
2015-05-04,104.02899932861328,104.22828772553221,103.82971093169435,104.22828772553221,618100
2015-05-05,104.4180908203125,104.67432394724591,103.71583538994652,103.98155326952991,694600
2015-05-06,105.86056518554688,106.04086960178745,105.23422400415747,105.31014546376872,1164100
2015-05-07,105.10139465332031,105.35762060129316,104.82618471496669,105.28170636058292,769700
2015-05-08,104.52250671386719,104.98751311743945,104.3042415049596,104.9305756264672,646400
2015-05-11,104.01952362060547,104.19983530139898,103.82023519248784,103.90564141585116,520700
2015-05-12,104.5794448852539,105.05394328716572,104.56046813489668,104.75975659486713,313400
2015-05-13,105.79414367675781,106.14526778340236,105.48097306250504,105.53791054136211,580600
2015-05-14,106.38251495361328,106.43945967168062,105.79414170898212,106.43945967168062,706600
2015-05-15,106.77163696289062,106.93296468873145,105.72774188237698,105.84161686990164,811400
2015-05-18,105.47149658203125,106.09783790265915,105.3671063619266,106.05038516978595,730100
2015-05-19,103.96255493164062,104.12388257641399,103.68734511629728,103.87714149364622,1060200
2015-05-20,103.56401824951172,103.91514967225342,103.22237882205249,103.57351024479419,797400
2015-05-21,103.64942932128906,103.88667851594857,103.5640158462708,103.65892131635128,391800
2015-05-22,102.62449645996094,102.95664383716787,102.58653572538445,102.9471590837261,728600
2015-05-26,101.3718032836914,101.81783278588509,101.27690508413858,101.69446585049326,1123600
2015-05-27,101.62803649902344,101.70395796026583,100.95424982110261,101.00170254444636,970900
2015-05-28,102.03610229492188,102.15947647587105,101.34333889224709,101.57109602899111,671200
2015-05-29,102.40621948242188,102.5960158931572,102.14049437101586,102.2638685542359,428100
2015-06-01,101.83682250976562,102.33978954774527,101.5046751488611,102.25438332934243,604700
2015-06-02,103.88665771484375,104.3137032836157,103.54501836371846,103.63042458136508,1916200
2015-06-03,105.12037658691406,105.20579006729737,104.1618949932798,104.1618949932798,1614600
2015-06-04,104.75975036621094,105.50945866548902,104.65536014477534,104.92107807560392,919200
2015-06-05,103.56401824951172,103.81075944495916,103.01360560773496,103.11799583502923,1158700
2015-06-08,105.19627380371094,105.28168726439006,104.26626117132706,104.39912011881047,1158400
2015-06-09,105.09186553955078,105.24370844788206,104.6173673114181,104.88308516072946,545600
2015-06-10,105.59484100341797,105.79413664671335,105.10136599215284,105.72770717903788,768700
2015-06-11,105.04444122314453,105.10137870510519,104.46555268897835,104.53198216468907,425600
2015-06-12,104.8926010131836,105.28169312409057,104.52249289027061,104.6458598511516,560100
2015-06-15,105.1583023071289,105.26269250379146,104.5604371046452,104.5604371046452,710500
2015-06-16,104.76922607421875,104.89259302570545,104.53197692425007,104.75973408094455,303000
2015-06-17,105.69921875,105.8510616526679,104.48450448972935,105.082376868649,1334800
2015-06-18,106.0218734741211,106.60076182735399,105.69921094989687,106.28759129391307,1482600
2015-06-19,105.72770690917969,105.91750331911977,105.54739525154835,105.57586398901246,358900
2015-06-22,105.6328125,106.34455997203904,105.52842229154604,105.87955365091571,1036700
2015-06-23,104.06698608398438,104.35168076209632,103.85820564253996,103.91514313010823,910900
2015-06-24,104.33267211914062,104.55093724827708,104.09542300643766,104.1523604766005,372000
2015-06-25,104.4180908203125,104.50350427604671,104.19033367213663,104.42758281323168,250600
2015-06-26,104.10491943359375,104.34216857290482,103.73481135549,104.12390341928935,420200
2015-06-29,104.7407455444336,105.1013616052959,103.54500793591528,103.54500793591528,2048600
2015-06-30,103.87718200683594,104.40861786289268,103.52605060750102,104.380149119214,2025000
2015-07-01,102.99459838867188,103.51654940742694,102.89020818492087,103.25083152161322,1160000
2015-07-02,103.26028442382812,103.52600222768113,103.19385497286488,103.25079967388133,449100
2015-07-06,102.97562408447266,103.32674819607996,102.70041419899127,102.74785968528629,624100
2015-07-07,102.62449645996094,102.95664383716787,101.80835876724113,101.95070971183549,1208700
2015-07-08,103.15591430664062,103.32673396236447,102.72886878746527,102.99458664297603,549100
2015-07-09,102.72887420654297,103.11796625854349,102.41570361448434,102.92816260868875,450300
2015-07-10,103.82971954345703,104.29472584150272,103.60195515071399,104.1808436451312,1104400
2015-07-13,102.4726791381836,102.99462304160248,102.44420315194233,102.95666230021855,891000
2015-07-14,102.5201187133789,102.9756403434049,102.42522048553577,102.9756403434049,592700
2015-07-15,102.03610229492188,102.21641394998984,101.8178371506206,102.2069219575471,622400
2015-07-16,101.35282897949219,101.77038251562904,101.30537625843931,101.35282897949219,614200
2015-07-17,101.0396957397461,101.27694495215641,101.00173499692788,101.27694495215641,409100
2015-07-20,100.94477844238281,101.25794184102648,100.8498729831217,100.95426319609292,439900
2015-07-21,101.88427734375,102.16897922485559,101.2769200883097,101.35284155530714,595100
2015-07-22,101.70396423339844,101.70396423339844,101.24844991838596,101.54263654850942,484400
2015-07-23,102.42520904541016,102.60552072636213,102.08356967111688,102.13102239987367,380700
2015-07-24,102.25435638427734,102.37772330288503,101.94118585211837,102.00761530679443,962900
2015-07-27,103.34574127197266,103.63992792979157,103.2508430507669,103.30778053543632,638700
2015-07-28,103.0230484008789,103.04203238371159,102.72886182938493,102.80478328017952,229400
2015-07-29,102.27336120605469,103.16542033400401,102.14050226022431,102.75735150316224,673400
2015-07-30,101.81787872314453,101.85583946814616,101.4667472620834,101.77042598182456,255900
2015-07-31,102.29234313964844,103.4880808683918,102.12152346411368,103.39317541732963,596000
2015-08-03,102.00767517089844,102.3113538905295,101.9222689248796,102.14053415822004,225200
2015-08-04,101.42874908447266,102.26387068576037,101.36231961530378,102.09305101643052,600700
2015-08-05,101.57111358642578,101.61856631657328,101.0586545099672,101.42876263625338,673300
2015-08-06,101.77989959716797,101.83683708425185,101.45724418333195,101.45724418333195,235400
2015-08-07,102.03610229492188,102.23539793487532,101.21997195156676,101.3148701551877,528300
2015-08-10,102.5865249633789,102.81428210667475,101.94120702381649,101.94120702381649,441800
2015-08-11,102.82379150390625,103.22236838220653,102.53909683666474,103.1844148854572,473400
2015-08-12,104.03849029541016,104.42758236044821,103.90563135619452,103.92461534195056,717600
2015-08-13,103.8581771850586,103.8581771850586,103.26979676041255,103.3741869525315,208500
2015-08-14,103.40265655517578,103.89613878392302,103.36469582678995,103.67786640577162,235200
2015-08-17,103.1654052734375,103.50704458148996,102.99458561941127,103.4880678378286,223500
2015-08-18,102.7193832397461,102.85224217583668,102.5865243036555,102.67193775701031,357000
2015-08-19,103.6209487915039,103.65890952716462,102.64348337911777,102.64348337911777,462500
2015-08-20,104.43708801269531,104.46555675478365,103.84870746187927,104.01003516055992,525800
2015-08-21,105.81311798095703,105.91750818329879,105.05391782579312,105.19626875992002,853900
2015-08-24,107.96735382080078,108.95431128000662,107.23662953095484,108.18562625246771,3039600
2015-08-25,107.00887298583984,107.03734172921243,106.08834500201694,106.82856129078615,2814100
2015-08-26,105.5473861694336,106.46791388299845,105.41452724585395,105.86055673512915,1145800
2015-08-27,104.68380737304688,104.99697797298757,104.29472255152255,104.53197168961051,784800
2015-08-28,104.14288330078125,104.76922452275276,103.86767342206068,104.68381106508875,662600
2015-08-31,104.43708801269531,104.63637644758379,104.08595663297557,104.63637644758379,487100
2015-09-01,105.19627380371094,105.31015600452655,104.59840854003559,104.8356576948659,520300
2015-09-02,104.53197479248047,104.72177121247702,104.41809259632096,104.52248279939985,233200
2015-09-03,103.53553009033203,103.80124798624955,103.2128747139378,103.59247481107839,1551100
2015-09-04,103.73482513427734,104.029019029483,103.26981878673759,103.45961522728888,1136600
2015-09-08,104.23778533935547,104.3706515272977,103.94359870383322,104.03849691784656,941600
2015-09-09,104.32318878173828,104.32318878173828,103.65889410716916,103.65889410716916,558200
2015-09-10,104.97801208496094,105.11087103680954,104.24728060952376,104.24728060952376,740800
2015-09-11,105.5473861694336,105.62330762298433,104.96849775657874,105.01595047511503,696600
2015-09-14,105.39556121826172,105.39556121826172,105.01596836637454,105.21525678569618,248000
2015-09-15,104.8641357421875,105.28169660863564,104.7882142682387,105.21526712899801,327200
2015-09-16,105.03496551513672,105.3576209499682,104.89261454789361,104.89261454789361,752400
2015-09-17,106.46793365478516,106.4869104015628,105.12984493846778,105.28168787376748,922200
2015-09-18,104.98749542236328,106.28762342251075,104.8831052129946,106.18323321314206,1058500
2015-09-21,104.19032287597656,104.72175858007618,104.05746394995165,104.65532911706373,800900
2015-09-22,103.59246063232422,103.80123377892049,103.41214898180112,103.79174902698566,249900
2015-09-23,104.04798889160156,104.34217552706802,103.66838879535054,103.82972372343922,333100
2015-09-24,104.44656372070312,105.10137369310397,104.36115750183492,104.77871832368699,1119600
2015-09-25,104.27574920654297,104.33269392887789,103.83921161674776,103.85819560428268,915300
2015-09-28,104.51297760009766,104.63635177374829,103.7537847757735,103.7537847757735,441800
2015-09-29,104.69332885742188,104.83567982842801,104.25679118920188,104.25679118920188,657100
2015-09-30,103.9910659790039,104.16188568423291,103.8202462737749,104.09545620110335,395800
2015-10-01,104.0954360961914,104.28523251411289,103.88665569231622,103.89614768529307,252500
2015-10-02,104.24729919433594,105.31017823888068,104.21883044818878,105.15833527240095,718600
2015-10-05,104.04798889160156,104.437080981333,103.96258267108664,104.33269077385722,648700
2015-10-06,104.9305648803711,104.94954162866142,104.34218431958794,104.39912904499937,748100
2015-10-07,104.60790252685547,104.79769895822854,104.3042238924967,104.61738728023529,909600
2015-10-08,104.88311004638672,105.37659237528375,104.60790738020849,104.66484486420812,1868900
2015-10-09,105.61385345458984,105.90804014212031,105.45252573821965,105.56640071905936,1780300
2015-10-12,105.68975067138672,105.84158635773863,105.66127469244331,105.75618014171616,365300
2015-10-13,105.90802764892578,105.98394912071029,105.64230973795004,105.87006691303353,319800
2015-10-14,106.83802795410156,106.88547343504978,106.13576532948822,106.35403771070993,485300
2015-10-15,105.8226089477539,106.21169377430702,105.71821874642445,105.88903841766634,844100
2015-10-16,105.60433197021484,105.95546329038528,105.55688648820406,105.7182141595247,213000
2015-10-19,105.35759735107422,105.50944027952804,105.17729292387196,105.49046353360598,82100
2015-10-20,105.46200561523438,105.70874679609288,105.42404487661994,105.70874679609288,241400
2015-10-21,105.46200561523438,105.6802780521997,105.45252086078371,105.53792709246324,56700
2015-10-22,103.34574127197266,104.04799679721951,103.30778053543632,103.95309857601374,912600
2015-10-23,102.44416046142578,102.82376047680698,102.2828328079759,102.71937029157046,647300
2015-10-26,102.75735473632812,102.91868242701682,102.37775463332488,102.37775463332488,151300
2015-10-27,102.70991516113281,102.8617508669127,102.60552494579095,102.84277411879152,114700
2015-10-28,101.59009552001953,103.19389495473415,101.34335436072884,103.04205925381908,514300
2015-10-29,102.05509948730469,102.14050570953574,101.5806011675238,101.5806011675238,234700
2015-10-30,102.26387023925781,102.95663366609861,102.20692552288375,102.61499432893059,309000
2015-11-02,102.44416046142578,102.70988554038028,102.26385606532747,102.67192481481536,142600
2015-11-03,101.96969604492188,101.99817202873355,101.7134701127807,101.96021129058848,212300
2015-11-04,101.001708984375,101.3528403348076,100.84038129915037,101.19150540931345,835100
2015-11-05,101.14405059814453,101.27690953140629,100.96373894288834,101.25792554650099,521100
2015-11-06,99.92935180664062,99.96730530183574,99.67311865231885,99.75853211718277,1566600
2015-11-09,99.99577331542969,100.24250721588663,99.73004818834856,99.74903217470334,539000
2015-11-10,99.61616516113281,99.69208661986254,99.25554185230102,99.40738476976047,643900
2015-11-11,99.86290740966797,99.9767823587798,99.54024482655707,99.88188415443031,777600
2015-11-12,100.4797592163086,100.6695628838984,99.78699574034721,99.81546448041829,811100
2015-11-13,99.96731567382812,99.9862996636653,99.61619150481813,99.8439487009693,347700
2015-11-16,99.35044860839844,99.72055667425946,99.23656641879931,99.72055667425946,345500
2015-11-17,98.98982238769531,99.26503224094256,98.8379867129578,99.09421258169492,652400
2015-11-18,99.03729248046875,99.24607290508935,98.70514509596777,99.16065944034912,475700
2015-11-19,99.76799774169922,100.06219157507844,99.5022798846614,99.73003701351259,1283600
2015-11-20,98.93289947509766,99.54974873762464,98.92340748144562,99.52127999693828,610500
2015-11-23,98.78105163574219,99.06575350901703,98.48686500955574,98.8569731006514,915800
2015-11-24,98.97088623046875,99.13221396362029,98.8095584973172,98.99935497864,345800
2015-11-25,98.66717529296875,98.89493244422837,98.23063773627561,98.40145740978765,862000
2015-11-27,98.51534271240234,98.56279544235551,98.29707753126591,98.33503826717443,207200
2015-11-30,98.21165466308594,98.39196633132173,98.1547171848091,98.35400559904738,740900
2015-12-01,98.84750366210938,98.86648041114204,98.57229373937747,98.70515270341762,686500
2015-12-02,98.66717529296875,98.77156549568552,98.08828680163737,98.45839488753523,736900
2015-12-03,101.79885864257812,102.05509177043588,100.30893432073718,100.42281651537054,3420700
2015-12-04,101.07764434814453,101.77989990529694,100.73600494406595,101.51418197774038,1642100
2015-12-07,100.8118896484375,100.925764581413,100.45126638663413,100.45126638663413,544500
2015-12-08,101.24842071533203,101.32433491909187,101.01117163294744,101.19147601217789,197100
2015-12-09,102.37776947021484,102.63400265399075,101.77041211349754,102.0076613072237,838200
2015-12-10,101.75140380859375,101.93171545679407,101.55211541649955,101.84630200860023,729900
2015-12-11,102.13103485107422,102.501143011635,101.87480166898092,102.13103485107422,585400
2015-12-14,102.10253143310547,102.68141988568087,102.08355468854984,102.19743687669,367800
2015-12-15,101.48570251464844,101.8652953766229,101.35284356490344,101.8652953766229,574300
2015-12-16,101.47620391845703,102.33978703561044,101.18201729748719,101.55212538201998,1687900
2015-12-17,100.53670501708984,100.99221934366113,100.38486208138629,100.74548543354739,1848300
2015-12-18,101.0396957397461,101.05867249101952,100.46080708224324,100.48927582928906,985600
2015-12-21,101.49519348144531,101.64703642774657,101.1440693385965,101.21049881753575,791500
2015-12-22,101.74195098876953,102.05512168560833,101.7229742375693,101.85583321678492,453500
2015-12-23,101.50468444824219,101.50468444824219,101.00171736418307,101.39080223966894,833300
2015-12-24,101.77040100097656,101.84632247234391,101.65652603419556,101.65652603419556,114800
2015-12-28,101.94120025634766,102.07405918447267,101.82732531239395,101.97916098442174,212800
2015-12-29,101.59957885742188,101.65652357970747,101.27692347230618,101.48570389339038,272000
2015-12-30,101.56160736083984,101.62803682957573,101.29588948589627,101.62803682957573,288200
2015-12-31,100.97325897216797,101.26744565746623,100.84040000201581,101.07764919732622,536700
2016-01-04,100.61259460449219,100.87831967689692,100.15708038947703,100.79290623641414,748700
2016-01-05,99.87239074707031,99.90085948394497,99.50228268716226,99.86290599495796,1018800
2016-01-06,100.23303985595703,100.32793808339,99.75854147852161,99.75854147852161,859800
2016-01-07,101.58061218261719,101.61857292114837,100.57467795248759,100.84039588193536,1227500
2016-01-08,101.42874908447266,101.44773307010325,100.82139186913749,100.99221153846732,979200
2016-01-11,100.7834243774414,101.21996913443178,100.7834243774414,100.90679855495684,772500
2016-01-12,100.8118896484375,101.0206627723152,100.50821109338973,100.82137439934021,581300
2016-01-13,101.09661865234375,101.09661865234375,100.54619882127554,100.56518281008222,544000
2016-01-14,100.8878173828125,101.38129962609264,100.64108350144126,101.22945670807756,912500
2016-01-15,101.40979766845703,101.99817828539183,101.31489943740843,101.87480406878481,3018600
2016-01-19,101.31488037109375,101.58059826413309,101.01120174472456,101.03967048465455,1093000
2016-01-20,101.12507629394531,101.56161386506213,101.02068608777938,101.3528406929998,716100
2016-01-21,101.09661865234375,101.21050086437279,100.35640237483081,100.53671406714254,1118000
2016-01-22,100.24250793457031,100.63160001466949,100.18557045563657,100.40384285866503,396200
2016-01-25,100.79291534423828,100.81189932840228,100.50822074419528,100.55566622406816,177000
2016-01-26,100.84983825683594,100.84983825683594,100.53667496602584,100.61258917091669,164900
2016-01-27,101.1535415649414,101.35283721734712,100.86884693629051,101.03017461655296,448400
2016-01-28,101.59957885742188,101.82734326602454,101.3243689605627,101.38131368284829,1296300
2016-01-29,100.56515502929688,100.78342015838629,100.37535139501442,100.78342015838629,1172800
2016-02-01,101.1535415649414,101.30538449243733,100.96374514584082,101.03017461655296,277700
2016-02-02,101.34332275390625,101.57107985438125,101.12505040409476,101.40975220988928,735500
2016-02-03,103.13695526123047,103.45961064392775,101.78938176831277,101.84631924990175,1651300
2016-02-04,104.04798889160156,104.19033983272939,103.60195932152683,103.88666120378251,806700
2016-02-05,103.51656341552734,103.64942237641299,103.14645527587872,103.37421246021549,713000
2016-02-08,103.89615631103516,104.1144214857389,103.19389357782956,103.19389357782956,569600
2016-02-09,104.8641357421875,105.2532278659724,104.53198834399933,104.84515899383544,357700
2016-02-10,104.826171875,104.85464061681313,103.62094928320056,104.3611655314221,325900
2016-02-11,105.12985229492188,105.5948586463441,105.02546207966604,105.44302294068936,827900
2016-02-12,104.45604705810547,104.65533545921978,104.10491573789326,104.34216486878205,393200
2016-02-16,103.4121322631836,103.82020097873756,103.26978136421965,103.82020097873756,698900
2016-02-17,103.31726837158203,103.53553354754408,103.17491742536728,103.20338616655626,262200
2016-02-18,102.99459838867188,103.23184753532975,102.76684123515574,102.79530997431158,229000
2016-02-19,103.32674407958984,103.36470481127523,102.8237770552296,102.84276104120691,212800
2016-02-22,102.30184936523438,102.40623958371022,102.168990403587,102.25439663310158,380600
2016-02-23,102.25435638427734,102.42517601633973,102.05506802024914,102.15945819763546,193800
2016-02-24,102.16899108886719,102.52011524403159,101.85582043133913,101.8842891747016,277700
2016-02-25,102.33030700683594,102.5485721743188,101.98866764530052,102.08356585900044,229500
2016-02-26,101.50468444824219,101.90326131784336,101.2959040193263,101.77989435542493,496900
2016-02-29,100.94477844238281,101.13457488036504,100.77395875209082,100.91630246044248,485100
2016-03-01,100.84039306640625,100.89733055247802,100.54619916107126,100.79294033449953,302800
2016-03-02,100.8118896484375,100.88780385699854,100.44177439546354,100.63157801753582,460500
2016-03-03,101.7229232788086,101.79883748585111,101.19148038790459,101.19148038790459,525100
2016-03-04,102.0930404663086,102.4536565130643,101.80833863342309,101.84629936049238,451400
2016-03-07,102.1879653930664,102.29235560974512,101.57111608731132,101.64703756130862,278400
2016-03-08,102.10253143310547,102.59601367477735,102.01712522220195,102.49162347904941,261500
2016-03-09,102.08357238769531,102.37775904106049,101.59009730073403,101.59958205452189,386700
2016-03-10,103.72531127929688,104.06695056865507,102.2069112198079,102.2069112198079,1537200
2016-03-11,103.45008850097656,103.82968846833539,103.1369179848855,103.1748787056481,660500
2016-03-14,102.93767547607422,103.17492465630293,102.78583252539806,103.09900318096484,460200
2016-03-15,103.07050323486328,103.11795595265164,102.83325412645787,103.07050323486328,144200
2016-03-16,104.20933532714844,104.28525680811119,102.59604367818022,102.70043390443627,795900
2016-03-17,105.0064697265625,105.1677974024302,104.76922058901503,104.99697773378526,695500
2016-03-18,104.5794448852539,104.88312357286662,104.48454665292576,104.71230385856754,1369500
2016-03-21,104.29472351074219,104.58891012779084,104.20931005530501,104.56993338228767,952000
2016-03-22,104.04798889160156,104.22830056638146,103.93410669064536,104.10492637194484,421300
2016-03-23,103.67786407470703,103.84868372846832,103.51653641289595,103.80123100898578,313800
2016-03-24,103.68736267089844,103.7348081531345,103.42164480151595,103.52602775854285,476100
2016-03-28,103.86766815185547,104.02900306586378,103.7822619387943,103.85818339947245,105300
2016-03-29,104.750244140625,104.83565760122784,103.67788056824683,103.94359846297633,545600
2016-03-30,105.10139465332031,105.37660459167394,104.87363745064766,104.8926142007575,360400
2016-03-31,105.50943756103516,105.82260816270019,105.50943756103516,105.57586703045479,395100
2016-04-01,105.61385345458984,105.73722043058983,105.12037107004808,105.5094632286395,323100
2016-04-04,105.62332916259766,105.8036336012145,105.47148622453108,105.75618811327104,434200
2016-04-05,105.53792572021484,105.69925342702558,105.11088008682864,105.40506675692711,920700
2016-04-06,105.6802749633789,106.00293037176513,105.41455704111486,105.52843201335925,357900
2016-04-07,105.4524917602539,105.69922563275348,105.18676666328204,105.22472739142088,171600
2016-04-08,105.70872497558594,105.85107590593817,105.49994457643854,105.62331876153604,160700
2016-04-11,105.71821594238281,106.11679275128574,105.6612712266331,105.71821594238281,164900
2016-04-12,105.60433197021484,105.68025342975476,105.1962631755239,105.59483997770512,319400
2016-04-13,104.59840393066406,104.89259055280337,104.51299047374889,104.88309855975295,545400
2016-04-14,104.36116027832031,104.60790142873093,104.30422279756004,104.40860576553064,411000
2016-04-15,104.58891296386719,104.90208357518024,104.57942097072363,104.61738170302849,202100
2016-04-18,104.83563232421875,105.03492069721527,104.74073413330629,104.78817960862858,100900
2016-04-19,105.3291244506836,105.5284128562037,105.31014770551127,105.37657717401797,286300
2016-04-20,104.65535736083984,105.32914416473764,104.65535736083984,105.30067542151625,332000
2016-04-21,104.66483306884766,105.33861976790011,104.48452140280924,105.33861976790011,239500
2016-04-22,104.03849029541016,104.4560510988131,103.98155281868036,104.27573943547652,203800
2016-04-25,104.35167694091797,104.53198863197555,104.26627071269299,104.26627071269299,63600
2016-04-26,104.61737823486328,105.08239175998013,104.5604407584282,105.02544704327593,185000
2016-04-27,104.83563232421875,105.30063852787731,104.54144576030977,104.82614033304715,172300
2016-04-28,105.21527862548828,105.30068486281002,104.8546552049626,104.9970061741032,238100
2016-04-29,106.13578033447266,106.1927250560373,105.90802316902328,106.02190537188284,241800
2016-05-02,106.75261688232422,106.90445980138638,106.36353207269798,106.38250881744631,192500
2016-05-03,106.61976623535156,107.14171725986051,106.61027424210518,107.04681904820511,553400
2016-05-04,106.46793365478516,106.72415955776633,106.26864523240656,106.56283186921264,394200
2016-05-05,105.67076873779297,105.93648662427162,105.55689378088462,105.93648662427162,229500
2016-05-06,105.66127014160156,105.94597199661949,105.52841120666491,105.90801126659917,307200
2016-05-09,105.4524917602539,105.73718636089232,105.4524917602539,105.54738996046672,112500
2016-05-10,105.35759735107422,105.68025995390393,105.32912861205645,105.47147954741457,94300
2016-05-11,105.86056518554688,106.05985358682472,105.6802535290374,105.6802535290374,724200
2016-05-12,105.39556121826172,105.75618456393191,105.35760048501909,105.64230236420403,129100
2016-05-13,104.8166732788086,104.92106348572813,104.54147063176936,104.89259474570818,475000
2016-05-16,104.8641357421875,105.07291617541158,104.80719825686103,104.9875027071516,107400
2016-05-17,104.84513854980469,105.12983316119394,104.80717782023235,104.92105276868051,278800
2016-05-18,103.94358825683594,104.60789016870197,103.91511951952019,104.4465552567979,574400
2016-05-19,103.73482513427734,104.00054304715721,103.69686439811306,103.73482513427734,206500
2016-05-20,103.92462158203125,104.0859492692986,103.80124738801655,104.0859492692986,249900
2016-05-23,103.88665771484375,104.02900865119086,103.63991657452672,103.63991657452672,171800
2016-05-24,103.19389343261719,103.41216584728363,103.1369559506476,103.3742051125473,221000
2016-05-25,103.33621978759766,103.4406099732141,103.0989706821545,103.2792823191771,294900
2016-05-26,103.63043975830078,103.87718093475367,103.4786040468247,103.8487121913688,1119500
2016-05-27,102.90921020507812,103.32676385298517,102.90921020507812,103.30778710364555,366500
2016-05-31,103.05152893066406,103.46908971756241,103.01357544119047,103.3836835058435,622300
2016-06-01,103.66840362548828,103.66840362548828,103.241357981284,103.43115443642576,381100
2016-06-02,103.26981353759766,103.65890563330164,103.2318528033629,103.65890563330164,378700
2016-06-03,105.21527862548828,105.26272412168778,104.6648587396225,104.6648587396225,1641800
2016-06-06,105.22474670410156,105.49047184984394,104.89259932226098,105.13934048031537,567900
2016-06-07,105.1583023071289,105.27218449628865,105.02544337324363,105.27218449628865,259300
2016-06-08,105.53792572021484,105.66129268890474,105.46200424397314,105.57588645833569,407500
2016-06-09,104.8166732788086,104.97800820603761,104.7027983187288,104.83565726566829,575400
2016-06-10,104.20933532714844,104.64587298227782,104.13342108645662,104.54148999629271,534700
2016-06-13,104.59840393066406,104.63636466259643,104.15237438079524,104.15237438079524,195400
2016-06-14,103.72531127929688,103.90561567515343,103.6209210942003,103.90561567515343,404600
2016-06-15,104.20933532714844,104.59842748687932,103.79178166239521,103.82974240287658,286100
2016-06-16,104.08595275878906,104.15238223461265,103.06103464013677,103.33624453719727,572800
2016-06-17,104.44656372070312,104.58891465908629,104.09543961166342,104.34217351524012,543200
2016-06-20,104.67430877685547,105.08237753000854,104.64583280222494,105.01594806974029,280100
2016-06-21,104.13339233398438,104.45604767858065,104.09543160398441,104.43707093371513,254300
2016-06-22,104.62687683105469,104.94004745175111,104.33269019721418,104.69330630451124,402600
2016-06-23,105.37657928466797,105.46198550005764,104.98748721828605,105.44300875450523,544100
2016-06-24,102.53909301757812,103.49757444061042,102.22592237903332,102.29235185627586,1937700
2016-06-27,101.95072937011719,102.20695532757702,101.57112919142716,101.90327663267924,1054000
2016-06-28,102.54856872558594,102.54856872558594,102.14049990415707,102.35877230456899,633000
2016-06-29,102.75735473632812,103.00409588932068,102.64347977361598,102.77633872362665,518700
2016-06-30,102.6529541015625,102.93765595996805,102.02662014944693,102.75734430029327,665700
2016-07-01,103.07050323486328,103.29826035165736,102.8522308694123,103.27928360870294,444200
2016-07-05,102.38727569580078,103.25086635632238,102.3682989433843,103.20341361487348,461900
2016-07-06,102.74785614013672,102.82377760391263,102.09305342581003,102.52959098211758,673800
2016-07-07,102.34928131103516,102.70041265764215,102.28285183900351,102.57703846653376,632700
2016-07-08,102.2448959350586,102.44418436056529,102.05509950322455,102.39673887274166,431800
2016-07-11,102.32081604003906,102.41571425469117,102.10254363009652,102.39673750786862,421400
2016-07-12,102.36825561523438,102.6719342072663,102.33977963825463,102.57702876453797,257400
2016-07-13,102.6529541015625,102.8712264917093,102.52958715773025,102.596016625989,368100
2016-07-14,102.82379150390625,102.94716570928748,102.69093254447282,102.8048147555316,429700
2016-07-15,102.38727569580078,102.59605617374103,102.26390870441419,102.52962667987566,1876000
2016-07-18,102.41573333740234,102.52012356505116,102.23542886804884,102.25440561840726,216600
2016-07-19,101.92223358154297,102.04560052977,101.76090590149165,101.98866305216818,1983700
2016-07-20,101.92223358154297,102.02662378399248,101.71345317664395,101.73242992242146,426100
2016-07-21,101.96969604492188,101.97918803952577,101.59010314401205,101.9032665632356,624600
2016-07-22,101.49519348144531,101.93173833192631,101.34335777541425,101.93173833192631,488400
2016-07-25,101.66600036621094,101.7229450840341,101.46671195450308,101.50467268629542,237900
2016-07-26,101.61854553222656,101.79884994131464,101.55211606776913,101.70395174069955,142200
2016-07-27,102.2448959350586,102.33030939757276,101.43825023935922,101.71346013370744,560300
2016-07-28,102.45368957519531,102.73839149995503,102.37776809655664,102.65297802641884,315000
2016-07-29,103.40265655517578,103.56398422061412,103.16540743296578,103.24132888973745,645400
2016-08-01,103.26028442382812,103.38365857580783,103.23181569345347,103.25079967388133,133100
2016-08-02,103.8012466430664,103.89615209632571,103.66838769682684,103.67787969020668,401400
2016-08-03,103.0989990234375,103.44063840841167,103.04206153936518,103.36471693613517,748400
2016-08-04,102.92816925048828,103.08949693307335,102.8902085180678,103.02306746140484,302900
2016-08-05,102.5201187133789,102.6814464247393,102.15950255146673,102.29236151850125,346600
2016-08-08,102.4726791381836,102.5106326392964,102.387265660002,102.46318714276984,114700
2016-08-09,102.75735473632812,102.83327620498272,102.59602704563942,102.59602704563942,136500
2016-08-10,103.34574127197266,103.41217075084371,103.18441357189585,103.35523326617428,719400
2016-08-11,102.99459838867188,103.3647064782366,102.97562164265777,103.14644131786221,211800
2016-08-12,103.1749038696289,103.59246465959187,103.1749038696289,103.54501193699829,498300
2016-08-15,103.42166137695312,103.56400508674372,103.36471665276682,103.36471665276682,250400
2016-08-16,104.28520965576172,104.32317037907923,103.98153110948931,104.02898382370311,411500
2016-08-17,104.313720703125,104.60791461810875,103.94361255097921,104.2093304817228,452400
2016-08-18,105.07292175292969,105.08241374774471,104.53199389280373,104.56995463179317,347800
2016-08-19,104.69332885742188,104.7407815945143,104.56996187736115,104.61740737418245,302100
2016-08-22,104.65535736083984,104.73127883627717,104.50352165023561,104.56995113117567,140700
2016-08-23,104.49401092529297,104.75023680862769,104.49401092529297,104.71227607771345,89800
2016-08-24,104.08595275878906,104.17135898187516,103.9530938071419,104.12391349358394,238700
2016-08-25,104.27574920654297,104.40860815820803,104.19983497721282,104.39912340471042,86500
2016-08-26,103.45008850097656,104.82613023735175,103.38365904970881,104.38010081872515,639600
2016-08-29,103.42166137695312,103.45013011891125,103.17492021286597,103.17492021286597,123600
2016-08-30,102.98509216308594,103.14642706312168,102.90917794925141,103.14642706312168,216700
2016-08-31,103.10845184326172,103.20335002741737,102.85221878174738,102.86171077224316,220100
2016-09-01,103.53553009033203,103.55451407733736,102.8997040907766,102.93766482451761,213800
2016-09-02,103.11797332763672,103.68736983569717,103.07052060185275,103.60195637733992,442900
2016-09-06,103.88665771484375,104.09543812278359,103.12745754783876,103.20337901259315,1391500
2016-09-07,103.87718200683594,104.15239192951404,103.7917757757999,103.9341194941933,732400
2016-09-08,104.01952362060547,104.62688089875533,103.87717267473005,104.56045142271613,447600
2016-09-09,103.7158432006836,103.76328868831416,103.46910204808754,103.66839047278329,213000
2016-09-12,103.8012466430664,104.10492526879536,103.62094221046674,103.67787969020668,196800
2016-09-13,103.59246063232422,104.0195061579889,103.52602392716842,103.70633557769152,186300
2016-09-14,103.95309448242188,104.1523829111872,103.69686133095938,103.7253373124429,300400
2016-09-15,103.91513061523438,103.97206809594547,103.74431093283143,103.93410736204818,342500
2016-09-16,103.04204559326172,103.31725545747182,103.00408486299801,103.20337326668071,737800
2016-09-19,103.28878784179688,103.45960752167855,103.20338162199083,103.2793030886648,320200
2016-09-20,103.08002471923828,103.31727389552428,103.07053272491116,103.26032916983185,291100
2016-09-21,103.37418365478516,103.43112112493601,102.86172470262242,102.94713814811705,522000
2016-09-22,103.51656341552734,103.98156977862708,103.46911068366661,103.87717956074974,426100
2016-09-23,103.73482513427734,103.8297305948231,103.51655995167036,103.51655995167036,341600
2016-09-26,103.96255493164062,104.19980402346064,103.9056102262218,104.01000040584401,206900
2016-09-27,103.63043975830078,103.68738448534094,103.38370582211833,103.54503352814619,285000
2016-09-28,103.60194396972656,103.64939668982748,103.33622611380598,103.53551450574642,257600
2016-09-29,103.6114501953125,103.91512882097764,103.49756799558699,103.56399746869282,247900
2016-09-30,103.77275848388672,103.905617405264,103.4880638981932,103.74428974934418,361900
2016-10-03,103.55451202392578,103.70634771560944,103.51655129093749,103.70634771560944,252300
2016-10-04,103.46910095214844,103.782271576326,102.86174369086025,103.07052410697864,1553700
2016-10-05,103.45960235595703,103.61144528172349,103.33623540897369,103.50705508032635,635300
2016-10-06,102.9471664428711,103.28879859794127,102.87124496829092,103.2508451009215,497200
2016-10-07,103.4121322631836,103.43110900425395,102.94712608415104,103.34570280903608,228400
2016-10-10,102.84278106689453,103.08003025592377,102.79532833298042,102.99461678293251,113900
2016-10-11,102.11202239990234,102.46315371293946,102.03610094190479,102.42519298394069,406400
2016-10-12,101.69447326660156,101.96967589329347,101.62803655777428,101.7419187497037,284700
2016-10-13,102.04562377929688,102.07409252458395,101.77990583625629,101.89378805767551,207600
2016-10-14,101.2863998413086,101.82732755782251,101.2863998413086,101.5710944477393,382300
2016-10-17,101.61854553222656,101.62803028410005,101.4856866033117,101.54262407562705,520100
2016-10-18,101.3718032836914,101.53313094695807,101.29588182794173,101.44772473944107,282300
2016-10-19,101.2863998413086,101.30537658562982,101.1630256622801,101.22945512780747,192300
2016-10-20,100.8688735961914,101.172552291177,100.80244410792179,101.06816206100028,249500
2016-10-21,100.4512939453125,100.47027793286189,100.2614975114377,100.42282520425826,1045300
2016-10-24,100.36590576171875,100.56519422518797,100.35641376623798,100.56519422518797,352100
2016-10-25,100.53670501708984,100.65057997859783,100.17608166492874,100.28047187315752,250300
2016-10-26,100.64110565185547,101.03019054443354,100.61262966825865,100.96376106324847,192500
2016-10-27,100.59362030029297,101.00168904961242,100.47973812364519,100.79290867922553,377700
2016-10-28,101.40028381347656,101.44773653890651,100.82139531652423,100.84037930280395,1122200
2016-10-31,101.30538177490234,101.34334250575802,100.95425044468918,101.05864064447502,365200
2016-11-01,102.03610229492188,102.15947647587105,101.74191569161633,101.77987642111847,721800
2016-11-02,102.38727569580078,102.67197766395054,102.17849521786053,102.34931495069603,1050000
2016-11-03,102.49163818359375,102.63398912912494,102.08356933454827,102.14050681665282,535000
2016-11-04,102.82379150390625,102.82379150390625,102.33980115724432,102.39674588290885,574100
2016-11-07,101.88427734375,102.14050324452936,101.789379130138,102.14050324452936,969200
2016-11-08,101.63751983642578,102.01711987004242,101.59955910903727,101.9411984152654,479700
2016-11-09,100.66004180908203,101.32433635305314,100.66004180908203,101.23893015751436,1183900
2016-11-10,100.47025299072266,100.64107263491127,100.28994135511577,100.48922973329114,755300
2016-11-11,100.09068298339844,100.49875185350352,99.95782402478471,100.47976786497571,789600
2016-11-14,99.02777862548828,99.2840117228738,98.82849023878197,99.11319207137291,1267600
2016-11-15,98.9803466796875,99.217595825861,98.86646448302726,99.01830017163823,1187200
2016-11-16,98.55329132080078,98.86646192330623,98.420432381605,98.79054046083174,506100
2016-11-17,98.02184295654297,98.84747246415589,97.99337422184394,98.84747246415589,1028900
2016-11-18,97.68972778320312,98.02187519772147,97.52839283306226,97.9079929811992,1429400
2016-11-21,98.03136444091797,98.1167706707095,97.70870178996346,98.00288845738372,688700
2016-11-22,97.99339294433594,98.12625189182741,97.6422615886687,97.96492420419771,374700
2016-11-23,97.3291015625,97.46196052445538,97.1203211250643,97.36706230024016,723300
2016-11-25,97.71819305419922,98.00288772498045,97.68972431114813,97.93645824443779,309100
2016-11-28,97.85105895996094,97.85105895996094,97.50941953856037,97.54738027874608,299300
2016-11-29,98.22114562988281,98.22114562988281,97.6327651461827,97.65174913225619,459900
2016-11-30,97.72769165039062,97.90799611531764,97.33859949502066,97.87003537526174,729100
2016-12-01,98.34451293945312,98.34451293945312,97.62328075193635,97.81307717175248,1124100
2016-12-02,98.33499145507812,98.48682708616123,98.15467985541699,98.25907001940327,440600
2016-12-05,99.27454376220703,99.55924566371509,98.82851416197046,98.85698290406724,966300
2016-12-06,98.84750366210938,99.1132215901897,98.6671919650818,98.98036262614953,564100
2016-12-07,99.26505279541016,99.29352153780158,99.02780362178811,99.04678761022919,400100
2016-12-08,97.86053466796875,98.4583999357805,97.71818372603177,98.19268203897528,2036200
2016-12-09,97.34809112548828,97.49992684487239,97.1203266860059,97.42401260531575,606000
2016-12-12,98.0693130493164,98.15472651512017,97.6612514291841,97.92696934009354,469200
2016-12-13,97.91747283935547,98.35401042151052,97.87951210521985,97.90798084575414,186100
2016-12-14,97.1013412475586,98.4394300587699,96.78817060149592,98.08829867619023,1229300
2016-12-15,96.0004653930664,96.32312064699919,95.59239671056697,96.29465191756593,1417700
2016-12-16,96.29469299316406,96.55091890762635,95.90560088422616,96.03845983843179,867900
2016-12-19,95.86763763427734,96.36111994290087,95.85815288084713,96.15233952311937,639100
2016-12-20,95.78224182128906,95.9530615251048,95.55448462962494,95.57346137881754,380500
2016-12-21,96.1808090209961,96.35162870759187,96.09540279783312,96.26622248442891,357800
2016-12-22,96.19029235839844,96.7976495804661,96.18080036547792,96.41804950660651,408300
2016-12-23,96.3421401977539,96.5129598905269,96.19030449321687,96.23775722353663,279100
2016-12-27,96.3895492553711,96.4464867137412,96.32311980718372,96.35158853636877,186700
2016-12-28,95.94355010986328,96.03844831715853,95.639871502357,95.82967515721661,819700
2016-12-29,96.6742935180664,96.71225425375326,96.31367014917633,96.32316214316555,680900
2016-12-30,97.04440307617188,97.4904326767526,97.0064423399235,97.1203173083985,544000
2017-01-03,95.78224182128906,96.15234997284473,95.33621219242183,95.82969455467644,533500
2017-01-04,96.6742935180664,96.77868373113775,96.23775591807264,96.27570941348948,533600
2017-01-05,97.72769165039062,97.83207463520583,97.12032704976687,97.12032704976687,900400
2017-01-06,97.0728530883789,97.53785934722721,96.99693163053098,97.12979056163049,938900
2017-01-09,97.42401123046875,97.51890945877847,96.98746634775677,97.10134856589086,352600
2017-01-10,97.31961059570312,97.72767945002212,97.25318111896608,97.46195430280399,231500
2017-01-11,97.45245361328125,97.87949914529118,96.35161418991623,96.7027455039762,1288900
2017-01-12,97.90796661376953,98.36348811691227,97.78459967596378,98.0692942801929,519700
2017-01-13,98.04083251953125,98.16420670638391,97.65174769398693,98.05032451242819,666700
2017-01-17,98.64820098876953,98.74310644802246,98.50585728043015,98.63871623506024,870800
2017-01-18,98.00286865234375,98.61023309373746,97.96491516250879,98.3729839607897,842100
2017-01-19,98.2401351928711,98.30656467225663,97.57584039901576,97.77512883717236,1312500
2017-01-20,98.56278991699219,98.66718012482107,98.16421307270174,98.24012729999303,851400
2017-01-23,98.99932098388672,99.05625846067782,98.64818964971349,98.83799330613247,931700
2017-01-24,98.8569564819336,99.25553324529861,98.7715502784703,99.00879938622589,405000
2017-01-25,99.06573486328125,99.06573486328125,98.77154829246537,98.79052503498625,429600
2017-01-26,98.33499145507812,98.59121725014751,98.1831485837284,98.4298896295384,981100
2017-01-27,98.52484130859375,98.7051530061744,98.38249034946537,98.62923152926986,1015200
2017-01-30,98.51534271240234,98.64820166794713,98.0313596201763,98.0313596201763,565900
2017-01-31,99.4643325805664,99.57821478049627,99.17963794114608,99.25555216749643,1002000
2017-02-01,99.17963409423828,99.3599385201301,98.8474867409962,99.03728315991474,743300
2017-02-02,99.11319732666016,99.68259378176482,99.08472858994524,99.58769557929217,368300
2017-02-03,99.30300903320312,99.43586798519082,99.07525186411992,99.07525186411992,542100
2017-02-06,98.99932098388672,99.04677370805875,98.67666562837822,98.73360310516932,375400
2017-02-07,98.42041015625,98.59122978810846,98.20214505126101,98.33500396045454,464000
2017-02-08,98.42041015625,98.6481672519721,98.35398070165324,98.43939413771623,358700
2017-02-09,98.18316650390625,98.47735307050736,98.09776030338384,98.42041560349242,745700
2017-02-10,97.95542907714844,98.09778001355541,97.7181799298933,97.73715667595518,461700
2017-02-13,97.56636047363281,97.78463292733986,97.54738372300535,97.77514093189056,331700
2017-02-14,97.39552307128906,97.74665443644137,97.2626641202087,97.6707329671755,545300
2017-02-15,97.63277435302734,97.68971907634844,97.02541706624879,97.08236178956987,467400
2017-02-16,98.29705810546875,98.32552684170655,98.02184825472241,98.06929373502918,587200
2017-02-17,97.68022155761719,98.20217259029748,97.66124481109681,98.18318860350753,829400
2017-02-21,97.0728530883789,97.14877454622683,96.92101017268304,97.02540036715676,382500
2017-02-22,97.27212524414062,97.35753143975829,96.65527617258769,96.8355877948039,1610200
2017-02-23,97.43350219726562,97.53789242714323,97.27217447482612,97.31962721214182,400200
2017-02-24,97.2152328491211,97.55687227050993,97.20574085400727,97.40502930977227,323000
2017-02-27,97.49990844726562,97.8510397950083,97.40501023552339,97.60429865226293,778700
2017-02-28,97.53785705566406,97.8415356396524,97.45245084779323,97.58530977577134,521600
2017-03-01,97.06338500976562,97.31012618842712,96.87358855865402,96.87358855865402,588500
2017-03-02,96.69325256347656,96.89254095914492,96.60784635401956,96.65529183473944,365500
2017-03-03,97.7371597290039,97.7371597290039,97.0349042584675,97.20572393943793,1078700
2017-03-06,97.39552307128906,97.63277223254256,97.34807758320025,97.58532674445375,1198300
2017-03-07,97.27212524414062,97.44294487564348,97.22467253084136,97.27212524414062,199000
2017-03-08,97.02544403076172,97.19626376765787,96.96850653188699,97.15830302165072,515800
2017-03-09,97.41452026367188,97.54737923276181,97.2626773045572,97.50941849298314,577500
2017-03-10,98.38247680664062,98.4583982730942,97.76562756217697,97.84154902863055,1628600
2017-03-13,98.03136444091797,98.26861362181054,98.03136444091797,98.14523941397334,805700
2017-03-14,97.5853271484375,97.96492725606852,97.56634316090754,97.78461557588307,622700
2017-03-15,98.57225036621094,98.61021108784352,97.65172277735589,97.68019150851349,1624000
2017-03-16,99.09424591064453,99.09424591064453,98.53434126384767,98.7620984726912,1171300
2017-03-17,98.8380126953125,98.97087166073432,98.752599223101,98.7905599618316,549700
2017-03-20,98.866455078125,98.98982201590267,98.68614342729951,98.91390779895339,817100
2017-03-21,99.48330688476562,99.54024435905411,99.34095595877552,99.4168774180061,857300
2017-03-22,99.33148193359375,99.5971998486955,99.28403644319425,99.3884266584514,471700
2017-03-23,99.2081069946289,99.2745364680639,99.14167752119391,99.2081069946289,298200
2017-03-24,99.31249237060547,99.5307575268735,99.28402363198522,99.36942984784596,473500
2017-03-27,99.96731567382812,100.25201759922014,99.93884692934307,100.25201759922014,526800
2017-03-28,99.4548568725586,100.01476144919555,99.35046665652963,99.96730871817503,548200
2017-03-29,99.08473205566406,99.10370880071484,98.85696767344061,98.91391238913097,586800
2017-03-30,98.2401351928711,98.90443722699665,98.2401351928711,98.84749974188625,695700
2017-03-31,98.1357192993164,98.43939785182614,98.10724332604266,98.36347640363176,492600
2017-04-03,98.15473175048828,98.23065322630333,97.89850581995051,98.09779426376221,284700
2017-04-04,98.10728454589844,98.17371403091198,97.93646483582494,98.05034705596421,243000
2017-04-05,98.29705810546875,98.29705810546875,97.84153660485825,98.078785727198,1520900
2017-04-06,97.87001037597656,98.06929878016201,97.85103363093133,98.0598140277739,569800
2017-04-07,97.42401123046875,97.78462739415396,97.31962100724685,97.68023717093206,542600
2017-04-10,97.40499114990234,97.54734205975805,97.35753843319442,97.35753843319442,238600
2017-04-11,97.55684661865234,97.75613502201593,97.49990190321348,97.55684661865234,399500
2017-04-12,98.05032348632812,98.14522169349685,97.40500554120402,97.50939574117035,860300
2017-04-13,97.64229583740234,97.78464682829372,97.58535833715464,97.77515483149506,529700
2017-04-17,97.86053466796875,98.10726857770523,97.80358994703215,97.8984954018366,556000
2017-04-18,98.71463012695312,98.7336141148465,98.24962378734534,98.33503725232553,910300
2017-04-19,98.54379272460938,98.60073743778403,98.40144904234444,98.57226870133104,645600
2017-04-20,98.54379272460938,99.0752356860503,98.52481598039695,98.97084549221023,258600
2017-04-21,98.42041015625,98.46786286964806,98.22112179245973,98.39194142431818,704300
2017-04-24,99.94832611083984,99.9767948516752,99.6351554811114,99.92934936370621,1164800
2017-04-25,100.57463836669922,100.67902130623708,100.08115620029696,100.08115620029696,823200
2017-04-26,100.27095794677734,100.3278954109658,99.815436512467,100.01472487739416,631000
2017-04-27,99.97681427001953,100.0906964957499,99.77752580519478,100.04324375829444,826600
2017-04-28,100.13813018798828,100.39436335560735,100.06221595338852,100.30894988631088,440800
2017-05-01,100.18557739257812,100.43231855215805,100.18557739257812,100.2994595986004,523800
2017-05-02,100.4512939453125,100.47027793286189,100.10016981861712,100.28047425871723,193800
2017-05-03,100.12864685058594,100.44181026838314,100.0811941180531,100.3469120435879,1090700
2017-05-04,100.9922103881836,100.9922103881836,100.43230590303303,100.44179065547118,804800
2017-05-05,101.09661865234375,101.09661865234375,100.83090073121298,100.88783821709234,898400
2017-05-08,100.4512939453125,100.62211363190775,100.3469037346004,100.57466814357399,823800
2017-05-09,99.92935180664062,100.23303045009128,99.85343033571047,100.05271876669966,598900
2017-05-10,99.88189697265625,99.98628718291815,99.7680147686606,99.97679518918439,398900
2017-05-11,99.83443450927734,99.9483167021682,99.8059657711219,99.81545776393008,377100
2017-05-12,100.43229675292969,100.47025748003091,100.28994583636718,100.3279065634684,436000
2017-05-15,100.8878173828125,100.99220757888065,100.78342718674435,100.93527010475941,371800
2017-05-16,101.88427734375,101.96968356391992,101.67549692964185,101.77039514325385,760800
2017-05-17,102.50113677978516,102.52960552267118,102.03612317841232,102.0740839156838,606700
2017-05-18,102.0930404663086,102.33977433185642,101.78936189002263,102.14997793677834,543600
2017-05-19,102.98509216308594,103.0135681385758,102.76682703287558,102.79529576809708,1324900
2017-05-22,103.26981353759766,103.49757070273648,103.18440731577175,103.32675101881493,881400
2017-05-23,102.7383804321289,103.36471446274741,102.69092770302404,103.24134750345269,1367100
2017-05-24,103.06104278564453,103.07053478016091,102.63399715592246,102.75736412355384,642700
2017-05-25,102.99459838867188,103.13694932472046,102.8997001780626,102.98510639553014,260000
2017-05-26,102.60552978515625,102.78583424175699,102.56756904685332,102.6150145395291,390300
2017-05-30,102.7952880859375,102.93763899167507,102.63396043822657,102.63396043822657,437300
2017-05-31,103.22232055664062,103.36467144444168,103.06099292925734,103.08946165876417,1150900
2017-06-01,103.00407409667969,103.19387048789108,102.94713662736991,103.01356608832072,436800
2017-06-02,103.64942932128906,103.66840607114266,103.41218012662956,103.49758636137699,946400
2017-06-05,103.37418365478516,103.45958986001145,103.28877020929053,103.38367564656642,354900
2017-06-06,103.6209487915039,103.64941753318195,103.45961385487831,103.52604333221709,195400
2017-06-07,103.47859191894531,103.63042761262598,103.09899182433925,103.18440528475367,675900
2017-06-08,103.01359558105469,103.11798579818829,102.86175263239845,103.10849380382969,903900
2017-06-09,102.81430053710938,102.89971400632464,102.61501209596754,102.61501209596754,247200
2017-06-12,102.91867065429688,103.03255284425195,102.80479570461073,103.03255284425195,347000
2017-06-13,102.91867065429688,103.04204483681545,102.78581171948376,102.90918590200232,1007700
2017-06-14,103.03253173828125,103.73478699847657,102.80477464529552,103.49753791487177,913700
2017-06-15,102.33979034423828,102.47265652990362,102.23540737880114,102.39673506388614,956400
2017-06-16,102.88072204589844,102.88072204589844,102.52959070707874,102.53908270009259,1225400
2017-06-19,102.36825561523438,102.6719342072663,102.33977963825463,102.58652075686456,1177300
2017-06-20,102.17842864990234,102.41567772203842,102.11199919931492,102.349248271451,279300
2017-06-21,102.52958679199219,102.55805552967739,102.2543769272536,102.2543769272536,260300
2017-06-22,102.39673614501953,102.49163435840859,102.2923459382107,102.45367362499906,271800
2017-06-23,102.833251953125,102.91865815501718,102.66243230907257,102.67192430048328,871400
2017-06-26,102.63399505615234,102.98511920310055,102.60552631345602,102.91868972338574,741600
2017-06-27,104.21882629394531,104.21882629394531,103.51657070264683,103.6209609278728,912000
2017-06-28,104.52250671386719,104.57944420483943,104.04800831504257,104.06699230554729,1118000
2017-06-29,105.04444122314453,105.07290996412486,104.64585712861039,104.73127059182121,338900
2017-06-30,104.84513854980469,104.90207602402877,104.62686616483097,104.79768582777206,406700
2017-07-03,104.24729919433594,104.4086269160173,104.23780719886317,104.29475193142865,607300
2017-07-05,104.10491943359375,104.23777837238642,103.91512301825254,103.934099763679,402000
2017-07-06,104.84513854980469,104.86411529445644,104.5034992239225,104.53196796103455,308200
2017-07-07,104.67430877685547,104.74073823712374,104.47501315578253,104.62685605940608,675300
2017-07-10,104.62687683105469,104.71228305109757,104.50350987756954,104.53197861758383,263800
2017-07-11,105.23424530029297,105.36710426136472,104.59841923798244,104.64586472963929,351300
2017-07-12,104.80718994140625,104.88310416906171,104.5794255376308,104.88310416906171,574100
2017-07-13,104.67430877685547,104.76920697148611,104.48450514732605,104.74073823712374,410400
2017-07-14,105.28167724609375,105.28167724609375,104.96850665385341,105.18677180097686,625600
2017-07-17,105.38604736328125,105.41451609528433,105.18675175872463,105.21522773099525,387500
2017-07-18,106.07884979248047,106.29712221883914,106.01242031320092,106.21170875103958,640100
2017-07-19,105.68975067138672,105.8605703437009,105.64229794675029,105.8605703437009,492200
2017-07-20,106.73367309570312,106.9709222997959,106.05988622491216,106.08835497095991,1507300
2017-07-21,107.09427642822266,107.19866664471846,106.80008976733647,106.84753525829895,849000
2017-07-24,106.81905364990234,106.89497511462228,106.68619470677714,106.82854564305968,1023300
2017-07-25,106.87600708007812,107.35999016651125,106.83804634462396,107.18917047710251,376900
2017-07-26,107.56875610351562,107.73008377726498,106.65772029612818,106.82853996253013,1145200
2017-07-27,107.1132583618164,107.40744501705852,106.90447793283036,107.31254679668398,688600
2017-07-28,107.89144134521484,107.91991008888125,107.54980194067701,107.58776267898905,740000
2017-07-31,108.61268615722656,108.66013889564762,107.69216529819181,107.74910279208,767400
2017-08-01,108.25203704833984,108.60316838118935,108.12867010233447,108.33745050347368,762500
2017-08-02,108.76451110839844,109.25798620097268,108.49879319391461,108.49879319391461,818700
2017-08-03,108.9448013305664,109.07766026163084,108.64112273952361,108.71703695708277,628300
2017-08-04,108.04325866699219,108.65061589605901,107.59722911808734,108.62214715723857,1318400
2017-08-07,108.18562316894531,108.21409191133601,108.0622562051622,108.09072494755291,274100
2017-08-08,107.74907684326172,108.36592609282505,107.4738669552944,108.35643409937249,640100
2017-08-09,107.84394836425781,107.89140107950585,107.32199745760059,107.42638763893203,774000
2017-08-10,108.0147705078125,108.09069195786299,107.47384284667176,107.70159995655523,552200
2017-08-11,108.4703369140625,108.64115662732367,108.0243072605322,108.2900252055449,715200
2017-08-14,108.04325866699219,108.18560960136362,107.96733720329152,108.14764886951329,362700
2017-08-15,107.64469909667969,107.7016365834467,107.32203644436883,107.41694190934113,655900
2017-08-16,107.96735382080078,108.02429854747542,107.23662953095484,107.23662953095484,734800
2017-08-17,107.53081512451172,107.78704829131424,107.41694015283977,107.45490089015385,675200
2017-08-18,107.90088653564453,107.91037852680975,107.57823123870577,107.74905087834037,773200
2017-08-21,108.33747100830078,108.47981472668306,108.01480835266976,108.0622610856442,933400
2017-08-22,107.78703308105469,107.95785275472788,107.74907234909739,107.91989202277058,709700
2017-08-23,108.40386962890625,108.41335438058451,108.10019104902717,108.18559725574232,564100
2017-08-24,108.20458984375,108.32796403631771,108.09071488478844,108.14765236426922,277900
2017-08-25,109.38134002685547,109.50470696694855,108.08121219860419,108.31846132666158,2063900
2017-08-28,109.80839538574219,109.89380884442453,109.3718578198921,109.39083456611625,791200
2017-08-29,109.74195861816406,110.34931582073368,109.73246662554827,110.32084708315526,824200
2017-08-30,108.99225616455078,109.45726246318026,108.9732794185997,109.32440352071468,1107300
2017-08-31,109.1630859375,109.18206992547657,108.65062686618295,108.68858760186606,641800
2017-09-01,108.74552154541016,109.14410563697331,108.63164658233764,109.10614490252587,489700
2017-09-05,109.26744079589844,109.42876844014987,108.98273899052842,109.01121496327956,428600
2017-09-06,109.25797271728516,109.53318259197083,109.18205849413714,109.37185491241107,944300
2017-09-07,110.19746398925781,110.27337819825101,109.80837199199559,110.19746398925781,1222200
2017-09-08,110.24495697021484,110.45373742551396,110.15005873788006,110.42526867984063,247400
2017-09-11,109.57115173339844,109.91279110472814,109.53319099877628,109.77044015996246,503400
2017-09-12,109.68500518798828,109.73245066362782,109.40979536431452,109.40979536431452,141800
2017-09-13,108.89736938476562,109.57115616092828,108.83093990656002,109.56166416682173,497700
2017-09-14,109.1251220703125,109.25798102125582,108.80246668667009,108.83093542754797,260200
2017-09-15,109.50469970703125,109.80837828120075,109.3433720483124,109.80837828120075,850100
2017-09-18,109.53319549560547,109.6755464462153,109.27696957672389,109.50472675353753,305200
2017-09-19,109.9602279663086,110.02665743224446,109.63756538871382,109.83685378652143,335100
2017-09-20,108.9448013305664,110.17849243906021,108.69806021276017,109.922266569227,997600
2017-09-21,109.3528823852539,109.53318681748905,109.13460997957615,109.13460997957615,297700
2017-09-22,109.44776916503906,109.79889323973951,109.4003164434623,109.61858882633912,251000
2017-09-25,108.56521606445312,108.94481616501196,108.4133731281217,108.82144196917525,348400
2017-09-26,108.04325866699219,108.21407834018406,107.74907204548869,108.062242653052,1138400
2017-09-27,107.64469909667969,107.90092502740174,107.3979579202385,107.41694190934113,818300
2017-09-28,107.92938995361328,108.14765512403909,107.8819372259887,107.98632743454702,281100
2017-09-29,108.28053283691406,108.33747756798542,108.07175238361802,108.30900158231427,454400
2017-10-02,107.4928207397461,107.74905382634243,107.48333598858923,107.69211635832905,688800
2017-10-03,107.64469909667969,107.86297152973735,107.54980087197782,107.68265983461451,170600
2017-10-04,107.77752685546875,107.79650359880678,107.62569118795948,107.73007413672116,655400
2017-10-05,107.22712707519531,107.51182895998132,107.17968158791076,107.3694780175883,628400
2017-10-06,107.51184844970703,107.5403171952925,107.06581879481199,107.12275628598293,278900
2017-10-09,107.65416717529297,107.69212790479463,107.42640279828304,107.48334751266994,290900
2017-10-10,108.25203704833984,108.32795851062122,108.00529591605995,108.00529591605995,584400
2017-10-11,108.71702575683594,108.7360097394715,108.45130792208187,108.5082453894526,333900
2017-10-12,108.39439392089844,108.5557216068865,108.37540993415304,108.52725286703796,126000
2017-10-13,108.25203704833984,108.76449605833541,108.18560757891093,108.75500406548295,127000
2017-10-16,107.98634338378906,108.24256932610436,107.96735939382748,108.10022560274629,422900
2017-10-17,107.76805877685547,107.825003500042,107.49284887564208,107.58775433419632,257500
2017-10-18,108.0147705078125,108.10018394918629,107.71109194787853,107.75854466422709,441000
2017-10-19,108.44183349609375,108.58418442784647,108.30897455719632,108.38489601950033,1024000
2017-10-20,107.82498168945312,108.04324682332981,107.74906023407493,108.03375483134042,863900
2017-10-23,107.57825469970703,107.730090390124,107.38845827661846,107.48335648816276,1059600
2017-10-24,107.70159912109375,107.9863009364406,107.63516966288188,107.66363839636297,391200
2017-10-25,108.08121490478516,108.21407384060237,107.92937922396648,107.98631669923986,256900
2017-10-26,106.62930297851562,107.67319822536344,106.59134222986829,107.67319822536344,1694500
2017-10-27,106.21170806884766,106.42048849960533,105.99344288416113,106.19273132071976,832000
2017-10-30,106.73367309570312,106.73367309570312,106.19274519998243,106.19274519998243,488000
2017-10-31,106.64823913574219,106.7241606041364,106.45844270502637,106.55334092038427,78400
2017-11-01,106.3730239868164,106.59129638759687,106.26864102326938,106.31608650846906,531800
2017-11-02,106.76214599609375,106.98041845807185,106.54387353411566,106.54387353411566,336200
2017-11-03,106.2496566772461,106.70517822329077,106.18322720597597,106.6577254979824,678900
2017-11-06,106.26863861083984,106.33506808082684,106.02189747648703,106.05985820794663,227300
2017-11-07,106.08834075927734,106.11680950151141,105.85109158696666,105.96497379617304,101500
2017-11-08,106.16426849365234,106.21171398675072,106.02191753381605,106.14528450419654,181200
2017-11-09,106.59132385253906,106.66724533674416,106.24019241829396,106.24019241829396,483500
2017-11-10,106.7811050415039,106.86651850907906,106.65773807752892,106.69569881419896,236400
2017-11-13,106.8095703125,106.82854705879679,106.68619612062776,106.77160957963696,113400
2017-11-14,107.9483413696289,108.03374757098833,107.50231189959284,107.59721009230374,808900
2017-11-15,107.93885803222656,108.25202860952207,107.9008973040451,108.12866167313379,293800
2017-11-16,107.71110534667969,107.83447228815706,107.62569913494971,107.76804282116633,314900
2017-11-17,107.9483413696289,108.03374757098833,107.78701371799356,107.97681010341537,276900
2017-11-20,107.35050201416016,107.75857085703558,107.33151802689912,107.6826493885309,326200
2017-11-21,107.41692352294922,107.54029046991806,107.29354933571118,107.30304132863778,248300
2017-11-22,108.1666488647461,108.22358635081397,107.68265851235806,107.68265851235806,277600
2017-11-24,109.1251220703125,109.28645700240351,108.9543023847754,108.97328637220718,406700
2017-11-27,108.87840270996094,109.40034658978813,108.84044197029283,109.34340910042135,222500
2017-11-28,108.33747100830078,108.76451664398863,108.21409679867546,108.74553265469065,250400
2017-11-29,108.42289733886719,108.5557563275005,108.23310085232583,108.29003835023387,131900
2017-11-30,108.87840270996094,109.16309739706556,108.66962226192176,108.66962226192176,330500
2017-12-01,108.79296875,109.17256883493184,108.43235265146294,108.57470358834604,235200
2017-12-04,108.46082305908203,108.48929179884267,108.22357390738405,108.34694085976997,168400
2017-12-05,108.14765167236328,108.29949460369993,107.95785524846195,108.14765167236328,383700
2017-12-06,107.89144134521484,108.00531631988045,107.78705112492437,107.95787082719329,188600
2017-12-07,107.72061920166016,108.08123534704606,107.70163521279912,107.834494173745,172900
2017-12-08,107.62568664550781,107.6921161047897,107.47384374413886,107.60670266270267,289600
2017-12-11,107.68267059326172,108.04328677926635,107.67317859776205,107.80603757367275,232000
2017-12-12,107.45491027832031,107.45491027832031,107.18918509390569,107.378988797059,288700
2017-12-13,108.1666488647461,108.1761336189105,107.4643860819806,107.57826829438672,812600
2017-12-14,107.80603790283203,108.04328710915001,107.66368693098701,107.9388968791484,1279800
2017-12-15,107.50233459472656,107.79652122631738,107.4928426013712,107.76805248652079,551900
2017-12-18,107.7585678100586,108.22357412102915,107.6921383370628,107.94836423568385,475500
2017-12-19,108.29000091552734,108.35643038688004,107.95785355876387,108.07172851521457,254300
2017-12-20,108.64114379882812,108.81196349191866,108.31848116064816,108.36593389105614,199200
2017-12-21,108.59368896484375,108.62215770642902,108.41337728111043,108.47980675823271,93200
2017-12-22,108.41339874267578,108.44186748989674,108.15717277741581,108.38492999545484,304100
2017-12-26,108.47980499267578,108.612663944758,108.45133625155385,108.51776572759496,131100
2017-12-27,108.74552154541016,108.88787248952057,108.6980760575532,108.8119582608955,101200
2017-12-28,109.20103454589844,109.35287747176804,109.1346050758978,109.20103454589844,253400
2017-12-29,109.7135009765625,109.9412581404933,109.59961877446226,109.59961877446226,220000
2018-01-02,110.27339172363281,110.27339172363281,109.96022837748913,110.16900152816198,415200
2018-01-03,109.80839538574219,109.998199049331,109.73247392030666,109.94125433011963,388100
2018-01-04,110.35881805419922,110.5011689955699,110.26391984004198,110.27340459326896,530100
2018-01-05,110.05513000488281,110.16900495601685,109.89380233059691,109.96023179884811,329700
2018-01-08,109.39083862304688,109.53318956595042,109.32440914839451,109.45726809769923,1238800
2018-01-09,109.1251220703125,109.15359081119037,108.96379437849129,109.06818458855673,649900
2018-01-10,109.32442474365234,109.685048149154,109.17258902576013,109.685048149154,329600
2018-01-11,109.98871612548828,110.21647330030571,109.91279465379245,110.03616161509564,1441700
2018-01-12,111.41221618652344,111.41221618652344,110.80485886597828,110.98516331908769,1324000
2018-01-16,112.13343811035156,112.24731306490187,111.50709689924783,111.56403437652298,1259000
2018-01-17,111.64948272705078,112.30428564117155,111.6020299876447,111.71591221805642,388200
2018-01-18,111.85822296142578,112.09547209257647,111.74434077197665,111.92465242853721,163400
2018-01-19,111.70637512207031,112.0195456990602,111.68739837813239,111.905663514627,659800
2018-01-22,112.01005554199219,112.0480162707585,111.71586894438919,111.94362607671832,215500
2018-01-23,112.36119842529297,112.43711989064496,112.05751980415445,112.05751980415445,465100
2018-01-24,113.32919311523438,113.46205208449207,113.12041266632347,113.14888865139652,488900
2018-01-25,113.36714172363281,114.4964500817467,112.99703360026726,114.05991248086092,1372900
2018-01-26,113.4905014038086,113.75622653711223,113.37662644409089,113.49999339720826,722000
2018-01-29,113.13937377929688,113.21529524359856,112.74079695211704,112.9305933726019,526700
2018-01-30,113.26274871826172,113.75623103076411,113.14887375404567,113.72775504944025,174200
2018-01-31,113.48101806640625,113.96500113178355,113.20580817653915,113.79418869007603,415000
2018-02-01,114.32563018798828,114.42052840709584,113.66132817369527,113.71827289737583,404200
2018-02-02,113.87960052490234,114.12634168664856,113.38612544167991,113.84163978922831,272100
2018-02-05,113.205810546875,113.55694191169954,113.18682655944136,113.47152844878771,530900
2018-02-06,113.03498077392578,113.30069865212546,112.51302977012702,112.69334143330644,214700
2018-02-07,112.0385513305664,112.78825961411584,111.90569236793947,112.71233813825175,315700
2018-02-08,111.87720489501953,112.28527370913555,111.7823066862117,112.28527370913555,225200
2018-02-09,111.78231048583984,111.99109089647536,111.51659259603811,111.8772086978734,119300
2018-02-12,112.25682830810547,112.34223454170726,111.92468088809177,111.94365763769082,300600
2018-02-13,112.85466003417969,113.00650294680675,112.77873857786615,112.78823056997248,200000
2018-02-14,113.84159851074219,113.8605824918307,112.49402546415331,112.5224941955187,515700
2018-02-15,114.1927490234375,114.24019450362844,113.78468024439867,114.02192936615918,178900
2018-02-16,113.31018829345703,113.7846865633289,113.18681410951818,113.585398158815,330700
2018-02-20,112.67436218261719,112.87365058683594,112.56997198417847,112.84518184912883,387500
2018-02-21,112.26631164550781,112.83570821308894,112.18089817822205,112.61743578804325,466800
2018-02-22,112.56049346923828,112.80723462602573,112.48457199941602,112.56049346923828,218400
2018-02-23,112.29476928710938,112.45609697126001,112.21884782153161,112.31374603336907,145700
2018-02-26,112.43712615966797,112.47507965419065,112.17140101612029,112.36120469008291,191000
2018-02-27,111.71588897705078,112.25681678849848,111.61149876429158,112.25681678849848,270300
2018-02-28,111.42167663574219,111.65892574816961,111.31728644705267,111.6114730295768,157700
2018-03-01,111.95313262939453,112.03853885002498,110.890253806508,111.184447682642,560300
2018-03-02,112.56049346923828,112.61743095147006,112.29477556513021,112.55100147544303,216100
2018-03-05,112.61741638183594,112.72180657926883,112.36119050467177,112.45608870953743,253200
2018-03-06,113.205810546875,113.36713823871203,113.08244358963547,113.12039708396317,245100
2018-03-07,113.30072784423828,113.35766533558848,113.0824626338818,113.33868858522875,186000
2018-03-08,112.41813659667969,113.01600184940328,112.26630090530983,113.01600184940328,325800
2018-03-09,112.35171508789062,112.57947226122408,112.24732487505653,112.26630886299182,115000
2018-03-12,112.62696838378906,112.6744211316399,112.23787612417591,112.26635211705009,165400
2018-03-13,113.03498077392578,113.2437611754453,112.65538070209661,112.84518435814577,206600
2018-03-14,112.92111206054688,112.98754153802699,112.71233163410366,112.87366657107253,254800
2018-03-15,112.28529357910156,112.68387047078805,112.26631683008956,112.64590973249355,254600
2018-03-16,112.14293670654297,112.23783492713936,111.89620278104636,112.22835017326881,221200
2018-03-19,112.59846496582031,112.7692846691117,112.34223179074797,112.36121578015288,191800
2018-03-20,111.77283477783203,112.12396617781236,111.7538580287682,112.05753669568317,360100
2018-03-21,112.67436218261719,112.6838469350069,111.81077185740028,112.12394245271645,221500
2018-03-22,112.40865325927734,112.47508273691751,112.13345059496098,112.34222378163719,279900
2018-03-23,112.84520721435547,112.91163669736034,112.5605052927514,112.57948204206538,149700
2018-03-26,113.6138687133789,113.69927492799246,113.34815083644457,113.34815083644457,555000
2018-03-27,113.13937377929688,113.30070146073595,112.99702284379855,112.99702284379855,323500
2018-03-28,112.2757797241211,112.7882387309142,112.24731098601077,112.74079324748669,642300
2018-03-29,112.29476928710938,112.56048717636206,112.10496562316497,112.45609697126001,111900
2018-04-02,112.29476928710938,112.65538538819952,112.07649688364069,112.65538538819952,230600
2018-04-03,111.9151840209961,112.01008224540142,111.83926254536367,111.86773128865822,152700
2018-04-04,112.05751037597656,112.30424425720693,112.000565661619,112.17138532415402,218000
2018-04-05,111.64948272705078,111.87723994760272,111.49763975316849,111.78234170906204,868700
2018-04-06,112.07649993896484,112.14292941308896,111.85823476981548,112.00057847131738,245600
2018-04-09,112.40865325927734,112.50355871899477,112.30426304580422,112.38018451747014,148900
2018-04-10,112.69332885742188,112.82618778169548,112.46557173584833,112.75026632774818,287600
2018-04-11,112.79772186279297,113.05394772592695,112.67435492724972,112.87364331863583,509400
2018-04-12,112.465576171875,112.57945111701922,112.21883505694814,112.28526452170514,174400
2018-04-13,112.5415267944336,112.5984715256953,112.38969107170134,112.40866782194125,66200
2018-04-16,112.8736801147461,113.04449982594441,112.77877464386967,113.02551583566077,169500
2018-04-17,112.85466003417969,112.85466003417969,112.53200470525005,112.63639489761401,66200
2018-04-18,112.85466003417969,113.07293241101394,112.8356832902356,112.94007348259954,133800
2018-04-19,112.63642883300781,112.93061551452034,112.44662513503944,112.93061551452034,111700
2018-04-20,112.02903747558594,112.1808731476028,111.72535889128365,112.02903747558594,479500
2018-04-23,111.35529327392578,111.61152649263597,111.26039503155124,111.5735657476318,179200
2018-04-24,111.56401824951172,111.67790042786916,111.35523787599048,111.42167457690013,195800
2018-04-25,111.01361083984375,111.23187597456034,110.98513486376599,111.11799379105483,272600
2018-04-26,110.40628814697266,111.2983474874538,110.33037390288993,111.2983474874538,234700
2018-04-27,110.61504364013672,110.64351238027551,110.10258459682947,110.20697480418482,120100
2018-04-30,110.12152862548828,110.36826968427572,110.01713845601157,110.08356790565429,222900
2018-05-01,109.39083862304688,109.61860302780045,109.2769636609398,109.60911103420162,315200
2018-05-02,108.89736938476562,109.63758563913389,108.86890064271608,109.40033646836098,524800
2018-05-03,109.28646087646484,109.45727332778722,108.98277498894936,109.21053940458597,324200
2018-05-04,109.03020477294922,109.09663423679528,108.63162798987285,108.67907346960945,289600
2018-05-07,108.71702575683594,108.8214159405276,108.53672136340595,108.66008828946521,299000
2018-05-08,108.1666488647461,108.36593730625403,107.9199076913347,108.10021938424345,396100
2018-05-09,108.03377532958984,108.35643795603468,107.97683784738717,108.2710244924608,261900
2018-05-10,108.72652435302734,108.89734400578442,108.2899868493745,108.77397707223092,372600
2018-05-11,108.87840270996094,109.08717591772935,108.79298923564001,109.0017696836792,148100
2018-05-14,108.81197357177734,109.33391745326502,108.77401283198847,109.32442545825009,1496200
2018-05-15,107.92938995361328,108.2330685857094,107.73958628338465,107.91989796003443,364000
2018-05-16,107.58776092529297,107.73010464130475,107.36948849362425,107.54980018759969,328500
2018-05-17,107.52130889892578,107.61620710312516,107.42640345445753,107.55926238839044,68800
2018-05-18,107.26509094238281,107.4359106301901,107.09427125457553,107.17968471861413,125200
2018-05-21,107.42642211914062,107.44540610744018,107.0373372422414,107.30305515627407,188200
2018-05-22,107.37896728515625,107.49284224396399,107.28406907272664,107.43590476456012,155600
2018-05-23,106.67670440673828,106.8000713502911,106.43945527202737,106.73364188218281,596000
2018-05-24,106.83802795410156,107.08476183167723,106.76210649626195,106.8190439695073,189400
2018-05-25,106.27812957763672,106.41098852537905,106.14527062989438,106.20221535054799,442900
2018-05-29,105.12037658691406,105.61385899735448,104.98751760878118,105.36711779213428,524000
2018-05-30,106.25914764404297,106.37302259925225,105.670767161141,105.91750829787657,546800
2018-05-31,106.51535034179688,106.5817797979616,106.07881288124756,106.23065577549133,495800
2018-06-01,106.18323516845703,106.44895307346322,105.86057978102663,106.44895307346322,515500
2018-06-04,106.57231140136719,106.82853727438818,106.39199974684983,106.69567834167081,211300
2018-06-05,106.72419738769531,106.88552513343394,106.1737774125341,106.34459715516095,381600
2018-06-06,107.24610900878906,107.47386616809497,107.1701875422639,107.25559376190255,541800
2018-06-07,107.48336029052734,107.77754692880268,107.48336029052734,107.73958619478817,333400
2018-06-08,107.19865417480469,107.29355238596082,107.07528722432865,107.21763816119756,245000
2018-06-11,107.35050201416016,107.61621991365675,107.3220260332686,107.50233771089975,158200
2018-06-12,107.05631256103516,107.45489666703305,106.88549286997035,107.40744393718782,147800
2018-06-13,107.39791870117188,107.49281689121925,106.83801431170485,107.29352852003942,303500
2018-06-14,105.5188980102539,106.44891030411253,105.5188980102539,106.40146483457843,949400
2018-06-15,105.78463745117188,105.8985123935652,105.63279454095617,105.85106691432414,639800
2018-06-18,105.81311798095703,105.85107871274215,105.64229830805861,105.64229830805861,91900
2018-06-19,105.47149658203125,105.51894931490446,105.24373939283497,105.35761436729786,143800
2018-06-20,105.4809799194336,105.59485488455033,105.35760572019726,105.49995666686308,156700
2018-06-21,105.7562026977539,105.90803841648986,105.43354002999997,105.56639899899548,296700
2018-06-22,106.19271087646484,106.24964835015707,105.83208756903066,106.22117961331095,95700
2018-06-25,106.55335235595703,106.66723457077047,106.30661117732981,106.42998538677867,242300
2018-06-26,106.0408706665039,106.33506451538413,105.9744411987443,106.24965106239667,150900
2018-06-27,105.22474670410156,105.73720576762842,105.11087173905331,105.71822902021036,165800
2018-06-28,105.31015014648438,105.58536001961092,105.21525193788503,105.31015014648438,182300
2018-06-29,106.34452819824219,106.382488920908,105.88901400678753,106.01238092525077,273200
2018-07-02,105.78463745117188,105.84157492236854,105.55688032611678,105.74667672361795,87700
2018-07-03,106.0978012084961,106.21167614357508,106.03137174961068,106.06932523445835,31100
2018-07-05,106.45843505859375,106.59129399860609,106.28761538711083,106.50588778299925,109600
2018-07-06,106.93293762207031,107.15121002669612,106.84752416277517,107.06579656740098,200300
2018-07-09,106.93293762207031,107.20814750604654,106.82854741641486,107.20814750604654,180900
2018-07-10,106.94241333007812,106.94241333007812,106.56281329825235,106.6577114961417,74200
2018-07-11,106.2496566772461,106.99936484744856,106.20221119220706,106.96140411525573,122600
2018-07-12,106.27812957763672,106.43946450584068,106.22119209725275,106.3160903113159,92300
2018-07-13,106.3350601196289,106.35403686380334,105.9649520659439,105.97443681789679,99200
2018-07-16,106.59132385253906,106.67673733233761,106.45846487531578,106.45846487531578,90600
2018-07-17,106.16426849365234,106.52488465033647,106.02191753381605,106.47743191696752,57300
2018-07-18,105.9649429321289,106.14524732718468,105.81310003074715,105.87952949003466,107000
2018-07-19,105.90802764892578,106.2781357735377,105.52842753027328,105.52842753027328,271800
2018-07-20,106.73367309570312,106.828571329286,106.49642389161033,106.61979087124098,235700
2018-07-23,106.42996215820312,106.61026657530111,106.3445487056671,106.61026657530111,237900
2018-07-24,106.36353302001953,106.63874288306918,106.25914282230178,106.42047049504052,69000
2018-07-25,106.76214599609375,106.82857548621381,106.16428058501333,106.54387353411566,84500
2018-07-26,105.97444915771484,106.35404924782257,105.94598041800393,106.29711176840074,143700
2018-07-27,106.0978012084961,106.15473867603559,106.00289577557294,106.0408565006886,78900
2018-07-30,106.48690795898438,106.6292588974952,106.40150174003956,106.42047848638191,155200
2018-07-31,106.38251495361328,106.66721682314206,106.36353820777038,106.59129535923181,79100
2018-08-01,106.1263198852539,106.34458510704945,106.07886714646109,106.31611635988233,42200
2018-08-02,105.46200561523438,105.82262901193617,105.40506812744802,105.79416026804299,143700
2018-08-03,105.29115295410156,105.57585478445911,105.18676276565502,105.28166820261974,106300
2018-08-06,105.12985229492188,105.24373450436555,105.00648533156051,105.07291481033512,160700
2018-08-07,105.50943756103516,105.5948437758879,105.40504736048014,105.50943756103516,60100
2018-08-08,105.66127014160156,105.7087228641942,105.42402100917627,105.49045771691353,96400
2018-08-09,104.90208435058594,105.49046484525633,104.85463162478676,105.46198886561517,111600
2018-08-10,103.72531127929688,104.14286477941506,103.61142910275477,103.8676549496394,338700
2018-08-13,103.66840362548828,103.99106628755408,103.58299739275569,103.98157429271579,237600
2018-08-14,103.21288299560547,103.64942060824998,103.070532042722,103.6304366197214,325200
2018-08-15,103.20336151123047,103.27928296310998,102.79529275771327,102.91865968681637,139700
2018-08-16,103.45008850097656,103.78223575731535,103.26028489716357,103.49753397172944,88100
2018-08-17,104.08595275878906,104.10492950605158,103.70635265111008,103.75380537967115,202300
2018-08-20,104.36116027832031,104.39912101225038,103.93410745180927,104.01952091321935,475800
2018-08-21,105.21527862548828,105.49997332349844,104.69332748539641,104.75975697229255,306500
2018-08-22,105.56636810302734,105.67075829672505,105.31014223503124,105.50943063019902,94000
2018-08-23,104.94956970214844,105.39559942911912,104.87365544841025,105.1868189407267,202500
2018-08-24,105.73717498779297,105.8510571599603,105.37655896966477,105.4809491507512,159300
2018-08-27,106.24018096923828,106.33508643440271,105.88905681310358,105.88905681310358,137200
2018-08-28,106.31610870361328,106.68621687067566,106.31610870361328,106.61029539018315,149900
2018-08-29,106.42047119140625,106.44893992910303,106.12628458151424,106.15475331921103,62900
2018-08-30,106.17372131347656,106.19270529722242,105.86055798435378,106.04086238832909,162600
2018-08-31,105.53792572021484,105.93650261007802,105.35761402420843,105.73721416514643,184900
2018-09-04,105.3291244506836,105.34810843612496,104.84514142596437,104.98748511542941,350200
2018-09-05,105.76567840576172,105.77517039995544,105.54741322119744,105.73720966345074,95900
2018-09-06,105.68975067138672,105.85107835071977,105.52841575178441,105.71821941006087,80200
2018-09-07,105.0823974609375,105.39556083858935,105.02545274114392,105.17729567356744,125400
2018-09-10,105.43352508544922,105.57587602927298,105.4145483383986,105.46199382616001,65500
2018-09-11,105.38604736328125,105.45247681804427,105.24369646299833,105.2911419362476,69400
2018-09-12,105.70872497558594,105.90801338197143,105.3765776316101,105.42402311488146,205200
2018-09-13,106.26863861083984,106.37302157201724,106.08832694647403,106.27812336350284,155700
2018-09-14,105.68975067138672,106.09781948634455,105.64229794675029,106.09781948634455,225300
2018-09-17,106.22120666503906,106.33508888169509,106.2022299157317,106.21171467025007,113700
2018-09-18,106.08834075927734,106.5059016194306,105.94598980783691,106.42048815245828,80200
2018-09-19,106.1263198852539,106.26867086136093,105.90804742318694,106.10733589362822,51400
2018-09-20,107.05631256103516,107.12274203865647,106.70518842515254,106.94243759383865,539700
2018-09-21,106.80007934570312,106.9614070317195,106.64823641279156,106.71466588587298,454000
2018-09-24,106.75261688232422,107.3694660705437,106.75261688232422,107.3694660705437,194400
2018-09-25,106.95189666748047,107.1796610277253,106.89495919755342,107.09424758256641,111700
2018-09-26,106.75261688232422,107.21763039175042,106.57231246627401,106.63874193329649,89200
2018-09-27,105.88904571533203,106.29711455585155,105.80363225368995,106.10731088568568,297300
2018-09-28,105.49044799804688,105.68024439039354,105.18676218586299,105.18676218586299,145300
2018-10-01,105.22474670410156,105.50944859726201,105.09188775136533,105.3576056568378,77200
2018-10-02,104.97801208496094,105.12035579032026,104.77872365718802,104.86412988040362,126100
2018-10-03,104.63636016845703,104.930546777961,104.58890744551233,104.79768784203863,262200
2018-10-04,104.62687683105469,104.88310273145294,104.45605715069932,104.74075903138146,140900
2018-10-05,104.71228790283203,104.9400523140388,104.51299947322855,104.76923262576868,231800
2018-10-08,104.47502899169922,104.48452098468148,104.15237363299458,104.20931111034969,127700
2018-10-09,104.47502899169922,104.5224817163413,104.00053070635528,104.0859441626572,191900
2018-10-10,104.64586639404297,104.90209956609272,104.57943691245053,104.63638163972297,97600
2018-10-11,105.3291244506836,105.36708518129728,104.91157089447107,105.12983604516349,270800
2018-10-12,105.01595306396484,105.0918672791187,104.7976806896927,104.94951636026892,140000
2018-10-15,105.18679809570312,105.35761780323877,105.16782134609727,105.22475883518557,101300
2018-10-16,105.22474670410156,105.49047184984394,105.15831722773345,105.45251111473789,49600
2018-10-17,104.55094909667969,104.91157242262813,104.49401162006431,104.83565096029487,113200
2018-10-18,104.07645416259766,104.63636591496507,104.0290086773163,104.42758550697279,440300
2018-10-19,104.53197479248047,104.77871593069143,104.14288271913745,104.15237471221808,352500
2018-10-22,104.14288330078125,104.30421822297562,104.0764538293845,104.26625749071043,48100
2018-10-23,104.19032287597656,104.3801192730783,104.01950322247762,104.19032287597656,133200
2018-10-24,103.53553009033203,103.62094355131674,103.38369439563758,103.5450220838347,168900
2018-10-25,103.29830169677734,103.46912141281051,103.15595072670453,103.46912141281051,256200
2018-10-26,103.60194396972656,103.6873574178545,103.09897699383852,103.09897699383852,302100
2018-10-29,103.4121322631836,103.51652243973932,103.25080462314928,103.355194799705,132900
2018-10-30,103.05152893066406,103.36469952083782,103.01357544119047,103.28877806135287,242000
2018-10-31,102.88072204589844,103.03255773277367,102.66244964819555,102.74785586451237,435400
2018-11-01,103.63043975830078,103.7348299775589,103.39319057639966,103.43115131433629,288100
2018-11-02,103.46910095214844,103.80124832312327,103.27930452309701,103.60195990053838,459600
2018-11-05,103.6114501953125,103.72533239503801,103.42165376937287,103.42165376937287,296200
2018-11-06,103.67786407470703,103.76327028145344,103.58296587601042,103.76327028145344,141400
2018-11-07,103.88665771484375,104.2947265375618,103.83920498930492,104.21880507280741,169100
2018-11-08,103.14643859863281,103.92461548954493,103.08000912893064,103.83920203405977,207100
2018-11-09,102.93767547607422,103.1369639186339,102.75736378221389,103.07053443778067,204400
2018-11-12,101.98867797851562,102.33031737466501,101.98867797851562,102.29235663728504,213600
2018-11-13,102.45368957519531,102.529611053834,102.17847964533311,102.33032260261048,473700
2018-11-14,102.7952880859375,103.01356044010416,102.39671134208653,102.53906224782412,891700
2018-11-15,102.89020538330078,103.12745452349854,102.54856604219448,102.60551075922497,494400
2018-11-16,103.63043975830078,103.66840049623741,103.4121745655032,103.58299426608282,306300
2018-11-19,103.96255493164062,104.06694511126285,103.7253058398206,103.79173529591951,291300
2018-11-20,103.20336151123047,103.60193827319569,103.11795530806712,103.4785713440926,346600
2018-11-21,103.33621978759766,103.63040636146137,103.32672779610486,103.50703943312745,244300
2018-11-23,102.89020538330078,103.10847777800116,102.86173664492013,103.04204830835656,215000
2018-11-26,102.85225677490234,103.0895059430639,102.79531929142998,103.05154520732565,157600
2018-11-27,102.52958679199219,102.81428140911316,102.358767125612,102.80479665673076,224400
2018-11-28,103.1749038696289,103.34572353458931,102.26386806992973,102.38723501229656,771300
2018-11-29,103.355224609375,103.42165408268207,103.11797545609696,103.2223584224913,346100
2018-11-30,102.74785614013672,103.06102674801038,102.59602045285419,103.05153475497107,280400
2018-12-03,102.9471664428711,103.11798614054135,102.86175297390082,102.93767444848099,240000
2018-12-04,102.88072204589844,103.43113455612406,102.7193871257401,103.43113455612406,300500
2018-12-06,103.31726837158203,103.55451753518331,103.07052721416113,103.2603236489342,426700
2018-12-07,103.54499816894531,103.64938835255562,103.25081160073516,103.30774906806153,292000
2018-12-10,103.0230484008789,103.5639760673213,102.98508767548161,103.45010113139746,310300
2018-12-11,102.766845703125,102.94715737931054,102.59602602049387,102.86174391786014,195600
2018-12-12,103.1654052734375,103.31724818380236,102.9471401401236,102.96611688378498,226700
2018-12-13,103.10845184326172,103.16538930570164,102.81425806003165,102.96610094689457,343200
2018-12-14,102.51061248779297,102.59602594918401,102.26387857770703,102.26387857770703,177800
2018-12-17,102.9471664428711,103.07053340886115,102.79532349371074,102.88073696268101,223300
2018-12-18,103.0989990234375,103.19389724364808,102.98511681502275,103.19389724364808,130100
2018-12-19,103.18439483642578,103.79175203018737,103.10847337713837,103.5450109076377,662000
2018-12-20,103.95309448242188,104.18085165240083,103.45012741359463,103.85819626495312,417700
2018-12-21,103.04204559326172,103.6019500740461,103.01357685563119,103.5924653216819,761100
2018-12-24,103.50704956054688,103.75379068162466,103.41215135713813,103.59246301180292,375800
2018-12-26,102.98509216308594,103.5450038367593,102.89968595742147,103.2223412769562,223000
2018-12-27,103.78228759765625,103.90565457155742,103.3362579562332,103.3362579562332,263500
2018-12-28,103.79178619384766,104.01005141080614,103.68739596303404,103.90566117999252,181700
2018-12-31,103.89615631103516,103.94360179931996,103.63043116750691,103.71584463085131,174800
2019-01-02,102.90921020507812,103.20339688160114,102.71940651032888,103.20339688160114,244300
2019-01-03,103.355224609375,103.47859156258254,103.05153874252032,103.10848346269036,402500
2019-01-04,103.37418365478516,103.52601932194356,102.88070868618493,102.88070868618493,386500
2019-01-07,104.05747985839844,104.11441733817995,103.8581914388936,103.87716818539758,282000
2019-01-08,103.73482513427734,103.89616007304306,103.61145817194601,103.69686439811306,170000
2019-01-09,104.77871704101562,104.78820179392743,103.96257939389723,103.96257939389723,300500
2019-01-10,104.28520965576172,104.53195073719168,104.14285875338798,104.38959983481794,272900
2019-01-11,103.9341049194336,104.1618693174645,103.88665943337928,104.0859478514542,159300
2019-01-14,103.97207641601562,104.08595862682058,103.80125671994331,103.80125671994331,103300
2019-01-15,103.4880599975586,103.82969927972842,103.19386619108195,103.6398956561519,397900
2019-01-16,103.26981353759766,103.4406332215192,103.26032154397153,103.34573500606717,119300
2019-01-17,103.26028442382812,103.33620586500531,103.07998005136623,103.29824514441673,187800
2019-01-18,103.04204559326172,103.35521618773551,102.92816340247062,103.35521618773551,151800
2019-01-22,102.90921020507812,103.08951466475159,102.76685924408385,102.76685924408385,119100
2019-01-23,103.1654052734375,103.26979546424623,102.86172669297625,102.86172669297625,88900
2019-01-24,102.51061248779297,103.14644573064281,102.33030805200242,103.11797699026903,269700
2019-01-25,103.45960235595703,103.48807833474015,102.98510407334065,102.98510407334065,219200
2019-01-28,103.59246063232422,103.70633557769152,103.32673553250699,103.32673553250699,138500
2019-01-29,103.63043975830078,103.68738448534094,103.44064330888806,103.49758079565778,108400
2019-01-30,104.03849029541016,104.22829395162475,103.41215633057489,103.51654653142562,510500
2019-01-31,103.73482513427734,104.12391724975865,103.63992691400169,104.07646451948577,189900
2019-02-01,103.83919525146484,104.10491311291727,103.74429704955594,103.88664797255365,140500
2019-02-04,103.6114501953125,103.7632858880103,103.54502072220667,103.7632858880103,83700
2019-02-05,103.45960235595703,103.6209372746512,103.32674341604599,103.6209372746512,315200
2019-02-06,103.0230484008789,103.28876623839193,102.98508767548161,103.28876623839193,213300
2019-02-07,102.766845703125,102.95664213259528,102.766845703125,102.87123591141456,71900
2019-02-08,102.57703399658203,102.89020459691412,102.57703399658203,102.89020459691412,83000
2019-02-11,102.17842864990234,102.39670098198506,102.09302245926156,102.35874026161123,128100
2019-02-12,102.67195129394531,102.7383807707491,102.26388243921635,102.38724939891767,125300
2019-02-13,102.06460571289062,102.40624512999273,102.0551137178959,102.24491017616562,75200
2019-02-14,102.30184936523438,102.41572433792047,102.06460018511116,102.3777636002683,109200
2019-02-15,102.37776947021484,102.44419895484734,102.0076613072237,102.2923632358034,149400
2019-02-19,102.766845703125,102.89021265825372,102.48214381864989,102.48214381864989,240600
2019-02-20,102.74785614013672,103.0135812633524,102.65295793055147,102.78581687202467,154200
2019-02-21,102.70991516113281,102.82379013040018,102.58654095739959,102.71939991505832,45600
2019-02-22,102.66246032714844,102.85225676555243,102.61500759741243,102.70991305688445,372800
2019-02-25,102.90921020507812,102.96614769336757,102.70042976098928,102.95665569856246,125900
2019-02-26,103.1654052734375,103.26030347228131,102.77632048609736,102.9756088757499,124400
2019-02-27,102.98509216308594,103.20336453356467,102.90917794925141,103.08948235241033,106700
2019-02-28,103.0230484008789,103.20336003644906,102.90917346495507,103.12743858565446,95300
2019-03-01,102.92816925048828,103.31726132759633,102.83327103957174,103.08001218017027,485300
2019-03-04,102.70991516113281,102.72889190925399,102.44419000554521,102.72889190925399,149500
2019-03-05,102.61502075195312,102.96615217231016,102.23542782648396,102.60553599700606,399800
2019-03-06,102.43468475341797,102.54855969989782,102.37774003990931,102.4536614977417,286100
2019-03-07,101.2579345703125,101.89376779646466,101.22946583068634,101.89376779646466,421600
2019-03-08,101.70396423339844,101.8463151719409,101.64702675408925,101.67549549374385,112600
2019-03-11,101.86530303955078,101.88428702823944,101.62805386283456,101.789388805607,86900
2019-03-12,102.28285217285156,102.36826563161073,102.04560302335422,102.04560302335422,143000
2019-03-13,102.63399505615234,102.66246379884866,102.30184765757825,102.31133241163018,126300
2019-03-14,102.3587646484375,102.38723338543373,102.25437445260545,102.3587646484375,346900
2019-03-15,102.52958679199219,102.70989845102378,102.3777438706458,102.3777438706458,121000
2019-03-18,102.69095611572266,102.76687760718853,102.54860512929213,102.64351061376044,369000
2019-03-19,102.833251953125,102.8427439445357,102.67192430048328,102.76682249378617,67000
2019-03-20,103.51656341552734,103.63993038198677,102.71940240994316,102.76685514180389,587000
2019-03-21,102.91867065429688,103.1559197865016,102.69091351465565,103.08949031909503,212300
2019-03-22,102.27336120605469,102.43469613193689,102.05509604087743,102.3113219391876,586200
2019-03-25,102.42520904541016,102.56755999141068,102.37775631665336,102.41571705160483,392200
2019-03-26,102.01713562011719,102.2733615192119,101.97917488686805,102.2069320460933,87300
2019-03-27,101.82733154296875,101.96967523162054,101.77038682723902,101.91273775615983,108700
2019-03-28,101.59009552001953,101.73243922704306,101.51417404942701,101.59009552001953,359600
2019-03-29,101.56160736083984,101.75141101456316,101.51416187761082,101.68498154582727,218400
2019-04-01,101.46670532226562,101.77987590888053,101.42874459295453,101.72293843504829,310200
2019-04-02,101.40028381347656,101.52365800348666,101.23895613144575,101.41926779975628,142100
2019-04-03,101.74195098876953,101.81787247411312,101.60909200955393,101.66602950342595,237900
2019-04-04,101.60908508300781,101.60908508300781,101.43826537276496,101.4572493629424,94000
2019-04-05,101.54263305664062,101.67549199730628,101.46671159332618,101.58059378829785,148100
2019-04-08,101.95072937011719,102.03613560918006,101.88429988186677,101.9886901120133,204900
2019-04-09,101.94120025634766,102.11201991254677,101.92222351244489,102.07405918447267,97800
2019-04-10,102.01713562011719,102.05509635336632,101.67549626114453,101.6849882545242,123400
2019-04-11,101.90326690673828,102.03612587055866,101.80836868119093,101.90326690673828,73000
2019-04-12,102.22589874267578,102.44416387160466,102.18793801584721,102.38722640149597,151000
2019-04-15,102.28285217285156,102.33030489885881,102.22591469385843,102.24489144009965,72900
2019-04-16,102.0930404663086,102.28283686138667,102.07405648263976,102.21640739908251,51800
2019-04-17,102.2164077758789,102.30182122216677,102.15947030519926,102.22589976774832,82000
2019-04-18,101.59957885742188,101.79886728474683,101.56161812265476,101.7798905374982,191500
2019-04-22,101.85580444335938,101.89376517530758,101.7703909864086,101.79885972530242,80700
2019-04-23,101.54263305664062,101.55212504962225,101.2674231823277,101.40977411597497,128700
2019-04-24,100.90680694580078,101.40028197609125,100.7739480053276,101.22946230401585,261100
2019-04-25,100.72649383544922,100.8878215122419,100.66955635899748,100.75496257367509,351800
2019-04-26,100.83088684082031,101.08711273225025,100.82139484772459,100.86884757293389,204000
2019-04-29,101.1535415649414,101.18201754404886,100.8593549432547,101.00170587771478,117200
2019-04-30,101.4382553100586,101.57111426703774,101.28641960505534,101.49519279440105,232100
2019-05-01,101.24842071533203,101.8937385090288,101.19147601217789,101.54260726060335,266600
2019-05-02,101.04914855957031,101.26741369581617,101.04914855957031,101.25792170372375,245200
2019-05-03,101.29588317871094,101.32435191492957,100.91628313516917,100.9542438635502,257700
2019-05-06,101.29588317871094,101.39078137952923,101.16302424951161,101.16302424951161,61200
2019-05-07,101.16304016113281,101.22946963618097,101.02068921738113,101.13457142043643,101600
2019-05-08,101.21996307373047,101.4097594643256,101.14404162138513,101.32434602037006,66400
2019-05-09,101.45724487304688,101.75143154534085,101.21999568822385,101.22948044262199,118200
2019-05-10,101.55213165283203,101.76091207038763,101.5331476656344,101.6375378744122,135000
2019-05-13,101.56160736083984,101.83681722853684,101.52365387036426,101.83681722853684,132300
2019-05-14,101.32437133789062,101.41927679717006,101.30539459019676,101.4097848031881,90700
2019-05-15,101.32437133789062,101.48570627450364,101.11559815217792,101.18202762951151,521400
2019-05-16,101.07764434814453,101.19151932265706,100.99223087698964,101.18203456829468,152800
2019-05-17,100.92579650878906,101.06814746030831,100.88783577236592,101.03018672388517,143000
2019-05-20,100.96375274658203,101.0396742160455,100.92579201185029,100.95426075283164,106400
2019-05-21,100.91629028320312,101.15353942218782,100.81190732309746,100.81190732309746,162900
2019-05-22,100.84983825683594,100.97321241528516,100.82136952496843,100.95422843386181,87900
2019-05-23,101.05867004394531,101.13459152774335,100.4133519122044,100.48927339600245,190000
2019-05-24,101.33383178710938,101.37179251095013,101.1440354081733,101.18199613201406,142200
2019-05-28,100.92579650878906,101.19151442348092,100.89732776653925,101.17253767540443,150000
2019-05-29,100.64110565185547,100.81192535208424,100.55569218160586,100.75498062516104,102100
2019-05-30,100.65057373046875,100.69802645499779,100.49873804446045,100.56516751463955,74900
2019-05-31,101.01119995117188,101.0491606838277,100.69802933696349,100.84038027435543,207700
2019-06-03,101.65653228759766,101.79887600483018,101.18203392276803,101.18203392276803,490900
2019-06-04,101.74195098876953,101.83684922531334,101.50470177727433,101.56163927114635,240800
2019-06-05,101.46670532226562,101.94120357825108,101.42874459295453,101.91273484133495,198900
2019-06-06,101.89379119873047,102.13104040379761,101.64704999818473,101.86531521229465,173400
2019-06-07,102.40621948242188,102.5390784179904,102.19743908645164,102.29233729181931,217900
2019-06-10,102.29234313964844,102.33030387201943,102.0456019993717,102.24489041411735,109600
2019-06-11,102.3587646484375,102.44417085942618,102.21641372318753,102.33029591144127,91400
2019-06-12,102.00767517089844,102.33982263920245,101.96022966986746,102.21645564819575,91400
2019-06-13,101.87480926513672,101.96022274562681,101.84634051839713,101.93175399888722,52200
2019-06-14,101.24842071533203,101.59954472349007,101.21045999331841,101.59954472349007,427800
2019-06-17,101.32437133789062,101.57111249953111,101.3148865841787,101.55213575183724,154500
2019-06-18,101.12507629394531,101.28641122000963,101.0301780811407,101.20099776029681,378400
2019-06-19,101.4477767944336,101.66604204137475,101.21052755367967,101.2295043072202,442000
2019-06-20,102.00767517089844,102.15002615453496,101.82737068254585,102.01716716721334,207700
2019-06-21,102.7383804321289,102.78582592096383,102.20693737918025,102.29235084351501,641300
2019-06-24,102.93767547607422,103.01359695141231,102.80481651436779,102.85226200625128,190200
2019-06-25,102.70040130615234,102.96611916490912,102.48212892773434,102.92815843647692,246400
2019-06-26,102.67195129394531,102.89970846580546,102.52010835252526,102.64348255249655,87900
2019-06-27,102.69095611572266,102.75738561068732,102.59605787152628,102.66248736649094,86000
2019-06-28,102.74785614013672,102.89969906768854,102.55805972096623,102.83326959695194,214800
2019-07-01,101.96969604492188,102.48215514947472,101.9127585578395,102.47267039514132,161500
2019-07-02,101.93177032470703,102.17850432948238,101.91278633032589,102.08360607839398,142900
2019-07-03,101.90326690673828,102.16899207464957,101.83683742482808,102.05510985983044,223100
2019-07-05,101.39080047607422,101.428761211605,101.23896477422105,101.428761211605,307100
2019-07-08,101.23894500732422,101.3528271916811,101.22945301522734,101.30537447146526,89200
2019-07-09,101.22947692871094,101.28642165447575,101.17253944321642,101.21999217464204,117800
2019-07-10,101.61854553222656,101.73242047685723,101.49517135518519,101.55211606776913,129100
2019-07-11,101.65653228759766,101.70397777991835,101.56162682241536,101.64704029302534,127600
2019-07-12,101.79885864257812,101.81784262848497,101.53314076203618,101.53314076203618,157500
2019-07-15,101.66600036621094,101.77988256158797,101.637531627434,101.75141382281103,93500
2019-07-16,101.23894500732422,101.34333519958422,101.17251554318318,101.32435121539045,115300
2019-07-17,101.3718032836914,101.43823274740524,101.24843634829958,101.24843634829958,72400
2019-07-18,101.81787872314453,101.8463474718278,101.25796678471039,101.26745878102874,181900
2019-07-19,101.2863998413086,101.47619624559573,101.1345569256639,101.32435332995104,223100
2019-07-22,101.21049499511719,101.343353947978,101.17253425997554,101.29590121898346,194100
2019-07-23,100.64110565185547,100.81192535208424,100.62212166279092,100.78344936848742,203900
2019-07-24,100.5461654663086,100.6695396318131,100.49871999057203,100.64107089831757,134100
2019-07-25,100.631591796875,100.9827231155877,100.4607721337538,100.78342747505559,497700
2019-07-26,100.41333770751953,100.56518065363558,100.31843948633208,100.54619666523598,102800
2019-07-29,100.61259460449219,100.64107057816506,100.3943294882089,100.3943294882089,109400
2019-07-30,100.7075424194336,100.71702717438168,100.56519145223183,100.61263694778512,59800
2019-07-31,99.90089416503906,100.61264179506726,99.8629406628763,100.61264179506726,378000
2019-08-01,100.14762115478516,100.14762115478516,99.62567731101711,99.64465405940474,245000
2019-08-02,100.27095794677734,100.33738740175306,100.08115433236988,100.08115433236988,162100
2019-08-05,101.0301742553711,101.19150193505679,100.81190909821264,100.81190909821264,409700
2019-08-06,101.05867004394531,101.11561477692945,100.79295209092338,100.8309128328224,180500
2019-08-07,101.10610961914062,101.43825701717826,101.09661762483375,101.3053980579632,98600
2019-08-08,100.96375274658203,101.35284484737991,100.92579201185029,101.01120547506416,544800
2019-08-09,101.08711242675781,101.25793210061798,100.98272946409762,101.08711242675781,82100
2019-08-12,101.1820068359375,101.32435051506404,101.17251484390621,101.1820068359375,65100
2019-08-13,100.84039306640625,101.21999320084892,100.82140907753542,101.21050120641351,103300
2019-08-14,100.4797592163086,100.88782805128966,100.44179848279063,100.8593593112186,206000
2019-08-15,100.30892944335938,100.55567056626627,100.10015629042002,100.55567056626627,544600
2019-08-16,100.09068298339844,100.20455795348435,99.89139454547785,99.91037129373542,189500
2019-08-19,99.95781707763672,100.17608224864527,99.94832508403252,100.12863676116372,118000
2019-08-20,100.15713500976562,100.2235645040269,99.85345628738959,99.93886253418042,154300
2019-08-21,100.03372955322266,100.22352596662626,99.98627682973722,100.17607324314082,98500
2019-08-22,99.98626708984375,100.12861800616426,99.8913688923862,100.02422781688044,65800
2019-08-23,100.50822448730469,100.63159142789088,99.6446341823949,99.92933603330927,524700
2019-08-26,100.10962677001953,100.35636785774857,100.10014201914876,100.35636785774857,61300
2019-08-27,100.05272674560547,100.18558571019337,100.01476600711314,100.12864822259013,45400
2019-08-28,99.92935180664062,99.99578128363703,99.90087582483935,99.99578128363703,46800
2019-08-29,99.74903869628906,100.06220932919341,99.61617974419688,99.79649142500907,533600
2019-08-30,99.17015075683594,99.67311782711164,98.90443285105029,99.58771160322478,197000
2019-09-03,98.95186614990234,98.99931887306262,98.5627813330104,98.71461701463903,523000
2019-09-04,99.52130126953125,99.55926201198373,99.33149755726885,99.33149755726885,185600
2019-09-05,99.55924224853516,99.9957798396749,99.51178951982155,99.89138962872084,177200
2019-09-06,99.4548568725586,99.71108279536682,99.44536487830045,99.60669257933786,87000
2019-09-09,99.66360473632812,99.8059556529431,99.62565124948128,99.63513600105881,74400
2019-09-10,99.5782241821289,99.67312240422879,99.5023027083409,99.55924743381703,74500
2019-09-11,99.31249237060547,99.31249237060547,99.08473522137429,99.16064944427185,86700
2019-09-12,99.7964859008789,99.97679033144065,98.97085625263381,99.08473845109607,236800
2019-09-13,99.86290740966797,99.96729036626418,99.77749395756521,99.85341541715236,90600
2019-09-16,99.24608612060547,99.39792184219424,99.13220389921071,99.35996110172931,84500
2019-09-17,99.81547546386719,99.84394420707089,99.37893784077951,99.46434407039061,120700
2019-09-18,99.48330688476562,99.78698548141904,99.31248722163127,99.66361130010215,86700
2019-09-19,99.58771514892578,99.78700358536045,99.54026241823031,99.74904284885811,88400
2019-09-20,99.35997009277344,99.3884460809021,99.17017361354515,99.34099334095924,222200
2019-09-23,99.14165496826172,99.17012370179066,99.02777279387803,99.05624152740697,127900
2019-09-24,99.33148193359375,99.36944267007546,99.12270150307947,99.16066223956118,103700
2019-09-25,98.68614196777344,99.04676526409094,98.6102277519469,99.02778127993288,150400
2019-09-26,98.44893646240234,98.86649741564422,98.3635302166602,98.78108392963031,145500
2019-09-27,98.64820098876953,98.79055193737891,98.50585728043015,98.50585728043015,117700
2019-09-30,98.27809143066406,98.3824816421011,98.20217720074888,98.2211539481602,148000
2019-10-01,98.61024475097656,98.6292214981374,98.13574642898809,98.20217590445567,904800
2019-10-02,98.81902313232422,98.8380071207541,98.61024994148681,98.61973469543156,389400
2019-10-03,98.92341613769531,99.17015731235104,98.74311168414764,98.79055717602002,406400
2019-10-04,98.99932098388672,99.04677370805875,98.80003257484867,98.80003257484867,77300
2019-10-07,98.91387939453125,99.15112845000668,98.88540342605027,99.0941837533113,65100
2019-10-08,98.74309539794922,98.96136055315746,98.63870519666904,98.94238380759252,341400
2019-10-09,98.92341613769531,98.9993376130156,98.88545540003517,98.96137687535546,52600
2019-10-10,99.21760559082031,99.35994930031833,99.18912960865065,99.31250381057569,94600
2019-10-11,99.53077697753906,99.70159668291197,99.38843325662052,99.63516719972642,205100
2019-10-14,99.37892150878906,99.43585898583933,99.3030000458759,99.36942951585762,30000
2019-10-15,99.4358901977539,99.54028043195923,99.06578200021559,99.12271949513796,271200
2019-10-16,99.82495880126953,99.90087302980578,99.53076491971365,99.54025691338184,104100
2019-10-17,100.26148986816406,100.318427345932,100.12863092652601,100.2330211292801,235300
2019-10-18,100.58419799804688,100.63165074792785,100.33746397143048,100.42287023288851,249900
2019-10-21,100.46077728271484,100.56516748443198,100.37536382664209,100.54618349851839,96100
2019-10-22,100.31842803955078,100.48924771430497,100.21403783607494,100.38485751082911,169000
2019-10-23,100.30892944335938,100.37535891026482,100.14760177234169,100.20453924675526,59100
2019-10-24,100.02423858642578,100.30893320945131,99.96729386960536,100.30893320945131,138900
2019-10-25,99.83443450927734,99.98627743313182,99.77749703296647,99.98627743313182,86100
2019-10-28,100.0432357788086,100.0432357788086,99.86293131945567,99.86293131945567,27100
2019-10-29,100.119140625,100.14760936436494,99.94832094854088,99.98628168111729,49700
2019-10-30,100.42281341552734,100.46077414590003,99.86290893313551,100.0906660751026,97100
2019-10-31,100.47025299072266,100.52719045869617,100.30891809768427,100.45126900788611,142600
2019-11-01,100.62212371826172,100.64110770771406,100.39436652672762,100.4513040145435,189800
2019-11-04,100.25201416015625,100.56518481929025,100.21405342205482,100.5367160757818,88500
2019-11-05,99.69208526611328,99.9388191432312,99.0942128370714,99.91984239894087,677500
2019-11-06,99.68260192871094,99.83443761702279,99.48331351515013,99.83443761702279,90700
2019-11-07,99.51180267333984,99.65415363802683,99.40741244858744,99.64466164297548,166300
2019-11-08,99.27454376220703,99.36944198261968,99.24607502011025,99.29352051018151,103500
2019-11-11,99.37892150878906,99.43585898583933,99.35045277026393,99.36942951585762,104700
2019-11-12,99.17963409423828,99.26504031067083,99.09422063753644,99.23657157185998,88600
2019-11-13,99.15115356445312,99.19859904340595,99.04676337438114,99.1037008452319,115000
2019-11-14,99.26505279541016,99.32199752046319,99.00882687361724,99.0752563526206,47100
2019-11-15,99.55924224853516,99.55924224853516,99.36943857395059,99.36943857395059,91800
2019-11-18,99.73955535888672,99.85343757353665,99.59720440064194,99.59720440064194,63200
2019-11-19,99.73003387451172,99.80595532849534,99.71105713114999,99.72054912296504,52200
2019-11-20,99.72055053710938,99.76799601632071,99.56870762698883,99.6161603464686,101700
2019-11-21,99.5687026977539,99.77748306869958,99.51176522941167,99.7110536088776,75600
2019-11-22,99.24608612060547,99.54976480405394,99.17016463967563,99.54976480405394,55000
2019-11-25,99.14165496826172,99.26502189364308,99.08471750120384,99.10369424346716,95000
2019-11-26,99.25556182861328,99.26505382293207,99.09423412654519,99.13219486355008,85900
2019-11-27,99.03729248046875,99.09422996344892,98.97086300356855,99.04678447438876,152200
2019-11-29,99.17963409423828,99.26504031067083,98.94238495045548,98.96136169623962,70900
2019-12-02,99.77751159667969,99.81547233318412,99.36944272959468,99.36944272959468,161600
2019-12-03,99.72055053710938,99.85340946333064,99.71105854515973,99.73003528879056,112600
2019-12-04,99.70158386230469,100.0527152227167,99.62566963433348,99.96730176087823,219900
2019-12-05,99.92935180664062,99.95782054817195,99.8154696002454,99.89139107117555,116200
2019-12-06,99.54977416992188,99.68263315391332,99.36946244581708,99.68263315391332,76200
2019-12-09,99.55924224853516,99.66362521921934,99.50229752602485,99.65414046569252,63600
2019-12-10,99.83443450927734,99.8629104877019,99.66361484007561,99.71106756384742,93800
2019-12-11,100.22352600097656,100.2899554697175,99.75851971979002,99.8439259337702,195200
2019-12-12,100.1666030883789,100.29946204517736,99.9293539169145,100.28047805690893,107800
2019-12-13,100.0432357788086,100.46079666624394,99.98629829062037,100.45130467145569,129900
2019-12-16,100.26148986816406,100.39434880980211,100.19506039734505,100.32791933898308,111900
2019-12-17,100.29945373535156,100.38485995467317,100.27098499557769,100.33741446847323,30800
2019-12-18,100.03372955322266,100.17607324314082,99.97678483698633,100.09066702918993,35900
2019-12-19,100.10018157958984,100.12865032398892,99.93884662754385,100.07170559492005,68500
2019-12-20,99.65413665771484,99.74903487124595,99.56872319734812,99.74903487124595,93200
2019-12-23,99.77751159667969,99.81547233318412,99.7015901236708,99.71108211786445,51100
2019-12-24,99.73003387451172,99.76799460150353,99.65411966079644,99.65411966079644,78100
2019-12-26,99.88189697265625,99.93883445451917,99.80597550332581,99.84393623799103,43200
2019-12-27,100.52721405029297,100.64109625323378,100.35639436601662,100.36588635966245,267300
2019-12-30,100.74546813964844,100.91628055258887,100.68852342839986,100.71699216388993,219300
2019-12-31,100.87834930419922,101.03967700105348,100.8688573101872,101.03967700105348,62800
2020-01-02,100.4512939453125,100.74548783016924,100.40384845697872,100.5461921622499,124300
2020-01-03,100.39433288574219,100.55566054067519,100.2709659567231,100.2709659567231,54300
2020-01-06,100.65057373046875,100.68853446203813,100.57465950759921,100.68853446203813,47000
2020-01-07,100.21403503417969,100.35638596587305,100.13811357190734,100.35638596587305,67500
2020-01-08,99.91983795166016,100.08116561188805,99.90085396794606,100.06218886844233,50200
2020-01-09,99.90089416503906,99.91987815639175,99.78701917800818,99.88191741395768,57200
2020-01-10,99.98626708984375,100.02422781688044,99.75850996789197,99.76799471944986,20700
2020-01-13,100.15713500976562,100.19509575509662,99.99580727231283,99.99580727231283,25300
2020-01-14,100.0432357788086,100.10966526178507,99.9008848180674,99.9008848180674,26300
2020-01-15,100.26148986816406,100.37536482369993,100.19506039734505,100.32791933898308,54700
2020-01-16,100.15713500976562,100.28050200188744,100.05274477017338,100.28050200188744,52000
2020-01-17,99.74903869628906,99.82496016613312,99.69210121404095,99.79649142500907,79400
2020-01-21,99.69208526611328,99.90085841438182,99.67310128155424,99.87238967781197,87500
2020-01-22,99.71109771728516,99.73007446837113,99.53078600074753,99.70160572160651,34100
2020-01-23,99.40739440917969,99.54025335470548,99.23657473060803,99.53076136137663,126300
2020-01-24,99.1227035522461,99.2270937696613,99.07525806086575,99.2270937696613,41700
2020-01-27,99.0467758178711,99.0942213027846,98.98034634677673,99.0942213027846,37200
2020-01-28,99.06573486328125,99.0752268546757,98.8759384770003,98.89491521952118,83400
2020-01-29,98.9423828125,99.0467730127303,98.8000318812524,98.8000318812524,42800
2020-01-30,99.17015075683594,99.19861949813156,99.0088230626475,99.09422928653434,56700
2020-01-31,99.68260192871094,99.68260192871094,99.34096257967259,99.34096257967259,106600
2020-02-03,99.35997009277344,99.44538357661628,99.18915036535934,99.44538357661628,57100
2020-02-04,99.22709655761719,99.26505729595023,99.160667075602,99.26505729595023,38800
2020-02-05,98.84750366210938,98.91393314412946,98.80005092912195,98.90444114947786,121200
2020-02-06,98.64820098876953,98.83800466700536,98.5722867577452,98.83800466700536,34000
2020-02-07,98.36348724365234,98.61022835734198,98.33501850750905,98.46787743635686,103600
2020-02-10,98.05032348632812,98.27808063158689,98.03134674100201,98.21165116254187,59000
2020-02-11,98.12626647949219,98.14524322898225,98.05034500099052,98.0598369958709,23500
2020-02-12,97.72769165039062,98.02187833548538,97.63278618011542,98.02187833548538,41200
2020-02-13,97.42401123046875,97.58533894262234,97.37655849617853,97.53788620833213,36400
2020-02-14,97.37654113769531,97.5758295537015,97.34807239830435,97.52837682787026,42400
2020-02-18,96.99693298339844,97.23418211228072,96.93050351692216,96.93999550935271,49300
2020-02-19,97.11084747314453,97.12982422404896,96.86410626975969,96.94951974950766,126400
2020-02-20,96.94952392578125,97.20574989552009,96.87360243835066,97.1393204040862,139800
2020-02-21,97.47147369384766,97.58535593180815,97.10136547081603,97.12034222367346,254800
2020-02-24,97.47147369384766,97.64229343065242,97.27218520762078,97.30065395704291,104600
2020-02-25,97.72769165039062,97.79412113542077,97.33859949502066,97.40502898005079,145000
2020-02-26,97.74663543701172,97.88898635414843,97.49989432999266,97.59479252799431,70700
2020-02-27,98.72412109375,98.8380032991154,98.46789518201521,98.58177014711072,313300
2020-02-28,99.17015075683594,99.18912750427639,98.37299703947897,98.54380948725269,157400
2020-03-02,99.98626708984375,100.41331259853689,99.81544743831282,99.88187690055993,289700
2020-03-03,100.41333770751953,100.65058688062322,99.8534331343245,99.88190187665371,271100
2020-03-04,100.03372955322266,100.05270629845539,99.64463749339549,99.73953570009729,262400
2020-03-05,100.84983825683594,100.84983825683594,100.30891063055076,100.54615971647,78200
2020-03-06,101.53315734863281,101.94122622906184,101.38132163792014,101.88428874257839,252400
2020-03-09,102.833251953125,103.03254033114148,102.31130102955703,102.89018942105312,447600
2020-03-10,101.46670532226562,102.19743669103374,101.26741692358398,102.1120232400166,155600
2020-03-11,101.1915054321289,101.89376813315243,101.05864648658813,101.7893779273319,77200
2020-03-12,100.41333770751953,100.95426553258514,99.28403656692967,100.8498753171979,298500
2020-03-13,99.7964859008789,99.93882959861989,99.28402686820293,99.66361971587153,162100
2020-03-16,100.31842803955078,101.82733637325757,99.6731100727316,99.75852353024337,206000
2020-03-17,98.78105163574219,98.9518713116532,98.36349805928033,98.54380248810295,313300
2020-03-18,97.87001037597656,98.07879077281913,96.90203709275161,97.97440057439785,413900
2020-03-19,95.858154296875,97.16776707630048,95.66835062141992,97.16776707630048,221500
2020-03-20,95.7537612915039,96.49397750350566,95.50702014074676,95.95304971471441,222800
2020-03-23,96.2567367553711,97.167772729752,96.2567367553711,96.5319466705909,169800
2020-03-24,96.72173309326172,97.38603506675675,96.45601519997153,97.38603506675675,87400
2020-03-25,97.70870208740234,97.73717083075285,96.81664284764419,97.15828224839113,276400
2020-03-26,99.22709655761719,99.22709655761719,98.31606055843585,98.39198203510192,367900
2020-03-27,99.7964859008789,99.84393138670275,98.31604628194738,98.37299100131325,211300
2020-03-30,99.17015075683594,99.17964275069112,98.81901938689352,98.98983907493714,105900
2020-03-31,98.9803466796875,98.99932342566287,98.21165452270223,98.37298944470491,120100
2020-04-01,98.24958801269531,98.30652547510338,97.86050328579461,98.09775236618468,62800
2020-04-02,97.37654113769531,97.72767248414587,97.12979999585791,97.50940008169944,100700
2020-04-03,97.0728530883789,97.12979056163049,96.72172177603377,96.81661997820932,331800
2020-04-06,96.89253997802734,97.053867643325,96.6837595922216,96.71223556868762,83700
2020-04-07,97.86053466796875,98.05982309057266,97.68022299216392,97.91747214863568,29100
2020-04-08,97.39552307128906,97.69920170808275,97.37654632410751,97.69920170808275,81600
2020-04-09,98.10728454589844,98.22116676603773,97.97442557587135,98.1357605311364,38900
2020-04-13,97.9459457397461,97.99339846949842,97.75614930127688,97.86053951451595,101700
2020-04-14,98.56278991699219,98.56278991699219,98.26860328053061,98.26860328053061,49100
2020-04-15,97.8794937133789,98.09776608357728,97.49989368362037,97.53785441062305,45100
2020-04-16,97.31010437011719,97.62327496047749,97.03489450952198,97.55684549345581,56000
2020-04-17,97.5188980102539,97.69920245079376,97.45246853420872,97.45246853420872,47800
2020-04-20,97.37654113769531,97.64225902570355,97.37654113769531,97.42399386352653,61700
2020-04-21,97.41452026367188,97.57584797752813,97.14880232549199,97.14880232549199,35100
2020-04-22,97.04440307617188,97.47144868849335,96.95898960954551,97.46195669436372,58200
2020-04-23,96.70275115966797,97.24367891064229,96.54142348171948,96.7312198980978,274200
2020-04-24,96.96845245361328,97.00641317845013,96.73120335358391,96.80712480325762,64700
2020-04-27,97.12031555175781,97.35756471881636,97.01593257930044,97.32909597721253,31100
2020-04-28,97.1488037109375,97.45248239322684,97.091858980322,97.45248239322684,119100
2020-04-29,97.49990844726562,97.56633791951214,97.26265929777531,97.44297096827418,83600
2020-04-30,98.25906372070312,98.37294586691522,97.23414612559264,97.27210684099668,180000
2020-05-01,98.42992401123047,98.7810481034082,98.39196328013331,98.42992401123047,104800
2020-05-04,97.68972778320312,98.02187519772147,97.68972778320312,97.96493770959565,71800
2020-05-05,97.27212524414062,97.61376450714633,97.14875832593705,97.44294487564348,205700
2020-05-06,96.76920318603516,97.07288186718857,96.76920318603516,97.00645238194473,75400
2020-05-07,97.09183502197266,97.139287745731,96.55090727636546,96.74071093112973,223000
2020-05-08,97.15827941894531,97.5094108040069,97.00644371207424,97.09184993963855,41700
2020-05-11,96.96845245361328,97.14876408652134,96.86406227037892,97.09181937913209,31200
2020-05-12,97.26266479492188,97.50940595161272,97.26266479492188,97.48093721050797,25400
2020-05-13,96.9590072631836,97.44299768813438,96.93053851588145,97.43350569227651,84900
2020-05-14,96.82612609863281,96.9495002957047,96.64581442000147,96.73122788261044,32500
2020-05-15,96.97798156738281,97.25319149759747,96.8735913441886,97.16777802395188,31600
2020-05-18,97.88903045654297,97.90800720858563,97.19625954250354,97.21524353481787,89200
2020-05-19,97.9459457397461,98.18319490796763,97.92696899200718,97.98390647549394,103500
2020-05-20,98.41094970703125,98.58176939363881,98.30655949631164,98.37299621246943,153700
2020-05-21,98.14523315429688,98.50585652002619,98.04084294214049,98.43942704322393,46200
2020-05-22,97.7371597290039,97.74665172246604,97.58532403495775,97.7086909888871,106700
2020-05-26,98.40144348144531,98.54378715566607,98.29705329350458,98.29705329350458,55100
2020-05-27,98.56278991699219,98.70514085860154,98.20217380648221,98.56278991699219,66500
2020-05-28,99.2081069946289,99.40739541493389,98.85697564060416,98.91392036088386,104400
2020-05-29,99.4358901977539,99.74906090036987,99.32201520790919,99.5972179268816,149400
2020-06-01,99.77751159667969,99.79649558506699,99.58771515442766,99.63516064485557,75700
2020-06-02,100.05272674560547,100.30895268009053,100.01476600711314,100.11915622789941,68300
2020-06-03,100.75496673583984,100.85935694049311,100.32792116427241,100.33741315749619,199700
2020-06-04,101.50468444824219,101.78938634954022,100.83089767145826,100.83089767145826,128800
2020-06-05,101.1535415649414,101.41926668805925,101.05864335539111,101.40977469502343,108500
2020-06-08,101.21996307373047,101.39077548110517,101.10608089521246,101.2958772858076,73800
2020-06-09,101.55213165283203,101.79886556424346,101.25793777342655,101.26742976702536,111700
2020-06-10,102.04562377929688,102.32083371752346,101.44775840745557,101.90327281259059,141300
2020-06-11,101.22947692871094,102.1310281439058,101.17253944321642,101.8558182302318,108800
2020-06-12,100.8118896484375,101.41924675853303,100.46075837780471,101.25791186970464,87700
2020-06-15,101.3623275756836,101.49518652445528,100.76446230621103,100.78343905306282,192900
2020-06-16,100.85935974121094,101.07763214980237,100.58414985223463,101.07763214980237,152000
2020-06-17,100.66954803466797,100.72648550641156,100.3943381874597,100.72648550641156,134800
2020-06-18,100.32793426513672,100.59365218794464,100.23303604131537,100.52722270724266,67000
2020-06-19,100.195068359375,100.60313720976752,100.04322541956854,100.59364521596216,168200
2020-06-22,100.7834243774414,100.90679855495684,100.52719851076922,100.55566724703628,174300
2020-06-23,101.22947692871094,101.62805380771316,101.22947692871094,101.42876536821204,83900
2020-06-24,100.7739486694336,101.01119781330907,100.75496468337275,100.92578435657387,54100
2020-06-25,100.49874877929688,100.5651782565717,100.3563978307737,100.4607880436727,81400
2020-06-26,100.52721405029297,100.60313551892018,100.2804728973894,100.48925331597935,62800
2020-06-29,100.60313415527344,100.97324225947719,100.49874394739344,100.97324225947719,52500
2020-06-30,100.58419799804688,100.7929785130862,100.35644072721901,100.51776849237737,74100
2020-07-01,100.73597717285156,100.89730483578266,100.49872805432872,100.49872805432872,97800
2020-07-02,100.631591796875,100.9827231155877,100.50822485583647,100.86884092675062,108000
2020-07-06,101.2674331665039,101.57111180943278,101.22947243110406,101.47621359106812,58200
2020-07-07,100.90680694580078,101.21997755131721,100.90680694580078,101.21997755131721,33400
2020-07-08,101.46670532226562,101.59007950259387,101.21047944975174,101.21047944975174,50200
2020-07-09,101.0396957397461,101.56163966288595,101.0302037439737,101.56163966288595,32300
2020-07-10,101.16304016113281,101.33385984558088,101.12507942678104,101.24845362349173,51400
2020-07-13,101.58061218261719,101.80836937353376,101.53315944938555,101.53315944938555,68800
2020-07-14,101.96019744873047,102.13101712705803,101.71345630441964,101.76090903072655,78900
2020-07-15,102.14051055908203,102.51061868686196,102.07408108076947,102.45368120267123,88200
2020-07-16,101.89379119873047,102.39675835502942,101.77990897380063,102.16900114544089,69000
2020-07-17,102.38727569580078,102.42523644090554,102.2449247117259,102.2449247117259,76500
2020-07-20,102.4726791381836,102.4726791381836,102.08358696920176,102.27338343585025,101300
2020-07-21,103.14643859863281,103.28878229065946,102.36826170772069,102.39673044612603,185000
2020-07-22,103.6114501953125,103.82972260138567,103.49756799558699,103.70634840828231,130300
2020-07-23,103.76327514648438,104.03848500379593,103.41215107081732,103.44061980773424,130800
2020-07-24,104.18085479736328,104.24728427562373,103.81074666987361,103.96258961462327,261800
2020-07-27,105.10139465332031,105.41456533216453,105.00649642222929,105.01598841741966,594300
2020-07-28,104.826171875,105.07291303783053,104.79770313318687,104.97801481836342,468900
2020-07-29,105.3670883178711,105.6328061998078,105.12034718167162,105.14882316068135,220900
2020-07-30,105.99343872070312,105.99343872070312,105.34812070565053,105.49995640552002,248100
2020-07-31,105.39556121826172,106.01241046298271,105.24372552556076,105.80363005028303,264700
2020-08-03,105.22474670410156,105.24373069178955,104.68381889931264,104.77872435721272,320700
2020-08-04,105.58536529541016,105.60434204197055,104.88310258809268,104.92106332148305,318700
2020-08-05,106.1073226928711,106.50590682443739,106.07885394924575,106.24967365126831,319000
2020-08-06,106.23068237304688,106.39201005837262,105.7656688231981,105.98394122825665,143600
2020-08-07,105.43352508544922,105.5284233012418,105.15831519146188,105.31015812894583,280000
2020-08-10,105.02543640136719,105.44299716029856,104.98747567416721,105.25320076456707,134000
2020-08-11,104.97801208496094,105.44301841643106,104.89259862147549,105.26270673594944,120900
2020-08-12,105.44300079345703,105.66126593204199,105.2911578794252,105.49045351415914,64200
2020-08-13,105.62332916259766,106.12629622447112,105.49995496535111,105.85108632942776,82200
2020-08-14,105.87005615234375,105.98393834844548,105.65179099348543,105.77515794239365,82400
2020-08-17,106.16426849365234,106.24967472539178,106.04089428300128,106.07885502164234,95300
2020-08-18,106.74313354492188,107.00885141653376,106.61026736884696,106.92343796336195,200500
2020-08-19,105.94599914550781,106.84754318363895,105.80364818152111,106.8095896841619,146900
2020-08-20,106.08834075927734,106.10731750734334,105.61384241465598,105.64231115689005,68500
2020-08-21,105.46200561523438,105.46200561523438,105.12036620797508,105.33863864494042,198500
2020-08-24,105.44300079345703,105.84157758238763,105.37657132863526,105.84157758238763,207200
2020-08-25,105.78463745117188,105.88902764187806,105.59483381340225,105.82259817872581,326900
2020-08-26,105.7562026977539,105.87007767673818,105.47150076975166,105.47150076975166,137400
2020-08-27,105.6802749633789,106.26865553429953,105.21526859941685,106.1642653162286,300100
2020-08-28,106.38251495361328,106.46792841057963,106.13577381603963,106.31608548275914,117400
2020-08-31,106.68621063232422,106.98040454196233,106.59131240739308,106.74315535949927,112500
2020-09-01,106.49640655517578,107.27458352831067,106.42997707845463,107.23662279300288,227600
2020-09-02,105.9270248413086,105.93650959626143,105.70875239278695,105.84161136483631,147900
2020-09-03,105.97444915771484,106.0598626171171,105.65179378729844,105.93648842467712,256800
2020-09-04,105.86056518554688,105.94597139740785,105.31963745628734,105.50943386504655,240500
2020-09-08,105.29115295410156,105.4809565877627,105.18676276565502,105.32911368083379,87100
2020-09-09,105.5188980102539,105.72767834895151,105.4619533104392,105.63277292934934,87100
2020-09-10,105.6328125,106.49640290807014,105.55689827225413,106.36354395917776,75900
2020-09-11,105.84158325195312,105.89852072763068,105.69923232249019,105.89852072763068,40400
2020-09-14,106.03141021728516,106.22120667145269,105.99344947839752,106.16426918325655,36300
2020-09-15,105.87955474853516,106.14527264907453,105.81312527340032,106.12629590200876,34000
2020-09-16,105.46200561523438,105.98395672084456,105.34813063966166,105.98395672084456,68600
2020-09-17,105.87955474853516,105.89853149560092,105.4050564289235,105.49046989139387,31700
2020-09-18,105.87955474853516,106.05037443320614,105.68026632313064,105.82261726706808,100200
2020-09-21,105.12985229492188,105.20577376788432,104.83566563753008,105.18678977950863,105300
2020-09-22,104.63636016845703,105.0728977065261,104.47502525460645,105.03493697622415,132300
2020-09-23,104.21882629394531,104.56046571463557,104.10494407362495,104.43709873949165,134300
2020-09-24,104.2662582397461,104.38962519029218,103.91512689397267,104.03849384451875,135300
2020-09-25,103.8581771850586,103.97205212899304,103.74429500085559,103.92460664910988,131600
2020-09-28,104.24729919433594,104.3421974282502,104.03851873556187,104.26628318528148,75900
2020-09-29,104.87360382080078,104.93054129314305,104.56992523452763,104.56992523452763,124700
2020-09-30,104.7407455444336,104.94951869107895,104.38961423550835,104.61737136656515,100600
2020-10-01,104.94956970214844,105.01600643961163,104.7407964540282,104.8451866982244,67600
2020-10-02,104.59840393066406,104.74075486534315,104.54146645290014,104.60789592371448,57900
2020-10-05,105.27220153808594,105.36709975761372,105.12035859462546,105.12035859462546,199700
2020-10-06,104.94004821777344,105.38607778863883,104.83565801011262,105.36709380164433,159300
2020-10-07,105.03496551513672,105.18680123733066,104.97802802434785,105.15833249193624,310500
2020-10-08,105.0064697265625,105.0254464718479,104.78819733430043,104.91157151959733,309400
2020-10-09,105.60433197021484,105.63280070747508,105.38606682437369,105.49045702117385,231300
2020-10-12,105.4809799194336,105.51894065456247,105.39556645532613,105.44301918430472,173700
2020-10-13,104.9305648803711,105.09189258178462,104.75025319039702,105.09189258178462,261500
2020-10-14,104.94956970214844,105.09192069334982,104.85467145477156,105.03498319297815,286000
2020-10-15,104.53197479248047,104.53197479248047,104.37064711145648,104.4370765824822,362900
2020-10-16,104.64586639404297,104.79770934640882,104.5984209016315,104.79770934640882,331800
2020-10-19,105.09186553955078,105.3006459183721,105.07288879614356,105.19625572896145,153900
2020-10-20,105.57587432861328,105.72771726365129,105.49046810785664,105.51893684810886,314300
2020-10-21,105.88904571533203,106.08833413880393,105.7751635132325,105.78465550680822,352700
2020-10-22,105.5473861694336,105.68973708477415,105.51891743441914,105.68973708477415,252000
2020-10-23,105.89852905273438,105.9270050330808,105.59485042479896,105.83209957913193,92300
2020-10-26,105.42403411865234,105.57587705761529,105.41454936516953,105.5474083166272,45900
2020-10-27,105.44300079345703,105.68974190862444,105.43350880126289,105.60432845941438,110400
2020-10-28,104.8641357421875,104.97801795311071,104.64586331465227,104.76923751988663,345700
2020-10-29,104.24729919433594,104.56046988249705,104.02903398036025,104.50353239020272,281900
2020-10-30,103.95309448242188,104.3706553276082,103.9151337473804,104.34217934612468,257400
2020-11-02,103.88665771484375,103.90563446089766,103.74430677849665,103.85818897562821,219700
2020-11-03,104.4655532836914,104.77872391679757,104.42759254874491,104.5984122358692,45800
2020-11-04,104.4845199584961,104.70279235332903,104.26625480393233,104.38012975752414,183200
2020-11-05,105.53792572021484,105.68976867269824,105.23424705551854,105.5569097094105,93200
2020-11-06,105.99343872070312,106.09782893198148,105.76567431049405,105.97445473305076,85800
2020-11-09,105.38604736328125,106.32555172072045,105.26267320424454,106.32555172072045,172300
2020-11-10,105.3670883178711,105.5948454680641,105.32912758612738,105.5094392518427,48500
2020-11-11,105.10139465332031,105.12037140343014,104.81669271977631,104.8926142007575,44600
2020-11-12,105.3386001586914,105.43349835042042,105.17727250872528,105.17727250872528,34400
2020-11-13,105.56636810302734,105.59483683944151,105.42401718068787,105.4430011651431,47400
2020-11-16,105.73717498779297,105.75615896995475,105.4904411418321,105.54737860778187,25700
2020-11-17,105.84158325195312,105.99342617411865,105.81311451411435,105.98393418141605,37400
2020-11-18,105.73717498779297,105.92697860807186,105.73717498779297,105.87952589293519,27100
2020-11-19,105.97444915771484,105.98394115104165,105.44301337572571,105.44301337572571,31600
2020-11-20,105.77515411376953,105.92699703640908,105.71821663791424,105.91750504367684,17100
2020-11-23,105.58536529541016,106.13577782889658,105.27219467514179,106.0883323423608,366800
2020-11-24,106.1073226928711,106.1073226928711,105.66129306868605,105.69925380694335,181700
2020-11-25,106.38251495361328,106.4014989397255,106.11679707019672,106.12628906325283,50800
2020-11-27,106.67670440673828,106.70517314446055,106.44894002442213,106.44894002442213,65600
2020-11-30,106.41098022460938,107.04681341379946,106.40149547213169,107.00885268308146,54200
2020-12-01,107.69213104248047,107.71110778764978,106.84751745693067,106.8759934350882,86800
2020-12-02,107.9483413696289,107.99579408611837,107.66363955122819,107.66363955122819,44900
2020-12-03,108.346923828125,108.5841729425285,108.24253363856599,108.44182202583272,111700
2020-12-04,108.18562316894531,108.56522329478513,108.0432722167216,108.43236433678172,69800
2020-12-07,107.99581909179688,108.50827089914402,107.99581909179688,108.24255300192115,67400
2020-12-08,107.99581909179688,108.19510751471402,107.92938961749115,108.16663877433582,110200
2020-12-09,107.72061920166016,108.06225859845537,107.57826824628376,108.04327460959433,48200
2020-12-10,108.30895233154297,108.39436576917491,107.95782831091074,107.95782831091074,42500
2020-12-11,108.04325866699219,108.1381568764834,107.99581318238123,108.12867212372277,29700
2020-12-14,108.33747100830078,108.49879871598104,108.10970657834812,108.39440849565369,54600
2020-12-15,108.42289733886719,108.50830358572924,108.31850709918788,108.38493659350455,85500
2020-12-16,108.66011810302734,108.84042978619823,108.1286822877068,108.68858684452381,83000
2020-12-17,109.3528823852539,109.42879661133051,109.12511798621551,109.20103945256164,91200
2020-12-18,109.18203735351562,109.22948282876274,109.02070246492545,109.21050608671746,50800
2020-12-21,109.04920959472656,109.23900603047726,108.83093717737033,108.88787466004155,80200
2020-12-22,108.36592864990234,109.00175466110458,108.31847592178943,108.9827706737515,84200
2020-12-23,108.71702575683594,108.8973373905339,108.56519009709132,108.76447847315687,58500
2020-12-24,108.63162994384766,108.7360201375218,108.60316120743992,108.60316120743992,25800
2020-12-28,108.87840270996094,109.1061599076988,108.77401248594134,108.93534019932771,36300
2020-12-29,109.17256927490234,109.37185769123408,109.0776710633543,109.2674674864504,52300
2020-12-30,109.58067321777344,109.66607946345573,109.40985348613712,109.40985348613712,52700
2020-12-31,108.88786315917969,109.4762436322933,108.85939442085098,109.4762436322933,94800
2021-01-04,109.1915512084961,109.69451826983784,109.10614498612625,109.69451826983784,100900
2021-01-05,109.55216979980469,109.68502874455756,109.23899918420028,109.40981886177819,55000
2021-01-06,109.83686065673828,109.95074285129535,109.34338562752943,109.62808025351826,114200
2021-01-07,109.305419921875,109.40031812621945,109.15357700270879,109.35287264418167,59200
2021-01-08,108.9448013305664,109.43827632591018,108.66959147614189,109.41929958158758,76700
2021-01-11,108.27100372314453,108.46080736119372,108.11916805297365,108.26151897144342,185200
2021-01-12,108.74552154541016,108.7834822798576,108.20459375000635,108.20459375000635,77300
2021-01-13,108.28053283691406,108.51778203561031,108.17614261026604,108.3279855727617,74900
2021-01-14,108.36592864990234,108.49878760029476,107.92939106428872,108.00530529289169,220400
2021-01-15,107.59725952148438,107.94839096011606,107.59725952148438,107.88196147067454,113800
2021-01-19,108.05274963378906,108.17611658092902,107.9673361778697,108.17611658092902,94300
2021-01-20,107.85346221923828,107.91989168989133,107.61621307543892,107.8060094943707,61200
2021-01-21,108.42289733886719,108.42289733886719,108.1192186162379,108.18564811055457,87600
2021-01-22,108.37542724609375,108.52727020323412,108.29951300779426,108.30899776241252,87600
2021-01-25,108.12867736816406,108.19510684205679,107.91989695299561,108.17612285507622,123000
2021-01-26,108.3849105834961,108.43236331387975,108.13816941798734,108.28052036886817,147500
2021-01-27,107.82498168945312,107.96732536795162,107.40742092514158,107.82498168945312,153800
2021-01-28,107.99581909179688,108.14765478723723,107.95785835786937,108.0053038450765,27600
2021-01-29,108.06224060058594,108.22356827768375,108.00529588375737,108.19509953940404,110000
2021-02-01,107.35997772216797,107.75856177810088,107.35997772216797,107.75856177810088,79200
2021-02-02,107.21760559082031,107.28403504247673,106.98035651486637,107.28403504247673,168900
2021-02-03,107.15121459960938,107.19866008766974,106.95191893283851,107.07529313038903,93600
2021-02-04,106.55335235595703,106.75264080167769,106.48692287405014,106.73366405267737,167100
2021-02-05,107.28407287597656,107.2935576293671,106.97090224761428,106.98987899466513,112900
2021-02-08,107.32200622558594,107.4358884073245,107.15119381338071,107.27456074672952,57600
2021-02-09,107.88191986083984,107.91988058877524,107.64467074144498,107.71110020526481,59900
2021-02-10,107.91989135742188,108.0812190370438,107.89142261869674,108.06224229131679,73600
2021-02-11,108.0147705078125,108.11916069156491,107.93884905776201,108.04323924151443,77000
2021-02-12,107.88191986083984,107.97681806054408,107.54977254174075,107.61620200556057,70300
2021-02-16,107.83448791503906,107.91040938553604,107.68265221431503,107.76805843842168,128400
2021-02-17,107.18917846679688,107.24612319435766,107.06581149757777,107.18917846679688,169800
2021-02-18,107.62568664550781,107.6446633880449,107.39792229345439,107.48333573554143,89300
2021-02-19,107.85346221923828,108.05275063119741,107.78703274858523,107.86295421226565,73400
2021-02-22,108.15715026855469,108.3089859688913,107.9768385866519,108.08122879825142,58300
2021-02-23,108.13816833496094,108.2805192844161,108.04327011541419,108.15715232303232,23900
2021-02-24,108.27100372314453,108.30896445075436,107.78702073672314,107.96732514253429,64100
2021-02-25,108.27100372314453,108.95428233958468,108.25202697947384,108.8024466694138,186800
2021-02-26,107.36946868896484,108.02427862291873,107.36946868896484,107.94835716153615,209700
2021-03-01,107.20816802978516,107.32204301028602,107.05632506875614,107.26510552003559,149700
2021-03-02,107.59725952148438,107.61624351290843,107.11327634424097,107.1797058336825,64700
2021-03-03,107.33152770996094,107.5023474093723,107.21765273720028,107.28408221806745,76000
2021-03-04,106.50591278076172,107.22714512717351,106.4489680500559,107.10377815114093,142000
2021-03-05,106.0218734741211,106.26861455261403,105.9459520283898,106.26861455261403,161000
2021-03-08,105.41452026367188,105.74666755062104,105.39553628140744,105.63278537783796,112100
2021-03-09,105.90802764892578,105.94598838481804,105.72772320377513,105.8795589070741,102600
2021-03-10,106.1167984008789,106.13577514695979,105.78465104244314,106.08832966162291,96700
2021-03-11,106.69569396972656,106.69569396972656,106.18323490835427,106.35405459547836,65800
2021-03-12,106.40151977539062,106.42049652494958,106.00293563194529,106.10732585519636,60600
2021-03-15,106.1263198852539,106.192749375401,105.97447691333403,106.07886714646109,40900
2021-03-16,105.89852905273438,106.03139524020887,105.70873262537584,106.03139524020887,84800
2021-03-17,106.56285095214844,106.60081169277125,105.83211936563345,105.92702483732596,174800
2021-03-18,105.93647766113281,106.18321878067344,105.90800892431443,105.96495363821998,97600
2021-03-19,105.88904571533203,105.95547518982266,105.63281257067551,105.68026529828441,79500
2021-03-22,106.15475463867188,106.24965284559701,105.98393497009901,106.02189570092288,37900
2021-03-23,105.3670883178711,105.689750917558,105.3670883178711,105.60433746106733,64900
2021-03-24,105.05390930175781,105.28167367398784,105.05390930175781,105.12983075916782,72800
2021-03-25,104.64586639404297,105.08241126195955,104.60791289622199,105.04445052386808,76200
2021-03-26,104.91155242919922,104.95899790391375,104.76920152452003,104.78817826635229,37400
2021-03-29,104.64586639404297,104.78821735181833,104.5984209016315,104.76924060290784,43400
2021-03-30,104.21882629394531,104.32321651917127,104.14290481373173,104.26627902914652,43800
2021-03-31,104.2662582397461,104.53197612724192,104.22829750720821,104.28523498588034,76300
2021-04-01,104.73127746582031,104.74076946019336,104.39913006546635,104.5604577684568,44400
2021-04-05,105.06339263916016,105.08237662208315,104.75022208334354,104.75022208334354,75900
2021-04-06,105.5569076538086,105.5853763967772,105.2057762632315,105.2057762632315,236000
2021-04-07,105.5569076538086,105.89853980970237,105.46200219021941,105.74670410044628,100100
2021-04-08,105.91751098632812,106.0313931846973,105.66127785006485,105.72771456264896,55000
2021-04-09,105.80361938476562,105.87954084359764,105.59483899311202,105.62331497037565,41700
2021-04-12,105.84158325195312,105.92699670573849,105.77515378357296,105.8700519897919,42400
2021-04-13,106.27812957763672,106.27812957763672,106.01241168215205,106.07884115602322,53900
2021-04-14,106.49640655517578,106.54385204410806,106.25915738970454,106.34456361394462,48800
2021-04-15,106.45843505859375,106.50588778299925,106.29710738004577,106.4014975815225,82400
2021-04-16,106.47740936279297,106.60078354731075,105.7087244788795,106.50588534094487,289600
2021-04-19,106.99937438964844,106.99937438964844,106.78110197014145,106.87600742922187,338900
2021-04-20,106.95189666748047,107.12271631752994,106.847506479102,107.01832612915146,44200
2021-04-21,106.94241333007812,106.9898588088886,106.6577114961417,106.68618023148166,29400
2021-04-22,106.75261688232422,106.92343654613471,106.60078120353094,106.92343654613471,212600
2021-04-23,107.53081512451172,107.54030711890782,107.06580876288717,107.19866772335132,116700
2021-04-26,107.42642211914062,107.4643828554696,107.20815693558671,107.33152389845327,210400
2021-04-27,107.43589782714844,107.43589782714844,107.27457015240847,107.35049161355754,43500
2021-04-28,107.77752685546875,107.82497957421634,107.1511929615569,107.25557591031858,73400
2021-04-29,107.76805877685547,107.7870427646743,107.55927835246807,107.73009804148776,50400
2021-04-30,106.83802795410156,107.40742440736122,106.79057523288462,107.40742440736122,155200
2021-05-03,107.18917846679688,107.2935686870094,107.04683474857119,107.11326423050001,65200
2021-05-04,106.74313354492188,106.9044612183621,106.63874334675022,106.80007102019043,71400
2021-05-05,106.62930297851562,106.69573247858033,106.16429647806271,106.62930297851562,19700
2021-05-06,107.1701889038086,107.23661837779467,107.02783796233281,107.07529068958128,45800
2021-05-07,108.11917877197266,108.1381555175247,107.52131354344904,107.52131354344904,152700
2021-05-10,107.86294555664062,108.18560089098652,107.8344695798436,108.13814816992685,39200
2021-05-11,107.92938995361328,108.12867837715108,107.90091397287671,107.96734344738931,36600
2021-05-12,107.24610900878906,107.54978763462013,107.1701875422639,107.42641344144937,61900
2021-05-13,107.35997772216797,107.45488316993766,107.14171256894362,107.31253223855227,23000
2021-05-14,107.83448791503906,107.91040938553604,107.76805843842168,107.78704242618089,72700
2021-05-17,107.98634338378906,107.99583537876985,107.8250156704694,107.88195315981262,29400
2021-05-18,108.59368896484375,108.61266571247727,108.33746305030638,108.47032200455095,66800
2021-05-19,108.10968780517578,108.67908430064111,107.99581285024428,108.48928788224242,118800
2021-05-20,108.60317993164062,108.60317993164062,108.41337625575069,108.43236024347463,41500
2021-05-21,108.20458984375,108.29949529657732,107.98632467889401,108.29949529657732,42200
2021-05-24,108.47980499267578,108.58419520363607,108.40389076310727,108.47980499267578,25400
2021-05-25,108.75498962402344,108.81193433330742,108.57468522538403,108.73601288110757,72100
2021-05-26,108.26153564453125,108.66011248541567,108.17612218418768,108.54623028504744,40500
2021-05-27,108.3279800415039,108.40390151887516,108.15716033755388,108.20460583070796,35900
2021-05-28,108.2330551147461,108.3469300624404,107.81549433248348,107.8344710770096,41500
2021-06-01,108.5082778930664,108.7834878015773,108.47980915085324,108.5652226177629,48300
2021-06-02,108.39439392089844,108.4608233939682,108.18561350831645,108.21408224816498,41100
2021-06-03,107.70159912109375,107.91987147822873,107.58772418716936,107.91987147822873,43600
2021-06-04,108.02427673339844,108.16662766093356,107.9578472659179,108.06223746342573,53000
2021-06-07,108.22357177734375,108.28050925574438,108.00529937635902,108.00529937635902,27800
2021-06-08,108.05274963378906,108.20458531947907,108.0432576408493,108.06224162672882,15500
2021-06-09,108.08121490478516,108.41336224432818,108.05274616714847,108.37540151405628,15200
2021-06-10,108.02427673339844,108.17611241323867,107.81549633838279,107.81549633838279,35000
2021-06-11,107.46438598632812,107.63520568465007,107.32203503101478,107.63520568465007,65200
2021-06-14,107.54977416992188,107.62569562694205,107.52130543360647,107.597219650358,30600
2021-06-15,107.59725952148438,107.62573550862045,107.52134527660216,107.61624351290843,13700
2021-06-16,106.53434753417969,107.5972189646135,106.44893408550921,107.46436003580928,100800
2021-06-17,105.60433197021484,106.0313847499252,105.52841051067492,106.0313847499252,121900
2021-06-18,105.28167724609375,105.42402093323123,105.12034233355638,105.36708345837624,159800
2021-06-21,105.74668884277344,105.77515758163445,105.5663771762947,105.58536116238156,71400
2021-06-22,105.95547485351562,106.0503730681625,105.56638276111283,105.6423042289382,31400
2021-06-23,105.78463745117188,106.18321423008541,105.76565346726069,106.0503553037809,22700
2021-06-24,105.87955474853516,106.01241369880483,105.78465653266679,105.92700747660423,14400
2021-06-25,105.89852905273438,106.2022149209394,105.8036308390551,106.12629345388814,49700
2021-06-28,105.77515411376953,105.87005232028471,105.6517871693267,105.71821663791424,35100
2021-06-29,105.5569076538086,105.65180587712744,105.39557270986919,105.44302544166378,52900
2021-06-30,105.1583023071289,105.30065323351137,105.06340410296355,105.30065323351137,32000
2021-07-01,105.09186553955078,105.2911539265343,105.02543607722295,105.2911539265343,40700
2021-07-02,105.20576477050781,105.31015497683602,104.91157813827537,104.97800761136881,91300
2021-07-06,104.84513854980469,104.9874822353649,104.70278762397564,104.93054476114081,31000
2021-07-07,104.5794448852539,104.76924859018125,104.503530643554,104.71230385856754,30600
2021-07-08,105.04444122314453,105.22474566277657,104.94953576618364,105.12984744608552,56000
2021-07-09,105.31015014648438,105.32912689209655,105.14882246783857,105.23422868349721,51800
2021-07-12,105.13932037353516,105.22472658098832,105.07289090987096,105.15829711732412,20700
2021-07-13,104.37065124511719,104.87361829427073,104.37065124511719,104.63636913974399,46200
2021-07-14,104.91155242919922,104.95899790391375,104.7217488095377,104.77869351557004,30300
2021-07-15,104.71228790283203,104.77872461963645,104.58892094363081,104.75974063190093,12800
2021-07-16,104.61737823486328,104.72176843517366,104.58890949664574,104.67432295156748,21700
2021-07-19,104.5604476928711,104.79769684744376,104.5604476928711,104.71228338685741,29000
2021-07-20,104.43708801269531,104.46555675478365,104.2093235954484,104.23779233753673,24300
2021-07-21,104.60790252685547,104.62687927388487,104.27574791154797,104.29473189884712,21100
2021-07-22,104.34219360351562,104.8356759862147,104.23780337795509,104.8356759862147,18100
2021-07-23,104.33267211914062,104.3706328460053,104.19981319524842,104.31368813557413,55500
2021-07-26,104.63636016845703,104.7217663814347,104.4655405022327,104.4655405022327,31700
2021-07-27,104.75975036621094,104.93057007035367,104.65536014477534,104.77873435571045,24100
2021-07-28,105.0064697265625,105.01596171933974,104.38962052088527,104.52247945869033,37400
2021-07-29,105.3670883178711,105.39555705661157,105.25321336290924,105.25321336290924,67200
2021-07-30,105.12985229492188,105.32914073124567,105.04444606804174,105.27220324665893,74300
2021-08-02,105.20576477050781,105.3386237166947,105.15831204389698,105.25321749711864,24600
2021-08-03,105.1583023071289,105.23422376656873,105.06340410296355,105.22473177407154,24900
2021-08-04,104.88311004638672,105.43352985928337,104.87362529256684,105.4240378651934,35400
2021-08-05,104.85462951660156,104.93055098024601,104.83565277082509,104.91157423446954,16300
2021-08-06,104.161865234375,104.38962238320845,104.13339649580448,104.38962238320845,23900
2021-08-09,103.94358825683594,104.21879811800301,103.94358825683594,104.18083738815905,22700
2021-08-10,103.82025909423828,103.84872784191353,103.734845610941,103.76331435861624,35200
2021-08-11,104.01952362060547,104.08595309664467,103.93411015697227,103.99105487948435,21100
2021-08-12,103.96255493164062,103.9910236642162,103.86764950269847,103.91510221716955,21700
2021-08-13,104.51297760009766,104.54145357574131,104.20929902231431,104.256751741452,27600
2021-08-16,104.32318878173828,104.427578979209,104.26625130685206,104.3516575191814,8600
2021-08-17,103.74432373046875,104.00054966554573,103.71585498660137,103.93412018309832,30500
2021-08-18,103.74432373046875,103.981572916391,103.59248801641921,103.7538157251814,38100
2021-08-19,103.43115997314453,103.63044843379258,103.40269122737638,103.57351094225629,57600
2021-08-20,103.63043975830078,103.65891574195608,103.38370582211833,103.43115131433629,41500
2021-08-23,104.01002502441406,104.04798575692247,103.84869734145536,103.9625795389806,31900
2021-08-24,104.12393951416016,104.18087701044624,103.96261178116848,103.97209653703506,45600
2021-08-25,104.313720703125,104.313720703125,103.91514380700963,103.95310454572594,36400
2021-08-26,104.07645416259766,104.16186762053513,104.04798542337497,104.09543814892571,11400
2021-08-27,104.47502899169922,104.48452098468148,103.97206196767772,103.97206196767772,53300
2021-08-30,104.49401092529297,104.52247966341137,104.3611519872277,104.43707344905617,28000
2021-08-31,104.5604476928711,104.80718884090216,104.46554947909596,104.66483790010463,73000
2021-09-01,104.83563232421875,104.97798323072136,104.22827521405758,104.8641010574657,33000
2021-09-02,105.14884185791016,105.15832661233068,104.93056942163864,104.94006141632971,40500
2021-09-03,105.19627380371094,105.35760149133084,105.11086758330144,105.33862474466305,70100
2021-09-07,104.80718994140625,104.99698637094944,104.80718994140625,104.89259616261978,32900
2021-09-08,104.58891296386719,104.68381117449465,104.49401475323972,104.59840495701074,84200
2021-09-09,104.65535736083984,104.76923957399582,104.48453766124108,104.70281009305577,71400
2021-09-10,104.52250671386719,104.75026391802713,104.52250671386719,104.67434967682114,64000
2021-09-13,104.50352478027344,104.56046226842159,104.35168182485087,104.35168182485087,39200
2021-09-14,104.44656372070312,104.75973433709218,104.40860298778298,104.75024234379477,35900
2021-09-15,104.5604476928711,104.59840842643507,104.45605748563756,104.57942443951828,22900
2021-09-16,104.13339233398438,104.15236907884989,103.98154941398452,104.01001815141726,52400
2021-09-17,103.82971954345703,104.05747669593073,103.77277482513661,104.0195159638069,256900
2021-09-20,103.8012466430664,103.86767611618619,103.6494109503367,103.67787969020668,163100
2021-09-21,103.81072998046875,103.82971396564551,103.67787104530727,103.80123798788037,36000
2021-09-22,103.45960235595703,103.97206137001503,103.39317288600151,103.77277296014846,48300
2021-09-23,103.92462158203125,103.95309032210554,103.77277864794227,103.77277864794227,64700
2021-09-24,103.65890502929688,103.7253345037532,103.5639995741281,103.63992104215524,53000
2021-09-27,103.46910095214844,103.56399916667415,103.45960895861496,103.49756969247919,66200
2021-09-28,103.4121322631836,103.46906972666217,103.2223286511425,103.37417154077538,95000
2021-09-29,102.54856872558594,102.98510628614041,102.53908397272365,102.98510628614041,272400
2021-09-30,102.46316528320312,102.59602422956706,102.28285361016512,102.51061076960765,67700
2021-10-01,102.56755828857422,102.66245650424243,102.49163681993176,102.66245650424243,68400
2021-10-04,102.766845703125,102.93766538575613,102.73837696273142,102.88072790496898,125900
2021-10-05,102.5865249633789,102.70040715516134,102.42519728855557,102.52958748762221,57500
2021-10-06,102.2448959350586,102.2448959350586,101.98867002805565,102.10254499104818,259000
2021-10-07,102.1879653930664,102.31133235810931,102.15949665038498,102.15949665038498,67200
2021-10-08,102.28285217285156,102.38724237785195,102.19744595436185,102.24489144009965,82100
2021-10-11,102.14998626708984,102.42519613058423,102.14998626708984,102.33029792530625,78000
2021-10-12,101.97916412353516,102.12151504812766,101.90324266504997,102.07406232650723,66400
2021-10-13,102.53909301757812,102.56756175921493,102.22592237903332,102.22592237903332,62600
2021-10-14,102.53909301757812,102.60552249482066,102.45367955239773,102.55806976524599,284700
2021-10-15,102.56755828857422,102.6434797572167,102.46316807925827,102.58653503559997,202500
2021-10-18,102.62449645996094,102.74786341713214,102.51061425623149,102.6339884536725,182500
2021-10-19,102.88072204589844,103.05153447853209,102.82377732808462,102.9186755374153,125700
2021-10-20,102.99459838867188,103.05153586698357,102.8997001780626,102.92816891721844,34200
2021-10-21,102.70991516113281,102.98511783037574,102.70991516113281,102.90920359762089,68300
2021-10-22,102.93767547607422,103.00410495692745,102.74787178772903,102.84277725203683,62200
2021-10-25,102.63399505615234,102.68144054722278,102.58654232481165,102.65297180452646,22100
2021-10-26,102.50113677978516,102.6245037457147,102.38725456797073,102.6245037457147,57800
2021-10-27,102.52958679199219,102.69091446572098,102.45366533131899,102.69091446572098,32400
2021-10-28,103.26981353759766,103.34573500606717,102.78582322644162,102.85225270128502,149700
2021-10-29,102.14998626708984,102.83326492952158,101.96018985653389,102.80479619196508,111500
2021-11-01,102.54856872558594,102.56755271184925,102.17846063641433,102.39673303682625,25200
2021-11-02,102.33030700683594,102.49163469415276,102.30183826675292,102.46316595406975,51100
2021-11-03,102.48214721679688,102.63399015762371,102.1784685754131,102.20693731675065,58900
2021-11-04,102.11202239990234,102.1879438578999,101.88426526617843,102.06457691885544,49000
2021-11-05,102.19744873046875,102.22591747073865,101.77039590561132,101.98866831479663,22000
2021-11-08,102.38727569580078,102.43472843724967,102.12155772033931,102.12155772033931,24200
2021-11-09,102.44416046142578,102.53906589547215,102.26385606532747,102.4156917273191,32100
2021-11-10,101.40979766845703,102.244912238064,101.39081367808475,102.244912238064,119800
2021-11-11,101.14405059814453,101.39078447976276,101.10608986860277,101.29588627604275,34300
2021-11-12,101.14405059814453,101.16302734278099,101.02067641706657,101.04915239442452,67500
2021-11-15,100.32793426513672,101.07764254178498,100.31844227067347,101.07764254178498,70100
2021-11-16,99.93882751464844,100.28046686264172,99.91035877569388,100.18556865270344,49700
2021-11-17,100.0052719116211,100.04323264931598,99.79649871470477,99.91986568201037,111400
2021-11-18,100.42281341552734,100.4512821532396,100.13811155786671,100.15709554318755,83800
2021-11-19,99.68260192871094,99.98628054560399,99.66361794250362,99.91985107441705,74900
2021-11-22,99.236572265625,99.48331340415949,99.18911954042899,99.28402499082102,54800
2021-11-23,99.35997009277344,99.50232107233045,99.23660310530221,99.23660310530221,20100
2021-11-24,98.97088623046875,99.00884697478764,98.82853524934082,98.82853524934082,51600
2021-11-26,99.83443450927734,99.92933995682094,99.64463809472836,99.65413008753654,46200
2021-11-29,99.5782241821289,99.61618491902291,99.41689648053209,99.53077145094385,31200
2021-11-30,100.119140625,100.48924871728317,99.34096370785721,100.34689778018901,50900
2021-12-01,99.8534164428711,100.23301650443726,99.77749498250407,100.1760717890275,29200
2021-12-02,99.76799774169922,100.17606651936974,99.72055226166736,100.02423084689181,49800
2021-12-03,99.8534164428711,99.99576737099203,99.50228511887534,99.73953425232055,40900
2021-12-06,99.55924224853516,99.81546815888701,99.49280553222816,99.81546815888701,17200
2021-12-07,99.4358901977539,99.45487418957569,99.1986409818821,99.1986409818821,23200
2021-12-08,100.14762115478516,100.2330346232052,99.79649700758691,99.81547375597454,38200
2021-12-09,99.69208526611328,99.85341293352162,99.56871108728562,99.85341293352162,12700
2021-12-10,99.88189697265625,99.91985770732147,99.53076560720535,99.56872634187057,28800
2021-12-13,99.54977416992188,99.76803939779141,99.49282943373153,99.56875092180424,22600
2021-12-14,99.30300903320312,99.75853061163942,99.29351703941262,99.67311714806455,52900
2021-12-15,99.61616516113281,99.66361064263728,99.07523743815393,99.35044729584759,33600
2021-12-16,100.02423858642578,100.10016004867359,99.73004473028284,99.95780911702624,29400
2021-12-17,99.17015075683594,99.7964920264192,99.13219002168515,99.7964920264192,85900
2021-12-20,99.53077697753906,99.7395574219138,99.46434749435353,99.54026897235718,41700
2021-12-21,99.5782241821289,99.5782241821289,99.3789357436381,99.47383396573797,45400
2021-12-22,100.06221771240234,100.0811944613183,99.61618809003748,99.86292926756771,49600
2021-12-23,100.01476287841797,100.02425487281175,99.663631488551,99.69210747173237,44700
2021-12-27,99.93882751464844,99.96729625360298,99.84392930471014,99.84392930471014,27900
2021-12-28,99.81547546386719,99.86292819605362,99.60669502667952,99.78700672066348,21400
2021-12-29,100.119140625,100.22353082951776,99.93882895532943,99.93882895532943,38700
2021-12-30,99.8534164428711,99.96729139315266,99.76800298989095,99.83443245764485,42300
2021-12-31,100.36590576171875,100.43233524954182,100.02426632712263,100.07171182398417,32100
2022-01-03,99.63518524169922,99.91988721563153,99.49283425473307,99.85345772041693,45700
2022-01-04,99.53077697753906,99.85343963891928,99.50230823335535,99.53077697753906,11600
2022-01-05,99.76799774169922,100.07167632692365,99.71106026955357,99.95780138263235,18000
2022-01-06,99.5782241821289,99.92935556819573,99.54026344523491,99.72057513541385,78500
2022-01-07,100.22352600097656,100.23301799373071,99.83443394101603,99.83443394101603,51800
2022-01-10,99.92935180664062,99.9767972957695,99.58771242772491,99.62567316318999,24100
2022-01-11,100.26148986816406,100.32791933898308,99.8059683252127,99.86291304324993,16800
2022-01-12,101.001708984375,101.001708984375,100.60313214784256,100.60313214784256,50900
2022-01-13,100.9922103881836,101.24844350939446,100.98272563574544,101.19149879342037,35400
2022-01-14,100.6790542602539,100.90681867634517,100.5461953043357,100.90681867634517,113700
2022-01-18,99.77751159667969,100.24251794838626,99.75853484856255,100.16660371564755,121500
2022-01-19,100.09068298339844,100.13812847417749,99.9862927673062,100.07169899487063,73600
2022-01-20,99.67314910888672,100.10020208315855,99.67314910888672,100.04325734242566,34000
2022-01-21,100.03372955322266,100.11913576717356,99.98627682973722,100.08117503643902,48500
2022-01-24,99.81547546386719,99.91986568246102,99.55924953476348,99.64465576437458,89400
2022-01-25,99.66360473632812,99.67309672817402,99.2365592267516,99.34094941625135,86100
2022-01-26,99.0562744140625,99.56873350852344,99.03729766549891,99.56873350852344,114800
2022-01-27,98.22114562988281,98.38247331016099,98.12624742032325,98.33502782551585,104400
2022-01-28,98.30656433105469,98.42993853539264,98.15472862453056,98.25911884038412,392700
2022-01-31,99.06573486328125,99.12267233111193,98.54378394060659,98.61970539122618,206800
2022-02-01,99.33148193359375,99.3884266584514,99.05627202430404,99.2176069644188,28500
2022-02-02,99.67314910888672,99.80600810347649,99.52131336090078,99.72060185278542,120400
2022-02-03,100.74546813964844,100.96373327191795,100.28994665100198,100.28994665100198,226900
2022-02-04,100.9922103881836,101.03017111874333,100.61261032285542,100.83088271350655,191100
2022-02-07,100.84039306640625,100.90682254691345,100.64110462488469,100.72651085399235,29700
2022-02-08,100.66954803466797,100.67903278644621,100.51770512299368,100.64107929879617,38800
2022-02-09,100.69801330566406,100.84984897184538,100.6410758358796,100.70750529738423,30100
2022-02-10,100.76446533203125,101.30539313692205,100.34690448605593,100.34690448605593,43600
2022-02-11,99.92935180664062,100.50824035201062,99.85343033571047,100.33742066255274,124000
2022-02-14,99.50228118896484,99.73003832080153,99.42635973159639,99.68259284014776,97900
2022-02-15,100.10962677001953,100.18554821859276,99.78697147398512,100.01472857943693,23700
2022-02-16,100.32793426513672,100.3943637458387,100.10966183410429,100.10966183410429,36300
2022-02-17,100.05272674560547,100.24252319779659,100.05272674560547,100.15711696639174,35100
2022-02-18,99.78697204589844,100.02422114384862,99.71105059689009,100.0147291526556,93300
2022-02-22,99.80597686767578,99.97679655586946,99.75853137889804,99.84393760285992,23700
2022-02-23,99.54024505615234,99.94831385203835,99.52126831134623,99.94831385203835,23700
2022-02-24,98.67666625976562,98.80952519997443,97.86052863261487,98.16420724455917,211500
2022-02-25,99.24608612060547,99.2840468610704,98.67668949417349,98.8000564704813,78900
2022-02-28,98.75261688232422,99.04681085002734,98.62924988959188,98.73364012970075,165700
2022-03-01,98.11675262451172,98.27808030018146,97.68970707355794,98.25910355491934,166900
2022-03-02,97.98389434814453,98.1167532866832,97.43347460833056,97.74664520928704,61900
2022-03-03,97.45245361328125,97.68970274001316,97.20571249420483,97.68970274001316,89700
2022-03-04,96.27569580078125,96.30417177872259,95.97201719849448,96.13335211241947,177000
2022-03-07,95.70630645751953,96.2092735012574,95.53548677848879,96.2092735012574,132400
2022-03-08,96.05744171142578,96.46551055900716,95.73477908669477,96.06693370516577,148000
2022-03-09,97.48094177246094,97.68023020979035,97.02542017265786,97.30063008333282,94800
2022-03-10,96.60784149169922,97.04437898980191,96.56038877309896,97.02539500625448,63900
2022-03-11,96.0384521484375,96.74071483902993,95.98151466984275,96.731222845841,76800
2022-03-14,96.36112213134766,96.76919098647826,96.28520066056291,96.39908286674003,72100
2022-03-15,96.45599365234375,96.92099986172228,96.19976780970153,96.75967221115984,26700
2022-03-16,97.34809112548828,97.36706787530974,96.42756309332505,96.71226502254262,156800
2022-03-17,97.70870208740234,98.03136473933908,97.36706268665542,97.38604667573604,63700
2022-03-18,97.31961059570312,97.46195430280399,96.883065759694,96.9305184889076,122200
2022-03-21,96.94952392578125,97.37656962210316,96.94003192978454,97.23421864323868,34200
2022-03-22,97.1488037109375,97.15828846581434,96.94951525446052,97.05389824000197,13600
2022-03-23,96.86412811279297,96.93055761634527,96.52248859730324,96.63637084922411,98900
2022-03-24,96.7976303100586,96.93048922341961,96.54140447436744,96.6268106728419,41600
2022-03-25,96.68376159667969,96.99693218188098,96.6647848522442,96.902033979166,37800
2022-03-28,96.68376159667969,96.78815179174678,96.43702771767451,96.43702771767451,32900
2022-03-29,97.63277435302734,98.01237446733143,97.43348592207843,97.9174762488229,147800
2022-03-30,98.15473175048828,98.28759071302942,97.96493530122108,98.01238079340266,111700
2022-03-31,97.35755920410156,97.8320575113412,97.34807445095086,97.58532360457069,56100
2022-04-01,97.26266479492188,97.26266479492188,97.05388437312732,97.13929783671139,67900
2022-04-04,96.5508804321289,96.80711348475239,96.46547424143247,96.71221530388955,117200
2022-04-05,95.87710571289062,96.56987627479455,95.87710571289062,96.39905663215167,98900
2022-04-06,95.88661193847656,96.14283782034333,95.7157922704757,96.10487708964658,69100
2022-04-07,95.6303939819336,96.19979779241504,95.61141723371031,96.04795484554792,23600
2022-04-08,95.69682312011719,95.71580710854305,95.31723023484248,95.38365971379257,92600
2022-04-11,95.7157974243164,95.8581483620269,95.63987595883489,95.74426616380461,41300
2022-04-12,95.23180389404297,95.7632468940735,95.155882431143,95.68732543117353,122300
2022-04-13,95.7537612915039,95.7537612915039,95.07997455390566,95.15588878160273,49500
2022-04-14,95.1749038696289,95.28878610879308,94.61499191074518,95.23184136907496,299300
2022-04-18,94.81423950195312,95.02301264068477,94.70984931245312,94.94709842672252,37300
2022-04-19,94.87120056152344,95.03252826167518,94.82374783076342,94.90916129807741,110200
2022-04-20,95.4500732421875,95.53547945502112,95.25078483864007,95.28874556887801,56300
2022-04-21,95.28877258300781,95.79173973077967,95.24131984669043,95.77275574014429,43500
2022-04-22,94.90916442871094,95.2033510963704,94.72885273419945,95.2033510963704,149300
2022-04-25,94.22589111328125,94.32078934318503,94.08354014829015,94.3018125933126,537800
2022-04-26,93.61852264404297,93.96964677704682,93.55209316696629,93.92220128786062,117200
2022-04-27,92.85932922363281,92.97321143851653,92.4797290809576,92.6885095214425,174400
2022-04-28,92.42276763916016,92.59358729707677,92.18551851651311,92.37531491852329,133300
2022-04-29,92.76441955566406,93.0301374506796,92.49870166064852,92.55563914093196,97500
2022-05-02,92.3563461303711,92.6790087299062,92.24246393519354,92.3373693846428,50000
2022-05-03,92.54613494873047,92.87828951398741,92.43226000317372,92.84032878537894,35800
2022-05-04,93.286376953125,93.39076716760879,92.42278649517189,92.75493388658843,211300
2022-05-05,92.7454605102539,92.84984349727272,92.26147011466213,92.84984349727272,90200
2022-05-06,92.70748138427734,93.1250349703592,92.65053666414879,93.03962875057071,85900
2022-05-09,92.82135009765625,93.17248142711989,92.44175727044797,92.67900640758768,310300
2022-05-10,92.61258697509766,92.8403514022342,92.5366727396559,92.83085940770258,71400
2022-05-11,92.4322509765625,92.90674917742754,92.42275898527018,92.76439826911444,142900
2022-05-12,91.17011260986328,91.62563421123481,91.02776165691779,91.58767347443133,176400
2022-05-13,91.43583679199219,91.54971901020534,91.04675188357108,91.05623663821912,71800
2022-05-16,91.7015380859375,91.78695154416455,91.3409219874451,91.58766312866064,40800
2022-05-17,92.65055847167969,92.726479956208,92.47025399626405,92.57464422742265,219700
2022-05-18,91.93878173828125,92.5840996719305,91.92929698592141,92.43226399121426,67400
2022-05-19,93.07759094238281,93.20095789743358,92.64105336266124,92.6600301094884,159800
2022-05-20,92.76441955566406,92.8213570359475,92.54614714746153,92.78339630233535,117000
2022-05-23,93.9031982421875,93.97911969780105,93.52360544465681,93.56155893219507,188200
2022-05-24,94.29232788085938,94.42518686104013,94.06457066344542,94.0835474147835,128300
2022-05-25,93.81780242919922,93.94116937803807,93.5995300301943,93.713412226232,67800
2022-05-26,94.20689392089844,94.2638386430771,93.9886287467347,94.00760549394771,81800
2022-05-27,94.38721466064453,94.43466739363664,94.01710651217165,94.19741820921709,75200
2022-05-31,94.28279113769531,94.38718132118883,93.92217511125182,94.09299475330778,33300
2022-06-01,93.57106018066406,94.2258701296376,93.38126376312324,94.21637813667978,66300
2022-06-02,94.39669036865234,94.42515910742759,93.94116882744075,94.04555902979614,32700
2022-06-03,94.1689224243164,94.4251482841936,94.12146970495064,94.24483663892582,29700
2022-06-06,93.95066833496094,94.14046476882261,93.88423885908237,94.08352728671808,24300
2022-06-07,94.05503845214844,94.06453044389465,93.68493041699757,93.68493041699757,99000
2022-06-08,94.08351135253906,94.36821319538373,94.08351135253906,94.28279974642288,22900
2022-06-09,93.21043395996094,94.00758751531092,93.19144997610873,93.92218130878132,162400
2022-06-10,92.37531280517578,92.57460843507624,92.26143786268234,92.57460843507624,279100
2022-06-13,91.42633056640625,91.90082887469842,91.38837707318012,91.8343994011483,229600
2022-06-14,91.4548110961914,91.80593522802191,91.35990563759619,91.72052900361015,98400
2022-06-15,91.77747344970703,91.8154341879712,90.98031966697076,91.5022635274946,295000
2022-06-16,92.6979751586914,93.06808320149023,91.6730572369708,91.85336888253326,361300
2022-06-17,92.13809204101562,92.21401351955306,91.73951513910015,92.10013854201762,136100
2022-06-21,92.4322509765625,92.72643754421307,92.32786079315076,92.5746018848756,100100
2022-06-22,92.75494384765625,93.04913777473628,92.50820989626126,92.5556553914045,182300
2022-06-23,92.4322509765625,92.50817242636522,92.14754915993629,92.37530626907649,26800
2022-06-24,92.65055847167969,92.84984693836304,92.47025399626405,92.52719148952465,374900
2022-06-27,92.86880493164062,93.17248354446981,92.77390672268199,92.88778167732465,164400
2022-06-28,92.39430236816406,92.50818455780254,92.2709354262574,92.45123984284885,89700
2022-06-29,91.66357421875,92.1665484771768,91.6256207278019,92.1665484771768,102100
2022-06-30,91.96726989746094,92.05267612162567,91.37888936111419,91.43582684389068,184800
2022-07-01,91.54019165039062,91.56866038387786,91.02773272681682,91.29345055972148,303700
2022-07-05,90.1167221069336,90.17365958973704,89.86049619404815,90.06927661802071,673800
2022-07-06,89.4144515991211,89.49037305696447,89.20567121018618,89.46189708007167,127400
2022-07-07,89.22464752197266,89.42394315791256,89.03485111855302,89.2815922352135,106200
2022-07-08,89.31008911132812,89.40498734293826,88.9494729351012,89.21519087971798,93900
2022-07-11,88.13330078125,88.54136953446732,88.04788733788128,88.28513644462929,141900
2022-07-12,88.04791259765625,88.38955198860664,88.02893584939022,88.17128680233125,179500
2022-07-13,88.25668334960938,88.79761111923814,87.83912253085403,87.96249672199689,199100
2022-07-14,87.87709045410156,88.17128434605611,87.33616264021097,87.50698233092747,267000
2022-07-15,88.45596313476562,88.57933007360167,88.10483182232177,88.28514347469412,133600
2022-07-18,88.98738861083984,89.48087078988821,88.9684118686924,88.98738861083984,191900
2022-07-19,89.68018341064453,90.03131477758548,89.6612066633663,89.83202634994976,232400
2022-07-20,89.24364471435547,89.7561037677538,89.08231702354574,89.7276350270544,115500
2022-07-21,89.54730224609375,89.58526297150365,89.1392334982724,89.2151549490922,209400
2022-07-22,89.57582092285156,89.90796840504107,89.31010293709994,89.3290796902513,167200
2022-07-25,89.68018341064453,89.90794057933252,89.51885571783512,89.90794057933252,100300
2022-07-26,88.7121810913086,89.06330510350519,88.67422036885836,88.99687564928414,200200
2022-07-27,89.53784942626953,89.64223965674906,88.58885259665296,88.94947602568084,133300
2022-07-28,89.32901763916016,89.34800161939667,88.82605076689856,89.19615873857283,80200
2022-07-29,89.62323760986328,89.66119834116613,89.00638839666294,89.10128660478549,77400
2022-08-01,89.9648666381836,90.10721031391525,89.80353173857382,89.88894518428116,172700
2022-08-02,89.16770935058594,89.75608978100814,89.16770935058594,89.68016832412748,103700
2022-08-03,89.17720031738281,89.22464579718621,88.79760027761286,89.22464579718621,143900
2022-08-04,89.84149932861328,89.88895205099436,89.25312611659376,89.31006359123595,38000
2022-08-05,89.26260375976562,89.36699394847498,89.01586989578742,89.06331537412093,97500
2022-08-08,89.35752868652344,89.62324659200479,89.32905270499052,89.40497417520517,66100
2022-08-09,89.48088073730469,89.82252005608127,89.48088073730469,89.8130280638184,54700
2022-08-10,90.32549285888672,90.89488934676024,90.2495713964318,90.47732854352738,239400
2022-08-11,90.4488754272461,90.82847556481495,90.38244594619182,90.69561660270641,56300
2022-08-12,89.97434997558594,90.14516962404747,89.77506159242552,90.0882321546497,201400
2022-08-15,89.1012954711914,89.63273128177582,89.03486599486835,89.63273128177582,72100
2022-08-16,89.14875793457031,89.35753838017447,89.04436771176823,89.04436771176823,115700
2022-08-17,89.26260375976562,89.39546268352875,89.0443386308412,89.11076809272275,61900
2022-08-18,88.4749526977539,89.04434918713675,88.38004724929912,89.04434918713675,133000
2022-08-19,88.00042724609375,88.15226288425707,87.95297453651756,88.12379415461812,93000
2022-08-22,87.15583038330078,87.70625006127447,87.02297145968897,87.70625006127447,625000
2022-08-23,87.37410736083984,87.81064488148525,87.12736624385985,87.1463502283876,552400
2022-08-24,87.38362884521484,87.62087805000293,86.86167769857259,86.97555992336848,73700
2022-08-25,87.43106079101562,87.61137247559472,87.23177235871401,87.36463131358175,114900
2022-08-26,87.31718444824219,88.3610793230125,87.26973171927858,88.20923638254487,233000
2022-08-29,87.60188293457031,87.85811609775443,87.47851597024439,87.63984367134834,80300
2022-08-30,87.80118560791016,87.97200533097165,87.51649089632193,87.87710709377558,70300
2022-08-31,88.04791259765625,88.30414576100416,87.62086697910337,87.64933572163753,205500
2022-09-01,87.15583038330078,87.50696167585676,86.87113579281903,87.50696167585676,412700
2022-09-02,87.21277618408203,87.90553954582444,87.14634672144551,87.71574314979681,73100
2022-09-06,86.7762680053711,86.95657247044724,86.43462858485618,86.70034652519648,249800
2022-09-07,87.7252426147461,87.73472736716757,86.77624607322879,86.84267554152424,318600
2022-09-08,87.63033294677734,87.63982493901057,87.1558346988777,87.31716960576777,136000
2022-09-09,88.00994873046875,88.16179167227708,87.91505051197352,88.03841747199031,169400
2022-09-12,88.63629913330078,88.87354832410712,88.55088565966973,88.66476787775423,154100
2022-09-13,87.36458587646484,87.971942851488,87.33611714955224,87.82010722786534,132900
2022-09-14,87.41209411621094,87.63035932138683,87.3266806409419,87.52597633647936,191800
2022-09-15,87.5449447631836,87.73474120531549,87.45953853630529,87.48800727859805,227300
2022-09-16,87.71572875976562,87.90552512465658,87.29816806868484,87.3456207800412,368500
2022-09-19,87.80118560791016,87.82966159531324,87.4026086675238,87.42159265912585,172200
2022-09-20,87.39308166503906,87.58288530367376,87.26971473012789,87.30767545785483,69300
2022-09-21,86.32073211669922,86.85216790966228,86.00756149287326,86.85216790966228,224700
2022-09-22,86.21635437011719,86.43462681107216,85.98859717453816,86.37768208197438,345800
2022-09-23,84.91620635986328,85.59947772870149,84.71691073198352,85.59947772870149,375200
2022-09-26,84.17597961425781,84.77385199302974,84.11904214590548,84.5935403562232,249000
2022-09-27,84.07160949707031,84.47019359148493,83.86283631652054,84.27090516441254,278200
2022-09-28,85.23886108398438,85.4286574783994,83.93873333740956,83.97669406434623,418000
2022-09-29,85.8272476196289,85.89367708644443,85.12498498155759,85.24835916297846,254800
2022-09-30,85.8272476196289,85.9695913054701,85.33376537448318,85.36223411165142,102100
2022-10-03,86.10245513916016,86.19735334056465,85.49509072158038,85.60897290742696,156300
2022-10-04,87.51647186279297,87.58290133840994,86.82370112541327,86.82370112541327,678300
2022-10-05,86.57695770263672,86.67185590877224,86.13092816950386,86.57695770263672,149600
2022-10-06,85.81777954101562,86.21635645297563,85.73236606544083,86.17839571275026,385000
2022-10-07,85.31478881835938,85.77979508709576,85.26733609612818,85.56152994147759,330500
2022-10-10,85.06804656982422,85.36223317101278,84.84028943471917,84.9541643821373,100900
2022-10-11,85.09651947021484,85.63744721772342,84.88773906937485,85.17244093238742,366500
2022-10-12,84.93519592285156,85.06805486797859,84.67897002589784,85.04907812164737,87900
2022-10-13,85.58050537109375,85.86520721956813,84.56507939726264,84.56507939726264,294000
2022-10-14,85.26734161376953,85.49509876662586,85.04907645402744,85.32428633218562,79000
2022-10-17,86.10245513916016,86.31122828614255,85.67540237243696,85.72285509327355,466200
2022-10-18,86.33021545410156,86.46307438902089,86.0075528691054,86.38715292899015,68300
2022-10-19,85.63746643066406,85.83675488337597,85.50460746218945,85.72287990483818,486200
2022-10-20,85.68490600585938,86.22583379165124,85.59000779156196,85.73235149287326,48300
2022-10-21,86.33970642089844,86.39664389511057,85.54254558058436,85.54254558058436,213400
2022-10-24,86.44410705566406,86.62441874790339,86.11195965438398,86.20685787756824,146800
2022-10-25,87.26023864746094,87.32666812302742,86.91859927589911,86.9850359917354,104000
2022-10-26,88.25668334960938,88.34208956784418,87.62085736851878,87.67779484734199,370200
2022-10-27,87.31718444824219,87.94351847699642,87.21279423673816,87.48800413613333,751800
2022-10-28,87.26023864746094,87.42157357978222,86.94707525708745,87.30769137583835,104800
2022-10-31,86.58645629882812,86.76676798750283,86.48206608330806,86.74779123934927,116300
2022-11-01,86.53902435302734,87.09892901456872,86.33024388930977,86.9186172976724,41200
2022-11-02,86.1214370727539,87.3551354861572,86.05500760374106,86.78573176288238,50600
2022-11-03,85.3812255859375,85.7798024217923,85.3337728596488,85.42867107195669,105900
2022-11-04,87.19381713867188,87.26973861490463,86.20685966845744,86.41564010796229,165400
2022-11-07,87.71572875976562,87.84858766324274,87.37408951074812,87.53541714493215,108700
2022-11-08,88.15230560302734,88.38006279077734,87.55444027008218,87.63984650038701,550900
2022-11-09,87.65880584716797,88.28513974747514,87.4974709459398,87.77268078889558,133600
2022-11-10,89.2531509399414,89.29110444007932,88.71222305958962,88.78813730013637,243700
2022-11-11,90.69560241699219,90.73356314883867,89.91742551481249,90.12620591983351,656600
2022-11-14,90.42041015625,90.66715134118553,90.19265296107065,90.27805919416139,176000
2022-11-15,90.63866424560547,91.26499821560525,90.05977575984868,91.17959199980632,224400
2022-11-16,91.02771759033203,91.16057648469202,90.65760963600543,91.08466228810539,228900
2022-11-17,90.80001831054688,90.80001831054688,90.36348063120185,90.41092612923227,127400
2022-11-18,90.43939971923828,90.80001590385073,90.36347823607635,90.73358641615184,83000
2022-11-21,89.66122436523438,89.83204408554286,89.53785014262357,89.75612260090102,471400
2022-11-22,90.18314361572266,90.221104347661,89.84150426854679,89.8509962615987,138500
2022-11-23,91.09418487548828,91.12265361606671,90.42989012775895,90.42989012775895,534200
2022-11-25,91.1226577758789,91.16061851180633,90.71458891499663,90.71458891499663,165000
2022-11-28,90.48684692382812,91.48329649838946,90.45837817717288,91.35043752048412,156500
2022-11-29,90.42988586425781,90.77152521563124,90.39192513185306,90.41090187792074,26800
2022-11-30,91.1226577758789,91.30296946146667,90.11672361474727,90.83796311682829,68100
2022-12-01,92.16197967529297,92.22841953680734,91.68740716693264,91.95316661299013,274900
2022-12-02,92.2568588256836,92.30431895563947,91.5260206175975,91.80127344026344,319900
2022-12-05,91.81078338623047,92.53212824946145,91.79179643428203,92.45620216586902,159300
2022-12-06,91.67789459228516,92.19043366351849,91.60196851022859,92.01958730644071,131300
2022-12-07,92.03857421875,92.22840028591088,91.87722133752322,92.17145391404267,319300
2022-12-08,92.44668579101562,92.51312562357725,92.14295980767696,92.19041269299318,63400
2022-12-09,92.20941162109375,92.4561912775578,92.13347830504334,92.31381812031317,55100
2022-12-12,92.2474136352539,92.67452602928977,92.08605346645155,92.46571295081806,58400
2022-12-13,93.07315063476562,93.34840353673484,92.92129120967299,93.32942382412371,235900
2022-12-14,93.52872467041016,93.63313117237445,92.97821897667112,93.19652545570548,435600
2022-12-15,93.07315063476562,93.7755231051979,92.75993830757417,93.70908324895714,321300
2022-12-16,92.75994110107422,93.20603315418141,92.75994110107422,93.05417372451548,195000
2022-12-19,92.90228271484375,93.09211600394532,92.66499653451643,92.89279648143832,60400
2022-12-20,92.94976806640625,93.42434055582089,92.84536153942291,93.02570140264895,68500
2022-12-21,92.9687271118164,93.09212056612948,92.77890105481153,92.94025392740566,119400
2022-12-22,92.83585357666016,92.91178690105481,92.59856736897713,92.84534705255957,83300
2022-12-23,92.98773193359375,93.06366526754923,92.80739207579983,92.87383193266054,34700
2022-12-27,93.19654846191406,93.38637456249096,92.98773540643855,92.99722888388786,103000
2022-12-28,92.93080139160156,93.50977324783005,92.9118144341762,93.3009674059686,76100
2022-12-29,93.4527816772461,93.62362800446368,93.19651580711921,93.33888171196801,99500
2022-12-30,93.7755126953125,93.83245906822555,93.39585331262451,93.48127287199408,120200
2023-01-03,92.45407104492188,92.80532128040495,92.33066232350825,92.61545335201373,232800
2023-01-04,92.85276794433594,93.07111421630042,92.71037607427186,92.95719347752942,124700
2023-01-05,92.18824005126953,92.51100458444854,92.14077127040481,92.44455263686939,144700
2023-01-06,93.27047729492188,93.29895567113851,92.00788283603546,92.1977507486802,114700
2023-01-09,94.03942108154297,94.26726257346496,93.86854358396157,93.91601237212537,94500
2023-01-10,94.06790161132812,94.22929114914842,93.95398810547893,94.15334398343539,86700
2023-01-11,94.22926330566406,94.40014075666622,94.04889065107338,94.31469840980603,97200
2023-01-12,95.05519104003906,95.16911178621481,94.20081079324173,94.73242645662144,187700
2023-01-13,94.89381408691406,94.94128287783786,94.59952786280422,94.64698941100741,86600
2023-01-17,94.5330581665039,95.21656806834301,94.39065906316755,95.17859449127204,135800
2023-01-18,94.48561096191406,95.32101536281618,94.46662779040307,95.27354656995732,198400
2023-01-19,94.87481689453125,94.95075680897723,94.50458355674874,94.8083649426913,65400
2023-01-20,95.12165832519531,95.13115353292,94.67548496023423,94.75142489386761,181300
2023-01-23,95.24506378173828,95.2830373657231,95.04570789785835,95.08368148184319,228200
2023-01-24,95.36848449707031,95.4159532937041,94.96027747127282,95.21659738474088,126100
2023-01-25,95.63428497314453,95.68175376610401,95.30202515059098,95.33050352927829,99400
2023-01-26,95.44444274902344,95.56785149478033,95.13116603742249,95.56785149478033,70400
2023-01-27,95.1976089477539,95.32102492447845,94.98875782657849,95.11217380330304,44300
2023-01-30,95.03621673583984,95.51087569177042,95.00773835731935,95.37797176352754,101400
2023-01-31,95.25456237792969,95.2925359661531,95.0267280913106,95.15963202873185,51500
2023-02-01,96.3088150024414,96.42278529207161,95.44450165898185,95.5679791345222,279800
2023-02-02,95.63447570800781,95.97640111063723,95.41602054942118,95.938408594086,79700
2023-02-03,94.58018493652344,95.31152078270345,94.58018493652344,95.05508041351382,128300
2023-02-06,94.01981353759766,94.36173889358419,93.84885085960438,94.22876872695949,160800
2023-02-07,94.01981353759766,94.3332463216404,93.50692550361785,93.7158806929797,166600
2023-02-08,93.91535949707031,94.13381468064593,93.88686691798054,94.03883700156922,89500
2023-02-09,94.0958023071289,94.56119790884689,94.04830985444445,94.53270533576858,35000
2023-02-10,93.5924072265625,93.83935491874608,93.50692226735919,93.78236253050042,64400
2023-02-13,93.97232055664062,94.04829832675978,93.63039522894945,93.63039522894945,51500
2023-02-14,94.10530090332031,94.37124124336214,93.89634570862151,94.00082330597091,51100
2023-02-15,93.67792510986328,93.70642493937243,93.44997719812439,93.57344747399682,144200
2023-02-16,93.57341003417969,93.75387265053173,93.38345472478953,93.52592482999744,100300
2023-02-17,93.744384765625,93.7918772222448,93.25999649049412,93.3644740979925,154600
2023-02-21,93.28846740722656,93.69687780180955,93.2789674688419,93.36445242164429,47000
2023-02-22,92.93707275390625,93.43096826392842,92.92757281239331,93.32649064628266,113700
2023-02-23,92.95606994628906,93.05104761967273,92.74711471704582,93.0035551598149,89200
2023-02-24,92.47164916992188,92.5856266946938,92.39566415340727,92.42415672301775,148800
2023-02-27,93.0225601196289,93.09853791468365,92.78511230004344,92.8325975161611,79800
2023-02-28,92.73761749267578,93.27899821778826,92.73761749267578,93.11753544367258,57500
2023-03-01,93.50653839111328,93.639602618277,93.35446809640754,93.57307050469514,135500
2023-03-02,92.9457778930664,93.05983606390133,92.7366748722643,92.9457778930664,69300
2023-03-03,93.24043273925781,93.2879587969204,92.86975269415608,93.06934908371407,58400
2023-03-06,93.62059020996094,93.79167381207799,93.46851267409866,93.49703265066486,77300
2023-03-07,92.54656219482422,93.41147954167768,92.49903615591181,93.38296681891241,106400
2023-03-08,92.49903869628906,92.6796289473694,92.35646782709173,92.50854535462372,83500
2023-03-09,92.7842025756836,92.88875408794695,92.67014440281702,92.6891504725661,24300
2023-03-10,93.29743194580078,93.82968879343252,93.28792528739145,93.41148284089005,107700
2023-03-13,94.13385772705078,94.276428629367,93.83921651333264,93.90574863421924,148000
2023-03-14,94.2193603515625,94.25737972792572,93.89620652965695,94.14332885029063,34800
2023-03-15,92.81268310546875,92.93624064461396,92.2804190682132,92.33745176058817,233000
2023-03-16,93.1263427734375,93.19287487540619,92.71764350378547,92.76516229007439,109100
2023-03-17,93.53504180908203,93.73463811448875,93.16435466880642,93.24039342842477,112900
2023-03-20,94.08628845214844,94.12430782539698,93.9532242715055,94.08628845214844,57100
2023-03-21,94.49502563476562,94.62808986889688,94.41898685770295,94.59007048036554,57500
2023-03-22,95.34093475341797,95.73062803772892,94.57106209601704,94.61858814338166,114900
2023-03-23,95.12232971191406,95.70211266675734,94.99876489276143,95.53102905300922,80900
2023-03-24,94.428466796875,94.48549948926168,94.2763965372385,94.43797345418193,101700
2023-03-27,94.7706527709961,94.78015943019146,94.59006250356566,94.72313397793187,27100
2023-03-28,95.22684478759766,95.22684478759766,94.99872855555074,95.04625458342394,55200
2023-03-29,95.15084075927734,95.26489891691482,95.01777653442849,95.14133409994345,21000
2023-03-30,95.75911712646484,95.86366860369202,95.6450589918202,95.86366860369202,51700
2023-03-31,95.22684478759766,95.69256940464939,95.17931875972444,95.54049191661811,46700
2023-04-03,95.74822235107422,95.83385152361359,95.443776781538,95.47231741953281,165200
2023-04-04,96.20488739013672,96.30954122759991,95.67210223799108,95.69113416765043,102300
2023-04-05,95.72919464111328,96.27148852147253,95.63404950607628,96.0716968032933,38100
2023-04-06,95.92899322509766,96.03364707428486,95.61503167753608,95.63405635077228,77300
2023-04-10,95.4057388305664,95.4057388305664,95.12983384508351,95.2820602888905,30900
2023-04-11,95.8338623046875,95.95754083609685,95.68163587351683,95.90996826171708,90200
2023-04-12,96.48080444335938,96.5949670014646,96.30003738161903,96.39517526622515,84400
2023-04-13,97.02312469482422,97.19437583700208,97.00409275760597,97.06117405214616,83400
2023-04-14,96.61400604248047,96.8803950424009,96.42372300071168,96.85185440077456,119600
2023-04-17,96.01461791992188,96.19538498439341,95.84336682162132,96.1287877383074,73400
2023-04-18,96.3856430053711,96.404674934208,96.19536726832662,96.20488323274508,28700
2023-04-19,96.29052734375,96.41420587549673,96.1953894532867,96.26198670246659,49200
2023-04-20,96.31904602050781,96.51883772248715,96.26196475095776,96.34758665528285,24600
2023-04-21,96.5378646850586,96.56640531836537,96.25244383488331,96.51883275715159,27100
2023-04-24,97.05162811279297,97.08968471407357,96.77572319742455,96.78523916238332,49600
2023-04-25,96.3856430053711,96.76620173801413,96.34758640625138,96.76620173801413,45100
2023-04-26,96.94698333740234,97.46073661488896,96.92795140570551,97.41316404420208,131700
2023-04-27,96.88988494873047,96.89940091361126,96.59495536441585,96.66155260147252,33600
2023-04-28,96.86133575439453,97.0516187424256,96.64251939135104,96.69008469444346,100900
2023-05-01,96.43177795410156,96.95565955505296,96.38415697850114,96.95565955505296,39600
2023-05-02,96.72705841064453,96.76515228368785,96.2317508564884,96.2603248947956,132400
2023-05-03,97.16519927978516,97.48904803219888,96.97469360155776,97.00326763652973,156700
2023-05-04,96.86993408203125,97.06996689559614,96.58418641574536,97.00328444637462,115000
2023-05-05,96.87946319580078,97.01281356291283,96.54608727802066,96.55561438054295,41700
2023-05-08,96.74610900878906,97.09853911769848,96.7175349694004,97.03186393677504,41700
2023-05-09,96.3841552734375,96.46987738823152,96.23175071329334,96.23175071329334,79400
2023-05-10,96.56514739990234,96.75565314110756,96.42227717781215,96.58420160754835,156800
2023-05-11,95.99364471435547,96.08889395143652,95.84124738843596,95.97459777375964,69000
2023-05-12,95.41259765625,95.81264873983248,95.39355071910069,95.76502776343436,43700
2023-05-15,95.58406066894531,95.66979006406483,95.54595952300893,95.64121602137517,23400
2023-05-16,95.5078353881836,95.70786817296406,95.47926135237175,95.64119300038683,27100
2023-05-17,95.31733703613281,95.40306641067535,95.06968328051403,95.32686413709283,59300
2023-05-18,94.745849609375,94.87919997585992,94.65060038575005,94.87919997585992,51000
2023-05-19,95.06970977783203,95.1935403236792,94.86015710059911,94.92683955885578,46500
2023-05-22,95.1173095703125,95.17445764080463,94.98395922779844,95.09825536878269,39700
2023-05-23,94.72677612304688,94.9172817985698,94.65058111988617,94.80297839325604,28500
2023-05-24,94.5648422241211,94.86011690762959,94.5648422241211,94.86011690762959,39700
2023-05-25,94.28863525390625,94.39341157122085,94.20291313994849,94.3076894572631,47300
2023-05-26,94.3934326171875,94.46010780970366,94.16483299528221,94.40295972099008,23800
2023-05-30,94.4029312133789,94.48865332056309,94.26005376768985,94.45055945095818,66800
2023-05-31,94.02194213867188,94.17434670964091,93.58378989771077,94.02194213867188,199200
2023-06-01,94.70008087158203,94.75730489815606,94.2518065921992,94.2518065921992,120800
2023-06-02,94.22319030761719,94.77638012844695,94.21365054471819,94.76684036554795,293600
2023-06-05,94.26133728027344,94.34717331187039,94.00381463206928,94.02289415689525,43400
2023-06-06,94.09921264648438,94.13735714878068,93.90845375146382,93.97521754554407,33700
2023-06-07,94.1182632446289,94.4997736701913,94.10872348289567,94.23271855530946,104800
2023-06-08,94.87174987792969,94.94805342284225,94.53793096482042,94.53793096482042,89700
2023-06-09,94.57610321044922,94.84315839874688,94.56656344609341,94.79546685367596,50000
2023-06-12,94.73823547363281,94.8145390291454,94.59516812622361,94.8145390291454,34900
2023-06-13,94.95758056640625,95.15787190300405,94.91942879609627,95.1292598944481,42500
2023-06-14,95.32001495361328,95.63475431191272,95.11972362498425,95.39631121449159,155100
2023-06-15,96.39779663085938,96.4264086446574,95.77784298397486,95.82553452477654,125800
2023-06-16,96.31196594238281,96.5694813575849,96.1688985887337,96.42641400393579,184500
2023-06-20,96.0830307006836,96.19748600968211,95.93996338361195,96.11164270875672,207400
2023-06-21,96.80789947509766,96.80789947509766,96.08303040706753,96.08303040706753,107900
2023-06-22,96.5789794921875,96.7888105501995,96.44545196012618,96.7029672643288,160300
2023-06-23,95.94950103759766,96.02580457525393,95.87319749994138,96.02580457525393,55200
2023-06-26,96.09257507324219,96.17841110158038,96.04488353969451,96.14979909213432,17200
2023-06-27,96.5885238647461,96.71251892885503,96.4549963162485,96.67436716118348,67900
2023-06-28,96.15934753417969,96.42640268205761,96.04489220935756,96.36917865800007,24900
2023-06-29,95.77782440185547,95.97811573629002,95.71106062371062,95.79690392515747,31300
2023-06-30,96.14981079101562,96.31195765878289,96.12119877808824,96.12119877808824,58400
2023-07-03,96.2166519165039,96.2739628000485,96.09249169467094,96.1497952913899,20800
2023-07-05,95.66268920898438,96.0447228592023,95.65313618168149,96.0447228592023,32400
2023-07-06,95.94923400878906,95.94923400878906,95.49079062033015,95.93013523711421,19500
2023-07-07,96.66554260253906,96.70374742655869,96.14024266762566,96.15934143622293,13700
2023-07-10,96.95207214355469,96.96161788414582,96.59868299741132,96.59868299741132,34900
2023-07-11,97.02848815917969,97.03804118794028,96.78971344794616,96.89477490383499,47200
2023-07-12,98.20325469970703,98.21280772766558,97.67794746436664,97.67794746436664,98500
2023-07-13,98.98644256591797,98.98644256591797,98.55665100537824,98.57574977585354,102300
2023-07-14,98.96735382080078,99.13927191979708,98.93869473194593,98.99600562282907,34700
2023-07-17,99.12017822265625,99.17748183385963,98.85275165460382,98.86230468541355,79500
2023-07-18,99.02465057373047,99.16791686078645,98.85273248662851,99.05330237377646,31300
2023-07-19,98.80493927001953,98.96731155688315,98.56616463931691,98.90045495175934,38100
2023-07-20,98.16503143310547,98.73808912693156,98.07907605810232,98.55662535076138,92900
2023-07-21,98.14595031738281,98.17460211420304,98.01223707433827,98.09819246479894,74900
2023-07-24,97.58245086669922,97.91673401749135,97.56335209529375,97.65886052597348,66200
2023-07-25,97.51559448242188,97.52514751156178,97.23861493197396,97.26726673256749,70300
2023-07-26,97.9167251586914,97.9167251586914,97.56334326846525,97.6684047187556,87300
2023-07-27,96.74195861816406,97.24815981779852,96.74195861816406,97.24815981779852,70800
2023-07-28,97.2768325805664,97.46785675440631,97.01895905441648,97.02850479798812,32600
2023-07-31,97.03805541992188,97.4487482749504,97.00940361626381,97.25773139267866,38500
2023-08-01,96.9022216796875,96.97874305805706,96.76830014482039,96.85438943230227,45000
2023-08-02,96.5386962890625,96.77784288547706,96.38564626240816,96.75871436896087,26200
2023-08-03,96.60566711425781,96.73958863835588,96.36652049291474,96.4430491633067,33700
2023-08-04,97.16048431396484,97.46659168250731,97.14135579638265,97.25614149822648,40100
2023-08-07,97.15095520019531,97.19878746051408,97.02660154081607,97.11269085157595,19600
2023-08-08,96.73958587646484,96.76828960067412,96.54827150412264,96.66306450643326,23500
2023-08-09,96.91178131103516,97.04570284454857,96.89265279118018,96.96918146695249,24000
2023-08-10,96.9595947265625,97.47615224043604,96.94045891224785,97.2657020720237,27100
2023-08-11,96.61521911621094,97.0552479512563,96.61521911621094,96.86393360494945,34200
2023-08-14,96.28997802734375,96.57694953118583,96.06039206646118,96.1369207200887,34400
2023-08-15,96.31868743896484,96.6821876454618,96.28042310699014,96.63435540594966,35600
2023-08-16,96.07951354980469,96.48127797416952,96.04124922869761,96.33778859456122,27800
2023-08-17,96.03170776367188,96.40477587446411,95.90735415946614,96.3473830260884,48300
2023-08-18,96.06998443603516,96.1273772917833,95.92649499848882,95.9551914263629,28800
2023-08-21,96.28041076660156,96.33780360811994,96.11779285018339,96.23257853322015,36400
2023-08-22,95.84040832519531,95.96476194876188,95.71604740345259,95.96476194876188,66400
2023-08-23,96.0125732421875,96.05083757143656,95.67776218580192,95.69689799951374,156600
2023-08-24,95.51516723632812,95.84041046409516,95.50559932717066,95.61082443337385,59800
2023-08-25,95.50556945800781,95.80211616373442,95.1612051159777,95.56296959682453,60600
2023-08-28,95.62995147705078,95.64907999543424,95.45776561889707,95.52472638050264,59100
2023-08-29,96.25171661376953,96.28998094174143,95.342955245329,95.342955245329,295500
2023-08-30,96.56741333007812,96.84482431692727,96.52915628887786,96.52915628887786,64700
2023-08-31,95.89778137207031,96.08909572237067,95.81169210388755,96.08909572237067,36000
2023-09-01,95.2998275756836,96.2293494652551,95.26150325804056,96.07603026165116,385700
2023-09-05,94.7823715209961,95.03151614770671,94.66737663181448,94.96443762343681,137400
2023-09-06,94.8494644165039,94.95486727546046,94.65780623882854,94.85904184212873,50500
2023-09-07,94.58110809326172,94.70568769056797,94.54278378286973,94.68651822436274,26600
2023-09-08,94.65779113769531,95.01235322657111,94.60988208417854,94.68653803200753,55600
2023-09-11,95.0890121459961,95.16566809032688,94.85902237997249,94.97401726298429,88800
2023-09-12,94.91651153564453,94.9835900478764,94.76318504425195,94.7919319336357,68800
2023-09-13,94.95484924316406,95.1465073844428,94.91652492591885,95.07942886274787,43400
2023-09-14,94.14990997314453,94.49488732739263,94.06366929008789,94.45655569791943,104400
2023-09-15,94.31280517578125,94.53321019707597,94.3032277525585,94.37988369339094,38600
2023-09-18,94.6098861694336,94.66737996054061,94.35114948742986,94.43739748510147,34900
2023-09-19,94.48530578613281,94.71528825973533,94.48530578613281,94.60988541388457,50100
2023-09-20,94.33197784423828,95.0219325122059,94.33197784423828,94.73444896354927,32400
2023-09-21,94.37029266357422,94.44694859335416,94.16904982875087,94.27445995708347,140600
2023-09-22,94.18826293945312,94.45657709553707,94.18826293945312,94.26492621576638,26200
2023-09-25,93.79536437988281,93.99659998675106,93.65162988284267,93.99659998675106,38900
2023-09-26,93.59413146972656,93.7857896563224,93.50789076901764,93.76662018215667,48400
2023-09-27,93.0191421508789,93.27787148229554,92.90414727524376,93.27787148229554,31600
2023-09-28,93.53658294677734,93.67073994340132,93.31617798889053,93.36409433525967,35100
2023-09-29,93.62285614013672,93.9486713244819,93.56536235331544,93.78576738781457,103500
2023-10-02,92.86833953857422,93.21393246450444,92.8395413487561,93.14673424691003,43800
2023-10-03,92.75313568115234,92.85873391388795,92.56113556524419,92.73393200753377,70300
2023-10-04,93.20431518554688,93.20431518554688,92.90672417465252,93.14671881545254,16600
2023-10-05,93.46350860595703,93.46350860595703,93.14671393891301,93.21391214185677,22500
2023-10-06,93.8378677368164,93.92426225806221,93.06988225794275,93.07948409054306,324700
2023-10-09,93.66510009765625,93.67470193320146,93.38670545928133,93.46350549553398,43200
2023-10-10,93.96270751953125,94.10670578168028,93.8571092822257,93.88591479390018,52700
2023-10-11,94.04910278320312,94.23150105735054,93.81870997442321,94.08750280534234,36900
2023-10-12,93.30989837646484,93.75149488954185,93.30030386569875,93.75149488954185,37000
2023-10-13,93.16593170166016,93.30032812787464,93.0603334633408,93.2523262653455,295500
2023-10-16,93.62669372558594,93.62669372558594,93.36750277589138,93.41549730225123,24600
2023-10-17,93.8378677368164,93.93386409066252,93.5498713512257,93.5498713512257,54100
2023-10-18,93.40592956542969,93.59792237401031,93.31952767472907,93.55952234748295,13500
2023-10-19,93.90509033203125,94.1258885949315,93.65549388789493,93.69389390422778,117200
2023-10-20,93.9435043334961,93.99150619207161,93.79950608182486,93.90510431144673,10500
2023-10-23,94.61546325683594,94.69226328214168,93.94348134554447,94.00107770249701,73800
2023-10-24,93.99149322509766,94.22188600155367,93.88589501004401,94.20268233115065,52500
2023-10-25,93.7322998046875,93.95309808144856,93.7322998046875,93.78989617077531,16200
2023-10-26,93.67472076416016,93.67472076416016,93.39632606982096,93.58831887499335,154200
2023-10-27,93.77069091796875,94.02028735406937,93.72268906808456,93.84749094816186,27500
2023-10-30,94.1930923461914,94.26988505933059,93.99149774159854,94.02989043614079,22000
2023-10-31,93.89549255371094,94.13548717311951,93.6938979522943,94.13548717311951,11400
2023-11-01,93.76468658447266,93.88972917068335,93.34145423328167,93.45688323959119,133900
2023-11-02,94.24562072753906,94.61113487120235,94.18790256061651,94.58227945704603,51700
2023-11-03,95.21712493896484,95.36140935495507,94.9766533585179,95.13055869253687,31900
2023-11-06,95.15943145751953,95.4095240015922,95.14019695656545,95.34219224033552,46500
2023-11-07,94.93817138671875,95.03436588407283,94.6976998205532,94.75541798668759,34200
2023-11-08,95.07286071777344,95.12095797952345,94.7939200831811,94.7939200831811,25800
2023-11-09,94.6881103515625,95.21714352866535,94.65925493045292,95.03439008210078,67600
2023-11-10,94.85161590576172,94.89009224134628,94.67847606493648,94.83237406866411,26400
2023-11-13,95.00553131103516,95.05362857397819,94.72659066952392,94.78430151416596,44900
2023-11-14,96.6407470703125,96.68883699674407,96.00589839707243,96.00589839707243,92700
2023-11-15,96.31366729736328,96.48680711541648,96.21748014035809,96.37138546245413,32400
2023-11-16,96.36177825927734,96.7272924433605,96.35215734062469,96.45796542997178,18100
2023-11-17,96.91968536376953,96.91968536376953,96.4964529572961,96.54455021752683,20700
2023-11-20,97.2370834350586,97.30442252174103,97.00623277575507,97.00623277575507,32500
2023-11-21,96.93891143798828,97.37176472660309,96.81386884631428,97.37176472660309,44300
2023-11-22,96.74653625488281,96.75614983512092,96.43873289921312,96.66958358131266,18700
2023-11-24,97.21784210205078,97.2659393495534,97.06394411953973,97.083178615375,6500
2023-11-27,97.4294662475586,97.4294662475586,97.14089741607268,97.14089741607268,13300
2023-11-28,97.68917846679688,97.84308381022824,97.5641358792169,97.58337037784048,34000
2023-11-29,97.55451965332031,97.73728042278383,97.44871155927417,97.60261691010894,16900
2023-11-30,96.7850112915039,97.03509646933104,96.72729311779622,96.99662013306283,57900
2023-12-01,96.72047424316406,96.83612512488297,96.28679630397251,96.59519130250615,145700
2023-12-04,96.3542251586914,96.39276808695196,96.0747411361595,96.2289349073446,31800
2023-12-05,95.98800659179688,96.31568032224864,95.8916345602692,96.19039006381942,41200
2023-12-06,95.7374267578125,96.04582900155881,95.69888383005839,96.04582900155881,17700
2023-12-07,96.03617858886719,96.20965115473989,95.8627060229945,95.8627060229945,18200
2023-12-08,95.7374267578125,95.9108993435627,95.54468270818523,95.55432211648086,42700
2023-12-11,95.78562927246094,95.80490809163365,95.57360637785216,95.60251725389605,19600
2023-12-12,96.0747299194336,96.0747299194336,95.80488533682833,95.90125735165687,15300
2023-12-13,96.87464141845703,96.93247051976762,95.9398246210601,96.06510752725605,36100
2023-12-14,97.83839416503906,97.94440562514392,97.52999919547479,97.52999919547479,91200
2023-12-15,96.94210052490234,97.17340221982123,96.92282906001638,97.16376281102097,44600
2023-12-18,97.20231628417969,97.27941685168348,97.13485512579257,97.21195569329636,53800
2023-12-19,97.71310424804688,97.79020482310298,97.58782132811733,97.60709279552358,34100
2023-12-20,97.32757568359375,97.70343166849798,97.3179436295184,97.58778819788932,18100
2023-12-21,97.97331237792969,97.97331237792969,97.75165007294173,97.84802211100445,21900
2023-12-22,98.06002807617188,98.29132239813218,97.96365605474791,98.16603950555242,41100
2023-12-26,98.32988739013672,98.35879826561839,98.1178644996511,98.1178644996511,22100
2023-12-27,98.92740631103516,99.04304981358645,98.64792225867775,98.66719372486462,55300
2023-12-28,98.56117248535156,99.00449704346337,98.48407927554955,98.79247417290058,94400
2023-12-29,98.3395004272461,98.6382558640577,98.3395004272461,98.47442271178767,15600
2024-01-02,97.50132751464844,97.69445386620575,97.50132751464844,97.55926394665602,58600
2024-01-03,97.30821228027344,97.44340959280305,97.13439558393475,97.25993436686235,45000
2024-01-04,97.58824920654297,97.69447092864064,97.4820274844453,97.50134454335361,21800
2024-01-05,97.49165344238281,97.93584987397846,97.45302670477056,97.53993870622236,55000
2024-01-08,97.65581512451172,97.84894881963884,97.58822017304152,97.58822017304152,17400
2024-01-09,97.40476989746094,97.559269514064,97.25992144187786,97.5206427680886,7200
2024-01-10,97.76206970214844,97.81035498399767,97.49168980531189,97.49168980531189,11900
2024-01-11,97.80068969726562,97.8779431959672,97.5399683482717,97.7813800062398,16100
2024-01-12,97.63651275634766,97.91655110979752,97.63651275634766,97.8199879386453,9900
2024-01-16,96.96058654785156,97.14405440704711,96.88333304540107,96.99920593177731,45300
2024-01-17,97.0281753540039,97.03782651572222,96.73847842187612,96.87366835892269,44000
2024-01-18,96.92194366455078,96.9315948252761,96.74812699661766,96.90262660850362,12600
2024-01-19,97.19231414794922,97.19231414794922,96.93158548751731,97.00883896966732,46900
2024-01-22,97.15369415283203,97.24059880081194,97.08609919308164,97.14403562506824,60500
2024-01-23,96.78675079345703,96.960567456096,96.59361707535928,96.960567456096,30200
2024-01-24,97.0764389038086,97.55926214106401,97.06678037622007,97.53029392559637,33600
2024-01-25,96.72882080078125,97.02817626473619,96.60328939157375,96.96058129557845,50100
2024-01-26,96.85431671142578,97.02813332194624,96.85431671142578,96.9412213330381,108600
2024-01-29,96.66121673583984,96.69018495313883,96.38117835645238,96.41980510195049,80300
2024-01-30,96.777099609375,96.8929724817283,96.67087789818542,96.85435310247627,12300
2024-01-31,96.44876098632812,97.17299579538816,96.37151487250779,96.97021093292705,23300
2024-02-01,97.03706359863281,97.06608935820942,96.3597638868033,96.63068820069475,20500
2024-02-02,96.35006713867188,96.53389935956685,96.25331217263282,96.44682210471092,24300
2024-02-05,95.9437255859375,95.97275134776159,95.75988591847381,95.90502210952761,62800
2024-02-06,96.06948852539062,96.06948852539062,95.87597117924172,95.87597117924172,11900
2024-02-07,96.21463775634766,96.2339858026242,96.12755309327076,96.17593428186159,37000
2024-02-08,96.26300048828125,96.27267820127261,96.05013509406378,96.07916823303788,9700
2024-02-09,96.34042358398438,96.3694493458938,96.22431315441334,96.22431315441334,6700
2024-02-12,96.26300048828125,96.36943318539,96.11786432113914,96.16624550416388,11400
2024-02-13,95.67278289794922,95.83727448661983,95.62440909816648,95.83727448661983,13200
2024-02-14,95.85662841796875,95.88565417600762,95.70182191445063,95.70182191445063,11900
2024-02-15,96.2339859008789,96.34041861034103,96.13723090553142,96.25334132910818,16700
2024-02-16,96.30170440673828,96.37911134716546,96.02110978413886,96.02110978413886,13500
2024-02-20,96.61133575439453,96.87258236251145,96.5823099939222,96.81452345963382,30800
2024-02-21,96.69843292236328,96.7274586865891,96.55329671930028,96.6113482477519,17400
2024-02-22,96.7468032836914,96.766158713774,96.62102251588918,96.64037056403811,20500
2024-02-23,96.7468032836914,96.86291371838601,96.68875175731094,96.86291371838601,25000
2024-02-26,97.01768493652344,97.05638840066754,96.93060767864743,96.99833689541687,14800
2024-02-27,96.97901916503906,97.08544449728478,96.89193449801382,96.96934145049552,35500
2024-02-28,96.93061828613281,96.98866979773628,96.83386330614978,96.83386330614978,9400
2024-02-29,96.62100219726562,97.0757587434374,96.55327297008678,96.9790037591722,70900
2024-03-01,96.94573974609375,97.05236998622242,96.64523298044332,96.74217494102083,97500
2024-03-04,97.13961029052734,97.18808127152194,97.09114670516611,97.11053066018394,18600
2024-03-05,97.15900421142578,97.3044023669892,97.03298261575941,97.07175792245418,25800
2024-03-06,97.53707122802734,97.65338977277644,97.3819699741821,97.40136132873018,15900
2024-03-07,97.98295593261719,97.98295593261719,97.53705101367721,97.53705101367721,24100
2024-03-08,97.89570617675781,98.08958269701226,97.847242593419,98.04111171804038,18500
2024-03-11,97.79875183105469,97.876302423469,97.71151296131224,97.78905615809501,13600
2024-03-12,97.79875183105469,97.79875183105469,97.60488274565044,97.64365804185759,11400
2024-03-13,97.99264526367188,98.1186668565643,97.88602241715016,97.90540637225409,11200
2024-03-14,97.51763916015625,97.75997922138707,97.4304002880164,97.74059527056659,52500
2024-03-15,97.48857879638672,97.54673805597015,97.43041953680329,97.43041953680329,29900
2024-03-18,97.33349609375,97.52736524493537,97.30440906500155,97.49828561182098,32100
2024-03-19,97.28501892089844,97.30440287653055,97.16869300020501,97.1880843514707,19200
2024-03-20,97.81819152832031,97.81819152832031,97.07177964973773,97.07177964973773,43500
2024-03-21,97.23654174804688,97.61459172169096,97.2268534686644,97.60490344230847,41100
2024-03-22,96.80033111572266,96.99420023943235,96.75186013697872,96.97481628531457,21200
2024-03-25,97.10084533691406,97.11054101327332,96.99421508386466,96.99421508386466,13900
2024-03-26,97.00389099121094,97.22684712823141,97.00389099121094,97.2171514538481,9500
2024-03-27,96.98450469970703,96.99419297822412,96.8487948441432,96.86817879680984,21100
2024-03-28,96.65496063232422,96.83914154359479,96.62588099278375,96.77128658612179,15700
2024-04-01,96.26351165771484,96.6131728698826,96.16638518995147,96.58403567058103,69400
2024-04-02,96.51602935791016,96.58401861436543,96.38975830286951,96.4188954970256,10900
2024-04-03,97.1473617553711,97.1473617553711,96.6714369270505,96.6714369270505,201600
2024-04-04,97.15709686279297,97.48733577898193,97.14738199194984,97.40963163278744,66000
2024-04-05,97.1473617553711,97.21535101655975,96.78799312206263,96.81713031824725,12700
2024-04-08,97.36103820800781,97.37075307620863,97.1862076317593,97.1862076317593,12000
2024-04-09,97.36103820800781,97.57472084678635,97.29304895114856,97.57472084678635,11500
2024-04-10,96.3606185913086,96.63257561002487,96.22464008195045,96.60343841662998,31200
2024-04-11,96.19551086425781,96.4480455784065,95.99154308330935,96.4480455784065,405800
2024-04-12,95.40876770019531,95.48646441141118,95.26307432497214,95.37962309693236,73600
2024-04-15,95.32135772705078,95.50590318047381,95.27279079395832,95.4864734431274,28200
2024-04-16,95.28251647949219,95.46706195386557,95.07854867584108,95.36993548692806,37400
2024-04-17,95.74872589111328,95.80700028434948,95.42820190776652,95.49619116996669,38000
2024-04-18,95.51560974121094,95.66130312884549,95.50590228290255,95.65159567053709,19000
2024-04-19,95.59332275390625,95.76815335326202,95.47677396118522,95.73901615508176,24200
2024-04-22,95.59332275390625,95.66131201975159,95.36021775818996,95.36021775818996,24800
2024-04-23,96.04983520507812,96.09840214724348,95.73902604193479,95.73902604193479,18800
2024-04-24,96.04010772705078,96.09838953205333,95.88470687101665,95.95269613495795,42900
2024-04-25,96.30233764648438,96.38004176376121,95.91382447037267,95.91382447037267,40300
2024-04-26,96.05953216552734,96.17608094855403,95.83613464760353,96.17608094855403,19000
2024-04-29,96.26351165771484,96.3023637268751,96.00126204345179,96.0692587221881,21000
2024-04-30,95.80699157714844,96.20521965546729,95.80699157714844,96.108085795203,43400
2024-05-01,95.99092864990234,96.34126110241658,95.81576242364522,95.87414869089763,38600
2024-05-02,96.32182312011719,96.34128273873827,95.88390374387653,95.91309688405893,7100
2024-05-03,96.6623764038086,96.86673571291519,96.58452311714949,96.86673571291519,21300
2024-05-06,96.70130920410156,96.88620149106643,96.70130920410156,96.82781523460368,23100
2024-05-07,96.59428405761719,96.88622282872433,96.54562388351592,96.81810303968265,6500
2024-05-08,96.52616882324219,96.59428861549816,96.49697568720399,96.58455509531858,30800
2024-05-09,96.85702514648438,96.86675866574767,96.63320617492755,96.63320617492755,49600
2024-05-10,96.78890228271484,96.92514185006908,96.71104898008396,96.80836932062235,21100
2024-05-13,96.95435333251953,97.09059292565921,96.91542667383663,97.05167369147729,15900
2024-05-14,97.18791961669922,97.27549903606607,97.1587190524088,97.20737923505803,15700
2024-05-15,97.7912368774414,97.7912368774414,97.39225170472419,97.5479508814311,26500
2024-05-16,97.66474914550781,97.74260246070929,97.56743621375637,97.63555600843246,36300
2024-05-17,97.73282623291016,97.75228584095667,97.49927381386422,97.53820045445481,11500
2024-05-20,97.60633087158203,97.71337728876419,97.60633087158203,97.7036437714299,33500
2024-05-21,97.59661102294922,97.63553767323984,97.538224759763,97.60634454164672,10100
2024-05-22,97.26576232910156,97.48958876765546,97.24630271138007,97.4409285865999,14300
2024-05-23,97.1976318359375,97.65501075933129,97.15870518027629,97.65501075933129,12300
2024-05-24,97.56742858886719,97.60635524342581,97.52850193430858,97.5576950691025,11300
2024-05-28,97.67446899414062,97.83990169741188,97.61607530366273,97.83016817824893,9100
2024-05-29,97.13923645019531,97.49930241290156,97.13923645019531,97.49930241290156,17000
2024-05-30,97.40200805664062,97.51878804382278,97.37281491597051,97.38254843769444,11400
2024-05-31,97.59661102294922,97.8107038872979,97.518757722368,97.76204371830978,21800
2024-06-03,98.05390930175781,98.06366217151295,97.89790058197516,97.94665005223102,10200
2024-06-04,97.89791107177734,97.94666054725673,97.76140063761791,97.79065181075768,40500
2024-06-05,97.81016540527344,97.96618160542563,97.72241187213424,97.96618160542563,34600
2024-06-06,97.95641326904297,98.01491561523352,97.82965570587652,97.9661661398283,15000
2024-06-07,97.2055892944336,97.48836298486789,97.19583642531256,97.40060204129752,47200
2024-06-10,96.88383483886719,96.8935877103309,96.63031225563884,96.64006512710257,22500
2024-06-11,96.68882751464844,96.73757699620228,96.51331301467897,96.53281131944819,25500
2024-06-12,97.27388000488281,97.65416020755195,97.27388000488281,97.51764974706879,34200
2024-06-13,96.69857025146484,97.21536086494979,96.63031502778308,97.21536086494979,58600
2024-06-14,96.39628601074219,96.39628601074219,96.05500993541948,96.14276345224796,20600
2024-06-17,96.64006042480469,96.68881734048969,96.48404424602137,96.48404424602137,29600
2024-06-18,96.70831298828125,96.9130786378673,96.64005777175257,96.64005777175257,12500
2024-06-20,96.4157943725586,96.63031291064736,96.40604894029002,96.56205768846104,23800
2024-06-21,96.30854034423828,96.35729726527934,96.21103394141782,96.33779896041993,53200
2024-06-24,96.71807098388672,96.79607163600926,96.5913059755731,96.6985652414103,72500
2024-06-25,96.54255676269531,96.57180793722912,96.31828535916762,96.41579175403402,18300
2024-06-26,96.21102142333984,96.30852781347367,96.13301333552849,96.15251907711168,21800
2024-06-27,96.4157943725586,96.63031291064736,96.4157943725586,96.63031291064736,9300
2024-06-28,96.4937744140625,96.57178248510051,96.38651517620002,96.40602091358907,10000
2024-07-01,96.77609252929688,96.97145866665716,96.63933474259659,96.8933166833573,37100
2024-07-02,96.83472442626953,96.84449497133548,96.71750769644713,96.74681187890273,8300
2024-07-03,97.30359649658203,97.4989626468989,97.16683870081205,97.16683870081205,45300
2024-07-05,97.73341369628906,97.76271787437977,97.45989064437978,97.59665589670499,23400
2024-07-08,97.58692169189453,97.78228792040929,97.56738059739672,97.78228792040929,58600
2024-07-09,97.51850128173828,97.58688017790408,97.45012238557248,97.53803491518248,37000
2024-07-10,97.6552505493164,97.6552505493164,97.5673305746406,97.5868716591197,16300
2024-07-11,97.95809936523438,98.18277718700445,97.93856572769633,98.1046277313677,31800
2024-07-12,98.33905029296875,98.39766610012825,98.25113776134084,98.25113776134084,15500
2024-07-15,98.32929992675781,98.49536192092717,98.28045465659419,98.48559137634606,40700
2024-07-16,98.34883880615234,98.34883880615234,98.1241609852607,98.16323571292631,14400
2024-07-17,98.68095397949219,98.73956979211515,98.55396671550203,98.7200287036603,20200
2024-07-18,98.29997253417969,98.50510922104533,98.28043890089087,98.50510922104533,7700
2024-07-19,98.17298126220703,98.26089378751453,98.15344762971881,98.20228543730953,14300
2024-07-22,98.24136352539062,98.27066770149845,98.15345099706711,98.2022888063333,13200
2024-07-23,97.95809936523438,97.99717409305275,97.87994990959763,97.95809936523438,84400
2024-07-24,97.83111572265625,98.04602300726745,97.82134517715323,97.98740718699185,51800
2024-07-25,97.96784973144531,98.05576226137215,97.80178776197856,97.80178776197856,9200
2024-07-26,97.99716186523438,98.09484494622053,97.97762823013369,98.0557702232778,26500
2024-07-29,97.71389770507812,97.73343879731812,97.53806513863337,97.72366825119812,31300
2024-07-30,97.58692169189453,97.65530061714908,97.50877221939108,97.60645533364846,64500
2024-07-31,97.70408630371094,97.9385345960974,97.57709906822322,97.89945988069965,31200
2024-08-01,97.41151428222656,97.65616847497891,97.3527996651671,97.43108333249525,20600
2024-08-02,98.54670715332031,98.62499828793403,98.3118412157327,98.46842348496014,46000
2024-08-05,98.96751403808594,99.35896225031595,98.89901116091471,99.26110206382185,45000
2024-08-06,98.71308135986328,98.75222692862906,98.50757272353336,98.50757272353336,16000
2024-08-07,98.68370056152344,98.75221089543071,98.58584038862429,98.70327707585483,38800
2024-08-08,98.61518096923828,98.61518096923828,98.30202398931927,98.42924891213882,12000
2024-08-09,98.63478088378906,98.7522175789677,98.63478088378906,98.6739264488486,8400
2024-08-12,98.77178955078125,98.82072337511678,98.64457206026351,98.75222050079904,30700
2024-08-13,99.3785400390625,99.3785400390625,98.95773451212479,98.97730356317257,10700
2024-08-14,99.55467987060547,99.81890309364326,99.52531509804317,99.56446066187337,10900
2024-08-15,99.16321563720703,99.31000961123104,99.02620991911841,99.02620991911841,39300
2024-08-16,99.65255737304688,99.65255737304688,99.31004296279774,99.33940027421136,19400
2024-08-19,100.21034240722656,100.21034240722656,99.68188854161275,99.68188854161275,16100
2024-08-20,100.5430679321289,100.59200174889193,100.30820203742117,100.31799029402421,113600
2024-08-21,100.80731201171875,101.00303237231226,100.40607556637292,100.46479764755351,49400
2024-08-22,100.39630126953125,100.68988931750091,100.31801759415966,100.68988931750091,26700
2024-08-23,101.1987533569336,101.24767971064739,100.40606877774236,100.40606877774236,55300
2024-08-26,100.90516662597656,101.08131792729529,100.86602106276654,100.93452393182089,79800
2024-08-27,101.15959930419922,101.18895660721417,100.88558038813832,100.88558038813832,11200
2024-08-28,100.50392150878906,100.6605037480842,100.45499515869841,100.57242437191765,14800
2024-08-29,100.16140747070312,100.2690558939538,100.01461348752018,100.2690558939538,15600
2024-08-30,100.00484466552734,100.18099597317776,99.90697702085811,99.9852681500923,46400
2024-09-03,99.9215087890625,100.09797957397991,99.78425456521498,100.01954645184013,69900
2024-09-04,100.2646484375,100.36269358407016,99.98034144778903,99.98034144778903,30300
2024-09-05,100.4803237915039,100.54895089802989,100.23522591394062,100.4509132429633,23900
2024-09-06,100.3528823852539,100.72542849165865,100.17641160226343,100.36268839536287,21200
2024-09-09,99.9215087890625,100.04896448248822,99.88229222799261,100.04896448248822,42000
2024-09-10,99.81364440917969,99.86266697029562,99.7156067667405,99.83325642554313,63100
2024-09-11,99.75482177734375,99.78423232164151,99.62737359212258,99.76462778537385,28800
2024-09-12,100.20581817626953,100.20581817626953,99.87248864373419,99.9313097424654,35700
2024-09-13,100.27445220947266,100.44111698724986,100.27445220947266,100.40190790525058,29500
2024-09-16,100.8234634399414,100.83326944978646,100.66660468139031,100.72542578087273,42900
2024-09-17,100.62739562988281,100.74504531741974,100.6077910885239,100.69602274433072,18700
2024-09-18,100.55876159667969,101.24503269394128,100.5195450368656,100.81366549557427,48900
2024-09-19,101.08817291259766,101.11758346221242,100.65679823879735,100.78425392685321,16200
2024-09-20,101.08817291259766,101.20582259085063,100.86267956589461,101.08817291259766,44800
2024-09-23,100.65680694580078,100.88230031200943,100.65680694580078,100.76465062357954,18400
2024-09-24,101.25484466552734,101.25484466552734,100.8430819829266,100.85288799340599,56100
2024-09-25,100.79405212402344,101.509741241393,100.75483556473529,101.4411141325872,23000
2024-09-26,101.24502563476562,101.33326475814346,100.7940464480385,100.89209158063464,18800
2024-09-27,101.12739562988281,101.39209807232793,101.0195519548659,101.39209807232793,8200
2024-09-30,100.85286712646484,101.25482371541945,100.71561292732981,101.18619661585194,30200
2024-10-01,100.2273178100586,100.39427083364629,100.08001733688468,100.38444830463658,79800
2024-10-02,100.1389389038086,100.17822152799351,99.97199337031851,100.16839899884866,23600
2024-10-03,99.90325164794922,100.03091455852822,99.76575871573283,100.0112695000425,38600
2024-10-04,99.47115325927734,99.48097578881539,99.24528003427096,99.31402275624774,29600
2024-10-07,99.41222381591797,99.53006418982964,99.39257875866997,99.42203885214789,20100
2024-10-08,99.48095703125,99.51041712191453,99.37293170388448,99.47113450356403,6400
2024-10-09,99.12744903564453,99.32385469063419,99.1176265051764,99.27474953068904,9100
2024-10-10,99.09797668457031,99.16671940455717,98.79353821686175,99.16671940455717,39800
2024-10-11,99.11760711669922,99.27473011147688,99.11760711669922,99.1470672099454,12100
2024-10-14,98.87210083007812,99.01940879537818,98.72479286477807,98.95066607722407,49800
2024-10-15,98.69532775878906,98.921200959766,98.67569019419687,98.90155590277985,12300
2024-10-16,98.45964050292969,98.7640714577032,98.42035788095987,98.72478883573338,30000
2024-10-17,98.18467712402344,98.2730574108953,98.01772409483002,98.01772409483002,34500
2024-10-18,98.51856994628906,98.52839247580293,98.40072206930687,98.4400046949676,46900
2024-10-21,98.08645629882812,98.43999239319953,98.05699620636281,98.3810722082689,32200
2024-10-22,97.89008331298828,98.07667395064865,97.89008331298828,98.07667395064865,11400
2024-10-23,97.83116912841797,97.84098416818573,97.6642160512081,97.77224142782758,29800
2024-10-24,98.20429992675781,98.21412245462066,97.919506557883,98.06681450625183,45100
2024-10-25,97.92936706542969,98.312363384289,97.90972200208509,98.21416054475519,7400
2024-10-28,98.10611724853516,98.2141426000039,98.08647218877992,98.17485997288846,29300
2024-10-29,98.12574768066406,98.12574768066406,97.78203408389082,97.81149417898645,23600
2024-10-30,98.5382080078125,98.63641831865493,98.1748568303167,98.23377702290632,18800
2024-10-31,98.70515441894531,98.77389713648638,98.4498211141952,98.73461451326374,18600
2024-11-01,98.3412094116211,98.64612573291711,98.32153303353392,98.60678048108223,15600
2024-11-04,98.71500396728516,98.9904132981045,98.71500396728516,98.98057510647769,15000
2024-11-05,99.18710327148438,99.26579377294117,98.80349645730662,99.00022271094858,40200
2024-11-06,97.44610595703125,97.65266286729106,97.12151331047804,97.2493872342138,61600
2024-11-07,98.04612731933594,98.20350082802496,97.78055624027458,97.96743681282155,22900
2024-11-08,97.25922393798828,97.71168303194774,97.0821740747573,97.68217597213237,69100
2024-11-11,96.70844268798828,96.78713321400029,96.54123094846896,96.78713321400029,81600
2024-11-12,96.42317199707031,96.44284837601754,96.19694616955583,96.44284837601754,36000
2024-11-13,95.89202117919922,96.44284721801064,95.87235230482797,96.40350196492841,29900
2024-11-14,95.50841522216797,96.04940307660902,95.45923928361682,95.78382449194167,41900
2024-11-15,95.58710479736328,95.8526758751023,95.50841429124071,95.71497124155768,35500
2024-11-18,96.21662139892578,96.33465716738557,95.89202866391659,95.89202866391659,60600
2024-11-19,96.20677947998047,96.24612473460877,95.99038433169481,96.15760353995009,14400
2024-11-20,95.73466491699219,95.78384086394881,95.45925560014369,95.75433379490663,24600
2024-11-21,95.17398834228516,95.7149686725937,95.07562896444173,95.61660929475028,32400
2024-11-22,94.60350036621094,94.70185975125064,94.42645047140346,94.62316924148286,70700
2024-11-25,95.34120178222656,95.60677285770446,95.09529958094198,95.60677285770446,34800
2024-11-26,95.21334838867188,95.44941243304393,95.00678390746307,95.41006717492515,15000
2024-11-27,95.99039459228516,96.1772826956614,95.77400692520942,95.97072571503855,17500
2024-11-29,96.01005554199219,96.01989373120458,95.78382221614487,95.91169616288711,7700
2024-12-02,95.42791748046875,95.52642464876345,95.0831649365628,95.40822055583492,31800
2024-12-03,95.5067138671875,95.74311452230512,95.38850978210803,95.65446709477652,33200
2024-12-04,95.54612731933594,95.81207715061652,95.29987441387372,95.29987441387372,35300
2024-12-05,96.17652893066406,96.23562721995054,95.900726893938,96.12727534623075,26400
2024-12-06,96.02876281738281,96.18636825440502,95.81205909899771,96.18636825440502,18500
2024-12-09,95.90071868896484,96.25532342442855,95.88101425086062,96.22577428231345,8900
2024-12-10,95.68402099609375,95.70372543544099,95.46731725352437,95.70372543544099,10100
2024-12-11,95.40821838378906,95.53626717859848,95.29001429355154,95.467316671387,13800
2024-12-12,95.12256622314453,95.48702320642835,95.12256622314453,95.2801716802538,18000
2024-12-13,95.41807556152344,95.46732163206676,95.29987146514378,95.40822334139796,9300
2024-12-16,95.54612731933594,95.6840283451914,95.33927578055275,95.34912800098309,37300
2024-12-17,95.38851165771484,95.55596932696379,95.35896251462428,95.55596932696379,10100
2024-12-18,94.23604583740234,95.44761325605603,94.09814483235768,95.29000781312433,54800
2024-12-19,94.27545166015625,94.6103594847166,94.22620559319016,94.54140897893086,25500
2024-12-20,94.86648559570312,94.99454194141323,94.48233158866032,94.48233158866032,32400
2024-12-23,94.63990783691406,94.7384074850645,94.4626054642267,94.7384074850645,38700
2024-12-24,94.49214935302734,94.69900085715392,94.47245243050905,94.69900085715392,12700
2024-12-26,94.79750061035156,94.82704975168396,94.57095218344257,94.57095218344257,15900
2024-12-27,94.84676361083984,95.02406599148748,94.76796088276494,95.02406599148748,17200
2024-12-30,94.60050201416016,94.68914943880333,94.393650508285,94.61035423302309,26400
2024-12-31,94.2261962890625,94.57094878394945,94.12768913477416,94.57094878394945,30100
2025-01-02,93.38087463378906,93.95297856661509,93.04550803382512,93.95297856661509,260100
2025-01-03,93.78530883789062,93.79516725072445,93.50912276842409,93.63734986481757,19400
2025-01-06,94.56454467773438,94.64344960148667,94.3968538416855,94.43631006631433,57600
2025-01-07,94.16012573242188,94.66318319870962,94.16012573242188,94.66318319870962,101300
2025-01-08,93.92340850830078,93.96286473894158,93.68667864996253,93.81490575541523,78100
2025-01-10,93.25265502929688,93.57816324394007,93.12442794118236,93.52884108093153,107200
2025-01-13,93.03564453125,93.07510075442607,92.79891471769862,93.07510075442607,106800
2025-01-14,93.81487274169922,93.85432895845526,93.36113753726055,93.36113753726055,79500
2025-01-15,93.73597717285156,94.1502562350699,93.44006678219785,94.1502562350699,69300
2025-01-16,93.76554870605469,93.91350763454204,93.49922865518039,93.52881893577712,56400
2025-01-17,93.5880126953125,94.03188954337277,93.5485564737846,93.6274689168404,100100
2025-01-21,94.9097900390625,95.03801714227417,94.55469149500792,94.62373801604596,103200
2025-01-22,94.82100677490234,94.96896574825084,94.82100677490234,94.94924139704051,25000
2025-01-23,94.8900375366211,95.05772835884213,94.47575850043802,94.84072290403059,41200
2025-01-24,95.61009979248047,95.82710524589704,95.3930943390639,95.3930943390639,77300
2025-01-27,95.56078338623047,95.91588187219273,95.4917368764881,95.91588187219273,90900
2025-01-28,95.04786682128906,95.10704739333868,94.93936408886138,95.07745710731388,75700
2025-01-29,94.87031555175781,95.00840856725853,94.68290037693332,94.74208847322285,40700
2025-01-30,94.84072875976562,95.12678073826935,94.6533135780378,95.12678073826935,29200
2025-01-31,94.52509307861328,95.05774084890913,94.43631468747778,94.54481742914021,47400
2025-02-03,93.83767700195312,94.19323557720963,93.36359638985921,93.61051164849536,131400
2025-02-04,94.65741729736328,94.65741729736328,94.29198758592914,94.32161620736925,28600
2025-02-05,94.8154525756836,95.19076102943716,94.80557385616885,94.98335313115847,130100
2025-02-06,94.6969223022461,94.7364296416101,94.44013589926175,94.50927185933514,64800
2025-02-07,94.14383697509766,94.67717476696265,93.94630780859418,94.60803880516097,71800
2025-02-10,93.96604919433594,94.07469248664215,93.92654185756514,93.92654185756514,31600
2025-02-11,94.47964477539062,94.51914458014262,94.16358605533763,94.16358605533763,30000
2025-02-12,94.74630737304688,95.07223726796306,94.27222684087292,94.33149161692869,75400
2025-02-13,95.38829803466797,95.40804793850259,94.56853762331015,94.67718093253853,100200
2025-02-14,95.67471313476562,95.85249239639026,95.67471313476562,95.75372027917855,36300
2025-02-18,95.28952026367188,95.44754207825541,95.20062687057465,95.34877750223394,25900
2025-02-19,95.08211517333984,95.21051591782626,94.8747072806175,95.12162251508528,60800
2025-02-20,95.76359558105469,95.7833530178939,95.27964387205431,95.35865854890254,82200
2025-02-21,95.38829803466797,95.68459180371843,95.29940462927419,95.66484189988381,51400
2025-02-24,95.46728515625,95.62530694706692,95.38827049321503,95.47715633768962,70100
2025-02-25,95.93150329589844,95.93150329589844,95.66483816065059,95.84261742923411,52300
2025-02-26,95.66482543945312,95.93149053924073,95.60556820289008,95.70433277557979,39800
2025-02-27,94.91419982910156,95.19074364296276,94.8746924935137,95.18087246050612,77700
2025-02-28,94.65741729736328,95.02285454405211,94.53890281160288,94.97347602007017,67000
2025-03-03,95.63521575927734,95.82306021507496,95.5264601328994,95.55611938681243,66200
2025-03-04,96.8216552734375,96.94029986166606,95.79342480459795,96.06037324235045,141100
2025-03-05,98.46284484863281,98.52217090277742,98.06737805057895,98.07725944039834,174700
2025-03-06,98.4332046508789,99.02642004890431,98.31456760571152,98.7891308724753,158200
2025-03-07,98.96707916259766,99.33289426419158,98.80889394504757,99.12527192319374,130900
2025-03-10,98.87811279296875,99.03629802875804,98.72980894857159,99.03629802875804,291300
2025-03-11,99.68882751464844,99.9162201953524,99.47131622489925,99.74814603256311,284700
2025-03-12,99.4120101928711,99.73826962542567,99.28347666385045,99.44166945555355,118900
2025-03-13,99.01652526855469,99.25380688792835,98.88799175314867,98.88799175314867,85100
2025-03-14,99.35267639160156,99.45154310719724,99.21426148115825,99.41200245539648,52200
2025-03-17,99.70858001708984,99.76790606744675,99.5009576984536,99.53061695210947,86900
2025-03-18,99.94587707519531,99.9656549427271,99.51086204909858,99.678936207887,119900
2025-03-19,99.49108123779297,99.62949613423461,99.12527367278841,99.50097017126627,75400
2025-03-20,99.08573150634766,99.08573150634766,98.6902571168784,98.8187830876611,117900
2025-03-21,98.76935577392578,98.91765961626685,98.6309408658866,98.85833355350236,114200
2025-03-24,98.65069580078125,98.8682070632076,98.45296240387307,98.82865887521685,163400
2025-03-25,98.59137725830078,98.83854777587854,98.55182907032288,98.8088885206565,52500
2025-03-26,98.19591522216797,98.5716117404517,98.12670777029868,98.36398938484386,56100
2025-03-27,98.57160186767578,98.78911313549266,98.40352772183392,98.40352772183392,60200
2025-03-28,98.83856964111328,99.01653275486039,98.62105833063936,98.76936218260315,71400
2025-03-31,98.76935577392578,98.87811142210612,98.50240734910253,98.85833355350236,123200
2025-04-01,98.5328140258789,98.74064650120387,98.50312475092967,98.6911668931819,56400
2025-04-02,99.096923828125,99.29486489412923,98.78022567319785,98.84950315862942,72200
2025-04-03,100.44291687011719,101.61074301115798,100.44291687011719,101.19507799926585,889100
2025-04-04,99.92827606201172,100.83878244897275,99.76992318566333,100.71012639995023,284600
2025-04-07,99.65116882324219,100.22517913911015,99.54230310542495,100.16580058418472,171000
2025-04-08,100.06684112548828,100.27467363360391,99.4631339373365,100.0173539589782,302800
2025-04-09,99.91836547851562,101.2544356266523,99.71053301553258,101.2544356266523,500300
2025-04-10,102.40247344970703,102.70927268029425,101.49196714877203,101.59093391179888,506600
2025-04-11,103.64949035644531,104.21360929063943,103.07547247935486,104.19381140484674,871600
2025-04-14,103.75833129882812,103.99586058481738,103.31297710128796,103.4119438617769,607500
2025-04-15,103.10514831542969,103.50102292218081,102.9369040615315,103.49112398057501,468000
2025-04-16,104.05525207519531,104.27298350576415,103.75834420611403,103.90679814065467,454500
2025-04-17,103.93647766113281,104.03545197532324,103.62967842904665,103.91668732870276,399800
2025-04-21,105.26266479492188,105.36163156627397,104.96575693018497,105.30225301359884,964800
2025-04-22,104.40164184570312,105.05483615173942,104.37195256827982,104.94597043406671,726400
2025-04-23,103.54061126708984,104.24328510837661,103.40205628715611,104.09483118682473,430900
2025-04-24,104.04534149169922,104.14431580410651,103.71875193306688,103.94637472997185,211200
2025-04-25,103.82762908935547,104.08494118809465,103.58020838240421,103.59999871666078,145100
2025-04-28,104.42143249511719,104.44122282846769,103.78803611837556,103.78803611837556,248100
2025-04-29,104.03545379638672,104.37194230834798,103.97606769669694,104.30266481761007,124900
2025-04-30,103.55050659179688,103.97607048938289,103.49112804119244,103.86720477948784,160500
2025-05-01,103.18598937988281,103.49306620236283,102.95816623390586,103.46334323967697,221100
2025-05-02,103.32466125488281,104.02795352419004,103.23551504316417,103.71097662031458,150900
2025-05-05,103.44351959228516,103.88926571883815,103.28502737828649,103.86945797075067,153200
2025-05-06,103.97843933105469,104.04777779858665,103.59212393232998,103.69117780632905,177700
2025-05-07,103.39398193359375,103.95859718267951,103.36426653479832,103.88925873304878,226900
2025-05-08,102.65106964111328,103.42370781829374,102.51239273792498,103.3246464097383,302100
2025-05-09,102.928466796875,103.22562845390219,102.8492206654036,102.94827455107934,109200
2025-05-12,101.3831787109375,101.78930939161634,101.15535557175356,101.67044021639495,474100
2025-05-13,102.27466583251953,102.29447358058141,101.74967359964562,101.85863510729772,154600
2025-05-14,102.0666732788086,102.68081940851633,102.05676562390123,102.53223481421148,229300
2025-05-15,102.20532989501953,102.4430606642395,102.09636838468437,102.42325291568987,191100
2025-05-16,101.89827728271484,102.41336195955493,101.76950044551023,102.32421574056046,177600
2025-05-19,102.77984619140625,102.91852309424657,102.6213539839748,102.908615441951,135000
2025-05-20,103.1463623046875,103.1562699585304,102.69070847314681,102.73033153119282,117000
2025-05-21,103.50296020507812,103.85956016305306,103.4930601087583,103.58220631958932,184600
2025-05-22,103.09685516357422,103.32467833606825,102.90864749795385,103.32467833606825,111200
2025-05-23,103.8991928100586,103.95862362276465,103.45344660011088,103.56240812828942,141200
2025-05-27,103.65155029296875,104.03786567509948,103.572304174243,103.9487194595274,128200
2025-05-28,103.25531005859375,103.56238682817826,103.19587925811108,103.2850254588351,107500
2025-05-29,103.95861053466797,104.10719510505287,103.71097210313486,103.81993361759544,132400
2025-05-30,103.8793716430664,103.97842550389319,103.47324098915388,103.68125636408767,174100
2025-06-02,104.67440032958984,104.72396979297584,104.32743677560258,104.34726758625227,272200
2025-06-03,104.01022338867188,104.22831695053284,103.9507460766149,104.15892423205337,130100
2025-06-04,104.3869400024414,104.59511817144525,104.2382391493702,104.28780105823422,116200
2025-06-05,104.634765625,105.14033790496146,104.58519615602853,105.09077599922907,104100
2025-06-06,104.26795959472656,104.42656826392245,104.07960470952058,104.08952011485728,100800
2025-06-09,104.51580047607422,104.58519319272467,104.24814501563358,104.24814501563358,82000
2025-06-10,104.57527923583984,104.71406467106414,104.45632461321273,104.70415682800453,153700
2025-06-11,105.04122161865234,105.20974573618007,104.82312802503284,104.86278209325822,197400
2025-06-12,105.9036636352539,106.161403692607,105.79461685589722,106.02261825765103,191900
2025-06-13,105.69549560546875,105.83428105371644,105.24939303903857,105.27913169748598,161100
2025-06-16,105.75496673583984,106.27045443299883,105.7351434857811,106.09201492951318,157100
2025-06-17,105.10067749023438,105.82435085198865,105.01146152736476,105.81443544614582,133200
2025-06-18,104.98173522949219,105.50713835242323,104.89251169288227,105.23948286907252,201600
2025-06-20,105.37826538085938,105.63600545002554,105.19982587584626,105.42782728805011,171000
2025-06-23,105.96312713623047,105.96312713623047,104.9420597564568,104.97179840818023,218700
2025-06-24,106.2803726196289,106.50838159908433,105.99288632520225,106.00280173211061,226200
2025-06-25,106.70663452148438,106.74628858222299,106.16140064037693,106.18123145236561,96700
2025-06-26,107.13291931152344,107.4204056145788,107.01395711477097,107.24196610106995,238900
2025-06-27,107.16265106201172,107.40056787694043,106.98421156000538,107.32126731412365,120400
2025-06-30,107.8466567993164,107.8466567993164,107.2122069974382,107.23203024483017,195600
2025-07-01,107.926025390625,108.09465798422175,107.6681118210539,108.00537700824738,262800
2025-07-02,108.03516387939453,108.03516387939453,107.54909444614007,107.70781284918888,207600
2025-07-03,107.61849975585938,107.85657728942073,107.47962497866914,107.71769494412273,158600
2025-07-07,107.28125,107.51931999962329,107.01341462832858,107.47964040500128,240400
2025-07-08,107.34075927734375,107.38043886962562,106.96381450282851,107.13244709394519,121500
2025-07-09,107.30108642578125,107.33084422983495,107.13245382407096,107.23164902695297,171800
2025-07-10,107.04318237304688,107.13245578684358,106.78526878634135,107.11261977314732,228300
2025-07-11,106.98365783691406,107.23164962956714,106.88446263347461,107.0630170269092,143500
2025-07-14,106.824951171875,107.0630211829931,106.74559197879923,106.92414637916511,151500
2025-07-15,106.19007873535156,106.80509348016984,106.13055556435339,106.80509348016984,161200
2025-07-16,106.52735137939453,107.3110063342016,105.85281341627635,106.04128959612237,1012400
2025-07-17,106.16032409667969,106.18016767838763,105.97185547910793,106.08097247417477,329500
2025-07-18,106.35873413085938,106.80511638447706,106.32897632303283,106.72575718486642,141300
2025-07-21,107.0233383178711,107.23165051725105,106.70590912337178,106.74558871869782,357500
2025-07-22,107.60860443115234,107.64827645893804,106.99358204694711,106.99358204694711,220500
2025-07-23,107.78716278076172,107.80699879538187,107.24157777734055,107.31101518067513,127800
2025-07-24,107.65819549560547,107.89626549677419,107.63835948222011,107.76731248949716,85200
2025-07-25,107.54908752441406,107.56893110757306,107.19197870864734,107.35069710148123,91100
2025-07-28,106.13055419921875,106.66621732266303,106.0908746084331,106.59677993081515,215200
2025-07-29,105.73377227783203,105.85281105741504,105.48578049644887,105.55522546062038,297500
2025-07-30,104.58309173583984,105.27746567912843,104.52357613158892,104.9600365096096,315800
2025-07-31,104.46406555175781,104.81126013336274,104.43430774604522,104.44422953731919,258000
2025-08-01,105.89733123779297,106.09584227528387,105.47052569174792,105.91717931245779,786700
2025-08-04,105.93702697753906,106.08590645808393,105.82784364333277,106.07598620785433,105400
2025-08-05,105.95689392089844,106.08592535125362,105.61942360794883,105.80800684112772,201200
2025-08-06,106.74102783203125,106.84028336316803,106.39362968669671,106.47302956797917,142800
2025-08-07,106.7013168334961,106.72116490928619,106.33406306333505,106.72116490928619,97700
2025-08-08,106.62188720703125,106.84025385885641,106.5722632415225,106.70129463909667,86500
2025-08-11,106.26457214355469,106.4829388175898,106.14546855605212,106.4829388175898,76000
2025-08-12,106.92961120605469,107.0983463545243,106.39362228793556,106.45317408793399,224400
2025-08-13,107.1479721069336,107.35641855580658,107.1082759547505,107.18767583182792,81600
2025-08-14,106.6715316772461,106.83033898791994,106.51271679386181,106.72115564877086,58500
2025-08-15,107.15789794921875,107.29685719742291,107.04871460095676,107.0586424251745,80700
2025-08-18,106.8501968383789,106.99908390144472,106.78071721864293,106.91967645811488,62000
2025-08-19,106.66160583496094,106.95937996048204,106.64175776052447,106.909748415325,99600
2025-08-20,106.72116088867188,106.87997577985382,106.70131281362954,106.81049615813943,46700
2025-08-21,106.26457214355469,106.69137766842961,106.25465189306968,106.69137766842961,79700
2025-08-22,107.38619232177734,107.55492746969082,106.22487921665783,106.32414231327617,250900
2025-08-25,106.36383056640625,107.28691361991842,106.32412684807616,107.15788221487811,102800
2025-08-26,106.6715316772461,106.86012245808733,106.60205205894309,106.68145950063523,72000
2025-08-27,106.60206604003906,106.66161784276329,106.13555672480203,106.26458815494169,55200
2025-08-28,106.99907684326172,107.13803607356722,106.81048607097136,106.81048607097136,46200
2025-08-29,107.1976089477539,107.27701640146228,106.83035515388634,106.87998670563198,47200
2025-09-02,106.68609619140625,107.03370344809417,106.57684711398007,106.65630236615728,136300
2025-09-03,106.85494995117188,107.04365431085327,106.67618697118458,106.71590702633435,104900
2025-09-04,106.74571990966797,106.77551374286894,106.58680936290023,106.77551374286894,67100
2025-09-05,107.40120697021484,107.74881431967388,107.35154553003272,107.38134694050514,128100
2025-09-08,107.78853607177734,107.82826370629977,107.55017784191429,107.66936074548157,85500
2025-09-09,107.28201293945312,107.70907551802614,107.26215291180209,107.67928168791403,72600
2025-09-10,107.22242736816406,107.49058699893976,107.18269973481688,107.35153649358897,89000
2025-09-11,107.55018615722656,107.62964143241454,107.4409370481611,107.4409370481611,127200
2025-09-12,107.57994842529297,107.61967605123019,107.28199501939872,107.37138407207495,65800
2025-09-15,107.85804748535156,107.91764272021659,107.71900456611782,107.77859222371205,92200
2025-09-16,108.7419662475586,108.8909429685601,108.30497746383051,108.3446975173115,195700
2025-09-17,108.37449645996094,109.25841538660194,108.33476883011217,108.6426484898519,261400
2025-09-18,107.98717498779297,108.08649028614698,107.69915531847624,108.05669645436794,101200
2025-09-19,107.65941619873047,107.84811297229173,107.5799609376148,107.62962237012978,175800
2025-09-22,108.14604949951172,108.16591710031885,107.81830228162018,107.97721277899895,150700
2025-09-23,108.30498504638672,108.32484507451764,108.02689161165456,108.12621448412314,120500
2025-09-24,107.58989715576172,107.6594186164815,107.52037569504193,107.59982338067103,92500
2025-09-25,106.85494995117188,107.25221869810954,106.73577463118035,107.24229247295766,99800
2025-09-26,107.28201293945312,107.2919467419142,107.04365472128504,107.04365472128504,60000
2025-09-29,107.48064422607422,107.7289362308185,107.4309827942171,107.61968714254937,130100
2025-09-30,107.6296157836914,107.76865869349966,107.44091144440723,107.46077146983544,47900
2025-10-01,107.53421783447266,107.81246799602005,107.39509275369896,107.73297336539812,150300
2025-10-02,107.39508819580078,107.63358724104106,107.10689837450097,107.63358724104106,126600
2025-10-03,107.6037826538086,107.69322454005642,107.50440867711534,107.6236619981963,93900
2025-10-06,107.3255386352539,107.4348522904038,107.11685099771745,107.12679067048076,117700
2025-10-07,106.78889465332031,107.06714479663074,106.77895498198843,106.9379593963074,98100
2025-10-08,106.5802230834961,106.69947641217996,106.33178433504972,106.65972530261867,150200
2025-10-09,105.95415496826172,106.45103244077548,105.80509021015789,106.44109276843561,188700
2025-10-10,106.49076843261719,106.62989349863312,106.0237024616719,106.04357422178241,126300
2025-10-13,106.05353546142578,106.17278120983545,105.98397291427048,106.11315833563062,106700
2025-10-14,106.40132904052734,106.50070300689362,106.09326747026765,106.17276209431206,141400
2025-10-15,106.75910949707031,106.77898126287721,106.53054249066787,106.53054249066787,86100
2025-10-16,107.18641662597656,107.2062883903258,106.82866421369775,106.84853597804698,69300
2025-10-17,107.02741241455078,107.09697496254644,106.91809875602202,107.09697496254644,65700
2025-10-20,106.74913787841797,106.96776514561753,106.73920578936153,106.91807437334586,67000
2025-10-21,106.37153625488281,106.59016356826082,106.36159658197954,106.50072167562936,86800
2025-10-22,106.45103454589844,106.60009172520141,106.3119094573832,106.3119094573832,152000
2025-10-23,106.54047393798828,106.55041361099907,106.43116028011679,106.43116028011679,55300
2025-10-24,106.68952178955078,106.73921256497674,106.58020814901197,106.71933322210721,47500
2025-10-27,106.84852600097656,106.87834501733965,106.70940091827562,106.73921993463871,65300
2025-10-28,106.868408203125,107.01747296193331,106.65972057349279,106.65972057349279,76300
2025-10-29,106.3814697265625,107.00753261149205,106.20259353347569,106.77896563853449,149400
2025-10-30,106.05353546142578,106.24235133873975,106.01378435137289,106.05353546142578,99700
2025-10-31,105.7057113647461,105.93427074579914,105.67589234909953,105.93427074579914,64700
2025-11-03,105.6500244140625,105.81906263240997,105.53069930247524,105.56053627010654,208600
2025-11-04,105.30200958251953,105.4412184291474,105.25228888601822,105.31195523908242,90300
2025-11-05,105.36166381835938,105.40143885658733,105.22245497771797,105.31195071030906,105600
2025-11-06,105.89861297607422,105.93838801337111,105.67985406409765,105.67985406409765,63600
2025-11-07,106.0676498413086,106.28640875049355,105.99804542350543,106.14719991488722,82500
2025-11-10,106.08755493164062,106.12732997359598,105.8886797218639,106.11738431652876,51900
2025-11-11,106.26654052734375,106.4554624967621,106.26654052734375,106.33614495530075,45600
2025-11-12,106.31624603271484,106.39579611220547,106.07760338055608,106.07760338055608,45800
2025-11-13,106.73388671875,106.92281628600564,106.5847397828262,106.61456917001097,86400
2025-11-14,106.59465789794922,106.78358742983393,106.50516975314869,106.7438123922628,70100
2025-11-17,106.32617950439453,106.43555895458113,106.27645881383252,106.34606322883197,53000
2025-11-18,106.25658416748047,106.50517246890423,106.17703409030976,106.38584735314818,40400
2025-11-19,105.75941467285156,106.09749114408022,105.68981024722723,106.08755307350062,95200
2025-11-20,105.72957611083984,105.96821875136361,105.70968479878042,105.89861433178115,80200
2025-11-21,105.67985534667969,105.70968472843622,105.45115836233782,105.49092581380468,81900
2025-11-24,105.75941467285156,105.84890282594853,105.64008954907551,105.79918971411024,84600
2025-11-25,106.09748077392578,106.30630161670169,105.99804697365462,106.01793828549646,220300
2025-11-26,106.38584899902344,106.45545342104641,106.09748565455311,106.09748565455311,66200
2025-11-28,106.48529052734375,106.49523618444356,106.19693474827173,106.21681847615775,48700
2025-12-01,106.5280532836914,106.9160786491485,106.51810177435782,106.9160786491485,99700
2025-12-02,106.70716857910156,106.70716857910156,106.40868395235876,106.6574186110513,107300
2025-12-03,107.07527923583984,107.18472307312761,106.97577931773968,106.99568233767091,97700
2025-12-04,106.90613555908203,107.15487017656781,106.84644167993443,107.13497474711133,281900
2025-12-05,106.87628173828125,107.03547552679598,106.78674092532495,106.98572557019071,142600
2025-12-08,106.84645080566406,106.95589465396763,106.64746613099145,106.95589465396763,43800
2025-12-09,106.72705078125,106.86634915636648,106.65740538908096,106.79669617341902,177600
2025-12-10,107.32402038574219,107.38371426761533,106.80664810691336,106.82655112805672,139400
2025-12-11,107.77173614501953,107.96077688578609,107.69213924461484,107.79163157473158,91000
2025-12-12,107.7518539428711,107.86129779666825,107.67225703269514,107.68220854416192,68700
2025-12-15,107.8911361694336,108.04037087568439,107.76178930297816,107.85133771750719,48500
2025-12-16,107.84139251708984,108.33886180911102,107.75185168809995,108.17967558286932,88600
2025-12-17,107.78169250488281,107.93093480216217,107.70209560089668,107.70209560089668,36400
2025-12-18,107.60260772705078,107.83143934702409,107.56280927340784,107.78169697305458,85500
2025-12-19,107.50311279296875,107.74189591828276,107.48320977123834,107.70209746560064,48900
2025-12-22,107.91102600097656,108.04036526994258,107.88117906127502,107.96077596099788,177400
2025-12-23,108.21946716308594,108.24932169705929,108.01053096994673,108.07023244711439,59700
2025-12-24,108.1199722290039,108.19956913613235,108.09012528652545,108.19956913613235,55900
2025-12-26,108.1398696899414,108.34880586732463,108.0105228248148,108.34880586732463,45600
2025-12-29,108.10006713867188,108.23935791831134,107.90107488863107,108.13986558868004,98100
2025-12-30,107.8513412475586,108.03043049169982,107.82149430533151,108.0105274696959,64300
2025-12-31,107.91102600097656,107.91102600097656,107.62249293256481,107.77173522185063,52700
2026-01-02,107.60838317871094,107.92696465647212,107.58847563405111,107.70794368821156,50200
2026-01-05,107.6780776977539,107.69798524225183,107.22012062489712,107.27985844919172,76100
2026-01-06,107.34954833984375,107.55861174044762,107.30972565467151,107.47896637010312,74900
2026-01-07,107.27985382080078,107.43913695611343,107.25993868176164,107.34954161663758,58400
2026-01-08,107.00111389160156,107.20021973053392,106.92146851786826,107.09070924050086,79200
2026-01-09,106.88162994384766,106.9513177366555,106.74225435823196,106.90153748662142,90600
2026-01-12,107.14047241210938,107.33957821929008,107.14047241210938,107.23006774672079,147900
2026-01-13,106.99114227294922,107.22011319811715,106.90153934041402,107.22011319811715,132100
2026-01-14,106.95133209228516,107.1305303829012,106.89160186054674,107.05088501031612,74600
2026-01-15,106.53319549560547,106.69247863074673,106.49337281297014,106.6526559481114,108600
2026-01-16,106.56306457519531,106.78208554014196,106.4435965228425,106.68253262754813,129700
2026-01-20,107.69798278808594,107.88713863580769,107.60837985138608,107.67807524404166,318300
2026-01-21,107.40927124023438,107.78757533045417,107.2997607623339,107.7477602433995,200500
2026-01-22,107.95682525634766,108.00659791361595,107.62829381769616,107.62829381769616,167400
2026-01-23,108.65370178222656,108.68356689527202,107.9170011439716,107.9568238264989,164700
2026-01-26,109.24108123779297,109.4202795186549,109.071832931412,109.1016980456556,306400
2026-01-27,110.59501647949219,111.0430159872805,109.64925239982882,109.69903265471658,471100
2026-01-28,109.80854034423828,110.09724150995748,109.41032110147344,110.01760373772476,373700
2026-01-29,109.97779083251953,110.02756349516545,109.46010349227528,109.9976983784977,179500
2026-01-30,108.98223876953125,109.52978359253075,108.95237365496406,109.4899685033748,251400
2026-02-02,108.38056182861328,108.73917457966243,108.25105813518987,108.56982418056889,153200
2026-02-03,108.64952850341797,108.71925834534805,108.34072600343941,108.3506819808703,127200
2026-02-04,108.52002716064453,108.65948683777546,108.39052346046408,108.54991029146082,93200
2026-02-05,108.24109649658203,108.5797820770882,108.24109649658203,108.53993537350249,147500
2026-02-06,108.67939758300781,108.69932473525847,108.52997434105498,108.59970417396873,95500
2026-02-09,109.54606628417969,109.60583255186762,109.33687674728871,109.54606628417969,99400
2026-02-10,109.376708984375,109.66558430662631,109.29701557134877,109.62574520009537,132000
2026-02-11,109.14759063720703,109.33686059022737,108.95832068418667,109.09778035483892,89100
2026-02-12,109.08782958984375,109.2970191058158,108.98821662033075,109.21732569021243,125600
2026-02-13,109.15756225585938,109.23725567352695,108.91848200285668,109.07786883819182,140700
2026-02-17,108.94837188720703,108.94837188720703,108.5299852476973,108.68937208179292,220100
2026-02-18,108.31083679199219,108.69933268950928,108.30087321513776,108.6196392746385,224300
2026-02-19,108.18132781982422,108.23113810168617,107.96217473960279,108.01198502146474,72100
2026-02-20,108.36064147949219,108.52002831218022,108.071758545232,108.1414883845374,177000
2026-02-23,108.4004898071289,108.57979619659048,108.4004898071289,108.42040936152127,349200
2026-02-24,108.27098846435547,108.41044813830123,108.21121460410569,108.31083517119458,65400
2026-02-25,108.55988311767578,108.62961296218222,108.33076642859288,108.33076642859288,103200
2026-02-26,108.4901351928711,108.61963128252115,108.23113541358919,108.57978457801765,346200
2026-02-27,108.65949249267578,108.74914188979021,108.46025894356127,108.50010565338418,239900
2026-03-02,107.51021575927734,107.80924591540946,107.35073098143282,107.6597308373434,229700
2026-03-03,106.85235595703125,106.91216655300812,106.0649245557572,106.46362130412021,401300
2026-03-04,107.05171203613281,107.09158323193707,106.85235605711156,106.98193934463863,114500
2026-03-05,106.72278594970703,106.76265714759425,106.29418007823618,106.66298295520292,230400
2026-03-06,106.72278594970703,106.87230104062075,106.26427858098413,106.26427858098413,267600
2026-03-09,106.76264953613281,106.97196760662769,106.21443011008468,106.4735890755486,385600
2026-03-10,106.83242797851562,107.31087474015999,106.77262498505506,107.08161725747236,252200
2026-03-11,106.44369506835938,106.81249794497688,106.3440208760624,106.57327075788008,260100
2026-03-12,105.89547729492188,106.12473478505426,105.8655757972206,106.09483328735298,353600
2026-03-13,105.04822540283203,105.68614930956721,105.02829360778216,105.55657363011105,279000
2026-03-16,105.83566284179688,106.00510971352891,105.58647358172527,105.58647358172527,201800
2026-03-17,106.0848617553711,106.20447534876503,105.93534666479202,106.15463445035421,227500
2026-03-18,105.48680877685547,106.04499033555172,105.47683907626349,105.81574045451006,222200
2026-03-19,106.52342987060547,106.81249033091856,105.51670310946717,105.58647579956668,234100
2026-03-20,106.31411743164062,106.43372341834497,105.99514785468698,106.29417803075438,360800
2026-03-23,106.82245635986328,107.0517138384342,106.50349439271234,106.58323678566337,171000
2026-03-24,106.6131362915039,106.76265137433249,106.35397732157787,106.48356060886739,375800
2026-03-25,106.37390899658203,106.62309824831516,106.32406810437442,106.54335586264396,195500
2026-03-26,105.95528411865234,106.28420818629687,105.95528411865234,106.1646021997546,553500
2026-03-27,105.96524810791016,106.23437679174583,105.90544511357041,106.01508900629555,482700
2026-03-30,105.44693756103516,105.63632384898318,105.2974224707948,105.61638444780266,241200
2026-03-31,106.34402465820312,106.35398675452973,105.90544907091439,105.90544907091439,244000
2026-04-01,106.52852630615234,106.93744950531894,106.48863080311493,106.7280038213394,232100
2026-04-02,106.09965515136719,106.35897210666806,105.9999202021865,106.06973542754187,210200
2026-04-06,106.27919006347656,106.45871603085229,106.15951115808576,106.31908556837,642200
2026-04-07,106.72799682617188,106.77786049473362,106.39886465465209,106.42878437764685,117300
2026-04-08,107.40620422363281,107.74530456047826,107.21670250052,107.74530456047826,265300
2026-04-09,107.67549896240234,107.86500070245408,107.46605327516639,107.55581245142925,344000
2026-04-10,107.9747085571289,108.06446773099925,107.83507810269344,107.95475700118723,247300
2026-04-13,108.25396728515625,108.29386278694682,107.69544547866617,107.71538942491699,304000
2026-04-14,108.5332260131836,108.73269590884973,108.5332260131836,108.61301701516555,68000
2026-04-15,108.64293670654297,108.70277615336741,108.48335470262612,108.63296092897598,91600
2026-04-16,108.44347381591797,108.49333748839639,108.353707030594,108.4235222594952,45900
2026-04-17,108.36367797851562,109.01196656615186,108.33375825450439,108.93217556259593,118200
2026-04-20,108.50331115722656,108.54320666000726,108.29386547459474,108.38362464888448,72800
2026-04-21,107.93480682373047,108.35369816285532,107.84504004575308,108.28388293966785,582000
2026-04-22,107.71538543701172,108.0644615531443,107.71538543701172,107.91485532929073,49700
2026-04-23,107.54583740234375,107.8550180242998,107.47602217773147,107.56578134825207,452500
2026-04-24,107.88494110107422,107.88494110107422,107.68547119863598,107.6954469765446,207500
2026-04-27,107.79518127441406,108.18415290831337,107.76526155015857,108.13428162836156,312500
2026-04-28,107.76526641845703,107.84504981697957,107.61566018113216,107.63560412844046,340200
2026-04-29,107.4560775756836,107.74531427044694,107.36631839935495,107.65555509411828,307800
2026-04-30,107.99465942382812,108.07445043412952,107.57576803368015,107.63560748676142,67900
2026-05-01,107.88887023925781,108.49762314208397,107.8788885615981,108.20821540026586,64800
2026-05-04,107.6792984008789,107.89884962198771,107.54955943542967,107.77909233398589,99000
2026-05-05,107.65933227539062,107.84894607306657,107.65933227539062,107.7591338197183,39300
2026-05-06,108.17827606201172,108.26808831798827,108.14833864335286,108.16829438452908,59100
2026-05-07,108.04854583740234,108.42777347453216,108.02859009461169,108.42777347453216,100300
2026-05-08,108.4876480102539,108.52756710951216,108.33795329148285,108.42777316826135,53300
2026-05-11,108.45770263671875,108.5475148931222,108.41778354038752,108.52755915185114,49700
2026-05-12,108.11839294433594,108.14833797659925,107.9487424971223,107.99864327043879,115500
2026-05-13,107.81901550292969,107.89885369794685,107.76911472759663,107.77909640542111,47500
2026-05-14,107.47970581054688,107.69925703755848,107.43979432726226,107.67930129591618,31700
2026-05-15,107.03063201904297,107.17034505546584,106.99071292095223,107.1004885372544,34700
2026-05-18,107.29010009765625,107.33999325888031,107.09050461139218,107.27013674213521,68500
2026-05-19,106.86097717285156,106.96077110708434,106.76118323861878,106.84101381773152,48000
2026-05-20,107.09049987792969,107.17033806890642,106.74121730964265,106.76118066428131,58200
2026-05-21,107.01067352294922,107.08053003936288,106.61149016610433,106.71128410186824,459800
2026-05-22,106.88093566894531,107.01067463920207,106.73124095684332,106.8909173467626,114300
2026-05-26,107.13041687011719,107.1503802243639,107.00068552266873,107.05057868070791,416500
2026-05-27,107.09049987792969,107.31005109622123,107.05058078244132,107.2302129052445,42800
2026-05-28,107.28011322021484,107.3799071516154,107.09049942090155,107.20027502957883,62600
2026-05-29,107.47970581054688,107.6493638765581,107.27013626125104,107.33001871375646,306200
2026-06-01,107.17515563964844,107.20511113937164,106.98542731688477,107.12522472785142,356800
2026-06-02,107.10525512695312,107.30496353399647,106.9754378058263,107.28499574064709,334600
2026-06-03,106.79570007324219,106.93549748562143,106.75576448546606,106.92551739787119,640700
2026-06-04,106.99540710449219,107.24504640822717,106.90553299358638,107.1951155001254,549700
2026-06-05,106.13665008544922,106.75575831763648,106.10669458715401,106.75575831763648,546100
2026-06-08,106.26646423339844,106.40626164355395,106.21654094027859,106.35633835043411,210600
2026-06-09,106.37630462646484,106.64591935533812,106.23650721830364,106.6159562378287,766200
2026-06-10,106.39627075195312,106.68584563045076,106.38628304698837,106.49612494644059,741900
2026-06-11,106.72579956054688,106.79569826555336,106.0168248045134,106.24649633147035,85600
2026-06-12,106.67587280273438,106.75575921111498,106.5859986887094,106.67587280273438,107400
2026-06-15,106.73578643798828,107.09526766619896,106.73578643798828,107.02536896173508,73300
2026-06-16,106.9654541015625,107.08527609438205,106.79569358108958,106.88556769409138,76500
2026-06-17,105.89700317382812,106.89556045932056,105.7671858509461,106.89556045932056,102100
2026-06-18,105.61739349365234,105.87702050322967,105.5474947931954,105.67731210717756,55500
2026-06-22,105.27789306640625,105.51754467756966,105.23794986148113,105.39772268118163,108800
2026-06-23,104.87847137451172,105.04822428608621,104.82854808084205,105.03824419838482,65400
2026-06-24,104.61883544921875,104.75864046741393,104.44908255207828,104.47903804941049,150200
2026-06-25,104.78860473632812,104.94836994160242,104.70871832449721,104.77861703025238,57300
2026-06-26,104.93838500976562,105.29786625412076,104.88846171484214,105.24794295919729,38600
2026-06-29,105.29785919189453,105.35777780752687,105.08816308314944,105.08816308314944,51000
2026-06-30,105.28787994384766,105.3977218519307,105.0282529230707,105.10813933229242,113600
2026-07-01,104.86820220947266,105.09802630899755,104.84822115116322,104.97811708879563,30900
2026-07-02,105.38780212402344,105.59763754361654,105.31785698415908,105.46774160485371,120500
2026-07-06,105.48771667480469,105.50769773215369,105.18794745043331,105.26788692672541,351800
2026-07-07,105.22792053222656,105.447750287291,105.15797539411045,105.447750287291,58800
2026-07-08,105.36781311035156,105.377807451286,105.0580571524201,105.0980268927094,64500
2026-07-09,105.33783721923828,105.52769157886401,105.32785050179893,105.39779564111655,116600
2026-07-10,105.21793365478516,105.47772552542192,105.20793931408427,105.25789577069213,56800
2026-07-13,104.92816162109375,105.3578268015598,104.92816162109375,105.3578268015598,51400
2026-07-14,105.307861328125,105.6376059648457,105.26789158820901,105.54767214417261,115900
2026-07-15,105.72753143310547,105.87741605089495,105.32784928359797,105.32784928359797,53800
2026-07-16,105.48771667480469,105.66757668473791,105.40777719851258,105.66757668473791,69800
2026-07-17,105.5276870727539,105.53768141321493,105.41777219802704,105.41777219802704,59200
2026-07-20,105.28787994384766,105.31785534282973,105.17796506528113,105.31785534282973,66000
2026-07-21,105.14798736572266,105.30785869794529,105.12799868453969,105.22791922010987,50700
2026-07-22,105.24790954589844,105.30786034348769,105.2179341471038,105.30786034348769,15900
2026-07-23,104.9481430053711,104.96813168737955,104.82824140711436,104.92816194681114,23600
2026-07-24,104.86820220947266,105.04806222805131,104.84822115116322,104.85821549204215,35900
2026-07-27,104.86820220947266,105.008092487984,104.84822115116322,104.93814734872834,55000
2026-07-28,105.028076171875,105.18794750108815,104.83822182145182,104.83822182145182,36000
2026-07-29,105.61761474609375,105.76749936131623,104.95813311194233,105.00808956805102,91900
2026-07-30,106.38701629638672,106.40699735365531,105.90738706401207,105.90738706401207,84600
2026-07-31,106.40699768066406,106.4369730783831,105.72752737972317,106.08724739924764,62300
2026-08-03,106.19000244140625,106.38999938964844,106.12999725341797,106.37999725341797,48100
2026-08-04,106.37000274658203,106.4000015258789,106.23999786376953,106.23999786376953,107600
2026-08-05,106.58999633789062,106.66000366210938,106.4800033569336,106.56999969482422,66400
2026-08-06,106.30000305175781,106.5,106.23999786376953,106.44999694824219,34900
2026-08-07,106.68000030517578,106.80000305175781,106.58999633789062,106.7699966430664,150900
2026-08-10,106.51000213623047,106.63999938964844,106.5,106.5999984741211,93900
2026-08-11,106.5199966430664,106.56999969482422,106.45999908447266,106.51000213623047,51800
