Date,Close,High,Low,Open,Volume
2007-04-11,31.394163131713867,31.406197585818767,31.394163131713864,31.394163131713864,1900
2007-04-12,31.41525650024414,31.41525650024414,31.39419675683863,31.41525650024414,6100
2007-04-13,31.358083724975586,31.436304287681278,31.35808372497559,31.406219279306857,3400
2007-04-16,31.346054077148438,31.370120710341077,31.334019612882436,31.370120710341077,7600
2007-04-17,31.330991744995117,31.409214568421863,31.330991744995114,31.334000933102526,28100
2007-04-18,31.34001922607422,31.370104223257865,31.33400314477275,31.346037602713842,6300
2007-04-19,31.448341369628906,31.460375833048904,31.306939293617962,31.349058767918347,47500
2007-04-20,31.430288314819336,31.45134805028949,31.424269935919856,31.45134805028949,4900
2007-04-23,31.448341369628906,31.487453949578693,31.42427244278892,31.466391917089304,1700
2007-04-24,31.66495132446289,31.683001868619257,31.415241418718836,31.466386157387728,398500
2007-04-25,31.713123321533203,31.713123321533207,31.67401070662191,31.67401070662191,16300
2007-04-26,31.770244598388672,31.77024459838867,31.676980408959345,31.71909986840087,48200
2007-04-27,31.770244598388672,31.77024459838867,31.743168786749855,31.743168786749855,8300
2007-04-30,31.773279190063477,31.779295276791448,31.689040203830533,31.75823553023321,15500
2007-05-01,31.77718734741211,31.807356057099383,31.759084280219735,31.759084280219735,8600
2007-05-02,31.765098571777344,31.795267261680124,31.737945139658397,31.783199325374316,4700
2007-05-03,31.76812171936035,31.822426291427035,31.737950722426934,31.7892400361794,17200
2007-05-04,31.807355880737305,31.810373442206807,31.74098333875831,31.78321999243131,4600
2007-05-07,31.804336547851562,31.804336547851562,31.768135019133886,31.774167840011877,4200
2007-05-08,31.82850456237793,31.84359008238747,31.81341904236839,31.840572518040123,16100
2007-05-09,31.743988037109375,31.858630007520805,31.72588727907706,31.855612447274062,9400
2007-05-10,31.858642578125,31.921997557960413,31.83149143036338,31.88881128732401,17400
2007-05-11,31.876733779907227,31.912935296781168,31.846562780213453,31.870698659278823,12200
2007-05-14,31.87372589111328,31.88880909381278,31.84355718398946,31.88579383430777,11600
2007-05-15,31.849576950073242,31.95818609258163,31.849576950073242,31.888796023086435,39400
2007-05-16,31.9340763092041,31.937093871662707,31.92502592355404,31.928043486012644,78100
2007-05-17,31.925033569335938,31.95821985915118,31.88581445488443,31.946151908152338,14500
2007-05-18,31.9340763092041,31.964245028612893,31.9340763092041,31.964245028612893,5200
2007-05-21,31.964248657226562,31.96726622002772,31.934079934392983,31.96123339615141,14600
2007-05-22,31.967260360717773,32.006479463040314,31.897872541091306,32.00346420251784,10200
2007-05-23,31.943090438842773,32.01248048627716,31.88878588485334,31.95515837325411,22500
2007-05-24,31.952150344848633,31.991369414266096,31.934047288274396,31.991369414266096,17100
2007-05-25,31.997411727905273,32.12110639402305,31.918973565792104,31.970260587571715,7400
2007-05-29,31.87071418762207,31.894850078447153,31.852613420365874,31.888814954878264,4900
2007-05-30,31.943090438842773,31.961193491321346,31.903871378298295,31.940075181532297,4300
2007-05-31,31.891841888427734,31.946146507879554,31.87374111585243,31.946146507879554,6200
2007-06-01,31.887601852416992,31.893668306501134,31.839060961515603,31.887601852416996,13500
2007-06-04,31.91489028930664,31.92095905527079,31.860282968409535,31.914890289306637,21800
2007-06-05,31.86939239501953,31.917930959513654,31.86939239501953,31.917930959513654,4500
2007-06-06,31.82994270324707,31.87241480226316,31.817807487163073,31.854213135415065,74600
2007-06-07,31.6812801361084,31.77532513722511,31.611503244774834,31.77532513722511,12100
2007-06-08,31.596324920654297,31.632728229881383,31.52654805371196,31.61452657526784,17800
2007-06-11,31.52962303161621,31.572095156770743,31.42950917322744,31.520522192591276,2900
2007-06-12,31.368797302246094,31.484078314257445,31.268683565350898,31.481043933412444,67300
2007-06-13,31.423423767089844,31.493198367237742,31.208028886695654,31.438591051464858,24600
2007-06-14,31.447662353515625,31.447662353515625,31.295975776038635,31.350580721959002,18200
2007-06-15,31.441638946533203,31.45377416798195,31.399166828741,31.399166828741,13500
2007-06-18,31.459810256958008,31.523520686710924,31.368799655769507,31.523520686710924,14600
2007-06-19,31.499265670776367,31.502297738777155,31.356679779844708,31.502297738777155,19600
2007-06-20,31.22016143798828,31.502296511750092,31.22016143798828,31.502296511750092,16900
2007-06-21,31.27781105041504,31.377924872634058,31.247474159773137,31.247474159773137,13900
2007-06-22,31.33847427368164,31.356675937678993,31.198920467850435,31.314203845314868,27800
2007-06-25,31.15646743774414,31.35062635435839,31.141300146651783,31.33849344730725,29000
2007-06-26,31.247459411621094,31.3051010968245,31.156446468095226,31.229257748738043,43600
2007-06-27,31.13823127746582,31.186772110139536,31.0896927593464,31.183737729458855,6800
2007-06-28,30.974409103393555,31.138230940060776,30.922836205152283,31.110928457893372,9500
2007-06-29,30.886438369750977,31.095766710704982,30.886438369750977,30.97441691428882,14600
2007-07-02,31.128456115722656,31.210853945674472,30.945348016005216,31.03690090169103,19600
2007-07-03,31.07046890258789,31.097936396288922,31.006381188413016,31.097936396288922,11700
2007-07-05,30.957557678222656,31.08573312407187,30.81717471443362,31.08268066250042,14600
2007-07-06,30.991125106811523,31.064367879809353,30.856844749360686,30.95450255613972,8200
2007-07-09,31.085742950439453,31.12236551583552,30.942307479738258,30.954515001536944,8400
2007-07-10,31.003314971923828,31.052145015351915,30.823259425558167,30.9697472274978,19700
2007-07-11,30.77140235900879,31.01554577445921,30.689002180930167,31.01249564071287,17200
2007-07-12,30.86296844482422,30.86296844482422,30.73479292235722,30.823295734064633,8300
2007-07-13,30.991125106811523,30.99417523977484,30.823274659997974,30.914829872504598,5200
2007-07-16,31.003314971923828,31.070455117465137,30.902607081956493,30.936177154727147,17100
2007-07-17,31.03995704650879,31.039957046508786,30.8904190189678,31.03690458478662,10600
2007-07-18,30.808019638061523,31.02775032075013,30.762244352789853,31.02775032075013,15600
2007-07-19,30.841583251953125,30.841583251953125,30.832428196822583,30.832428196822583,6400
2007-07-20,30.76224136352539,30.920934436520813,30.698151313680587,30.817174028859558,18600
2007-07-23,30.695091247558594,30.73476392088285,30.670676220122818,30.731711460367084,9000
2007-07-24,30.518089294433594,30.673732201771926,30.47536415568902,30.67067974090576,44900
2007-07-25,30.228181838989258,30.487585247842965,30.115264020109812,30.487585247842965,28100
2007-07-26,29.8009090423584,30.365493122177114,29.416380537819354,30.06031228677835,43200
2007-07-27,29.30348014831543,29.60255856863591,29.141734582279952,29.60255856863591,44600
2007-07-30,29.587299346923828,29.608661925471026,29.404191198184062,29.599506867286003,24600
2007-07-31,29.688032150268555,29.96879834640927,29.602581771299484,29.602581771299484,34000
2007-08-01,29.626562118530273,29.746358297993176,29.26103120785836,29.746358297993176,33500
2007-08-02,29.79552459716797,29.896891377315395,29.792452237414576,29.792452237414576,28800
2007-08-03,29.79552459716797,29.90303375329834,29.60507813236285,29.90303375329834,20100
2007-08-06,29.730998992919922,30.333052203534493,29.503693738922703,30.333052203534493,30400
2007-08-07,29.942960739135742,30.48665111835822,29.73408484931941,30.48665111835822,68800
2007-08-08,30.29620361328125,30.870612875630503,30.102687182206857,30.409857459576315,30300
2007-08-09,30.265472412109375,30.38526857484539,30.10574497630205,30.293118942329585,12800
2007-08-10,30.204044342041016,30.216331430455657,30.025885075312434,30.164110718812804,18800
2007-08-13,30.425209045410156,30.425209045410156,30.225547948031217,30.41599197091233,21300
2007-08-14,30.188690185546875,30.50814750973799,30.15490127236647,30.50814750973799,12400
2007-08-15,30.357627868652344,30.422133321865594,30.188683341054045,30.210185158791795,9100
2007-08-16,30.317689895629883,30.71701198889432,30.09652937786835,30.71701198889432,15300
2007-08-17,30.6248779296875,30.717029956967767,30.28699106886554,30.40985965739809,30000
2007-08-20,30.333066940307617,30.717029812969738,30.333066940307617,30.717029812969738,49300
2007-08-21,30.1763916015625,30.670935676818846,30.121100886828188,30.48663407554514,33700
2007-08-22,30.409870147705078,30.471303291401867,30.133416314021098,30.287001516787285,52700
2007-08-23,30.594139099121094,30.655574520430548,30.40983752223612,30.462055872707886,59400
2007-08-24,30.670930862426758,30.670930862426758,30.45898510881586,30.624854883460337,11600
2007-08-27,30.870586395263672,30.870586395263672,30.686284855637986,30.717001388322064,11800
2007-08-28,30.763092041015625,30.993469661377418,30.717016048238797,30.870601128479993,55800
2007-08-29,30.885955810546875,30.993464881430725,30.61564461115664,30.717011310927976,18300
2007-08-30,30.950502395629883,31.0365097666667,30.78463003283383,30.944357672827195,42900
2007-08-31,31.229997634887695,31.233069993463943,31.027266495791288,31.171636883076655,11300
2007-09-04,31.44727325439453,31.515267736003885,31.215475171438307,31.515267736003885,13500
2007-09-05,31.45962905883789,31.487443690739138,31.286553950195007,31.41636028167717,14400
2007-09-06,31.441104888916016,31.444193833449315,31.366927776604214,31.366927776604214,16400
2007-09-07,31.082561492919922,31.49361711412801,31.04547296988846,31.49361711412801,50700
2007-09-10,31.215486526489258,31.37001863800653,31.094951668143615,31.37001863800653,10000
2007-09-11,31.471981048583984,31.524521351590337,31.215457416770825,31.363809142991297,24100
2007-09-12,31.61418342590332,31.67908663752097,31.332933817586984,31.524554507581843,32000
2007-09-13,31.502910614013672,31.601811053063773,31.283475338557892,31.601811053063773,10900
2007-09-14,31.79960060119629,31.81505474721798,31.283464192485873,31.50907963338418,33900
2007-09-17,31.944835662841797,31.988104407702558,31.635771852139353,31.833572502351338,20100
2007-09-18,32.17356872558594,32.25392604279464,31.827418481557732,32.06539677432712,31400
2007-09-19,32.788612365722656,32.79170366724976,32.20448134962513,32.21993549928848,85900
2007-09-20,31.98501205444336,32.773125688929134,31.833571452425463,32.773125688929134,410400
2007-09-21,32.065406799316406,32.57536313808074,31.555450460552066,32.44864569986632,105100
2007-09-24,32.28172302246094,32.28172302246094,31.725409423952907,31.734680963565815,45500
2007-09-25,32.35900115966797,32.35900115966797,31.83359328170218,31.83359328170218,167500
2007-09-26,32.2415657043457,32.35900920942035,32.18284277282244,32.35900920942035,25300
2007-09-27,32.14268112182617,32.312667397871195,31.264939807634125,32.29721324260418,49200
2007-09-28,32.14268112182617,32.29103299528119,32.01905495360916,32.28794169263318,46700
2007-10-01,32.265499114990234,32.498743686905826,32.13488272416226,32.48941428365904,50300
2007-10-02,32.32771301269531,32.34015301419004,31.88610363672704,31.88610363672704,72100
2007-10-03,32.156654357910156,32.48941654206661,32.13177436573161,32.34324955387596,35300
2007-10-04,32.293487548828125,32.32769694276139,32.1224429518483,32.28104992620376,17600
2007-10-05,32.312164306640625,32.343263123568065,32.19398548055365,32.3339337157586,22900
2007-10-08,32.42099380493164,32.46453259960297,32.29970682367774,32.411664402171546,18600
2007-10-09,32.445892333984375,32.449000554889565,32.34326409960787,32.44278174039147,14600
2007-10-10,32.41788864135742,32.49252862130902,32.38990042839064,32.49252862130902,21200
2007-10-11,32.46453094482422,32.498740334991744,32.34324396975255,32.49562974333481,22300
2007-10-12,32.498756408691406,32.52985522258329,32.47387640850293,32.47387640850293,73700
2007-10-15,32.654258728027344,32.71645636700559,32.49876225789388,32.71645636700559,24600
2007-10-16,32.52985382080078,32.554733819917125,32.374357385354614,32.498755008249006,60600
2007-10-17,32.12865447998047,32.54538592402382,32.12865447998047,32.352569599444244,15200
2007-10-18,32.113094329833984,32.420976318288936,32.10998373969624,32.414757510698514,13200
2007-10-19,31.970050811767578,32.32458230330941,31.72125570033758,32.10999657901819,40200
2007-10-22,31.674606323242188,31.97005081467796,31.674606323242188,31.97005081467796,64600
2007-10-23,31.938941955566406,31.938941955566403,31.705697484500384,31.780337423575038,27000
2007-10-24,31.938941955566406,31.954492536044988,31.81454680247956,31.907843167294693,22200
2007-10-25,31.985620498657227,32.02915931648682,31.92031227191284,32.02915931648682,16600
2007-10-26,32.060245513916016,32.060245513916016,31.9078597114929,31.938958515889315,10800
2007-10-29,32.156654357910156,32.18775316179001,32.050915577494656,32.184642569596036,19900
2007-10-30,32.09446716308594,32.125568352042364,31.93897070905415,32.125568352042364,10500
2007-10-31,32.29660415649414,32.343253554427335,32.0447007294166,32.22196654341319,12000
2007-11-01,32.08684539794922,32.21206283326454,31.93032420088605,32.152584014116876,29400
2007-11-02,32.00862503051758,32.08688572741371,31.90532033741622,32.08375463080632,32300
2007-11-05,31.99294662475586,33.18250923179161,31.77381780214008,33.18250923179161,13800
2007-11-06,32.158870697021484,32.290348029511875,31.992956095554188,31.992956095554188,34900
2007-11-07,32.11818313598633,32.27470449862595,31.87401019240074,31.87401019240074,11900
2007-11-08,31.711210250854492,32.196424754760386,31.432602581377388,32.196424754760386,121000
2007-11-09,31.85207748413086,31.852077484130863,31.46390541497171,31.79572973309768,38400
2007-11-12,31.977317810058594,32.24966347760571,31.899057121530955,32.24966347760571,41400
2007-11-13,31.85207748413086,32.227727565468754,31.792598639061122,32.227727565468754,15300
2007-11-14,31.930341720581055,32.165123644997095,31.836427995484545,32.165123644997095,7800
2007-11-15,31.920940399169922,32.03676458218786,31.830157798116332,31.927200197579893,15500
2007-11-16,31.930341720581055,32.24338428646911,31.783211332481635,32.24338428646911,18400
2007-11-19,31.930341720581055,32.149470561372596,31.86147197395365,32.149470561372596,16700
2007-11-20,31.61731719970703,32.05244642356757,31.432623126818385,31.8520992581207,26500
2007-11-21,31.02252197265625,31.52338966775112,30.365132973573886,31.52338966775112,139600
2007-11-23,30.963037490844727,31.46077396236073,30.963037490844727,31.05381772194549,3100
2007-11-26,31.304262161254883,31.61730478286743,30.678176918029784,30.678176918029784,69500
2007-11-27,31.351215362548828,31.767562573758855,31.147737204652355,31.460779789623732,25700
2007-11-28,31.648584365844727,31.679888126403014,31.172760995716768,31.172760995716768,11700
2007-11-29,31.805143356323242,31.852100247129307,31.33557922491593,31.852100247129307,20200
2007-11-30,31.93347930908203,32.086869528830114,31.77695799430725,31.930348214055332,34900
2007-12-03,32.255401611328125,32.447567006262524,31.849019173029934,32.447567006262524,31400
2007-12-04,32.1325798034668,32.44760509565765,32.1325798034668,32.44760509565765,16300
2007-12-05,31.754545211791992,32.290087159396364,31.584431293464853,32.03176655825927,270600
2007-12-06,32.03806686401367,32.05381908784547,31.502524902059427,32.00971574525874,33200
2007-12-07,32.022315979003906,32.2869360257266,31.69153851714871,31.69153851714871,27100
2007-12-10,31.97508430480957,32.019187677091644,31.732515757258156,31.732515757258156,23500
2007-12-11,31.943553924560547,32.28378169783247,31.770289113139267,32.18612225709893,30300
2007-12-12,32.116817474365234,32.68386378331172,31.975057098854357,32.29008229194652,29400
2007-12-13,32.10105514526367,32.220763806739214,31.889988924984205,32.053800904027085,44500
2007-12-14,32.14832305908203,32.290083439631495,31.877401191117293,32.290083439631495,15600
2007-12-17,31.97508430480957,32.2901097659407,31.855375494823015,32.2901097659407,18900
2007-12-18,32.006568908691406,32.132579505088074,31.946715738078456,31.946715738078456,53200
2007-12-19,32.16404724121094,32.16404724121094,31.852173210507086,31.852173210507086,24000
2007-12-20,32.094757080078125,32.11680874146043,31.943546374442533,31.943546374442533,31300
2007-12-21,32.19560241699219,32.283811568436725,31.940432552667968,32.283811568436725,37600
2007-12-24,32.0821533203125,32.21446568188262,31.880537459335017,32.138857931428085,66800
2007-12-26,31.940380096435547,32.038037063691256,31.88052458569189,31.984483397999394,48400
2007-12-27,32.15104675292969,32.18589387915597,32.0528425337019,32.0528425337019,22900
2007-12-28,31.837438583374023,32.1922447391702,31.75824097495767,32.12255045705673,88500
2007-12-31,31.90713119506836,31.913465939965576,31.637859823933635,31.745567405619894,38800
2008-01-02,31.520639419555664,31.964146387234628,31.45728231713804,31.539646066897244,61800
2008-01-03,31.460493087768555,31.66323900327753,31.444654998166833,31.552362708377615,64800
2008-01-04,31.42560577392578,31.694879539412383,31.311561039981044,31.68220763376087,48600
2008-01-07,31.23872947692871,31.517504408171117,31.140525138509897,31.517504408171117,177200
2008-01-08,31.058156967163086,31.517502462877797,31.045485050581316,31.517502462877797,42100
2008-01-09,30.71918487548828,31.20070552414957,30.70651296145503,31.20070552414957,51600
2008-01-10,30.9472713470459,31.099329466140365,30.71284458665157,30.782538898286628,154800
2008-01-11,31.013824462890625,31.20389848806288,30.826916606010215,30.994815368527746,71700
2008-01-14,30.906078338623047,31.067642159550136,30.849055955761692,30.93142215698799,20600
2008-01-15,30.985267639160156,31.029618100931483,30.918741946503168,31.029618100931483,20000
2008-01-16,30.95043182373047,31.013791375807617,30.858564702828225,30.994782301724584,20700
2008-01-17,30.731847763061523,30.887074434765378,30.731847763061527,30.887074434765378,31600
2008-01-18,30.972620010375977,31.346433064678962,30.738195611992314,30.877584267911637,84500
2008-01-22,30.75718879699707,31.001118837947466,29.55655491670259,30.6336406940969,192400
2008-01-23,30.81736946105957,30.91557371080349,30.10142248646092,30.67798091284065,59600
2008-01-24,31.203868865966797,31.203868865966793,30.690667309958148,30.81104926459478,62700
2008-01-25,31.251407623291016,31.520679274411723,30.747709079594156,31.080340330163118,43700
2008-01-28,31.10883903503418,31.203877191217337,30.88708655983442,31.203877191217337,44800
2008-01-29,31.140501022338867,31.156339094087414,30.97576864110319,30.97576864110319,39200
2008-01-30,31.260883331298828,31.279889985874846,31.023290481420773,31.178517133270322,27400
2008-01-31,31.324243545532227,31.324243545532223,30.96627115318749,31.08981925394893,76500
2008-02-01,31.341461181640625,31.414816646474556,30.936418423431796,31.395681496195788,83100
2008-02-04,31.34787368774414,31.37657644292042,31.016183617224065,31.016183617224065,44900
2008-02-05,31.095903396606445,31.18839406793122,30.936437225341795,31.18839406793122,66300
2008-02-06,31.032119750976562,31.162880753911626,30.99384699161808,31.153313172387207,101100
2008-02-07,30.90134620666504,31.032109600087,30.617496692406654,30.904536210549967,58100
2008-02-08,30.668533325195312,30.776969146970885,30.617502985587613,30.776969146970885,80400
2008-02-11,30.426132202148438,30.68446650410865,30.38148188905061,30.38148188905061,74500
2008-02-12,30.540937423706055,30.709971040999825,30.378281377537505,30.378281377537505,85200
2008-02-13,30.46123504638672,30.636646411273382,30.461235046386715,30.6143212399874,60700
2008-02-14,30.611106872558594,30.799275661076184,30.44207079991689,30.799275661076184,48800
2008-02-15,30.53457260131836,30.53776260509643,30.41018921983307,30.53776260509643,49700
2008-02-19,30.378286361694336,30.61748546690453,30.298553326624273,30.537752431834466,102900
2008-02-20,30.458040237426758,30.566476071353986,30.3081416396067,30.566476071353986,65800
2008-02-21,30.563278198242188,30.61749609693144,30.45802997142659,30.585603358482466,55800
2008-02-22,30.61749267578125,30.643007836993398,30.50586688705274,30.598357521501992,48200
2008-02-25,30.71000862121582,30.75465897350775,30.525027199856854,30.553732388194067,81000
2008-02-26,30.90775489807129,30.920510058928276,30.681310644032198,30.713205845961497,80200
2008-02-27,30.90134620666504,30.93005137510938,30.773772817128005,30.926861371224447,75900
2008-02-28,30.856712341308594,30.914120275553106,30.518644747013845,30.776979234483505,61300
2008-02-29,30.738718032836914,30.764233220603877,30.518656229817964,30.73871803283691,72900
2008-03-03,30.74703025817871,30.87542423356203,30.653944687248586,30.87542423356203,53500
2008-03-04,30.71172332763672,30.798387857055594,30.657156681376257,30.750242256773724,29900
2008-03-05,30.798397064208984,30.814447235042135,30.653955322359625,30.653955322359625,73300
2008-03-06,30.7181396484375,30.79517750100288,30.65394388687768,30.79517750100288,21000
2008-03-07,30.653963088989258,30.653963088989258,30.567298511704347,30.567298511704347,44200
2008-03-10,30.583328247070312,30.669995222286296,30.573699127359962,30.641105414243828,26800
2008-03-11,30.66036033630371,30.71813749722591,30.509500062311847,30.53838741831737,36200
2008-03-12,30.653963088989258,30.657173613751766,30.57371711231651,30.57692763707902,53200
2008-03-13,30.438894271850586,30.5640777576502,30.10828135043561,30.5640777576502,80100
2008-03-14,30.255924224853516,30.493451476979033,30.188517941773757,30.438884835758937,37300
2008-03-17,30.11469268798828,30.182098975711835,29.947782230136358,30.182098975711835,55100
2008-03-18,30.557662963867188,31.132224376000806,30.265568920195374,30.320135589498207,46700
2008-03-19,30.589763641357422,30.67963873269302,30.52556539832301,30.641119786872377,75800
2008-03-20,30.734189987182617,30.73418998718262,30.557647968527217,30.576908656233204,55600
2008-03-24,30.968523025512695,31.0070395203331,30.747043384645604,30.811239175287906,104900
2008-03-25,31.048757553100586,31.05517615023589,30.88505516366768,30.974930217031147,90200
2008-03-26,30.974931716918945,31.061596251455516,30.942833831865087,31.0070296019728,149700
2008-03-27,30.875429153442383,31.00703122371981,30.849749864491546,31.00703122371981,97800
2008-03-28,30.891477584838867,30.891477584838867,30.81765268854223,30.878637940067314,46400
2008-03-31,31.029504776000977,31.039133898615006,30.69568131487912,30.820864806685798,246500
2008-04-01,31.165863037109375,31.169095024851213,30.98167918037355,30.98167918037355,988000
2008-04-02,31.182010650634766,31.23048059029868,31.10122823962276,31.156159687442877,92200
2008-04-03,31.1270809173584,31.233714297435885,30.891195179485507,31.233714297435885,98300
2008-04-04,31.24665069580078,31.74104136098669,31.088317783969458,31.182025721869348,142200
2008-04-07,31.495454788208008,31.514841782877408,31.246643518624587,31.278958463452476,117300
2008-04-08,31.60207176208496,31.60207176208496,31.311254666795513,31.392037056304645,85300
2008-04-09,31.327417373657227,31.408199783042917,31.272485926942995,31.34357484164776,79400
2008-04-10,31.440540313720703,31.83152719760282,31.29189838999712,31.314519849712642,176900
2008-04-11,31.188486099243164,31.38559546743797,31.18202458819883,31.375901968229147,59600
2008-04-14,31.298355102539062,31.3112805913963,31.18848967989497,31.275736113360118,54700
2008-04-15,31.295101165771484,31.408196032349228,31.22724424582484,31.275714178724787,59400
2008-04-16,31.43082618713379,31.479296137276844,31.29188031154186,31.401745696218395,84700
2008-04-17,31.463146209716797,31.463146209716797,31.375899792318652,31.463146209716797,61900
2008-04-18,31.676403045654297,31.68286701999887,31.450213249271986,31.608546106739606,123700
2008-04-21,31.62472152709961,31.660266010317688,31.58917704388153,31.660266010317688,70500
2008-04-22,31.666725158691406,31.770126611618586,31.514853735423497,31.71196314026673,77600
2008-04-23,31.795970916748047,31.889678848993483,31.595629565193885,31.795970916748047,103800
2008-04-24,31.805665969848633,31.84444243293325,31.634407572139803,31.84444243293325,114400
2008-04-25,31.957530975341797,31.957530975341793,31.860591069666075,31.918754520014666,87600
2008-04-28,32.144935607910156,32.15139711557052,31.8250355098467,32.04476374954937,595700
2008-04-29,32.05122756958008,32.141703468093645,31.960751671066514,32.141703468093645,144500
2008-04-30,32.08354187011719,32.30003813467606,31.82826916171711,32.057690907556385,113400
2008-05-01,32.76537322998047,32.76537322998047,32.238890440989955,32.238890440989955,428500
2008-05-02,32.43388748168945,32.625629708669436,32.372138808168664,32.60288058886727,133900
2008-05-05,32.38187789916992,32.401376430166835,32.339630255520845,32.339630255520845,121900
2008-05-06,32.15114212036133,32.264887704599325,32.069894920267366,32.264887704599325,121400
2008-05-07,32.17388916015625,32.24863767038297,32.05039431659429,32.245387088338084,65700
2008-05-08,32.10566329956055,32.23565939420741,32.09266344214893,32.229158225766966,59700
2008-05-09,32.17388916015625,32.17388916015625,32.0081441884136,32.13164151144318,73100
2008-05-12,32.13166427612305,32.15116282327149,32.011417449945746,32.147912238923624,91900
2008-05-13,32.12189865112305,32.18689791266333,32.07965099072309,32.167399373935396,59500
2008-05-14,32.076393127441406,32.21938899090614,31.881400346014413,32.15439222358639,153100
2008-05-15,32.16089630126953,32.255143365313934,31.930154515285583,32.2258955589561,146600
2008-05-16,32.20641326904297,32.21941312813934,32.04391874954278,32.08291832683188,79300
2008-05-19,32.333126068115234,32.362376341342156,32.23887904466616,32.28762784706632,58900
2008-05-20,32.27138900756836,32.33638577613529,32.196640492195385,32.33638577613529,49300
2008-05-21,32.212894439697266,32.28764048376003,32.18039357239896,32.28764048376003,97300
2008-05-22,32.16416931152344,32.251915271248805,32.08617262738202,32.17391858710738,51700
2008-05-23,31.972400665283203,32.112145963383384,31.75140815850775,32.076396993208824,401400
2008-05-27,31.79364776611328,31.96589139475529,31.699400737721632,31.96589139475529,65800
2008-05-28,31.949623107910156,31.95937236755856,31.71888153818992,31.71888153818992,73700
2008-05-29,31.917137145996094,31.978885787040486,31.84888982248393,31.930136990398427,76300
2008-05-30,31.920412063598633,31.92366264704421,31.87166322978968,31.92366264704421,53600
2008-06-02,31.65677833557129,31.947897510527525,31.342762230975065,31.92172887791663,374500
2008-06-03,31.679655075073242,31.826851668014278,31.49975145558074,31.826851668014278,80200
2008-06-04,31.646963119506836,31.70584129024997,31.548832003075635,31.70584129024997,46100
2008-06-05,31.784332275390625,31.794144884086677,31.68947289870048,31.728725829061673,49200
2008-06-06,31.69600486755371,31.853011541206033,31.65675195135259,31.718901778110343,43100
2008-06-09,31.797414779663086,31.849752017172325,31.601155130157125,31.81703999594063,47100
2008-06-10,31.810508728027344,31.81378043025725,31.682939792414626,31.728733641322904,52400
2008-06-11,31.803939819335938,32.04926486346802,31.728705707748926,31.892255737170313,66500
2008-06-12,31.751611709594727,31.84319935302056,31.633855455025486,31.705817887881814,41200
2008-06-13,31.892261505126953,31.89226150512695,31.516095870310284,31.76142095881126,58900
2008-06-16,31.450698852539062,31.75163057273876,31.437614539194172,31.59789301040829,61200
2008-06-17,31.506303787231445,31.663313044191124,31.391819170478286,31.41144439175669,87300
2008-06-18,31.575000762939453,31.679672789625336,31.417993970699605,31.499769069534764,67200
2008-06-19,31.37546157836914,31.473592670982818,31.28714559147871,31.473592670982818,86600
2008-06-20,31.25116539001465,31.362378302779987,31.156305996173803,31.336212173385306,40500
2008-06-23,31.136672973632812,31.283867084959518,31.10396095282527,31.267511074555745,37800
2008-06-24,31.005834579467773,31.28059760561444,30.907703501228546,31.10723486355852,176700
2008-06-25,31.110502243041992,31.12031485038733,30.910970908431384,30.956764739760708,92900
2008-06-26,30.865175247192383,30.94367859687746,30.681999932735046,30.806297111034457,96000
2008-06-27,30.780141830444336,30.81285136568542,30.61331995646396,30.75397320402044,58300
2008-06-30,30.747419357299805,30.78012887877737,30.596953562041772,30.714709835822234,84900
2008-07-01,30.71480369567871,30.961839650335644,30.418360047494456,30.444711152439652,957200
2008-07-02,30.691770553588867,30.797172540910154,30.490847622604296,30.639068303437426,81800
2008-07-03,30.67858123779297,30.8235098477561,30.629173528670947,30.754340060177462,41700
2008-07-07,30.704927444458008,30.820210405333707,30.536942265479084,30.820210405333707,102500
2008-07-08,30.622604370117188,30.70165524174664,30.520496889554902,30.68189315208475,170000
2008-07-09,30.517192840576172,30.69835113619699,30.484255197097944,30.566600562284073,79000
2008-07-10,30.55670738220215,30.662109315919565,30.41507329817746,30.441424409851894,99100
2008-07-11,30.517192840576172,30.569892567545114,30.37885323017894,30.405201837172854,310000
2008-07-14,30.444738388061523,30.68518803807635,30.270166559343465,30.68518803807635,41200
2008-07-15,29.973726272583008,30.23723256368872,29.884794344299614,30.207586912272767,149100
2008-07-16,30.07251739501953,30.161449251249685,29.9737019876703,30.03957725058299,25300
2008-07-17,30.161449432373047,30.484244253736133,30.12521728365943,30.20426810222541,41900
2008-07-18,30.6456356048584,30.645635604858395,30.227319958174476,30.332721870736286,48800
2008-07-21,30.797183990478516,30.859767307554755,30.63249316700002,30.80377051770534,49500
2008-07-22,30.902557373046875,30.92561396644314,30.671991439084234,30.73128018110037,103000
2008-07-23,30.820255279541016,30.938832929941924,30.81366874917818,30.846606426959827,193500
2008-07-24,30.892669677734375,31.04089024434419,30.718098006355813,30.89925619743673,64100
2008-07-25,30.95854949951172,31.136415713503613,30.863028615350512,30.879498686508665,188000
2008-07-28,30.853147506713867,30.872912094654087,30.731278027152648,30.777391210713112,75200
2008-07-29,30.8597469329834,30.905860132073396,30.69834822318753,30.81692573884206,65900
2008-07-30,30.866321563720703,30.876202600721477,30.632461140442654,30.747744093751564,103900
2008-07-31,30.928926467895508,30.92892646789551,30.63248258544008,30.754354657388888,82000
2008-08-01,30.790578842163086,30.873509727056955,30.65125556294532,30.75077110630811,25200
2008-08-04,30.57827377319336,30.677791840226053,30.531832683471325,30.644617463982105,75800
2008-08-05,30.79390525817871,31.08250319726426,30.525207396220896,30.628043442759264,70600
2008-08-06,30.588241577148438,30.634682691927075,30.518579904980488,30.604828774219783,44200
2008-08-07,30.55173683166504,30.60481381166349,30.51856498459086,30.574957377701935,42700
2008-08-08,30.604822158813477,30.61145551769761,30.50862200446596,30.541793860587422,62300
2008-08-11,30.518571853637695,30.568330900873466,30.306268947558674,30.468812806401928,49800
2008-08-12,30.637998580932617,30.67448838735944,30.485405995352618,30.57828821867516,95000
2008-08-13,30.68443489074707,30.684434890747067,30.518573080526814,30.618091178999116,47200
2008-08-14,30.68443489074707,30.684434890747067,30.571650074605476,30.651263034873093,58400
2008-08-15,30.754074096679688,30.764025393092336,30.65787401327653,30.664509898117313,39900
2008-08-18,30.68443489074707,30.846978756124813,30.525206439361458,30.767365795857195,91100
2008-08-19,30.744142532348633,30.767363082497642,30.60150128690466,30.734191229549076,101400
2008-08-20,30.737516403198242,30.790590874228403,30.62804698495693,30.744149763007982,30700
2008-08-21,30.694379806518555,30.717600353882876,30.601497617061284,30.641305354335763,103100
2008-08-22,30.518571853637695,30.767364558966264,30.518571853637695,30.667846464494726,58300
2008-08-25,30.68443489074707,30.691068249581715,30.555062881243302,30.555062881243302,60600
2008-08-26,30.518571853637695,30.704336263744274,30.485399999097275,30.704336263744274,259900
2008-08-27,30.55173683166504,30.644619015812626,30.462172591479785,30.644619015812626,68400
2008-08-28,30.5948543548584,30.65788008824346,30.525190204468604,30.64461084678107,74100
2008-08-29,30.651269912719727,30.714295693767536,30.518579928599106,30.667854578952962,59500
2008-09-02,30.657939910888672,30.901732551478016,30.597826203300784,30.804882547700487,57200
2008-09-03,30.758119583129883,30.758119583129886,30.667950319589522,30.72472365396479,50200
2008-09-04,30.891708374023438,30.891708374023438,30.82825431985831,30.891708374023438,46700
2008-09-05,30.8649959564209,30.86833631457309,30.564427421391873,30.811562965719475,62400
2008-09-08,30.82826805114746,31.10545925044801,30.77483504590312,31.10545925044801,59300
2008-09-09,30.895069122314453,31.028655486012312,30.791538352775934,30.915106185087346,168700
2008-09-10,30.724746704101562,30.885050851480948,30.724746704101566,30.885050851480948,61200
2008-09-11,30.724746704101562,30.838293458036475,30.611199950166657,30.78152008106902,101600
2008-09-12,30.724746704101562,30.734765235572528,30.551086213392885,30.68467003026972,121100
2008-09-15,29.59593963623047,30.684662245669575,29.388880695884787,30.684662245669575,377800
2008-09-16,28.91463279724121,29.191823807387113,27.46522625532994,29.068256085914133,283800
2008-09-17,27.17803192138672,28.854535251038904,26.46668840578555,28.77772228977397,283100
2008-09-18,29.322093963623047,29.45567777011422,27.188060295989658,27.715722446704483,226400
2008-09-19,29.696125030517578,30.74143562723543,29.422274221206713,29.722842804095986,77800
2008-09-22,29.669416427612305,30.123608527045313,29.589265630049983,29.756247944607768,34600
2008-09-23,29.378841400146484,29.97329747726099,29.054895604698675,29.913183798229998,64200
2008-09-24,29.64267921447754,29.953266191181083,29.40556480937316,29.40556480937316,57700
2008-09-25,28.887929916381836,29.672745999896453,28.887929916381836,29.672745999896453,73600
2008-09-26,28.7877254486084,29.03486089781799,28.363591852603722,28.547273261077642,50900
2008-09-29,26.45667266845703,28.797764931340843,25.38130638499993,28.797764931340843,174700
2008-09-30,27.385068893432617,27.59880581266771,26.917518427126463,27.555391376804195,113200
2008-10-01,28.57734489440918,28.69522382531483,27.61746992908035,27.728614022320524,991400
2008-10-02,27.833053588867188,28.584116069449212,27.284072450929624,28.584116069449212,230900
2008-10-03,27.731992721557617,28.21024863867634,27.533282800792183,28.031745809631012,51400
2008-10-06,26.724956512451172,27.533273306935406,26.11872084376419,27.112275244138228,134200
2008-10-07,26.273643493652344,27.843122676995694,26.233226761238345,26.778841085772072,240800
2008-10-08,25.17569351196289,26.337647569302725,24.9971906781262,25.80550777302614,157800
2008-10-09,24.589641571044922,26.35783242806071,24.589641571044922,25.327228009808945,113800
2008-10-10,22.949447631835938,24.037307824888167,21.541629918833976,24.037307824888167,274300
2008-10-13,25.765098571777344,25.765098571777344,23.730834271618033,23.761147488467092,230000
2008-10-14,25.933473587036133,26.718214378508893,25.428276049626337,26.35447153487763,372300
2008-10-15,24.801836013793945,25.593311805088025,24.20907006147848,25.593311805088025,374900
2008-10-16,23.862171173095703,25.03423098360408,23.57589298645952,25.03086227941257,167400
2008-10-17,23.575897216796875,23.858806750005378,23.40749795096261,23.74766518742711,120700
2008-10-20,24.04740333557129,24.1821231930235,23.575885119272332,24.097923603311813,1460200
2008-10-21,23.90933609008789,24.549254056293424,23.730833211895632,23.986800912291816,398300
2008-10-22,23.710628509521484,24.14173042558313,23.66684303489109,24.14173042558313,113300
2008-10-23,24.11139678955078,24.21243733975375,23.60956788123003,23.710608431433,157700
2008-10-24,23.50853157043457,23.84533000227708,23.25929888078207,23.71061011562645,155600
2008-10-27,22.312889099121094,23.703865260557922,22.312889099121094,23.58935506310191,1313600
2008-10-28,22.565494537353516,23.138050833608393,22.56549453735352,22.797886273507448,158600
2008-10-29,23.59272003173828,23.912677362993833,22.703572797327524,22.703572797327524,318700
2008-10-30,24.239397048950195,24.239397048950195,23.744302667309217,23.895861018208905,169900
2008-10-31,24.249492645263672,24.337060977073026,24.111404023196275,24.114772727765132,126500
2008-11-03,24.44671058654785,24.572532677780494,24.38209889180266,24.572532677780494,168900
2008-11-04,24.722164154052734,24.74936936014603,24.399110763596433,24.74936936014603,430300
2008-11-05,24.518138885498047,24.899004120920956,24.484133663185613,24.749378029427643,392100
2008-11-06,24.518138885498047,24.654162369179957,24.14407625119692,24.147477551757813,198100
2008-11-07,24.77318000793457,24.80378652172572,24.484131749225934,24.698366968036154,221000
2008-11-10,24.77657699584961,24.967008268314004,24.484127487747,24.841188718049246,148600
2008-11-11,24.732372283935547,25.024819218967526,24.501133181439425,25.024819218967526,107100
2008-11-12,24.382118225097656,24.71877696994038,24.327710381984133,24.71877696994038,129400
2008-11-13,24.25288200378418,24.43651322282877,24.03184428116954,24.18487159425544,211900
2008-11-14,23.957054138183594,24.27330777373722,23.804029273484513,24.27330777373722,115200
2008-11-17,23.586362838745117,24.123653728958512,23.501348555904894,23.957023866602068,157200
2008-11-18,23.089895248413086,23.613583893816635,22.987877002704327,23.463957825292262,174700
2008-11-19,22.300952911376953,23.045676452322418,22.124121705672795,22.797436136817485,174100
2008-11-20,21.559633255004883,22.219342650224885,21.253581167309367,22.110524418425513,606400
2008-11-21,21.773874282836914,22.195544720310576,21.495027326606138,22.07652515260817,238500
2008-11-24,21.872486114501953,22.33836556402963,21.77386918309399,22.158135604516637,232500
2008-11-25,22.100345611572266,22.389394090797676,21.685476166977594,22.389394090797676,313500
2008-11-26,22.613813400268555,22.62741600537495,22.13773259927131,22.464187338529854,256400
2008-11-28,22.528789520263672,22.624005121240426,22.23293882200257,22.23293882200257,420700
2008-12-01,22.064149856567383,22.565922573976245,21.882000743700107,22.376898425496343,409700
2008-12-02,22.301286697387695,22.431883519277108,22.081332775227853,22.431883519277108,501700
2008-12-03,22.304744720458984,22.315054660342042,22.13634291756239,22.270377380162127,247800
2008-12-04,22.17412757873535,22.339094352273,22.05384067201931,22.30816455714227,214200
2008-12-05,22.18444061279297,22.18444061279297,21.8235772627743,22.036658803611548,485500
2008-12-08,22.442195892333984,22.469688165841003,21.926677088728383,22.184437146045575,703700
2008-12-09,22.2737979888916,22.45594713546031,22.16725851570424,22.41126988394329,631800
2008-12-10,22.25660514831543,22.38376442809315,21.99540893305937,22.3597070544549,379100
2008-12-11,22.084758758544922,22.339079856582586,22.084758758544922,22.177550705782917,914500
2008-12-12,22.3906307220459,22.442182966021885,22.012585302982078,22.115687168878004,320000
2008-12-15,22.2737979888916,22.559051712263653,22.13976361228224,22.13976361228224,611300
2008-12-16,22.68621253967285,22.693084954155555,22.20162472380951,22.68621253967285,523700
2008-12-17,23.26702880859375,23.404500705870515,22.54530462546368,22.813373383021275,1671500
2008-12-18,24.617664337158203,24.902917823959868,23.401043401331957,23.617562308640846,2134800
2008-12-19,24.452716827392578,24.48708414037099,24.102163417662208,24.39772702898079,1174700
2008-12-22,25.432188034057617,25.555912401825676,24.332418789515643,24.518002719111028,1764700
2008-12-23,25.803375244140625,25.875547394452596,25.36690220198872,25.56279878770925,1220400
2008-12-24,25.397836685180664,25.947721652747752,25.25349237283024,25.665905442990972,787700
2008-12-26,25.88241958618164,25.892729518700637,25.098833250040407,25.42876420093892,1291200
2008-12-29,26.05684471130371,26.229887906910378,25.78343614539362,26.043000938803623,1020000
2008-12-30,26.136442184448242,26.35793989623864,25.890721172170704,26.35793989623864,530100
2008-12-31,26.3060302734375,26.35448216238435,25.980708184425854,26.143369228931675,707400
2009-01-02,26.22296142578125,26.458300248034924,26.157206815154144,26.157206815154144,673600
2009-01-05,27.489622116088867,28.33407313986938,26.084513237212118,26.101815959899017,1907500
2009-01-06,27.721508026123047,27.898012752492306,27.520777367932794,27.752657161566344,2267000
2009-01-07,27.21969223022461,27.811499577844256,26.90821398399602,27.66614394308069,1748100
2009-01-08,26.82515525817871,27.102022769716246,26.60019858975921,27.102022769716246,972100
2009-01-09,27.21969223022461,27.29237004760639,26.838997769469373,27.29237004760639,826600
2009-01-12,26.627887725830078,27.375432956169405,26.37524349901568,27.337363241986008,867700
2009-01-13,26.53097915649414,26.928976321119933,26.240265268119643,26.928976321119933,613500
2009-01-14,26.191816329956055,26.371780078799453,25.49964359675471,26.146826052852564,1006000
2009-01-15,26.0880069732666,26.13992049138433,25.790372285851596,25.994564752999665,1122500
2009-01-16,26.299100875854492,26.34409379102168,25.53771196553872,26.039536114551936,574800
2009-01-20,25.849180221557617,26.139891374507666,25.61730045097705,25.959927704647388,544100
2009-01-21,25.85264015197754,25.970310842413557,25.49963336152624,25.89417144985408,534200
2009-01-22,25.783443450927734,25.91149640251412,25.52734018818533,25.91149640251412,454800
2009-01-23,25.371593475341797,25.72460308666127,25.056656220191,25.548098281001533,1556100
2009-01-26,25.437349319458008,25.6934525052588,25.288532068162365,25.534253084872926,573600
2009-01-27,25.67268180847168,25.762664985682616,25.461568954493483,25.66922020615578,637500
2009-01-28,26.582881927490234,26.603648896348844,25.87686571614916,25.935702380748836,1549400
2009-01-29,25.921878814697266,26.427164776863677,25.79036425768013,26.28526804754106,685200
2009-01-30,26.03952980041504,26.160659464898515,25.821496404344778,26.160659464898515,469800
2009-02-02,25.4847354888916,25.942690777959793,25.30994306807221,25.827327140110032,1037900
2009-02-03,25.53020477294922,25.6980068296253,25.348421656413073,25.684023102642026,642100
2009-02-04,25.509233474731445,25.71898406956212,25.463785689983727,25.6875226805431,891500
2009-02-05,25.299480438232422,25.78540362509076,25.18062009012143,25.635081890997107,836600
2009-02-06,25.809877395629883,25.813371327495897,25.37988640211326,25.484763034812016,830900
2009-02-09,26.00912094116211,26.07554026834569,25.71546819481672,25.764409874687367,831400
2009-02-10,25.837818145751953,26.068542765225164,25.701477597324068,26.061552241595408,831000
2009-02-11,25.77838897705078,25.988139377099678,25.729447305943406,25.956678017296813,592100
2009-02-12,25.697978973388672,25.697978973388672,25.46375513421809,25.551151332784933,509200
2009-02-13,25.799373626708984,25.799373626708984,25.554662530610646,25.75392587052632,299100
2009-02-17,25.14214324951172,25.813345560849754,25.030276197622047,25.792371322095722,1521100
2009-02-18,24.991836547851562,25.334431098763456,24.296162987521154,25.28199280349539,1414600
2009-02-19,25.11768341064453,25.288979325403503,25.00231971275454,25.107196286676725,385300
2009-02-20,24.750633239746094,24.879978056854505,24.306658541925643,24.537386054265102,647700
2009-02-23,24.128358840942383,25.061752946173947,23.86267612477371,24.757612994230826,884500
2009-02-24,24.470945358276367,24.6457378251212,24.121360424586705,24.229730900551658,647300
2009-02-25,24.352102279663086,24.526894850718527,24.191290767223865,24.526894850718527,567600
2009-02-26,23.869672775268555,24.42551453111204,23.642441902340373,24.38356335442404,603200
2009-02-27,23.509584426879883,23.929085238280596,23.42218820224464,23.775269696564926,824700
2009-03-02,23.021589279174805,23.60817018439613,22.89791282590023,23.438557533032284,993600
2009-03-03,23.11347007751465,23.42796286317339,22.933254231997733,23.219477336801834,752700
2009-03-04,23.109933853149414,23.480963275026774,22.901448343379812,23.194740193014965,572900
2009-03-05,22.01449966430664,23.109925028388258,21.993298761422267,23.09225581202201,1117900
2009-03-06,21.90850830078125,22.523360578459688,21.862570728524588,22.155862696352415,1216800
2009-03-09,21.781293869018555,22.201796677872768,21.73182326749989,22.021580803228733,645100
2009-03-10,22.859046936035156,22.936787205632346,22.032176345527304,22.032176345527304,1111400
2009-03-11,23.223012924194336,23.3042848909311,22.94739026144306,23.131137804628814,769500
2009-03-12,23.608177185058594,23.618777641919184,23.152338668436165,23.23361333094284,762800
2009-03-13,23.66118049621582,23.71418547272502,23.498633878614005,23.68238140844146,632300
2009-03-16,23.795452117919922,23.96860184889997,23.696510955042463,23.735381082736392,514600
2009-03-17,23.66118049621582,23.816661041724117,23.470364198349753,23.781325289366347,460100
2009-03-18,24.205371856689453,24.247776398365982,23.5269153655437,23.664726756059355,611000
2009-03-19,23.993349075317383,24.247770875534876,23.76366257812404,24.191231499510618,711800
2009-03-20,23.947406768798828,24.16295839147696,23.862600412711753,24.025147051855917,394900
2009-03-23,24.442108154296875,24.452708608648198,23.897929031390163,24.24422581721976,461200
2009-03-24,24.48805046081543,24.544587123876255,24.251295264909725,24.406775806230783,425000
2009-03-25,24.61880111694336,24.753080790824537,24.51985990204938,24.51985990204938,800700
2009-03-26,25.00042724609375,25.00749331846333,24.63999824445076,24.774275187034384,660200
2009-03-27,24.746009826660156,24.94742662367834,24.35024500217287,24.94742662367834,1157900
2009-03-30,23.586963653564453,24.61171617170958,23.586963653564453,24.61171617170958,1299900
2009-03-31,23.958044052124023,24.30080434924538,23.852033934037472,24.078186336402773,632700
2009-04-01,23.995920181274414,24.292740719891587,23.92797531618403,24.19976023330702,654300
2009-04-02,24.86850357055664,24.904264461813337,24.106785946102697,24.332082016562875,1469600
2009-04-03,25.218942642211914,25.319076872166317,24.854177496703795,24.9292761228855,1355600
2009-04-06,25.13669776916504,25.351265703572484,24.836300478291164,25.075904021285805,648200
2009-04-07,24.8470401763916,25.065182366559526,24.718298823531,25.065182366559526,459900
2009-04-08,25.140274047851562,25.247556648191726,24.603852861013017,24.603852861013017,721600
2009-04-09,25.855506896972656,25.94491044401837,25.390607360983044,25.390607360983044,1123800
2009-04-13,25.83763313293457,25.919885622288113,25.390615258662343,25.551540602048114,801800
2009-04-14,25.705297470092773,25.834038749059108,25.572982014984234,25.834038749059108,617000
2009-04-15,25.92346954345703,25.927046451742054,25.630225816862247,25.82691484681431,501700
2009-04-16,26.334705352783203,26.5814599852892,25.987819196471694,26.00212408964097,1109500
2009-04-17,26.910457611083984,27.089264638400156,26.28463301547738,26.424102278513697,683000
2009-04-20,25.927026748657227,26.803180354329,25.88411206699454,26.68874393160804,1003100
2009-04-21,26.22028923034668,26.39194535286061,25.58015908955202,25.89486152609731,264800
2009-04-22,26.345443725585938,26.520676689699457,25.79114322077065,26.11657080141774,715200
2009-04-23,26.316852569580078,26.463475839938425,26.20241602643456,26.35976729640305,701300
2009-04-24,26.724504470825195,26.7638395140381,26.35615963424627,26.459868056772855,522500
2009-04-27,26.513507843017578,26.64940021207294,26.39549454104957,26.534963814873972,813400
2009-04-28,26.570737838745117,26.77100093038142,26.231002690142105,26.4276916039849,460200
2009-04-29,27.064260482788086,27.107175197098993,26.771016755950896,26.817505650168172,1167900
2009-04-30,27.27524185180664,27.353917435476227,27.017761843952492,27.29312365841541,919500
2009-05-01,27.232349395751953,27.423364647253813,26.889963878873562,27.308034528440224,609400
2009-05-04,27.16745948791504,27.37289122287784,27.03050591450159,27.35126769804552,1043400
2009-05-05,27.401723861694336,27.405328698987702,27.15664716976404,27.17466860654568,799800
2009-05-06,27.628799438476562,27.675651354347433,27.228747484720287,27.50986447931941,738600
2009-05-07,27.174684524536133,27.989204999787873,26.954836065509394,27.94956001539375,1546800
2009-05-08,27.661224365234375,27.787366206539303,27.466604345927095,27.54589428894331,1375800
2009-05-11,27.51708221435547,27.668452540167124,27.181903493093653,27.596372218262914,531000
2009-05-12,27.625192642211914,27.625192642211914,27.282804397648906,27.390927580076543,682300
2009-05-13,27.264795303344727,27.57834769338549,27.210733693089786,27.563933830359375,1118700
2009-05-14,26.976465225219727,27.257582264289418,26.81067832396548,27.21433518116324,966300
2009-05-15,26.598052978515625,26.990895514325146,26.338559349505516,26.976478896081385,1007100
2009-05-18,27.16387176513672,27.189100140677542,26.731381791982525,26.792650311197853,831000
2009-05-19,27.34409523010254,27.437799122245153,26.980083188506335,27.192722116470787,902800
2009-05-20,27.74774169921875,27.81982476861622,27.344087509344696,27.430584442933714,1158400
2009-05-21,27.390920639038086,27.72609912000323,27.390920639038086,27.639602245792048,1274700
2009-05-22,27.76935577392578,27.891892813442503,27.401739156002158,27.50986233767069,762300
2009-05-26,27.6972713470459,27.855851272289428,27.527879654115143,27.682854740234067,855100
2009-05-27,27.74774169921875,27.935154929964224,27.74774169921875,27.87388363355439,757300
2009-05-28,27.845029830932617,28.00360695139812,27.747718456181456,27.927921854194793,583900
2009-05-29,28.054086685180664,28.173021685312083,27.913528139457316,28.036067980416686,621200
2009-06-01,28.717899322509766,28.728814092074543,28.29595314683284,28.29595314683284,1293700
2009-06-02,28.634262084960938,28.637900344434915,28.34690064045146,28.612438078474774,782200
2009-06-03,28.470577239990234,28.714290701738104,28.376004683374422,28.70701418188815,776100
2009-06-04,28.557863235473633,28.626973485241113,28.379624673791664,28.379624673791664,638100
2009-06-05,28.64879608154297,28.732456575691963,28.485107800298692,28.732456575691963,704400
2009-06-08,28.69972038269043,28.82703163931124,28.488745857331793,28.72518263401459,593000
2009-06-09,28.754291534423828,28.819766310533844,28.594241465004227,28.594241465004227,559600
2009-06-10,28.790679931640625,28.917991287935273,28.634268043855936,28.83432795369626,636700
2009-06-11,28.85613250732422,29.085292772095105,28.783381234651273,28.783381234651273,524400
2009-06-12,29.005285263061523,29.052574312629968,28.85614992064611,28.957998988672042,566000
2009-06-15,28.57605743408203,28.994368415167376,28.546959687492503,28.972544411430604,574500
2009-06-16,28.303232192993164,28.819756484046433,28.110446188840598,28.732454962214348,1180400
2009-06-17,28.13955307006836,28.47056239600035,28.015877273714057,28.295964863141954,1240800
2009-06-18,28.40872573852539,28.44873825109392,28.026791902886334,28.026791902886334,766200
2009-06-19,28.43783187866211,28.47784439914711,28.266869795713173,28.266869795713173,667900
2009-06-22,28.05226707458496,28.401465074453775,27.826742152195532,28.401465074453775,1096700
2009-06-23,28.099544525146484,28.277780341201094,27.957682968975533,27.957682968975533,582200
2009-06-24,28.241413116455078,28.481488286812294,28.099551524945387,28.186850325448543,576400
2009-06-25,28.510578155517578,28.53240493099379,28.230493309371788,28.33234234433389,647900
2009-06-26,28.503293991088867,28.514205987247784,28.295957738538362,28.496017476864893,495900
2009-06-29,28.859783172607422,28.859783172607422,28.521499983623432,28.53241198647082,647700
2009-06-30,28.994359970092773,29.045284480764995,28.816124182739994,28.917973204084436,538900
2009-07-01,29.06596565246582,29.187105104975515,28.922801863373703,29.091661645363043,922100
2009-07-02,28.55938148498535,28.981529468363355,28.526342185036366,28.97051730193126,651200
2009-07-06,28.133562088012695,28.647484715430494,28.12254992038959,28.456597807786707,794500
2009-07-07,27.740751266479492,28.383153210536456,27.740751266479492,28.313405817545057,886300
2009-07-08,27.909610748291016,28.225305640617393,27.73341064133921,27.75543495454563,1382300
2009-07-09,28.309757232666016,28.40519785906924,27.968366128825597,28.12988254308994,544900
2009-07-10,28.093164443969727,28.596074584598544,27.946329100658645,28.247340294153314,393700
2009-07-13,28.155567169189453,28.342782292714908,28.001391326592536,28.342782292714908,521500
2009-07-14,28.26569938659668,28.412534748735293,28.07848422985366,28.118864024458066,506600
2009-07-15,28.889747619628906,28.889747619628906,28.368484718587823,28.412536169627867,1040200
2009-07-16,28.97783660888672,28.999860923506574,28.63277407637358,28.827329657250004,515600
2009-07-17,29.00355339050293,29.00722224513893,28.8714018066447,28.937477598573814,597100
2009-07-20,29.407346725463867,29.44405487398579,29.084311097557826,29.084311097557826,784700
2009-07-21,29.550514221191406,29.678994157674772,29.29722320308666,29.491778935568977,938600
2009-07-22,29.587230682373047,29.645965984488154,29.36697890074811,29.513814355382518,483000
2009-07-23,29.888214111328125,30.024037269769824,29.521127218875606,29.734038288654244,750700
2009-07-24,30.06442642211914,30.104806216926075,29.63493529624711,30.02771828156327,639300
2009-07-27,30.119476318359375,30.207576375707372,29.961628865258618,30.16352494670821,512700
2009-07-28,30.15251922607422,30.255303115029182,30.027711018243455,30.15251922607422,591800
2009-07-29,30.255311965942383,30.380123010936394,30.12316041272602,30.262655274816485,627900
2009-07-30,30.504928588867188,30.802270957939427,30.339740562111558,30.413156840524838,976900
2009-07-31,31.000516891479492,31.07393602127769,30.607733649182805,30.743556938819392,740700
2009-08-03,31.059370040893555,31.166726960842876,30.9816294073505,31.01124286939224,880400
2009-08-04,30.992717742919922,31.222236775275466,30.73357961610296,31.207431464589213,615100
2009-08-05,30.892772674560547,31.088978403722155,30.655848092423902,30.926091694366782,756000
2009-08-06,30.648441314697266,31.022339018014872,30.578103367956206,30.989020002687848,619500
2009-08-07,30.86313819885254,31.137081530794084,30.64842455992127,30.807608419906607,711300
2009-08-10,31.00385093688965,31.011253598870173,30.748415320896225,30.959426491909987,527800
2009-08-11,30.929794311523438,31.114891817099604,30.81503193749883,31.003832184008385,623000
2009-08-12,30.8520565032959,30.9631161566521,30.726191532232225,30.82984570237038,491400
2009-08-13,30.459636688232422,30.85574512824696,30.385598836110518,30.85204238833196,825300
2009-08-14,30.307846069335938,30.58549213980649,30.26342168129037,30.58549213980649,585500
2009-08-17,29.567466735839844,30.226413184905145,29.47861792913499,30.130161723156313,1160800
2009-08-18,30.078330993652344,30.130158045723174,29.615587439903845,29.819195733298187,639200
2009-08-19,30.200511932373047,30.200511932373047,29.800700612764377,30.0376252115627,501700
2009-08-20,30.10795783996582,30.296755242704442,30.082044304823448,30.230122858935637,601200
2009-08-21,30.518878936767578,30.518878936767578,30.17829736533187,30.244932583181907,570400
2009-08-24,30.359689712524414,30.54108445360894,30.252332834309332,30.533681797067366,874600
2009-08-25,30.35597801208496,30.496651039760675,30.281940171068815,30.496651039760675,565000
2009-08-26,30.474441528320312,30.522565844559555,30.34487388893565,30.481844182986844,476100
2009-08-27,30.318973541259766,30.592917072813034,30.311568059011226,30.55960087578642,968500
2009-08-28,30.47075843811035,30.541096412432605,30.400423288152634,30.541096412432605,595800
2009-08-31,30.474441528320312,30.541076717769954,30.363381937783334,30.504057795711866,498500
2009-09-01,30.188064575195312,30.497973658018974,30.09471867184054,30.497973658018974,742300
2009-09-02,30.027498245239258,30.202988933516504,29.90801564770642,30.188053252738673,698800
2009-09-03,30.221670150756836,30.27394362799481,30.038710131733072,30.12832424873319,486000
2009-09-04,30.453155517578125,30.583842013673287,30.240327049320953,30.31127082163663,667000
2009-09-08,30.88631248474121,30.88631248474121,30.554001086599804,30.591338901809223,974200
2009-09-09,30.595033645629883,30.91614356538835,30.52408989514937,30.80039278586398,1454000
2009-09-10,31.069257736206055,31.084193426241832,30.624930215889272,30.75561679152945,695600
2009-09-11,31.36421775817871,31.41649122654711,31.09164651709458,31.19619630252176,607200
2009-09-14,31.40157127380371,31.420241599869936,31.181276239419656,31.3903702176407,579300
2009-09-15,31.6256046295166,31.63307390029045,31.4090442048412,31.5023901486694,1289500
2009-09-16,32.03258514404297,32.04378619826595,31.75628202800795,31.857094364706093,1143900
2009-09-17,32.08858871459961,32.08858871459961,31.797349951326222,32.03258060273375,733400
2009-09-18,31.998981475830078,32.13339983373136,31.685340539854778,32.00645074498655,565700
2009-09-21,32.01765823364258,32.01765823364258,31.711483656609655,31.924312291270443,510600
2009-09-22,31.980308532714844,32.15953108014756,31.92430041838298,32.1184586528836,413400
2009-09-23,32.0774040222168,32.24542559481854,32.036331575813286,32.07366938653674,464900
2009-09-24,32.13713836669922,32.293958853709945,32.002719992492345,32.22301788026711,774000
2009-09-25,32.03258514404297,32.25288014027177,31.905633215902785,32.14833316926886,454800
2009-09-28,32.286476135253906,32.31261286989612,31.872020165434257,32.16699351279088,455200
2009-09-29,32.24915313720703,32.29395736074343,32.18194395321071,32.279021670000716,693000
2009-09-30,32.24167251586914,32.36862441813918,32.08858672486523,32.24167251586914,688000
2009-10-01,31.392786026000977,32.153231671295536,31.392786026000977,32.13440765023822,3014800
2009-10-02,31.404048919677734,31.475576683951907,30.86948055546969,31.260996263268982,1694100
2009-10-05,31.825708389282227,31.825708389282227,31.453016373938816,31.498189422985305,556200
2009-10-06,31.716501235961914,32.062840975575405,31.697677237708163,31.919788354119106,813300
2009-10-07,31.949907302856445,32.028962929879576,31.667564546857093,31.667564546857093,637400
2009-10-08,32.153221130371094,32.156983635635186,31.949933832594564,31.949933832594564,824700
2009-10-09,32.277435302734375,32.277435302734375,31.980033808970056,32.040268331720355,680100
2009-10-12,32.26991653442383,32.330148202039574,32.20591949003805,32.32638569741049,354200
2009-10-13,32.26237487792969,32.32637477282786,32.07038380965505,32.32637477282786,295500
2009-10-14,32.390384674072266,32.42050194574728,32.26991845951331,32.37532603823476,749900
2009-10-15,32.382850646972656,32.41296791560355,32.28120845551939,32.40167465790217,382100
2009-10-16,32.37908172607422,32.409196116596654,32.22473290903312,32.40166823700111,443100
2009-10-19,32.3866081237793,32.476957035493086,32.35649086249466,32.43931189495735,534700
2009-10-20,32.44685363769531,32.537202580014736,32.37909121292047,32.424264248009635,419300
2009-10-21,32.503299713134766,32.72541086201134,32.43177482802138,32.499537210645165,869100
2009-10-22,32.75177001953125,32.75177001953125,32.552248201943165,32.62753847841944,646200
2009-10-23,32.6953010559082,32.82706047653626,32.60495214921182,32.82706047653626,420200
2009-10-26,32.71413040161133,32.76683417846617,32.60872284790165,32.62378148016595,779800
2009-10-27,32.4581413269043,32.71413234633418,32.394144290081975,32.71413234633418,1527900
2009-10-28,31.923582077026367,32.55603049331916,31.9198166996041,32.518382463379396,1266000
2009-10-29,32.371559143066406,32.54472913886469,32.0176912699747,32.06662968004563,1350500
2009-10-30,32.066612243652344,32.45436255298336,31.9499114750178,32.37530691563679,1466000
2009-11-02,32.318275451660156,32.48149918206411,32.13227725991065,32.238561940910365,1437000
2009-11-03,32.390411376953125,32.4853088651809,32.10951272664903,32.10951272664903,1135400
2009-11-04,32.43976593017578,32.64474490852181,32.379033026985645,32.606786482022684,687800
2009-11-05,32.46634292602539,32.51569149573998,32.35626144225655,32.50430135931465,506800
2009-11-06,32.49669647216797,32.5118804179831,32.40559569331872,32.44355410983578,547700
2009-11-09,32.62576675415039,32.6371568894134,32.530869232589694,32.56503384629366,571400
2009-11-10,32.61437225341797,32.63714962283013,32.51568093811885,32.5953944909567,667800
2009-11-11,32.63336181640625,32.72066591884242,32.599197200986644,32.62956510446126,509500
2009-11-12,32.67131423950195,32.68649818844695,32.54984554398417,32.678904765953384,619900
2009-11-13,32.606773376464844,32.739629263834495,32.54983431158038,32.60297666652824,491100
2009-11-16,32.75860595703125,32.89146182833891,32.66370849237709,32.76999318942322,714900
2009-11-17,32.751033782958984,32.826953541554275,32.70168811190404,32.826953541554275,438400
2009-11-18,32.66751480102539,32.81176085593943,32.66751480102539,32.7813929605847,630200
2009-11-19,32.735843658447266,32.758621029752206,32.59539719960375,32.72065970959135,679700
2009-11-20,32.72826385498047,32.773812820429555,32.644753556933054,32.69789594731903,544200
2009-11-23,32.69407653808594,32.785180197824594,32.682689304628866,32.751015601412334,428600
2009-11-24,32.713069915771484,32.758621763359336,32.66372425291628,32.743437814163386,526800
2009-11-25,32.72826385498047,32.891487738606855,32.72446714251202,32.73965109634274,548900
2009-11-27,32.5004997253418,32.587803811302145,32.284133521991976,32.40180550569598,570000
2009-11-30,32.606773376464844,32.682690198950034,32.49289524669592,32.49289524669592,674100
2009-12-01,32.76812744140625,32.817835921216094,32.63430252877266,32.72606776641222,749100
2009-12-02,32.80254364013672,32.867543900027876,32.72989457486747,32.76812985026436,537400
2009-12-03,32.84458923339844,32.982238499530375,32.82929454636564,32.85605951938222,489600
2009-12-04,32.978416442871094,33.09694662934736,32.963121754751015,32.963121754751015,532000
2009-12-07,33.02050018310547,33.05108958165017,32.94402960390934,33.012851374886495,397200
2009-12-08,33.058746337890625,33.074041042189776,32.955510730329564,33.0166866303596,359000
2009-12-09,33.058746337890625,33.12374664328709,33.047276038957904,33.08168693575607,357000
2009-12-10,33.22315216064453,33.22315216064453,33.11609217543658,33.11991657981281,401000
2009-12-11,33.24227523803711,33.28815642737174,33.20403702403671,33.26521583270443,444100
2009-12-14,33.50990676879883,33.5557908500171,33.26519750329716,33.26519750329716,1132700
2009-12-15,33.475502014160156,33.53285347970958,33.36461765215614,33.49461819695494,417600
2009-12-16,33.55195617675781,33.5672508658154,33.383717514287966,33.55195617675781,621100
2009-12-17,33.53284454345703,33.563433928374934,33.452549595920765,33.49460927089181,350200
2009-12-18,33.51373291015625,33.58255757697188,33.498438215623366,33.563438479514595,281600
2009-12-21,33.6131477355957,33.6246180274668,33.51373367743827,33.574909539805695,646800
2009-12-22,33.68578338623047,33.69343218986939,33.59784256452983,33.647548119527414,432500
2009-12-23,33.76609420776367,33.81962418976556,33.69344804199838,33.70491833568947,440100
2009-12-24,33.89225387573242,33.94195942566843,33.762253398747376,33.79666426012687,188800
2009-12-28,33.79286193847656,33.953454814667325,33.74315635606363,33.92668982149644,532400
2009-12-29,33.61197280883789,33.83135691328966,33.6004267406725,33.81211150872304,494600
2009-12-30,33.754356384277344,33.78514783707988,33.65043890161197,33.677380688705554,421600
2009-12-31,33.808223724365234,33.831318771094594,33.70815595545956,33.808223724365234,346000
2010-01-04,34.07381057739258,34.07381057739258,33.86982234446566,33.86982234446566,1316800
2010-01-05,34.2354736328125,34.285510494986355,34.03148532638682,34.15849791068659,733000
2010-01-06,34.32399368286133,34.35478514209368,34.25471436780611,34.27011009742229,715700
2010-01-07,34.462554931640625,34.49719312358266,34.29705449623497,34.400972008496474,956000
2010-01-08,34.516456604003906,34.566490552944266,34.45102691621183,34.47026938744877,711400
2010-01-11,34.48565673828125,34.52799427571638,34.43947246939655,34.44716886873192,895800
2010-01-12,34.308589935302734,34.75120751491351,34.27395175408768,34.44714853303192,1133900
2010-01-13,34.385555267333984,34.416346710091766,34.29318387549423,34.29318387549423,868900
2010-01-14,34.42405700683594,34.439452733120056,34.335532314810884,34.42405700683594,394600
2010-01-15,34.28550720214844,34.45485436184816,34.25086607501387,34.45485436184816,835300
2010-01-19,34.3008918762207,34.33168039032872,34.24315864056236,34.25470470040716,796900
2010-01-20,34.25086975097656,34.33554480813179,34.200835824673746,34.312452678520586,588500
2010-01-21,33.71588897705078,34.316310924973244,33.71588897705078,34.316310924973244,1416800
2010-01-22,33.39641189575195,33.88521663740639,33.33483193013076,33.86597124640542,1394400
2010-01-25,33.446475982666016,33.654314041753096,33.38874269906903,33.57733535147819,711300
2010-01-26,33.48878479003906,33.65043549624176,33.4464472808287,33.56191081250166,576000
2010-01-27,33.50034713745117,33.64660218991992,33.45415994046519,33.46955567279385,876500
2010-01-28,33.357948303222656,33.57733241253964,33.31176402953689,33.527298470567885,833700
2010-01-29,33.188594818115234,33.58887215133242,33.18474515055469,33.58887215133242,1357000
2010-02-01,33.34878921508789,33.46514748114136,33.22079245915908,33.33715072521255,924700
2010-02-02,33.44962692260742,33.59313868211674,33.35653973331974,33.461262451369834,1238500
2010-02-03,33.620277404785156,33.63191292945307,33.441859121773284,33.51167522896814,641200
2010-02-04,33.14320373535156,33.49228430878212,33.11605318848406,33.472892751984,1762600
2010-02-05,32.94927215576172,33.096663383002564,32.36747215565395,33.096663383002564,3261500
2010-02-08,32.80575942993164,33.01908429541998,32.73206382519136,32.89109055980197,1202400
2010-02-09,32.8717155456543,32.98807678435885,32.75923380402369,32.91438113590002,853800
2010-02-10,32.42953109741211,32.93763546595448,32.425651602309145,32.85230432881564,1463200
2010-02-11,32.561424255371094,32.74372216727325,32.34421974375467,32.54591218384666,1157700
2010-02-12,32.5420036315918,32.64672629642363,32.34031137157858,32.565274677290674,743100
2010-02-16,32.86394500732422,32.97642374012698,32.45280431541636,32.45280431541636,1061300
2010-02-17,33.11605453491211,33.15096407326835,33.01908786941603,33.03460289099794,1400200
2010-02-18,33.430206298828125,33.507778395933215,33.15869804058868,33.15869804058868,1153400
2010-02-19,33.65517807006836,33.65905756400567,33.47288328363027,33.5000338228178,1485600
2010-02-22,33.6978645324707,33.76768067072315,33.631927890562466,33.701744028814915,1596200
2010-02-23,33.4534912109375,33.78317719914991,33.337130057833335,33.75214716376386,1014900
2010-02-24,33.58149719238281,33.736644453114714,33.49228655572591,33.57761769708785,1047000
2010-02-25,33.58537673950195,33.60865075417043,33.35653680277693,33.46513900726936,503400
2010-02-26,33.810340881347656,33.829735400798754,33.612530987049865,33.647437571035994,697900
2010-03-01,33.836116790771484,33.9103626051825,33.80094960370144,33.87519541811246,1468800
2010-03-02,34.0549430847168,34.074479415563246,33.87519274201501,33.94943556928024,1291800
2010-03-03,34.09013366699219,34.14484020095916,34.031518671661146,34.10576453116597,986800
2010-03-04,34.117488861083984,34.16438145625402,34.027615113611425,34.16438145625402,641100
2010-03-05,34.32067108154297,34.32457656001942,34.109658973844326,34.22688593504494,975800
2010-03-08,34.328514099121094,34.4262048068484,34.305069283277355,34.37540671209237,937900
2010-03-09,34.47698974609375,34.47698974609375,34.30896168819617,34.3167756293922,630800
2010-03-10,34.488704681396484,34.50433554168673,34.38710558015078,34.39491951965502,640200
2010-03-11,34.45745849609375,34.48481176861356,34.39493502674382,34.4535500339386,488500
2010-03-12,34.46525192260742,34.53168381456684,34.44571558602752,34.46134644406024,636700
2010-03-15,34.42616653442383,34.484781490153274,34.35973764252802,34.46915063654006,471400
2010-03-16,34.54341125488281,34.57467297551137,34.3831971726228,34.47307387410945,923300
2010-03-17,34.54341125488281,34.6371934354867,34.51996347377051,34.57076451511235,918300
2010-03-18,34.594207763671875,34.6371918822882,34.547318166113435,34.5746714251164,637200
2010-03-19,34.4222297668457,34.62151925991787,34.37534022584852,34.4222297668457,674600
2010-03-22,34.58640670776367,34.59031218816056,34.312871034561724,34.367577572945564,759000
2010-03-23,34.58247375488281,34.621549400157626,34.51604485978756,34.59028769142552,699200
2010-03-24,34.562957763671875,34.617664300227105,34.52388209202995,34.57468314831883,430800
2010-03-25,34.64501953125,34.70363154634842,34.58640453486902,34.63720260838184,1005200
2010-03-26,34.6332893371582,34.660642600832894,34.5824912707001,34.629383857549065,1312500
2010-03-29,34.67627716064453,34.68409408326062,34.66064629669483,34.67627716064453,546200
2010-03-30,34.64110565185547,34.72707390226423,34.60593546701457,34.68018131623707,605600
2010-03-31,34.53170394897461,34.62157770846383,34.312874790205015,34.60985530342463,1255400
2010-04-01,34.4482307434082,34.64507777622768,34.4482307434082,34.58208528397471,773100
2010-04-05,34.43246078491211,34.63718325126161,34.412777896300526,34.50726357111429,930200
2010-04-06,34.65689468383789,34.67658059230855,34.428551361629154,34.45217505252352,679100
2010-04-07,34.70807647705078,34.73956972516341,34.605715160653034,34.60965294303507,859000
2010-04-08,34.76710891723633,34.78285703438473,34.6490025440926,34.684433554941855,736100
2010-04-09,34.81828689575195,34.86946601764496,34.74742187886001,34.76316999412998,679800
2010-04-12,34.826168060302734,34.90490865611661,34.81829550254465,34.86160207933063,443300
2010-04-13,34.920654296875,34.967898655073924,34.89703361959886,34.89703361959886,1162900
2010-04-14,35.0151481628418,35.046641402626044,34.9600312386605,34.99940004112612,857700
2010-04-15,35.10963821411133,35.22380985787768,35.00727691217469,35.04664571948956,1251000
2010-04-16,34.826168060302734,35.17655545164631,34.684437991484366,35.097817859479036,1334100
2010-04-19,34.75925827026367,34.83799590199012,34.66477251146231,34.747447925869515,757200
2010-04-20,35.13324737548828,35.562375344331954,34.84585247306088,34.90490716648937,1299400
2010-04-21,35.137184143066406,35.20017661521321,35.0741916709196,35.17261515591419,553100
2010-04-22,35.034812927246094,35.125363829327725,34.95213758376923,35.125363829327725,250700
2010-04-23,35.263179779052734,35.274990121255506,34.987595115496255,35.03877426625744,676000
2010-04-26,35.263179779052734,35.31435892981392,35.19625250413867,35.19625250413867,440100
2010-04-27,34.81828689575195,35.32615234953653,34.79072844494097,35.26315988845664,1220700
2010-04-28,34.841888427734375,35.007239041771044,34.841888427734375,34.959997725557265,988000
2010-04-29,35.08204650878906,35.12929083499193,34.99543341257278,35.003308968762234,812200
2010-04-30,35.19623947143555,35.243480822753774,35.023013173544854,35.023013173544854,809800
2010-05-03,35.19228744506836,35.327107150457856,35.19228744506836,35.212115296004605,639000
2010-05-04,34.8314208984375,35.14468200438104,34.81952540490732,35.11692484437609,786100
2010-05-05,34.35558319091797,34.637120965432196,34.1414552303078,34.59746831168296,2567500
2010-05-06,33.5030403137207,34.30403790261006,31.310215402820138,34.21283406861232,6587300
2010-05-07,33.49909210205078,33.752872850715136,32.717922006038116,33.487193576855915,2584000
2010-05-10,34.12559127807617,34.65694648369815,33.9471528355043,34.45471403022757,1670100
2010-05-11,34.08597183227539,34.450781418203825,33.93529040121094,33.97097691436846,1524400
2010-05-12,34.502296447753906,34.51022576725854,34.27230685317882,34.30006400939973,1031200
2010-05-13,34.288185119628906,34.59748016022169,34.288185119628906,34.534033472251586,1151600
2010-05-14,34.08990478515625,34.28420489314335,33.848019680695366,34.18507175280047,1050700
2010-05-17,34.04627990722656,34.1771363552829,33.75284671107527,34.08196637925857,1120800
2010-05-18,33.974910736083984,34.2842056567945,33.86784827326243,34.22869133899022,1067400
2010-05-19,33.77666091918945,33.963031802101156,33.41185150280756,33.86786478593738,1565100
2010-05-20,32.76946258544922,33.26512846800418,32.25000570862905,33.26512846800418,3092800
2010-05-21,33.42770767211914,33.46736033688269,32.289657739048316,32.31344873284557,1815000
2010-05-24,33.479248046875,33.78457682237307,33.30477273213113,33.3483915608171,1266200
2010-05-25,33.43960189819336,33.43960189819336,32.51964619424029,32.991518030011235,1507500
2010-05-26,33.03911590576172,33.72511904590139,32.98756772598689,33.562539130348895,1738300
2010-05-27,33.49509811401367,33.65767485301784,33.36424167327443,33.36424167327443,828500
2010-05-28,33.55062484741211,33.641825654828565,33.43563002585347,33.62200083923114,1253900
2010-06-01,33.39200210571289,33.70366563300554,33.31208947508914,33.40798524153193,770300
2010-06-02,33.56380081176758,33.61974023590959,33.4439288751947,33.53583109969657,1414500
2010-06-03,33.575775146484375,33.7236167411921,33.44791321673972,33.651694215181436,877200
2010-06-04,33.38801193237305,33.62375942011143,33.296112694462174,33.36803529513991,1439000
2010-06-07,33.15626907348633,33.67171090004341,33.15626907348633,33.35205721953753,992900
2010-06-08,33.208213806152344,33.3720356785393,32.98445591275644,33.3720356785393,1085200
2010-06-09,33.28013229370117,33.344061805967804,33.16825336088034,33.28412884086542,1081900
2010-06-10,33.61977005004883,33.61977005004883,33.3121029444274,33.40799874964448,588200
2010-06-11,33.66769790649414,33.67568794827951,33.399984255387956,33.43994360972699,468300
2010-06-14,33.7116584777832,33.84351401249772,33.663709070677925,33.70366538569661,843100
2010-06-15,34.03931427001953,34.13521006148407,33.78758362577578,33.82354645287014,1387200
2010-06-16,34.06726837158203,34.091241546330345,33.88346691874636,33.95938298827295,1877200
2010-06-17,34.32301712036133,34.33900026452998,34.107249246794154,34.1631887271479,1097000
2010-06-18,34.470848083496094,34.49482431857031,34.33499596145577,34.35497564927222,734300
2010-06-21,34.594703674316406,34.690599433198194,34.55075081639742,34.670619752881855,1094400
2010-06-22,34.34699249267578,34.60271671866106,34.211140331328146,34.56276037993959,1011000
2010-06-23,34.32301712036133,34.3989332445711,34.07927950661728,34.37496005255465,882300
2010-06-24,34.08725357055664,34.27105506959987,34.04330070682113,34.25107843511111,613600
2010-06-25,34.24308395385742,34.25906708988322,34.063279008392335,34.21511422793015,536500
2010-06-28,34.31901931762695,34.442884869814606,34.23111355214942,34.291049578472546,682200
2010-06-29,33.97537612915039,34.19514045731597,33.77559148480778,34.19114391085703,1354400
2010-06-30,33.92344284057617,34.01134859677459,33.76761101766901,33.90346315108649,1111300
2010-07-01,34.08563995361328,34.10174123844519,33.594561514761246,33.99708442254081,2044000
2010-07-02,34.09370040893555,34.274837620333216,34.01319702898575,34.03734742876927,880400
2010-07-06,34.3633918762207,34.37949316580077,34.15810427283359,34.29898671790044,1176600
2010-07-07,34.77798843383789,34.81019101145326,34.294958982627726,34.36741324675891,1173900
2010-07-08,34.9389762878418,34.95507449552313,34.66526069218571,34.88262334794245,1525200
2010-07-09,34.85848617553711,34.93899260656987,34.80615929862057,34.93899260656987,778800
2010-07-12,34.83031463623047,34.9067949888156,34.560624963755316,34.90276889894091,786500
2010-07-13,35.100013732910156,35.16039281321485,34.826297897068784,34.918879563003664,1464900
2010-07-14,35.06782150268555,35.12417450374039,34.971213725727324,35.039645002158124,640400
2010-07-15,35.12013626098633,35.140263641974286,34.987302916882996,35.00340420747193,565900
2010-07-16,34.90678405761719,35.10401940561685,34.810179427924304,35.095970299394864,1215300
2010-07-19,35.02351760864258,35.10804704723874,34.91081169051435,35.01144241327255,556000
2010-07-20,35.3052864074707,35.486423571579394,34.96314252549601,35.01949549095037,2442800
2010-07-21,35.28919219970703,35.59913664288023,35.16843713708676,35.45422811093038,1376100
2010-07-22,35.60314178466797,35.60716787270245,35.40188037701918,35.40188037701918,809300
2010-07-23,35.76414489746094,35.76414489746094,35.43810246021122,35.5789848052571,985400
2010-07-26,35.780242919921875,35.80841938636724,35.611184121249686,35.744017350636916,887200
2010-07-27,35.73196029663086,35.864793604854064,35.61523134565374,35.82051583544633,887100
2010-07-28,35.65549850463867,35.80443009274999,35.63134502929028,35.77625359734993,603100
2010-07-29,35.76414489746094,35.79634745375851,35.65546510871263,35.77622008832133,628800
2010-07-30,35.67158508300781,35.77221582092658,35.562902166291956,35.663532904210726,1038700
2010-08-02,35.85758972167969,35.88595794322602,35.744113743590106,35.82111452717483,1021600
2010-08-03,35.85758972167969,35.91837655934736,35.69953466803098,35.73195637605657,1705900
2010-08-04,35.837310791015625,35.90215108876462,35.78057437102163,35.898100695838615,1844200
2010-08-05,35.82114028930664,35.82924726809561,35.72387818718438,35.8008759342407,708100
2010-08-06,35.81302261352539,35.821126497287686,35.61039150850989,35.80086215002402,830300
2010-08-09,35.7481689453125,35.90216742796674,35.69953638094066,35.90216742796674,1266200
2010-08-10,35.73601150512695,35.78464406940072,35.642799863244996,35.75627584655046,1271500
2010-08-11,35.26996994018555,35.541494881126965,35.217286965525446,35.496915790297145,1558600
2010-08-12,35.14838409423828,35.31453995123357,34.93359257914486,35.115962383442536,1261600
2010-08-13,35.302391052246094,35.39154923237255,35.115970808302265,35.24565459069385,776300
2010-08-16,35.346961975097656,35.44827750330332,35.24969993375349,35.25375032871044,1087600
2010-08-17,35.48069763183594,35.57390618216121,35.448275922199144,35.48069763183594,860800
2010-08-18,35.54149627685547,35.565814113111905,35.4604450677485,35.50097067230198,717000
2010-08-19,35.46855545043945,35.586081889511526,35.37129336330966,35.541502788763296,882800
2010-08-20,35.55364990234375,35.5698576675233,35.44422739000032,35.46854212967449,557700
2010-08-23,35.55364990234375,35.58606852460769,35.48880647400618,35.58201812926522,633300
2010-08-24,35.367218017578125,35.48879787028344,35.35911413695301,35.464483136504015,1000800
2010-08-25,35.31861114501953,35.38750499607198,35.172716465199,35.33887240549645,788400
2010-08-26,35.26996994018555,35.43612893180676,35.17676136256342,35.346970750147115,1012400
2010-08-27,35.265899658203125,35.432058570697144,35.22132368050632,35.33884694555838,1302000
2010-08-30,35.33073806762695,35.43205355840451,35.26994815477974,35.26994815477974,620800
2010-08-31,35.31861114501953,35.41181974540672,35.29834679263654,35.33887240549645,1154800
2010-09-01,35.700260162353516,35.700260162353516,35.467592227175146,35.475757762719276,1697900
2010-09-02,35.75741958618164,35.76150235545311,35.65128938480677,35.72476366049084,603900
2010-09-03,35.86357498168945,35.86357498168945,35.70846389705345,35.81051140084514,999600
2010-09-07,35.81047058105469,35.8145502343013,35.65535655898804,35.790059857865145,883500
2010-09-08,35.81863021850586,35.86353131464252,35.78189465670615,35.81046779840777,835500
2010-09-09,35.96150588989258,35.97375108055159,35.85129605972174,35.97375108055159,789300
2010-09-10,36.055381774902344,36.07170972973973,35.92884090347231,36.01456344492835,957600
2010-09-13,36.24315643310547,36.25540162332563,36.10437034405118,36.157436987324715,1103500
2010-09-14,36.2349853515625,36.23906811909095,36.13293796302519,36.23906811909095,658700
2010-09-15,36.20234298706055,36.222750602105705,36.1125407609897,36.1125407609897,570800
2010-09-16,36.26356887817383,36.28806237611798,36.186014958364126,36.2227505339203,751400
2010-09-17,36.32887649536133,36.34928722223437,36.28805815585493,36.34928722223437,922800
2010-09-20,36.38601303100586,36.41866893954514,36.3492774695783,36.36968507673622,631900
2010-09-21,36.324790954589844,36.422758699015276,36.27581019661657,36.422758699015276,810900
2010-09-22,36.17782974243164,36.369679281732815,36.1737500901934,36.369679281732815,832700
2010-09-23,36.08395004272461,36.13293078638101,36.022720998915574,36.12476836718445,758800
2010-09-24,36.22682189941406,36.28396818622895,36.13701970177952,36.13701970177952,917200
2010-09-27,36.288055419921875,36.36152967118969,36.26356192667297,36.3003006094266,615900
2010-09-28,36.34111785888672,36.394184497472565,36.24723599933219,36.394184497472565,1038800
2010-09-29,36.426841735839844,36.49623633981276,36.37377820502736,36.41051377691914,826600
2010-09-30,36.610530853271484,36.63093846731017,36.42276398722011,36.52481140013324,2290800
2010-10-01,36.658592224121094,36.703789124637915,36.564088759016336,36.65448256004996,837800
2010-10-04,36.53124237060547,36.68326554848413,36.52302303762135,36.68326554848413,2490600
2010-10-05,36.662715911865234,36.6996934983839,36.592864134958184,36.67093210839503,993500
2010-10-06,36.62982940673828,36.703787683338376,36.58874217190603,36.65859078459637,1990200
2010-10-07,36.70380401611328,36.77365265988548,36.62162637512557,36.712020212833814,1371700
2010-10-08,36.82706069946289,36.847605890567124,36.71612481786574,36.757212065318164,1524800
2010-10-11,36.905128479003906,36.93388986555207,36.82706051490631,36.83938951036068,644900
2010-10-12,36.872249603271484,36.95853374460709,36.84348822282629,36.88457546135438,855200
2010-10-13,36.99549865722656,37.08178276172047,36.90510489020799,36.95030177371727,880300
2010-10-14,36.8188362121582,37.03249173164854,36.7941844961896,37.02838520215733,994400
2010-10-15,36.91334533691406,36.97908744149297,36.87225808893029,36.89280328030022,524200
2010-10-18,36.86403274536133,37.02016550285749,36.86403274536133,36.958533078797984,516300
2010-10-19,36.85991668701172,36.95852666754774,36.84759083128906,36.89278772544198,601800
2010-10-20,36.974979400634766,36.98730526209579,36.83117245899585,36.90513076251818,965600
2010-10-21,36.91746520996094,37.0284042584239,36.91746520996094,37.016075259339274,521000
2010-10-22,37.085906982421875,37.09412317594248,36.98318732226042,37.00783903757749,418000
2010-10-25,37.2297248840332,37.29546385589488,37.16398277741535,37.17220210812067,1051500
2010-10-26,37.2872428894043,37.29545908430226,37.20506840140159,37.221500791197506,568100
2010-10-27,37.246150970458984,37.307783396103126,37.196844402992596,37.26669302250344,910700
2010-10-28,37.26670455932617,37.34888219721026,37.20507524935855,37.344772531626965,1078600
2010-10-29,37.283138275146484,37.34888038225905,37.250270356346405,37.31189966331918,898000
2010-11-01,37.213233947753906,37.39108991904436,37.204959815699404,37.34972872574219,921400
2010-11-02,37.39522933959961,37.39936325023037,37.25459748672943,37.30836672584207,859800
2010-11-03,37.51930236816406,37.55652964296275,37.366262515158056,37.411760764547516,1301600
2010-11-04,38.00737762451172,38.04046783915689,37.66407374779534,37.66821081354013,1495800
2010-11-05,37.96601486206055,38.00737605082618,37.85433618117127,37.96187779648706,1281500
2010-11-08,37.854347229003906,37.96602594248674,37.825394072852305,37.928798652773345,1178800
2010-11-09,37.74681854248047,37.92467459236804,37.68063807942548,37.92467459236804,705400
2010-11-10,37.436588287353516,37.742664905468764,37.42418024489242,37.742664905468764,1250800
2010-11-11,37.28766632080078,37.444840037366966,37.14703454858458,37.40761592909675,1051000
2010-11-12,37.15119552612305,37.32905152109249,37.15119552612305,37.28355325570562,1088500
2010-11-15,37.08087921142578,37.30836737067141,37.056059968927386,37.29595932725073,1071300
2010-11-16,36.67138671875,37.10154681806634,36.6010692349034,37.05191465965233,1674100
2010-11-17,36.857540130615234,36.96508181061211,36.81204184891111,36.91544646084625,1827000
2010-11-18,37.324913024902344,37.324913024902344,37.05192659869419,37.15119410316469,1197000
2010-11-19,37.3125,37.3125,37.15946011947729,37.22564055072711,592000
2010-11-22,37.05192565917969,37.20496240059598,37.03538054957795,37.12637707455899,424600
2010-11-23,36.54316329956055,36.9691894935646,36.53075525983711,36.9691894935646,1975700
2010-11-24,36.762386322021484,36.82029262047049,36.63416568340678,36.63416568340678,690700
2010-11-26,36.63003921508789,36.75826304645575,36.60936019146291,36.71689868789079,365000
2010-11-29,36.725162506103516,36.82029293050364,36.59694186640917,36.60934990823034,598300
2010-11-30,36.80787658691406,36.861648963553336,36.57211437851637,36.64242870341521,1459300
2010-12-01,37.14848709106445,37.16097766773124,36.96944807999717,37.048559301083024,1710800
2010-12-02,37.16927719116211,37.19009692187882,37.05685890456864,37.165115786334695,775600
2010-12-03,37.23176574707031,37.24425632575909,37.12351194733581,37.14016393448905,1621000
2010-12-06,37.210941314697266,37.23175788256555,37.15264984203083,37.23175788256555,776300
2010-12-07,37.402462005615234,37.435772318265904,37.335841380313894,37.39829742237234,946300
2010-12-08,37.281742095947266,37.47327177046514,37.22761518031676,37.36085335287913,1216200
2010-12-09,37.202598571777344,37.33583662877725,37.198433989064455,37.33583662877725,457200
2010-12-10,37.2192497253418,37.3108514753042,37.185939420510834,37.265050600323,613100
2010-12-13,37.03190231323242,37.2942139402368,36.981936832382864,37.22343189151852,1176600
2010-12-14,37.215084075927734,37.223413240219394,37.006899441672196,37.223413240219394,1366900
2010-12-15,37.06936264038086,37.22342044313324,37.019400351544654,37.22342044313324,566500
2010-12-16,37.20677185058594,37.20677185058594,36.96527682312872,37.01524229742398,498600
2010-12-17,37.26089859008789,37.27755374812291,37.15264482783011,37.2026071252886,989700
2010-12-20,37.327518463134766,37.327518463134766,37.265062415935176,37.31918929596334,587700
2010-12-21,37.40662384033203,37.42744358013855,37.331680400979685,37.39413326710664,785400
2010-12-22,37.5107307434082,37.53155049129454,37.37749261621921,37.410802942178336,803000
2010-12-23,37.548187255859375,37.57733298263048,37.523206111954416,37.5356966839069,560500
2010-12-27,37.57734298706055,37.62314388084411,37.52321610197398,37.60648872159129,590800
2010-12-28,37.601219177246094,37.672456647112405,37.52159894793317,37.659885705028465,575100
2010-12-29,37.72691345214844,37.739484388120324,37.597009517659735,37.647293261547276,535700
2010-12-30,37.76883316040039,37.773024539808446,37.69759569589214,37.773024539808446,335400
2010-12-31,37.83588790893555,37.844267471876556,37.735317168212404,37.76883861706265,715700
2011-01-03,37.86524200439453,38.011908414689415,37.827525957697006,37.83590872233555,1448800
2011-01-04,38.03704833984375,38.04123972194544,37.91552703268496,37.94904849823508,1077800
2011-01-05,38.13343048095703,38.137621863007645,37.97838131596199,37.982572698012596,2537800
2011-01-06,38.17952346801758,38.183714849780095,38.00352379904216,38.15019018985501,2046600
2011-01-07,38.0328369140625,38.18369460666053,38.007691833905604,38.18369460666053,917900
2011-01-10,38.00347137451172,38.020233681351215,37.953184453993224,37.96994676083272,517400
2011-01-11,38.150177001953125,38.1711275093484,38.07055676142635,38.09570184622169,493300
2011-01-12,38.22980499267578,38.27170921304786,38.1543761171712,38.1543761171712,609600
2011-01-13,38.221397399902344,38.32196810287722,38.2046350832257,38.23396833813858,1563900
2011-01-14,38.28426742553711,38.30102974752796,38.23398045956455,38.28007604576789,912500
2011-01-18,38.280067443847656,38.34292533791704,38.238163246829835,38.34292533791704,1186800
2011-01-19,38.162757873535156,38.296853304677185,38.15856649213118,38.2465663190912,1073200
2011-01-20,38.08731460571289,38.18788534180567,38.0328394563889,38.16274345705399,766000
2011-01-21,38.24238586425781,38.27590733100317,38.12505273792928,38.12505273792928,681100
2011-01-24,38.296871185302734,38.32201309129073,38.25496694295982,38.25496694295982,697300
2011-01-25,38.35551452636719,38.35551452636719,38.27170609245658,38.313610309411885,686400
2011-01-26,38.43511199951172,38.43511199951172,38.3554917965196,38.40158736697978,985500
2011-01-27,38.48539733886719,38.48958871737782,38.42254264663301,38.456064083462884,679400
2011-01-28,38.25492858886719,38.506356987933266,38.246545830549834,38.50216560877459,2015100
2011-01-31,38.46027755737305,38.46027755737305,38.28427792383558,38.35551541401691,1183200
2011-02-01,38.5357551574707,38.56949311168466,38.46827281357227,38.51044766964116,944600
2011-02-02,38.57795715332031,38.594827751163464,38.53578226758118,38.586390843373124,550400
2011-02-03,38.57795715332031,38.61591358516427,38.49360416410453,38.58217560721548,1240800
2011-02-04,38.746639251708984,38.755072937264394,38.59902240373495,38.67493844467687,1667600
2011-02-07,38.81834030151367,38.82255875353534,38.71290152512464,38.80568816318476,2260600
2011-02-08,38.860496520996094,38.86893342099091,38.801451091970556,38.852062838735826,2632400
2011-02-09,38.64120101928711,38.86051224185562,38.64120101928711,38.86051224185562,936900
2011-02-10,38.68337631225586,38.763510806840955,38.59058968015436,38.632764544454346,801800
2011-02-11,38.78036880493164,38.78036880493164,38.64540734115113,38.74663085228784,586700
2011-02-14,38.80989074707031,38.80989074707031,38.74241162539947,38.74241162539947,660000
2011-02-15,38.733985900878906,38.82677253546826,38.70446317330375,38.82677253546826,1109100
2011-02-16,38.746639251708984,38.83942266376172,38.746639251708984,38.805684703804275,1378100
2011-02-17,38.83518981933594,38.843623501066936,38.784578075746865,38.80144865694322,658800
2011-02-18,38.95330047607422,38.957518927951796,38.847861703286604,38.8773844309577,870300
2011-02-22,38.63277816772461,38.90270125571192,38.62855971448627,38.881615424994266,1305600
2011-02-23,38.67074203491211,38.72978751574956,38.62856393339618,38.64543453045508,1062700
2011-02-24,38.70024108886719,38.76350498468307,38.67915205101676,38.73819749571547,857300
2011-02-25,38.81834030151367,38.83521089186425,38.708683073102975,38.721335211431885,1907800
2011-02-28,39.01236343383789,39.025015577410876,38.79305210385214,38.860531275487205,4044100
2011-03-01,38.9525146484375,39.037398951594696,38.91007411586144,39.03315392693557,1692100
2011-03-02,38.986446380615234,38.9949331871417,38.91853897639053,38.93976084971156,1271400
2011-03-03,39.12651443481445,39.13924626733536,39.00767968061372,39.00767968061372,1615300
2011-03-04,39.045875549316406,39.13500161581412,39.016166860483835,39.12651480672091,1057200
2011-03-07,39.054344177246094,39.10527472210808,39.01190367552913,39.10102970053557,1086800
2011-03-08,39.0203971862793,39.07132449766429,39.00766535843305,39.045860841971795,971400
2011-03-09,38.910064697265625,39.05012133506899,38.897332864375194,39.0288994549154,1241700
2011-03-10,38.70634841918945,38.96099804718776,38.693616585390444,38.93553114158521,1098400
2011-03-11,38.6978645324707,38.770013754784756,38.64693395542296,38.66815583869405,1023500
2011-03-14,38.54082107543945,38.73180826160951,38.5196024356454,38.65965581989872,1643400
2011-03-15,38.34135437011719,38.405016777610214,37.98485006896351,38.154615409610074,1598300
2011-03-16,38.10371017456055,38.4602179507925,38.07824648983209,38.34986992029133,2882900
2011-03-17,38.51535415649414,38.51959917929566,38.29041651806848,38.29041651806848,1634200
2011-03-18,38.6978645324707,38.8209443318325,38.62995709640705,38.68088767345479,1300400
2011-03-21,38.93550491333008,38.95248175962743,38.79545159788103,38.82940205247339,943800
2011-03-22,38.956756591796875,38.97373345108552,38.846408625423074,38.88460736832374,2285400
2011-03-23,38.910064697265625,38.969482076090515,38.84640229480916,38.9143097208972,749400
2011-03-24,38.94401550292969,38.98221099874949,38.89732996048056,38.94401550292969,923100
2011-03-25,38.956756591796875,38.9864652860508,38.944024756831595,38.97797523740407,478500
2011-03-28,38.96947479248047,39.003428499178355,38.91430244759917,39.003428499178355,844000
2011-03-29,38.99069595336914,39.00767280640663,38.910056710941944,38.918543518458875,1010700
2011-03-30,39.05012893676758,39.0713475830474,38.93978096689576,39.0246620280249,1868800
2011-03-31,39.02888870239258,39.05859738362023,38.990693214244196,39.05859738362023,924100
2011-04-01,38.9819221496582,39.0886868370787,38.9819221496582,39.028898872779195,1322400
2011-04-04,39.22105407714844,39.229597072392885,39.01179630843201,39.05023327063594,3254100
2011-04-05,39.17837142944336,39.25097389802428,39.135666203231,39.135666203231,1338100
2011-04-06,39.2637939453125,39.28087669126838,39.22108545132248,39.25098270039575,835300
2011-04-07,39.302215576171875,39.319298316866785,39.25523885381077,39.25951035353441,1156700
2011-04-08,39.302215576171875,39.34065255728534,39.25097061228677,39.32783805811442,1168900
2011-04-11,39.2637939453125,39.36201566180801,39.25952244427337,39.32358192705776,1045900
2011-04-12,39.13993453979492,39.280864707284834,39.127123298786685,39.280864707284834,940100
2011-04-13,39.32785415649414,39.32785415649414,39.21682118382666,39.233903931514185,1128100
2011-04-14,39.16981506347656,39.29793068774028,39.13564959372683,39.28939094940211,1538700
2011-04-15,39.22105407714844,39.246679804683744,39.18689187076476,39.225325574770665,658300
2011-04-18,39.08438491821289,39.16125556365581,39.04167972812175,39.16125556365581,1736400
2011-04-19,39.22105407714844,39.229597072392885,39.12283243922356,39.13564367389219,1020800
2011-04-20,39.37055206298828,39.38763480608005,39.25097611954596,39.28940984785238,716400
2011-04-21,39.46451950073242,39.47305924620336,39.336400511259534,39.42608250061005,632000
2011-04-25,39.42177200317383,39.481559936932584,39.417503763761076,39.481559936932584,978700
2011-04-26,39.511478424072266,39.511478424072266,39.430339468302,39.48158443864111,575400
2011-04-27,39.53712463378906,39.53712463378906,39.4944193836668,39.49868762793782,738800
2011-04-28,39.55846405029297,39.57127855396018,39.52430181511608,39.53711306058251,697600
2011-04-29,39.65240478515625,39.65240478515625,39.57980557871002,39.61397106110815,799000
2011-05-02,39.6322135925293,39.713856384430535,39.6236175438458,39.666587951967294,848700
2011-05-03,39.64080047607422,39.71814851057943,39.57634323424796,39.71385048687594,977700
2011-05-04,39.62789535522461,39.696647317464354,39.584924969020975,39.696647317464354,959400
2011-05-05,39.464595794677734,39.62788782100823,39.44311224487562,39.62788782100823,1300000
2011-05-06,39.666561126708984,39.72672031308169,39.58062036858505,39.58062036858505,968900
2011-05-09,39.71816635131836,39.752543999525095,39.65800710617305,39.70097752721499,620500
2011-05-10,39.804107666015625,39.804107666015625,39.675196401359194,39.675196401359194,723600
2011-05-11,39.74393844604492,39.84707136600752,39.692375264495816,39.829882546013756,595200
2011-05-12,39.782623291015625,39.782623291015625,39.64511597776602,39.73535484473298,1129800
2011-05-13,39.619319915771484,39.791204828408624,39.619319915771484,39.791204828408624,1053400
2011-05-16,39.69667053222656,39.735346197328724,39.64510734999999,39.64510734999999,540400
2011-05-17,39.76543045043945,39.786914019395134,39.580654709570986,39.692380414811424,1674000
2011-05-18,39.81270980834961,39.81700783469228,39.71817289941184,39.7396597526917,813000
2011-05-19,39.795494079589844,39.82127566335047,39.7525236805117,39.82127566335047,715900
2011-05-20,39.76543045043945,39.7955100697235,39.70956923703554,39.7955100697235,538900
2011-05-23,39.57634735107422,39.6837750058157,39.567754581204916,39.64510262375605,1204800
2011-05-24,39.51189422607422,39.69237519648342,39.503301455308154,39.666590327320854,808100
2011-05-25,39.51189422607422,39.55486791520109,39.49041065994297,39.54627186600285,1407900
2011-05-26,39.47751998901367,39.53338119524963,39.47751998901367,39.52049039984381,787900
2011-05-27,39.59782409667969,39.64509251498791,39.49039646933028,39.511880027741554,1225700
2011-05-31,39.70526885986328,39.731050452455925,39.64510962485882,39.70526885986328,1848000
2011-06-01,39.47438430786133,39.729474575152146,39.4095297878023,39.67326908370788,2091600
2011-06-02,39.448429107666016,39.517608122017954,39.43113435407803,39.50031336842997,1177000
2011-06-03,39.29278564453125,39.37925942572086,39.2668451594931,39.3273751570071,1141100
2011-06-06,39.19767761230469,39.34900263766569,39.15876357799006,39.31873763259349,1660100
2011-06-07,39.16739273071289,39.31439647787044,39.145776764032234,39.301426238134695,995500
2011-06-08,38.981475830078125,39.1630657569461,38.97282680576845,39.15441673263642,1642600
2011-06-09,39.00741195678711,39.10253142177104,38.96417673596784,39.00308744511441,1480700
2011-06-10,38.75233459472656,39.063633591360585,38.67018863074173,39.0290440809263,3870000
2011-06-13,38.60533142089844,38.90798136941925,38.60533142089844,38.8042161440174,2015400
2011-06-14,38.84746170043945,38.92096195051625,38.82584572616635,38.89934597624315,1253000
2011-06-15,38.68313217163086,38.84742728483382,38.63989696274955,38.7306918909908,1319400
2011-06-16,37.9957160949707,38.78260951621264,37.887626321181216,38.65722828141838,7149900
2011-06-17,38.415077209472656,38.55775639953393,38.17728185800627,38.432371956628785,3486900
2011-06-20,38.68313217163086,38.726367380512166,38.45398259578845,38.458303807632085,1555600
2011-06-21,38.94258499145508,38.9469095061833,38.72208092125111,38.7480247109822,2212000
2011-06-22,38.661563873291016,38.929627799475725,38.65724265575207,38.869097767537134,1667400
2011-06-23,38.86906433105469,38.91229955972708,38.406440457123395,38.58803039672936,2999800
2011-06-24,38.68313217163086,38.93390100123142,38.62260221947004,38.93390100123142,1416400
2011-06-27,38.67451477050781,38.739369286171566,38.63560404029218,38.700458555955926,1137600
2011-06-28,38.83015823364258,38.83015823364258,38.748012272006484,38.7825984828146,1477500
2011-06-29,39.214962005615234,39.23658127618662,38.890692738869895,38.95554725194647,1752700
2011-06-30,39.478702545166016,39.60408706151739,39.21496326915754,39.21496326915754,2514300
2011-07-01,39.68844985961914,39.79288076936854,39.527449578914805,39.76677387188088,1749800
2011-07-05,39.74065399169922,39.74500292666058,39.557899129391444,39.62316635178873,2253200
2011-07-06,39.758060455322266,39.76240939036724,39.5622488249727,39.59270796927627,1969400
2011-07-07,39.91470718383789,39.91470718383789,39.73194900393228,39.84943664242857,2662100
2011-07-08,39.8059196472168,39.82332202452126,39.65797288175068,39.666677390200185,1771000
2011-07-11,39.41429901123047,39.65361987227733,39.40124556860211,39.60140610176387,1967100
2011-07-12,39.3055305480957,39.44912511012956,39.301178292331464,39.38820348882555,1407200
2011-07-13,39.61009979248047,39.62750548595598,39.39688585704946,39.42299273736444,1056800
2011-07-14,39.58833694458008,39.814604273181956,39.51436193272164,39.540472127411164,823300
2011-07-15,39.57529830932617,39.67102798749974,39.5491914224779,39.67102798749974,688800
2011-07-18,39.50568389892578,39.59706133439865,39.38384731829528,39.48827819886459,2103500
2011-07-19,39.684078216552734,39.697134978716704,39.47086424503463,39.50132338382293,894100
2011-07-20,39.71889114379883,39.775460489303285,39.68407974961106,39.775460489303285,878500
2011-07-21,39.91035079956055,39.932105431247585,39.74935059004947,39.79286317322083,936300
2011-07-22,39.962562561035156,39.971267069109906,39.83202481808807,39.85813170271806,670000
2011-07-25,39.74935531616211,39.91905673456568,39.74500306138831,39.836383812649636,1050600
2011-07-26,39.83203125,39.875543838008596,39.74065381924265,39.78851866199141,570200
2011-07-27,39.51873779296875,39.84943945829258,39.51873779296875,39.82332924800525,1158100
2011-07-28,39.57965087890625,39.67538055784211,39.52308485035208,39.56224518093632,689700
2011-07-29,39.61884689331055,39.6319003475018,39.34036213789676,39.37082130427639,1199100
2011-08-01,39.70682144165039,39.84253611705948,39.50982090058823,39.74622355386955,907000
2011-08-02,39.21649932861328,39.61925783316001,39.212120574865246,39.61487907941198,1286700
2011-08-03,39.194580078125,39.38282627073779,38.879376840260974,39.2296034023339,2361600
2011-08-04,38.06510925292969,39.115785773874926,38.047600927921515,38.96256287998905,3396500
2011-08-05,38.02571105957031,38.58169223682709,37.04070243324252,38.279625195959106,4671900
2011-08-08,36.405914306640625,37.58792312334638,36.042554828465185,36.716738797848315,6491600
2011-08-09,37.51788330078125,37.51788330078125,36.35776468588645,36.883101291121505,5124100
2011-08-10,36.88312530517578,37.338418884818424,36.72552355299137,37.2771296856368,3395000
2011-08-11,37.55292892456055,37.609842706253,36.62483348169407,36.62483348169407,2916900
2011-08-12,37.377811431884766,37.74117115227922,37.224588459432375,37.640483201814924,2273600
2011-08-15,37.986331939697266,38.0388669672609,37.50915129770082,37.636108442638296,3280700
2011-08-16,37.74557113647461,37.99072803029146,37.701793596866196,37.88128251126434,2712000
2011-08-17,38.16143035888672,38.16580911113195,37.91189492105795,37.925027837784306,1668900
2011-08-18,37.69740295410156,37.74993798907354,37.259621016035126,37.72804755616576,2342700
2011-08-19,37.369049072265625,37.90314332201602,37.25084613370929,37.32964697941032,1879400
2011-08-22,37.41281509399414,37.806819201561915,37.364658850846496,37.64921755853481,1681100
2011-08-23,37.693023681640625,37.75431288492696,37.08012830876617,37.334042630958756,2588800
2011-08-24,37.52227020263672,37.67549313411218,37.2946251815888,37.43033644375144,2550900
2011-08-25,37.22020721435547,37.850614075971,37.21145304794862,37.745547379038435,1678800
2011-08-26,37.59669876098633,37.67112420337361,36.905006074170856,37.23334241525775,1629000
2011-08-29,37.97758102416992,38.021358547550065,37.72804546689109,37.85500262270115,2082100
2011-08-30,38.04759216308594,38.069479234308425,37.863721392771694,37.91625637571974,1774500
2011-08-31,38.53791427612305,38.69113717035788,38.33653513798461,38.432847625791815,3213700
2011-09-01,38.512813568115234,38.60093214561373,38.433505503763286,38.54805898220968,1624000
2011-09-02,38.33218765258789,38.57892249742705,38.142729579154924,38.142729579154924,1814600
2011-09-06,37.87837219238281,38.02377095943374,37.68010022962873,37.78584662103503,3004100
2011-09-07,38.06340026855469,38.226423335380915,37.94003291485193,38.151518846482865,916900
2011-09-08,38.1823616027832,38.26607323800503,38.063397832534626,38.13829895513081,1533100
2011-09-09,37.83869552612305,38.2440497459529,37.72854561713299,38.13389983696284,1978400
2011-09-12,37.51264572143555,37.653637444115404,37.36724706199787,37.58754683877939,2110000
2011-09-13,37.799041748046875,37.89156726473092,37.51265132316294,37.600769902431075,2331900
2011-09-14,38.05018615722656,38.138304742887854,37.74176774590347,37.92241185496169,1648300
2011-09-15,38.305747985839844,38.31455850284415,38.05460623234544,38.138317909170425,1534000
2011-09-16,38.283687591552734,38.398244394711945,38.155913342165,38.398244394711945,1217200
2011-09-19,38.226417541503906,38.30131865754112,38.0589875627057,38.21760366814202,1251000
2011-09-20,38.28810119628906,38.36740924898088,38.14270253943611,38.29691170814026,1509100
2011-09-21,37.95766067504883,38.36741848568508,37.95325373730841,38.28811041390037,2524900
2011-09-22,37.44215393066406,37.680074746646945,37.35403199742222,37.525865565358764,2295700
2011-09-23,37.54349899291992,37.7241464784367,37.31879221092625,37.33201302522728,2251300
2011-09-26,37.68447494506836,38.058983850230604,37.455364682624406,37.62279128358316,2451400
2011-09-27,37.728546142578125,37.90919360936176,37.671269399248644,37.90919360936176,3481300
2011-09-28,37.30558776855469,37.7153457555608,37.235093541908384,37.70653523779627,2696800
2011-09-29,37.235069274902344,37.57432945264796,37.16897866945615,37.45096211528592,1643100
2011-09-30,36.49488067626953,37.00157109685024,36.45082137046024,37.00157109685024,2510700
2011-10-03,36.05492401123047,36.56935903266874,36.05492401123047,36.329879435565424,2560600
2011-10-04,35.94407653808594,36.00172775401017,34.547113038047875,35.74894414036411,4870500
2011-10-05,36.38309860229492,36.41414206609915,35.802140901037006,36.1125755390793,2563800
2011-10-06,36.94634246826172,36.95077821860879,36.32103700877069,36.493994053958815,2317200
2011-10-07,36.97738265991211,37.16364693954972,36.662512083040546,37.15477543964582,2686900
2011-10-10,37.771202087402344,37.775637836104806,37.194679945023275,37.42085237657546,2014300
2011-10-11,37.3543701171875,37.70915254515892,37.33219473516318,37.70915254515892,2278800
2011-10-12,38.223541259765625,38.263452834625234,37.43857978602201,37.59379710517126,4223000
2011-10-13,38.06392288208008,38.14818185584364,37.74461645827512,38.0683552498924,3361300
2011-10-14,38.32999038696289,38.343294250413194,38.13929378270994,38.27677154967657,2760400
2011-10-17,38.108245849609375,38.17033279410572,38.01955118132452,38.14815743529215,1904100
2011-10-18,38.31224822998047,38.396510537549496,37.886507710421235,38.103812027142276,2890000
2011-10-19,38.18806838989258,38.6803315291386,38.16589303341022,38.383200699787395,3574500
2011-10-20,38.525123596191406,38.52955596178325,38.22798931076371,38.31668737487839,1759800
2011-10-21,38.99078369140625,38.999655191368404,38.693652728905704,38.782347427612,2405600
2011-10-24,40.04625701904297,40.12608357763615,38.95972867244219,39.02625136851732,5630300
2011-10-25,39.336700439453125,39.83783533347406,39.3189642052894,39.65157442337999,4506500
2011-10-26,39.50520324707031,39.69146405405873,39.22580865310345,39.69146405405873,2839500
2011-10-27,40.086185455322266,40.54296963902012,39.913228402921845,40.24140288908082,5132100
2011-10-28,39.9664421081543,40.00191795737979,39.84226479366457,39.98418172450997,2820700
2011-10-31,39.593910217285156,39.76686721806546,39.5584309905904,39.76243485234258,2972600
2011-11-01,38.88727569580078,39.31108079731325,38.69991094955112,39.047875022168384,3132800
2011-11-02,39.257545471191406,39.337845132160346,39.01664648828459,39.092484111550384,1812500
2011-11-03,39.645668029785156,39.699198877474856,39.311086617571995,39.565368354712476,1409900
2011-11-04,39.605499267578125,39.6411887528767,39.28876274351072,39.42705524462189,3759500
2011-11-07,39.471683502197266,39.609976054808335,39.26647058707786,39.583210632635335,1756000
2011-11-08,39.56089782714844,39.62335273841011,39.404760548994254,39.59212528277928,1823800
2011-11-09,38.72221755981445,39.244163666377034,38.72221755981445,39.128174508183925,2151500
2011-11-10,38.762351989746094,39.12816067918714,38.75343132082449,39.0657057861267,2487700
2011-11-11,39.27538299560547,39.30661044670959,38.958646447681666,38.98987389878579,1270200
2011-11-14,39.01218795776367,39.20401475379366,38.81144048906296,39.20401475379366,1603100
2011-11-15,38.90957260131836,38.98987224411215,38.76681805896681,38.94972072094687,1450000
2011-11-16,38.53038024902344,38.86496151876771,38.52145617584972,38.79804458411152,1788500
2011-11-17,38.3430290222168,38.70883790195169,38.15566424556828,38.592852127952995,2131700
2011-11-18,38.31626892089844,38.503633723575724,38.27165873981413,38.49025100960429,2226100
2011-11-21,37.88349914550781,38.32960724680734,37.8388890160848,38.2716144189109,3219000
2011-11-22,37.59353256225586,37.981647880705616,37.557846496696364,37.87458287695693,4123400
2011-11-23,36.915489196777344,37.562345349988156,36.86195493581018,37.47758702454692,4483000
2011-11-25,36.915489196777344,37.3348323988399,36.81734475344026,37.02255431517292,1476200
2011-11-28,37.74076843261719,37.88352297870106,37.482024754234914,37.70954098202187,2455000
2011-11-29,37.98615646362305,37.98615646362305,37.74971939732679,37.88354996512542,2010300
2011-11-30,38.63298034667969,38.66866982960453,38.396543478491296,38.49914989101613,2944100
2011-12-01,38.803165435791016,38.84356972568405,38.53828030945175,38.6101147251551,2442000
2011-12-02,39.023136138916016,39.059053331856376,38.803149326347395,38.91987849077754,2664700
2011-12-05,39.243106842041016,39.34636443877923,39.11290965138168,39.2565749263764,2719200
2011-12-06,39.418216705322266,39.445152886236116,39.117414509026055,39.22516608318525,2355600
2011-12-07,39.292503356933594,39.364337733895404,39.144350948640195,39.319442960920085,1740600
2011-12-08,39.03660583496094,39.29250985099151,39.03211875459794,39.23414697900285,1994200
2011-12-09,39.37330627441406,39.39575536837102,39.05903951052169,39.10393427318477,1355900
2011-12-12,39.16231155395508,39.22965200425033,39.08149958834897,39.22965200425033,1772000
2011-12-13,39.01416015625,39.37781233026909,39.000692064657024,39.288022769481124,1742400
2011-12-14,38.94679260253906,39.05005361741377,38.82108592373515,39.02760452823445,1317700
2011-12-15,39.085994720458984,39.21619199327193,39.0276318430956,39.211701487243204,1562200
2011-12-16,39.270050048828125,39.288008639577356,39.0590408890883,39.1712795123328,1383900
2011-12-19,39.220706939697266,39.48558873116054,39.21621643087028,39.30151897230981,2268000
2011-12-20,39.71002197265625,39.741448648919175,39.44514047633315,39.48105765641959,1957100
2011-12-21,39.822269439697266,39.822269439697266,39.552897379698216,39.602282656977394,1792300
2011-12-22,39.974910736083984,40.02878651139145,39.71451629330795,39.7908377393885,1885800
2011-12-23,40.15898895263672,40.185928558715375,39.89859787905691,39.95247024071044,1255200
2011-12-27,40.31932830810547,40.33288088219386,40.10705288945115,40.21093183643024,2282000
2011-12-28,40.12961959838867,40.418679052422014,40.08897222791234,40.38254920506322,1899200
2011-12-29,40.36903762817383,40.3961393485388,40.1341778754827,40.2425744193506,1558600
2011-12-30,40.39157485961914,40.490939678415,40.31479420722597,40.364476616623904,1553400
2012-01-03,40.52255630493164,40.644501846861445,40.40060731714178,40.56772119283675,3118800
2012-01-04,40.454833984375,40.51806555840021,40.247072606026116,40.51354803286631,3010000
2012-01-05,40.2786750793457,40.4593381364996,40.19285935187883,40.4412714861981,2579700
2012-01-06,40.15221405029297,40.37352449767843,40.084464969622736,40.37352449767843,1916400
2012-01-09,40.20641326904297,40.3012640558934,40.15673428212069,40.15673428212069,2157800
2012-01-10,40.34642028808594,40.4141693587555,40.28770281877057,40.37803606161695,2318000
2012-01-11,40.3057746887207,40.34642551473287,40.215444880033495,40.319323815437656,1191100
2012-01-12,40.25157928466797,40.39610905004413,40.21544598185857,40.30577579302064,1558100
2012-01-13,40.20641326904297,40.256095701826865,39.99413785589368,40.228997446076235,1929400
2012-01-17,40.2877082824707,40.36900648912743,40.2244767268334,40.36900648912743,4144200
2012-01-18,40.40058898925781,40.405106509756955,40.17476120631985,40.29219261828798,2725800
2012-01-19,40.4593620300293,40.58130768425376,40.405162047116626,40.5225936204958,2953000
2012-01-20,40.4593620300293,40.53162522804962,40.44129536905841,40.47291116429166,2037500
2012-01-23,40.59935760498047,40.658071644529,40.49547865455908,40.54515764441595,1680100
2012-01-24,40.7032356262207,40.725816356299106,40.52257255628627,40.59935324110344,2863800
2012-01-25,41.060054779052734,41.100702171142146,40.61291279089525,40.784544302016755,3882800
2012-01-26,41.159400939941406,41.31748326168191,41.06455361441373,41.2361850618209,6487500
2012-01-27,41.01034927368164,41.18197724242551,41.01034927368164,41.10519658108171,2431100
2012-01-30,40.87940216064453,40.978767072418805,40.80713551722207,40.85681797310921,2553000
2012-01-31,40.9832763671875,41.04199386957699,40.888428993169256,40.98779389333965,2864400
2012-02-01,41.05911636352539,41.20445822728984,41.00461186515496,41.00461186515496,4284200
2012-02-02,41.086360931396484,41.15903358536846,41.06365332594739,41.145404863831565,2079600
2012-02-03,41.20444869995117,41.440627874500024,41.14086186583331,41.43154552615,2312900
2012-02-06,41.213523864746094,41.22260967673502,41.10451837743273,41.16810520046735,2270500
2012-02-07,41.295284271240234,41.327077686934054,41.181735863016264,41.23624034644384,2467000
2012-02-08,41.33163833618164,41.37251411738248,41.24534040001466,41.34980650512331,3336000
2012-02-09,41.349788665771484,41.37249626823401,41.181735774481226,41.35887101371201,3258700
2012-02-10,40.9909782409668,41.1590311443933,40.9909782409668,41.14086298197779,2909600
2012-02-13,41.109073638916016,41.20445390213485,41.02731863255372,41.10453073155616,2193100
2012-02-14,41.109073638916016,41.172660481061904,41.054569146266815,41.08636256733976,3000100
2012-02-15,40.97737503051758,41.22717960137006,40.96828921181049,41.1181740334567,1986600
2012-02-16,41.149959564208984,41.15904538117083,40.87290105567844,40.97736715939646,2514100
2012-02-17,41.136348724365234,41.268065394694425,41.081844199159164,41.25897957454754,2402700
2012-02-21,41.290733337402344,41.372484841956144,41.17264205545554,41.1862673062145,2265100
2012-02-22,41.422462463378906,41.44517353359602,41.31799985691488,41.345250368997185,3570600
2012-02-23,41.57236862182617,41.66774892846197,41.42248379773081,41.449737789072884,3212300
2012-02-24,41.69951248168945,41.71768064115648,41.549631230225195,41.58142464298696,1795500
2012-02-27,41.7086181640625,41.76311920320582,41.59960915532836,41.59960915532836,1608100
2012-02-28,41.790348052978516,41.84030961895941,41.71767542419842,41.740386486997615,2813200
2012-02-29,41.84486770629883,41.90391510980084,41.681357683901766,41.831242448636274,3085800
2012-03-01,41.91659927368164,41.95771470072753,41.80238510672338,41.87091430400629,3802800
2012-03-02,41.74296569824219,41.90743426207632,41.729257079974914,41.90743426207632,1709000
2012-03-05,41.50998306274414,41.793235355684835,41.505413521661936,41.77952673243823,2333700
2012-03-06,40.95720291137695,41.45517502988001,40.95720291137695,41.36380508619465,5792700
2012-03-07,41.07142639160156,41.12168091767946,40.95264264945919,41.08513153770632,5840700
2012-03-08,41.391212463378906,41.400351548429136,41.135373850607316,41.23131333039666,2249700
2012-03-09,41.436866760253906,41.54651478645663,41.404886957329055,41.432300706648284,2531300
2012-03-12,41.436866760253906,41.44600583853935,41.34549689062207,41.40032090372343,2153000
2012-03-13,41.738407135009766,41.738407135009766,41.464293951713515,41.56480293221439,2890700
2012-03-14,41.633331298828125,41.73384028581085,41.42317772856354,41.71556560767413,2928800
2012-03-15,41.49170684814453,41.66531106191791,41.45515749191694,41.66531106191791,1726800
2012-03-16,41.34095764160156,41.573955511076285,41.254157247514634,41.53284008527821,3570300
2012-03-19,41.496280670166016,41.50998580878069,41.26785239848465,41.34094763294251,2283900
2012-03-20,41.464290618896484,41.537385835315725,41.3957614571961,41.464290618896484,2756600
2012-03-21,41.33183670043945,41.54199041753065,41.32269761221672,41.54199041753065,3280100
2012-03-22,41.43231201171875,41.47342741861055,41.3135283603568,41.32266395559785,3500900
2012-03-23,41.34551239013672,41.45972651276141,41.29982743819453,41.418611101674955,3465200
2012-03-26,41.59680938720703,41.60137544521735,41.37751660879564,41.400360841009075,2081200
2012-03-27,41.66987228393555,41.71555722733035,41.546522588215794,41.57850239714593,4196700
2012-03-28,41.53285217285156,41.68818180734819,41.46888901598397,41.68818180734819,2803700
2012-03-29,41.52827072143555,41.5511114629084,41.39121233043972,41.49172135243137,2158600
2012-03-30,41.44602966308594,41.60592876962549,41.386636076700455,41.56024380854835,4020300
2012-04-02,41.517295837402344,41.58164207851015,41.45754325165427,41.531083816695855,5883800
2012-04-03,41.48048782348633,41.604583030855835,41.4758906657011,41.508063756989785,4099700
2012-04-04,41.32884216308594,41.41157352822609,41.26909309638721,41.351824461527364,2297600
2012-04-05,41.22770309448242,41.319628731326105,41.17714487086952,41.30584076245068,3658900
2012-04-09,41.01628494262695,41.1679596340001,40.97032387128493,41.1495745041423,2692500
2012-04-10,40.81404113769531,41.10359894100585,40.777270890943704,41.03005844750263,4471100
2012-04-11,41.06224060058594,41.0852228865296,40.938145373661904,41.01627953530313,2003700
2012-04-12,41.4299430847168,41.46211618647131,41.062247487575135,41.09901774861032,2753500
2012-04-13,41.296661376953125,41.45752691633755,41.26908542923172,41.41616299475545,2767400
2012-04-16,41.3609733581543,41.443704639447425,41.23228103316563,41.3839556333035,3804300
2012-04-17,41.54022979736328,41.59078800460732,41.43451973247364,41.48507793971768,2787400
2012-04-18,41.52643585205078,41.57699405201311,41.452898883580126,41.47587765208846,3322600
2012-04-19,41.44831085205078,41.59079117061908,41.40234979831297,41.51265702860444,2597800
2012-04-20,41.512672424316406,41.577018624733995,41.41615312369002,41.577018624733995,2241500
2012-04-23,41.425350189208984,41.43914166847051,41.29665776894505,41.37479195173309,2850700
2012-04-24,41.52186584472656,41.52186584472656,41.41155856659487,41.471311118311945,2049300
2012-04-25,41.82521438598633,41.82521438598633,41.577020385320836,41.62757861730483,3351000
2012-04-26,41.852779388427734,41.88954963964202,41.80681832771195,41.8252034533191,2641100
2012-04-27,41.83439254760742,41.89414508003183,41.77924067965137,41.88954792216748,2413000
2012-04-30,41.91714096069336,41.926335280173845,41.733296650349054,41.839006778136486,3989000
2012-05-01,41.949031829833984,42.138530906758255,41.93516647375244,41.99062789807862,3624600
2012-05-02,42.11080551147461,42.143159188511795,41.87508384946863,41.902818091419306,2040700
2012-05-03,42.08306121826172,42.17549925817652,42.03683867201913,42.15238798505523,1871900
2012-05-04,41.99989318847656,42.09695425209429,41.96753950060398,42.03224687634914,2381400
2012-05-07,42.069190979003906,42.17087493539503,41.87969194541733,41.98599533525527,1906100
2012-05-08,42.059974670410156,42.09232835602821,41.93055992793793,42.0091326606836,1688900
2012-05-09,41.91205978393555,41.9952554558176,41.801133396854894,41.95365585673344,3146800
2012-05-10,41.86582565307617,42.07381299463819,41.83809142159224,42.050705249067406,3354000
2012-05-11,41.972137451171875,42.12928637345467,41.81961501572931,41.84734572648511,2765200
2012-05-14,41.6624641418457,41.861209120952346,41.59775680225615,41.82885545115757,4544000
2012-05-15,41.459083557128906,41.680939743972424,41.459083557128906,41.643963125117764,5242100
2012-05-16,41.052371978759766,41.62087631919497,41.038506621285826,41.50994640683098,6224400
2012-05-17,40.48384094238281,41.05696786613882,40.38216054586215,41.05234490793391,8867800
2012-05-18,40.48384094238281,40.80738101733228,40.43300250726443,40.67796639786606,6525600
2012-05-21,40.90446853637695,40.93219925104088,40.5254668220631,40.530089783269155,4276900
2012-05-22,40.899837493896484,41.186401085185224,40.8489955095342,41.02463273779863,3675300
2012-05-23,40.85822677612305,40.98764140761715,40.650235952978186,40.807384809995476,4320900
2012-05-24,40.86747741699219,40.97378432934199,40.788904735764255,40.788904735764255,2183000
2012-05-25,40.73806381225586,40.96916242862957,40.71495254010447,40.936808763388655,1651500
2012-05-29,41.186397552490234,41.251104885894705,40.88134567248185,40.918322299080174,4380300
2012-05-30,41.001529693603516,41.04774872695157,40.918334023062535,41.01077561604485,2543300
2012-05-31,40.567054748535156,41.04312092115506,40.557812354265046,41.04312092115506,10706100
2012-06-01,40.214534759521484,40.535433646677305,40.16337686307066,40.26569265597231,5945600
2012-06-04,40.2470817565918,40.39125204724438,40.19592386993524,40.2470817565918,3125700
2012-06-05,40.50288009643555,40.63775060743992,40.20523605428688,40.24709413269362,2970100
2012-06-06,40.93538284301758,40.94468621251218,40.60518418987584,40.6888967743481,2334800
2012-06-07,41.08887481689453,41.270251572714436,40.944704459242146,41.15863592640928,5454300
2012-06-08,41.24699401855469,41.34465813787713,41.014459387349746,41.07956880023138,3738100
2012-06-11,40.977237701416016,41.3864972222435,40.972586017032874,41.3446427073819,5266700
2012-06-12,41.265586853027344,41.30744137300004,41.0470037868695,41.11676486835333,3648400
2012-06-13,41.144676208496094,41.353955947105426,41.047012093931954,41.205133932312926,3527200
2012-06-14,41.451602935791016,41.50276081488332,41.126056021744766,41.15395902917866,3874100
2012-06-15,41.526031494140625,41.56788602122411,41.39116099321062,41.39116099321062,2683200
2012-06-18,41.53998565673828,41.54928548061871,41.39116363727371,41.43301816703086,3628200
2012-06-19,41.832984924316406,41.907397720447,41.549292348414,41.712069452900316,2809100
2012-06-20,41.995750427246094,42.014350072943074,41.772515648721566,41.93994084556585,3719000
2012-06-21,41.6515998840332,42.18177853231436,41.58649047446862,42.04225988961741,4843700
2012-06-22,41.93527603149414,41.98643391163608,41.7864540751345,41.79575744326685,3211700
2012-06-25,41.870174407958984,41.8794777778157,41.70274923249782,41.76785862871095,3385600
2012-06-26,41.80972671508789,41.91204251885276,41.698111087433865,41.90739083280977,2357900
2012-06-27,42.06086730957031,42.07016713407217,41.88413871026139,41.88413871026139,1918000
2012-06-28,42.056209564208984,42.08411258189166,41.89343604739913,41.94459394528173,3068700
2012-06-29,42.456180572509766,42.456180572509766,42.218994215066274,42.312010212199745,3394900
2012-07-02,42.50198745727539,42.50198745727539,42.28215709099999,42.469246992198826,3810700
2012-07-03,42.65635299682617,42.68441881443713,42.48329770237469,42.53942220070719,1987500
2012-07-05,42.66102600097656,42.75457276747716,42.43184266782758,42.56280457248414,2221300
2012-07-06,42.60488510131836,42.62359444898008,42.422473422170626,42.44118276983234,2612400
2012-07-09,42.618919372558594,42.67504384655293,42.511341516664174,42.55811310114051,1916600
2012-07-10,42.43185806274414,42.72184422299665,42.375729982479676,42.656363246910885,1832600
2012-07-11,42.567481994628906,42.60022247017135,42.39442315622213,42.497322813196746,3188700
2012-07-12,42.473941802978516,42.544100995268195,42.310239399932435,42.53006987049921,1989100
2012-07-13,42.60488510131836,42.62359444898008,42.450539227884796,42.520698389505434,2316400
2012-07-16,42.44120407104492,42.576844233337674,42.403788925386046,42.41782005106375,2178900
2012-07-17,42.64234161376953,42.651698080119715,42.41783637961409,42.56282949202475,4036500
2012-07-18,42.82005310058594,42.82005310058594,42.60489732496807,42.623606677997635,3958600
2012-07-19,42.9276237487793,42.97907357309955,42.78730896572362,42.8013400871848,4718200
2012-07-20,42.72650146484375,42.84811046145102,42.67037698059717,42.80133886843093,2733500
2012-07-23,42.65635299682617,42.69844993902025,42.36636690625571,42.48797236493927,4561700
2012-07-24,42.39444351196289,42.63766164858329,42.361703020700055,42.61895228665511,3447700
2012-07-25,42.30556106567383,42.53006976676425,42.30088640305874,42.51136041096966,2891000
2012-07-26,42.74055862426758,42.75926798656247,42.48331292171622,42.51137518093557,4330900
2012-07-27,42.99311447143555,43.002470933499986,42.735868859779096,42.735868859779096,5556800
2012-07-30,42.99311447143555,43.00714559608748,42.86683078112343,42.983761577815834,3889700
2012-07-31,42.890201568603516,43.02584167913774,42.815367737396414,43.00713232922506,3530800
2012-08-01,43.123046875,43.123046875,42.86907714904531,42.991359666328826,3598100
2012-08-02,42.94900131225586,43.075984297539655,42.86904892936588,43.014844873248194,4516600
2012-08-03,43.12771224975586,43.221777027945755,43.06657283508572,43.08068165476311,4602000
2012-08-06,43.09949493408203,43.26410381189508,43.09949493408203,43.104199070077954,2864400
2012-08-07,43.01485824584961,43.22179726656223,42.96782762883476,43.18417133766792,3680600
2012-08-08,43.04304885864258,43.13240948657842,43.024239494217596,43.071270081687686,3162100
2012-08-09,43.04777908325195,43.108922113402656,42.977231365188985,43.09010914937213,2975600
2012-08-10,43.01017379760742,43.07131685710329,42.944330186002425,42.996064964864594,1533600
2012-08-13,43.03367233276367,43.03367233276367,42.91609399305667,42.99134585280811,2007800
2012-08-14,43.09949493408203,43.17004262120317,43.01954256317347,43.03365138295681,2381000
2012-08-15,42.89257049560547,43.14183955271761,42.89257049560547,43.14183955271761,2580400
2012-08-16,43.052467346191406,43.071280303284865,42.83612372192367,42.95840256072413,2914300
2012-08-17,43.052467346191406,43.10420208114724,42.98191965414212,43.02895025277342,2222000
2012-08-20,43.10419845581055,43.12771195904623,42.99132431094792,43.06186840885933,2333200
2012-08-21,43.198246002197266,43.202950136640474,43.127698338361995,43.14181074169164,2531200
2012-08-22,43.15595626831055,43.207691026585415,43.118330337164046,43.15595626831055,1889100
2012-08-23,43.14653778076172,43.198272526793524,43.08539834827206,43.160646604551225,1141700
2012-08-24,43.33937072753906,43.344074865173155,43.123027043044495,43.16064937950023,2082100
2012-08-27,43.30643081665039,43.37227436314931,43.231178998820674,43.32524377110782,1883600
2012-08-28,43.26883316040039,43.33938088862931,43.245316054921915,43.30175495514635,1795700
2012-08-29,43.32997131347656,43.348784279654616,43.268831864552695,43.32997131347656,1617600
2012-08-30,43.3111572265625,43.35348729641937,43.26883074491194,43.306456676294424,2022400
2012-08-31,43.42401123046875,43.45693300534035,43.311133498162405,43.38638531969997,1801800
2012-09-04,43.42306900024414,43.44671620100562,43.30011005078574,43.44671620100562,3921500
2012-09-05,43.42781066894531,43.47037131192562,43.394706743941555,43.46564475696595,1541000
2012-09-06,43.68319320678711,43.68791976259678,43.4420053623529,43.4420053623529,3306000
2012-09-07,43.75883865356445,43.791942570045826,43.68317410505972,43.744651776223336,3403300
2012-09-10,43.687896728515625,43.84395958134067,43.659522976385965,43.735191126139675,2138600
2012-09-11,43.98583984375,43.98583984375,43.71154818625185,43.71154818625185,4400300
2012-09-12,44.1182975769043,44.127754301533784,44.018985732025754,44.04262934762935,1957400
2012-09-13,44.40199661254883,44.41145693466856,44.10406141078054,44.13716532208812,5946800
2012-09-14,44.39727783203125,44.472945996162494,44.31688311368429,44.40673815657598,3467200
2012-09-17,44.35942840576172,44.44455325001204,44.312134019357565,44.349968085258844,3075500
2012-09-18,44.378395080566406,44.416229191865064,44.27435668658425,44.37366852269865,4099400
2012-09-19,44.321624755859375,44.425666704459786,44.321624755859375,44.425666704459786,3306500
2012-09-20,44.11351776123047,44.28376747742495,44.108787600209595,44.27903731640408,2122200
2012-09-21,44.05206298828125,44.203395747075795,43.9953118507117,44.203395747075795,3121700
2012-09-24,43.99531936645508,44.03788362891791,43.952758712050446,43.9905892021685,1867200
2012-09-25,43.602752685546875,44.028376820562215,43.569648786604255,44.00473324020571,5726800
2012-09-26,43.38524627685547,43.60278687018107,43.26229090327396,43.59333015223527,6554200
2012-09-27,43.858150482177734,43.858150482177734,43.508194277592,43.59331914984867,3882600
2012-09-28,43.65007781982422,43.825054148363805,43.645347657198116,43.82032759379462,3668200
2012-10-01,43.57640075683594,43.866399638954995,43.54787348196362,43.866399638954995,5386700
2012-10-02,43.68573760986328,43.723771552870986,43.56688425830154,43.66196548870436,3151900
2012-10-03,43.79511642456055,43.90445955704432,43.69527997124615,43.72380363587338,3201000
2012-10-04,43.980525970458984,44.00904963409495,43.8236385662232,43.84741070399916,1847200
2012-10-05,43.95672607421875,44.11361337938094,43.8711515102318,44.10885822940481,2513500
2012-10-08,43.89491271972656,43.92819150705226,43.82835514507518,43.86163393240087,1143300
2012-10-09,43.77129364013672,43.98047661101765,43.76178697196709,43.98047661101765,5777300
2012-10-10,43.666725158691406,43.8378742928268,43.64295666218843,43.809350646176505,5431800
2012-10-11,43.904449462890625,43.91395976699257,43.79510635554613,43.83313669059911,2811000
2012-10-12,43.980525970458984,44.09937940510082,43.88544104647413,43.947247153844025,3696800
2012-10-15,44.1801643371582,44.19918130709075,44.01377038414362,44.099344935282,2378500
2012-10-16,44.34181594848633,44.370343225182964,44.18493224868221,44.24197954784109,3536300
2012-10-17,44.44164276123047,44.47967307365543,44.356068210821114,44.403608821689396,2971500
2012-10-18,44.41791534423828,44.46545600295128,44.356112850623354,44.37988136641997,1676300
2012-10-19,44.19443893432617,44.41312871109886,44.15640498346556,44.38936021214887,2041200
2012-10-22,44.2039680480957,44.303804491255676,44.175440759250904,44.21347472629815,3021700
2012-10-23,44.03756332397461,44.12313792262031,43.97576085772089,44.07084213305249,3916900
2012-10-24,43.999507904052734,44.15164003411694,43.97573578521429,44.13737458654422,4332900
2012-10-25,44.070804595947266,44.19441305028993,44.023263998773956,44.17539608599759,2005600
2012-10-26,43.96625518798828,44.11363225626306,43.87117028336082,44.08510859843393,4591800
2012-10-31,44.018524169921875,44.05655811174284,43.94721506290298,43.966232033813455,2914100
2012-11-01,43.9947624206543,44.037547891424296,43.76656236186365,43.823613283340535,2092300
2012-11-02,43.93292999267578,44.094568719202954,43.92341969869512,44.0517832776332,2829300
2012-11-05,43.86164855957031,44.01853225092923,43.79033581234335,43.92820615641761,3361700
2012-11-06,43.92820739746094,43.98525469516059,43.86640132213019,43.94246922188585,1409000
2012-11-07,43.666725158691406,43.86639793947709,43.64295666218843,43.856891266299264,3698200
2012-11-08,43.52407455444336,43.81407686092266,43.50030244652299,43.7189920563556,5829400
2012-11-09,43.44802474975586,43.585895053283956,43.38146717248242,43.39572899231017,3953900
2012-11-12,43.46231460571289,43.53362737796911,43.4147739665815,43.495593415816685,2066000
2012-11-13,43.36245346069336,43.44327286386501,43.29589587842068,43.3957322518297,4347400
2012-11-14,43.124755859375,43.500332939682025,43.09147706122713,43.481315965437965,5017500
2012-11-15,43.105712890625,43.22456618763926,42.82997237104437,43.048665629411616,6989700
2012-11-16,43.229331970214844,43.26261075648136,43.0391659227852,43.14851257886984,4730200
2012-11-19,43.77605438232422,43.795071348208744,43.362443535345484,43.371953831845424,9498500
2012-11-20,43.780799865722656,43.8235889398407,43.661946565671784,43.776048345243325,4010400
2012-11-21,43.766544342041016,43.84736735430222,43.7237588888869,43.738020706604935,2984700
2012-11-23,43.913936614990234,43.947215407565494,43.790328116660845,43.85688570181136,1041100
2012-11-26,43.923439025878906,43.923439025878906,43.7427832590127,43.885405087449385,2160700
2012-11-27,43.96625518798828,44.00904067473196,43.86166360645719,43.86166360645719,4194100
2012-11-28,43.9757194519043,44.08981760029549,43.85211100866358,43.932934006425626,6528000
2012-11-29,44.17061233520508,44.18962565850887,44.02323187625761,44.085037871888375,3870500
2012-11-30,44.237213134765625,44.284753743768995,44.151638587713165,44.16590040770258,3276200
2012-12-03,44.46134567260742,44.46134567260742,44.2845158218248,44.38009932785449,5444400
2012-12-04,44.46134567260742,44.528254856083606,44.375319058669895,44.44222824214608,3121100
2012-12-05,44.533050537109375,44.585622577502754,44.37533441592923,44.57606203582489,4580900
2012-12-06,44.61430358886719,44.63342102880656,44.518720035449164,44.518720035449164,2261500
2012-12-07,44.547393798828125,44.68599250189548,44.52349973392059,44.662094790709155,2294400
2012-12-10,44.58559799194336,44.68596174654823,44.52824571233646,44.68596174654823,2140700
2012-12-11,44.62860870361328,44.78632473512747,44.614271545525845,44.70029814032666,3206300
2012-12-12,44.762454986572266,44.82936419148639,44.657310908484874,44.70988294752857,3305600
2012-12-13,44.604732513427734,44.82935780346466,44.59039534960031,44.733770634152314,4898700
2012-12-14,44.571292877197266,44.68599387259664,44.571292877197266,44.619084654757096,2741400
2012-12-17,44.74332046508789,44.78155167738467,44.599941568575375,44.599941568575375,2195600
2012-12-18,44.767242431640625,44.83415165272729,44.72423092363309,44.8150342115198,3409800
2012-12-19,44.71940994262695,44.800656259089024,44.71940994262695,44.800656259089024,2566400
2012-12-20,44.877159118652344,44.881939389705025,44.728999886246754,44.733780157299435,3191200
2012-12-21,44.74809646606445,44.77199416391016,44.657293236059644,44.657293236059644,3187900
2012-12-24,44.58559799194336,44.70985944128684,44.53780624874241,44.652507161679935,1221400
2012-12-26,44.69370651245117,44.75617354780483,44.58799024791346,44.68890022784828,2257200
2012-12-27,44.785030364990234,44.785030364990234,44.63606844943992,44.71295438399695,2332600
2012-12-28,44.66493225097656,44.80428536200423,44.62168663003309,44.693766331064765,2426100
2012-12-31,44.85712814331055,44.88115592410241,44.65530798270756,44.67452947411613,2918500
2013-01-02,45.27998352050781,45.27998352050781,45.07335711661795,45.203097572026095,3975200
2013-01-03,45.140625,45.30880840920022,45.111790939763274,45.20789836368009,3950700
2013-01-04,45.16946792602539,45.207910906257815,45.08777934262477,45.15985901402947,2968000
2013-01-07,45.2078971862793,45.21269980775754,45.08776565910453,45.17906312679353,4137300
2013-01-08,45.174285888671875,45.22714408361957,45.13584289850532,45.217531503015266,2179100
2013-01-09,45.26072311401367,45.28474720266321,45.17422832940989,45.28474720266321,2183900
2013-01-10,45.33766174316406,45.35207694751452,45.26558205528657,45.32805282897217,1684300
2013-01-11,45.4193229675293,45.4193229675293,45.27036105753172,45.31361031063867,1982600
2013-01-14,45.35686492919922,45.395307902699585,45.275176360103735,45.38569532626263,2182400
2013-01-15,45.36647033691406,45.371272958249904,45.251141434637006,45.27516920580885,2136000
2013-01-16,45.28961944580078,45.361699148966245,45.25117644862907,45.304034653208674,3272700
2013-01-17,45.45298385620117,45.4625964358441,45.318437070199884,45.3712952598611,6058900
2013-01-18,45.51543426513672,45.51543426513672,45.40010902388463,45.428939417666825,2836800
2013-01-22,45.54426193237305,45.5875111865805,45.428936698025005,45.48179486087684,2295200
2013-01-23,45.491416931152344,45.549081398071465,45.4818080197279,45.51063842012538,2227900
2013-01-24,45.592315673828125,45.61634344560712,45.50101820653909,45.53945750881294,3175400
2013-01-25,45.57793426513672,45.63559876048032,45.54429755938444,45.63559876048032,2525100
2013-01-28,45.553890228271484,45.57310805219252,45.50103204717774,45.539471361144166,2331000
2013-01-29,45.476993560791016,45.52985172943961,45.42894168005325,45.510630243919806,1514300
2013-01-30,45.15025329589844,45.41454424249643,45.116616599615504,45.38571016987897,6595600
2013-01-31,45.01089859008789,45.222331339705406,44.98687447425623,45.13583645723686,5963700
2013-02-01,45.16016387939453,45.29543121256734,45.150499820877386,45.18914868342916,5713000
2013-02-04,44.97175598144531,45.121519416998446,44.93311080088334,45.06837814724713,3878000
2013-02-05,45.073211669921875,45.121520911543534,45.02489874254133,45.044223176341774,2590900
2013-02-06,45.005584716796875,45.06838637170957,44.95727178220003,45.005584716796875,2850500
2013-02-07,44.91864013671875,44.99110218894111,44.83651033459917,44.98144181056498,4071400
2013-02-08,44.928260803222656,44.976570023924126,44.884783610318514,44.889611952358564,3220400
2013-02-11,44.923458099365234,44.966939006408964,44.86065644003505,44.875148847129736,3146100
2013-02-12,45.078041076660156,45.10219754091986,44.8848041056184,44.88963244986317,3490600
2013-02-13,45.145687103271484,45.16018319724809,45.0104197122363,45.13119469505485,3672200
2013-02-14,45.12632751464844,45.19396115196184,45.049029823000666,45.049029823000666,2731800
2013-02-15,45.13114929199219,45.24709581260009,45.05385529734319,45.15047371209351,2483000
2013-02-19,45.17466735839844,45.21331254466775,45.126358111242325,45.169835327955035,3074300
2013-02-20,45.13114929199219,45.27608059987393,45.121488924819666,45.208446972397454,3830300
2013-02-21,45.179481506347656,45.21329833730662,45.0732026703039,45.13117227437174,7185300
2013-02-22,45.29060363769531,45.29060363769531,45.17466072439527,45.23263033816591,3367000
2013-02-25,45.15049362182617,45.377551050945414,45.145661593231026,45.3050853650498,5259300
2013-02-26,45.37273406982422,45.37273406982422,45.155340625798615,45.23746671036304,4075600
2013-02-27,45.45001983642578,45.48383666738224,45.29059605373468,45.338905285707035,3681600
2013-02-28,45.430702209472656,45.4741794190308,45.38239297026627,45.4451946126587,3822000
2013-03-01,45.52103042602539,45.65217132704829,45.404460324483175,45.40931478717893,4833200
2013-03-04,45.52587127685547,45.55987103127617,45.46758439540772,45.487013355890305,2222500
2013-03-05,45.61819076538086,45.66676135266406,45.55504937248252,45.55504937248252,3733400
2013-03-06,45.58903503417969,45.68617617865925,45.57931869631346,45.67160537755703,2118000
2013-03-07,45.65705108642578,45.65705108642578,45.60848049662247,45.63276393867489,2124900
2013-03-08,45.71048355102539,45.74934150829625,45.6181968289318,45.73962516612915,2464100
2013-03-11,45.68134307861328,45.72991367356743,45.65705592828677,45.69591388652964,2782800
2013-03-12,45.66191864013672,45.705631068232584,45.63763148739509,45.65220229676038,1526200
2013-03-13,45.67161560058594,45.739615158081925,45.632757651817386,45.70561537933393,1431200
2013-03-14,45.84647750854492,45.84647750854492,45.69104940274594,45.73961999098968,2954100
2013-03-15,45.84162902832031,45.85134537144197,45.75420046872101,45.778487620826034,2024300
2013-03-18,45.85133361816406,45.880475228660785,45.657047568223476,45.657047568223476,3000600
2013-03-19,45.773597717285156,45.91445494930868,45.75902691840282,45.87559701515807,3742800
2013-03-20,45.9241828918457,45.94846632755442,45.81246722935361,45.81732539877435,2553200
2013-03-21,45.84162902832031,45.929057587919615,45.76391681184267,45.83677456245861,3532400
2013-03-22,45.80760192871094,45.88045963588977,45.77846032811818,45.84160169796814,2201500
2013-03-25,45.73964309692383,45.87078782769945,45.729930456647956,45.80278822866773,2131700
2013-03-26,45.822181701660156,45.85132701365692,45.77846929221148,45.84646884404118,1169400
2013-03-27,45.744468688964844,45.797897436678674,45.73961051943697,45.749326858492715,2195100
2013-03-28,45.827056884765625,45.84162769332466,45.73477386199208,45.773628116249824,1959100
2013-04-01,45.9090690612793,45.93836218152546,45.72353975811288,45.8114228438158,3823000
2013-04-02,45.874900817871094,45.982313911505685,45.855370825849796,45.87001738862449,2528700
2013-04-03,45.874900817871094,45.918844231160286,45.7870177162578,45.889547380645794,2773100
2013-04-04,45.860252380371094,45.96766546961474,45.83095925601918,45.855368951324124,3040600
2013-04-05,45.90419006347656,45.90419006347656,45.73819073277389,45.78213041738408,2243800
2013-04-08,45.95301818847656,45.96766475042337,45.87001479583651,45.92860476858863,2346800
2013-04-09,46.099510192871094,46.099510192871094,45.9530407764419,45.992097052509656,2985400
2013-04-10,46.24595260620117,46.26548259374173,46.06530301517417,46.06530301517417,2932600
2013-04-11,46.24595260620117,46.28012915315609,46.20689263112005,46.26059916561553,2676200
2013-04-12,46.2606086730957,46.289901797944744,46.162962440288894,46.20690212756246,2040900
2013-04-15,45.967655181884766,46.260597534737244,45.95788832597669,46.260597534737244,3910600
2013-04-16,46.28502655029297,46.289906254927644,46.05067035404083,46.094613770510456,4138300
2013-04-17,46.211761474609375,46.221524602816245,46.08970188472661,46.19223149323256,5778600
2013-04-18,46.138553619384766,46.221553298041705,46.11902362588336,46.192260170272284,2476900
2013-04-19,46.1141242980957,46.21665765987032,46.1043611671936,46.18736081723582,2474800
2013-04-22,46.22154998779297,46.32896308187541,46.15319687791599,46.23131684632689,3641900
2013-04-23,46.40220260620117,46.4070860357823,46.270376082268285,46.270376082268285,2217400
2013-04-24,46.48517990112305,46.50959331230799,46.38753370631041,46.42658994925733,3872600
2013-04-25,46.612144470214844,46.63655416771405,46.451024821865865,46.49008480782294,2453100
2013-04-26,46.563331604003906,46.617038165280334,46.54380160672465,46.607271304157656,2679000
2013-04-29,46.65118408203125,46.67071034151673,46.5681807168815,46.5730641442347,1785300
2013-04-30,46.79765701293945,46.79765701293945,46.65118770563947,46.690243952607766,2953100
2013-05-01,46.70836639404297,46.88499497544431,46.69855535873901,46.77705487089447,4812400
2013-05-02,47.007652282714844,47.01746706100494,46.791775822467606,46.85555690838866,3368200
2013-05-03,47.08124542236328,47.16465231679667,47.03218276347546,47.086152811224345,2407400
2013-05-06,47.110694885253906,47.130320702713,47.04200639576805,47.06163221322714,1458700
2013-05-07,47.076324462890625,47.17445349561971,47.06160604379123,47.15973507652031,2590900
2013-05-08,47.24313735961914,47.24804474658905,47.11066411410794,47.11066411410794,3801200
2013-05-09,47.10579299926758,47.243169983374834,47.10088560890887,47.1990109566306,1644900
2013-05-10,46.86043930053711,47.12538202442283,46.83590611113987,47.12538202442283,4654400
2013-05-13,46.66911697387695,46.855556584447214,46.66420958476583,46.81140131217049,2710000
2013-05-14,46.71820068359375,46.8359518726242,46.66423060877921,46.70838590094957,4473900
2013-05-15,46.72308349609375,46.77704979927635,46.654391283448696,46.71817610735321,3179800
2013-05-16,46.83592224121094,46.9242365129212,46.69854531704841,46.75251535771804,6036800
2013-05-17,46.83592224121094,46.919329124703836,46.77704481232395,46.9046107032922,4313300
2013-05-20,46.885009765625,46.924261405705536,46.78688440866608,46.83594708714554,2086200
2013-05-21,46.973297119140625,46.99292292791469,46.87517181851059,46.88498285127748,4666500
2013-05-22,46.683837890625,47.04199870679707,46.65930468700058,46.9634991930333,5243800
2013-05-23,46.5562629699707,46.62004404652703,46.45813766092396,46.6102330129186,3294400
2013-05-24,46.46796417236328,46.50721580635239,46.448338355368726,46.487589989357836,3420400
2013-05-28,46.29623031616211,46.6249542388016,46.27169711580479,46.6249542388016,3486700
2013-05-29,46.10983657836914,46.24721365321864,45.898863572494676,46.1392734534813,10958100
2013-05-30,46.203033447265625,46.29625516677342,45.96753106768349,46.1196265104654,5462100
2013-05-31,45.589725494384766,46.17358134576693,45.579914458158214,46.104892862456275,6809400
2013-06-03,45.54977798461914,45.62868426136687,45.27360037204542,45.55963985822344,14320900
2013-06-04,45.54977798461914,45.89007094485303,45.465938889750376,45.61882238776257,7927000
2013-06-05,45.15522003173828,45.490580060360074,45.09604128486394,45.4659235033746,10309200
2013-06-06,45.51032257080078,45.663206067488986,45.036873626501205,45.07632864585227,11849800
2013-06-07,45.539920806884766,45.85062444137753,45.47087639091714,45.58924147198033,8879800
2013-06-10,45.44620132446289,45.66319635948509,45.41167913052957,45.53990227220366,7678000
2013-06-11,45.165077209472656,45.4905715442566,45.022055660239964,45.165077209472656,9065200
2013-06-12,45.19963073730469,45.431424313607735,45.18976509940671,45.33771956676904,9193300
2013-06-13,45.71745300292969,45.776635528363315,45.199620015276125,45.199620015276125,7526400
2013-06-14,45.77169418334961,45.83580951461744,45.64347104608756,45.75689949540682,3909200
2013-06-17,45.766761779785156,46.087323362117466,45.766761779785156,45.83087334372431,3830700
2013-06-18,45.88020324707031,45.919658264990225,45.747047264887605,45.747047264887605,3609700
2013-06-19,45.194671630859375,45.99854757060266,45.18480976133597,45.84073131977465,7971700
2013-06-20,44.7508659362793,45.16513644334231,44.52400503871842,44.92347707978858,11094000
2013-06-21,44.45985794067383,44.933306883506944,44.445063249122434,44.883989990789736,9245400
2013-06-24,43.912418365478516,44.38586716370835,43.532670506001416,44.11461869265327,12116100
2013-06-25,44.53877258300781,44.53877258300781,44.13930078552944,44.13930078552944,6233300
2013-06-26,44.90864944458008,44.96783197723028,44.666994020874846,44.73110560926743,5527200
2013-06-27,45.12566375732422,45.342662688726406,45.076346844543515,45.076346844543515,5578600
2013-06-28,44.81988525390625,45.036884148396474,44.61768481710831,45.02702227257357,6112000
2013-07-01,45.06280517578125,45.11238391697891,44.869445437279566,44.904150934379466,5213400
2013-07-02,44.923988342285156,45.14213936772565,44.79508057428706,45.01323159972755,3799800
2013-07-03,45.028099060058594,45.047931312788286,44.76036932213091,44.76532833096719,1679600
2013-07-05,44.54719543457031,44.839716552925076,44.438119891543685,44.81492528128558,3312600
2013-07-08,45.16194152832031,45.16194152832031,44.62152707166254,44.66614678307962,5638400
2013-07-09,45.186767578125,45.21155884752492,45.05290455816868,45.16693531912839,6127700
2013-07-10,45.365230560302734,45.385062808996956,45.15699762293542,45.206576353363644,6529900
2013-07-11,45.93540573120117,45.94531996646712,45.61313823713311,45.70238148498864,5865400
2013-07-12,45.890785217285156,45.94532297135346,45.73708997361034,45.816418991388154,5788300
2013-07-15,46.08418273925781,46.153593795393036,45.89082282822129,45.94536062698737,6791500
2013-07-16,45.97011184692383,46.15355357142768,45.84616310004693,46.15355357142768,3292100
2013-07-17,46.30730056762695,46.366793606893225,46.10898161062724,46.12385487044381,8660500
2013-07-18,46.58491134643555,46.6047436061394,46.32709953551892,46.356846033766324,6825000
2013-07-19,46.55517578125,46.58988129822784,46.49071997642141,46.57996327473837,2603100
2013-07-22,46.58984375,46.60967599837785,46.480768275229124,46.57001150162215,3888200
2013-07-23,46.475826263427734,46.5948197972101,46.44112076172854,46.550196276387716,2483700
2013-07-24,46.08418273925781,46.42628278922345,45.9404053962769,46.376704003786706,5249800
2013-07-25,45.97999572753906,46.049406677357595,45.8312595990478,45.865965073957064,5995400
2013-07-26,45.999847412109375,45.999847412109375,45.80648771550797,45.85111122074696,4213600
2013-07-29,45.90071105957031,45.97508108075941,45.8213820282709,45.91062529717453,3850100
2013-07-30,45.965171813964844,46.044500860371365,45.870969517011375,45.870969517011375,4239400
2013-07-31,46.099002838134766,46.1138760771326,45.75194420352378,45.85606065912282,4076500
2013-08-01,45.66208267211914,46.13040913259741,45.642153320440364,46.04571223881396,4616600
2013-08-02,45.94108200073242,45.9659946384496,45.74179230239953,45.81652641441622,4309400
2013-08-05,45.706932067871094,45.92615118894538,45.68700271130651,45.92615118894538,2231000
2013-08-06,45.66208267211914,45.80158433273544,45.51759772329936,45.80158433273544,3398800
2013-08-07,45.517608642578125,45.60728884607855,45.48273321905774,45.5624468437603,2253300
2013-08-08,45.617252349853516,45.632198417152146,45.5275721449256,45.547501501702484,2857100
2013-08-09,45.622230529785156,45.672052015579446,45.39803194314297,45.552479689445995,1765600
2013-08-12,45.58237075805664,45.69696359373422,45.547495338700095,45.557461916308036,3840800
2013-08-13,45.58237075805664,45.622229466217156,45.48771107759495,45.5773912703883,2290500
2013-08-14,45.49268341064453,45.58236358933391,45.46777457281333,45.55247146348246,4605800
2013-08-15,45.25851058959961,45.38306616097275,45.21367240844978,45.338227979822925,6446100
2013-08-16,45.10405349731445,45.38803998881415,45.04924875324139,45.32327247360671,6922400
2013-08-19,44.805118560791016,45.153872548912354,44.74035104903516,45.12398043596863,6536300
2013-08-20,45.218666076660156,45.26848755642026,44.9795176522223,44.98948422885547,4208300
2013-08-21,45.05424499511719,45.228622048614405,45.02435287198472,45.17381728878175,3098100
2013-08-22,45.29835891723633,45.29835891723633,45.08412323146146,45.12398191745062,4049900
2013-08-23,45.487701416015625,45.51759354021912,45.26349908108497,45.288411718677764,3370400
2013-08-26,45.49268341064453,45.53254211253648,45.403003231955154,45.49766669866479,2365400
2013-08-27,45.19875717163086,45.403026471395606,45.19377388105992,45.36317155023903,3578500
2013-08-28,45.368125915527344,45.38307197782629,45.16884001669489,45.218661491403005,3860600
2013-08-29,45.5524787902832,45.58735420976437,45.24856279146059,45.29340478858531,4012900
2013-08-30,45.51262664794922,45.63219898897277,45.432913020978916,45.572414719029084,2486900
2013-09-03,45.27219009399414,45.6678651892888,45.23212085925764,45.54766130629186,9986800
2013-09-04,45.44245910644531,45.497549499415676,45.33227067808342,45.342286071020595,3507400
2013-09-05,45.21211624145508,45.40244332213476,45.21211624145508,45.362374060811135,3622300
2013-09-06,45.36235427856445,45.62780633194505,45.28722540164967,45.472542788544345,4713800
2013-09-09,45.477561950683594,45.57773126013226,45.43248308658174,45.442502310255136,4227400
2013-09-10,45.637855529785156,45.64286132264426,45.512641926421054,45.517647719280156,5287100
2013-09-11,45.69792556762695,45.7079447891894,45.527637013199424,45.57271204659021,3514200
2013-09-12,45.64284133911133,45.732995246910576,45.6278163246805,45.672895189187244,3594500
2013-09-13,45.6077766418457,45.73799978783219,45.567711214876944,45.697930539649604,2789300
2013-09-16,45.858211517333984,45.983425073308545,45.80311724700802,45.93334041516162,4331300
2013-09-17,46.00846481323242,46.0685686898591,45.8832512695041,45.91330129721039,5978600
2013-09-18,46.449180603027344,46.51929982972439,45.933301797522766,45.99841141625252,7476300
2013-09-19,46.3139762878418,46.57441872191568,46.2789166559239,46.57441872191568,5821100
2013-09-20,46.25891876220703,46.32402846711643,46.21884948785525,46.298988036558804,4033900
2013-09-23,46.25387191772461,46.308966170308686,46.18876226522217,46.2538719177246,6564600
2013-09-24,46.153717041015625,46.283940207884164,46.108638174278106,46.213817101713076,7947700
2013-09-25,46.073551177978516,46.20878387668913,46.05351656256908,46.14868003046084,3535700
2013-09-26,46.04853057861328,46.14369026621799,45.9633824712007,46.13367486481205,4751200
2013-09-27,45.99843215942383,46.04852061926182,45.88323787270762,46.01346099010302,6779700
2013-09-30,45.86820983886719,46.05352337168215,45.828140602124,45.873215627550536,6248900
2013-10-01,46.067039489746094,46.077107638131444,45.830487921046,45.88082098322574,5743900
2013-10-02,46.08717346191406,46.087173461914055,45.926117641314804,46.03181016359491,2765700
2013-10-03,46.117332458496094,46.1475330400375,46.01667409301278,46.12740059896674,3169700
2013-10-04,46.19789505004883,46.238159960801774,46.07207008385082,46.10226684697891,2048300
2013-10-07,46.077083587646484,46.18277605128415,46.031784623303764,46.031784623303764,2391700
2013-10-08,46.05694580078125,46.233099886418294,46.046877658818524,46.1777366252365,2944700
2013-10-09,46.09721755981445,46.192845731324454,46.05695650222201,46.192845731324454,2973700
2013-10-10,46.30860137939453,46.353896504274665,46.212973218152165,46.212973218152165,2899500
2013-10-11,46.39414596557617,46.42434270545208,46.30858597601424,46.38408166557429,3293900
2013-10-14,46.46463394165039,46.509932917029786,46.30357817117165,46.30357817117165,1003900
2013-10-15,46.449520111083984,46.504883373756755,46.32872928337575,46.504883373756755,2310100
2013-10-16,46.69614791870117,46.70118199112051,46.46463050574992,46.469664578169265,6949700
2013-10-17,46.92265701293945,46.9327213226062,46.671007032657386,46.681071342324124,7277900
2013-10-18,47.018272399902344,47.058537310614696,46.93271234454353,46.94781072609236,2873800
2013-10-21,46.91258239746094,47.038407370259584,46.91258239746094,47.03337329618307,2471400
2013-10-22,47.05348587036133,47.113883214138475,46.98805829450663,46.99812259853358,5488400
2013-10-23,47.0937614440918,47.10382575040069,46.96793649593083,47.0937614440918,2434200
2013-10-24,47.10886764526367,47.154166630856686,47.038405969784165,47.10886764526367,2284400
2013-10-25,47.12394714355469,47.15917796717666,47.083686087895124,47.12898121546405,2026000
2013-10-28,47.11391830444336,47.15921346610805,47.098819917221796,47.13405076736367,1697900
2013-10-29,47.18939971923828,47.20449810186494,47.093771509438085,47.10383581789802,1864600
2013-10-30,46.99811553955078,47.22460266479347,46.9628847209403,47.18937184618299,3691100
2013-10-31,47.02326965332031,47.07863290223068,46.91757722536512,47.028303723185864,5846500
2013-11-01,46.94237518310547,47.16490006733176,46.93226216948435,47.03340773952021,7882000
2013-11-04,47.02328109741211,47.073853867772826,46.99799278300423,47.073853867772826,2025500
2013-11-05,46.8968391418457,46.992926231397526,46.8968391418457,46.992926231397526,2770300
2013-11-06,47.033416748046875,47.03847518505438,46.94238417419625,46.977785516335,4936700
2013-11-07,47.063758850097656,47.10421862855352,46.99295616702831,47.08398873932559,4802700
2013-11-08,46.98283004760742,47.01317294375793,46.861454604549635,46.876626052624886,4191100
2013-11-11,46.80582809448242,47.00306465619955,46.795711222444744,47.00306465619955,1607600
2013-11-12,46.74011993408203,46.82609412757372,46.714835449298306,46.810922665011596,2148900
2013-11-13,46.91706848144531,46.9221269155023,46.689489108791555,46.71477742062182,2795100
2013-11-14,47.05361557006836,47.05867400373599,46.85637910002855,46.90695186134182,4216800
2013-11-15,47.12446212768555,47.12446212768555,47.01319963402688,47.063772442474104,2990600
2013-11-18,46.98789978027344,47.159848044408314,46.94744000337463,47.14973502941196,3694600
2013-11-19,46.9676628112793,47.0384654809501,46.92720304047995,46.97271738878713,1415800
2013-11-20,46.922149658203125,47.0688134493049,46.86651843197636,46.94743798229039,2470600
2013-11-21,47.083961486816406,47.083961486816406,46.91201331558898,46.947414636633134,1895800
2013-11-22,47.119380950927734,47.13455240029482,47.02834839626908,47.06374973094433,1649200
2013-11-25,47.19020462036133,47.205376076479865,47.06377067476314,47.1345733756215,2813900
2013-11-26,47.225582122802734,47.25087044253539,47.10926511232657,47.14466644487877,2835300
2013-11-27,47.19526290893555,47.35709820444987,47.18514989104119,47.35709820444987,1845300
2013-11-29,47.24583053588867,47.26100199029591,47.190199297423916,47.20031617266699,958700
2013-12-02,47.261070251464844,47.27631513765633,47.184841943374636,47.20516975067421,5748100
2013-12-03,47.21533966064453,47.261074323159164,47.139111345987,47.189928930047635,2710300
2013-12-04,47.09337615966797,47.19501521215969,47.027313683398404,47.13403178066466,3076100
2013-12-05,47.057823181152344,47.139134457220926,47.02733339119415,47.09339589514859,5354700
2013-12-06,47.1899299621582,47.250913390644655,47.083211870156845,47.1746850743199,2487900
2013-12-09,47.36269760131836,47.38810832553612,47.210244887408265,47.28647318292939,4313000
2013-12-10,47.36269760131836,47.38302540526613,47.306797109745006,47.36269760131835,1473200
2013-12-11,47.22040939331055,47.36270015147421,47.15434693477238,47.36270015147421,3586600
2013-12-12,47.134010314941406,47.26613908443999,47.134010314941406,47.22548348195863,4268800
2013-12-13,47.210262298583984,47.24583499932879,47.15436178639449,47.1899344871393,3523200
2013-12-16,47.25088882446289,47.28137858428759,47.1949883466968,47.1949883466968,3108500
2013-12-17,47.25596618652344,47.30170470176581,47.20006571074446,47.30170470176581,2799900
2013-12-18,47.33729553222656,47.40335799387574,47.13402134936344,47.26106722901132,4893500
2013-12-19,47.28644561767578,47.30676953264373,47.21530028389824,47.26103490827098,5775500
2013-12-20,47.316978454589844,47.31697845458985,47.22550524541799,47.28648867724371,12743900
2013-12-23,47.3525390625,47.42876736353405,47.26614879732322,47.306800531026596,5525100
2013-12-24,47.327144622802734,47.367800247629084,47.3118997327763,47.3118997327763,1281600
2013-12-26,47.37154769897461,47.381760873431105,47.300043787766434,47.300043787766434,1577400
2013-12-27,47.366432189941406,47.38686243251748,47.32046706664799,47.38686243251748,1357300
2013-12-30,47.40730285644531,47.432841639317786,47.330690404499066,47.38176407357284,1888600
2013-12-31,47.43795394897461,47.47881444950899,47.3817717349078,47.42263223544217,2413400
2014-01-02,47.51966094970703,47.5247694849367,47.35111435716413,47.427726798926415,7412500
2014-01-03,47.50434875488281,47.55542242739651,47.468596794456076,47.49413168237721,1903300
2014-01-06,47.60650634765625,47.61672342236117,47.52989387405842,47.57586291688603,2622700
2014-01-07,47.60650634765625,47.65758003116404,47.580971454238494,47.61672342236117,3953000
2014-01-08,47.57586669921875,47.647370641148754,47.560544982615546,47.60651013242516,4540500
2014-01-09,47.647369384765625,47.652477922389515,47.59629569854415,47.62693913094254,3036600
2014-01-10,47.790367126464844,47.790367126464844,47.67800270261143,47.70865002518069,2423900
2014-01-13,47.73930740356445,47.81081134933799,47.70866396871087,47.780167914484416,4716600
2014-01-14,47.810829162597656,47.84658114880482,47.74443373011983,47.74443373011983,2636100
2014-01-15,47.90785598754883,47.90785598754883,47.81081324443558,47.856778398537884,1797400
2014-01-16,47.887413024902344,47.92316498971986,47.87209131093368,47.902734738871004,1269800
2014-01-17,47.89764404296875,47.95382627956195,47.86700060361733,47.92318284021052,2192300
2014-01-21,47.95893478393555,47.98446968448563,47.91807426704738,47.95893478393555,2056000
2014-01-22,47.887413024902344,47.979347205386226,47.87209131093368,47.97423866850603,3235400
2014-01-23,47.82610321044922,47.91292881944708,47.795459794725346,47.897607111585145,4989500
2014-01-24,47.50944900512695,47.739286355211384,47.49412729445554,47.734177819430556,7575400
2014-01-27,47.49413299560547,47.61160595263944,47.473702746700795,47.57585399122415,5482900
2014-01-28,47.703556060791016,47.7444165722507,47.519687655895254,47.555439629254266,5393600
2014-01-29,47.560546875,47.632050819775074,47.55032979907629,47.626942281813214,5781700
2014-01-30,47.64226150512695,47.71887398385349,47.6065095346109,47.65247858051584,3940200
2014-01-31,47.626956939697266,47.688247724084476,47.5605615124499,47.56566615531005,7756900
2014-02-03,47.4842414855957,47.74601536690276,47.37645154927974,47.74601536690276,16150600
2014-02-04,47.54069519042969,47.63308710782101,47.520163218112366,47.60742116340603,5246900
2014-02-05,47.54069519042969,47.58175521899105,47.494497273697384,47.540695190429695,3893000
2014-02-06,47.710105895996094,47.72037384638683,47.561255860011386,47.62284789805315,3426100
2014-02-07,47.951332092285156,47.951332092285156,47.76654822203529,47.76654822203529,5193300
2014-02-10,47.982120513916016,48.01291651288484,47.89485865671582,47.95132059887408,5199700
2014-02-11,48.06425094604492,48.120712895795215,47.961594991630015,48.007788996294636,3950800
2014-02-12,47.98725891113281,48.10531678782338,47.97186090897183,48.07965084017253,2432100
2014-02-13,48.12586975097656,48.13613378486889,47.96161779617086,47.96161779617086,3078400
2014-02-14,48.20282745361328,48.223355505956874,48.08990358536072,48.09503364041035,2158700
2014-02-18,48.26957321166992,48.295235245660976,48.156649297101644,48.156649297101644,3734700
2014-02-19,48.146392822265625,48.34657473275124,48.136124874198536,48.30551077263245,7273600
2014-02-20,48.295196533203125,48.29519653320313,48.18227662522334,48.19254064737749,3756900
2014-02-21,48.33626937866211,48.367069282953445,48.300339420382,48.300339420382,2574600
2014-02-24,48.444091796875,48.47489172185686,48.377365805550674,48.377365805550674,3531600
2014-02-25,48.50054931640625,48.515947319450106,48.44408736119611,48.45435530727469,2979500
2014-02-26,48.582679748535156,48.58267974853516,48.505685813235814,48.54161579423228,2722100
2014-02-27,48.67507553100586,48.68020558864312,48.58268358456633,48.58268358456633,4377300
2014-02-28,48.72636032104492,48.77255429527368,48.618570465106764,48.66989840849573,3919300
2014-03-03,48.68151092529297,48.74340873403217,48.54224577471305,48.67635572601467,9488700
2014-03-04,48.856910705566406,48.87238418173295,48.733118960965456,48.80017200277668,9313600
2014-03-05,48.76920700073242,48.84657435293112,48.743415259821425,48.84141915296264,4531600
2014-03-06,48.696983337402344,48.831089339691246,48.67635073660416,48.81045673889305,4075500
2014-03-07,48.511287689208984,48.6814997374074,48.49065509103766,48.645393674424014,4552000
2014-03-10,48.516448974609375,48.53192244136288,48.444236839582224,48.50613464186245,1908200
2014-03-11,48.46489715576172,48.56806021855753,48.454582817116375,48.557741944643716,1618500
2014-03-12,48.54739761352539,48.557711945798566,48.470026348045444,48.47518548181505,2595000
2014-03-13,48.41844940185547,48.57834713985801,48.397816800941236,48.57834713985801,4829700
2014-03-14,48.38236618041992,48.4906844349183,48.35141529680031,48.428786602947184,4088200
2014-03-17,48.44940185546875,48.4906670619986,48.4081366489389,48.43908752146963,2943100
2014-03-18,48.593814849853516,48.60413311672136,48.44939059582993,48.50097012437182,2903500
2014-03-19,48.346248626708984,48.635097236849575,48.248244733153925,48.583517690076924,9983600
2014-03-20,48.511287689208984,48.52160202066179,48.31527997421427,48.43391642988295,4872300
2014-03-21,48.48033142089844,48.56802093716947,48.46485795781098,48.490649686466924,6106500
2014-03-24,48.495819091796875,48.58866383278758,48.46487215655545,48.58866383278758,5986100
2014-03-25,48.593814849853516,48.635080046793334,48.531917054443795,48.531917054443795,3468800
2014-03-26,48.60411834716797,48.666012188503956,48.56801229463378,48.666012188503956,3887200
2014-03-27,48.53194808959961,48.60931939952264,48.521633751401744,48.57321331292767,2255400
2014-03-28,48.61445236206055,48.66603189581586,48.57318716094982,48.60413802941596,2732600
2014-03-31,48.68667221069336,48.73825175262137,48.66088047209596,48.71761914879681,2641400
2014-04-01,48.777374267578125,48.777374267578125,48.699636482250995,48.7410971616132,4514900
2014-04-02,48.72553634643555,48.78772735259409,48.70480996495655,48.78772735259409,2285900
2014-04-03,48.74625778198242,48.79290201656206,48.73589459313499,48.766988113583764,2812400
2014-04-04,48.860286712646484,48.90174738780007,48.792916080952615,48.80846284565831,4555000
2014-04-07,48.756656646728516,48.87067156776291,48.751473071979035,48.85512084351446,1520900
2014-04-08,48.87062454223633,48.87062454223633,48.75660973091214,48.792886811433,2804400
2014-04-09,48.94840621948242,48.95358979431662,48.81884452599103,48.87067236651487,4383400
2014-04-10,48.8084831237793,48.97432193938593,48.808483123779304,48.97432193938593,3226900
2014-04-11,48.60115432739258,48.829184044150644,48.59597075549166,48.829184044150644,7228500
2014-04-14,48.756656646728516,48.78775018740734,48.63227457619516,48.63227457619516,3355800
2014-04-15,48.8084831237793,48.829213469968785,48.71519854288125,48.829213469968785,3104900
2014-04-16,48.8343505859375,48.84471377221849,48.766976036441825,48.829167015844256,3450100
2014-04-17,48.777374267578125,48.844744906110705,48.767007120783575,48.80846780014578,2443800
2014-04-21,48.777374267578125,48.86029167239453,48.767007120783575,48.83956133271343,1682200
2014-04-22,48.82919692993164,48.855106888460014,48.77737305896698,48.844743695830246,2442800
2014-04-23,48.844730377197266,48.94319847291607,48.818816471827006,48.83954680534185,1591300
2014-04-24,48.8551025390625,48.92247712383555,48.792915481004364,48.84473934735533,1021700
2014-04-25,48.83955764770508,48.88101832393902,48.79810092537884,48.87583475093285,1195400
2014-04-28,48.82919692993164,48.87065760826653,48.78255267832791,48.849927269099084,1903900
2014-04-29,48.90176010131836,48.91212329584718,48.81365910914313,48.90176010131836,1775300
2014-04-30,48.891380310058594,48.93284098526984,48.81882610539271,48.90174745581521,4393100
2014-05-01,48.840904235839844,48.960639601076,48.840904235839844,48.93981588661243,7322200
2014-05-02,48.95541000366211,48.95541000366212,48.846088532153544,48.95541000366212,2146000
2014-05-05,48.93457794189453,48.97622534441837,48.80443278779375,48.81484265256726,3541300
2014-05-06,48.94499969482422,49.01267773329236,48.92417996022035,49.01267773329236,2567800
2014-05-07,49.01791000366211,49.0699673105263,48.96064577459613,48.981465519967465,1578600
2014-05-08,49.00749206542969,49.09598987687796,48.9814614283131,49.0751661615282,4522400
2014-05-09,49.054283142089844,49.090723604017455,49.0074288500615,49.01784268016223,1736600
2014-05-12,49.10639572143555,49.132422382595045,49.049131506480926,49.132422382595045,1123000
2014-05-13,49.184478759765625,49.257359758515484,49.06474342083853,49.07515328992427,1933600
2014-05-14,49.21050262451172,49.24173620171228,49.13762162989953,49.14282855000506,1721400
2014-05-15,49.16365051269531,49.24694137284423,49.11158925692153,49.24694137284423,4240700
2014-05-16,49.26255798339844,49.272971823202155,49.13241278786527,49.194883911539016,3185000
2014-05-19,49.33546829223633,49.37711573276737,49.20012006808823,49.24697045989676,7351000
2014-05-20,49.27297592163086,49.34064999911928,49.2677690012959,49.33544307878432,4217800
2014-05-21,49.26776885986328,49.33544293715744,49.194887862249125,49.31462319931038,2925900
2014-05-22,49.30419158935547,49.314605426242316,49.24172048317953,49.27816494056845,1950900
2014-05-23,49.319828033447266,49.37188532348807,49.27818458444461,49.27818458444461,2289100
2014-05-27,49.366668701171875,49.37707856761007,49.30940450647296,49.33543115842621,4384700
2014-05-28,49.38228225708008,49.403105960310135,49.356251635113686,49.377075338343744,3904400
2014-05-29,49.42915344238281,49.455184075319764,49.37188922729509,49.40312678116282,4734800
2014-05-30,49.48120880126953,49.49161867017142,49.41873767270872,49.44476830253818,4445800
2014-06-02,49.32377243041992,49.54863711729572,49.318541905686615,49.54863711729572,5722500
2014-06-03,49.32904052734375,49.38133384534269,49.3185794699093,49.37087677763267,2978300
2014-06-04,49.32904052734375,49.365646248915446,49.29243480577205,49.3185794699093,2527200
2014-06-05,49.44929885864258,49.46498645002525,49.32902466489334,49.37608743904135,2034100
2014-06-06,49.590492248535156,49.63232848291438,49.46498354539749,49.470214072125614,3059100
2014-06-09,49.64801788330078,49.668936001252966,49.56434541149205,49.66370547433416,2906800
2014-06-10,49.62187194824219,49.679395778321265,49.55389105347749,49.55389105347749,2091000
2014-06-11,49.62712097167969,49.6375780402627,49.56436659100736,49.616659913371926,1699500
2014-06-12,49.59571838378906,49.642785144515145,49.580030793454654,49.580030793454654,1354000
2014-06-13,49.65324401855469,49.66893559918409,49.59049365492915,49.66893559918409,1276500
2014-06-16,49.62712097167969,49.679414294044264,49.62189044252581,49.6375780402627,1869500
2014-06-17,49.590492248535156,49.67939125429883,49.56434360461741,49.62186742945812,7251700
2014-06-18,49.815391540527344,49.84153621283902,49.59575315270042,49.59575315270042,4284800
2014-06-19,49.804908752441406,49.84151446948904,49.75784596897612,49.82059634692983,2882500
2014-06-20,49.851985931396484,49.888591656084955,49.80491914838287,49.815380206708014,2372300
2014-06-23,49.84674072265625,49.9042645573298,49.83105312951321,49.85719778817708,1551000
2014-06-24,49.804908752441406,49.89381177074904,49.8049087524414,49.82059634692983,1839300
2014-06-25,49.87809371948242,49.88855477007299,49.810112849530945,49.836261486285565,2385000
2014-06-26,49.8258171081543,49.88334093648535,49.78398087123661,49.857192290981,1806400
2014-06-27,49.8258171081543,49.85196575365865,49.77875433391426,49.84150469956765,1702700
2014-06-30,49.78398513793945,49.84673949869431,49.73692235966592,49.73692235966592,2647600
2014-07-01,49.7971076965332,49.912659059921346,49.781351421015025,49.86013680579705,3472700
2014-07-02,49.828617095947266,49.89689561578026,49.79710054224772,49.82861709594726,2819400
2014-07-03,49.755069732666016,49.849611350089766,49.73930945710429,49.823348231342884,2776100
2014-07-07,49.71833801269531,49.79186998720228,49.71308458388994,49.739343713532676,1941300
2014-07-08,49.728843688964844,49.78136595842697,49.718340837949334,49.76035624920366,2035300
2014-07-09,49.692081451416016,49.791876575963286,49.67632517010699,49.76561343565318,3945400
2014-07-10,49.53977584838867,49.655327281756655,49.52401956332823,49.655327281756655,6011600
2014-07-11,49.6237907409668,49.65004986765193,49.54500534652815,49.54500534652815,2071400
2014-07-14,49.60801696777344,49.791850840542565,49.60276754817872,49.791850840542565,2632700
2014-07-15,49.529258728027344,49.63955669887456,49.52400529878917,49.6132935598761,2888400
2014-07-16,49.45047378540039,49.58703489653621,49.43996692682479,49.58703489653621,4264900
2014-07-17,49.103816986083984,49.445217742279766,49.09856756426612,49.42946146244172,5767800
2014-07-18,49.30863952636719,49.361165783855,49.18783875140321,49.250863848883256,1994800
2014-07-21,49.22461700439453,49.30865182439058,49.17734416230339,49.29289554609081,3111700
2014-07-22,49.29287338256836,49.37165874583483,49.2456045689225,49.25085398786757,3707100
2014-07-23,49.38746643066406,49.41372958149017,49.33494413620605,49.35070042382403,1995900
2014-07-24,49.476715087890625,49.52398792006061,49.36641715574865,49.408436560523974,3089100
2014-07-25,49.392696380615234,49.492491497678074,49.37694010048791,49.466228359337656,3072300
2014-07-28,49.245635986328125,49.39269995441374,49.23512912735482,49.37694367314637,5355100
2014-07-29,49.17732620239258,49.37166291389752,49.16682335642573,49.27712127143435,3877100
2014-07-30,48.972511291503906,49.25088293241194,48.8989793111581,49.22987722990662,5415100
2014-07-31,48.57331466674805,48.83067646993756,48.5523049675013,48.75714452616913,7460000
2014-08-01,48.56859588623047,48.732178524206276,48.188658381036205,48.579147916505484,10942000
2014-08-04,48.864097595214844,48.879927652487574,48.56331442916633,48.57914448643906,7020400
2014-08-05,48.76909637451172,48.87991076308685,48.69522011546163,48.86935873720291,3612500
2014-08-06,48.885169982910156,48.93266414600234,48.732139497761665,48.74796954347485,4167700
2014-08-07,48.916873931884766,49.04879646570965,48.90104387197877,48.91159992922025,3833900
2014-08-08,49.06989288330078,49.106831022948015,48.811325905770126,48.811325905770126,3426300
2014-08-11,49.302066802978516,49.33372690821391,49.06988196204062,49.13848422465648,6908300
2014-08-12,49.29150390625,49.3706541518834,49.24400973291646,49.32316400450336,4231700
2014-08-13,49.43398666381836,49.44453868968777,49.317894249484105,49.41815661203717,4960200
2014-08-14,49.528968811035156,49.58173698995788,49.449814529674065,49.45509255535253,4246600
2014-08-15,49.62924575805664,49.66090586952622,49.534261397692745,49.61341167636669,6051300
2014-08-18,49.771732330322266,49.78228436138065,49.60814968020243,49.63980979933371,5112800
2014-08-19,49.75592041015625,49.803410606166565,49.72953428395655,49.79813660169272,2747200
2014-08-20,49.792781829833984,49.856106019542445,49.69251953595011,49.771673766597836,2470000
2014-08-21,49.792781829833984,49.84554997494866,49.78222578524021,49.792781829833984,1869100
2014-08-22,49.67144012451172,49.819196652394645,49.65033204909987,49.78753252630001,3065500
2014-08-25,49.777000427246094,49.80338251260632,49.64507792257892,49.7400622869775,1958000
2014-08-26,49.81393051147461,49.85086864576947,49.76643632397853,49.776992377179745,1562400
2014-08-27,49.766441345214844,49.856151702657804,49.7611673440368,49.85087367552467,3685200
2014-08-28,49.69255065917969,49.80864306671333,49.671442582723216,49.75059686294651,1815400
2014-08-29,49.72948455810547,49.750592632767166,49.66616436007395,49.72948455810547,2046000
2014-09-02,49.78778839111328,49.819597650697766,49.697670918505366,49.70827130876231,4484800
2014-09-03,49.660579681396484,49.787804628004785,49.655277462335434,49.787804628004785,3200200
2014-09-04,49.49626159667969,49.70830188751271,49.43794930337781,49.68710109395685,4754500
2014-09-05,49.43794250488281,49.53866041585541,49.43264028501834,49.50155296562156,4752700
2014-09-08,49.390220642089844,49.48564035833965,49.34251280616891,49.427328084831,2549200
2014-09-09,49.162296295166016,49.37434065560114,49.146393675905095,49.37434065560114,4647900
2014-09-10,49.183502197265625,49.204707038207815,49.061579417360356,49.16759957766145,3290600
2014-09-11,49.183502197265625,49.21530743647398,49.07748203696453,49.13049211711508,2822400
2014-09-12,49.125160217285156,49.19407691981438,49.045643122893885,49.14106282728192,5372500
2014-09-15,49.035057067871094,49.1728864688206,49.01915445322472,49.16758424913561,3592400
2014-09-16,49.13577651977539,49.225894027791945,48.99794712583875,49.00854752026077,5132200
2014-09-17,49.29481506347656,49.34782513339452,49.172892307106174,49.23120459733865,4399300
2014-09-18,49.31070327758789,49.34251254577525,49.25239504879488,49.2895024913402,3640300
2014-09-19,49.384910583496094,49.40081319164286,49.31069167146624,49.353101322795595,6000600
2014-09-22,49.29481506347656,49.427342260476,49.252409434187655,49.38493663118709,4355300
2014-09-23,49.045677185058594,49.25772156923074,49.003271543752355,49.18880886324914,3573100
2014-09-24,48.89723205566406,49.035061468984374,48.80181231481293,49.035061468984374,6342700
2014-09-25,48.56325912475586,48.82301125956949,48.50494684324955,48.82301125956949,7348000
2014-09-26,48.53143310546875,48.62685279392756,48.21336478100153,48.35649633589313,11842500
2014-09-29,48.43071365356445,48.43601587108268,48.18156200749802,48.26107909264367,6289400
2014-09-30,48.743507385253906,48.78591706412581,48.53146707971352,48.57917493513723,6905400
2014-10-01,48.79728317260742,48.92505148213482,48.72274725856167,48.8451947655497,9996600
2014-10-02,48.893096923828125,48.91439231492031,48.658855745175174,48.77597836534193,6197300
2014-10-03,49.05813980102539,49.2072034910027,48.9623125629427,49.03151954423762,6371600
2014-10-06,49.11138153076172,49.212533643408634,49.05282020887996,49.13800179041028,4213800
2014-10-07,48.925048828125,49.090083054882086,48.87713317610065,49.047492266789575,4994200
2014-10-08,49.1592903137207,49.18058570788585,48.83454672232536,48.914399373343244,7589400
2014-10-09,48.63756561279297,49.10073128034441,48.589649962234766,49.058140493555115,7177500
2014-10-10,48.24360656738281,48.61094090014947,48.18504525633526,48.54173392422082,14239800
2014-10-13,48.00403594970703,48.42461078745098,47.99339028493908,48.20634013542319,7908500
2014-10-14,48.16375732421875,48.323466692253724,48.03066415334899,48.17972785485412,11695300
2014-10-15,48.17440414428711,48.17440414428711,47.49296774298589,48.025340439212634,11711300
2014-10-16,48.44589614868164,48.49913258486073,47.8336669784228,47.90819880140947,12623100
2014-10-17,48.85580825805664,49.10602390979121,48.65883309010456,48.83983773759335,13575900
2014-10-20,49.20719528198242,49.24446119825984,48.83453611920824,48.887772562221656,7331400
2014-10-21,49.60649871826172,49.6171443873473,49.30837124367888,49.30837124367888,7453700
2014-10-22,49.28171157836914,49.617104719132485,49.21782542988514,49.59581339798345,8363900
2014-10-23,49.260440826416016,50.53281113941865,49.249795160518524,49.441449640121355,9482300
2014-10-24,49.39883804321289,49.46804499659468,49.217829305760034,49.217829305760034,5764300
2014-10-27,49.196537017822266,49.377541690044986,49.1592670494102,49.36689602884097,4911400
2014-10-28,49.27640151977539,49.356258213949445,49.18057429910256,49.26575585600293,6024200
2014-10-29,49.23912811279297,49.34028018080281,49.09006447257609,49.3136599329014,5320700
2014-10-30,49.21782684326172,50.548757845639585,49.18588579894196,49.244447087980916,3341700
2014-10-31,49.260440826416016,49.40950451906688,49.244470296729276,49.40950451906688,5065400
2014-11-03,49.36417770385742,49.46577339615324,49.28931900832144,49.310707789830715,4936200
2014-11-04,49.2090950012207,49.34811999298419,49.17166566645648,49.34811999298419,5886200
2014-11-05,49.19840621948242,49.28930545628449,49.1449363201572,49.27861310821617,4399300
2014-11-06,49.32674789428711,49.33744024519517,49.230500418142924,49.23584863334341,3747700
2014-11-07,49.3748664855957,49.3962552655588,49.267926665272874,49.32674479029822,3456300
2014-11-10,49.3962287902832,49.417617558782396,49.34810712077787,49.35879946528223,2680400
2014-11-11,49.508522033691406,49.52456667139102,49.32672360133804,49.396234046739465,2730700
2014-11-12,49.348121643066406,49.46575786468502,49.33208108184417,49.44971730346278,3218900
2014-11-13,49.144954681396484,49.396263710066776,49.08613654631592,49.396263710066776,5081300
2014-11-14,48.89896774291992,49.160977186371774,48.87758304665089,49.09146264527596,7868000
2014-11-17,48.893611907958984,49.01659223978902,48.845486154140936,48.936385369752855,5213700
2014-11-18,48.7973747253418,48.95778441960299,48.79202651168557,48.87758161221826,5227200
2014-11-19,48.78670120239258,48.797397634726785,48.58351386247273,48.71184249402771,7733300
2014-11-20,48.79201126098633,48.81874824141867,48.615556980909986,48.65833451780554,3274300
2014-11-21,49.059356689453125,49.19838162178392,48.941720522057054,48.989846263032625,7983000
2014-11-24,49.05402755737305,49.16097142364129,48.995209450798356,49.12354209032025,4569100
2014-11-25,49.1342658996582,49.16634704033571,49.01128547406509,49.03267018152078,4878500
2014-11-26,49.19840621948242,49.26256846687596,49.13958810637713,49.16632101629383,3055800
2014-11-28,48.727848052978516,49.005897980983164,48.67972638053005,48.9738127865268,5290500
2014-12-01,48.2374382019043,48.704769318553616,48.20520550202666,48.704769318553616,12432400
2014-12-02,48.500633239746094,48.516747535654446,48.27502490054097,48.37171477423518,6821200
2014-12-03,48.581207275390625,48.618808664064545,48.45228471572805,48.51674599555934,7627000
2014-12-04,48.54899597167969,48.613457279905504,48.506025864441604,48.538254469431614,4581600
2014-12-05,48.51138687133789,48.55436107000501,48.36635407364283,48.484531070854814,5237400
2014-12-08,48.26429748535156,48.45230450551045,48.18372187721328,48.41470310147867,6770800
2014-12-09,48.2374382019043,48.28040830466552,47.931254191661665,47.97422429442289,9702100
2014-12-10,47.68415832519531,48.07629076820881,47.496151303851455,48.006460759779856,15409400
2014-12-11,47.51226806640625,47.75936770524958,47.227571119592824,47.603589279998744,12053000
2014-12-12,46.86766815185547,47.23831348650072,46.78709254455273,47.163110679217,11563300
2014-12-15,46.84078598022461,47.05565279812804,46.44328503096167,46.96970852991288,14114000
2014-12-16,46.674293518066406,47.08791310231615,46.26067803206274,46.43257076755396,14875500
2014-12-17,47.62504959106445,47.79694222252892,46.67426527152383,46.711866656586565,16864000
2014-12-18,48.006492614746094,48.51142550737114,47.657334144423984,48.34490547772071,16638700
2014-12-19,48.46841812133789,48.51138822295708,48.08702722034745,48.14074701930065,9952800
2014-12-22,48.350250244140625,48.50602867435947,48.183726212805425,48.42545305897096,6622400
2014-12-23,48.52214050292969,48.56511470871114,48.318015074590676,48.47379349686409,5314400
2014-12-24,48.687171936035156,48.71414708482473,48.50914583201559,48.54151683372905,2285700
2014-12-26,48.536170959472656,48.82208972140711,48.498408181780064,48.74116830754183,1815500
2014-12-29,48.563148498535156,48.681832705925515,48.406705624249284,48.563148498535156,4717100
2014-12-30,48.46603775024414,48.53077570530932,48.36893699139758,48.428274972081326,3624300
2014-12-31,48.33652877807617,48.55231767981934,48.25021568687748,48.4875797745471,4185400
2015-01-02,48.33652877807617,48.51455493070161,48.27718672720103,48.38508323598809,3271900
2015-01-05,47.888790130615234,48.14234190115192,47.82405631061977,48.0668163672686,7523100
2015-01-06,47.70536422729492,47.9912828603281,47.656809754532034,47.79707320094099,9489700
2015-01-07,48.00209045410156,48.163929146580955,47.94274836544237,48.07761600042533,8353100
2015-01-08,48.36355209350586,48.46065699019349,48.00210768977112,48.180129903835876,8388600
2015-01-09,48.60628128051758,48.627860590001795,48.21247020096988,48.40128401416621,6766700
2015-01-12,48.54693603515625,48.6440408635718,48.35812223430161,48.6440408635718,8698500
2015-01-13,48.54693603515625,48.67641188359843,48.30417602203345,48.55233189113272,7738700
2015-01-14,48.43362045288086,48.46598733883029,48.20164816664032,48.28796535027859,7415500
2015-01-15,48.13694381713867,48.54154660212835,48.12615210467282,48.54154660212835,7061300
2015-01-16,48.32036590576172,48.39049557946164,48.19089415591851,48.19628589678046,7685500
2015-01-20,48.234066009521484,48.4660344052015,48.15314460023361,48.4660344052015,5915300
2015-01-21,48.49300003051758,48.50379174474214,48.17471443005478,48.20708134106238,6110700
2015-01-22,48.5577278137207,48.64404093030173,48.433647821084776,48.5631195538724,6940100
2015-01-23,48.5577278137207,48.6278574781823,48.514569197514106,48.5577278137207,5134500
2015-01-26,48.778892517089844,48.81665526492445,48.51455328224758,48.5900787779168,8252300
2015-01-27,48.74116516113281,48.78432379451947,48.557747142990245,48.595509918245114,8771100
2015-01-28,48.63866424560547,48.82208224750987,48.557742844127986,48.77353187612345,5622400
2015-01-29,48.811302185058594,48.832877387339494,48.63327589748553,48.73577251373911,4923200
2015-01-30,48.67645263671875,48.81132033821978,48.65487331057831,48.75736996495087,6383000
2015-02-02,48.863311767578125,48.86331176757813,48.68456237706325,48.76581247571108,4120600
2015-02-03,49.139556884765625,49.19914001061435,48.912059931098526,48.95538973235556,11682400
2015-02-04,48.93369674682617,49.096196845928816,48.91203392399173,49.096196845928816,8333900
2015-02-05,49.22079849243164,49.226212133810904,48.96621684088331,49.047466919629684,10172500
2015-02-06,49.25870895385742,49.33454124991277,49.17204111119407,49.32912347660876,6076700
2015-02-09,49.139556884765625,49.2858037456798,49.12872133503783,49.226220619831075,4672800
2015-02-10,49.30747604370117,49.30747604370117,49.23164371761316,49.237061493062825,6846600
2015-02-11,49.29121017456055,49.30745936286057,49.199128685826764,49.28037875987734,5688000
2015-02-12,49.28579330444336,49.36704337998339,49.258712700963684,49.36704337998339,3185400
2015-02-13,49.356201171875,49.39411731449543,49.25870192905822,49.29661807167865,4676600
2015-02-17,49.32368850708008,49.44285468292097,49.30743932538336,49.4211877298091,6624200
2015-02-18,49.491607666015625,49.50243907658288,49.312858397539365,49.37244148703145,4744400
2015-02-19,49.37788009643555,49.464543815192975,49.36704454874674,49.43745907852156,2964800
2015-02-20,49.51327896118164,49.51869260066553,49.33452967703207,49.37244581616539,5470600
2015-02-23,49.551185607910156,49.551185607910156,49.4374330797523,49.53493229492444,4165700
2015-02-24,49.599945068359375,49.61619425270143,49.50244582975764,49.54036197073891,3689300
2015-02-25,49.762454986572266,49.77870417411752,49.599954846019166,49.63245322110969,9048500
2015-02-26,49.75160217285156,49.816603033023384,49.692019084164585,49.746184401366705,7928200
2015-02-27,49.762454986572266,49.805784775842874,49.7299524789315,49.77870417411752,4521800
2015-03-02,49.753196716308594,49.82935478806747,49.6661606987143,49.80759474609299,6933000
2015-03-03,49.61176300048828,49.720563220189575,49.56824706291178,49.67704313230906,10032000
2015-03-04,49.519290924072266,49.590012111591456,49.49209397913018,49.53017302229265,7832800
2015-03-05,49.61176300048828,49.61176300048828,49.524726975031264,49.595444005109094,6412500
2015-03-06,49.296241760253906,49.48663691444788,49.24728063471655,49.47575481974931,9271900
2015-03-09,49.192928314208984,49.361563585977414,49.165727202494814,49.356126683880134,9607500
2015-03-10,49.002506256103516,49.14394033901656,48.90458811776888,49.11130234300657,12447300
2015-03-11,49.13850784301758,49.20922489081081,48.99706959712605,49.14938579256074,9214800
2015-03-12,49.236419677734375,49.30713671646128,49.1548205405544,49.28537666985965,4469900
2015-03-13,49.067779541015625,49.17657977222077,48.94266446301027,49.15481972597974,6184500
2015-03-16,49.0188102722168,49.143925318885245,48.986172286182146,49.10584628507701,4772600
2015-03-17,48.774024963378906,48.96985706155736,48.681543737486976,48.89369898162572,13059600
2015-03-18,49.20922088623047,49.214661935711796,48.681551144769166,48.77403238473285,11633900
2015-03-19,48.81754684448242,49.154821346883494,48.784908849196846,49.0514621614064,9226000
2015-03-20,49.19834899902344,49.220109049324954,48.94267359586209,49.01339064661312,9127300
2015-03-23,49.236419677734375,49.25273867510947,49.12761944472623,49.19289958453112,5459200
2015-03-24,49.312583923339844,49.35066297207149,49.203783676745836,49.22010682646372,6767200
2015-03-25,49.182044982910156,49.410519355226384,49.17660393110077,49.345239184433254,5364600
2015-03-26,49.17658233642578,49.24729937766817,49.08410524780773,49.236421429132676,4876400
2015-03-27,49.21467208862305,49.26362909314059,49.14939193229408,49.171151984403735,3822000
2015-03-30,49.35066604614258,49.388745097246186,49.23098784258689,49.236428892831775,4197700
2015-03-31,49.290802001953125,49.41591704213698,49.26360091479845,49.33432208127934,4498400
2015-04-01,49.39244079589844,49.414298776485964,49.23397356337646,49.3705828153109,9298200
2015-04-02,49.430686950683594,49.5017222547206,49.37057855150492,49.430686950683594,4774400
2015-04-06,49.55636215209961,49.621931909776805,49.386963883807546,49.386963883807546,5020700
2015-04-07,49.81867980957031,49.835072258955904,49.55639228143065,49.60010409013053,8659800
2015-04-08,49.8077278137207,49.889694188350965,49.731226975794584,49.840512695979605,7151900
2015-04-09,49.75856018066406,49.86785010027274,49.725775289273535,49.82959967065574,3415700
2015-04-10,49.873291015625,49.87875655160997,49.75307840683294,49.75307840683294,3012700
2015-04-13,49.78042221069336,49.90063904754194,49.76949530233644,49.8733155231729,2866600
2015-04-14,49.80228805541992,49.83507295464878,49.68753673913377,49.79682251588673,2830000
2015-04-15,49.999000549316406,50.0317854451097,49.840533271340945,49.856925719237594,4438300
2015-04-16,49.89517593383789,49.9662154330562,49.87331794707723,49.9662154330562,5285400
2015-04-17,49.742164611816406,49.856915893462535,49.725772167150375,49.856915893462535,3901300
2015-04-20,49.85145568847656,49.933417913720355,49.785881739297544,49.85691705750349,3641000
2015-04-21,49.884239196777344,49.98806357118885,49.856915676463615,49.98806357118885,3730700
2015-04-22,49.83507537841797,49.96622331968219,49.824148467805294,49.960757779883174,4031100
2015-04-23,49.81867980957031,49.922504214325855,49.76950246141354,49.86786132671218,4755200
2015-04-24,49.900634765625,49.91156167304429,49.82959944493925,49.82959944493925,4221400
2015-04-27,49.91704177856445,49.99354265977721,49.873325798161346,49.97168466957566,5049600
2015-04-28,49.84053421020508,49.8951770938848,49.818676222936226,49.87878464567936,4697400
2015-04-29,49.74764633178711,49.8350741214394,49.68207236280895,49.72578834212772,8152700
2015-04-30,49.72031021118164,49.76949171770673,49.62195136711565,49.72577574945869,11463800
2015-05-01,49.83116912841797,49.84214452320367,49.732373825411784,49.75981859360161,8053700
2015-05-04,49.820220947265625,49.92999590173112,49.754360162072665,49.919016312541395,6683700
2015-05-05,49.75434494018555,49.82569549814431,49.66652500348086,49.77629992436172,12736900
2015-05-06,49.606136322021484,49.77628635613535,49.57320594847605,49.75433137794376,13677500
2015-05-07,49.60063934326172,49.71589981172217,49.545749816628486,49.562219187108234,8676400
2015-05-08,49.99036407470703,49.99036407470703,49.83668334747683,49.8696137354588,10319600
2015-05-11,49.6774787902832,49.97935024409315,49.66101360757321,49.95190966873745,5499200
2015-05-12,49.671993255615234,49.79823331301163,49.55673277928803,49.59515293806377,6569200
2015-05-13,49.60063934326172,49.82018069986279,49.578684370105016,49.73785478487887,4349000
2015-05-14,49.84218215942383,49.87511674361752,49.721431788182976,49.721431788182976,5147100
2015-05-15,49.95191192626953,49.99033208349017,49.84213705743692,49.89153679528236,8939400
2015-05-18,49.86958694458008,49.946427266915116,49.809211807390625,49.946427266915116,2843700
2015-05-19,49.79275894165039,49.88057467998145,49.74884897874259,49.88057467998145,4743200
2015-05-20,49.73237609863281,49.86959157088652,49.73237609863281,49.7982410328088,2841700
2015-05-21,49.80373764038086,49.85313739879823,49.72689729394033,49.72689729394033,3709300
2015-05-22,49.84218215942383,49.86413715305733,49.77632136601017,49.79827635964368,3716900
2015-05-26,49.737892150878906,49.831197716279235,49.73240235659474,49.765332747327534,3951500
2015-05-27,49.847660064697266,49.89157004149057,49.77081969905193,49.825705076300615,3737800
2015-05-28,49.825679779052734,49.85312454748589,49.77628422085353,49.84214496511913,5440700
2015-05-29,49.89704132080078,49.929971697433764,49.814711191734,49.814711191734,4764000
2015-06-01,49.98085403442383,50.041493157564766,49.87059152397507,49.97533985738022,9372600
2015-06-02,49.887115478515625,50.03045459776632,49.80441967102163,50.03045459776632,5203700
2015-06-03,49.61697769165039,49.86506089767532,49.58390105246929,49.83198425849422,9532700
2015-06-04,49.457096099853516,49.62248769401756,49.457096099853516,49.578382708096086,11381700
2015-06-05,49.308265686035156,49.41300980962549,49.247622358969124,49.335828158102274,7747600
2015-06-08,49.308265686035156,49.401985662015555,49.25313232973182,49.35236648255946,6487800
2015-06-09,49.22554016113281,49.30823593961498,49.15938269713067,49.29720759257361,11416200
2015-06-10,49.29171371459961,49.33030452967691,49.20901790912444,49.23658037356057,5187500
2015-06-11,49.39096450805664,49.39647868570769,49.275192013895634,49.32481120058473,5202100
2015-06-12,49.20903015136719,49.352365096694136,49.19800179798239,49.297235948023435,5713500
2015-06-15,48.977439880371094,49.18693635796447,48.96090157026234,49.10424060133977,12726200
2015-06-16,49.25310134887695,49.25310134887695,48.96091325103148,48.96091325103148,5249800
2015-06-17,49.20903015136719,49.286211800723066,49.03261435197028,49.17594929729722,5660400
2015-06-18,49.39096450805664,49.44609787239679,49.2255770332917,49.2255770332917,6869900
2015-06-19,49.418521881103516,49.48467938219829,49.31928773250353,49.48467938219829,12585700
2015-06-22,49.51776123046875,49.61148121229966,49.41852707144638,49.556352058639405,5035400
2015-06-23,49.48466491699219,49.5067174109108,49.418507435236364,49.49017488590949,3474800
2015-06-24,49.35234451293945,49.50119777895988,49.35234451293945,49.451578621592176,2636900
2015-06-25,49.20349884033203,49.41850538953423,49.203498840332024,49.379914578294944,5176700
2015-06-26,49.0601692199707,49.24209916786471,49.03811672270321,49.203508349167535,6683200
2015-06-29,48.723880767822266,48.95542990875996,48.71837079752875,48.872734087431084,10156900
2015-06-30,48.95541763305664,48.98849427086046,48.83413101966512,48.93336513915971,4912700
2015-07-01,48.96372985839844,49.17969711869175,48.93050542600776,49.17969711869175,13614700
2015-07-02,49.14649200439453,49.20186748843785,49.01912458870416,49.09111652035122,5586300
2015-07-06,48.98586654663086,49.146458297630744,48.958180936036506,49.05231961683362,4719100
2015-07-07,49.024635314941406,49.08001076725626,48.803129280805784,48.91388441031169,8406300
2015-07-08,48.780982971191406,48.963725783887114,48.76437075637845,48.82528502727702,5744800
2015-07-09,48.891719818115234,49.13537681054299,48.891719818115234,48.980319672259405,6291000
2015-07-10,49.174156188964844,49.21291943004783,49.041250026786216,49.05786224083944,7097900
2015-07-13,49.218448638916016,49.25167728826722,49.12984876535669,49.23506507602959,6119200
2015-07-14,49.16861343383789,49.190764459091675,49.08554814535521,49.140923596051636,6354100
2015-07-15,49.16861343383789,49.229527697066786,49.091086957887676,49.16307462130543,5983300
2015-07-16,49.24614334106445,49.301518795619224,49.21845350134888,49.22399231426727,7523600
2015-07-17,49.11322784423828,49.27935416203256,49.063386991487356,49.27935416203256,7788400
2015-07-20,48.88621139526367,49.09664410130445,48.880672580663216,49.091105286704,6740400
2015-07-21,48.797584533691406,48.9083354152636,48.7920457221502,48.8474211629363,4904800
2015-07-22,48.48195266723633,48.69238108770136,48.465336228227976,48.65915665943752,10578500
2015-07-23,48.45429992675781,48.57058973959647,48.45429992675781,48.46537333636545,4918400
2015-07-24,48.31583786010742,48.48196850545146,48.28814801092414,48.45427865626819,4702900
2015-07-27,48.11091232299805,48.326879484998166,48.072149094558924,48.18290419358144,11061700
2015-07-28,48.37120819091797,48.42658365851937,48.138628692065694,48.16077972408173,10471000
2015-07-29,48.653629302978516,48.69239255337278,48.37120892160464,48.37120892160464,8839500
2015-07-30,48.797584533691406,48.8252701416468,48.625915174916585,48.625915174916585,6127600
2015-07-31,48.71453857421875,48.864052746107525,48.69792635788411,48.7366896042906,5936500
2015-08-03,48.62330627441406,48.72899413104323,48.60105508249716,48.723430272068775,5416900
2015-08-04,48.6511344909668,48.74569890746752,48.6400110130183,48.673385690846224,3691400
2015-08-05,48.584354400634766,48.80130242017228,48.578794786683126,48.75123618674667,7778300
2015-08-06,48.38411331176758,48.578805944295176,48.37298559334823,48.523180084141735,10794800
2015-08-07,48.233943939208984,48.334072237220276,48.21725659687098,48.31182103277518,5483500
2015-08-10,48.37297058105469,48.37853443853764,48.24503156680506,48.26727850877735,3234500
2015-08-11,48.15046691894531,48.22834395418178,48.09484107148785,48.18940543656355,4598600
2015-08-12,48.083717346191406,48.10596853385315,47.861209713554025,47.98358912370359,6371900
2015-08-13,48.02253341674805,48.08372312918206,47.994718367830544,48.04478460708592,7422100
2015-08-14,48.05033493041992,48.12265234602951,47.99470908732163,48.0002729448254,3437900
2015-08-17,48.05033493041992,48.12265234602951,47.95020671525108,48.0002729448254,4153600
2015-08-18,47.98917770385742,48.06149516840389,47.93911568438618,47.98917770385743,5471300
2015-08-19,47.944664001464844,48.08929039570297,47.85009536648603,47.955787476413434,7208500
2015-08-20,47.71104049682617,47.82229649398899,47.64429114251082,47.78335795597759,11099100
2015-08-21,47.5385856628418,47.69990363046162,47.48852366115693,47.57752418992374,13158600
2015-08-24,47.14918518066406,47.49406795384282,46.40934916081319,46.620729061922106,19116200
2015-08-25,47.24375915527344,47.66652328752998,47.23263568199487,47.59420585728703,18194700
2015-08-26,47.63872528076172,47.727730074753644,47.38840672462822,47.42734526100414,10654800
2015-08-27,47.99472427368164,48.08928866126852,47.76109311235601,47.76109311235601,12772100
2015-08-28,48.03919982910156,48.1170768393811,47.872318096228966,47.96132281882202,9100000
2015-08-31,47.97245788574219,48.005836786774175,47.68876481283888,47.97245788574219,5408800
2015-09-01,47.81769943237305,47.923858752542515,47.73947498049537,47.88474652660368,4739100
2015-09-02,48.01325988769531,48.030021661017535,47.8735727594596,48.013259887695305,5259700
2015-09-03,48.080345153808594,48.18092012758793,47.97418149734267,48.0524060032915,8779000
2015-09-04,48.03001022338867,48.091472886209,47.96854756056834,47.974136237982506,4671000
2015-09-08,48.29265594482422,48.298244626092135,48.18649231530774,48.24795502051046,5450300
2015-09-09,48.231170654296875,48.39879691052134,48.18646975091531,48.387619553219565,4914800
2015-09-10,48.348506927490234,48.387619151896516,48.20881980276599,48.20881980276599,4744100
2015-09-11,48.331748962402344,48.35968809471347,48.11383737169739,48.13618782496368,4834900
2015-09-14,48.2479248046875,48.298214378774745,48.175289045352706,48.25351348245544,4383100
2015-09-15,48.23675537109375,48.28145627080387,48.164115343336704,48.192054471383635,4247800
2015-09-16,48.06355285644531,48.18089381420013,48.01885620811067,48.06914153607971,5026700
2015-09-17,48.10264587402344,48.28144944759513,47.9685474567565,48.05794924354234,6576800
2015-09-18,47.96854782104492,48.080300055375915,47.87915029649199,47.96295914360041,10827600
2015-09-21,47.879146575927734,47.99648321567345,47.834445685668925,47.974132770544045,7579000
2015-09-22,47.532745361328125,47.87917104349962,47.47128267154103,47.68919429427212,7366900
2015-09-23,47.44890594482422,47.55506948893589,47.415382410014786,47.52154595412646,7686000
2015-09-24,47.2142448425293,47.353931957448026,47.130431720995574,47.353931957448026,9167500
2015-09-25,46.9739875793457,47.35952541959778,46.95722580592828,47.27012361082106,8384200
2015-09-28,46.2531852722168,46.94603199577134,46.219661737130544,46.75047093624926,12416300
2015-09-29,46.24760437011719,46.42640369215423,46.169379933157984,46.21408082939527,11417600
2015-09-30,46.538169860839844,46.56610473216451,46.28114602492068,46.448768041608815,14539800
2015-10-01,46.239463806152344,46.53140608126408,46.21700604908541,46.45842158333094,12179800
2015-10-02,46.284385681152344,46.30122793042238,45.84647006661238,45.97559683326915,14060200
2015-10-05,46.84024429321289,46.862702073968,46.49215511658414,46.52584392940866,13531400
2015-10-06,47.09846496582031,47.148996003259896,46.80090710290153,46.868280391694206,13985800
2015-10-07,47.581321716308594,47.62623726629452,47.27253266438364,47.356748249761594,18000700
2015-10-08,47.77779769897461,47.794639950844896,47.41848204780702,47.50831310228913,9466900
2015-10-09,47.78342056274414,48.05852071350713,47.710436032283255,47.85079386397187,9900600
2015-10-12,47.693607330322266,47.86203850468891,47.626238287281765,47.82273846845439,3867000
2015-10-13,47.581321716308594,47.693606307890796,47.51394839132971,47.60377949130156,7772600
2015-10-14,47.54761505126953,47.69358409566805,47.51954177475719,47.58691506835846,7748100
2015-10-15,47.6599006652832,47.69358517115311,47.502700593382656,47.620600647308066,8049200
2015-10-16,47.87886428833008,47.884479801111816,47.65990640703561,47.671137432599096,5978200
2015-10-19,48.007999420166016,48.041683932927356,47.766583750819386,47.80588377683481,10347000
2015-10-20,48.05291748046875,48.10906405419692,47.88449060943079,47.93501738572752,10294800
2015-10-21,48.002376556396484,48.15396112399223,47.867634242602385,48.086592108785645,14332200
2015-10-22,48.019222259521484,48.10343781796003,47.95185323947563,48.047295540128076,11805100
2015-10-23,48.187644958496094,48.33361399868358,48.04728714674471,48.226944974451264,13201700
2015-10-26,48.137107849121094,48.249396654391575,48.103423349229914,48.243781143283066,9354100
2015-10-27,47.97990036010742,48.10341588504915,47.912527087399404,48.097800374811996,5585800
2015-10-28,48.109039306640625,48.12026604558185,47.890081488556866,47.97990825022662,8637000
2015-10-29,47.98554611206055,48.103446201068756,47.96308834033774,47.974315084508156,6064500
2015-10-30,48.041656494140625,48.14832976813433,47.94059873019373,48.01919873733252,8803100
2015-11-02,48.19058609008789,48.21314774163659,48.00445569220742,48.04393750661888,5476000
2015-11-03,48.24131393432617,48.26951705547607,48.14543020752392,48.14543020752392,5873700
2015-11-04,48.100337982177734,48.26390672340281,48.077776331333425,48.26390672340281,6082100
2015-11-05,47.91423416137695,48.13420500010217,47.9085969729359,48.08344448494894,8529600
2015-11-06,47.68295669555664,47.76756180775551,47.57014844489321,47.72807999582201,8207700
2015-11-09,47.48554229736328,47.62654936744388,47.45169767437183,47.58142607225146,10127900
2015-11-10,47.37838363647461,47.485550405055704,47.305061496663605,47.43478561349808,9673000
2015-11-11,47.26557922363281,47.43478515306077,47.23737608379733,47.40094482781417,3943900
2015-11-12,46.949729919433594,47.19790383003033,46.93845124313186,47.07945836448075,11570600
2015-11-13,46.814334869384766,47.017385340784536,46.80869338318112,46.97226205754167,7487900
2015-11-16,47.03432846069336,47.062531602288615,46.70719095224752,46.76359723543802,8228200
2015-11-17,47.06818389892578,47.231752705661194,47.0230648823616,47.15278904767811,9106400
2015-11-18,47.15839767456055,47.18660080555591,47.039952270128516,47.039952270128516,7479000
2015-11-19,46.73537826538086,47.0907144918805,46.72973677833344,47.000472215090625,9428300
2015-11-20,46.7241325378418,46.93282469301947,46.707212366405244,46.746694200822944,9763700
2015-11-23,46.684600830078125,46.75228574671348,46.63948185551383,46.66768067671744,5138900
2015-11-24,46.746681213378906,46.763605683310615,46.57183375284874,46.616957066274594,9529200
2015-11-25,46.79743194580078,46.80871061916798,46.724105507732446,46.724105507732446,7132500
2015-11-27,46.87074661254883,46.89894974626519,46.78050433040576,46.82562331988028,2259900
2015-11-30,46.842559814453125,46.89896179317975,46.80871518466103,46.87075865221887,5356300
2015-12-01,47.175811767578125,47.198482066831815,46.926447123622374,46.9547817547514,9849200
2015-12-02,47.079444885253906,47.28914181530201,47.05677459628259,47.14178709894617,11871300
2015-12-03,46.95478057861328,47.113468345496834,46.8811053508223,46.99445252033417,15290200
2015-12-04,46.84708786010742,47.00010692494281,46.756406692859755,46.92643171949111,14027900
2015-12-07,46.518367767333984,46.756399307889005,46.484360173029444,46.66005382584274,11989900
2015-12-08,45.940303802490234,46.25768363523148,45.88363022218834,46.15000080591597,25199100
2015-12-09,46.17832946777344,46.30300958708743,45.934629235255464,45.94029356528152,16703900
2015-12-10,45.98563766479492,46.22933791594488,45.90629379920344,46.05931287601091,14206800
2015-12-11,45.06751251220703,45.64559421809511,44.557446014433154,45.64559421809511,54233300
2015-12-14,44.67644500732422,45.06183122492521,44.325062057068465,44.99948901884895,38540500
2015-12-15,45.407569885253906,45.59459227991117,45.203541523884816,45.226211822249965,36337800
2015-12-16,45.75325012207031,45.843926923741876,45.37352831357311,45.5605548921579,30575300
2015-12-17,45.24320602416992,45.798613109061264,45.22620438417154,45.73627087978946,17345300
2015-12-18,45.073184967041016,45.22053973326783,44.965502138961774,45.09018660854469,23548900
2015-12-21,44.931495666503906,45.28287875366593,44.81247986050951,45.16952727849271,14468700
2015-12-22,45.47555923461914,45.486896541466876,44.97682583121036,44.99949612099017,12569500
2015-12-23,45.764591217041016,45.843935054042824,45.57756460528755,45.62857382845432,12824900
2015-12-24,45.8580322265625,45.97767622008819,45.73268965808632,45.77826956421204,5284300
2015-12-28,45.584571838378906,45.72130724107808,45.51050338741428,45.71560866483309,7151600
2015-12-29,45.84665298461914,45.88083575095498,45.664337652927365,45.670036229563465,7485500
2015-12-30,45.88082504272461,45.94349633087357,45.68141837440489,45.789669571523895,13145300
2015-12-31,45.90932846069336,46.08024665464992,45.80107722846899,45.8523557293745,7935200
2016-01-04,45.63584518432617,45.670032294456696,45.39085857096743,45.58457103924039,14787700
2016-01-05,45.721290588378906,45.88081589121534,45.61873798702142,45.772564715688404,11491300
2016-01-06,45.721290588378906,45.76687048825746,45.5389753356032,45.5389753356032,11320100
2016-01-07,45.425045013427734,45.57887179316409,45.36237371697294,45.3908579037997,11004700
2016-01-08,45.30539321899414,45.704210925026985,45.29400041447417,45.60165829738878,17902100
2016-01-11,45.23701477050781,45.5503667927625,45.18573629797333,45.49909266696638,16917700
2016-01-12,45.28262710571289,45.550399421243945,45.180074433922165,45.51621664622753,15217700
2016-01-13,44.7812385559082,45.36237157804379,44.718567262408484,45.31679166518223,20352700
2016-01-14,44.98064041137695,45.03191889452503,44.59891846231383,44.815420851789064,18572700
2016-01-15,44.38810729980469,44.8268018448743,44.10893369711317,44.25136761192953,27309900
2016-01-19,44.234291076660156,44.513460426264935,44.09185711406227,44.410907799324875,15975700
2016-01-20,43.938018798828125,44.10893690097957,43.19736064928986,43.88674032546578,25973500
2016-01-21,44.234291076660156,44.41660637491587,43.75571504876626,43.93803034702197,20065800
2016-01-22,44.91227340698242,44.9635475416911,44.57612703029318,44.66728684320522,17653100
2016-01-25,44.467872619628906,44.86098729239061,44.456475471584575,44.775526069011676,16448400
2016-01-26,44.8666877746582,44.889477724977766,44.541938589396885,44.644491192465644,12010900
2016-01-27,44.79832458496094,45.05470830412496,44.65589063433845,44.84960306748943,14563000
2016-01-28,45.02621841430664,45.17435093556344,44.860994514970024,45.071798320345515,14622600
2016-01-29,45.17436981201172,45.26552531544039,45.083209961842144,45.1230913096061,14218700
2016-02-01,44.90582275390625,45.11194443613042,44.837114070404695,45.09476835732515,8865500
2016-02-02,44.585201263427734,44.78559617623344,44.5622983636383,44.68826212833945,15442100
2016-02-03,44.80275344848633,44.88863819456747,44.44776520321477,44.7225955170185,15465200
2016-02-04,44.659637451171875,44.88293528896518,44.619558464088,44.78560123008748,8989700
2016-02-05,44.31610107421875,44.6539090435718,44.247392369543405,44.6539090435718,14632300
2016-02-08,43.800811767578125,43.97258140417607,43.67484794984407,43.95540094588962,15649900
2016-02-09,43.634761810302734,43.83515677468681,43.44009366441038,43.566053093249934,18685000
2016-02-10,43.571754455566406,43.93246954899771,43.485869701498004,43.74925077884913,13086000
2016-02-11,43.27976608276367,43.440086395727675,42.993486362036464,43.14235303993353,22158200
2016-02-12,43.92676544189453,43.96684443207471,43.38283129712664,43.43436392351962,17751500
2016-02-16,43.96685028076172,44.10426335561851,43.90959519692831,43.97829955021525,14106000
2016-02-17,44.32755661010742,44.42489067928544,44.15006455827899,44.1901435496042,16353000
2016-02-18,44.36764144897461,44.51650816563811,44.33901609041667,44.48787843879716,13247300
2016-02-19,44.453521728515625,44.47642463399649,44.115713701308685,44.17296878086955,12879900
2016-02-22,44.837120056152344,44.86002295371039,44.630998346410955,44.68253095798683,13826600
2016-02-23,44.74549865722656,44.81992977449699,44.51074730784498,44.69396606197806,16809700
2016-02-24,44.819942474365234,44.87147508421566,44.3504440108479,44.407699068685446,13622100
2016-02-25,45.06041717529297,45.07759762441619,44.69397955638864,44.84857302053074,10699100
2016-02-26,45.3638916015625,45.40397059226811,45.15204301167147,45.20357127045767,12060200
2016-02-29,45.850555419921875,45.87918076746678,45.38105691102853,45.39250617639022,23746800
2016-03-01,46.57517623901367,46.62697988129459,45.78089031783624,45.947806334343824,24023200
2016-03-02,46.258644104003906,46.396779918193715,46.1723075734134,46.333466755177895,14987400
2016-03-03,46.41405487060547,46.54643816065928,46.03993276350642,46.201091974869904,12018400
2016-03-04,46.54642105102539,46.75937947722207,46.333458233571164,46.49461738569542,18029900
2016-03-07,46.60395050048828,46.621216915263496,46.43127757022603,46.43703450556945,12656200
2016-03-08,46.27589797973633,46.5349031099955,46.252874618406615,46.50037026362952,17813700
2016-03-09,46.39101028442383,46.44856649198216,46.25287450803238,46.362234376273236,7699600
2016-03-10,46.713340759277344,46.73060718530526,46.36224212585007,46.655780150840435,18167000
2016-03-11,47.277366638183594,47.34643668797547,46.989581350933264,47.035628050794514,18662700
2016-03-14,47.14503860473633,47.23137077082195,46.926318740626854,47.12776778025949,12512400
2016-03-15,46.707576751708984,46.89751619178744,46.68455339007003,46.85146946850953,16442600
2016-03-16,47.01836395263672,47.19103249874086,46.51761594729875,46.5809290649135,21567100
2016-03-17,47.31769561767578,47.398275213586466,47.03566703198835,47.127756116775444,18423000
2016-03-18,47.427032470703125,47.54790180582049,47.35796239724042,47.36947627177912,12922000
2016-03-21,47.375240325927734,47.46157684091438,47.27739432486305,47.421287052754955,12653600
2016-03-22,47.24860763549805,47.34070107670288,47.185298883740934,47.2773879336888,8941200
2016-03-23,47.02988815307617,47.23709398626153,47.012621732186815,47.23709398626153,11354200
2016-03-24,46.822696685791016,46.903276268835384,46.66729445885057,46.69031782418581,13497800
2016-03-28,46.609737396240234,46.868742566865265,46.586714031322344,46.77089655940762,11298900
2016-03-29,46.78815841674805,46.805424840936055,46.43705982073376,46.47159266910978,11348400
2016-03-30,46.955081939697266,47.029904586781996,46.84572204750888,46.874502353218915,11796400
2016-03-31,47.01836395263672,47.13923325228618,46.89749465298725,46.903247197312076,9436700
2016-04-01,47.05250549316406,47.13346065880401,46.722901058279795,46.82698690149196,10822400
2016-04-04,46.936851501464844,47.13346005243655,46.88481078639108,46.98889662826419,9269700
2016-04-05,46.763370513916016,46.8790194699524,46.711325395492224,46.73445606904448,13254500
2016-04-06,47.15658187866211,47.19705945336391,46.82697750988323,46.84432441165189,13935000
2016-04-07,46.9252815246582,47.075628699152546,46.87323640544961,46.9657591010538,11306100
2016-04-08,47.13920211791992,47.20859409484313,47.081377676344964,47.17390031224257,7953000
2016-04-11,47.20288848876953,47.335888895172516,47.197109123247664,47.214456043272094,8126900
2016-04-12,47.480411529541016,47.497758434617275,47.254892940098415,47.28380297798365,11772800
2016-04-13,47.79267883300781,47.89098092303329,47.59607024123036,47.59607024123036,13596100
2016-04-14,47.77531814575195,47.83892640018269,47.705926119538816,47.79266504937393,10758400
2016-04-15,47.70013427734375,47.74639562032553,47.648093575282616,47.68857114746055,7857300
2016-04-18,47.9719123840332,47.97769615462381,47.49196089467265,47.50931220644446,9211400
2016-04-19,48.17428970336914,48.232118573181296,48.041293890937254,48.08177145277174,11623600
2016-04-20,48.26682662963867,48.399822481373874,48.12226323583322,48.21478151377189,10128800
2016-04-21,48.11648941040039,48.34200799841325,48.09335873320349,48.32466109344697,13349500
2016-04-22,48.22638702392578,48.255297078412625,48.1165173463826,48.156994952046695,10982300
2016-04-25,48.04130554199219,48.20899959932547,48.02395864153089,48.13960758575584,8972400
2016-04-26,48.20323181152344,48.20901558416976,48.087582828952314,48.16275422645096,8291000
2016-04-27,48.48659133911133,48.52128957502259,48.23216260888391,48.24950952097585,10505400
2016-04-28,48.40562057495117,48.59644537005066,48.37092676192435,48.475012612730794,9229000
2016-04-29,48.48659133911133,48.52128957502259,48.19746437297265,48.359374768133925,20284700
2016-05-02,48.505165100097656,48.522591396416175,48.38317659395136,48.43545548290692,11420700
2016-05-03,48.191463470458984,48.34249871140244,48.121753874966174,48.33087822952933,18449200
2016-05-04,48.01140594482422,48.13339446395935,47.988169403286506,48.10434767905792,17645200
2016-05-05,47.9707145690918,48.16821840679884,47.94747804137665,48.16241259880593,18782100
2016-05-06,47.941688537597656,48.046250741584686,47.75580066738921,47.76742115223023,16204400
2016-05-09,47.85453414916992,47.97652260139427,47.796445043146136,47.8661546295235,11622800
2016-05-10,48.26116943359375,48.2727854826773,47.88358357561162,47.88358357561162,11420700
2016-05-11,48.226322174072266,48.423830503749194,48.17404329475286,48.26117919220104,20692000
2016-05-12,48.30185317993164,48.35413207132976,48.191480722202016,48.35413207132976,11312400
2016-05-13,48.086910247802734,48.319271177466504,48.063673711644746,48.25537181101107,11332400
2016-05-16,48.35409164428711,48.37732816500916,48.13916158345622,48.17401414858271,12981700
2016-05-17,48.25540542602539,48.40063055424046,48.22055281346792,48.27283173230413,7489900
2016-05-18,48.26116943359375,48.406394422670346,48.127560493600704,48.2727854826773,16612500
2016-05-19,48.12758255004883,48.162439577104045,47.976547251254836,48.092729954910595,20290200
2016-05-20,48.296051025390625,48.30767151336984,48.13339964902253,48.13339964902253,10556700
2016-05-23,48.30766296386719,48.563256039246,48.191480264225156,48.284426423938775,10457400
2016-05-24,48.59809494018555,48.59809494018555,48.3947763996199,48.42963341247082,10838400
2016-05-25,48.67360305786133,48.74911844922476,48.65036653007692,48.69683958564573,15119600
2016-05-26,48.5341911315918,48.76074175070639,48.52838089133085,48.76074175070639,12269000
2016-05-27,48.615535736083984,48.615535736083984,48.522589583302725,48.55744217463745,6225600
2016-05-31,48.569061279296875,48.72009655731554,48.51677796186426,48.650386944710846,11994100
2016-06-01,48.64609909057617,48.669447885704116,48.389271250823434,48.44180269986582,16488600
2016-06-02,48.65776824951172,48.686955352275454,48.51184164234627,48.564373083329045,12118900
2016-06-03,48.7453498840332,48.77453254830524,48.58191271345736,48.704490591389245,13093000
2016-06-06,48.96131134033203,48.990498453651604,48.80955082038934,48.90294156702113,16126200
2016-06-07,49.177284240722656,49.23565401384422,48.99049829473672,49.01968540796162,18423500
2016-06-08,49.36404037475586,49.38155085078457,49.23562427944459,49.24146258922934,14652800
2016-06-09,49.17144775390625,49.36407202035792,49.11307797861652,49.36407202035792,11188300
2016-06-10,48.932106018066406,49.04300719999619,48.832877004061686,48.972965285793414,15259900
2016-06-13,48.60525894165039,48.920461119938466,48.60525894165039,48.739513453141804,17257900
2016-06-14,48.44181442260742,48.587741087475294,48.31339824499115,48.52353299866716,20578800
2016-06-15,48.46513366699219,48.669429982551705,48.43011271384646,48.59938807626026,14202800
2016-06-16,48.49432373046875,48.5351829960805,48.12658588663706,48.360069312986745,19195500
2016-06-17,48.523555755615234,48.640299814258086,48.48269644842285,48.50020694388666,16113800
2016-06-20,48.809539794921875,49.01383618202614,48.75700389347949,48.87374786705853,13368400
2016-06-21,48.996341705322266,49.01969050766561,48.815389600493596,48.89710818203092,12141800
2016-06-22,49.042999267578125,49.10137345774033,48.96711905502291,49.02548879185965,10759500
2016-06-23,49.40491485595703,49.404914855957024,49.21812896523482,49.258988239663836,9920200
2016-06-24,48.593589782714844,49.14810944635103,48.38929329891885,48.44182477189668,31416700
2016-06-27,47.89311981201172,48.48266016699323,47.86977101775594,48.44763920227314,27244200
2016-06-28,48.49432373046875,48.51183420811294,48.26667861444244,48.34839714566594,13910300
2016-06-29,49.10721206665039,49.20644552753459,48.76282746865654,48.786176256316004,23604300
2016-06-30,49.43994140625,49.49831562202596,48.99632764897913,49.06636958258642,26304600
2016-07-01,49.53788375854492,49.67276598242489,49.40886286662551,49.43818742362509,16343000
2016-07-05,49.256385803222656,49.438190012401456,49.174282408483634,49.438190012401456,12078200
2016-07-06,49.47339630126953,49.47926211025494,49.11565801628147,49.19189563588664,9607000
2016-07-07,49.53788375854492,49.61412134272494,49.40886286662551,49.485100450805525,13058100
2016-07-08,50.1947135925293,50.224038151112374,49.7255519752962,49.743144920726266,21395600
2016-07-11,50.22403335571289,50.388240129780954,50.200574605946166,50.22403335571289,18313500
2016-07-12,50.364784240722656,50.62282602851434,50.3530571023227,50.47034638351932,16074300
2016-07-13,50.218162536621094,50.376507963164755,50.14779076864486,50.3589150211707,13040300
2016-07-14,50.31787109375,50.38238154054526,50.20057733853167,50.376515734209526,7764400
2016-07-15,50.218162536621094,50.399966710589695,50.200569594627034,50.34718341030894,9163800
2016-07-18,50.388240814208984,50.39997242640121,50.218168231814374,50.24749278799585,7447200
2016-07-19,50.25334930419922,50.3589114229195,50.165380126215936,50.276808049947974,7349700
2016-07-20,50.38236618041992,50.429279193905565,50.22988658227235,50.32371708354154,7247500
2016-07-21,50.312015533447266,50.48208815742465,50.28269097009593,50.30614972591697,11265000
2016-07-22,50.53486633300781,50.587649651481115,50.27682897099424,50.32374200771481,10523500
2016-07-25,50.29441833496094,50.487945224104934,50.24750082728369,50.487945224104934,14768400
2016-07-26,50.10087966918945,50.28854519824593,50.07155511259035,50.25922064164683,14292600
2016-07-27,50.25334930419922,50.27094224493622,50.04808639747215,50.1888388719647,11730800
2016-07-28,50.042236328125,50.14779847060069,49.98945301973752,50.14779847060069,17968100
2016-07-29,50.08916473388672,50.10089187480384,49.84285003162468,49.95427800468845,15202400
2016-08-01,49.80814743041992,50.06145929112098,49.766910824931514,50.055567063350374,18335300
2016-08-02,49.73744583129883,49.84348344110503,49.65497263416646,49.79046238897585,21959800
2016-08-03,49.9613151550293,50.00844399372005,49.74923987537431,49.778696523169394,13733700
2016-08-04,50.279422760009766,50.34422378274678,50.0732397305979,50.14393298116181,11832000
2016-08-05,50.3913459777832,50.53272796583207,50.37367379108364,50.444362537881894,12314900
2016-08-08,50.597530364990234,50.62109477938545,50.42669173146432,50.4856005202261,10800900
2016-08-09,50.774261474609375,50.80960584914919,50.61520280027515,50.62698725475676,13772300
2016-08-10,50.680023193359375,50.809625275493595,50.662350999332745,50.78606085197335,7250400
2016-08-11,50.8037223815918,50.874415637313035,50.72124916381034,50.76248577270107,6732600
2016-08-12,50.84495544433594,50.856739900027556,50.73303008198342,50.77426668799813,3996500
2016-08-15,50.99811553955078,51.0275721806489,50.85673355007509,50.95098671157474,9396400
2016-08-16,50.8921012878418,51.01581114723343,50.86853686303561,51.01581114723343,8104400
2016-08-17,50.962764739990234,50.986329151007055,50.85083491127329,50.927415876239074,14139600
2016-08-18,51.1630859375,51.1630859375,50.96868280176691,51.00403168655307,8582700
2016-08-19,51.00989532470703,51.13949735397127,50.98633540525207,51.09826075324651,7474000
2016-08-22,50.92741012573242,50.99221112509866,50.844936943711986,50.95686675979029,5364700
2016-08-23,51.098262786865234,51.14539161655558,51.00989735480897,51.05702618449932,7476400
2016-08-24,50.95689010620117,51.1218365458139,50.95099787779974,51.09238439271357,6655300
2016-08-25,51.05113983154297,51.11593635605294,50.9745543576129,50.986338812580314,7482800
2016-08-26,50.99225616455078,51.26324035831777,50.903895173234055,51.021712824626555,10544900
2016-08-29,51.24555969238281,51.275016347591254,51.0511610491526,51.06883324449584,10038500
2016-08-30,51.2750129699707,51.33392178205254,51.127738692538955,51.24555631670265,16157400
2016-08-31,51.0747184753418,51.26912160349331,51.02759412155559,51.23377721454007,16985000
2016-09-01,51.17588806152344,51.19363620223187,50.951070756267896,51.11672608790559,14952700
2016-09-02,51.41252899169922,51.489439088855,51.24687369704478,51.329701344372,13540100
2016-09-06,51.47170639038086,51.4776239423272,51.38296116626422,51.39479627015689,12662000
2016-09-07,51.329689025878906,51.477596148291376,51.294188247138244,51.442095369550714,8245100
2016-09-08,51.23505783081055,51.365216900835726,51.2291402784176,51.33563365264094,8430700
2016-09-09,50.743988037109375,51.211375218825744,50.726239899563055,51.08713374223306,25087600
2016-09-12,50.92146682739258,51.01612955774291,50.61382198128886,50.64340069919777,17718300
2016-09-13,50.531028747558594,50.862339501786046,50.448196545231234,50.79725995880987,21907200
2016-09-14,50.519195556640625,50.76767863173186,50.46003356453851,50.6020232483377,14257700
2016-09-15,50.814979553222656,50.83864523862347,50.54874849155734,50.58424476277459,9964800
2016-09-16,50.82681655883789,50.83864714509797,50.63157803228554,50.7499019499589,8396600
2016-09-19,50.856407165527344,50.92148668958595,50.77357950104715,50.86232471692427,9855500
2016-09-20,50.7972526550293,50.93924231302959,50.71442497838164,50.88008033167696,8705600
2016-09-21,51.217281341552734,51.246864573374886,50.80905621399766,50.82680886135142,17484300
2016-09-22,51.38887023925781,51.54860800529602,51.300125029783764,51.38887023925781,11813600
2016-09-23,51.329689025878906,51.453930467053326,51.294188247138244,51.353354707116964,13122600
2016-09-26,51.10490417480469,51.28239465523678,51.06349033120659,51.217315113329704,6590500
2016-09-27,51.25278854370117,51.258706094081624,50.95697421743626,51.03388883107692,8516500
2016-09-28,51.59592819213867,51.607763291511056,51.15812430448576,51.34152772084687,11149300
2016-09-29,51.400691986083984,51.584099924454364,51.211371011529586,51.57226482455017,13425800
2016-09-30,51.625526428222656,51.64327456867064,51.459871099015885,51.47170168805815,12158000
2016-10-03,51.59341049194336,51.646895998121295,51.492387854946074,51.59341049194335,10708800
2016-10-04,51.504310607910156,51.700416724985274,51.438941902218446,51.66476271599931,11057500
2016-10-05,51.64095687866211,51.6944378559077,51.557761224842466,51.68255470557194,9424500
2016-10-06,51.67070007324219,51.69447092294215,51.539967200631416,51.68258776500517,9455200
2016-10-07,51.78953552246094,51.81330636353223,51.54588780184848,51.69445215817578,10824200
2016-10-10,51.938087463378906,51.9975122849399,51.789523142564796,51.82517712873673,4182300
2016-10-11,51.64691162109375,51.86678395238385,51.56371141589116,51.86084010904994,8855400
2016-10-12,51.62907409667969,51.71821360104255,51.53993912614034,51.623134787859414,7915300
2016-10-13,51.498348236083984,51.56371237868126,51.361667039796274,51.468633552683656,10614800
2016-10-14,51.61720275878906,51.688515285365284,51.54589023221284,51.64691744498529,6766300
2016-10-17,51.5458984375,51.69446282448113,51.52807143647431,51.6053232855274,7790000
2016-10-18,51.75387191772461,51.77170344714735,51.593424423511145,51.73010561280876,8404600
2016-10-19,51.90243911743164,51.93215380094851,51.78358945101244,51.79547713794885,9874300
2016-10-20,51.90837860107422,51.94403712506432,51.80735593972046,51.902434758105244,12558000
2016-10-21,51.92026901245117,51.96780615722703,51.74198998461365,51.80735865923247,8332900
2016-10-24,51.949989318847656,52.03318500575246,51.86679363194286,51.98564785168178,7200800
2016-10-25,51.92026901245117,51.94997916120808,51.837073341813394,51.89649817315123,6906500
2016-10-26,51.712276458740234,51.90838248698323,51.69444946232253,51.78953282164911,13813300
2016-10-27,51.52210235595703,51.77763315775839,51.432967394486965,51.75386232342535,19333100
2016-10-28,51.27253723144531,51.49835798686714,51.230939387103135,51.462699453270275,19745600
2016-10-31,51.118011474609375,51.29034663743304,51.064530493296914,51.26063649242282,21174600
2016-11-01,50.918643951416016,51.14547799780597,50.721653973249275,51.14547799780597,26184000
2016-11-02,50.69182205200195,50.882841457754324,50.632129341628435,50.835090022012636,19593600
2016-11-03,50.703739166259766,50.87685113183827,50.66195383348286,50.79924654649567,12699700
2016-11-04,50.72764587402344,50.888816661921865,50.6858605175859,50.79330467334333,10970400
2016-11-07,51.437984466552734,51.46783309431475,51.15145767878655,51.18727238869203,14416200
2016-11-08,51.324562072753906,51.41409883421096,51.18129414590162,51.19920149819303,20370600
2016-11-09,50.96642303466797,51.336525204748455,50.91867158874052,51.00820839626876,24858900
2016-11-10,50.297828674316406,50.85894541785589,50.26798005258909,50.85894541785589,33213300
2016-11-11,49.826236724853516,50.26199735018667,49.69491010759941,50.13664136669662,16442900
2016-11-14,50.19633483886719,50.25603206893757,49.68894026308359,49.69491089694247,21036000
2016-11-15,50.85896682739258,50.924630179426046,50.453049994032106,50.453049994032106,17888600
2016-11-16,50.656005859375,50.73957656231317,50.57840579357863,50.644064585091414,11965700
2016-11-17,50.518707275390625,50.79329737168752,50.518707275390625,50.65003396367645,12017600
2016-11-18,50.518707275390625,50.70376058809412,50.42917049179723,50.62615596996434,17781800
2016-11-21,50.92462158203125,50.94849957458148,50.64406086239273,50.65003149909564,11581600
2016-11-22,51.30067825317383,51.354400303941034,50.990269001207814,51.00817635146355,16648100
2016-11-23,51.10968017578125,51.15146552850376,50.906719495227726,50.91269013254862,10662900
2016-11-25,51.17533493041992,51.19324228511382,51.0977303210649,51.139515666771025,2009600
2016-11-28,51.16933059692383,51.3364718696787,51.02009666707011,51.109637935833966,16897400
2016-11-29,51.10369873046875,51.157420792209415,50.996250052726495,51.03803539661177,9164000
2016-11-30,51.127567291259766,51.21710859857484,50.99624064776567,51.157411357524744,15211300
2016-12-01,50.88835525512695,51.15817502447759,50.88835525512695,51.13419033337344,18249400
2016-12-02,51.194156646728516,51.20015396396272,50.95431885271246,51.00828098398227,9360400
2016-12-05,51.3260498046875,51.36802185944106,51.19413632557319,51.218121010376784,9782100
2016-12-06,51.5838508605957,51.601838220577186,51.356003343149666,51.403972686172516,16090600
2016-12-07,51.84172439575195,51.925668530040426,51.60787936814662,51.649851435290856,20886400
2016-12-08,51.83568572998047,51.86566771457221,51.64381292257565,51.787720959085696,10782100
2016-12-09,51.85969543457031,51.93764680229127,51.78174864146014,51.811730640523706,6463400
2016-12-12,51.78773880004883,51.97361435964803,51.733772124113806,51.95562699253974,8457100
2016-12-13,51.91364669799805,52.06954023791317,51.90165207209109,51.97960341665807,10739200
2016-12-14,51.52392578125,52.06956255402221,51.47595640628216,51.9136689472938,15672400
2016-12-15,51.547882080078125,51.64981351479017,51.415968658870135,51.43995333314512,11221700
2016-12-16,51.59583282470703,51.721748888292474,51.58383820459001,51.69176691260713,15722200
2016-12-19,51.727760314941406,51.79371702559604,51.625828880151104,51.63782350460224,5897900
2016-12-20,51.79973220825195,51.85369888768233,51.67981337002293,51.74577010343202,11072400
2016-12-21,51.88966751098633,51.93763687047073,51.76375137329719,51.77574142586334,17461400
2016-12-22,52.0015983581543,52.0015983581543,51.83916599657475,51.89932426058218,8507600
2016-12-23,52.09779739379883,52.10381459098153,51.98349818598744,52.019592189530336,4230500
2016-12-27,52.0496940612793,52.13392109306805,52.00758284027435,52.031647050817014,5840600
2016-12-28,51.97749710083008,52.12187774953354,51.953432894416494,52.12187774953354,6961200
2016-12-29,52.0496940612793,52.06774566152044,51.9654716192694,52.01961724043511,3794300
2016-12-30,52.067745208740234,52.157980260266974,51.965471167378574,52.08579221904558,7513400
2017-01-03,52.28432846069336,52.30838808582604,52.15799018495848,52.26627685717431,14050100
2017-01-04,52.56707000732422,52.57308720819372,52.3384668618574,52.3384668618574,11912400
2017-01-05,52.48886489868164,52.591134364845466,52.45878348403135,52.49488209956759,10458600
2017-01-06,52.47682189941406,52.50689871672667,52.36251806020257,52.43471068335377,6836400
2017-01-09,52.464805603027344,52.506916833617616,52.36855332872668,52.464805603027344,6648800
2017-01-10,52.470794677734375,52.59712830178461,52.446730474613744,52.524935692422716,11777000
2017-01-11,52.50088119506836,52.53096260197462,52.40462895456926,52.48885138617283,11914200
2017-01-12,52.51293182373047,52.51894902492709,52.41667496370331,52.48886760872368,12512300
2017-01-13,52.530982971191406,52.579111404992204,52.39863207312926,52.494888940730846,8861000
2017-01-17,52.47682189941406,52.51291591610051,52.42869348397993,52.49486890775729,8633000
2017-01-18,52.52495574951172,52.52495574951172,52.39862207721993,52.45878031310471,12715500
2017-01-19,52.35651779174805,52.51895009892064,52.30237674921038,52.48886868210207,10703200
2017-01-20,52.458763122558594,52.470797519659435,52.320399684342725,52.37454070196345,9262000
2017-01-23,52.458763122558594,52.470797519659435,52.362510894640295,52.41665191226102,13561300
2017-01-24,52.49488830566406,52.53098233568797,52.40464864082428,52.42871285743355,7490500
2017-01-25,52.68134307861328,52.681343078613274,52.54297507817845,52.57907367251354,8953900
2017-01-26,52.65730285644531,52.693396877439014,52.58511481445792,52.63925584594847,7443900
2017-01-27,52.705413818359375,52.753542223593804,52.60915700789051,52.61517420598915,7888100
2017-01-30,52.597129821777344,52.66330523482711,52.52493721032917,52.62721122399181,7637600
2017-01-31,52.54302215576172,52.591150598146186,52.446769860773664,52.57310357969723,12249400
2017-02-01,52.73754119873047,52.767754741799,52.53814287833279,52.689201373796585,12489400
2017-02-02,52.76774597167969,52.79191588012954,52.652940059027586,52.731488804035585,10886200
2017-02-03,52.85840606689453,52.91882856058827,52.828192515077276,52.882571376419406,12674000
2017-02-06,52.82215881347656,52.88862495201778,52.77986259894504,52.87049866149593,7004900
2017-02-07,52.74360275268555,52.882574034171434,52.737559120030205,52.882574034171434,11170100
2017-02-08,52.779869079589844,52.78591271381975,52.64089776189745,52.743616494094816,11107300
2017-02-09,52.85236740112305,52.89466361167735,52.7798576359123,52.7798576359123,7292600
2017-02-10,52.88860321044922,52.90069047245602,52.810054447164,52.882559579445825,5471800
2017-02-13,52.967166900634766,53.00341947383696,52.924866085311336,52.93090971749192,7477200
2017-02-14,53.00342559814453,53.027595519718936,52.85236704576037,52.961129387874614,8785000
2017-02-15,53.02156066894531,53.03364332676321,52.91279830881646,52.9490508922121,10582800
2017-02-16,52.97926330566406,53.22095794627134,52.87654458163706,52.96718064810752,8917800
2017-02-17,53.03362274169922,53.04571000476737,52.87652520133443,52.92486042378659,6247300
2017-02-21,53.20887756347656,53.208877563476555,53.03364904161198,53.03364904161198,10437800
2017-02-22,53.23303985595703,53.24512712328559,53.13636476703741,53.17866098280383,10963600
2017-02-23,53.28138732910156,53.3538971136226,53.22096481363858,53.34785347909357,8150200
2017-02-24,53.32368469238281,53.39619447845602,53.20887868358588,53.23909224693534,8390200
2017-02-27,53.39012908935547,53.39012908935546,53.28741039172928,53.323662965023075,5693300
2017-02-28,53.34785461425781,53.39619447163378,53.31764105091221,53.35389824891544,5868400
2017-03-01,53.54447555541992,53.5930219388768,53.514130014439814,53.514130014439814,10612100
2017-03-02,53.37453842163086,53.55660237806371,53.37453842163086,53.55660237806371,9193000
2017-03-03,53.39883804321289,53.459524512741254,53.29567058200658,53.41704352106331,15059300
2017-03-06,53.228878021240234,53.338115444430265,53.21674258758699,53.31383994704607,17066300
2017-03-07,52.88296890258789,53.162130222874474,52.87083346695737,53.119649253049964,17023100
2017-03-08,52.5309944152832,52.840501348343935,52.524929010967234,52.75553938712407,22433500
2017-03-09,52.39139175415039,52.628072055014236,52.31249523381078,52.42173265190775,21260700
2017-03-10,52.373191833496094,52.72517499122142,52.239678905013605,52.72517499122142,20643900
2017-03-13,52.41569519042969,52.482451683188714,52.263976730537365,52.42176059516782,13512300
2017-03-14,52.25791931152344,52.31860578411496,52.18509276636498,52.26398934780691,12808500
2017-03-15,52.98004913330078,52.980049133300774,52.38531117011469,52.43386215283938,19654600
2017-03-16,52.828338623046875,53.11963530246195,52.81619856052619,53.101429838758165,15807500
2017-03-17,52.84653854370117,52.949705913919615,52.822263051283294,52.949705913919615,9984500
2017-03-20,52.74338912963867,52.84048650228964,52.74338912963867,52.84048650228964,12220600
2017-03-21,52.367156982421875,52.90120442505606,52.3610869461189,52.84658798857259,16918200
2017-03-22,52.49456024169922,52.537041203512516,52.20325891063831,52.33677182778799,14054600
2017-03-23,52.51274490356445,52.64625776782235,52.415647585061464,52.45205850074061,10618900
2017-03-24,52.69482421875,52.713029681936575,52.55524128419104,52.55524128419104,8920800
2017-03-27,52.64023971557617,52.66451522669054,52.433904816224555,52.50672671948733,7788700
2017-03-28,52.931522369384766,52.949727838717294,52.615945467358664,52.615945467358664,16871700
2017-03-29,53.040794372558594,53.131826408609044,52.9315568553144,52.9679678177019,12266300
2017-03-30,53.289608001708984,53.301748075361665,53.08327305042832,53.16216500884478,16367900
2017-03-31,53.271358489990234,53.34418498146727,53.2167420939407,53.24101759109971,11778400
2017-04-03,53.24271774291992,53.30975908229239,53.16348918267804,53.30366314693954,20664400
2017-04-04,53.26100158691406,53.32194699172068,53.20005618210744,53.24881436588727,8473900
2017-04-05,53.21836853027344,53.45605899428431,53.18789348623558,53.34635534552246,11102300
2017-04-06,53.28538513183594,53.34023460579474,53.206156563949875,53.26710197384967,7234500
2017-04-07,53.26100158691406,53.40118020282199,53.26100158691406,53.35851795447372,5457800
2017-04-10,53.33414077758789,53.40118212023325,53.29756981352175,53.34632799905228,7996900
2017-04-11,53.230552673339844,53.37073135801637,53.16960723863472,53.37073135801637,8005800
2017-04-12,53.26713562011719,53.389026516909354,53.21837740146445,53.26713562011719,8723800
2017-04-13,53.15740203857422,53.32195512162485,53.12083572008231,53.24882248464103,10446700
2017-04-17,53.315860748291016,53.328047970470365,53.16349489694681,53.224440307517135,7158700
2017-04-18,53.30366134643555,53.36460674839654,53.163487386908876,53.30975728158248,9062800
2017-04-19,53.25495147705078,53.44997973015442,53.224481073346034,53.33418475633185,8643200
2017-04-20,53.43164825439453,53.44384012472693,53.29147429442479,53.31585338525347,7766000
2017-04-21,53.388980865478516,53.456022196340925,53.3219395346161,53.413359953958995,11328200
2017-04-24,53.63887023925781,53.644961524819294,53.55963702859551,53.60839521210519,8904700
2017-04-25,53.73639678955078,53.75467995095462,53.65107226977447,53.675451368258784,12493400
2017-04-26,53.687618255615234,53.7729473929063,53.67543103590841,53.687618255615234,7269000
2017-04-27,53.724185943603516,53.730281878003716,53.638861461342955,53.68761498703789,6897900
2017-04-28,53.7059211730957,53.779053811588255,53.675446140499055,53.7303002692056,7542800
2017-05-01,53.73346710205078,53.77018969924044,53.67837853655658,53.70898381402111,10336000
2017-05-02,53.751808166503906,53.80077472413046,53.71508558313797,53.794652737000156,10792800
2017-05-03,53.800785064697266,53.83138566681436,53.73957919075422,53.79466307639031,7413400
2017-05-04,53.51311492919922,53.76406042551173,53.464148359774164,53.76406042551173,20562500
2017-05-05,53.604923248291016,53.653889815129894,53.482506831193824,53.513112102895334,14935200
2017-05-08,53.66615295410156,53.69675823939429,53.580463758935004,53.62330835651828,8199200
2017-05-09,53.62940216064453,53.77017519169655,53.623280172861435,53.73957459219798,10810000
2017-05-10,53.86198425292969,53.88646753340965,53.6967279468253,53.770173118556905,10824900
2017-05-11,53.86811447143555,53.886475767174026,53.75794202729569,53.825269891476104,8461400
2017-05-12,53.84976577758789,53.90484967769403,53.80692118760198,53.89872768777887,8929900
2017-05-15,53.97218322753906,54.0150278220259,53.929338633052225,53.93546062361051,10690200
2017-05-16,54.05175018310547,54.07623347551803,53.97218298504757,54.027266890692914,12638900
2017-05-17,53.81303787231445,53.923210340935746,53.78243726252021,53.87424376161294,14055700
2017-05-18,53.87425231933594,53.95994618161801,53.63554604435721,53.65391201680315,10731800
2017-05-19,53.97218322753906,54.05175042595446,53.94157794445822,53.96606123698078,15998800
2017-05-22,54.13744354248047,54.13744354248047,54.02727105299146,54.08235963259142,7181800
2017-05-23,54.131317138671875,54.16191774912778,54.07622856831505,54.16191774912778,6998400
2017-05-24,54.22311782836914,54.23536180700736,54.10682804956391,54.16803393362608,8533600
2017-05-25,54.180267333984375,54.32104505471367,54.16190603773906,54.22311191512649,7985500
2017-05-26,54.210872650146484,54.22311195774994,54.168028068970685,54.168028068970685,2909500
2017-05-30,54.26597595214844,54.29045457400595,54.180282096805584,54.20476538837348,5371100
2017-05-31,54.259849548339844,54.29045015802788,54.18639967961054,54.27208885827306,13758400
2017-06-01,54.41781997680664,54.46084754761766,54.27029754683364,54.31332511764466,19189300
2017-06-02,54.448551177978516,54.4977268801965,54.39937547576052,54.43011146206003,9491600
2017-06-05,54.399375915527344,54.48543105027797,54.37478806421958,54.43011190207533,10384400
2017-06-06,54.31332015991211,54.40552342884896,54.28258417371547,54.3870837129922,14386500
2017-06-07,54.20268630981445,54.36250502359546,54.135070880509176,54.36250502359546,13329000
2017-06-08,54.24571228027344,54.30103143553116,54.110481425660744,54.21497628980557,14208300
2017-06-09,54.28874969482422,54.368656719011355,54.21498611812138,54.301041279447404,10414900
2017-06-12,54.38092803955078,54.42395560046977,54.27028507009448,54.307164496695776,9900000
2017-06-13,54.479278564453125,54.485426699202364,54.399371571323904,54.40551970607315,8640400
2017-06-14,54.48543167114258,54.55304709059614,54.41166811637874,54.546898955285855,8850700
2017-06-15,54.27643585205078,54.368634423051525,54.16579287719725,54.350194708851376,10860500
2017-06-16,54.1842155456543,54.32558976981579,54.17191928028737,54.32558976981579,11996100
2017-06-19,54.35021209716797,54.36865181726755,54.27030508018504,54.288744800284626,6398400
2017-06-20,54.15966033935547,54.22727577066285,54.15351220296735,54.18424819525397,18318500
2017-06-21,53.846134185791016,54.19035924312437,53.79695850765042,54.16577140405407,26728100
2017-06-22,53.99367141723633,54.01825926308578,53.86458874376579,53.90147285736601,18699400
2017-06-23,54.21498489379883,54.2272811677989,54.012143269342246,54.01828671668782,11337700
2017-06-26,54.28874969482422,54.31333755372516,54.18425481173613,54.202694533498196,9504500
2017-06-27,54.11662673950195,54.30102860373148,54.07974730458674,54.28873702197757,15293300
2017-06-28,54.337921142578125,54.362508999546876,54.15966269679532,54.221129994390104,9755500
2017-06-29,54.20268630981445,54.33176903221893,54.128922744303104,54.25186202015536,14548400
2017-06-30,54.331748962402344,54.38707278851304,54.22110599983307,54.276429825943765,8202000
2017-07-03,54.30522155761719,54.478069068525265,54.2496607378302,54.32991473199569,13882000
2017-07-05,54.26201629638672,54.39165194537503,54.22497417543147,54.34226559059605,16269100
2017-07-06,54.12618637084961,54.25582197240427,54.03976263647983,54.24347774309729,15424700
2017-07-07,54.07678985595703,54.14469487871529,53.98419166949219,54.08296432431853,15731200
2017-07-10,54.13853073120117,54.163223899615204,54.058281466160786,54.07680016503623,12286600
2017-07-11,54.10148620605469,54.15087253637654,54.0274067105719,54.138523598926234,9261400
2017-07-12,54.45336151123047,54.45336151123047,54.24347664906283,54.317551442891315,17979900
2017-07-13,54.49660873413086,54.52130191800766,54.40401047202869,54.45957131318729,11744600
2017-07-14,54.650917053222656,54.675610227815234,54.4780695408161,54.533625651343286,12626700
2017-07-17,54.669456481933594,54.6879751924631,54.62007482376932,54.6632867182526,10158100
2017-07-18,54.69410705566406,54.71880022038027,54.61385780264109,54.65706966345955,9221100
2017-07-19,54.7867431640625,54.83612952767543,54.7126636186431,54.74970574622423,8250900
2017-07-20,54.8176155090332,54.848478456624825,54.73736148385982,54.8423039832092,11827800
2017-07-21,54.77438735961914,54.811424769635074,54.72500100643666,54.805250298051796,8771700
2017-07-24,54.8176155090332,54.8176155090332,54.72501724677183,54.762054667779076,4707500
2017-07-25,54.842262268066406,54.88547883936035,54.81139934395032,54.86078567422368,7292900
2017-07-26,54.92253494262695,54.96574681890218,54.854629892802826,54.922534942626946,7279800
2017-07-27,54.87931823730469,54.94104881087435,54.82375742427338,54.916355639498306,11624500
2017-07-28,54.88551712036133,54.88551712036133,54.79908862723184,54.8484749919507,4945300
2017-07-31,54.88551712036133,54.93489877533723,54.81143757328304,54.81761204630863,9779900
2017-08-01,54.940040588378906,54.97103652404685,54.902849249030005,54.927645051701205,14946800
2017-08-02,54.95246124267578,54.99585273112042,54.91526516021071,54.94006097208158,7422700
2017-08-03,54.8470458984375,54.95862461255534,54.80984984085531,54.902832890839235,9548300
2017-08-04,54.85948181152344,54.87187735363183,54.80369477805887,54.847086269415044,6451600
2017-08-07,54.83466339111328,54.85945919442528,54.797472050803236,54.85945919442528,5204700
2017-08-08,54.59908676147461,54.859435489780616,54.543295045801116,54.80984390458504,18534700
2017-08-09,54.38834762573242,54.537122443513475,54.35115628594507,54.487530837586455,15001700
2017-08-10,54.04124069213867,54.32638546336064,53.997849199329195,54.276793834630375,24749700
2017-08-11,54.134193420410156,54.21477622486565,54.09080195196252,54.158989220853854,17434300
2017-08-14,54.419334411621094,54.51231747477098,54.29535541764955,54.29535541764955,12566000
2017-08-15,54.43790054321289,54.481291985232225,54.38211357317909,54.425505015198425,6830500
2017-08-16,54.44412612915039,54.53090905376749,54.4255304637774,54.48131745989638,11716100
2017-08-17,54.1403923034668,54.425541662239944,54.109401097906705,54.37595005816499,14112300
2017-08-18,54.22097396850586,54.3573485002803,54.10939523608269,54.23336950352392,14324400
2017-08-21,54.27678680419922,54.30778275047025,54.20859950585687,54.289187074434594,7763400
2017-08-22,54.499942779541016,54.5495344003957,54.29538089050338,54.32637683586688,12982200
2017-08-23,54.5061149597168,54.53091075742702,54.36974043696797,54.40693176887589,6449500
2017-08-24,54.586700439453125,54.59290057151427,54.47512170892792,54.53091343884806,8480100
2017-08-25,54.68589401245117,54.70448968284827,54.55571959035551,54.57431526075261,6622800
2017-08-28,54.692115783691406,54.71690686781839,54.63632402111108,54.71690686781839,5161700
2017-08-29,54.62389373779297,54.642489403720134,54.54330621302216,54.555706476516825,8991600
2017-08-30,54.77267074584961,54.79746654667099,54.63629620598971,54.64249633852391,13431100
2017-08-31,54.92142868041992,54.92762881158351,54.809849966047224,54.809849966047224,12705200
2017-09-01,54.977474212646484,54.996147866642225,54.87165367390462,54.87165367390462,10535700
2017-09-05,54.852962493896484,54.940109350798416,54.75336337220998,54.940109350798416,9560500
2017-09-06,54.815608978271484,54.9525553923431,54.803161462968326,54.921434229511526,9023300
2017-09-07,54.82183837890625,54.9027591060696,54.81561224630978,54.9027591060696,8784000
2017-09-08,54.64755630493164,54.81562392767049,54.64755630493163,54.81562392767049,7688700
2017-09-11,54.82183837890625,54.89653772262081,54.68489195667006,54.7409176517429,8047600
2017-09-12,54.890342712402344,54.89656884852898,54.80942193935757,54.84676925781664,4752800
2017-09-13,54.90898513793945,54.921437403109536,54.80939076231707,54.84051192694697,11725900
2017-09-14,54.98367691040039,55.00857668816426,54.87785641676419,54.8840777993449,9554600
2017-09-15,55.03348922729492,55.04593674448973,54.92766395997256,54.95256374351029,8248000
2017-09-18,55.00861358642578,55.0397347676456,54.97748765605578,55.01483497317963,7442200
2017-09-19,55.064613342285156,55.070839475789874,54.977466469812484,55.02726603955354,7208300
2017-09-20,55.058414459228516,55.10821405361724,54.97749368020988,55.07709286898732,10087200
2017-09-21,54.989925384521484,55.083298409850755,54.97747786408061,55.07707702420499,6932300
2017-09-22,55.04592514038086,55.04592514038086,54.965004422803055,54.983678069232774,7570500
2017-09-25,55.077049255371094,55.089496769536154,55.002349922939835,55.02724970041692,4326200
2017-09-26,55.145530700683594,55.201556400494844,55.114409533364515,55.12685705046253,8816500
2017-09-27,55.170440673828125,55.189119076647096,55.08329379060204,55.145540885885104,7490100
2017-09-28,55.170440673828125,55.19534046177114,55.13931950076106,55.17044067382812,5934000
2017-09-29,55.25136184692383,55.25136184692383,55.15176270294826,55.214009793358706,8906900
2017-10-02,55.223228454589844,55.25448289712905,55.15447249601031,55.16697618052935,13097600
2017-10-03,55.32326889038086,55.32951596727349,55.22325843496704,55.22325843496704,5928800
2017-10-04,55.26700210571289,55.323259169188134,55.23575242045789,55.304508404283105,5832400
2017-10-05,55.33575439453125,55.33575439453125,55.2607513399194,55.2607513399194,5967900
2017-10-06,55.25450134277344,55.31075363561267,55.22324688980054,55.28575102698635,5847400
2017-10-09,55.26075744628906,55.298258977738946,55.24200191180376,55.279508212014,3278400
2017-10-10,55.304500579833984,55.335750260667794,55.254495367988504,55.335750260667794,8786500
2017-10-11,55.24821472167969,55.304471747867154,55.235715809614135,55.304471747867154,7948700
2017-10-12,55.185726165771484,55.254482123388215,55.185726165771484,55.254482123388215,6181100
2017-10-13,55.21074295043945,55.27324708194277,55.179488500308025,55.26074816314593,3941200
2017-10-16,55.241973876953125,55.254477560264476,55.1794697666702,55.2482257186088,6060300
2017-10-17,55.32326889038086,55.35451858112694,55.24200920316689,55.24200920316689,7468100
2017-10-18,55.379478454589844,55.41073288997558,55.32947326547559,55.34197694713281,7974400
2017-10-19,55.3857307434082,55.41073333816756,55.27947329224893,55.30447588700829,7270600
2017-10-20,55.43573760986328,55.460740205378976,55.3857324188319,55.416986855415885,7107000
2017-10-23,55.373226165771484,55.46698470241284,55.373226165771484,55.44198210805799,7227200
2017-10-24,55.373226165771484,55.43573503603724,55.36697909375073,55.391981688105574,7103700
2017-10-25,55.21698760986328,55.33574879265578,55.141984562844314,55.33574879265578,16817000
2017-10-26,55.14824295043945,55.29200198679101,55.12324034221311,55.273251222811226,10649800
2017-10-27,55.298248291015625,55.31074720949664,55.148237425446254,55.191990793268964,13720000
2017-10-30,55.2857666015625,55.323272909447894,55.192012753752344,55.192012753752344,5954500
2017-10-31,55.298248291015625,55.32325089673709,55.27949752891438,55.31074720949664,7198400
2017-11-01,55.24550247192383,55.358479155447924,55.239229447916,55.34592831886433,9505500
2017-11-02,55.21416091918945,55.28320253925176,55.17022577811083,55.23926739817313,6096800
2017-11-03,55.22039031982422,55.283154067967665,55.15134876029633,55.24549198822797,7003200
2017-11-06,55.22670364379883,55.25808793505645,55.16393984985411,55.1890463251461,12262400
2017-11-07,55.069766998291016,55.220405782296645,55.05093834743241,55.21412796915432,11805400
2017-11-08,54.82498550415039,55.06976754487862,54.79987903990026,55.06976754487862,18120000
2017-11-09,54.55509567260742,54.69317882834128,54.42956814297753,54.69317882834128,38343500
2017-11-10,54.67436599731445,54.718301124254,54.530004986758975,54.5676670873998,24521600
2017-11-13,54.63669967651367,54.705741262973326,54.62414404884706,54.630421862680365,16280500
2017-11-14,54.40446853637695,54.58020901543612,54.36681123045539,54.55510254863211,13870600
2017-11-15,54.40446853637695,54.454681469984976,54.115751350984176,54.26638536323934,25382000
2017-11-16,54.93794250488281,54.98187760442861,54.6303968080622,54.68060971856218,30075200
2017-11-17,54.900306701660156,54.92541316673562,54.81870949302275,54.83126511984478,15942100
2017-11-20,54.91288375854492,55.00075403397917,54.8752264372362,54.93171241919928,8930300
2017-11-21,55.02585220336914,55.050958676641386,54.963088414473575,54.963088414473575,10102400
2017-11-22,55.11368942260742,55.1513515042209,55.04464785964453,55.05720348303811,9473800
2017-11-24,55.15137481689453,55.18275431150816,55.12626834806205,55.15137481689453,3126500
2017-11-27,54.98188781738281,55.15135522465734,54.9442305217963,55.15135522465734,10645400
2017-11-28,55.15137481689453,55.16392565702613,55.00073600389962,55.007013818250066,10403700
2017-11-29,55.08230972290039,55.15762430869424,55.03209680665965,55.119967015797315,11806200
2017-11-30,55.09491729736328,55.20161626283369,55.094917297363274,55.10119511550042,17981500
2017-12-01,55.07722473144531,55.15286467708093,54.8251011972229,55.102438046657184,15485800
2017-12-04,55.05830383300781,55.22218794135212,55.03939505299637,55.152852542012106,14801700
2017-12-05,55.02679443359375,55.12133833988945,55.014185373456044,55.08982530744002,9347600
2017-12-06,54.97637939453125,55.096141446336375,54.9637703317368,55.020501496414965,10081700
2017-12-07,55.00160598754883,55.03311903424476,54.944874809176795,55.00160598754883,8955900
2017-12-08,55.05830383300781,55.0709128923135,55.00787721367924,55.04569958264921,9100400
2017-12-11,55.07093811035156,55.08354236648188,55.02051146793166,55.05832904527193,11847900
2017-12-12,55.04568862915039,55.12132373414558,55.03938410075207,55.12132373414558,8846700
2017-12-13,55.07722473144531,55.12134683082905,55.04571169414159,55.07092500935346,7495000
2017-12-14,54.963768005371094,55.08983458323763,54.88182833646903,55.05201220540356,19337000
2017-12-15,54.97003936767578,55.051978987135634,54.96373484034954,55.026770495721316,14223900
2017-12-18,55.02679443359375,55.08352077737117,54.98267234100662,54.98897206212805,11735200
2017-12-19,54.913326263427734,55.05829676420108,54.89441267689747,55.02678373787693,10985000
2017-12-20,54.95745086669922,55.00157295273277,54.89441519326839,54.963750586884935,11857400
2017-12-21,55.015071868896484,55.05937741793792,54.98342780754842,55.02140261274317,11195700
2017-12-22,55.06571960449219,55.11002516274036,55.008757384863266,55.04673219794921,11136900
2017-12-26,55.14796447753906,55.14796447753906,55.02137862943904,55.02770937052622,5798900
2017-12-27,55.173316955566406,55.1986351067338,55.11635473714745,55.11635473714745,5625500
2017-12-28,55.14796447753906,55.198600748355304,55.12897708321812,55.18594409512153,6116500
2017-12-29,55.230262756347656,55.26190681142604,55.116333534393696,55.154308332064446,5116800
2018-01-02,55.280906677246094,55.29356816528625,55.22394446789382,55.2555933590514,7223500
2018-01-03,55.5467529296875,55.55940959063549,55.28091476034466,55.28091476034466,20557100
2018-01-04,55.64165496826172,55.69228640476289,55.55303908926954,55.58468796240532,13610900
2018-01-05,55.679664611816406,55.704982760387765,55.62269757029509,55.679664611816406,9851600
2018-01-08,55.635353088378906,55.71763344069834,55.61003494252465,55.673327892689024,9804000
2018-01-09,55.46445846557617,55.692316956118894,55.451801806742786,55.692316956118894,13550400
2018-01-10,55.34416961669922,55.42011918135358,55.236566351872604,55.3821443990264,33182000
2018-01-11,55.52775573730469,55.534081652192015,55.35685945649366,55.39483426158826,12911500
2018-01-12,55.43281173706055,55.51509208787573,55.41382433525262,55.43913765170154,12088500
2018-01-16,55.401153564453125,55.52774427019716,55.350517282155515,55.47077724537693,18474100
2018-01-17,55.407527923583984,55.50246982039451,55.39486642857166,55.42018458965083,16340400
2018-01-18,55.35054016113281,55.42016387083536,55.31889609332307,55.38218905788621,16134900
2018-01-19,55.407527923583984,55.41385867109014,55.31258602677345,55.344234935358784,14401800
2018-01-22,55.45814895629883,55.47713636463713,55.37586374824063,55.37586374824063,16674700
2018-01-23,55.622684478759766,55.63534596453694,55.464449709138755,55.49609859463973,11600300
2018-01-24,55.540401458740234,55.62268179655639,55.4771085197323,55.572050342715066,10746300
2018-01-25,55.50244903564453,55.63536570982599,55.451812732448644,55.63536570982599,11039300
2018-01-26,55.5467529296875,55.59738440242296,55.4644677322233,55.52143477884802,7164100
2018-01-29,55.35054016113281,55.49611832567732,55.33788349979765,55.46446942892392,19590800
2018-01-30,55.16065979003906,55.35686942361268,55.15432904506921,55.35053867864283,18469300
2018-01-31,55.25557327270508,55.3315228575658,55.198606255118484,55.25557327270508,12692800
2018-02-01,55.15135192871094,55.29118557187282,55.11957464116621,55.20855880512864,17920000
2018-02-02,54.8017692565918,55.0560117874796,54.75727717738191,55.0115197082697,24787000
2018-02-05,54.4966926574707,54.98611051642513,54.39499852592746,54.7445778616206,28071300
2018-02-06,54.82719039916992,54.89074981540556,54.35048750349371,54.35048750349371,33924300
2018-02-07,54.6237678527832,55.05597843870992,54.57291840755183,54.903430103015786,24298100
2018-02-08,54.1470947265625,54.6619323046413,54.140737330126086,54.60473028453149,25419300
2018-02-09,53.99454879760742,54.29328340335028,53.43521911722631,54.20429924622766,47230300
2018-02-12,54.36317825317383,54.445809829451015,54.128008011205615,54.15342788930685,23448100
2018-02-13,54.19157409667969,54.29326816945471,54.09623256957893,54.22970876781138,14679900
2018-02-14,54.28691864013672,54.30598597676202,53.962759369691426,54.019961379567306,19332400
2018-02-15,54.725502014160156,54.725502014160156,54.414057420015205,54.414057420015205,21931600
2018-02-16,54.947967529296875,54.98610706934964,54.70643973890801,54.719149686076264,29195600
2018-02-20,54.75727081298828,54.903456977998424,54.7318460779273,54.78904809486022,22740600
2018-02-21,54.509395599365234,54.9034669411402,54.496680804891255,54.81448277691533,15656700
2018-02-22,54.54751968383789,54.75091271243632,54.496670214370205,54.534809741107125,14626900
2018-02-23,54.909812927246094,54.92888026572132,54.553876344315846,54.5920110212663,15919500
2018-02-26,55.00513458251953,55.09411869608107,54.9097930753406,54.94792773850398,10996300
2018-02-27,54.85898208618164,54.97974840322806,54.7890652551836,54.96703845635291,13840900
2018-02-28,54.77633285522461,54.96701592510715,54.738198180956864,54.92252385537081,8751000
2018-03-01,54.41323471069336,54.83440200974467,54.41323471069336,54.82164157728971,24974200
2018-03-02,54.71953582763672,54.74506155976893,54.42599721091973,54.44514029288499,18767600
2018-03-05,54.71953582763672,54.75782199156723,54.60467246730959,54.60467246730959,9000200
2018-03-06,54.79612731933594,54.84717392838188,54.681263929043055,54.770601580544536,14462900
2018-03-07,54.66209030151367,54.75780568283266,54.62379928045193,54.732279958302875,8195200
2018-03-08,54.72590637207031,54.75143209855606,54.63018611488239,54.72590637207031,10201800
2018-03-09,54.92374038696289,54.96202655338253,54.738682468374755,54.78973393595822,8942600
2018-03-12,54.83442687988281,54.92376455319413,54.74508920657149,54.87909571653847,10126500
2018-03-13,54.66209030151367,54.904577381745355,54.63018192871791,54.834382856421996,19020400
2018-03-14,54.59831619262695,54.738705352905825,54.57279044816371,54.706801823730224,10802500
2018-03-15,54.63657760620117,54.71953257930467,54.560000414350434,54.591908794755405,8647900
2018-03-16,54.75144958496094,54.75782736721841,54.61743826097688,54.649346646408524,11006000
2018-03-19,54.528079986572266,54.681234336436006,54.464268108396155,54.6620912598366,14298800
2018-03-20,54.63657760620117,54.65572068703003,54.51533160290465,54.51533160290465,14317800
2018-03-21,54.655723571777344,54.75782163109847,54.5727637257599,54.61105475797394,8643700
2018-03-22,54.330291748046875,54.60468735762436,54.317531312768885,54.52811014034567,15972300
2018-03-23,54.18992614746094,54.489847626362156,54.12611420628897,54.426035685190186,21847400
2018-03-26,54.540863037109375,54.5536234694846,54.32389673844409,54.4642858372506,12454200
2018-03-27,54.489810943603516,54.64296047302318,54.37494757940482,54.54724505997074,12661500
2018-03-28,54.46430587768555,54.52174001584679,54.36858555977523,54.470688530489596,14642900
2018-03-29,54.64934539794922,54.6876315647637,54.48981321150763,54.55362511237708,10299600
2018-04-02,54.43727111816406,54.635898958618235,54.39241951262737,54.53979186708129,18902700
2018-04-03,54.59103012084961,54.59743888774854,54.39240234309439,54.53336588412977,12994100
2018-04-04,54.712799072265625,54.74483803401033,54.398837778696254,54.398837778696254,9677200
2018-04-05,54.75764465332031,54.83453521996151,54.72561058356382,54.73842323377468,10152000
2018-04-06,54.63589096069336,54.783263293574045,54.57181794622866,54.72559904709312,12680800
2018-04-09,54.84092712402344,54.853744659893735,54.72559863193648,54.75122392676184,9043200
2018-04-10,55.03955078125,55.06518096032282,54.898587240577896,54.9113998858859,11434100
2018-04-11,55.05878829956055,55.10363990394403,54.98189773984961,55.0203454639342,7675500
2018-04-12,55.257408142089844,55.270225677750105,55.08441051833663,55.12285334840234,23692600
2018-04-13,55.2894287109375,55.36631923396298,55.257389770896246,55.29583747663694,16213400
2018-04-16,55.37275314331055,55.430422288971215,55.28304992869045,55.353531724243176,10781600
2018-04-17,55.39834976196289,55.526500625521045,55.37912835454306,55.45601887267796,15577600
2018-04-18,55.34069061279297,55.45602395634013,55.32146431515507,55.43679765870223,13745600
2018-04-19,55.16769790649414,55.257401090839025,55.097216134729315,55.238179678258966,19345500
2018-04-20,55.03314971923828,55.161295744086544,55.020337072136456,55.13567044988289,17693500
2018-04-23,54.88577651977539,55.001104996961715,54.83451615983237,54.994701118311575,15971100
2018-04-24,54.77684783935547,54.95625421334078,54.70636606551024,54.904998741100016,17872600
2018-04-25,54.783294677734375,54.80892487589477,54.616700833922046,54.72563039821883,15078400
2018-04-26,54.9754753112793,55.01391813393535,54.79606406581898,54.828103010336754,17479700
2018-04-27,54.94984436035156,55.05236018214443,54.85373241660688,55.020326126533895,7014700
2018-04-30,54.91139602661133,55.00750796926527,54.904992148635806,54.91139602661133,12473000
2018-05-01,54.95195770263672,54.95195770263672,54.81039449937444,54.874740071061176,18707700
2018-05-02,54.932640075683594,55.04846403796091,54.900464843675564,54.951943251187956,12057000
2018-05-03,54.92622375488281,54.9519629678742,54.83613896403939,54.9519629678742,21626200
2018-05-04,54.9648323059082,54.98413548910628,54.79753477868945,54.82970511426855,14862100
2018-05-07,55.01630401611328,55.035607196954324,54.951958443558965,54.97126162440001,23063900
2018-05-08,54.932640075683594,54.99698563044851,54.894028815423724,54.984113573944846,13693500
2018-05-09,55.02272415161133,55.042027326876216,54.91333130969179,54.91976733786378,10476200
2018-05-10,55.18357849121094,55.202881662278266,55.04845138448967,55.06131852878454,13375800
2018-05-11,55.16429901123047,55.235075699123364,55.09994853436982,55.18360219058782,8505100
2018-05-14,55.177154541015625,55.222196919781105,55.061330580011386,55.15785136572344,14695800
2018-05-15,54.90689468383789,55.080628153048266,54.86828342792956,55.05488895219291,20008800
2018-05-16,54.97771072387695,54.997013909306794,54.881189887474044,54.932668321456084,13028100
2018-05-17,55.00987243652344,55.05491483188075,54.913351615256936,54.913351615256936,13198300
2018-05-18,54.95195770263672,54.99056406379827,54.90691531153076,54.91978246216713,14241600
2018-05-21,55.02914810180664,55.061323329224,54.94549938347211,54.94549938347211,7000400
2018-05-22,55.0677604675293,55.09993078634524,55.02271809378654,55.05488841260248,6220700
2018-05-23,55.11280822753906,55.11280822753906,54.945505861893565,55.003420296223204,13053100
2018-05-24,55.1450080871582,55.157880150237766,55.0291840657104,55.0291840657104,12468600
2018-05-25,55.054927825927734,55.10640626398685,54.99058223298088,55.067799890069544,12895700
2018-05-29,54.82323455810547,54.9519305471339,54.7975002695498,54.932627376092135,13519800
2018-05-30,54.99054718017578,55.00985035482995,54.881159250968224,54.881159250968224,15145000
2018-05-31,54.9390754699707,55.01629308724827,54.92620832171688,55.00985705849559,17391000
2018-06-01,55.0644645690918,55.09032005603466,55.00628849061287,55.03860908214893,12891000
2018-06-04,55.18080520629883,55.21312086254666,55.09031347851801,55.11616403094456,13830900
2018-06-05,55.245479583740234,55.277795262294156,55.13559740007804,55.18084329519969,10614100
2018-06-06,55.38119125366211,55.40058163797232,55.18727754769918,55.20667286343979,6920900
2018-06-07,55.400596618652344,55.439377397759344,55.29717956388976,55.34888562555519,13764400
2018-06-08,55.36824417114258,55.41349002719251,55.31006810969068,55.32945848636516,9784000
2018-06-11,55.47169494628906,55.491085334774674,55.38766828570761,55.394128460915184,10429300
2018-06-12,55.51692199707031,55.56863296977782,55.43935553800905,55.478141233254576,12432400
2018-06-13,55.536312103271484,55.62034366636146,55.478140957836665,55.52985193028745,9958900
2018-06-14,55.69789505004883,55.71082525652159,55.60740333045494,55.63972391520799,13954300
2018-06-15,55.66557693481445,55.691432415187606,55.58154539074454,55.659111831864,16303700
2018-06-18,55.65914535522461,55.67207063748174,55.575118691974296,55.62036457702164,11512000
2018-06-19,55.58159637451172,55.60745187860155,55.50403479367537,55.54928069297429,12543200
2018-06-20,55.639747619628906,55.67206328672066,55.6074270211062,55.639747619628906,10422800
2018-06-21,55.52339172363281,55.63327385121121,55.50400134011077,55.63327385121121,8132500
2018-06-22,55.5298957824707,55.646238165216396,55.51050045391277,55.61392248048714,7385200
2018-06-25,55.400596618652344,55.465232894307924,55.34888562555519,55.439377397759344,13975400
2018-06-26,55.39413833618164,55.413533659556364,55.32950205256291,55.40060344397321,7503900
2018-06-27,55.27774429321289,55.40055658020323,55.24542864445576,55.3617758291234,13119200
2018-06-28,55.12265396118164,55.20668555441705,55.04509240611085,55.16789984545012,13829300
2018-06-29,54.99338150024414,55.277782088329886,54.98045128675797,55.19375542639593,17450500
2018-07-02,55.04595184326172,55.05894021592508,54.92908125735534,54.95505304906929,22438600
2018-07-03,55.05244064331055,55.16281703208612,55.019974668441364,55.084901664567454,10098600
2018-07-05,55.260231018066406,55.273214440784194,55.11738860009992,55.1238827882659,12729400
2018-07-06,55.403079986572266,55.403079986572266,55.266731740650734,55.2732209759698,9640300
2018-07-09,55.48747634887695,55.53941994536735,55.42254933007096,55.429043518035755,11517200
2018-07-10,55.49396896362305,55.5653901683691,55.48747477584235,55.51344657335127,7531700
2018-07-11,55.40957260131836,55.48099382310201,55.3836057512289,55.442038594352766,14111200
2018-07-12,55.584896087646484,55.61086789838292,55.474519607228935,55.50049141796537,10327300
2018-07-13,55.584896087646484,55.656317328767585,55.58489608764649,55.63034551803115,9860300
2018-07-16,55.5459098815918,55.59784852049257,55.5199380853346,55.59135928663849,7963100
2018-07-17,55.56536102294922,55.610810406347014,55.48095148691668,55.50692327080275,10721000
2018-07-18,55.591373443603516,55.63032867110288,55.53293564873957,55.58487925448199,12838600
2018-07-19,55.56536102294922,55.60431622197268,55.50692327080275,55.558866838574886,6907300
2018-07-20,55.591373443603516,55.636822860224406,55.565401640732304,55.591373443603516,9329000
2018-07-23,55.571895599365234,55.63682758886935,55.571895599365234,55.6238392095224,7459200
2018-07-24,55.688720703125,55.72768085568889,55.578344337018386,55.578344337018386,11803700
2018-07-25,55.79261016845703,55.805593584113026,55.6562620128175,55.701711398030675,11342300
2018-07-26,55.799110412597656,55.84455980274641,55.77313862485379,55.799110412597656,9233600
2018-07-27,55.77964401245117,55.82509341172756,55.71471205324519,55.805610851797965,10811200
2018-07-30,55.799110412597656,55.84455980274641,55.74067265177096,55.799110412597656,8400500
2018-07-31,55.91598129272461,55.93545889523822,55.870531902322185,55.90299292197419,10709500
2018-08-01,55.96621322631836,55.99881318447554,55.861881420661035,55.920569305046854,23297900
2018-08-02,55.99880599975586,56.00532798047624,55.89447918229811,55.920562130365965,10989200
2018-08-03,56.044437408447266,56.07052035069452,55.97923254023541,55.98575451950036,6940500
2018-08-06,56.148773193359375,56.148773193359375,55.992280503495586,55.992280503495586,7521900
2018-08-07,56.17485427856445,56.22702016506378,55.99227865062958,55.99227865062958,8408200
2018-08-08,56.14224624633789,56.187890150793606,56.12920726284161,56.16180720898856,10103600
2018-08-09,56.10314178466797,56.168346672071145,56.077058834743895,56.1487857033316,6354700
2018-08-10,56.00532913208008,56.083577977892624,55.9596852157262,56.011851112934565,9473300
2018-08-13,55.96621322631836,56.0509790873042,55.92708631178971,56.0509790873042,10479000
2018-08-14,56.06401443481445,56.083575401665605,55.98576559259631,55.99880457889257,9767700
2018-08-15,55.96621322631836,56.01185714758986,55.90100833518969,55.99229617773268,14684800
2018-08-16,56.03791809082031,56.07051803617428,55.98575220847914,56.01835712864546,14931800
2018-08-17,56.10314178466797,56.122702753407516,56.01185394734072,56.01185394734072,15280900
2018-08-20,56.12921905517578,56.174862969220946,56.0966141273663,56.13573606088686,8174900
2018-08-21,56.21399688720703,56.26616279289823,56.13574802867023,56.14879199250032,9281400
2018-08-22,56.23353576660156,56.25961870920039,56.207452824002736,56.207452824002736,8297400
2018-08-23,56.22705078125,56.28573370440561,56.20096782379792,56.23356778950143,7751800
2018-08-24,56.32484817504883,56.344414121651766,56.24008230569531,56.25964327748345,7458500
2018-08-27,56.34444046020508,56.37704043681943,56.318357494023324,56.33791847495536,5581700
2018-08-28,56.31832504272461,56.34440799387705,56.28572011008049,56.3183250427246,8175300
2018-08-29,56.285701751708984,56.33134565763479,56.25961880906385,56.29874073562522,7403700
2018-08-30,56.24009323120117,56.30529814143361,56.220532255613016,56.29225914931343,8481700
2018-08-31,56.31181335449219,56.35093530096484,56.259647442651875,56.266169425335704,9569300
2018-09-04,56.194583892822266,56.273170358292894,56.13564779092821,56.246974869802685,16029000
2018-09-05,56.1356315612793,56.20766788473096,56.11598619966105,56.188022523112714,13369200
2018-09-06,56.181461334228516,56.20765680998385,56.1356205007257,56.18801145223638,13137500
2018-09-07,56.122554779052734,56.16839564074683,56.07671391735863,56.07671391735863,12374700
2018-09-10,56.23385238647461,56.24694762623768,56.16836119883088,56.188011552889684,6997900
2018-09-11,56.24697494506836,56.30591604331984,56.16184335457018,56.16184335457018,17897800
2018-09-12,56.3779296875,56.417225406087454,56.26660264343572,56.26660264343572,14041900
2018-09-13,56.482765197753906,56.52205595734218,56.430374187448365,56.430374187448365,10375800
2018-09-14,56.535118103027344,56.574408836133415,56.46963188242442,56.47617700708986,12945000
2018-09-17,56.495849609375,56.53514535770329,56.46965910553052,56.52204510950027,13279900
2018-09-18,56.48927307128906,56.554759287048924,56.476172830370295,56.50891843638922,19882300
2018-09-19,56.384464263916016,56.5088915119693,56.371369025514646,56.47614592155245,14471100
2018-09-20,56.46309280395508,56.46309280395507,56.273179229670404,56.39760657054503,15360100
2018-09-21,56.476158142089844,56.50235362083649,56.44996266334321,56.46306290085488,10966700
2018-09-24,56.449951171875,56.48269676271148,56.37136974790853,56.44995117187499,10229400
2018-09-25,56.404144287109375,56.436889897652534,56.37794879793059,56.404144287109375,13240400
2018-09-26,56.46309280395508,56.541674285535386,56.43034718911038,56.443447433559996,19504800
2018-09-27,56.5678825378418,56.58098278524636,56.49584616595813,56.52204166448678,7996600
2018-09-28,56.607147216796875,56.62679258084153,56.50236528018839,56.54820612838517,17085200
2018-10-01,56.77094268798828,56.77094268798828,56.66568708647884,56.67884654609917,22566000
2018-10-02,56.72490310668945,56.77095118452572,56.69200947157895,56.74463728021013,13577600
2018-10-03,56.5735969543457,56.77752343035401,56.51439443635511,56.757789257690476,17930600
2018-10-04,56.36307144165039,56.50779535009546,56.29728921568321,56.45516756177687,24935100
2018-10-05,56.11312484741211,56.356519706273694,56.11312484741211,56.343365262091154,25063300
2018-10-08,55.98811340332031,56.1525714957942,55.96837923524147,56.145991766813694,12869500
2018-10-09,56.07368087768555,56.119728984765295,55.99474413347297,56.00789858455265,19488500
2018-10-10,55.67235565185547,55.98811742036022,55.65920121181333,55.98811742036022,25204700
2018-10-11,55.71843338012695,55.9157852178539,55.63291692717366,55.80395485194597,37665300
2018-10-12,56.014442443847656,56.05391079067557,55.87629821108591,55.98812853967436,31877600
2018-10-15,55.974945068359375,56.04073231000596,55.94205646639797,55.96837035928423,16658500
2018-10-16,56.16572952270508,56.1788889815067,56.0736333865457,56.08021311594651,18955700
2018-10-17,56.05390930175781,56.15258518507059,56.007861225393704,56.08680293581671,18739400
2018-10-18,55.817081451416016,56.040747090509086,55.817081451416016,56.01443319068265,28653800
2018-10-19,55.8499755859375,55.96180589706365,55.81708195614121,55.94865145646309,20606400
2018-10-22,55.87632369995117,56.01446799572962,55.83027560135835,55.98157434579203,15049900
2018-10-23,55.82365417480469,55.84996807132853,55.619727750323136,55.68550998220145,20873200
2018-10-24,55.547367095947266,55.8631238239341,55.52763292780593,55.83680992679142,23827800
2018-10-25,55.659183502197266,55.6986518286287,55.54077350404151,55.659183502197266,29513700
2018-10-26,55.40924072265625,55.606587486409566,55.36976735481414,55.46186351500521,27424100
2018-10-29,55.35662078857422,55.54739286722058,55.28425879257508,55.52107895786953,23379400
2018-10-30,55.4881706237793,55.4881706237793,55.25135052119232,55.36976057248581,24105300
2018-10-31,55.4881706237793,55.64604901921604,55.4881706237793,55.55395287030596,23047900
2018-11-01,55.742698669433594,55.80219895460423,55.53115162688786,55.59064686837916,33115700
2018-11-02,55.70965576171875,55.881539351177786,55.62371648882951,55.808819565009756,19675800
2018-11-05,55.755916595458984,55.82202914239715,55.68320187244955,55.709640838809776,12299600
2018-11-06,55.901371002197266,55.901371002197266,55.78237544719896,55.8022122427658,14675500
2018-11-07,56.225284576416016,56.23850405797556,55.95423728949889,55.95423728949889,26155500
2018-11-08,56.08647155761719,56.245135652938544,56.073252071513906,56.093083822508994,20677500
2018-11-09,55.76913070678711,55.980677703914495,55.7162426965857,55.97406544171975,20869300
2018-11-12,55.42533874511719,55.8021618654892,55.40550701113465,55.74927387908513,22319600
2018-11-13,55.332828521728516,55.54437558130205,55.2865527600618,55.43860457335516,22907600
2018-11-14,55.22704315185547,55.524529393253815,55.09482312170631,55.405533887958796,44747700
2018-11-15,55.213836669921875,55.21383666992187,54.863462301967616,54.995682375323995,32332600
2018-11-16,55.048561096191406,55.0683978884181,54.87007031558867,54.975846366078954,64912800
2018-11-19,54.87668228149414,55.02872904864817,54.80396250809712,54.90312629397303,36567300
2018-11-20,54.70477294921875,54.850212427492046,54.67171668827399,54.72460468831469,21901900
2018-11-21,54.98242950439453,55.09481272605729,54.91632202363276,54.98242950439453,16560400
2018-11-23,54.67836380004883,54.80397161928599,54.67836380004883,54.75769585067448,9708100
2018-11-26,54.936161041259766,54.96260504580319,54.8105583242762,54.88988529422832,19807100
2018-11-27,54.90969467163086,54.91630693099304,54.7840920058061,54.830367733989135,14370700
2018-11-28,55.36585235595703,55.379071832824245,54.909702227047795,54.94275848473102,23513100
2018-11-29,55.379058837890625,55.45839081150871,55.22701219305047,55.2600633993013,17927900
2018-11-30,55.26669692993164,55.359248412937596,55.233645710959536,55.24025292854743,15081000
2018-12-03,55.649200439453125,55.66912177622205,55.449976938835746,55.549588689144436,27052900
2018-12-04,55.30389404296875,55.58944509561595,55.25076708748431,55.53631814013151,32066500
2018-12-06,55.111328125,55.1777343047945,54.93203093290816,55.01835845999434,27661900
2018-12-07,55.00508499145508,55.37696369029036,55.00508499145508,55.290636154194246,28901200
2018-12-10,55.04490661621094,55.0913914357686,54.82576172409682,54.99842179665328,23434700
2018-12-11,55.14451217651367,55.29060875479108,55.098027362194934,55.237481805151155,19243900
2018-12-12,55.32379913330078,55.50973835641137,55.3105199315631,55.33044126740155,17571500
2018-12-13,55.45663070678711,55.51639472963101,55.403503753282436,55.44998857098274,15859200
2018-12-14,55.22422409057617,55.436726905363095,55.18437632960774,55.36367858779883,16397600
2018-12-17,54.86560821533203,55.22420755789221,54.81912339684082,55.17771767293576,24124900
2018-12-18,54.766197204589844,54.99972650560613,54.64609569398761,54.953020645402866,25284300
2018-12-19,54.27244186401367,54.886296836388375,54.205719936086815,54.792885119179424,32062700
2018-12-20,53.7987060546875,54.172357989748235,53.38502707414533,54.09228862711598,68796100
2018-12-21,53.53183364868164,53.998892337700724,53.445090541751014,53.77203162406437,56295000
2018-12-24,53.131473541259766,53.61187950794239,53.131473541259766,53.53181524053273,18853600
2018-12-26,54.02556610107422,54.02556610107422,53.0781015613288,53.19820305865966,25010300
2018-12-27,53.99220275878906,54.025566265587834,53.63189826569933,53.70529390821149,31806100
2018-12-28,54.0722770690918,54.25910050692627,53.94550184032259,54.03891355923983,30106400
2018-12-31,54.11229705810547,54.26576204218588,54.10562333952221,54.17235034424328,14153600
2019-01-02,54.03889083862305,54.11896017426853,53.81203535679296,53.85874119661414,26977400
2019-01-03,54.06560134887695,54.152344435060286,53.898793986901865,53.9855370730852,32776600
2019-01-04,54.97303771972656,55.04643337146642,54.42590973711124,54.492631668541,38754000
2019-01-07,55.50680923461914,55.50680923461914,55.09312522008016,55.09979893869285,38127600
2019-01-08,55.86711883544922,55.873787464121364,55.553520208946196,55.640258196690255,30795000
2019-01-09,55.93386459350586,56.053966138019504,55.90717479577411,55.947206947092525,40909400
2019-01-10,56.15406036376953,56.18741879821746,55.74704979336672,55.820445475935045,50520000
2019-01-11,55.973873138427734,56.03392643063692,55.90047749825888,55.92716728473449,19793300
2019-01-14,55.793731689453125,55.89381204033361,55.747025828856565,55.82709010956095,20137700
2019-01-15,55.980533599853516,56.0072233800082,55.747004386693845,55.79371022932578,24799000
2019-01-16,56.06727981567383,56.14067544925791,56.02057396617085,56.05393746891118,26508100
2019-01-17,56.22075271606445,56.24076878430412,55.97387599647666,56.00723950391379,24574400
2019-01-18,56.38087463378906,56.49430239060894,56.30747900512786,56.327495069207195,36236400
2019-01-22,56.007225036621094,56.27411266495197,55.93382941166354,56.267444037632345,25504200
2019-01-23,56.12068176269531,56.20075114686734,55.9605480849091,56.087318246650845,18529400
2019-01-24,56.18070983886719,56.194057276722276,56.00723387119906,56.10064557396067,17875500
2019-01-25,56.32085037231445,56.37422486901971,56.27413941554121,56.28748685763574,16775200
2019-01-28,56.23411560058594,56.26747912020694,56.093997981182824,56.1740673739382,14694100
2019-01-29,56.20076370239258,56.280828013893526,56.06731469895937,56.280828013893526,18717000
2019-01-30,56.64778137207031,56.73451936804486,56.26746078886388,56.274129418168805,25993500
2019-01-31,56.78791046142578,56.874648474989286,56.63444541682814,56.63444541682814,27070400
2019-02-01,56.76043701171875,56.81406170321658,56.66659635856356,56.74703339581031,24749900
2019-02-04,56.89447784423828,56.92799454561004,56.713500953050385,56.76712562967296,15968400
2019-02-05,57.095577239990234,57.15590117569042,56.92800393335889,56.934708297524956,33188300
2019-02-06,57.04193878173828,57.11567142796783,56.98831410922038,57.04864314428558,25936800
2019-02-07,56.84756851196289,56.90789756329975,56.747028616287494,56.860977240674025,27119400
2019-02-08,56.834144592285156,56.847548202276016,56.693383674697046,56.780519924462126,16728100
2019-02-11,56.8609619140625,56.88777425032601,56.773820542723556,56.82074085270212,10051800
2019-02-12,57.13581085205078,57.15591883683086,57.021862195674956,57.02856656191267,20174000
2019-02-13,57.05537033081055,57.182722586572744,57.00845000207031,57.16931897004651,25088400
2019-02-14,57.06206130981445,57.1223903602673,56.88108438631901,56.96152141561229,19406700
2019-02-15,57.2430305480957,57.283246496784564,57.16259353678758,57.16259353678758,24052000
2019-02-19,57.263118743896484,57.296635432180885,57.14917018601534,57.175982513857136,11317700
2019-02-20,57.31005859375,57.34357529347055,57.19610999698876,57.28324625675965,9925700
2019-02-21,57.25642776489258,57.33016040520745,57.20950745868582,57.27653573699121,15479800
2019-02-22,57.37036895751953,57.42399361882651,57.3033406878504,57.32344865735823,12330300
2019-02-25,57.41731643676758,57.531265050387844,57.39050409581026,57.45082802751588,13698200
2019-02-26,57.49102020263672,57.558053584269345,57.42399193493311,57.457508625749426,16049300
2019-02-27,57.511165618896484,57.551381579342696,57.464245293731935,57.511165618896484,14818900
2019-02-28,57.47761917114258,57.53124383328083,57.44410247882385,57.497727140962105,21340600
2019-03-01,57.64055633544922,57.67422300641338,57.56649376877828,57.600160439742446,26455300
2019-03-04,57.55302810668945,57.734814767626126,57.45876245875227,57.70788245918873,16034400
2019-03-05,57.52610778808594,57.55976932803911,57.47224315998445,57.55304010213668,14510100
2019-03-06,57.43185043334961,57.51264224315603,57.40491811780949,57.499178653792946,16806400
2019-03-07,57.391456604003906,57.458784832908364,57.2837324651197,57.45205560578814,28101100
2019-03-08,57.297176361083984,57.31064508432395,57.10192096860711,57.216384568895506,21043400
2019-03-11,57.48570251464844,57.49243687686853,57.26351992951799,57.276983517144906,17922400
2019-03-12,57.586673736572266,57.62034039702482,57.425085067384586,57.4385486494789,20180500
2019-03-13,57.741573333740234,57.748302561060974,57.606911735104205,57.62038046337518,24524800
2019-03-14,57.70115280151367,57.788684095273666,57.68768921460376,57.7146215252366,12342500
2019-03-15,57.75503921508789,57.82236744866799,57.73484125869536,57.74157562309785,21775300
2019-03-18,57.734840393066406,57.788705033848856,57.68097575228395,57.76177271345763,10498900
2019-03-19,57.768489837646484,57.876213950247916,57.734823163001025,57.7752190631249,14067200
2019-03-20,58.01759719848633,58.10512848646505,57.66748745700946,57.77521155561285,31184400
2019-03-21,58.00413513183594,58.07819769892132,57.93007256475055,57.943536151123894,16400700
2019-03-22,57.79540252685547,57.93679841547504,57.73480869185742,57.91659533366363,27030400
2019-03-25,57.77522659301758,57.8425599510841,57.66750246637637,57.75502864032323,23592100
2019-03-26,57.916587829589844,58.00411909566195,57.829061700329135,57.86945758509386,18762700
2019-03-27,57.95702362060547,58.064747756874155,57.82236202925152,57.950289256834154,16706700
2019-03-28,58.07147979736328,58.07147979736328,57.93008898470916,57.96375052859008,19706700
2019-03-29,58.21957778930664,58.25997367782758,58.10511934728939,58.118582931192414,22358900
2019-04-01,58.205421447753906,58.34743475388511,58.191898582163724,58.30009698517471,21353900
2019-04-02,58.23243713378906,58.25272399962478,58.117474787768856,58.218909116947444,15129300
2019-04-03,58.25273895263672,58.367701328166845,58.22568807143645,58.293312694723106,13746500
2019-04-04,58.34064865112305,58.347412661071914,58.245973149550416,58.25950116944815,14435700
2019-04-05,58.448829650878906,58.496167383424876,58.387963903647865,58.40149191833294,14227000
2019-04-08,58.41501998901367,58.435312012853,58.36768225224129,58.421783996960116,11472100
2019-04-09,58.374473571777344,58.44209820460215,58.34065867565056,58.38123758288846,19118700
2019-04-10,58.63142776489258,58.63142776489258,58.44884080720028,58.44884080720028,16767000
2019-04-11,58.7193489074707,58.739635775502315,58.597622539853745,58.62467341703832,20976100
2019-04-12,58.80723571777344,58.84105058992486,58.69227340753875,58.78694885825262,17442800
2019-04-15,58.766685485839844,58.8004952120788,58.719347741563574,58.8004952120788,13940000
2019-04-16,58.73287582397461,58.81402846113485,58.71258895454145,58.8072644515146,11543800
2019-04-17,58.590877532958984,58.79375659792763,58.584113521612316,58.79375659792763,11818600
2019-04-18,58.617916107177734,58.69230473808019,58.55029148620129,58.69230473808019,15295500
2019-04-22,58.51648712158203,58.60440378815039,58.50972311043935,58.577352903008496,24591400
2019-04-23,58.7193489074707,58.753158634380966,58.55704364436325,58.590858530700785,15094100
2019-04-24,58.6381950378418,58.732870526275214,58.63143102883165,58.732870526275214,11938800
2019-04-25,58.66526794433594,58.705841694778684,58.54354153357859,58.631453046014244,14369000
2019-04-26,58.814029693603516,58.820793703365524,58.73287705474269,58.73287705474269,11937200
2019-04-29,58.7869987487793,58.83433651431019,58.7869987487793,58.8005216134612,7601200
2019-04-30,58.793739318847656,58.86136393415314,58.7802113001301,58.81402618749656,11168100
2019-05-01,58.60089874267578,58.994787121532966,58.59410613442183,58.80463035911633,24574300
2019-05-02,58.64158248901367,58.72987075993597,58.52613417606233,58.648375090139204,24936600
2019-05-03,58.79102325439453,58.81139588853411,58.7231127468494,58.75706541000216,18522700
2019-05-06,58.81821823120117,58.8250108397618,58.40395719012071,58.52619823800088,18893700
2019-05-07,58.46504592895508,58.7095279026335,58.3699701815512,58.67557523926906,30266300
2019-05-08,58.48538589477539,58.60762680250459,58.42426285029265,58.47180069322977,27527500
2019-05-09,58.397132873535156,58.44467074516336,58.186608753644485,58.397132873535156,30890400
2019-05-10,58.56010818481445,58.61443346512305,58.234130596772935,58.37674417240423,33782400
2019-05-13,58.02366638183594,58.24777069969572,58.01008116181818,58.186652753345776,34801600
2019-05-14,58.15266036987305,58.28848658321868,58.08474985382037,58.13908033915862,18128500
2019-05-15,58.206993103027344,58.24095095298519,58.02363418448019,58.05758685319757,19543700
2019-05-16,58.383575439453125,58.47865121950382,58.268127018140355,58.28849965940244,29384100
2019-05-17,58.36318588256836,58.471841664887855,58.2613175245414,58.2613175245414,27089400
2019-05-20,58.308860778808594,58.458267026863055,58.254530292017805,58.349606053281484,15780000
2019-05-21,58.492252349853516,58.50583756975568,58.39717653551153,58.39717653551153,15004300
2019-05-22,58.53974914550781,58.53974914550781,58.383555495028226,58.45825860829747,14976200
2019-05-23,58.247718811035156,58.39712501067544,58.179808315172856,58.37675238004062,18333400
2019-05-24,58.166229248046875,58.383545947134465,58.159436643976974,58.315635450151866,17611600
2019-05-28,58.11191940307617,58.28169829641007,58.05758891371158,58.234160413526205,20544600
2019-05-29,57.95572280883789,58.0779638240703,57.89460489184211,58.03721854607311,25441900
2019-05-30,58.07794189453125,58.16623020517634,58.02361660479453,58.05756926322512,20311900
2019-05-31,57.65689468383789,57.95570191683732,57.64330947524216,57.887791417575585,34947400
2019-06-03,57.74966812133789,57.83835445454815,57.626868857330045,57.74966812133789,58940600
2019-06-04,58.32957077026367,58.33639439965676,57.927065119442766,57.927065119442766,34113300
2019-06-05,58.465999603271484,58.47964685913395,58.28180328835284,58.38413688770901,28368700
2019-06-06,58.588802337646484,58.64338095450975,58.377316703430544,58.45236100039169,23538600
2019-06-07,58.73887634277344,58.813920621096074,58.09759597106472,58.6706556910898,29934000
2019-06-10,58.82759475708008,58.90263386479157,58.79348181319847,58.84806044144725,17482200
2019-06-11,58.909454345703125,59.120945217636375,58.82076798321769,59.01861159636599,34293700
2019-06-12,58.772987365722656,58.909428664666684,58.7593401128871,58.895786616733055,18195500
2019-06-13,58.909454345703125,58.9503909171538,58.84123366649093,58.87534660854912,19438500
2019-06-14,58.868526458740234,58.91628145750188,58.820771459978594,58.888992143223156,8842000
2019-06-17,58.77981948852539,58.868505825168064,58.752530183811636,58.83439289305021,10554000
2019-06-18,59.189178466796875,59.195996892733184,59.039089817713354,59.05955550533287,22540400
2019-06-19,59.4688835144043,59.48253077577586,59.045912100179144,59.148240535939955,28212600
2019-06-20,59.76906204223633,59.79635136063884,59.550752699921524,59.646262711877675,48362000
2019-06-21,59.578025817871094,59.65988854591323,59.578025817871094,59.612133552920696,22467800
2019-06-24,59.57121276855469,59.60532571456651,59.54392345272619,59.578036398738014,13764100
2019-06-25,59.31881332397461,59.56441205602141,59.27788193693575,59.56441205602141,26173600
2019-06-26,59.29147720336914,59.462031439662475,59.27100632289606,59.43474213726727,19554600
2019-06-27,59.455223083496094,59.489330816573755,59.366531526706325,59.39382083611059,12995100
2019-06-28,59.47568130493164,59.52343628917382,59.45521562667111,59.489323355471015,14690800
2019-07-01,59.493507385253906,59.795019578174276,59.4798046619628,59.70593357860147,26036100
2019-07-02,59.62373352050781,59.65799295812472,59.50723679405922,59.53464748098512,20683200
2019-07-03,59.849830627441406,59.88409527484284,59.637404452095815,59.65111240227686,16237900
2019-07-05,59.60997009277344,59.67849413229596,59.51403539183208,59.67164538797808,17591400
2019-07-08,59.493507385253906,59.582588156775095,59.486653409582544,59.582588156775095,16679400
2019-07-09,59.424991607666016,59.47981296458601,59.41128365440984,59.45240228612601,19189100
2019-07-10,59.589447021484375,59.67167905213258,59.54147964395259,59.56889032083533,24497000
2019-07-11,59.47295379638672,59.62370990073059,59.390721768185,59.62370990073059,19191200
2019-07-12,59.568885803222656,59.57573977893656,59.424983681540645,59.47295105543465,21291200
2019-07-15,59.60997009277344,59.6647914156111,59.520889364199064,59.555153997984874,10735200
2019-07-16,59.48665237426758,59.60314904644668,59.43183625400559,59.60314904644668,20147200
2019-07-17,59.41127395629883,59.53461937520813,59.40442520884106,59.53461937520813,9361300
2019-07-18,59.438655853271484,59.452363797653355,59.28105108922263,59.41809916474763,17236600
2019-07-19,59.33590316772461,59.466102578068956,59.31534646673384,59.43869190073056,14771000
2019-07-22,59.534603118896484,59.534603118896484,59.37699832157887,59.40440898807977,12852800
2019-07-23,59.637413024902344,59.65796972507774,59.514067595798075,59.58259167240002,14051800
2019-07-24,59.68535614013672,59.692210113426455,59.60997811809902,59.623686064678495,12713700
2019-07-25,59.603126525878906,59.71961792599113,59.55515917124155,59.71961792599113,14272500
2019-07-26,59.73335647583008,59.74706442997771,59.67168636632381,59.699097046566386,8512700
2019-07-29,59.64425277709961,59.72648478624252,59.589431437671,59.71963081180128,14731800
2019-07-30,59.67165756225586,59.678506307971034,59.50719356018875,59.54831217473061,13794100
2019-07-31,59.568885803222656,59.79501994931653,59.32904893375263,59.719641900618576,23449700
2019-08-01,59.53926467895508,59.86269889260074,59.518620835567404,59.55991377255726,28839000
2019-08-02,59.44987487792969,59.5186895187039,59.305362557237686,59.5186895187039,23559600
2019-08-05,58.83049774169922,59.09200057195733,58.734156251672786,59.09200057195733,47727900
2019-08-06,59.208980560302734,59.264034335399224,58.95436078814417,59.091995225885405,28695000
2019-08-07,59.20210266113281,59.270917260864024,58.80297063238742,58.96813197200323,38028500
2019-08-08,59.43608093261719,59.47048560872405,59.215871054706334,59.215871054706334,27074700
2019-08-09,59.3535041809082,59.422318787885956,59.23651882402424,59.33286032383668,19090800
2019-08-12,59.147037506103516,59.2777888955989,59.09886677053412,59.18833045817472,17466700
2019-08-13,59.4085578918457,59.46361167744583,59.098884285508426,59.140177249817505,30078600
2019-08-14,58.87867736816406,59.1608240959567,58.83738965198688,59.140180237868115,29745300
2019-08-15,59.05070877075195,59.1126455871088,58.94060645865401,58.98189416941354,27296500
2019-08-16,59.25025939941406,59.270903249431555,59.14015711591541,59.14015711591541,15780200
2019-08-19,59.42230224609375,59.42918527994084,59.33284380694763,59.360370692119474,13603000
2019-08-20,59.470458984375,59.50486889529449,59.353473687593144,59.44981513790941,16126800
2019-08-21,59.72507858276367,59.76636627563135,59.58056640751153,59.62185410037921,18334300
2019-08-22,59.83522033691406,59.89027413054862,59.697591103046406,59.82834255037379,20677200
2019-08-23,59.55995559692383,59.96596546922966,59.511784845121134,59.72511171021618,30340300
2019-08-26,59.85580825805664,59.85580825805664,59.69064704599325,59.745700783347715,14187800
2019-08-27,59.828338623046875,59.99349474289043,59.72511407931276,59.97285088418728,14722700
2019-08-28,59.972816467285156,60.0003433464985,59.79389437750618,59.81453822436233,13576000
2019-08-29,60.03474807739258,60.151738626738606,60.00034341599759,60.10356265039793,16271400
2019-08-30,59.97971725463867,60.13799029419758,59.84896585222458,60.13110725980291,14413600
2019-09-03,59.807647705078125,59.932045610380534,59.703981905215855,59.932045610380534,20561500
2019-09-04,59.93202590942383,59.952758008048875,59.84217978516882,59.91129381079879,13526700
2019-09-05,60.1670036315918,60.21538029149079,59.97349699199583,59.98732190777296,23399100
2019-09-06,60.22229766845703,60.33287591306439,60.15318890190788,60.24994222960887,25162700
2019-09-09,60.28448486328125,60.305216961032514,60.13934963370307,60.25684030872634,17484200
2019-09-10,60.31903076171875,60.339762857462674,60.19463291459604,60.29138620984046,14055800
2019-09-11,60.312164306640625,60.33290169086043,60.2430555105641,60.284525006340544,13999200
2019-09-12,60.3466911315918,60.422712351018866,60.29831447128916,60.36051077482375,23246400
2019-09-13,60.23611068725586,60.339771180273644,60.20155367447669,60.243017871683804,34407300
2019-09-16,60.45033264160156,60.45724509677271,60.249913622905495,60.33284726698406,23020800
2019-09-17,60.484901428222656,60.49181388534304,60.360503563355174,60.47108178664178,14626400
2019-09-18,60.45033264160156,60.49870928248279,60.25682607807664,60.44342018643041,15913800
2019-09-19,60.38124084472656,60.49872625229857,60.35359628894611,60.41579258495721,13327000
2019-09-20,60.457271575927734,60.47800367786305,60.360512979128416,60.401982455659756,23298400
2019-09-23,60.429630279541016,60.4780069442231,60.395073259341956,60.40889817648598,15456800
2019-09-24,60.3466911315918,60.4918211124997,60.27066991216472,60.484908654553465,21934200
2019-09-25,60.28448486328125,60.325949058783785,60.14626209050671,60.298304504228874,15142100
2019-09-26,60.24300003051758,60.305201580566916,60.1531592056222,60.284469488103234,13873100
2019-09-27,60.17393493652344,60.284513206732704,60.12555826147242,60.23613653168168,13419200
2019-09-30,60.24300003051758,60.24300003051757,60.139334295540884,60.16697884304522,21827700
2019-10-01,60.10425567626953,60.270786414071104,60.05568399049755,60.256905764469565,27665700
2019-10-02,59.75034713745117,60.07647343977362,59.70177547288705,60.0695331180032,33789500
2019-10-03,59.785064697265625,59.84057140941032,59.500569636640364,59.75730869423514,30387800
2019-10-04,59.97243118286133,59.97937150942208,59.81283543547244,59.86140713356157,17588600
2019-10-07,59.923851013183594,60.01405407004887,59.84752331356016,59.930791338763164,14542500
2019-10-08,59.701805114746094,59.89609186946569,59.7018051147461,59.86139553730133,15471500
2019-10-09,59.88218688964844,59.93769358216881,59.84749057464809,59.86136592429959,11351300
2019-10-10,59.95849609375,60.00706774345266,59.882168459372565,59.89604380475357,11092800
2019-10-11,60.208316802978516,60.24995344591953,60.069542110282285,60.11811378211748,18661400
2019-10-14,60.24994659423828,60.277702588404125,60.15280326161511,60.20830995603222,9842600
2019-10-15,60.38181686401367,60.416513200836874,60.229166746177675,60.25691746293496,26321500
2019-10-16,60.33322525024414,60.37486189946951,60.32629022030324,60.360981251755724,11813000
2019-10-17,60.416465759277344,60.43728142745883,60.36789410221601,60.37483442291436,14814300
2019-10-18,60.430335998535156,60.45809198506876,60.34013301273578,60.41646065222492,21363700
2019-10-21,60.45121765136719,60.48590869892886,60.44427732428747,60.47897366576759,10090400
2019-10-22,60.465087890625,60.49284390267466,60.42345651950951,60.49284390267466,15464300
2019-10-23,60.52058410644531,60.52752443112438,60.430375767367295,60.47201242152508,9097500
2019-10-24,60.5899658203125,60.5899658203125,60.48588213550076,60.548334463954255,14832800
2019-10-25,60.63852310180664,60.65933877504298,60.57607608209759,60.57607608209759,11593600
2019-10-28,60.631595611572266,60.67323226077186,60.61772025778306,60.64547625927746,10646500
2019-10-29,60.52058410644531,60.645483481085435,60.506703457087184,60.62466780096485,10655700
2019-10-30,60.44422912597656,60.56218812267878,60.367901470718834,60.55524780113329,24566400
2019-10-31,60.236087799072266,60.43731485932793,60.22221244391376,60.43037453479042,24576400
2019-11-01,60.49456787109375,60.55728096861434,60.32734180440685,60.33430579167073,23894100
2019-11-04,60.6199951171875,60.654836321249604,60.57818992513007,60.60606182517548,14135800
2019-11-05,60.55730056762695,60.675752181698805,60.49458744980962,60.66878287615854,21946800
2019-11-06,60.48762130737305,60.557303734374564,60.46671870568171,60.557303734374564,8976900
2019-11-07,60.459739685058594,60.60606850543132,60.44580639151079,60.57819660231375,15077600
2019-11-08,60.5154914855957,60.5363940866897,60.36916796191511,60.452783682313736,11692800
2019-11-11,60.480648040771484,60.50851462807045,60.39703233080859,60.459740126264265,4933600
2019-11-12,60.49456787109375,60.54334236204496,60.43186008959397,60.44579338014253,14690200
2019-11-13,60.4318962097168,60.45976280746979,60.397054988489565,60.43189620971679,15333600
2019-11-14,60.39704895019531,60.48066468316665,60.37614634595835,60.43885415866926,14965100
2019-11-15,60.57819366455078,60.58515765297598,60.452772764615034,60.45973675304024,12996200
2019-11-18,60.50154495239258,60.55031944961419,60.47367305169145,60.529416853093714,13135800
2019-11-19,60.285552978515625,60.44581511556655,60.28555297851563,60.438845809775806,20175500
2019-11-20,60.1601448059082,60.32737628419617,60.15318081466409,60.25072985232015,22566100
2019-11-21,60.1740837097168,60.23679152735835,60.111370576051364,60.222858228779295,17853800
2019-11-22,60.40400314331055,60.40400314331055,60.201935826206515,60.26464362322736,20394800
2019-11-25,60.56426239013672,60.57820100071853,60.41793887516184,60.41793887516184,16885300
2019-11-26,60.63396453857422,60.63396453857422,60.55035410463922,60.58519001343729,11469400
2019-11-27,60.710594177246094,60.72453278972711,60.58517324503232,60.61304515397128,11814700
2019-11-29,60.57819366455078,60.69664526003962,60.57122436010388,60.69664526003962,11519500
2019-12-02,60.536949157714844,60.59990390319241,60.40403757909724,60.59990390319241,20966400
2019-12-03,60.452999114990234,60.48797752864112,60.32708429758632,60.397035787931465,29757200
2019-12-04,60.6348762512207,60.65586116427965,60.48097977284638,60.48097977284638,12406800
2019-12-05,60.72580337524414,60.72580337524414,60.56491550840304,60.67683680660262,18158900
2019-12-06,60.80971908569336,60.86568237633753,60.75375579504919,60.823707239877834,16094700
2019-12-09,60.80971908569336,60.858685630768726,60.78873418594008,60.78873418594008,18034300
2019-12-10,60.95669174194336,60.9636884958937,60.7888070058521,60.809791930743565,15117100
2019-12-11,61.082550048828125,61.09653820681234,60.92165687875947,60.97062877409068,14127500
2019-12-12,61.222434997558594,61.28539503238481,61.089528856397514,61.11051375568858,18958100
2019-12-13,61.28544616699219,61.313427835044955,61.20849791408645,61.243476333391776,18088100
2019-12-16,61.404335021972656,61.43931342462651,61.348371712508445,61.376353367240554,17517400
2019-12-17,61.593223571777344,61.59322357177735,61.411345443998414,61.411345443998414,18650700
2019-12-18,61.705135345458984,61.73311700209854,61.60020546729948,61.62119037554032,31575700
2019-12-19,61.67283630371094,61.72899953554169,61.58157506900142,61.714961405594295,29429300
2019-12-20,61.58158493041992,61.771129173175794,61.56754144220308,61.74304755276355,31918800
2019-12-23,61.60966491699219,61.63774653665973,61.58860504124685,61.60264317306997,9720200
2019-12-24,61.65880584716797,61.65880584716797,61.5886044766533,61.62370248390001,4854900
2019-12-26,61.750083923339844,61.771143804632025,61.700942414983835,61.736045787819286,11382700
2019-12-27,61.721981048583984,61.792182414065465,61.70092117454163,61.792182414065465,11627100
2019-12-30,61.679866790771484,61.792187914335656,61.6166818069993,61.77814978239814,12524300
2019-12-31,61.73604965209961,61.743066042287715,61.644783019423826,61.67988639445652,8310800
2020-01-02,61.995758056640625,62.00277979862836,61.813235613118174,61.84833361101719,15756600
2020-01-03,61.93257522583008,61.97469496352627,61.806210656721966,61.86237387766325,17342200
2020-01-06,61.86943817138672,61.90454155066194,61.81328026297954,61.85540003329085,17936900
2020-01-07,61.81327438354492,61.89049752578629,61.80625263715302,61.87645403300249,9640300
2020-01-08,61.86943817138672,61.93964492993715,61.792215021800196,61.82731840107541,16088100
2020-01-09,62.03091049194336,62.037932239486985,61.89752406873479,61.94666558949204,16649500
2020-01-10,62.05195999145508,62.06600348419154,61.988780342210504,62.03792185474178,16182900
2020-01-13,62.05195999145508,62.09407975761813,62.02387836200533,62.05898173782331,17762400
2020-01-14,62.044918060302734,62.12214117716113,61.97471668752821,62.037901672240274,29157100
2020-01-15,62.05896759033203,62.15022884822167,62.05194584556454,62.05896759033203,24637900
2020-01-16,62.08003234863281,62.150233733760345,62.04492897805786,62.108113973888294,22349200
2020-01-17,62.03091049194336,62.13621528100149,62.03091049194336,62.11515539439468,29626700
2020-01-21,61.897499084472656,62.080026954763056,61.897499084472656,62.0168419644225,19724900
2020-01-22,62.00980758666992,62.037889201339034,61.93960622800733,61.9957641013252,17731800
2020-01-23,61.820281982421875,61.918564993838885,61.79220035687095,61.904526859074636,28566200
2020-01-24,61.56053161621094,61.82729900453141,61.532449992805304,61.82729900453141,40838300
2020-01-27,61.14630889892578,61.34287482487463,61.04802593595135,61.2445918619002,41372700
2020-01-28,61.67283630371094,61.75005940847307,61.34990575471502,61.42712885947715,32628300
2020-01-29,61.637752532958984,61.939623278725335,61.62370904374838,61.7570954111401,17308200
2020-01-30,61.700931549072266,61.714975038142384,61.42714242844436,61.43416417297943,20103300
2020-01-31,61.448184967041016,61.63773452384959,61.34990199536999,61.63773452384959,35659700
2020-02-03,61.43833923339844,61.6639301623826,61.42423677492392,61.56523446710903,25754700
2020-02-04,61.80492401123047,61.81902647005527,61.670982923467655,61.68508000378032,25063800
2020-02-05,62.058692932128906,62.079841234509225,61.92474651237321,61.952946041717055,36687700
2020-02-06,62.10803985595703,62.14329061174911,61.94589928773793,62.037543722883065,18329900
2020-02-07,62.016387939453125,62.07278699051266,61.95293766238376,62.03048501296324,12865100
2020-02-10,62.100990295410156,62.10804152245981,61.95294679842942,62.00229463075633,14220000
2020-02-11,62.143310546875,62.234955011419025,62.143310546875,62.227903782296586,16821500
2020-02-12,62.30546188354492,62.36186096920114,62.220868633573446,62.263165258559184,26688200
2020-02-13,62.326568603515625,62.361813971604235,62.24197003878713,62.25606711032082,13297900
2020-02-14,62.31953430175781,62.38297920865146,62.28428354558785,62.34773383099174,11398800
2020-02-18,62.192630767822266,62.319525943099876,62.14328294290927,62.28427519165795,26635300
2020-02-19,62.22085952758789,62.29840691438797,62.2138082982846,62.25610491708026,18547500
2020-02-20,62.326568603515625,62.34771690007055,62.079824134351384,62.26311833534206,31277000
2020-02-21,62.27021408081055,62.30545947409806,62.15037006231027,62.27725993236047,23027000
2020-02-24,61.6004753112793,61.75557007198374,61.47358008693126,61.68507392034852,57828300
2020-02-25,61.17044448852539,61.903616330550165,61.114050791840285,61.86837094243596,68418000
2020-02-26,61.2338981628418,61.50883694641874,61.05060384761978,61.28324601172709,69233800
2020-02-27,60.409053802490234,61.114025818844155,60.28920447204274,60.7192378322994,72596300
2020-02-28,60.65580749511719,60.73335486581492,59.70409612024883,59.70409612024883,97472600
2020-03-02,61.11606979370117,61.179801561768656,60.35132639348678,60.64164439672308,72357700
2020-03-03,60.854095458984375,61.73922016415986,60.71247226473282,61.16565568159287,58721000
2020-03-04,61.68964385986328,61.71796849433475,61.31434650489504,61.363918666998835,52664700
2020-03-05,60.91072463989258,61.25769733032405,60.790349005598145,61.151481310852596,62455700
2020-03-06,60.22385787963867,60.386717721040526,59.5440776818149,59.85564315561997,69860600
2020-03-09,57.63221740722656,59.11922526473963,56.39304329223727,56.39304329223727,73609600
2020-03-10,58.51734924316406,58.68021452467651,57.44811735768089,58.50318962851438,57598000
2020-03-11,57.24275588989258,57.84464473319597,56.78957268243424,57.533079252179625,60006600
2020-03-12,54.955589294433594,56.8249710887139,53.978414166359066,54.084624743694995,82926400
2020-03-13,56.683372497558594,56.84623237263585,55.33089973149204,56.74001635711492,69164600
2020-03-16,53.567752838134766,54.98395248803986,52.61181915492341,53.61731960978653,43080100
2020-03-17,54.07048416137695,55.01933500193595,52.84546951545608,53.4969252324531,68569400
2020-03-18,51.684207916259766,52.93046519813796,50.91946416368232,52.29317423567904,54289800
2020-03-19,50.522891998291016,51.457583006638686,50.112193042497545,50.88402421130732,45706300
2020-03-20,49.38993835449219,51.0822956666357,49.149187126260344,50.565386075493095,55796500
2020-03-23,48.596885681152344,49.65195823708162,47.810894497616665,49.60239146885741,48862100
2020-03-24,50.60078430175781,50.94775150761538,49.49615092665295,49.63068614389657,51304000
2020-03-25,52.02408218383789,53.511090369334205,51.039824101885145,51.16019974589454,45692600
2020-03-26,54.403297424316406,54.40329742431641,52.18694206155521,52.40645662674152,41965200
2020-03-27,54.544918060302734,55.49377445072622,53.36239287882162,53.4190421503873,66536800
2020-03-30,55.01224899291992,55.26008272442242,54.26874239604227,54.59446750064129,35016900
2020-03-31,54.573211669921875,55.02639478005819,54.50948532741934,54.785643616334625,31103400
2020-04-01,53.07518768310547,53.56622553841217,52.9257409071867,53.502179247086545,36859100
2020-04-02,53.48796463012695,54.29925047447054,52.826125606636765,52.92575682053903,31824800
2020-04-03,52.34220504760742,53.51643095207558,52.17852207859674,53.37410218471412,39986200
2020-04-06,53.616065979003906,53.772630891905926,53.23888983219168,53.416803518763096,32347800
2020-04-07,53.616065979003906,54.59815300375481,53.54490159027431,54.391772475792585,35120800
2020-04-08,55.010902404785156,55.24574429488853,53.86513807165321,54.05728242346392,46291400
2020-04-09,58.61185073852539,59.81454828720652,57.992709520132,58.334305985674604,88846900
2020-04-13,57.77210235595703,58.298725072983025,57.23124351092136,58.22044265740581,40390500
2020-04-14,58.01409149169922,58.41973447265468,57.62268464593222,58.29164183292691,37632800
2020-04-15,57.47325134277344,57.580000663855614,56.90392524999916,57.110305822892435,34367500
2020-04-16,57.41630172729492,57.46611733938768,56.88256069937491,57.330901208209696,25821900
2020-04-17,57.70808029174805,57.92869695332418,57.53728467431393,57.871763271014544,38251800
2020-04-20,56.83984375,57.49456455098777,56.73309449496027,57.138737320517116,24676200
2020-04-21,55.800819396972656,56.26339037430812,55.68695209643414,56.19222602621741,42335600
2020-04-22,56.2918815612793,56.48403135672314,56.106849832572586,56.40574891109699,15720900
2020-04-23,56.26341247558594,56.69040959084577,56.02857057758567,56.39862859071781,23896700
2020-04-24,55.736778259277344,56.38438643761947,55.62291636662491,56.30610401101783,37915200
2020-04-27,55.964515686035156,56.17089616558703,55.87200254533682,56.007213223358455,20550700
2020-04-28,56.13529968261719,56.306100655656714,55.822175424362925,56.27051576223371,23927600
2020-04-29,57.12451934814453,57.18857109332465,56.41286466099962,56.52673201710011,34838300
2020-04-30,57.23838424682617,57.33089739756516,56.59789396999508,56.825623242924564,34636000
2020-05-01,56.251060485839844,56.8659047431239,56.2010152767362,56.72291453531441,31859400
2020-05-04,56.17241287231445,56.38689544011068,55.90788509930155,56.14381483297374,20400900
2020-05-05,56.65855026245117,56.65855026245117,56.35112825735753,56.35112825735753,26484200
2020-05-06,56.33685302734375,56.787259896619204,56.315400405886166,56.7157675219829,18823300
2020-05-07,56.479820251464844,56.98742304475244,56.458373091180654,56.62280495637067,19581700
2020-05-08,57.01602554321289,57.02317641537343,56.67285458823165,56.71575436667761,21770400
2020-05-11,56.75865936279297,56.99458909779651,56.72291044978578,56.894498686798336,14285100
2020-05-12,56.68717956542969,57.194782606520214,56.68717956542969,57.13044109425725,25332700
2020-05-13,56.38690185546875,56.78011266847458,56.293956853407146,56.73006745756406,29962000
2020-05-14,56.193870544433594,56.408353152330385,55.75061448807519,56.093780115286904,30429100
2020-05-15,56.272499084472656,56.36543861450741,55.88643376395328,56.0294239499889,34133400
2020-05-18,57.266239166259766,57.309138935448445,56.95167176780073,57.166148795679696,31900200
2020-05-19,57.33774185180664,57.502179178573854,57.11611391333166,57.223355173874005,18536500
2020-05-20,57.945438385009766,58.08842309081116,57.58797116598939,57.63801635847157,36053700
2020-05-21,57.93115997314453,58.07415019105127,57.766728040700656,57.93115997314454,23307300
2020-05-22,58.074127197265625,58.14561955065287,57.77385058581211,57.87394097145764,11311900
2020-05-26,58.51026153564453,58.73904590845971,58.038407403012386,58.5031161148838,27673800
2020-05-27,58.63179397583008,58.94636152242581,58.38156793154301,58.92491435498959,24905000
2020-05-28,58.688987731933594,59.01786249854504,58.581751889037434,58.71758577487889,23282500
2020-05-29,58.92490768432617,59.06789787524475,58.538842350623106,58.66038537653341,32189000
2020-06-01,59.37058639526367,59.39211740459291,58.72462873617832,58.810758249336914,46987000
2020-06-02,59.95914077758789,59.987850623159495,59.298830756970425,59.46390552420323,35930900
2020-06-03,60.23905944824219,60.562035652437636,60.13139888822919,60.20317076962334,35991000
2020-06-04,60.05245590209961,60.274955881644225,59.944795328235344,60.17446866375179,36405800
2020-06-05,60.61946105957031,61.028566845491596,60.57639902184515,60.69841177929583,35306500
2020-06-08,60.69125747680664,60.777387062911316,60.54053480800817,60.76303486981701,20493100
2020-06-09,60.21754455566406,60.39697704511727,59.987871188197765,60.36826718970335,28412400
2020-06-10,60.13140869140625,60.447211592037874,59.75819156180524,60.13858752346909,36663100
2020-06-11,58.588287353515625,59.29884386786889,58.47345342168271,59.27013401594957,48794500
2020-06-12,59.169654846191406,59.478278922944575,58.74619135676516,59.38497053118655,36156800
2020-06-15,59.74383544921875,60.1314102530107,58.65288840864644,58.78208000991043,39432300
2020-06-16,59.98786544799805,60.526162864848324,59.794075311459025,60.46874315951495,40976300
2020-06-17,59.70798110961914,60.0166053354286,59.67927124258487,59.94482792991929,17066700
2020-06-18,59.68641662597656,59.7222998327726,59.44956446257725,59.54286737125994,22223600
2020-06-19,59.4854850769043,59.83717686523879,59.363472240550344,59.80128816002993,32037600
2020-06-22,59.44242858886719,59.59315130836116,59.349125612756104,59.47831729744352,21536000
2020-06-23,59.52851486206055,59.672058640157395,59.49262617961426,59.65052762102728,17438000
2020-06-24,58.91845703125,59.41369251680315,58.52370879022788,59.341920607148744,43720600
2020-06-25,58.93996810913086,58.97585131055728,58.48779486924247,58.76053567446869,31159700
2020-06-26,58.380123138427734,58.86100613291491,58.30117792006358,58.86100613291491,33705800
2020-06-29,58.04999542236328,58.45910126804747,57.76290782779848,58.45192791127475,76540200
2020-06-30,58.58108901977539,58.7102805604058,58.193514397884165,58.24375524836032,40554300
2020-07-01,58.763465881347656,58.93644645893106,58.67697834203266,58.67697834203266,28799100
2020-07-02,59.19591522216797,59.46980707142214,59.08059667955013,59.27519912600965,30623300
2020-07-06,59.621177673339844,59.635590431941615,59.397744171810906,59.54910288242284,22888200
2020-07-07,59.22475814819336,59.70766529678467,59.195927132000044,59.55630658598533,22408000
2020-07-08,59.383331298828125,59.462615225712106,59.18872879581126,59.1959324262883,21155700
2020-07-09,59.253578186035156,59.433767879642716,58.979691831374765,59.38331498539072,21655600
2020-07-10,59.455406188964844,59.491446337224495,59.08782307169834,59.15268873982023,17903400
2020-07-13,59.13105392456055,59.75811607410425,59.1238447966936,59.67883216442792,20039400
2020-07-14,59.63557815551758,59.66440916574011,59.13104922400548,59.13104922400548,31929700
2020-07-15,59.97434997558594,60.046424768879405,59.75812559570553,59.99597186367855,21291300
2020-07-16,60.03200149536133,60.03921062311429,59.88064280626884,59.93830483038597,17570400
2020-07-17,60.197811126708984,60.21943852368693,59.974377515214506,60.1689855953186,22863700
2020-07-20,60.55815124511719,60.58698225665292,60.19056822068132,60.24822474479959,16701600
2020-07-21,60.839271545410156,60.96179925911679,60.73836022352566,60.75998761325765,22331600
2020-07-22,60.961788177490234,60.99061919293706,60.78880208480929,60.90412614659659,15251400
2020-07-23,60.918548583984375,60.99062888353099,60.52213443125197,60.95458873375768,28434900
2020-07-24,60.97621154785156,61.048286349535346,60.759987142800234,60.78881266430984,14977500
2020-07-27,61.120361328125,61.13477408762481,60.91134057217408,61.06990842144405,12931500
2020-07-28,60.961788177490234,61.12035601297081,60.90412614659659,61.06269398207716,14862900
2020-07-29,61.3005485534668,61.343792329148116,61.048278531447956,61.14918434067382,18012800
2020-07-30,61.430294036865234,61.45911955874572,61.07711815584729,61.105949176682735,54812400
2020-07-31,61.54560852050781,61.55281764997507,61.192438161976334,61.40866255540282,28623100
2020-08-03,61.56078338623047,61.58972999143634,61.401579818098384,61.5318367810246,17480600
2020-08-04,61.53909683227539,61.56080541369738,61.36542265989711,61.48844163528996,17120700
2020-08-05,61.64763259887695,61.67657920849519,61.5173756160955,61.55355473736735,14566000
2020-08-06,61.78511428833008,61.79959035181115,61.58249356759964,61.64762481126332,13258600
2020-08-07,61.633140563964844,61.76339751299576,61.546306278610786,61.76339751299576,14289900
2020-08-10,61.66209411621094,61.72722535856746,61.517366610308265,61.698278753186834,13708700
2020-08-11,61.10490417480469,61.705528460590095,61.07595756135689,61.69105791436719,20535400
2020-08-12,61.11933898925781,61.52458029860967,61.11933898925781,61.37261480760272,18003400
2020-08-13,60.95293045043945,61.37264248684577,60.89503723127953,61.133842619563275,28444900
2020-08-14,60.844398498535156,61.003602133776766,60.728612028903896,60.9384708643585,14072300
2020-08-17,61.20621871948242,61.23516533489674,60.858864855512934,60.9022875391356,13756500
2020-08-18,61.30029296875,61.34371013270888,61.083201627953095,61.23516722281169,24900300
2020-08-19,61.126590728759766,61.35815803189903,61.054226981716255,61.2713182228468,18738300
2020-08-20,61.32923126220703,61.32923126220703,61.01806208039057,61.02530011373564,19912800
2020-08-21,61.32200622558594,61.37266142773382,61.24240440492457,61.32924426046505,17570600
2020-08-24,61.60422897338867,61.63317559195787,61.43055478297645,61.437792817869486,16058100
2020-08-25,61.669349670410156,61.71276683031733,61.445020316220386,61.61145644319924,24018600
2020-08-26,61.66209411621094,61.77788053773344,61.63314751083031,61.67657017940148,16243100
2020-08-27,61.56806564331055,61.76344846754691,61.43780858681818,61.74173987829891,19861800
2020-08-28,61.61867904663086,61.70551334470063,61.575256376595334,61.60420298295214,14418500
2020-08-31,61.531883239746094,61.676616375054024,61.5029366126845,61.60424704689776,21473800
2020-09-01,61.866783142089844,61.92490945852128,61.496234803877734,61.54709394494758,22774200
2020-09-02,61.9394645690918,62.041182894426974,61.72149356152614,61.90313422008652,15878600
2020-09-03,61.55439758300781,61.84502379409128,61.30010172702249,61.83048943475845,34169800
2020-09-04,61.38726043701172,61.714216868585716,61.01671757508548,61.61249856806891,36087300
2020-09-08,61.04574966430664,61.32911400378599,60.96583292723679,61.132939118241005,34967600
2020-09-09,61.52532196044922,61.568913943160815,61.212899816806235,61.30735096042563,32976800
2020-09-10,61.23471450805664,61.6343262823893,61.212918510044766,61.619791921558395,32866300
2020-09-11,61.3581657409668,61.38722888949742,61.10387012035986,61.27824346831479,20807100
2020-09-14,61.29281234741211,61.539840934258514,61.22741884056741,61.48172014768001,28958000
2020-09-15,61.45991897583008,61.554375648132115,61.350939035838415,61.430861353986934,22176900
2020-09-16,61.45991897583008,61.75054508334906,61.40179818891184,61.50351649505869,26951200
2020-09-17,61.39454650878906,61.51079919843345,61.198377024055844,61.25649782564469,25752400
2020-09-18,61.24195861816406,61.532584749721806,61.212895450685046,61.5180503943661,29891800
2020-09-21,60.74790954589844,61.0530645583405,60.58079768104665,60.98040939488767,42968900
2020-09-22,60.95859146118164,60.994916258217934,60.68249417890118,60.82054282004141,41396800
2020-09-23,60.341007232666016,61.01671046058788,60.27561373668339,61.01671046058788,39577800
2020-09-24,60.377342224121094,60.55171567081115,59.98499781164452,60.21023595448577,38755800
2020-09-25,60.26837921142578,60.420962270303896,60.130336055310046,60.30470956701276,36032200
2020-09-28,60.660709381103516,60.75516606593038,60.44274392898632,60.58078705235741,20277000
2020-09-29,60.71155548095703,60.74788582011103,60.51538606192726,60.711555480957024,20243400
2020-09-30,60.95859146118164,61.05304258535399,60.704295709000945,60.71155734246921,28797600
2020-10-01,61.168025970458984,61.21180423769107,61.065872968970055,61.15342950343424,31098000
2020-10-02,61.168025970458984,61.19721333758739,60.7667066310946,60.7667066310946,26284300
2020-10-05,61.627681732177734,61.642278191446856,61.233660835683054,61.284737309288765,27394000
2020-10-06,61.489036560058594,61.839279174739765,61.452556549663534,61.64227153123739,37848500
2020-10-07,61.70795822143555,61.7517364743911,61.63499261086987,61.67147263269309,20968200
2020-10-08,61.84659194946289,61.912259323769014,61.75902988346925,61.90496109320651,18738800
2020-10-09,61.985225677490234,62.0436003888579,61.84659269664064,61.94144742742393,21287800
2020-10-12,62.29898452758789,62.36465747143534,62.11656772467246,62.18224066851991,10503400
2020-10-13,62.02170181274414,62.211416812320174,61.97062533981037,62.13845121768879,25183100
2020-10-14,61.868499755859375,62.03632014103988,61.81742326033655,61.99254187828331,31620600
2020-10-15,61.82470703125,61.86118705270701,61.52554079393889,61.62039553003014,32232100
2020-10-16,61.751739501953125,61.977940142791894,61.67147565631994,61.91956542470967,27456900
2020-10-19,61.53282928466797,61.919551965795044,61.510940161874856,61.87577372020883,20998100
2020-10-20,61.751739501953125,61.85389247513727,61.63499563270818,61.642293864198344,27650700
2020-10-21,61.74447250366211,61.87581289048366,61.67879952679042,61.74447250366211,26901600
2020-10-22,61.85387420654297,61.904950678049566,61.620380970095994,61.73713037177842,28977800
2020-10-23,61.92686462402344,61.96334464820532,61.78092782653709,61.94875375191649,20734700
2020-10-26,61.37963104248047,61.744464786170376,61.35773634164532,61.70068095142121,50102400
2020-10-27,61.40880584716797,61.54014062378395,61.379618485613314,61.4233967444853,30880900
2020-10-28,60.89803695678711,61.08775202837465,60.78858573983583,61.00748817373839,45794300
2020-10-29,61.07313919067383,61.10232654516401,60.759382088552634,60.8542423823754,37112600
2020-10-30,61.204505920410156,61.233693287498625,60.87615778277675,61.02208905129803,36801700
2020-11-02,61.35032272338867,61.445585185572845,61.18177542322631,61.394289153497034,25665400
2020-11-03,61.87794494628906,61.87794494628906,61.474900683226934,61.474900683226934,39777600
2020-11-04,62.45685577392578,62.58876065080987,62.03915792893419,62.06114114327353,57673400
2020-11-05,62.67669677734375,62.93317694276064,62.59608792666297,62.757305628024525,55079000
2020-11-06,62.45685577392578,62.713335925964834,62.368917325720396,62.698676722506605,25953400
2020-11-09,62.933170318603516,63.68063311154082,62.9038575040915,63.665973908860956,59347100
2020-11-10,62.845252990722656,63.0650907675983,61.101176436924185,62.85990660617473,39295700
2020-11-11,62.8232536315918,62.96981211185514,62.74996880061248,62.96248251058768,14416200
2020-11-12,62.39822769165039,62.76462949184699,62.39822769165039,62.76462949184699,43300100
2020-11-13,62.6107292175293,62.67667884511859,62.46416517147526,62.47149477148964,20277100
2020-11-16,62.96248245239258,62.99179526658768,62.79394075933028,62.94782884071885,28350400
2020-11-17,62.98445510864258,63.10170634577078,62.815913443829174,62.859879862328896,23747100
2020-11-18,62.86723327636719,63.123713466181016,62.845250058790114,63.050434210641185,22098900
2020-11-19,63.07973861694336,63.1237050462329,62.76463282838947,62.80859925767901,21704200
2020-11-20,62.96248245239258,63.03576169245652,62.911186425263054,62.96248245239258,48530200
2020-11-23,63.057735443115234,63.174981081059165,62.99178022920915,63.123685066175014,23790600
2020-11-24,63.248260498046875,63.402148543172366,63.17498127525088,63.255590097580374,26080100
2020-11-25,63.21900939941406,63.32893113632683,63.160389318465455,63.24099821947804,26510900
2020-11-27,63.32156753540039,63.38751718180897,63.30690833118852,63.336221148763975,7338500
2020-11-30,63.25559997558594,63.33620881050332,63.13102471829442,63.33620881050332,24256900
2020-12-01,63.418209075927734,63.55799579264042,63.40349734349503,63.45499682654349,26256700
2020-12-02,63.594783782958984,63.67571234420056,63.38142717723326,63.432926660475836,23705000
2020-12-03,63.6315803527832,63.78607883755228,63.59479820670903,63.65365076303251,20748400
2020-12-04,63.89639663696289,63.93318437310923,63.65361104964619,63.76396864506473,19362000
2020-12-07,63.86701202392578,63.88908243576704,63.771371701605545,63.859658961994946,17811300
2020-12-08,63.815494537353516,63.89642309997603,63.78606545885234,63.83756494297369,21408300
2020-12-09,63.71984100341797,63.89640982471788,63.6315537862572,63.89640982471788,36608500
2020-12-10,63.837520599365234,63.9184491057722,63.60945241568319,63.62416975122203,24251500
2020-12-11,63.77133560180664,63.90376361091346,63.668336662837035,63.800764671943845,17699600
2020-12-14,63.78606414794922,63.918492191971495,63.71249425971966,63.88171005436806,20705200
2020-12-15,63.98469543457031,64.00676583505069,63.7713388748909,63.89640821962734,25052800
2020-12-16,63.8890380859375,63.98468395488765,63.712469300751756,63.96261355836699,42386700
2020-12-17,63.984352111816406,64.03606536767357,63.91047683720933,63.969573675101685,23911400
2020-12-18,64.03607177734375,64.06562301740894,63.94003447437395,64.01390975637554,26741200
2020-12-21,63.80706787109375,63.94004565648143,63.696252110550056,63.81445145515927,30308300
2020-12-22,63.88833236694336,63.932656416617846,63.79228941088368,63.85139190133214,21975100
2020-12-23,64.17642974853516,64.2059809844515,63.97696031518032,63.99173875129946,15913900
2020-12-24,64.30940246582031,64.30940246582031,64.22813798248217,64.23552156364273,7327300
2020-12-28,64.39068603515625,64.44239930021595,64.30203230805826,64.40545883817767,22575500
2020-12-29,64.30940246582031,64.50147702978182,64.30201324833826,64.50147702978182,22893000
2020-12-30,64.44242095947266,64.47935579760166,64.3316051724355,64.3316051724355,21080100
2020-12-31,64.49410247802734,64.52364807944907,64.39805954627873,64.42761078402275,12059900
2021-01-04,64.36113739013672,64.56799045872324,64.17644634513827,64.56799045872324,34528300
2021-01-05,64.3832778930664,64.45715315910768,64.25768937716411,64.2872349745234,33725500
2021-01-06,64.26506805419922,64.5236342837729,64.2502952566469,64.33894331460297,37148100
2021-01-07,64.44976043701172,64.54580335033218,64.3684959578888,64.40543640706147,25868200
2021-01-08,64.54583740234375,64.55322098701663,64.37591913735652,64.53105896034964,27403600
2021-01-11,64.19859313964844,64.39805694094801,64.1912039214308,64.28724121297178,26608000
2021-01-12,64.27986907958984,64.32419312414581,64.11734006778721,64.19121535415485,41746100
2021-01-13,64.47193908691406,64.50149032661271,64.23553480564752,64.2577024626635,47710300
2021-01-14,64.45716857910156,64.55320588429792,64.43500655761954,64.47194138131529,25484800
2021-01-15,64.35374450683594,64.47194383801829,64.30942046218293,64.37590652916244,48134800
2021-01-19,64.53842163085938,64.55319443045192,64.38328187168926,64.53103241290218,24270500
2021-01-20,64.65663146972656,64.73051238869076,64.54582136392582,64.73051238869076,24534700
2021-01-21,64.61968994140625,64.69356521638211,64.55319824850244,64.61968994140625,20451400
2021-01-22,64.49410247802734,64.56058853570966,64.40544876479531,64.4793240409942,26615900
2021-01-25,64.50888061523438,64.52365341716731,64.29463835110882,64.49410781330143,28718200
2021-01-26,64.41285705566406,64.51628360023108,64.40546783495957,64.48673235373708,39103500
2021-01-27,64.2281494140625,64.43500244980464,64.13210647866615,64.28724625547275,46378600
2021-01-28,64.42021942138672,64.63446166065839,64.3758953844071,64.39067382094836,38836200
2021-01-29,64.25030517578125,64.54581189933847,64.19120270380542,64.36850448341097,46095900
2021-02-01,64.4564208984375,64.48608057678217,64.25622514086751,64.3674418634035,35620700
2021-02-02,64.61215209960938,64.70113116512277,64.57507607472701,64.61956843598728,29522300
2021-02-03,64.66405487060547,64.77527728778166,64.63439518222468,64.65663853425849,31911000
2021-02-04,64.79752349853516,64.85684287791378,64.73820411915653,64.76786380884585,21181100
2021-02-05,64.89389038085938,64.99028575263502,64.86423635862653,64.9754530845132,21653100
2021-02-08,65.0866928100586,65.0866928100586,64.9235673592854,64.9458107103896,16590100
2021-02-09,64.96805572509766,65.04961844547081,64.93097970419838,64.9902990748346,14404300
2021-02-10,64.95323181152344,65.01255119015764,64.85684206399834,64.96806448468564,20469400
2021-02-11,64.9828872680664,65.01254695545157,64.90874087810697,64.9828872680664,17047200
2021-02-12,65.0866928100586,65.09410914609562,64.91615668025527,64.91615668025527,17800100
2021-02-16,64.9828872680664,65.05703365802584,64.9309842293941,65.04962297893475,22264400
2021-02-17,64.96063995361328,64.96063995361328,64.8271741970261,64.84941754695619,20276700
2021-02-18,64.87167358398438,64.94581998392121,64.79752718404754,64.85684656680009,26366700
2021-02-19,64.87909698486328,64.97548674957494,64.86426996606468,64.97548674957494,28124800
2021-02-22,64.67886352539062,64.84939959899424,64.67886352539062,64.7826695676724,25455400
2021-02-23,64.83457946777344,64.88648249442124,64.51574497350673,64.64921070731617,29015900
2021-02-24,64.90129852294922,64.90129852294922,64.67885944224717,64.7381731362316,21791800
2021-02-25,64.28589630126953,64.81975933979467,64.21174991414253,64.75302928848238,59413400
2021-02-26,64.09312438964844,64.44902935266039,64.07088103658612,64.41936966290815,46615300
2021-03-01,64.81269836425781,64.8573493196827,64.4108738284641,64.49272729004272,48014200
2021-03-02,64.71595764160156,64.85734190947852,64.68619223377635,64.84989913822946,23988500
2021-03-03,64.507568359375,64.67127516966428,64.48524573563878,64.61918147805606,30197000
2021-03-04,64.26202392578125,64.70105077285965,64.05367181685122,64.55222945995796,49020300
2021-03-05,64.45550537109375,64.52991603816184,64.06111804900988,64.35876639445225,46950100
2021-03-08,63.986698150634766,64.47037593255257,63.971818290235845,64.41828790540261,39868700
2021-03-09,64.07599639892578,64.32899377400312,64.05367376902711,64.15784982666712,31441100
2021-03-10,64.27689361572266,64.3661897956359,64.1057497006826,64.15783771967325,23776600
2021-03-11,64.5150375366211,64.63409915865489,64.42574699726636,64.42574699726636,27728500
2021-03-12,64.33643341064453,64.44060946321247,64.26946552420904,64.41084406574033,21842000
2021-03-15,64.3438949584961,64.40342577081482,64.22483333385863,64.29180691700988,14719400
2021-03-16,64.195068359375,64.35877525576699,64.12810045294415,64.31412998481308,22931400
2021-03-17,64.28433990478516,64.477812133278,64.02389979556514,64.06854504938326,28345800
2021-03-18,63.79324722290039,64.12065532648572,63.778361681682085,64.03880188129675,37150300
2021-03-19,64.03878784179688,64.1057614082552,63.73370243975363,63.88996652526397,47467800
2021-03-22,64.26945495605469,64.38106808176073,64.10574813546164,64.1429506183076,32979500
2021-03-23,64.33643341064453,64.36619880811666,64.18016933179263,64.25457998688843,24705800
2021-03-24,64.3736572265625,64.58945215282026,64.3736572265625,64.39597986080115,31374500
2021-03-25,64.48524475097656,64.48524475097656,64.2620071626876,64.32897503287367,24070300
2021-03-26,64.6787338256836,64.68617659513329,64.41829366664133,64.559677900337,25948000
2021-03-29,64.71595764160156,64.7382802781777,64.51504255807419,64.63410418937501,17447500
2021-03-30,64.55967712402344,64.64896764766728,64.54479158530306,64.61176515520555,19622100
2021-03-31,64.87220764160156,64.89453027331444,64.62664733842021,64.63409010804779,41604700
2021-04-01,65.00959014892578,65.00959014892578,64.84532933302705,64.93492769525729,30806600
2021-04-05,65.03944396972656,65.09170824704854,64.98717969240458,65.01704580749985,20758300
2021-04-06,65.1514663696289,65.18133249659354,65.05440003289856,65.05440003289856,15367900
2021-04-07,65.1290512084961,65.19624570435174,65.08424918154589,65.1663795851782,15645400
2021-04-08,65.1514663696289,65.22612883884985,65.13653045795597,65.20373066772169,11052100
2021-04-09,65.10665130615234,65.11411926049483,65.03198885186794,65.0693229272002,17413100
2021-04-12,65.03944396972656,65.06184213195327,64.97224378666743,65.031976016858,15464500
2021-04-13,65.08426666259766,65.10666483389882,64.89014538040003,64.96480785019769,20643500
2021-04-14,65.05438995361328,65.1738544429624,65.024523831276,65.09919198530939,17992800
2021-04-15,65.31572723388672,65.31572723388672,65.15892864319316,65.20373068184044,20944400
2021-04-16,65.18133544921875,65.35305856656758,65.18133544921875,65.33066039442483,32509300
2021-04-19,65.0768051147461,65.17386575690634,65.04693898722417,65.10666554588666,23904900
2021-04-20,64.9648208618164,65.06188152235522,64.92748677124939,65.00214925600098,22901000
2021-04-21,65.18133544921875,65.18133544921875,64.9274762067106,64.93494416288536,19527000
2021-04-22,65.06184387207031,65.20370649847233,65.04691366231286,65.19623854540403,18506500
2021-04-23,65.23358154296875,65.29330808655257,65.09918685124026,65.10664910895079,14388700
2021-04-26,65.20370483398438,65.31570134163333,65.17383871885272,65.24103320561468,12746100
2021-04-27,65.11414337158203,65.24107016050321,65.11414337158203,65.24107016050321,17660600
2021-04-28,65.2410659790039,65.29333028264416,65.08427306808315,65.1365373717234,14795000
2021-04-29,65.31572723388672,65.36799153199081,65.21866089713535,65.36799153199081,17152900
2021-04-30,65.28585815429688,65.32318653903657,65.2186579475558,65.23359385855649,23367500
2021-05-03,65.3113021850586,65.42367652493704,65.303809038241,65.3487622035502,15782400
2021-05-04,65.27386474609375,65.28885104491299,65.15400293353149,65.25888416287285,23089700
2021-05-05,65.40122985839844,65.41621044263516,65.30383605626427,65.31882235609972,13676300
2021-05-06,65.37875366210938,65.43119428294557,65.28885872101817,65.39373996269057,23110100
2021-05-07,65.42369842529297,65.48363218870361,65.3487840788288,65.4386790083465,17872700
2021-05-10,65.27386474609375,65.46115347214594,65.27386474609375,65.44617288892503,16580800
2021-05-11,65.20643615722656,65.24389046883266,65.03412803392595,65.10155493977321,28683600
2021-05-12,64.89179992675781,65.16149614979754,64.89179992675781,65.11654296889203,31630100
2021-05-13,65.12403106689453,65.1764716775514,64.9966761146704,65.0041635479086,28689600
2021-05-14,65.33378601074219,65.33378601074219,65.19144477718329,65.21392422111145,22550800
2021-05-17,65.21393585205078,65.33379766305893,65.16898267177426,65.32630451374646,13545000
2021-05-18,65.05662536621094,65.30384791801247,65.04913793053193,65.30384791801247,16447500
2021-05-19,64.88429260253906,65.05659499230714,64.85432572701481,64.87679945475873,34701000
2021-05-20,65.16146850585938,65.43115889888799,64.93671984347363,64.93671984347363,28013700
2021-05-21,65.25884246826172,65.27382304191137,65.11650129841397,65.2363687499899,36466200
2021-05-24,65.33378601074219,65.40870034371105,65.25137852979728,65.31131228241125,24277800
2021-05-25,65.34127807617188,65.38622553208909,65.28134432455086,65.37124495198239,15466600
2021-05-26,65.3637466430664,65.37872722199025,65.29632546451413,65.29632546451413,14354900
2021-05-27,65.33378601074219,65.46114094834898,65.32629286276614,65.46114094834898,12682100
2021-05-28,65.3113021850586,65.43865710297587,65.3113021850586,65.40120280008063,15464100
2021-06-01,65.50749969482422,65.51501793836516,65.39474898066827,65.43984697243482,22655300
2021-06-02,65.59019470214844,65.59770721227075,65.48496221303061,65.50751121287864,13698300
2021-06-03,65.45491027832031,65.56766103867358,65.38725752821159,65.41732477995525,16701800
2021-06-04,65.59770965576172,65.6277769015926,65.5225444085549,65.5676481446716,26829200
2021-06-07,65.62026977539062,65.65784953470711,65.5902025270927,65.61275152963083,9189800
2021-06-08,65.66535186767578,65.72548634969915,65.62776638272622,65.72548634969915,10983900
2021-06-09,65.71795654296875,65.76305452918155,65.69540754986234,65.74802377869023,13232200
2021-06-10,65.83822631835938,65.89084828717505,65.74051209357188,65.77057933229251,15290000
2021-06-11,65.86075592041016,65.9133721344116,65.80813970640871,65.8833049071626,12559600
2021-06-14,65.80062866210938,65.83820839922757,65.74801244235363,65.83820839922757,19408600
2021-06-15,65.79312896728516,65.8231962062981,65.72548198056063,65.75554921957357,16037000
2021-06-16,65.70292663574219,65.8231898454328,65.59017593402423,65.79312260932541,21267200
2021-06-17,65.74803924560547,65.77058824401642,65.68038651563245,65.74052100122177,21099000
2021-06-18,65.71795654296875,65.73298729346007,65.61272408531298,65.65030382891071,35134500
2021-06-21,65.84571838378906,65.84571838378906,65.73296771709722,65.78558393025513,21265000
2021-06-22,65.89083099365234,65.89083099365234,65.78559281838093,65.823178290602,14604400
2021-06-23,65.8232192993164,65.95851905497267,65.8232192993164,65.868317306288,16583100
2021-06-24,66.02616882324219,66.02616882324219,65.92093631275208,65.9510035635695,12722300
2021-06-25,66.09380340576172,66.10883415966846,66.01863816674776,66.0336689206545,16175000
2021-06-28,66.08629608154297,66.12388157463064,66.04119807763063,66.12388157463064,16019300
2021-06-29,66.1689453125,66.1689453125,66.09378009999055,66.10129834166294,12728000
2021-06-30,66.17647552490234,66.19902451926028,66.11634105012175,66.12385929315411,26093500
2021-07-01,66.3061752319336,66.3061752319336,66.2232166343734,66.23830315419605,31932400
2021-07-02,66.41178894042969,66.41933220387175,66.30620626753745,66.33637356748153,11464800
2021-07-06,66.37410736083984,66.42689871576218,66.32131600591752,66.411812183598,17784300
2021-07-07,66.3967056274414,66.44195369871456,66.31374699422469,66.43441043556106,11463700
2021-07-08,66.25341796875,66.31375257140446,66.19308336609554,66.22325066742276,21936400
2021-07-09,66.36653900146484,66.38161977410081,66.26849959477113,66.27603710417712,17698100
2021-07-12,66.34392547607422,66.38163029054948,66.28359086832396,66.36654951552435,17546700
2021-07-13,66.1478271484375,66.33636844315559,66.14028388557814,66.30620114554186,26938600
2021-07-14,66.25341796875,66.27604200628933,66.1704593285562,66.22325066742276,16100200
2021-07-15,66.2081527709961,66.23077680268442,66.15536144578238,66.19306624732194,16384800
2021-07-16,66.11763000488281,66.2458366465001,66.09500598034106,66.2458366465001,17820400
2021-07-19,65.67271423339844,65.98191900748134,65.59729885585318,65.95929496960021,54224700
2021-07-20,66.00455474853516,66.0120980137745,65.67272587773503,65.73306049199887,26941300
2021-07-21,66.16291046142578,66.18553449508158,66.0346980143372,66.04978453932334,18522600
2021-07-22,66.20059204101562,66.25338335229948,66.10255267829459,66.17042475545037,17110500
2021-07-23,66.32881164550781,66.35897893696574,66.23831552495656,66.27602032391208,19441000
2021-07-26,66.23078918457031,66.34391511798381,66.20062188540511,66.30620455557131,15282700
2021-07-27,66.14028930664062,66.19308064333569,66.03470663325051,66.14028930664062,19919000
2021-07-28,66.19306182861328,66.25339641163646,66.11764647674558,66.21569161261387,15129200
2021-07-29,66.33637237548828,66.3665396748903,66.23833296779975,66.23833296779975,18675000
2021-07-30,66.24588012695312,66.34392530274738,66.24588012695312,66.31375799895106,21062100
2021-08-02,66.08167266845703,66.34648821384592,66.08167266845703,66.33135292829336,27274400
2021-08-03,66.1573486328125,66.17247814847916,66.03628941779486,66.11951618501422,16058700
2021-08-04,66.03627014160156,66.14219403761193,66.03627014160156,66.10436737327646,17113300
2021-08-05,66.1875991821289,66.21785820694552,66.07410763559716,66.07410763559716,15465700
2021-08-06,66.11193084716797,66.21785474574901,66.104368977569,66.149763284841,12923200
2021-08-09,65.96061706542969,66.09680576879971,65.96061706542969,66.08167048374753,10788700
2021-08-10,65.8093032836914,65.97575102354128,65.80173564065541,65.96818915292559,31522900
2021-08-11,65.91521453857422,65.94547933248606,65.83198779842147,65.85468495075054,15834400
2021-08-12,66.0287094116211,66.04384469687515,65.89252070643454,65.91522363431562,14127800
2021-08-13,66.17245483398438,66.17245483398438,66.05140143403848,66.05140143403848,10016800
2021-08-16,66.19518280029297,66.19518280029297,66.0892588613744,66.15735612063447,12598100
2021-08-17,66.04383087158203,66.12705760579709,65.97573364703389,66.11948996475424,18468400
2021-08-18,65.89251708984375,66.11950017683645,65.89251708984375,66.05140871419046,12147600
2021-08-19,65.885009765625,65.97579845764942,65.78664765269926,65.82448012265907,20026700
2021-08-20,66.04383087158203,66.07409566333467,65.89250691281883,65.90007455386169,16784100
2021-08-23,66.24813079833984,66.27082795583257,66.13464501087623,66.13464501087623,21933100
2021-08-24,66.33894348144531,66.3540729998028,66.24058718106642,66.26328434481368,20828100
2021-08-25,66.40702819824219,66.44486064890961,66.32380719713258,66.35406623076071,19085400
2021-08-26,66.36920166015625,66.40702833848205,66.26327772496958,66.3994664662698,17676100
2021-08-27,66.55077362060547,66.5734707782983,66.37675823001345,66.39188774433514,18519700
2021-08-30,66.63400268554688,66.65669984402489,66.55077592284702,66.56591121011287,11640000
2021-08-31,66.64911651611328,66.65668415796534,66.55832790356621,66.62641936297652,19163900
2021-09-01,66.70604705810547,66.77435754756767,66.65291925096672,66.6680961427935,22973500
2021-09-02,66.78955078125,66.80472767679021,66.73642296111211,66.78955078125,16521300
2021-09-03,66.79713439941406,66.81990263534037,66.70605566521144,66.75918347920528,6491000
2021-09-07,66.62254333496094,66.78192671728198,66.61495199566129,66.78192671728198,11728800
2021-09-08,66.69847106933594,66.72124509806316,66.56944719237174,66.63016635464831,13020900
2021-09-09,66.7591781616211,66.77436084469424,66.68328211774632,66.6908734592829,23024700
2021-09-10,66.66050720214844,66.85783573834492,66.65291586137276,66.85025018806563,16112600
2021-09-13,66.82752990722656,66.83511546294874,66.70609152966519,66.75162802600042,17136900
2021-09-14,66.79713439941406,66.88062179147545,66.76677482134652,66.8502622134079,20108000
2021-09-15,66.89578247070312,66.89578247070312,66.79711820877147,66.80470375857664,17069500
2021-09-16,66.87300872802734,66.8957769565582,66.75157045520204,66.87300872802734,13859700
2021-09-17,66.78955078125,66.8578554969281,66.76678254269063,66.85026994440705,38948500
2021-09-20,66.55424499511719,66.64531791341082,66.4479893967774,66.48593451590114,49641000
2021-09-21,66.6681137084961,66.69847329064547,66.54668117039681,66.66052815583241,27304200
2021-09-22,66.78955078125,66.85026994440705,66.67570379795507,66.76678254269063,24344800
2021-09-23,66.81991577148438,66.9109945235922,66.75919660341249,66.827507115118,27590300
2021-09-24,66.72122192382812,66.80470350484029,66.68327101296222,66.75916704419801,21713200
2021-09-27,66.66050720214844,66.70604366580972,66.58461116588084,66.60737939771148,17652900
2021-09-28,66.35694122314453,66.56186117409807,66.31899029606127,66.53150738102964,35515900
2021-09-29,66.47837829589844,66.5694570528041,66.41766491512686,66.43284181269505,19783400
2021-09-30,66.4024887084961,66.54669530671444,66.31900128747488,66.51633571811587,41680700
2021-10-01,66.56163787841797,66.61494178121266,66.35603296071722,66.51594466910132,30062800
2021-10-04,66.32557678222656,66.53879240634281,66.31034958465683,66.51594870514322,24726400
2021-10-05,66.29509735107422,66.41693813505691,66.27225365649956,66.39409444048223,22347700
2021-10-06,66.25700378417969,66.27984747093517,66.07424267076313,66.15039603952987,28905900
2021-10-07,66.2646484375,66.47786984577343,66.2189610405718,66.34841253832793,29054000
2021-10-08,66.066650390625,66.28748244027182,66.066650390625,66.24940574527865,28064300
2021-10-11,65.86102294921875,66.10469860842916,65.86102294921875,66.06662773617859,16068400
2021-10-12,65.98286437988281,66.07423912199711,65.92956051042079,65.9447876975445,32922200
2021-10-13,66.15800476074219,66.15800476074219,65.91432909312142,66.02093683460012,29370400
2021-10-14,66.5311508178711,66.53876150827682,66.27985860198602,66.28747510207909,26937000
2021-10-15,66.41693878173828,66.54639025871406,66.37886208395086,66.54639025871406,29782900
2021-10-18,66.386474609375,66.386474609375,66.24179013807446,66.26463383150337,20338400
2021-10-19,66.43216705322266,66.43978355484144,66.34079227255131,66.38647966288698,26103300
2021-10-20,66.45501708984375,66.4702500945349,66.39410250014626,66.43978989484164,19720100
2021-10-21,66.28749084472656,66.4702462225514,66.24179764300382,66.43978602463247,19273600
2021-10-22,66.12757873535156,66.2951069326964,66.09712434464267,66.26464673229832,20734400
2021-10-25,66.24177551269531,66.310312387538,66.07424738495403,66.20370463528205,20230000
2021-10-26,66.25700378417969,66.40168240352652,66.25700378417969,66.34076784207402,19617200
2021-10-27,66.20372009277344,66.34839875622276,66.19610359163775,66.32555506250382,18521300
2021-10-28,66.37126159667969,66.37126159667969,66.23419359713465,66.23419359713465,16374700
2021-10-29,66.19612884521484,66.2875094646401,66.19612884521484,66.26465995251603,26521600
2021-11-01,66.12506866455078,66.29313239185659,66.1174336429538,66.25493979908939,29987000
2021-11-02,66.28548431396484,66.33895860061648,66.12506145400992,66.12506145400992,26441600
2021-11-03,66.41535949707031,66.43063536779374,66.22437905759473,66.23965492831816,22984200
2021-11-04,66.59105682373047,66.88898583672604,66.46119152642683,66.47646739682594,28989800
2021-11-05,66.84315490722656,66.85843077819928,66.65217446463448,66.69037288445713,27595000
2021-11-08,66.75912475585938,66.92718848216603,66.72092633505851,66.9119067825414,11957900
2021-11-09,66.8125991821289,66.8125991821289,66.6750930265348,66.75912488985679,13732600
2021-11-10,66.43826293945312,66.72855105126752,66.41534622381769,66.72855105126752,30438400
2021-11-11,66.32366943359375,66.49173310887814,66.32366943359375,66.4840922613855,10086100
2021-11-12,66.34659576416016,66.49938359486345,66.33895491556005,66.40007004784137,26392400
2021-11-15,66.27017974853516,66.40004498441905,66.25490388536078,66.39240996696066,17057100
2021-11-16,66.30077362060547,66.36188876329517,66.26257519935922,66.28549192080266,14302000
2021-11-17,66.23200988769531,66.33895846077314,66.23200988769531,66.32368259101635,17919200
2021-11-18,66.17855072021484,66.31605689248083,66.17855072021484,66.31605689248083,23421300
2021-11-19,66.12506866455078,66.28549154199884,66.12506866455078,66.17854295703347,45282700
2021-11-22,65.87297821044922,66.20909983327215,65.86533736067167,66.18618311220021,26266000
2021-11-23,65.78129577636719,65.9799170434051,65.72018064370016,65.87296847536773,33967100
2021-11-24,65.7660140991211,65.78129579642243,65.51392437624747,65.6972639460446,31158800
2021-11-26,65.29238891601562,65.40697833716693,65.19307536449647,65.39933748822082,36123400
2021-11-29,65.69725799560547,65.79656570603012,65.51391844241407,65.55211102568848,31728900
2021-11-30,65.4222412109375,65.7507277112467,65.33056852657485,65.66669587431232,35465700
2021-12-01,65.43143463134766,65.86830820018764,65.39311002894402,65.73800806052331,41845200
2021-12-02,65.91431427001953,65.96029912970073,65.46211422311391,65.46977446805063,42383500
2021-12-03,65.91431427001953,65.99095765199326,65.78401993591268,65.952638884764,47368800
2021-12-06,66.20556640625,66.28221564146484,65.91431919398686,65.93731162554505,28211300
2021-12-07,66.55813598632812,66.73442105488724,66.40484919868065,66.45850015910888,42893500
2021-12-08,66.54278564453125,66.58111025137745,66.43548376237867,66.51212712855708,26598200
2021-12-09,66.2438735961914,66.52746048833858,66.2438735961914,66.52746048833858,24939100
2021-12-10,66.39720153808594,66.4201998253823,66.32055812298462,66.34355056276324,20247200
2021-12-13,66.39720153808594,66.45851860917408,66.34355056276324,66.39720153808594,17125800
2021-12-14,66.28221893310547,66.36652257050021,66.16725092208945,66.29754527240016,20310500
2021-12-15,66.53514099121094,66.55813342372119,66.16725037601498,66.27455229274013,31699000
2021-12-16,66.48590087890625,66.62433330077498,66.43975869412365,66.56281234357185,27374000
2021-12-17,66.42439270019531,66.532061730415,66.30133902707449,66.41670037874474,27248200
2021-12-20,66.30902099609375,66.36285550279874,66.20903843541224,66.23980184888954,27560400
2021-12-21,66.66279602050781,66.67048834128485,66.40130992178268,66.40130992178268,24390500
2021-12-22,66.83966827392578,66.8550470442955,66.63201673505351,66.63970905399846,17433300
2021-12-23,67.03197479248047,67.0704246748897,66.86277888081374,66.87815766027269,15612100
2021-12-27,67.1011734008789,67.15500791847671,67.0088831417731,67.03964656147504,13396700
2021-12-28,67.0704116821289,67.09348278060988,66.97043496620388,67.07810400413005,17150700
2021-12-29,66.96273040771484,67.04732833170098,66.94735163404529,67.02425723743593,16760300
2021-12-30,66.93196868896484,66.98580319945465,66.90120527332473,66.98580319945465,12326100
2021-12-31,66.91659545898438,67.00119339212328,66.89352436222323,66.95504533107892,11505300
2022-01-03,66.8858413696289,66.8858413696289,66.72433780225329,66.84738562464871,35368400
2022-01-04,66.71662902832031,66.90889597076503,66.65510219853284,66.90889597076503,33609900
2022-01-05,66.20136260986328,66.7397077633326,66.20136260986328,66.70894434491692,44808500
2022-01-06,66.20904541015625,66.38593358940459,66.17828786095998,66.21673773121621,42823200
2022-01-07,66.03986358642578,66.21674592002678,66.03217126441454,66.20905359801554,34630100
2022-01-10,66.09367370605469,66.10905247687738,65.65530539360383,65.95524129856913,52621800
2022-01-11,66.40130615234375,66.40130615234375,65.94755900012336,66.13213361564341,32513100
2022-01-12,66.50898742675781,66.53974497603292,66.40131253420776,66.50129510567814,24621400
2022-01-13,66.27059936523438,66.5243932563836,66.24752826013429,66.49362982707544,31699700
2022-01-14,66.20904541015625,66.31672030243031,66.13983212318199,66.22443005227616,31046200
2022-01-18,65.88602447509766,66.0244568874452,65.83988229348866,66.01676456800351,46331500
2022-01-19,65.82453155517578,66.1090888458636,65.80146045248934,66.00141978831114,31390200
2022-01-20,65.70147705078125,66.11677445956249,65.68609827305882,65.94757856700092,38217700
2022-01-21,65.70915222167969,65.8322000139095,65.62455429748107,65.70145990106488,57098000
2022-01-24,65.63994598388672,65.68609404913242,65.19388518082147,65.51689816745093,79230800
2022-01-25,65.44768524169922,65.5938100384475,65.29387398961282,65.43999291883794,43642700
2022-01-26,65.22468566894531,66.03990211964997,65.1400876800276,65.73227360245156,63574900
2022-01-27,64.94007110595703,65.46303731739017,64.79394638191063,65.38612586208981,47351000
2022-01-28,65.12466430664062,65.13235662787363,64.56324220706942,64.79396490388432,51496700
2022-01-31,65.14000701904297,65.2399895371544,64.77085794953224,64.98619588466661,78932100
2022-02-01,65.39862060546875,65.43720943504042,65.12075512215301,65.33687141168143,42377300
2022-02-02,65.49895477294922,65.57613831627602,65.30599297026878,65.52982936802532,29261500
2022-02-03,64.91233825683594,65.25195285646265,64.9046181371919,65.19792379640622,44760800
2022-02-04,64.65764617919922,64.75799009768205,64.21769345069154,64.64993194602947,65508300
2022-02-07,64.6113052368164,64.72708345304562,64.38746892243316,64.48009267316148,37620700
2022-02-08,64.5418701171875,64.71939168961941,64.51099552008472,64.66536261687136,39549000
2022-02-09,64.88148498535156,64.92779982970772,64.78886707409491,64.78886707409491,37641800
2022-02-10,64.02473449707031,64.7039639250515,64.01702026355443,64.48012748980568,57751400
2022-02-11,63.8008918762207,64.25627889404612,63.638798783417435,64.24084454120745,58997100
2022-02-14,63.69284439086914,63.93212108745343,63.46129370580058,63.793188320920976,36550200
2022-02-15,63.8008918762207,63.91666424432767,63.723702445847046,63.86263517630216,32724800
2022-02-16,64.15595245361328,64.202261409211,63.70827958707595,63.76230866484923,38996000
2022-02-17,63.88578796386719,64.04016093181357,63.83947901784657,64.04016093181357,30755200
2022-02-18,63.978424072265625,64.05560762674756,63.770027886291615,63.82405696330174,43848800
2022-02-22,63.83174514770508,64.10189631123816,63.74684150580473,63.93980325762818,37004300
2022-02-23,63.715999603271484,63.99386511385125,63.700559358946045,63.94755026960274,36545400
2022-02-24,64.17137145996094,64.20224605255041,63.16025357974325,63.22200276492217,56132500
2022-02-25,64.53412628173828,64.54956063025446,64.2331064315093,64.2331064315093,44118800
2022-02-28,64.58045196533203,64.7425391660532,64.23312309074761,64.23312309074761,54006400
2022-03-01,64.39995574951172,64.79504917054571,64.26051136034758,64.63236503492315,43268500
2022-03-02,64.55489349365234,64.5781332387609,64.25276498641449,64.36122107052995,41489200
2022-03-03,64.3612289428711,64.68659723501491,63.687246700218296,64.67110603985218,23594200
2022-03-04,63.94287109375,64.25274807125032,63.896391615769055,64.25274807125032,32141100
2022-03-07,63.385093688964844,63.84216356042313,63.33086566120658,63.82666646082834,43675900
2022-03-08,63.16044998168945,63.59427432020287,63.13721023647099,63.43159019326034,57474500
2022-03-09,63.68720626831055,63.77242256364102,63.40831764912179,63.53227077338803,31143000
2022-03-10,63.1527099609375,63.4238561195501,63.07524216293995,63.33863976862856,46408900
2022-03-11,62.695640563964844,63.25341811948936,62.641412518867384,63.23792101493944,40097000
2022-03-14,61.95195388793945,62.64917599847121,61.88222872167876,62.63367889022881,61536700
2022-03-15,62.41674041748047,62.56393333182652,62.05263536225344,62.075875104431745,57385300
2022-03-16,63.29214096069336,63.32312925541407,62.40125260672761,62.718872284392376,66254800
2022-03-17,63.725975036621094,63.75696333321895,63.33088164301502,63.34637283610733,48573700
2022-03-18,63.93512725830078,63.94287580867287,63.485805903314514,63.60201051724712,59780500
2022-03-21,63.19918441772461,63.87316064498087,63.075231234074245,63.826681156318536,62364300
2022-03-22,63.52457046508789,63.57879852053174,63.1372255232276,63.261178741621976,40148600
2022-03-23,63.3231086730957,63.5322781168696,63.20690408326698,63.41607352704087,36294900
2022-03-24,63.454837799072266,63.47807754500496,63.15270337070672,63.315393413062594,18435800
2022-03-25,62.997745513916016,63.46255799944563,62.95126603848648,63.46255799944563,36497500
2022-03-28,63.392860412597656,63.4083516062218,62.951287514141455,62.9667787077656,26886100
2022-03-29,64.17525482177734,64.19075191665249,63.64072325678375,63.679454173151726,49781100
2022-03-30,63.98164749145508,64.06686386858827,63.82671184780343,64.00489315737718,43905200
2022-03-31,63.74921798706055,64.09008335636392,63.733720882775735,64.05909505820783,40717600
2022-04-01,63.74452590942383,63.806755061130666,63.51117549227101,63.651188116362114,31316100
2022-04-04,64.226806640625,64.23458676987342,63.783434225462145,63.79898854945917,32710900
2022-04-05,63.39453125,64.14904379844666,63.3711967892442,64.08681461343005,51886400
2022-04-06,62.89667510986328,63.31671297638049,62.76444261517225,62.95890426071734,67118000
2022-04-07,62.795589447021484,63.03672011232029,62.78780931554366,62.958936601046624,42831400
2022-04-08,62.41443634033203,62.79558561094176,62.40666214383064,62.60112387738619,42177200
2022-04-11,61.98662567138672,62.28220537752481,61.90106203167545,62.2122020002163,42293400
2022-04-12,62.461116790771484,62.71002759465456,62.28220936868286,62.4144419350735,38031000
2022-04-13,62.8344841003418,62.912267618875724,62.52334409170401,62.57001895042602,31635500
2022-04-14,62.41443634033203,62.92003803447672,62.2510891962855,62.83447439695218,45130400
2022-04-18,62.31330490112305,62.50776659262961,62.22774128210017,62.35219961322431,20864100
2022-04-19,62.258853912353516,62.37553211049823,62.118841261479794,62.19662474874305,29920800
2022-04-20,62.45333480834961,62.570013042384446,62.352216837253565,62.44555467688022,25769700
2022-04-21,62.02549362182617,62.64777334986202,61.97104459071048,62.608878641422535,38695100
2022-04-22,61.65214157104492,61.96328149077056,61.582132270218985,61.94772123080907,28243000
2022-04-25,62.173274993896484,62.22772401502971,61.659893422213344,61.76101727181663,35914500
2022-04-26,61.80770492553711,62.14995941053959,61.799924796014324,62.14995941053959,31171600
2022-04-27,61.50432586669922,61.97103260521311,61.44209671903119,61.8154656705412,37598600
2022-04-28,61.84659957885742,61.93993739504058,61.403227148487424,61.63657762344531,30808800
2022-04-29,61.08430099487305,61.64435157383346,61.04541222019488,61.55878796124232,35697100
2022-05-02,61.08821487426758,61.14287620898649,60.775861836885795,61.03355353954866,38674400
2022-05-03,61.40837860107422,61.50208630901513,61.181922775113144,61.22096914283167,42665700
2022-05-04,62.03307342529297,62.197057416053106,60.97107675953748,61.41617786521161,55154900
2022-05-05,60.932044982910156,61.705114255137225,60.760250487384226,61.666073842833804,53807900
2022-05-06,60.58843994140625,60.90860340873379,60.44788734518013,60.619675837558056,39256900
2022-05-09,59.9481315612793,60.36980731147836,59.909091151114495,60.22924872807867,38442700
2022-05-10,60.29170608520508,60.541587289407516,60.00277852255563,60.43226463492131,48419700
2022-05-11,59.9325065612793,60.51035577073468,59.92469609749742,60.12772645235838,42473500
2022-05-12,59.90909194946289,60.11212234099897,59.65921068204901,59.86224107358509,49069700
2022-05-13,59.979366302490234,60.174586222451616,59.68263416889903,60.112120375869736,49084400
2022-05-16,59.893470764160156,60.0965011548321,59.791958547643844,60.00279344583597,33300100
2022-05-17,59.83879852294922,60.02621390680146,59.690435457780666,60.01840344306472,41666500
2022-05-18,59.346866607666016,59.54208656361229,59.27659028319268,59.51085065574405,47647800
2022-05-19,59.74509811401367,59.87003574838181,59.2453356612644,59.30780149962928,53929100
2022-05-20,59.70603942871094,59.971541528105654,59.526440499318966,59.95592060350983,56691000
2022-05-23,59.94031524658203,60.01840200916911,59.79975669087005,59.846607556894675,29917100
2022-05-24,60.299530029296875,60.33076593151017,59.77634207191233,59.79976750916251,42246500
2022-05-25,61.213172912597656,61.25221928939624,60.33858530801906,60.3698212179298,56661500
2022-05-26,62.0643196105957,62.09554955508474,61.27562946536657,61.439613483310204,64773400
2022-05-27,62.61872482299805,62.618724822998054,62.16581331345936,62.314182314979334,52813100
2022-05-31,62.07993698120117,62.361054153576255,61.939378395013634,62.26734644357143,68424700
2022-06-01,61.85023498535156,62.2813800481673,61.73264779340799,62.10892561148082,87646100
2022-06-02,62.108951568603516,62.11678633213658,61.68564108913281,61.86593634216159,34752500
2022-06-03,61.64643859863281,61.826739818504805,61.55236761686459,61.826739818504805,36008000
2022-06-06,61.18393325805664,61.77186340731125,61.11337853016402,61.75618192078633,35756100
2022-06-07,61.325042724609375,61.39559147865992,60.933089253478826,60.98012175617919,31499900
2022-06-08,60.799800872802734,61.19959495871785,60.72141140006515,61.17607871496992,25361600
2022-06-09,60.31379699707031,60.76062367748537,60.196209769437964,60.56464695834306,49468700
2022-06-10,59.286865234375,59.749373325959,59.01249906855425,59.733691841778466,59907000
2022-06-13,57.3035888671875,58.252115426881495,57.13896914830519,58.20508293026786,122714600
2022-06-14,57.67987060546875,58.18941128191691,57.2644009092177,57.57795888173814,62818600
2022-06-15,58.80085754394531,59.098740009336254,58.040466903075455,58.16588889560087,70628200
2022-06-16,57.86799621582031,58.12668687945662,57.39765336058495,57.93071019138073,61583400
2022-06-17,58.04832458496094,58.45595365553249,57.86018257017096,58.00128609089509,49281000
2022-06-21,58.00910949707031,58.53432567470795,57.954236254343016,58.401062939618086,45924600
2022-06-22,57.99341583251953,58.20506799370136,57.86014715842264,57.907185623699846,38204800
2022-06-23,58.408905029296875,58.4637782732889,58.071824821707295,58.15805505951405,30961800
2022-06-24,58.82438659667969,59.07523661706214,58.4716248306587,58.59705283121805,38198600
2022-06-27,58.46375274658203,58.87138152672277,58.46375274658203,58.87138152672277,25658200
2022-06-28,57.82097625732422,58.628399430289996,57.8131355134962,58.55000993421534,39303800
2022-06-29,57.734737396240234,57.84448387050401,57.562276942187374,57.78961063337212,36806800
2022-06-30,57.70338439941406,57.87584486540117,57.27223323444628,57.48389143569763,45139900
2022-07-01,58.253787994384766,58.450644527741915,57.836447097296514,57.8758208070018,38849300
2022-07-05,58.19868469238281,58.25380429684478,57.50574565619091,57.88371294934888,38316200
2022-07-06,57.97819519042969,58.26954507855334,57.89157781848984,58.10418627964612,44706000
2022-07-07,58.9230842590332,58.96245195130092,58.293141106918426,58.34038474067294,44430400
2022-07-08,58.9703483581543,59.025467952524586,58.55301342826707,58.710496267157836,31230300
2022-07-11,58.63962936401367,58.99396874668208,58.62387747595704,58.89948144868254,28213700
2022-07-12,58.87583541870117,58.97820463667286,58.66323305633028,58.71047669072754,24036500
2022-07-13,58.81287384033203,58.993978529921264,58.206552208888944,58.269547756392186,46874900
2022-07-14,58.70262908935547,58.76561862332095,57.96244649509522,58.332537792225345,53953100
2022-07-15,59.45069122314453,59.45069122314453,58.86799738864455,58.87586732692045,48360800
2022-07-18,58.87583541870117,59.623893672962694,58.812845908699224,59.60027185576406,33302800
2022-07-19,59.6553955078125,59.797132428271915,59.08844782597483,59.08844782597483,31028200
2022-07-20,59.91524887084961,60.33258974886562,59.74989011129655,59.89162704913979,82881900
2022-07-21,60.62392807006836,60.67904765159451,59.789258404791276,59.86012386350326,52282000
2022-07-22,60.54518127441406,61.057009347315336,60.35620072710306,60.71841594594218,51055800
2022-07-25,60.52945327758789,60.70268199270036,60.35621855489037,60.59244280690831,26032000
2022-07-26,60.1042366027832,60.40345636277211,60.064862894128446,60.332590896294924,24151200
2022-07-27,60.76567840576172,61.001908668770824,60.3719653058033,60.3719653058033,35075700
2022-07-28,61.38774108886719,61.434984734790355,60.81292337151972,61.057023552235655,42335900
2022-07-29,61.568870544433594,61.694855641226816,61.222401014975816,61.387759833784344,33606800
2022-08-01,61.587833404541016,61.72221690365479,61.271632324070865,61.37439511203423,31595600
2022-08-02,61.3032341003418,61.548286997274936,61.263706715854205,61.47713891140369,40604400
2022-08-03,61.84077835083008,61.85658568712774,61.319045787519066,61.485049958290965,35660900
2022-08-04,62.00679397583008,62.01469462992209,61.745927645985944,61.92773918664071,24386400
2022-08-05,61.69058609008789,61.745920817781034,61.176760172347,61.26371560601237,31006700
2022-08-08,61.74592590332031,62.172796422553894,61.698497855972185,61.92773743884378,19465600
2022-08-09,61.28742218017578,61.62733718927997,61.26370816133656,61.60362317044075,24675700
2022-08-10,62.204410552978516,62.26764593241101,61.967258279249904,62.07002104798145,38121800
2022-08-11,61.84868240356445,62.70242335535326,61.761726971565615,62.60756123925466,37778700
2022-08-12,62.40205001831055,62.42576404501787,61.88822399252621,62.07003555130521,16912300
2022-08-15,62.29140090942383,62.44949849319464,62.172824706077606,62.30720825538641,18441100
2022-08-16,61.998870849609375,62.23602309222124,61.864487393277614,62.23602309222124,22963200
2022-08-17,61.35857391357422,61.69058225911543,61.33485386229332,61.56409944308109,28774600
2022-08-18,61.45343780517578,61.56410726775539,61.39020242015414,61.508772536465585,19089300
2022-08-19,60.828948974609375,61.16096342931349,60.694565474223964,61.129342717863864,45428900
2022-08-22,60.141212463378906,60.394172100227706,60.08587773128802,60.36255139174242,42014200
2022-08-23,60.29140090942383,60.39416971570178,59.943585191885354,60.1570174269423,33240000
2022-08-24,60.36256790161133,60.47323739606249,60.20447034697685,60.267705750209565,16917400
2022-08-25,60.93169403076172,60.979122063921864,60.433675558453494,60.53644433834271,20080000
2022-08-26,59.927772521972656,60.9633310952029,59.872437791420914,60.9633310952029,34460600
2022-08-29,59.69853210449219,59.89615702093203,59.493006533739106,59.564148608761215,28020200
2022-08-30,59.240055084228516,59.809215887345836,59.05033079583296,59.76178179972962,66233900
2022-08-31,58.91593933105469,59.382337271628785,58.90013199133885,59.263761115141556,39161800
2022-09-01,59.07164001464844,59.1113624763056,58.475839454571265,58.74593279929049,38499700
2022-09-02,59.031925201416016,59.63567154420788,58.96837773964648,59.5800637271611,22364500
2022-09-06,58.873043060302734,59.09547431188304,58.66649715777944,59.03192079406094,28820900
2022-09-07,59.72306442260742,59.73101012923193,58.93660916913383,58.95249452158452,26853200
2022-09-08,59.98520278930664,60.01697954684582,59.40528757061105,59.50061784322858,26928000
2022-09-09,60.223514556884766,60.509499291038566,60.08052218980786,60.27912236292598,29526800
2022-09-12,60.40623092651367,60.55716900139531,60.19173934001909,60.43800768232015,30276100
2022-09-13,59.031925201416016,59.71511041701793,59.00809414565275,59.564178376918086,47111300
2022-09-14,59.119293212890625,59.50855388393404,59.031908659047886,59.07163111472033,29672400
2022-09-15,58.745941162109375,59.13520194721358,58.71417046121696,59.01604060607551,46282300
2022-09-16,58.94452667236328,58.944526672363274,58.2851787293736,58.38844863350546,56479900
2022-09-19,59.16694641113281,59.174886051623076,58.658524562425434,58.71413841062287,26891900
2022-09-20,58.5632209777832,58.84126001254226,58.5234985181906,58.801537552949654,32769500
2022-09-21,58.388450622558594,58.976305435204935,58.11835729756842,58.706212110214764,37851300
2022-09-22,58.038902282714844,58.30105591898261,57.832362503348,58.189840326771176,48278100
2022-09-23,57.300113677978516,57.776758891455174,57.10151352596179,57.6417061818791,53312000
2022-09-26,56.62488555908203,57.33984745973647,56.609000210532756,57.133301563814776,42287400
2022-09-27,56.5057258605957,57.13330321032297,56.32301707342777,57.10947215641385,45295500
2022-09-28,57.514617919921875,57.586111081232396,56.751993895291385,56.93470268139404,48935800
2022-09-29,56.97441482543945,57.173014985282286,56.656653357531745,57.14123823241193,38068800
2022-09-30,56.71227264404297,57.41928887138997,56.704326939017406,56.98237206773799,42928700
2022-10-03,57.455509185791016,57.583238147461415,57.048361319652955,57.16012644514301,48967900
2022-10-04,58.692909240722656,58.70089420400875,58.0941648998564,58.19795115034836,45901300
2022-10-05,58.46141052246094,58.597124468756114,57.96644625328951,58.21392534250348,47833500
2022-10-06,58.28575897216797,58.64500308798809,58.197942661057894,58.39752407890052,37196000
2022-10-07,57.57526779174805,58.0941747693946,57.55929786246276,57.93451202100234,33983000
2022-10-10,56.87272644042969,57.56727205655114,56.617262436352085,57.53533829469865,37759700
2022-10-11,57.0483512878418,57.49541171118753,56.91263738657491,56.98448377286628,46344600
2022-10-12,57.14415740966797,57.359702677575115,57.00844349688414,57.00844349688414,32784800
2022-10-13,57.27186584472656,57.40758579963699,56.20211266963127,56.25799520727446,48832500
2022-10-14,57.08826446533203,57.77482495781484,56.944565615957934,57.631126108440746,37152100
2022-10-17,57.790828704833984,57.95847646310523,57.59124717011892,57.59923213691614,33820000
2022-10-18,58.197959899902344,58.52527035493145,57.94249585302232,58.381571447889975,37648400
2022-10-19,57.63911437988281,57.99037964469748,57.46348783821734,57.79878317786305,33194000
2022-10-20,57.31977844238281,58.078185298646154,57.26389589603436,57.64708875935494,47281100
2022-10-21,57.87065124511719,57.942503753807074,57.12820780595716,57.15215661193907,60211200
2022-10-24,57.91055679321289,58.06224065087811,57.60719516862521,57.92652062998371,29551200
2022-10-25,58.4693603515625,58.47734531230257,58.03826383270582,58.05423375418595,37459200
2022-10-26,58.62905502319336,58.84460033250959,58.23787095367616,58.325687288405064,50552100
2022-10-27,59.06012725830078,59.18785617995778,58.565163221370945,58.77272957114676,49481500
2022-10-28,59.51518249511719,59.62694760421245,59.17190220554127,59.2756823523464,123446800
2022-10-31,58.62105178833008,59.21979601628222,58.61306682654983,59.21181105450197,60269700
2022-11-01,58.97366714477539,59.26216500077892,58.66914434746331,59.254155587152745,39586700
2022-11-02,58.43674087524414,59.53463579448018,58.40468487971287,58.949624575632484,50659500
2022-11-03,58.02003479003906,58.21236468108838,57.61132842175937,57.83571431365975,37507100
2022-11-04,58.42072296142578,58.669149314104175,58.02003214017328,58.396682490399705,39849100
2022-11-07,58.4127197265625,58.58902470326769,58.24443027990519,58.54094375109646,24913000
2022-11-08,58.35661315917969,58.55695857734689,58.172292684280805,58.46079057556613,39489200
2022-11-09,57.659423828125,58.2925162470971,57.55524638477207,58.18032327300671,45728900
2022-11-10,59.454498291015625,59.51860416740579,58.8694870777929,59.28620890163658,67165700
2022-11-11,59.66284942626953,59.855185385800596,59.24613374206332,59.478535107621695,20934800
2022-11-14,59.22208023071289,59.53461845353824,59.19803976958082,59.50256246734408,37932800
2022-11-15,59.74300003051758,59.86320237787392,59.35833417680832,59.81512143893138,50673700
2022-11-16,59.61478042602539,59.75902936751906,59.55066842668225,59.69491736817592,31124900
2022-11-17,59.35833740234375,59.43847434295473,59.08587058145508,59.14997646550987,34338000
2022-11-18,59.486568450927734,59.670882824778495,59.31827290741894,59.670882824778495,31663800
2022-11-21,59.46253204345703,59.58274054623317,59.318283062937354,59.42246661857061,19070500
2022-11-22,59.89527130126953,59.935342835073754,59.51061147860263,59.57471737300868,24572500
2022-11-23,60.23182678222656,60.344019685048,59.831136096705805,59.84716103394259,30316300
2022-11-25,60.111629486083984,60.24786287701756,60.02347702981972,60.2238224096829,9465900
2022-11-28,59.478546142578125,60.0475263717945,59.45450567169044,59.94334895992897,31668900
2022-11-29,59.7349853515625,59.78306629118831,59.36635054829968,59.47854348346417,27162300
2022-11-30,60.63254165649414,60.65658212896735,59.61478348537636,59.7830729067459,41702100
2022-12-01,60.857051849365234,60.889243567189254,60.502949093243366,60.81681066709962,42134200
2022-12-02,60.80877685546875,60.83291911506564,60.350055503295955,60.350055503295955,27535800
2022-12-05,60.22932815551758,60.599529874905166,60.10861687739438,60.58343094452678,29736500
2022-12-06,60.01205062866211,60.358104003882126,59.899382659050374,60.25348550065518,24976800
2022-12-07,60.34199523925781,60.41442199771893,59.99594195563393,59.99594195563393,24614200
2022-12-08,60.390296936035156,60.470773181659425,60.197152718548125,60.41443919572804,23839500
2022-12-09,60.390296936035156,60.615632879760696,60.21324551169539,60.21324551169539,20687300
2022-12-12,60.62367630004883,60.68001028036179,60.43857542762434,60.53515059670799,22415700
2022-12-13,61.25138854980469,61.72620256432705,60.91338472862515,61.65377580547812,45923300
2022-12-14,60.90534973144531,61.33187934138385,60.53515410508462,61.17092685685963,57177300
2022-12-15,60.675594329833984,60.764585695296994,60.37625917580017,60.60278657931369,41666500
2022-12-16,60.35199737548828,60.52188831991431,60.198290048002676,60.32772812231905,38197100
2022-12-19,60.04456329345703,60.2387234481915,59.91511907547403,60.11737103689244,24135100
2022-12-20,59.890865325927734,60.02030957740769,59.615805549895285,59.745243629133604,32917800
2022-12-21,60.40053176879883,60.51379237912966,60.14164331976795,60.19018799008141,23211500
2022-12-22,60.028404235839844,60.26301734772692,59.801882933946814,60.16594031676852,26893700
2022-12-23,60.182106018066406,60.230644524071785,59.82614051471672,59.9313155073835,13196500
2022-12-27,59.55918884277344,60.16594502269159,59.52682777250863,60.125492141799825,22108000
2022-12-28,58.758277893066406,59.729091676794205,58.72591681638439,59.6562777111986,41064800
2022-12-29,59.51870346069336,59.55915631949515,58.85531731312572,58.992847157468354,33378900
2022-12-30,59.567230224609375,59.599591270830956,59.28407878546865,59.316439831690225,15170300
2023-01-03,59.680519104003906,60.020307164357156,59.59153389999103,59.955585041219265,28787700
2023-01-04,60.36819076538086,60.400551832259204,59.85851167734989,60.07694733571813,37120100
2023-01-05,60.24684143066406,60.30347175757611,60.0122283128162,60.157850035196155,35142000
2023-01-06,61.1043586730957,61.306610624838896,60.43288071197076,60.570416730058334,60041200
2023-01-09,61.322811126708984,61.45224920190927,61.19336687926726,61.282358256323086,35806900
2023-01-10,61.24998474121094,61.379428962334266,61.104363078567296,61.29043760337203,35695500
2023-01-11,61.654518127441406,61.68687919818176,61.36327466302136,61.4846271352369,31826700
2023-01-12,62.00236511230469,62.05090361130524,61.52505341282471,61.80820494406203,29404900
2023-01-13,62.00236511230469,62.1075339175527,61.66258327481991,61.6949443315671,26301500
2023-01-17,61.792022705078125,61.92955874237538,61.71921495495658,61.90528332009426,30961200
2023-01-18,61.864837646484375,62.358332979572445,61.84865403136372,62.172258439129116,52989700
2023-01-19,61.50077438354492,61.75157101556417,61.4441440806193,61.65448785101735,50070900
2023-01-20,61.62211990356445,61.62211990356445,61.26616068452135,61.48459006501963,36625400
2023-01-23,61.61404037475586,61.78393128136301,61.46032690924652,61.56549570698237,26764800
2023-01-24,61.654518127441406,61.68687919818176,61.38754392301584,61.49271894598277,27774500
2023-01-25,61.646385192871094,61.71110729117619,61.387502971889724,61.45222507019482,25857700
2023-01-26,61.80011749267578,61.86483961073197,61.55741263608553,61.775848241464935,25512400
2023-01-27,61.61404037475586,61.78393128136301,61.52504901811782,61.70302555915387,35813400
2023-01-30,61.27423858642578,61.5088515490544,61.25806114897216,61.38749916531703,32002000
2023-01-31,61.75156784057617,61.77583708740503,61.41987167460895,61.43605528732138,41006600
2023-02-01,62.40029525756836,62.57914023863723,61.603623851573175,61.7662130171551,46900900
2023-02-02,62.757991790771484,62.87180112877133,62.65231346324127,62.855545309975824,56399900
2023-02-03,62.09950256347656,62.481579304451714,62.050728920676924,62.27021651541703,39682300
2023-02-06,61.7011604309082,61.86374334976329,61.61173796489566,61.831225525564115,40944200
2023-02-07,61.920654296875,62.07511242701416,61.60361323132515,61.64426206624854,37101300
2023-02-08,61.6605339050293,61.91254558319971,61.53046876332399,61.83124789222297,34066600
2023-02-09,61.26218795776367,61.871883294762,61.205283307729495,61.871883294762,42581900
2023-02-10,60.79070281982422,61.172779645166834,60.71754233946999,60.9939346458879,65905000
2023-02-13,60.945159912109375,61.148391734570914,60.76631491600034,60.83135058770235,38741300
2023-02-14,60.961421966552734,61.12401116244395,60.57122030070113,60.83135681198341,54193600
2023-02-15,60.86384963989258,60.87197444474061,60.62810005433652,60.74190934361999,44897600
2023-02-16,60.3760986328125,60.63623508104783,60.34358700365747,60.59559244353296,89945400
2023-02-17,60.611846923828125,60.70940041557218,60.05093140219035,60.2785500141178,75910300
2023-02-21,59.676998138427734,60.181009112525125,59.43311745911762,60.034681945367716,98782400
2023-02-22,60.067203521728516,60.31108421621937,59.83145383762568,59.83145383762568,70093300
2023-02-23,60.660640716552734,60.750063220674036,60.26230185196024,60.343599548174836,47908100
2023-02-24,60.294795989990234,60.41673628423771,60.09156423362477,60.15659988417556,47576500
2023-02-27,60.701271057128906,60.78256253472062,60.46552143061342,60.57933073967025,40292000
2023-02-28,60.58747482299805,60.67689732828918,60.498052317706914,60.67689732828918,32999000
2023-03-01,60.41569137573242,60.603796836353645,60.26847542229128,60.587442281444595,45341400
2023-03-02,60.48931884765625,60.56292997180523,60.096746984919186,60.096746984919186,37886100
2023-03-03,61.11089324951172,61.18449812782852,60.66106486040879,60.75921093798127,50123300
2023-03-06,61.11089324951172,61.33171412427886,61.06182333063385,61.24992884621017,33430800
2023-03-07,60.67744827270508,61.15180555820992,60.66926786990458,61.11909642664606,40222100
2023-03-08,60.39115524291992,60.81644858396327,60.26848047128766,60.71830252684202,54303900
2023-03-09,60.055850982666016,60.70196533731536,59.990420259198864,60.44842908365169,52669500
2023-03-10,60.064029693603516,60.48113650438567,59.843202568067504,60.09674505441689,81516000
2023-03-13,59.73686981201172,60.50566503054136,59.56511888358151,59.859550829409216,78478100
2023-03-14,60.17033767700195,60.44841506735034,59.924975640801364,60.268483739445344,66395600
2023-03-15,59.97406005859375,60.03131037628968,59.38519608239754,59.54876663586687,81454700
2023-03-16,60.36664581298828,60.48114647480219,59.72053136999948,59.81049706711299,63386700
2023-03-17,60.00676345825195,60.34208489798145,59.900437003852154,60.064013764538224,55132200
2023-03-20,59.843196868896484,60.16216380667873,59.7614115945604,59.8922730253513,38540800
2023-03-21,60.49749755859375,60.58746324125383,60.1130998671947,60.23578091080545,38203400
2023-03-22,60.554744720458984,61.16814366668752,60.28484768656241,60.50567480150206,55263500
2023-03-23,60.317588806152344,60.82466773126448,60.1294769701177,60.54659017884189,54660900
2023-03-24,60.19488525390625,60.26849637612701,60.0231342884806,60.072204210083044,44225600
2023-03-27,60.04766845703125,60.407531183546844,60.04766845703124,60.31756550191795,30905100
2023-03-28,60.01496505737305,60.08857619329323,59.81867909461633,59.933179759542604,38277200
2023-03-29,60.767398834228516,60.77557299517206,60.23578510147503,60.23578510147503,44457300
2023-03-30,61.127254486083984,61.13543488672942,60.74285677337523,60.90643358719674,37130200
2023-03-31,61.78974914550781,61.871534458297845,61.29902478912883,61.31538559557847,54218900
2023-04-03,61.742069244384766,61.865308158683256,61.5941838008649,61.73385164524712,43302900
2023-04-04,61.56134033203125,61.832464780836936,61.495612053255265,61.74208996456837,46144300
2023-04-05,61.21624755859375,61.57774038592396,61.14230171260505,61.52022973601751,37633900
2023-04-06,61.48738098144531,61.585973378010856,61.03551326728589,61.117670463661035,35719600
2023-04-10,61.42987823486328,61.46274237128765,61.134113543430104,61.273781422088874,29083900
2023-04-11,61.56134033203125,61.701008223284965,61.38059069949412,61.42988377447927,28875100
2023-04-12,61.54490280151367,61.93104228196136,61.49560346521964,61.87353161311232,41457600
2023-04-13,61.963897705078125,62.128218355967924,61.651697870675356,61.651697870675356,95864000
2023-04-14,61.84888458251953,62.07071592357976,61.68457017803938,61.94747698612327,43767600
2023-04-17,61.68456268310547,61.75029094418837,61.46273136899868,61.67634508342211,26391100
2023-04-18,61.72563934326172,61.914606530495,61.60240668657925,61.832449336642654,28030700
2023-04-19,61.479183197021484,61.610633486549474,61.43810145568504,61.47918319702148,26979400
2023-04-20,61.421661376953125,61.520247509165216,61.24912937738944,61.331286576963684,30203900
2023-04-21,61.61062240600586,61.64348653952573,61.36415080689565,61.52024760587435,33061800
2023-04-24,61.783145904541016,61.83244523213356,61.57774979944854,61.643478057444135,24661600
2023-04-25,61.68456268310547,61.86531226698745,61.62705202170593,61.75029094418837,34575300
2023-04-26,61.44630813598633,61.70921493650635,61.355933335664524,61.66813320247187,33762700
2023-04-27,61.651702880859375,61.82423487717072,61.45452435195962,61.56132808257357,39687600
2023-04-28,61.91459655761719,62.01318893527451,61.6681187475694,61.6681187475694,33821100
2023-05-01,61.63076400756836,61.88655977342874,61.4987363249137,61.828799236123935,37748300
2023-05-02,61.57301712036133,61.6720316088764,61.366728542051206,61.630777670471055,39045300
2023-05-03,61.54000473022461,61.91957492517409,61.52349811998531,61.639019209951364,33178300
2023-05-04,61.35845184326172,61.39971206136439,61.13565673818794,61.37495215324754,45207600
2023-05-05,61.68852233886719,61.77103648986241,61.45748019791011,61.539994348905324,31591500
2023-05-08,61.515235900878906,61.639003969936155,61.37495493023787,61.639003969936155,18367400
2023-05-09,61.35845184326172,61.457472589452884,61.28418470976199,61.3501985405561,21732900
2023-05-10,61.729774475097656,61.82054192718595,61.498732340846,61.696767556572276,35392700
2023-05-11,61.63076400756836,61.696771553469276,61.564750166241026,61.672017936828134,25265500
2023-05-12,61.40795135498047,61.71326056248324,61.292430313314476,61.6224931303993,27553200
2023-05-15,61.39145278930664,61.465713620160265,61.3089386565499,61.41620639959118,19764500
2023-05-16,60.962379455566406,61.292442337401546,60.90461892340219,61.27594202625142,40998700
2023-05-17,61.127403259277344,61.34193874350698,61.00362891349887,61.02838252356962,38534100
2023-05-18,61.16041564941406,61.21817617656108,60.9046136331127,60.945873850542846,29129200
2023-05-19,61.2264404296875,61.35846812631268,61.11917264774985,61.21819342021873,36044900
2023-05-22,61.49872970581055,61.61425076798665,61.242933967481434,61.242933967481434,34897700
2023-05-23,61.176944732666016,61.45750049320997,61.1191841783523,61.383233325990474,32415500
2023-05-24,60.74783706665039,61.07789361575064,60.62406271302523,61.00363278083062,38083200
2023-05-25,60.706565856933594,60.98712142737309,60.69006555063668,60.97061482565218,21457900
2023-05-26,61.07790756225586,61.15217470955914,60.747850937790616,60.77260455508285,23547600
2023-05-30,61.341941833496094,61.35019513574367,61.135653345282144,61.35019513574367,27482600
2023-05-31,61.15217971801758,61.267700805127085,61.02015202107695,61.176933337337175,43393600
2023-06-01,61.519474029541016,61.61067591593027,61.17125209544971,61.18783770691542,42425700
2023-06-02,61.83452224731445,61.992047564313324,61.60237434811121,61.735027579560565,49950900
2023-06-05,61.78478240966797,61.8096608250653,61.63554354506861,61.78478240966797,24080200
2023-06-06,61.88425827026367,61.90084387548345,61.618945516742215,61.72672664845077,23006600
2023-06-07,61.54433822631836,62.008634031160014,61.4697156430797,61.934011447921364,32340900
2023-06-08,61.933998107910156,61.96716299047772,61.54432497023915,61.54432497023915,33987800
2023-06-09,61.95058059692383,62.06665451729647,61.92570851763744,61.98374547782376,27016700
2023-06-12,61.88425827026367,62.0169178098019,61.75160505628045,62.00862500719201,30629500
2023-06-13,61.958885192871094,62.13299610657336,61.86768333442389,62.04179424812615,39425900
2023-06-14,61.983768463134766,62.17445869207983,61.6935835545945,62.01693335633317,32864600
2023-06-15,62.282230377197266,62.307102459397605,62.03349690408391,62.066661788869354,42412300
2023-06-16,62.124725341796875,62.27396422441987,62.09985324895266,62.25737861215193,47560800
2023-06-20,61.958885192871094,62.12470330338122,61.958885192871094,62.02520864174187,31930500
2023-06-21,61.80135726928711,61.93401050054591,61.676990516162356,61.83452215849077,39751900
2023-06-22,61.618961334228516,61.75162090782024,61.60238205030786,61.660419032365084,31504700
2023-06-23,61.51115417480469,61.56919113233037,61.35362257914044,61.527733451717474,33811100
2023-06-26,61.54433822631836,61.62724728781781,61.42825794955202,61.51945981486819,36111900
2023-06-27,61.75162887573242,61.80966586527825,61.59409719315484,61.61067647921474,31707600
2023-06-28,62.108131408691406,62.108131408691406,61.70186623618271,61.743323931518276,35679600
2023-06-29,61.942291259765625,61.95058406184299,61.710143406036224,61.884254296333275,41712000
2023-06-30,62.24079132080078,62.38173737916307,62.091552457371044,62.14958944172945,35842000
2023-07-03,62.14324951171875,62.259949936215996,62.11823682672978,62.251612374553005,13046500
2023-07-05,61.951541900634766,62.13493015276806,61.85151021046261,62.11825502455702,37947100
2023-07-06,61.50140380859375,61.56809159659222,61.33469069829507,61.50140380859375,52251100
2023-07-07,61.55973815917969,61.95985842429675,61.459712862672326,61.48471918679917,42269100
2023-07-10,61.86817932128906,61.93486710825103,61.60977209643321,61.618103300030405,45752200
2023-07-11,62.20161819458008,62.20161819458008,61.92653581528177,62.02656750585334,32000700
2023-07-12,62.685062408447266,62.7767564962755,62.53501811560974,62.593368320619035,42820700
2023-07-13,63.06019592285156,63.12688370921955,62.86013892344496,62.935157913335935,33954200
2023-07-14,62.601707458496094,63.04350278751113,62.56003237369395,62.993490141870346,36081800
2023-07-17,62.71842956542969,62.81846125100723,62.51837255397234,62.56838521691225,28836600
2023-07-18,62.89346694946289,62.976829849669755,62.74342263266547,62.768435318545365,25990800
2023-07-19,62.94349670410156,63.06019715267279,62.90181524688435,63.010178132072646,26794800
2023-07-20,62.66840362548828,62.76843528987299,62.50169054454347,62.693409951660364,27028500
2023-07-21,62.826778411865234,62.926803705262046,62.68506531339366,62.68506531339366,37447800
2023-07-24,62.71842956542969,62.96850559952467,62.7017607976823,62.87681147766969,20925500
2023-07-25,62.67676544189453,62.743446884258795,62.56839617361728,62.65175910604558,30067600
2023-07-26,62.92679977416992,62.98514997823809,62.61837999253614,62.65172387481728,33068400
2023-07-27,62.42667007446289,63.09353516963809,62.293300871245975,63.04351615369698,48675800
2023-07-28,62.785099029541016,62.835111677882786,62.643392286108764,62.69340493445053,27588400
2023-07-31,62.935123443603516,63.01847995106024,62.83509181883912,62.86843569376058,30744800
2023-08-01,62.62358856201172,62.78272505058485,62.548212155843686,62.78272505058485,34529700
2023-08-02,62.35557556152344,62.414203787699584,62.196445456186694,62.35557556152344,37500500
2023-08-03,62.15456008911133,62.28019381729782,62.054051828562756,62.15456008911133,30348000
2023-08-04,62.523075103759766,62.76596523974174,62.45606960624834,62.523075103759766,37411900
2023-08-07,62.64033126831055,62.67383401692662,62.4811948098832,62.64033126831055,19412600
2023-08-08,62.774356842041016,62.816236889299766,62.53147301593401,62.59847214555074,32545600
2023-08-09,62.78272247314453,62.858105266214984,62.64871784879254,62.78272247314453,27569200
2023-08-10,62.765960693359375,63.10935266073933,62.59844696171447,62.824588901936224,43697200
2023-08-11,62.67384338378906,62.69896885150724,62.46445596614176,62.54820965520131,23329000
2023-08-14,62.66545104980469,62.75758200264551,62.45606368243833,62.56494281307051,28545100
2023-08-15,62.4644775390625,62.64036226383069,62.43935206266691,62.49798030425631,32968600
2023-08-16,62.27180480957031,62.60682589167203,62.27180480957031,62.439318545618995,31759400
2023-08-17,62.01215744018555,62.33042390715491,61.861398294780116,62.30529844791979,38546600
2023-08-18,62.054019927978516,62.246659064165925,61.861387181784686,61.88651263650618,44130500
2023-08-21,62.037288665771484,62.095916872767816,61.844649477071954,62.045665949626766,30768700
2023-08-22,62.07081985473633,62.19645361015509,62.020568908568116,62.17132813707099,18135400
2023-08-23,62.57334518432617,62.665476174104825,62.31370678949427,62.31370678949427,33378000
2023-08-24,62.22993087768555,62.58170013675293,62.162925383578724,62.58170013675293,34336100
2023-08-25,62.48957061767578,62.56494700778358,62.19642956170809,62.246680488446614,31149300
2023-08-28,62.72408676147461,62.757589511060985,62.55657940353881,62.732464046370225,21461600
2023-08-29,63.11772537231445,63.11772537231445,62.63194517072936,62.65707063115703,42178200
2023-08-30,63.09260940551758,63.21824311655525,63.033981192366134,63.117734869725915,29458200
2023-08-31,63.050743103027344,63.134496798627,62.9502412243067,63.04236581646816,30824500
2023-09-01,63.16938400268555,63.312432885828144,62.984258897475065,63.27036308369039,33213100
2023-09-05,62.757083892822266,63.076841454183224,62.70659112634158,63.076841454183224,29500600
2023-09-06,62.605587005615234,62.73180922855592,62.479364782674544,62.69814954110981,30797500
2023-09-07,62.81595993041992,62.84961962038087,62.50461261322817,62.50461261322817,28757400
2023-09-08,62.79072189331055,63.00950026602069,62.740229144282864,62.94218730053369,26389100
2023-09-11,62.900123596191406,62.900123596191406,62.74865815882808,62.87488042661939,29159400
2023-09-12,62.79911422729492,62.908509802617345,62.740211386709056,62.740211386709056,21668500
2023-09-13,62.967437744140625,63.03475713733972,62.773896093675916,62.773896093675916,27498900
2023-09-14,63.04314422607422,63.11046359469136,62.967414751326196,63.03473411994334,29575900
2023-09-15,62.80754089355469,62.984249443842465,62.80754089355469,62.858027216514294,41636900
2023-09-18,62.84963607788086,62.91694905549959,62.731830342134195,62.731830342134195,19549700
2023-09-19,62.656063079833984,62.807528438605864,62.61399329235329,62.71496591824928,33937200
2023-09-20,62.605587005615234,62.9085177727013,62.59717047877147,62.7991221835192,26715100
2023-09-21,62.159603118896484,62.40363102119855,62.159603118896484,62.35313828352772,43327300
2023-09-22,62.26899337768555,62.49618823145716,62.26057685127071,62.285820010586605,36657300
2023-09-25,62.18484115600586,62.29423030874739,62.04179232089894,62.10910526570174,30197500
2023-09-26,61.91559600830078,62.17645063080433,61.87351978276701,62.134374405270556,39193000
2023-09-27,61.83143615722656,62.14277704483835,61.72204056326201,62.09229072142654,45532200
2023-09-28,62.125938415527344,62.15118157235949,61.68836896401027,61.72202864642912,45776600
2023-09-29,62.03340148925781,62.445721534140795,62.02498496019839,62.38681867058609,51698300
2023-10-02,61.65696334838867,61.95302375820589,61.58083629456406,61.834599594279,69255900
2023-10-03,61.031009674072266,61.58083986915339,61.005633987991075,61.41165787255665,77754200
2023-10-04,61.34398651123047,61.437034998130514,61.00563541737589,61.174810964303184,138971500
2023-10-05,61.4032096862793,61.47934321368827,61.242494823766336,61.30170692124682,56138500
2023-10-06,61.487789154052734,61.59775260762687,60.98871034923735,61.15789233969725,52741500
2023-10-09,61.94458770751953,61.95304196911876,61.496260151002716,61.496260151002716,27277200
2023-10-10,61.927635192871094,62.12219282378821,61.70770188262382,61.78383537424585,50761600
2023-10-11,61.919185638427734,62.122204016911766,61.648500920748425,62.04607051157207,53330500
2023-10-12,61.589290618896484,61.8938117417832,61.40319366006205,61.8938117417832,60368000
2023-10-13,61.53853988647461,61.95302446494703,61.479327803835695,61.75847324497615,54191200
2023-10-16,61.52164077758789,61.67390137986689,61.47088294107179,61.51318006256277,39352900
2023-10-17,61.234031677246094,61.420128677262014,61.149443891866404,61.259407367496564,50948700
2023-10-18,60.93795394897461,61.29322641916591,60.89565684144266,61.16634155020259,58306500
2023-10-19,60.71803283691406,61.24248738924268,60.71803283691407,60.93796622384333,70971900
2023-10-20,60.844913482666016,60.980252628040716,60.751864996756304,60.78570139650832,64845500
2023-10-23,61.090206146240234,61.259381645966364,60.63342455262172,60.70955159140899,47508700
2023-10-24,61.4032096862793,61.42859183117202,61.18328272628585,61.25095553873058,46427900
2023-10-25,61.07326889038086,61.30166285479307,61.0056025802124,61.25091150875923,42518300
2023-10-26,61.2847900390625,61.39475998085434,60.9887295296904,61.081778040298076,45233400
2023-10-27,61.208648681640625,61.4201213466674,61.098685219134794,61.3439878313683,35621800
2023-10-30,61.225555419921875,61.32706460878902,61.13250694353516,61.20017973611326,29094000
2023-10-31,61.38628005981445,61.580837735752134,61.225558782023896,61.25094092085904,42185900
2023-11-01,61.97138595581055,61.97138595581055,61.469624432632855,61.469624432632855,59313100
2023-11-02,62.66874313354492,62.75378558816316,62.35407891430171,62.362585106260546,68930600
2023-11-03,63.28104782104492,63.32356579655492,62.93236538492298,63.0599322880974,88763600
2023-11-06,63.02592468261719,63.26404614840928,62.966394316169165,63.13647922364257,93899100
2023-11-07,63.0344352722168,63.11097153942255,62.84733796794883,62.983404605755865,50458200
2023-11-08,63.068458557128906,63.12798893245288,62.98340960238812,63.01742788661958,41143500
2023-11-09,62.677242279052734,63.09396133312107,62.66023638360988,62.974900600051065,62856100
2023-11-10,62.9833984375,63.01741671570113,62.82181972644854,62.85583800464967,35563300
2023-11-13,62.92388916015625,62.98341954487762,62.75380420047384,62.75380420047384,37530100
2023-11-14,63.56168746948242,63.723272646687214,63.459639137203396,63.459639137203396,68210800
2023-11-15,63.357601165771484,63.536192283076126,63.298070793336606,63.45114982078687,44022800
2023-11-16,63.442630767822266,63.502161128189954,63.31506385608504,63.383100407454585,52928200
2023-11-17,63.587223052978516,63.587223052978516,63.34060183327697,63.45115639687851,44272100
2023-11-20,63.65525436401367,63.74029682808791,63.48516943586522,63.48516943586522,30846200
2023-11-21,63.74028015136719,63.75729253272545,63.61271973279223,63.61271973279223,29493900
2023-11-22,63.850868225097656,63.918904802719666,63.680776781042624,63.82535613057069,40866800
2023-11-24,63.78282928466797,63.80834137824985,63.74030480314822,63.799835184280916,8536200
2023-11-27,63.87633514404297,63.952871373494766,63.72325619681882,63.78278653805484,31007400
2023-11-28,64.15699768066406,64.18250976379618,63.825327623302,63.86784559908144,44031100
2023-11-29,64.50568389892578,64.66726910224727,64.38662316647519,64.41213525366842,48815500
2023-11-30,64.38661193847656,64.51417884052036,64.19101497855529,64.48016056742054,55047100
2023-12-01,64.9197006225586,64.93679065303424,64.2447878133817,64.32167991464837,60321100
2023-12-04,64.75739288330078,64.80010492918467,64.54381310006818,64.54381310006818,33105700
2023-12-05,64.81720733642578,64.89409294445798,64.64633956645595,64.64633956645595,32466500
2023-12-06,64.82572174072266,64.9538708910822,64.7830097025605,64.89406882330596,21297200
2023-12-07,64.93682861328125,65.04788780454756,64.8599364670656,64.91973857281525,27779300
2023-12-08,64.80867767333984,64.85139625543822,64.64635488289467,64.76595909124148,30123200
2023-12-11,64.76595306396484,64.77449808317739,64.56091822844284,64.75741456269219,30141700
2023-12-12,64.91119384765625,64.93682238795763,64.5865482893319,64.73178102966645,29203400
2023-12-13,65.90217590332031,65.91072091947905,64.97950969630418,65.01368324300154,64201300
2023-12-14,66.19322204589844,66.43361143289434,66.06444014568791,66.21897711591663,67220400
2023-12-15,66.04729461669922,66.40787881912694,65.89275759421281,66.13314706249795,36336400
2023-12-18,66.09021759033203,66.17607002765554,65.87558322196271,66.17607002765554,34793600
2023-12-19,66.27909851074219,66.35637029895288,66.14173590409928,66.1674909834622,25269400
2023-12-20,66.28767395019531,66.57099287312377,66.2533316671021,66.35635851638175,38376400
2023-12-21,66.58815002441406,66.64824737262629,66.3821029091321,66.54522709004516,22861400
2023-12-22,66.51090240478516,66.7512918612177,66.46797290894159,66.69978170630256,18048400
2023-12-26,66.63965606689453,66.64823672232532,66.51946138967703,66.53662925065726,12374700
2023-12-27,66.91439819335938,67.03459288943736,66.63107931683852,66.68258945798061,22835300
2023-12-28,66.69977569580078,66.88865498029774,66.5709937699964,66.88006777187857,22648100
2023-12-29,66.44221496582031,66.84572862890909,66.44221496582031,66.68260441188482,36993900
2024-01-02,66.218994140625,66.31343378838491,66.14172891070574,66.218994140625,41547100
2024-01-03,66.03868865966797,66.17605777404626,65.72103404537799,65.86698381681501,39495500
2024-01-04,65.78114318847656,66.02153263161513,65.76396877104034,65.94426085339427,32856100
2024-01-05,65.8326416015625,66.10737328046352,65.72103410861267,65.76395704430726,31158500
2024-01-08,66.2018051147461,66.25331525156291,65.84980171284684,65.84980171284684,33479100
2024-01-09,66.30484771728516,66.38211294089744,66.07303894620692,66.11596843718308,25593500
2024-01-10,66.42503356933594,66.52805385374052,66.3477618059127,66.45937584751074,35702800
2024-01-11,66.63965606689453,66.64823672232532,66.25331041859371,66.40784736789031,35947100
2024-01-12,66.7083511352539,66.89723040497414,66.64825378126295,66.69118326987949,31155500
2024-01-16,66.28767395019531,66.57958008142727,66.21898938400888,66.57958008142727,43669900
2024-01-17,66.00434112548828,66.17605250478866,65.87556577866222,66.17605250478866,54160800
2024-01-18,66.1417236328125,66.1503108410476,65.97859942694922,66.09879414175774,34837600
2024-01-19,66.25333404541016,66.25333404541016,65.91850496088283,66.16748160965564,44359700
2024-01-22,66.30484771728516,66.47655258094848,66.26191822630898,66.26191822630898,36758900
2024-01-23,66.22755432128906,66.32199393050703,66.13311471207109,66.27048379824943,24561500
2024-01-24,66.19322204589844,66.47654091633768,66.13312469914946,66.45078584631949,27623300
2024-01-25,66.69977569580078,66.69977569580078,66.3649466187819,66.4250439774745,48268800
2024-01-26,66.64825439453125,66.76844910361913,66.61391211334609,66.66542881018403,26232800
2024-01-29,66.79422760009766,66.81998267996246,66.5967610709307,66.67403286064717,25924900
2024-01-30,66.7083511352539,66.81996518560877,66.56240135415021,66.79421011248698,32486600
2024-01-31,66.51945495605469,66.88003895283227,66.47652548257821,66.70832760904436,55548900
2024-02-01,66.9025650024414,66.96296168902683,66.53155490406093,66.72137494268515,48019300
2024-02-02,66.60057830810547,66.68685834432452,66.4711549624045,66.47978494084984,42727400
2024-02-05,66.28994750976562,66.44525416728833,66.14327082842281,66.39348089295204,51908600
2024-02-06,66.53155517578125,66.62646519548098,66.32448176132056,66.32448176132056,32948200
2024-02-07,66.64371490478516,66.69548819261139,66.4538948758268,66.66959825732587,42954100
2024-02-08,66.60919952392578,66.69548614006578,66.5401794468562,66.59194615034454,25548400
2024-02-09,66.74723815917969,66.79038145775817,66.55741817782337,66.65232816850153,33951400
2024-02-12,66.60057830810547,66.83353506417139,66.58331835121477,66.7213716753611,36249100
2024-02-13,66.06564331054688,66.26409335364424,65.95347990177201,66.1519233621234,69904200
2024-02-14,66.3244857788086,66.42801920093773,66.20369239782758,66.25545910889214,38603100
2024-02-15,66.55742645263672,66.6350830831841,66.38486640235537,66.43663310089097,44319900
2024-02-16,66.3590316772461,66.44531176560795,66.28137498979626,66.37628506181895,50322900
2024-02-20,66.49703979492188,66.54880650125644,66.28133640820126,66.34173309317323,31994100
2024-02-21,66.37625885009766,66.54019556117139,66.28134881555457,66.4884222624003,38674100
2024-02-22,66.69551086425781,66.70413426287286,66.52294415075148,66.56608747481482,45450200
2024-02-23,66.73861694335938,66.8335269464959,66.68685024446455,66.75587689815366,24686900
2024-02-26,66.52291107177734,66.73861441934001,66.50565770037959,66.71273107087148,32795300
2024-02-27,66.60919952392578,66.60919952392578,66.47978276520496,66.56606279860037,30926600
2024-02-28,66.60057830810547,66.67822836587918,66.52292166758696,66.56606497706889,24667600
2024-02-29,66.72137451171875,66.84216788410937,66.64371786789903,66.69549115802721,43322400
2024-03-01,66.97127532958984,66.9973061212444,66.62418266029769,66.75434323881251,39342900
2024-03-04,66.95392608642578,67.0146668092212,66.84111715820411,66.91921615622236,21607300
2024-03-05,66.9018783569336,67.11881052191733,66.86716841610688,66.95394657829581,38076900
2024-03-06,67.06673431396484,67.17086411376597,66.97128365254119,67.07541345234232,34335200
2024-03-07,67.14481353759766,67.25762245366462,67.0927519580231,67.24026418031207,30393000
2024-03-08,67.16217803955078,67.4485299942502,67.1534989020696,67.24027041615489,38317900
2024-03-11,67.15348815917969,67.1881980833095,67.07539579506842,67.11009909895712,27177600
2024-03-12,67.21424865722656,67.25763773022157,67.04070560573263,67.25763773022157,33351700
2024-03-13,67.2402572631836,67.40512774186459,67.16216490185525,67.16216490185525,28482200
2024-03-14,66.91922760009766,67.25764120215032,66.84112858872366,67.22293126601116,46677200
2024-03-15,66.87584686279297,67.0233591445934,66.78039618157052,66.88452600297072,53985300
2024-03-18,67.03204345703125,67.0927842024738,66.97130271158872,67.04939511848137,34649300
2024-03-19,67.30101776123047,67.31837603790109,67.00599326025825,67.01467239859356,41841500
2024-03-20,67.5266342163086,67.55266501307626,67.22293055361361,67.2836712861526,36886700
2024-03-21,67.4919204711914,67.64811186322505,67.40514894678226,67.63943272471126,34693300
2024-03-22,67.4224853515625,67.58735584481371,67.38778204584362,67.51793599289304,26955700
2024-03-25,67.31836700439453,67.39645937820454,67.28365707595388,67.30100873005324,29373100
2024-03-26,67.2402572631836,67.40512774186459,67.22290561185758,67.39644860608115,28522200
2024-03-27,67.59605407714844,67.59605407714844,67.33573286902633,67.40515274055801,28891100
2024-03-28,67.44854736328125,67.61341129642564,67.43986822356506,67.50928810080684,31546700
2024-04-01,67.1738052368164,67.46161982644553,67.14764148395143,67.46161982644553,47857400
2024-04-02,67.06041717529297,67.0778641107484,66.91215149420306,66.94703871105767,45551200
2024-04-03,67.1127700805664,67.14765731062835,66.90345335425353,66.96450434334723,29542300
2024-04-04,67.06041717529297,67.3482317238013,66.96447899245686,67.2522935409652,36056400
2024-04-05,66.99935913085938,67.09529730355966,66.97319538449666,67.00808259766545,30857300
2024-04-08,67.1563491821289,67.19123639577514,66.9644728341025,67.00808351467418,31067800
2024-04-09,67.2958984375,67.35694939823058,67.17378986198318,67.26101122364601,32219100
2024-04-10,66.70283508300781,66.9470389477974,66.54584593363505,66.85110076462202,76623900
2024-04-11,66.6418228149414,66.77264163700346,66.46738662875846,66.72903758100281,50836000
2024-04-12,66.60689544677734,66.65049947650638,66.50223379812665,66.61561226028948,41441700
2024-04-15,66.22312927246094,66.67664968305792,66.14463138840189,66.67664968305792,55560400
2024-04-16,66.00511169433594,66.20571155167283,65.9266137835321,66.20571155167283,55746100
2024-04-17,66.0923080444336,66.31907159097312,66.03125708814086,66.18824621204435,48158800
2024-04-18,66.1446533203125,66.18826400970049,65.97022387087448,66.09232581629249,40291400
2024-04-19,66.26676940917969,66.35398414375561,66.19699495989586,66.20571842957077,54739500
2024-04-22,66.633056640625,66.65922038827048,66.38012932329214,66.40629307093764,40772500
2024-04-23,66.90343475341797,66.94704544238522,66.61562017597073,66.69411808530039,43554400
2024-04-24,66.75516510009766,66.89470731921818,66.60689941288943,66.86854356901162,40496500
2024-04-25,66.61560821533203,66.63305514940915,66.20569842129981,66.35396409067673,46371600
2024-04-26,66.82493591308594,66.85982312948842,66.60689580111247,66.60689580111247,34500800
2024-04-29,67.0255355834961,67.0255355834961,66.8685464215033,66.9121571097456,33157800
2024-04-30,66.53713989257812,66.94705648186003,66.53713989257812,66.80750757739895,49937500
2024-05-01,66.8878402709961,67.18593465385935,66.57220698965273,66.58973919900298,71484700
2024-05-02,67.2999038696289,67.31743607544746,66.92289789780935,67.05441285339822,41497900
2024-05-03,67.58047485351562,67.85226755869893,67.45772932929546,67.64184761562571,44204400
2024-05-06,67.65937805175781,67.71198805299531,67.61554418804398,67.65937805175781,29547100
2024-05-07,67.66812896728516,67.75580335982988,67.53661403390439,67.73827115697189,34064000
2024-05-08,67.51031494140625,67.5629182410995,67.46647439891014,67.5015454950815,22959500
2024-05-09,67.52787017822266,67.56294128635655,67.38759243481702,67.47526686058679,24590900
2024-05-10,67.42264556884766,67.53662162305065,67.34373392430088,67.51908941822255,24633800
2024-05-13,67.40509033203125,67.5629068937329,67.37878868660205,67.5629068937329,22109800
2024-05-14,67.51031494140625,67.53661659125288,67.42264054554164,67.4401727490635,27298700
2024-05-15,67.90486145019531,67.91363089760266,67.67690933063223,67.72951263681934,56544400
2024-05-16,67.7470474243164,67.91363348576203,67.73828466570357,67.91363348576203,31749800
2024-05-17,67.75580596923828,67.7821076191019,67.65059936978385,67.70320266951106,31550300
2024-05-20,67.79088592529297,67.79088592529297,67.68567262296015,67.71198096538974,18665000
2024-05-21,67.73827362060547,67.8610191124578,67.72950417429384,67.74703637778947,20295900
2024-05-22,67.5892333984375,67.67691450095253,67.52786064015436,67.64184339777232,31110700
2024-05-23,67.3525161743164,67.70322053969699,67.32621451751051,67.65937998560089,36464700
2024-05-24,67.5892333984375,67.60677229459209,67.37004402040786,67.4577251229229,20488500
2024-05-28,67.31743621826172,67.67690998502536,67.29990401240597,67.65937109004109,27771700
2024-05-29,67.11576843261719,67.20344281753117,67.08946009692887,67.10699898738775,38800000
2024-05-30,67.38758087158203,67.40511307807562,67.18592370669761,67.18592370669761,44210200
2024-05-31,67.62430572509766,67.64184462156958,67.44018744691712,67.44018744691712,45381900
2024-06-03,67.8339614868164,67.8339614868164,67.68421253918335,67.71064356781687,36791300
2024-06-04,67.79871368408203,67.91322123799164,67.74586507771163,67.7546686985592,39230600
2024-06-05,68.01892852783203,68.01892852783203,67.78990668838918,67.93084527276065,29793700
2024-06-06,67.9044189453125,67.98369858458611,67.8603806748912,67.98369858458611,24398300
2024-06-07,67.7282485961914,67.77229358444612,67.60493069346424,67.64016534000368,32498800
2024-06-10,67.7899169921875,67.79872733513025,67.61375045526813,67.65778872933667,24875700
2024-06-11,67.87798309326172,67.8867934339762,67.6930062601831,67.75466520454263,25339600
2024-06-12,68.15105438232422,68.38887983471476,68.13343369973448,68.34483484856179,51775700
2024-06-13,68.14222717285156,68.30959001441762,68.05414394267142,68.30959001441762,38532000
2024-06-14,67.87798309326172,67.98368702087275,67.78108950636516,67.92202807651321,52953300
2024-06-17,67.92202758789062,67.9924968724577,67.68419543255696,67.77228539842623,33165000
2024-06-18,68.13343811035156,68.186293441221,67.98369590025204,68.00130986366067,46845500
2024-06-20,68.08939361572266,68.12462153931872,67.94845504005369,68.10700757752069,26989000
2024-06-21,68.16864776611328,68.18626844338375,68.01009527227566,68.0805645407189,26857600
2024-06-24,68.09818267822266,68.27435586014603,68.09818267822266,68.14222765378344,28766200
2024-06-25,68.18628692626953,68.19509054697178,68.07177265392868,68.14224194147364,26111600
2024-06-26,68.03652954101562,68.06295384047542,67.97487060216933,68.05415022086903,29282000
2024-06-27,68.11581420898438,68.11581420898438,67.98368598157072,68.0012999424095,29404500
2024-06-28,67.94844818115234,68.28316718409695,67.94844818115234,68.15984930299523,34952000
2024-07-01,67.9351806640625,68.11227697004415,67.90861689374435,68.06800627144425,31113100
2024-07-02,68.12113189697266,68.1388388247566,67.90861498461102,67.94403559596977,30418400
2024-07-03,68.36021423339844,68.36021423339844,68.11227670367732,68.11227670367732,22067300
2024-07-05,68.56387329101562,68.58158021722055,68.39562709101283,68.4310476992129,25941500
2024-07-08,68.54618072509766,68.60816511348584,68.45762580815027,68.54618072509766,26962000
2024-07-09,68.46647644042969,68.54617450729461,68.38678512935579,68.54617450729461,19108500
2024-07-10,68.62584686279297,68.64355378621032,68.51073497110723,68.5461555737311,25361900
2024-07-11,68.87379455566406,68.9269220895967,68.8118101808126,68.85608762961658,44932500
2024-07-12,69.05091094970703,69.08632480865113,68.88266471866088,68.88266471866088,31688100
2024-07-15,69.05973052978516,69.1305717279626,68.9800392486769,69.10400796759319,23235600
2024-07-16,69.32540893554688,69.3608295485792,69.06861455790587,69.13059894176466,41375400
2024-07-17,69.24571228027344,69.28998973641514,69.09517973865772,69.12174351002622,32750400
2024-07-18,69.10404205322266,69.30770215370272,69.04205766319066,69.2811383802307,42513000
2024-07-19,69.05091094970703,69.18372981022611,68.96235603497233,69.17487972338583,36125700
2024-07-22,69.30767059326172,69.31652743231656,69.16599494732809,69.21912247007961,32378800
2024-07-23,69.31654357910156,69.44051233159189,69.27227288509235,69.29883665265594,28826900
2024-07-24,69.09516143798828,69.34309891281355,69.07745451369627,69.24569393973368,37612800
2024-07-25,69.10404205322266,69.3608364564386,69.10404205322266,69.13946266978263,35409000
2024-07-26,69.32540893554688,69.39625016161152,69.25456770948222,69.39625016161152,23683700
2024-07-29,69.26342010498047,69.4582300862559,69.19257888346382,69.42280947549757,28468400
2024-07-30,69.29884338378906,69.37853469422042,69.17487461925741,69.3608277660549,33652100
2024-07-31,69.54679107666016,69.59991862471198,69.38740167671274,69.48480668533571,50714800
2024-08-01,69.39456176757812,69.69720962014449,69.37676214855925,69.59929473765146,51319800
2024-08-02,69.16313171386719,69.40347073308185,69.0830232348998,69.26104660448705,71578700
2024-08-05,68.73587799072266,68.87829533868741,68.16619501655019,68.21960067314238,104456100
2024-08-06,68.9940185546875,69.26105363617899,68.6913706462755,68.96731572565405,60113400
2024-08-07,69.12753295898438,69.439077253531,69.08302372069645,69.41237442702075,56107800
2024-08-08,69.41236877441406,69.44796801275783,69.24324183208036,69.34115671541505,31528100
2024-08-09,69.4034652709961,69.51027656787986,69.27884756386123,69.44796771431243,29759900
2024-08-12,69.44796752929688,69.46577393950054,69.31445340854786,69.46577393950054,33878400
2024-08-13,69.7684097290039,69.77731293343292,69.5102711298039,69.52807753866192,37310200
2024-08-14,69.89303588867188,69.91974550519276,69.69721290561056,69.75061855634037,36086900
2024-08-15,69.95535278320312,69.98206240279312,69.83073505641023,69.92864995476991,39411300
2024-08-16,70.17786407470703,70.21347009884623,69.91082908039506,69.91973228421854,33682600
2024-08-19,70.2936019897461,70.3203048163825,70.09777220620407,70.15117785947687,29604300
2024-08-20,70.23127746582031,70.3469919524873,70.11555618799852,70.32919233575193,33189300
2024-08-21,70.39151000976562,70.41821283379524,70.240189479494,70.302498332615,34266700
2024-08-22,70.3025131225586,70.40042123421281,70.22239784245977,70.39152481843512,29292100
2024-08-23,70.67636108398438,70.67636108398438,70.3915196035873,70.48053129286953,32590900
2024-08-26,70.53392791748047,70.70305485927234,70.5250315035009,70.66744882988691,20460100
2024-08-27,70.57843780517578,70.64964986460569,70.41821406703639,70.45382009675134,22784300
2024-08-28,70.54283142089844,70.60514027479748,70.4805225669994,70.59623706962455,22351600
2024-08-29,70.61404418945312,70.64074701408447,70.5250325102967,70.61404418945312,18353000
2024-08-30,70.62293243408203,70.69414448563187,70.53392076522223,70.69414448563187,27633300
2024-09-03,70.37250518798828,70.62294005672587,70.34567385545759,70.55138528741844,31596800
2024-09-04,70.63189697265625,70.70345175296943,70.354630728742,70.354630728742,32371800
2024-09-05,70.87337493896484,70.90915232362536,70.70344089162533,70.75710355669693,44675300
2024-09-06,70.78394317626953,70.99860068552535,70.64977967404495,70.90021457214993,49888900
2024-09-09,70.9538803100586,70.99859692587275,70.80183153338061,70.90021081770726,24823800
2024-09-10,70.81970977783203,70.98965064302031,70.74815501103295,70.96281248759205,38347600
2024-09-11,70.92706298828125,70.93600221890684,70.63190460547277,70.73922996370118,42342700
2024-09-12,71.02543640136719,71.09698435276468,70.84654946327608,70.8823268508943,28515000
2024-09-13,71.2221908569336,71.26691429054605,71.10591948291425,71.1238047620565,31806800
2024-09-16,71.4011001586914,71.46370889108,71.23115924627662,71.24905135486767,31402400
2024-09-17,71.41898345947266,71.49948429821605,71.3742668369173,71.46370690586785,27423900
2024-09-18,71.4815902709961,71.80357996964524,71.365318866866,71.44581287960845,39546900
2024-09-19,71.69625091552734,71.84829970319032,71.63363536595391,71.81252231365092,48785900
2024-09-20,71.78569793701172,71.78569793701172,71.5531482943798,71.69625786641174,43626300
2024-09-23,71.6515121459961,71.74095218879323,71.62468081554073,71.72306690976895,29049400
2024-09-24,71.66046142578125,71.7141240891095,71.55312927528658,71.66046142578125,28674500
2024-09-25,71.5799560546875,71.65151081713329,71.57101000342234,71.62467948717556,28899100
2024-09-26,71.69625091552734,71.72308225172206,71.57102664021977,71.72308225172206,32732300
2024-09-27,71.87512969970703,71.88407575288497,71.73202014421683,71.7499122505727,36712700
2024-09-30,71.82147216796875,71.88408089701629,71.72308604748838,71.84830350558346,31551500
2024-10-01,71.78551483154297,71.9023536877141,71.72260054635193,71.89336397350314,45992200
2024-10-02,71.79449462890625,71.79449462890625,71.62373120903254,71.70461806205549,41214300
2024-10-03,71.62372589111328,71.73157502046962,71.56979446929311,71.70461273813054,31147700
2024-10-04,71.54283142089844,71.64169769317778,71.48890685679767,71.6147354111274,40122800
2024-10-07,71.23724365234375,71.48890073946882,71.2282539400489,71.48890073946882,69202500
2024-10-08,71.40801239013672,71.41700210310472,71.27320098132599,71.33611525781828,40947200
2024-10-09,71.36308288574219,71.43498688058916,71.30915146103577,71.39903488316568,42426500
2024-10-10,71.32715606689453,71.37209779382397,71.2282897533656,71.36310807700913,30091700
2024-10-11,71.515869140625,71.53384170961172,71.30914688299707,71.30914688299707,26970800
2024-10-14,71.55183410644531,71.56980667869006,71.3630912407313,71.56082382113927,12065800
2024-10-15,71.53384399414062,71.6506896962827,71.52486113793135,71.54283370749205,31134400
2024-10-16,71.65967559814453,71.73157272970536,71.59676132231519,71.63270645952471,31626300
2024-10-17,71.55183410644531,71.72260439991459,71.43499524399658,71.69563525583273,46599300
2024-10-18,71.72260284423828,71.72260284423828,71.58778455532588,71.63271941353467,28905600
2024-10-21,71.43498229980469,71.64169770030612,71.36307830956858,71.59676284926499,36341500
2024-10-22,71.33611297607422,71.41699981877342,71.25521927623338,71.39003753787368,35466600
2024-10-23,71.12040710449219,71.27320480457718,71.06648253807526,71.2372528079185,39761500
2024-10-24,71.32715606689453,71.38108065349402,71.20132746006584,71.27323148029504,30163900
2024-10-25,71.25521850585938,71.4978927456166,71.22825622525114,71.41699904665033,35590200
2024-10-28,71.43498229980469,71.47092743778082,71.34509888343858,71.38105087855664,31854500
2024-10-29,71.45294952392578,71.47092209156946,71.21028214645845,71.22825471410212,42992200
2024-10-30,71.32715606689453,71.58780299736675,71.30019377359478,71.44399495690837,28728700
2024-10-31,71.12940216064453,71.34510729965659,71.12940216064453,71.34510729965659,43194600
2024-11-01,71.13392639160156,71.4320130704503,71.11586366479567,71.38684591612528,44045700
2024-11-04,71.3326416015625,71.4500665394365,71.2603769206219,71.40490628250309,27291200
2024-11-05,71.53137969970703,71.5404076178956,71.30555769726223,71.30555769726223,31611900
2024-11-06,71.6578369140625,71.68493445074294,71.43201491967169,71.55847468520732,43173100
2024-11-07,71.96493530273438,71.99203283330897,71.58555609161249,71.63072323692934,51325800
2024-11-08,72.0823745727539,72.10947210612869,71.9649427394105,72.06430495614438,30543400
2024-11-11,72.00105285644531,72.10041504250896,72.00105285644531,72.0733175174984,11008700
2024-11-12,71.7120132446289,71.9920302391948,71.65781818543255,71.91073765040028,44594900
2024-11-13,71.7301025390625,71.90172257078393,71.70299811048922,71.89268776125951,33873600
2024-11-14,71.57653045654297,71.83848477156396,71.57653045654297,71.77525489494093,32749300
2024-11-15,71.56749725341797,71.61265750964753,71.40490516960539,71.53136491351083,33709500
2024-11-18,71.7029800415039,71.71201484875158,71.53136005303031,71.60361783639559,27780900
2024-11-19,71.81137084960938,71.87460071180286,71.63071606949605,71.64877879089214,34523200
2024-11-20,71.7933120727539,71.81137479514241,71.71201259315939,71.80233998817891,19934000
2024-11-21,71.8204345703125,71.93785953550655,71.78430222143567,71.8475321090849,28040000
2024-11-22,71.8023452758789,71.89267267755037,71.76621293690252,71.81138008350776,29564900
2024-11-25,72.07331848144531,72.12751353219126,72.01008862506255,72.01008862506255,35003000
2024-11-26,71.9378433227539,72.08237268568843,71.88364825742313,72.08237268568843,41103500
2024-11-27,72.15464782714844,72.15464782714844,71.9830277818172,72.00109051075802,30239600
2024-11-29,72.29914855957031,72.32624608800836,72.16365402584177,72.27205103113225,25037800
2024-12-02,72.27283477783203,72.52690012781879,72.16394666093989,72.52690012781879,32387400
2024-12-03,72.27283477783203,72.35449567342995,72.23653873886799,72.33635111532872,24868500
2024-12-04,72.44523620605469,72.44523620605469,72.26376292423517,72.32727926514819,22733500
2024-12-05,72.38172149658203,72.42709327944054,72.32728089536151,72.39987297883027,23106300
2024-12-06,72.49968719482422,72.59042384007185,72.45431541081926,72.49061145347078,29931300
2024-12-09,72.40895080566406,72.53598349401247,72.39079932289296,72.4996874512326,22095100
2024-12-10,72.44523620605469,72.5359797697264,72.35449956514493,72.5359797697264,27195200
2024-12-11,72.46338653564453,72.54504743433623,72.43616623608064,72.53597861632282,24730000
2024-12-12,72.26376342773438,72.58134513451226,72.25468768675158,72.41801641063192,29081600
2024-12-13,72.0550765991211,72.32728654926477,72.02784937362034,72.32728654926477,34201100
2024-12-16,72.191162109375,72.24560962554385,72.11857695908506,72.18209329231446,22269000
2024-12-17,72.03691864013672,72.13673102304617,72.03691864013672,72.05507012217227,29039500
2024-12-18,71.29722595214844,72.18194384681772,71.27898743081819,72.18194384681772,80034500
2024-12-19,71.22425842285156,71.60733695944944,71.22425842285156,71.55260747787159,69005700
2024-12-20,71.67118072509766,71.75326450783189,71.14217315210496,71.14217315210496,63276200
2024-12-23,71.47964477539062,71.77150982212582,71.47964477539062,71.73502582145747,29239400
2024-12-24,71.70764923095703,71.72588774808636,71.46138401874511,71.50699074948365,11926100
2024-12-26,71.89009094238281,71.89009094238281,71.57086457557641,71.60734858301326,18384900
2024-12-27,71.64381408691406,71.83534985752972,71.62556860860145,71.81710437921713,20631800
2024-12-30,71.74415588378906,71.81711693396086,71.59821986622082,71.67118787500493,20659200
2024-12-31,71.73503112792969,71.90832144565869,71.64382459881777,71.85359891991396,18664900
2025-01-02,71.90831756591797,72.00864683011154,71.79887252033352,71.9448015673167,30415400
2025-01-03,72.01776885986328,72.08161412202847,71.99040759873701,72.04513012098955,32611000
2025-01-06,72.14545440673828,72.22754514306517,72.07248640969463,72.19106114454335,32110000
2025-01-07,71.90831756591797,72.25491209990005,71.89007904452448,72.18194409710259,43790200
2025-01-08,71.99951171875,72.04511148929727,71.8353372358381,71.91742099798911,35304900
2025-01-10,71.62557220458984,71.87183746389604,71.59821094435837,71.87183746389604,37417300
2025-01-13,71.6073226928711,71.65292246672057,71.47963219231595,71.589077216443,39180700
2025-01-14,71.69853210449219,71.80798409166475,71.64380959021125,71.77150009594057,29581100
2025-01-15,72.32787322998047,72.33698901050514,72.1089692423887,72.20018271652414,53574900
2025-01-16,72.40994262695312,72.4281881016014,72.16368438807906,72.24576814816717,32363000
2025-01-17,72.47379302978516,72.52851554040579,72.40994778119102,72.50115428509548,29546400
2025-01-21,72.66534423828125,72.69270549941388,72.60149897610125,72.61062171601601,32962700
2025-01-22,72.56500244140625,72.71093842038928,72.5285184466605,72.69269294371117,25028500
2025-01-23,72.65623474121094,72.66535052330246,72.45557619740067,72.52853724719435,27434800
2025-01-24,72.7383041381836,72.81127213215058,72.65622036392891,72.69269740230149,23648600
2025-01-27,72.79300689697266,72.83861362047624,72.61059392017637,72.66531642149346,28540600
2025-01-28,72.76567077636719,72.7930320364751,72.66534151689723,72.75654803679407,30439900
2025-01-29,72.72006225585938,72.81126876479456,72.61973300844748,72.74742351267888,20072100
2025-01-30,72.85688781738281,72.91161730411343,72.77480402520551,72.91161730411343,34495300
2025-01-31,72.71095275878906,72.93897255195706,72.66534601671073,72.8751272882145,37101100
2025-02-03,72.61933898925781,72.72012338740123,72.41777019297099,72.53687584978647,29965100
2025-02-04,72.848388671875,72.848388671875,72.59184912522878,72.65598401189033,28938600
2025-02-05,73.0407943725586,73.0866010121533,72.87587509162502,72.87587509162502,31834000
2025-02-06,72.93083953857422,73.10492292842054,72.91251828235886,73.04078804639998,24224100
2025-02-07,72.7017822265625,72.91251510984816,72.69261810376463,72.89418686425242,28778200
2025-02-10,72.848388671875,72.92168069221793,72.81173916661434,72.87587405327591,23382600
2025-02-11,72.8208999633789,72.8667066002281,72.74760095620653,72.8667066002281,24410000
2025-02-12,72.66512298583984,72.77507147414461,72.51853199161012,72.57350274067419,34362700
2025-02-13,72.99497985839844,73.02246523985795,72.72927618732585,72.77508981654395,36149900
2025-02-14,73.07743835449219,73.19654399664951,73.04078885147963,73.1049237342071,26668300
2025-02-18,73.01332092285156,73.12326246798865,72.96750728559137,73.0682916954201,23274200
2025-02-19,73.06827545166016,73.07743957511084,72.89419205698731,72.96749106423673,38958600
2025-02-20,73.11409759521484,73.13241885407226,73.00414907153369,73.05911983828481,25789000
2025-02-21,72.9766616821289,73.16906635064782,72.9766616821289,73.08660321260903,32016500
2025-02-24,73.06827545166016,73.1507315921822,72.96749106423673,72.99497644441074,21029200
2025-02-25,73.25150299072266,73.27899535619981,73.1507186211702,73.25150299072266,30604400
2025-02-26,73.35231018066406,73.37063843001754,73.2698540291104,73.29733941296162,21777500
2025-02-27,73.21488189697266,73.37063706267958,73.1782323891277,73.34315167934058,40521800
2025-02-28,73.41643524169922,73.41643524169922,73.23319471377653,73.28816547411772,44321200
2025-03-03,73.26364135742188,73.41092683871389,73.19000563973417,73.35569829470853,40729100
2025-03-04,73.25442504882812,73.3096535805948,73.00588260996462,73.18998942078142,66274600
2025-03-05,73.29122924804688,73.34645776688043,73.12553666859111,73.13473673975997,32302200
2025-03-06,73.01509857177734,73.18079121015259,72.97827720514312,73.11635557428208,50431500
2025-03-07,73.1347427368164,73.18997828313438,73.0242856900918,73.042692856894,52828900
2025-03-10,72.85861206054688,73.07032613717735,72.84940496327154,72.99669042784707,57602100
2025-03-11,72.6008529663086,72.95985242565682,72.53641734598855,72.91382397273284,75826700
2025-03-12,72.68370819091797,72.82178655036059,72.61006546282096,72.77575808956068,53763000
2025-03-13,72.27867126464844,72.60085640446225,72.25105700076868,72.59164930885025,81223200
2025-03-14,72.61006927490234,72.69291910410043,72.4535837366984,72.56404783464338,51469800
2025-03-17,72.78495788574219,72.81257215026949,72.60085810692256,72.61926527562197,33954200
2025-03-18,72.65608978271484,72.78496103806127,72.65608978271484,72.72973250661471,40195900
2025-03-19,73.1347427368164,73.21759254481553,72.6836934091277,72.6836934091277,45212700
2025-03-20,73.03350830078125,73.18079377247518,72.95987258789212,73.07953676642506,42977600
2025-03-21,72.92302703857422,73.00586982171288,72.78494871038762,72.96904846599942,35124000
2025-03-24,73.1347427368164,73.18077118825543,73.042692856894,73.10712847513526,36393500
2025-03-25,73.09793853759766,73.25442405745663,73.07031724913139,73.18078133412654,29075500
2025-03-26,72.80339050292969,73.10716156482626,72.6929334062101,73.0887543896926,51236100
2025-03-27,72.6653060913086,72.8494059014414,72.65609899391468,72.76656309376892,38493100
2025-03-28,72.53642272949219,72.72052250893985,72.40755147928753,72.71131541308054,58896900
2025-03-31,72.61927032470703,72.6468845911543,72.27867798495794,72.27867798495794,47853500
2025-04-01,72.78763580322266,72.81538443906274,72.54713586405828,72.7783839055659,54256000
2025-04-02,72.93560791015625,72.94485980489927,72.64886268727435,72.64886268727435,49072400
2025-04-03,72.02912902832031,72.40837207570563,71.90887555267979,72.24187323469702,116401400
2025-04-04,71.00239562988281,71.52964084502747,70.79889623857616,71.03939616076853,181273300
2025-04-07,70.39190673828125,71.77939507237535,69.95715926445753,70.17916247904662,193374800
2025-04-08,70.06816101074219,71.34464774007384,69.76291188292464,71.24289803080131,106007700
2025-04-09,71.94588470458984,72.00138197253648,69.44840884717594,69.46690558411491,152382200
2025-04-10,70.7711410522461,71.39088400866044,70.42889146608805,71.28913432242776,93884100
2025-04-11,70.98388671875,71.38163357568646,70.2993945895323,70.54913933359512,71884000
2025-04-14,71.33537292480469,71.64986676158779,71.16887411205843,71.48336794884153,50011400
2025-04-15,71.52963256835938,71.68687951358147,71.39088235787506,71.44637961921724,39790500
2025-04-16,71.52037811279297,71.70537368206537,71.32613064791836,71.54812674247097,52028800
2025-04-17,71.93663024902344,71.955134042434,71.71463412800286,71.79788708409149,37355500
2025-04-21,71.51112365722656,71.69612627700482,71.3631286185323,71.67762248646282,36078000
2025-04-22,71.78861999511719,71.9736155472964,71.69612221902757,71.7608713680031,33941100
2025-04-23,72.14937591552734,72.83386801872985,72.12162728470045,72.70436970345177,63723400
2025-04-24,72.79685974121094,72.83386026408363,72.31586705812227,72.40836483673992,49007800
2025-04-25,72.86161804199219,73.01887204823127,72.64887383016777,72.69511919672006,47981700
2025-04-28,72.89860534667969,72.95410965645534,72.65811254712027,72.87085672035573,42220700
2025-04-29,73.0928726196289,73.12062831061128,72.75063005927258,72.75063005927258,51198600
2025-04-30,72.70437622070312,72.8061259142752,72.57487789381678,72.73212485401741,69994200
2025-05-01,72.79827117919922,72.97491604903821,72.72389065857394,72.8912432833224,50848600
2025-05-02,73.02140808105469,73.0864892654413,72.85405545072952,72.98421781950275,41354100
2025-05-05,72.99352264404297,73.1143856831824,72.89125119041822,72.95633237969601,39815300
2025-05-06,72.93773651123047,73.00281770301591,72.82617280720852,72.90055333876843,36292600
2025-05-07,73.00281524658203,73.09579445456225,72.85406128178548,73.04000551111058,32676200
2025-05-08,72.9842300415039,73.23525548237005,72.93774043344952,73.14228335957957,32684900
2025-05-09,73.03070831298828,73.1701629288673,73.02140897415728,73.06789148167789,23971200
2025-05-12,73.75590515136719,73.81168700109383,73.47698171609873,73.67222528345961,70558600
2025-05-13,73.88607788085938,73.9883493485646,73.74661614368691,73.80239800122845,52141900
2025-05-14,73.61642456054688,73.84885833257522,73.57923430582446,73.82096741486234,45406500
2025-05-15,73.75590515136719,73.75590515136719,73.50487264096206,73.50487264096206,49301300
2025-05-16,73.83958435058594,73.8488836907887,73.70012262081744,73.80239408309312,30657200
2025-05-19,73.80238342285156,73.8116827617111,73.49557617365892,73.50486841920124,26228800
2025-05-20,73.76517486572266,73.80236511861978,73.64431186379356,73.70009369648153,25933700
2025-05-21,73.2724380493164,73.65363293400812,73.26314580333677,73.52347055711766,54737300
2025-05-22,73.42120361328125,73.49558414559105,73.21666069608828,73.27244254866164,43242700
2025-05-23,73.40259552001953,73.43049353604641,73.20735196773383,73.22595064508508,29598900
2025-05-27,73.84886932373047,73.85816866212407,73.60713617871468,73.70940762109379,33524700
2025-05-28,73.80238342285156,73.85817236269158,73.6815203909464,73.83957368497249,27012900
2025-05-29,73.91395568847656,73.9790368751614,73.83028291701778,73.96973753611576,28616300
2025-05-30,73.97904205322266,73.9883413929192,73.82098874497068,73.8674712568177,28930300
2025-06-02,73.96595764160156,73.97530113215343,73.77913059253467,73.9192473158373,45527200
2025-06-03,74.10609436035156,74.12477421770396,73.95662699354712,74.02201718477498,28458700
2025-06-04,74.24620819091797,74.27423153665372,74.11542069915892,74.11542069915892,41403600
2025-06-05,74.08738708496094,74.25553426306564,74.05002025349384,74.23685441082928,44563900
2025-06-06,74.07807922363281,74.16214928153366,74.03136888457871,74.15280578832342,41300100
2025-06-09,74.11540985107422,74.19948700297064,74.05936316780615,74.05936316780615,30169000
2025-06-10,74.29291534423828,74.31160232705325,74.10608827806296,74.18082195533138,24234400
2025-06-11,74.27423095703125,74.39566782993691,74.25554397535636,74.34895750274495,30114400
2025-06-12,74.35831451416016,74.35831451416016,74.23687761917363,74.27424446232254,28373200
2025-06-13,74.13411712646484,74.26489750789136,74.07807042785241,74.19016382507728,35271000
2025-06-16,74.2835464477539,74.35828009946331,74.2555231101112,74.2835464477539,26225100
2025-06-17,74.19949340820312,74.39566394357,74.14344672009686,74.28356344036253,27747200
2025-06-18,74.31160736083984,74.46106759850522,74.19950683734365,74.25555353559363,32833500
2025-06-20,74.54513549804688,74.55447186192944,74.3489578245877,74.37698829722139,45845800
2025-06-23,74.68524169921875,74.68524169921875,74.46104783871708,74.51709452209391,32361400
2025-06-24,74.8907470703125,74.92811389725226,74.73194340106369,74.77865371648674,50893200
2025-06-25,74.8720932006836,74.93748338876993,74.80670301259724,74.90011654886403,24156100
2025-06-26,75.0869369506836,75.09628044157898,74.91878974954317,74.98417993182025,28889100
2025-06-27,75.04956817626953,75.1710121737879,75.01220846764328,75.10562199319922,47849500
2025-06-30,75.33915710449219,75.35783695824345,75.15232293200485,75.22705660099979,52885900
2025-07-01,75.2443618774414,75.33821645578507,75.1786629565363,75.27251753487998,45411000
2025-07-02,75.38513946533203,75.38513946533203,75.15988706866383,75.2443540321727,32359500
2025-07-03,75.43207550048828,75.45084355122853,75.32883331980425,75.36637658192981,19750000
2025-07-07,75.17867279052734,75.40392524014611,75.14112952214984,75.39454479353644,37027200
2025-07-08,75.0754165649414,75.19743395453114,75.02849285872183,75.16927113802548,31358900
2025-07-09,75.28189849853516,75.29128610373482,75.15988827351829,75.21619958342689,30277500
2025-07-10,75.20681762695312,75.29129175880551,75.20681762695312,75.28190415290076,28776200
2025-07-11,75.11296844482422,75.13174365798227,75.0191138609712,75.12235605140324,30482200
2025-07-14,75.16928100585938,75.17866861259361,75.05665836763194,75.09420163392305,23716200
2025-07-15,74.94403076171875,75.24436974018998,74.94403076171875,75.23498929382713,37039500
2025-07-16,75.14111328125,75.15988849170384,74.850161965018,75.03787110568805,39780100
2025-07-17,75.21620178222656,75.25374504347803,75.08480394816887,75.12234720942034,25703200
2025-07-18,75.31944274902344,75.38514166499554,75.25374383305133,75.32883035434654,27686400
2025-07-21,75.4227066040039,75.50717359425533,75.38516333256543,75.38516333256543,28483300
2025-07-22,75.55409240722656,75.57286045962499,75.4039193454563,75.49778108938557,26017700
2025-07-23,75.59163665771484,75.60102426435924,75.49778207320824,75.57286144442604,26025000
2025-07-24,75.49777221679688,75.56347113343892,75.46961656118526,75.49777221679688,27013700
2025-07-25,75.54469299316406,75.62916711736807,75.46961363465945,75.55408059821886,30123100
2025-07-28,75.50717163085938,75.57287056400664,75.49779118372881,75.57287056400664,22093800
2025-07-29,75.55409240722656,75.6010232791912,75.50716153526193,75.5447048007045,21371800
2025-07-30,75.39452362060547,75.57284514451302,75.3194371049369,75.50714623346408,38392400
2025-07-31,75.44146728515625,75.53532903490108,75.39454357093,75.46024249936367,41501300
2025-08-01,75.44522857666016,75.54898508130916,75.27543408306342,75.50182434225354,68963100
2025-08-04,75.6999282836914,75.6999282836914,75.52069873617515,75.54899662329505,37539200
2025-08-05,75.66220092773438,75.6904988169334,75.55843720279245,75.66220092773438,29656300
2025-08-06,75.73765563964844,75.7470906669351,75.59615901761713,75.66218981498945,30512900
2025-08-07,75.66220092773438,75.80369757054774,75.61504017800873,75.75652962400389,29405000
2025-08-08,75.671630859375,75.69992874666796,75.61503508478907,75.6527608033012,24679000
2025-08-11,75.671630859375,75.73766166199782,75.62446291600824,75.671630859375,30159800
2025-08-12,75.8414306640625,75.8414306640625,75.6622011029626,75.71879688149174,40846200
2025-08-13,76.03949737548828,76.03949737548828,75.8980007801896,75.8980007801896,35039600
2025-08-14,75.8414306640625,75.92632433185621,75.79426271740941,75.92632433185621,36559900
2025-08-15,75.89802551269531,75.90746054127398,75.81313184594171,75.90746054127398,22754000
2025-08-18,75.8414306640625,75.92632433185621,75.82256060667397,75.87916358202133,25400800
2025-08-19,75.82255554199219,75.91689142899708,75.80369268268186,75.88858634480496,21700500
2025-08-20,75.79425048828125,75.86971631202277,75.75651757641049,75.85085345449593,29704900
2025-08-21,75.65274810791016,75.74708397881304,75.64332027827308,75.70935106981518,35825900
2025-08-22,76.26589965820312,76.27533468519778,75.74708832256835,75.76595117974071,59541500
2025-08-25,76.11498260498047,76.22817415264514,76.11498260498047,76.19987626572897,32714800
2025-08-26,76.2847671508789,76.3130650340958,76.16213339451679,76.20930133108939,33659900
2025-08-27,76.37909698486328,76.3979598416882,76.2376003698175,76.2376003698175,24335000
2025-08-28,76.41682434082031,76.41682434082031,76.31306064378346,76.37909143309635,24203800
2025-08-29,76.27535247802734,76.39797907029529,76.27535247802734,76.39797907029529,35070300
2025-09-02,76.19288635253906,76.23079884456435,76.01280382318609,76.07914887646322,51804000
2025-09-03,76.40139770507812,76.40139770507812,76.2118424852945,76.2118424852945,34283100
2025-09-04,76.60991668701172,76.61938938673563,76.42035422650608,76.4487940188833,37999700
2025-09-05,76.64783477783203,76.86582258450076,76.61939498337745,76.75209233095848,39147800
2025-09-08,76.64783477783203,76.74261239947361,76.62887491486231,76.72365253650388,27003400
2025-09-09,76.56251525878906,76.65729286235984,76.45825772554092,76.62886030439537,36704500
2025-09-10,76.619384765625,76.71416960569535,76.57199957665789,76.619384765625,38106100
2025-09-11,76.80894470214844,76.86580981947604,76.68573453758268,76.68573453758268,34221500
2025-09-12,76.73312377929688,76.79946883004045,76.71417114954222,76.79946883004045,25702800
2025-09-15,76.95111846923828,76.96059116854173,76.83738099798335,76.84686092835496,27248800
2025-09-16,76.89424133300781,76.98902616868929,76.86580877473045,76.97006630912591,33075600
2025-09-17,76.81842803955078,76.99850332943188,76.68573793918864,76.95111813991292,35955700
2025-09-18,76.98902130126953,77.0269265558644,76.83737135862098,76.9037164007629,43250000
2025-09-19,77.0174560546875,77.04588861197833,76.91319852390947,77.00797612523473,32042900
2025-09-22,77.0743408203125,77.08382075218229,76.94165069841269,76.95113063028248,26670200
2025-09-23,77.0174560546875,77.11223365601275,76.96058370903837,77.09327379710722,37088500
2025-09-24,76.91320037841797,77.00797798202848,76.88476782044158,77.00797798202848,28124300
2025-09-25,76.6952133178711,76.78051823169447,76.66678075695276,76.77103830103222,33509900
2025-09-26,76.84685516357422,76.87528772148801,76.73311770085147,76.80894267599997,31046800
2025-09-29,76.97955322265625,76.99850585287133,76.89424830901741,76.92268810094261,28558500
2025-09-30,76.95111846923828,76.97007109891335,76.86581355803003,76.93215860849504,54970300
2025-10-01,77.09489440917969,77.13298564428004,76.92348748380822,76.95205409384342,58042600
2025-10-02,77.06633758544922,77.1044288253866,76.9806304792998,77.07586221172386,33348900
2025-10-03,76.98062896728516,77.0758606978387,76.96158698027105,77.0568114456636,35109200
2025-10-06,76.99968719482422,77.04730306565128,76.97112057839273,77.02825381125571,29485100
2025-10-07,76.91397094726562,77.02824466458408,76.90445358635984,77.02824466458408,27672300
2025-10-08,76.79969024658203,76.9806145173184,76.79016562228233,76.96157253387865,34932200
2025-10-09,76.58069610595703,76.79971895576708,76.4759469949821,76.79019432790689,65586700
2025-10-10,76.13311767578125,76.64733849899764,76.13311767578125,76.62829651228336,83840400
2025-10-13,76.60924530029297,76.60924530029297,76.34261390214962,76.39975439115229,31926800
2025-10-14,76.69495391845703,76.79017838179765,76.28548218744764,76.35214003830215,63860100
2025-10-15,76.94255828857422,76.97112490661206,76.75210205971817,76.86637579703181,59802200
2025-10-16,76.66638946533203,76.96158748955062,76.61877359974017,76.94254550241051,75725200
2025-10-17,76.8663558959961,76.8758805212635,76.59019988452452,76.59972450979193,70044200
2025-10-20,77.01871490478516,77.04728878108091,76.91396582051561,76.91396582051561,43762300
2025-10-21,76.90445709228516,77.07586404349645,76.90445709228516,77.0187235496518,45418100
2025-10-22,76.82826232910156,76.9520533931804,76.75207985959452,76.90444479860862,50698600
2025-10-23,76.99968719482422,76.99968719482422,76.84732222030712,76.84732222030712,37962400
2025-10-24,77.20917510986328,77.2186924706305,77.10442602013678,77.16155924538364,39905600
2025-10-27,77.39962768554688,77.4472435522708,77.25678735053633,77.29487859088323,36495000
2025-10-28,77.32344055175781,77.39962302786716,77.29487393950701,77.39962302786716,31591400
2025-10-29,77.08538055419922,77.35201923715546,77.03777195254224,77.32344535796778,51827100
2025-10-30,76.94255828857422,77.07587401619232,76.904467042803,76.93303366084085,39967300
2025-10-31,76.94255828857422,77.09491600649679,76.89494241506964,77.02825814268775,45044600
2025-11-03,76.70326232910156,76.95211449048539,76.69368912614449,76.94254128752831,54615100
2025-11-04,76.71283721923828,76.77983503698272,76.53098287012577,76.55012927646102,49705000
2025-11-05,76.78939819335938,76.8372495985079,76.73196628408225,76.75111268791245,42273700
2025-11-06,76.81812286376953,76.88512068353417,76.69369312548184,76.8659742766216,46629200
2025-11-07,76.8851318359375,76.90427094341157,76.65541873295417,76.80856080160973,47233800
2025-11-10,77.14353942871094,77.19139814419309,76.98083147961523,76.99997058447924,51875200
2025-11-11,77.22968292236328,77.2679684339423,77.15311189920526,77.15311189920526,17001100
2025-11-12,77.07653045654297,77.23923838209727,77.03824495013954,77.22967248215669,43962900
2025-11-13,76.76068115234375,76.9712477882305,76.71282974559642,76.9712477882305,53631300
2025-11-14,76.77984619140625,76.95212736237981,76.64585053645077,76.64585053645077,40853500
2025-11-17,76.65540313720703,76.82768427828559,76.60755172714947,76.75112056175065,42954200
2025-11-18,76.67455291748047,76.7511239395996,76.55969638430179,76.58840869204282,44098700
2025-11-19,76.71283721923828,76.85640605789476,76.65540530244701,76.70326401607066,33510100
2025-11-20,76.66497802734375,77.03825262419328,76.66497802734375,76.96168890597333,65471200
2025-11-21,76.92340087890625,76.96168638787077,76.6936878251191,76.81811755480736,62331700
2025-11-24,77.13395690917969,77.14353011156284,76.95210987718286,76.97124897973532,38964900
2025-11-25,77.40196228027344,77.43067458773888,77.08611229372455,77.11482460119,56524800
2025-11-26,77.47852325439453,77.50724286305696,77.3253885192662,77.36367402860185,27454800
2025-11-28,77.51681518554688,77.59338621056163,77.4689637715738,77.52638838922744,29430800
2025-12-01,77.37738800048828,77.44469747562391,77.29084305463815,77.31007852535265,45274800
2025-12-02,77.52162170410156,77.54084983789384,77.38700275900867,77.44469449656782,38842600
2025-12-03,77.58894348144531,77.68509883802058,77.47355265184493,77.51201626171172,35019100
2025-12-04,77.6466293334961,77.66585746887803,77.47354677032705,77.5985479907669,34777400
2025-12-05,77.6466293334961,77.70432107582481,77.56970211960254,77.62740119811416,30486800
2025-12-08,77.4543228149414,77.6370157875694,77.39662373331593,77.61778765114977,43160800
2025-12-09,77.36776733398438,77.51200401414836,77.34853920018091,77.45431227655568,30558800
2025-12-10,77.62740325927734,77.68509500313789,77.32931213157065,77.33892986760843,53052100
2025-12-11,77.6177749633789,77.65623856611401,77.56008322736729,77.6370030966554,44546400
2025-12-12,77.47354125976562,77.60816020641268,77.43507765555471,77.5889320723984,45566100
2025-12-15,77.51200866699219,77.59854627857582,77.4735450608941,77.56970040804795,28983600
2025-12-16,77.5600814819336,77.56969188026451,77.46391880916885,77.51200014555121,27908000
2025-12-17,77.46392822265625,77.56970130660557,77.41585421661381,77.55047317142515,36999700
2025-12-18,77.67546844482422,77.69470391471505,77.56969536897138,77.67546844482422,52680500
2025-12-19,77.63778686523438,77.74406117927937,77.6088043015761,77.705415304086,34413300
2025-12-22,77.70541381835938,77.7343963814635,77.57015694324222,77.7343963814635,37203900
2025-12-23,77.76338958740234,77.76338958740234,77.6281326937737,77.64745931911943,24341800
2025-12-24,77.90830993652344,77.90830993652344,77.74407047552299,77.78271635533743,10533500
2025-12-26,77.86965942382812,77.96627043214238,77.85999611171246,77.90830530134332,10922900
2025-12-29,77.89864349365234,77.9276334305592,77.82135910807685,77.83101504943154,22012700
2025-12-30,77.97594451904297,78.01459040189829,77.87933349737892,77.90831606678329,20146700
2025-12-31,77.89864349365234,78.01458112843697,77.89864349365234,77.98559856247772,17457100
2026-01-02,77.93728637695312,77.98559556566053,77.85999462340018,77.98559556566053,28403300
2026-01-05,78.14017486572266,78.1691648026893,77.96627209866087,78.00491797700211,38563200
2026-01-06,78.15948486328125,78.19813073340126,78.08219312304125,78.15948486328125,31721500
2026-01-07,78.14017486572266,78.25611250074638,78.10152898738141,78.21746662240514,27022700
2026-01-08,78.19815826416016,78.20781420688013,78.0629013565941,78.10153986937128,33516900
2026-01-09,78.256103515625,78.28508607831634,78.20779433050825,78.20779433050825,31849200
2026-01-12,78.29476165771484,78.30442497044172,78.15950476333036,78.16916807605723,23983600
2026-01-13,78.29476165771484,78.3334075376744,78.22713321052261,78.32374422494753,27607400
2026-01-14,78.29476165771484,78.30442497044172,78.18848733056305,78.25611577775528,42994000
2026-01-15,78.29476165771484,78.36239010490709,78.25611577775528,78.35272679218022,30412400
2026-01-16,78.34306335449219,78.35272666720364,78.24645234022135,78.33340741272865,52466300
2026-01-20,78.14017486572266,78.20780331008292,77.93728953264184,78.01458128932433,38653400
2026-01-21,78.37205505371094,78.41070093447725,78.21747153064567,78.23679815650286,42023500
2026-01-22,78.43001556396484,78.48798069622178,78.38170637311897,78.43967887632355,35231900
2026-01-23,78.39137268066406,78.44933781513573,78.29476166622862,78.43001856062781,38360500
2026-01-26,78.43001556396484,78.46866144245202,78.3720504317079,78.43967887632355,27027500
2026-01-27,78.42034912109375,78.46865831001114,78.39136655612225,78.4300124330667,22961500
2026-01-28,78.29476165771484,78.43001855209933,78.28509834498797,78.42035523937246,35559200
2026-01-29,78.28509521484375,78.32374109325809,78.15950163820786,78.30442183952474,38201600
2026-01-30,78.37205505371094,78.38171099569146,78.17882564987934,78.17882564987934,59848000
2026-02-02,78.41961669921875,78.45845360145528,78.29340232248627,78.32252814731825,42890700
2026-02-03,78.37108612060547,78.45846360624351,78.18661266330385,78.40992302779438,49372700
2026-02-04,78.27399444580078,78.37108300622353,78.19632063450965,78.35166084970956,42829400
2026-02-05,78.18660736083984,78.27399224793426,78.10893355172972,78.2157331874106,75554200
2026-02-06,78.45845794677734,78.45845794677734,78.2739919101645,78.32253248511225,40915900
2026-02-09,78.56526184082031,78.56526184082031,78.40992162223195,78.40992162223195,33716900
2026-02-10,78.48758697509766,78.65264567732343,78.48758697509766,78.59438661467452,37886100
2026-02-11,78.47789001464844,78.57497858418863,78.37109036593932,78.54585275406488,27272300
2026-02-12,78.43904876708984,78.61381114554973,78.40021185994513,78.55555948852398,48457000
2026-02-13,78.49728393554688,78.5846688101127,78.46815811315196,78.47786918974396,36612400
2026-02-17,78.45845794677734,78.50700592910721,78.3904952159448,78.46816902471973,35682000
2026-02-18,78.55555725097656,78.62351998469832,78.4584612821891,78.48758710987238,33943100
2026-02-19,78.58468627929688,78.58468627929688,78.47788663518682,78.52642721417511,29531000
2026-02-20,78.6429214477539,78.6429214477539,78.5167070799888,78.57495872551405,37959800
2026-02-23,78.51671600341797,78.6526414633456,78.48758276996318,78.6040934816363,33666000
2026-02-24,78.45845794677734,78.51671700704959,78.30311773660958,78.49729485116481,54979900
2026-02-25,78.56526184082031,78.57497291928911,78.46817327827976,78.46817327827976,29428200
2026-02-26,78.49728393554688,78.5846688101127,78.40990646836212,78.53612083453379,54533600
2026-02-27,78.37108612060547,78.44875993498327,78.30312338487055,78.40021194915148,62450000
2026-03-02,78.32620239257812,78.45304331083959,78.08228671126406,78.11155540202721,74327000
2026-03-03,78.17009735107422,78.35546820032557,77.89690554533298,77.99447776924121,118126800
2026-03-04,78.44328308105469,78.49206175014386,78.24814607355086,78.27742220746322,58694100
2026-03-05,78.13106536865234,78.35546360556518,78.07252054899735,78.31643620703356,79841000
2026-03-06,77.75056457519531,78.05301763654788,77.71153717313115,77.80910195643366,82125600
2026-03-09,78.21886444091797,78.22862315060738,77.60419971734636,77.65297837836441,88695000
2026-03-10,78.092041015625,78.42376275050776,78.08228230468274,78.10179972656726,67499600
2026-03-11,77.91641998291016,78.09203955801583,77.86763387282485,78.04325344793052,59983500
2026-03-12,77.4188232421875,77.80908975792946,77.38955455615692,77.80908975792946,68674300
2026-03-13,77.27247619628906,77.74079752712231,77.19442884424603,77.59444664600473,68652900
2026-03-16,77.51639556884766,77.73104254562176,77.51639556884766,77.5749403903322,57535600
2026-03-17,77.86763763427734,77.87739634550886,77.63348067073044,77.67250807194085,47967800
2026-03-18,77.46762084960938,77.80910131018994,77.45786213824543,77.75056392943777,50281900
2026-03-19,77.72129821777344,77.76031817729317,77.06759851821923,77.106625921455,103981600
2026-03-20,76.9992904663086,77.59444524672986,76.93099438218066,77.56517655977716,109084800
2026-03-23,77.50663757324219,77.760304484031,77.24320450871915,77.37004540782829,79015800
2026-03-24,77.24320983886719,77.47737423320494,77.1358863523912,77.31150592628688,71941600
2026-03-25,77.48712921142578,77.64323881512782,77.41883312073504,77.51639790119101,49917700
2026-03-26,76.9992904663086,77.39931570456858,76.88221571849778,77.3212609102181,74979300
2026-03-27,76.80416870117188,76.92124346083743,76.6578178078743,76.92124346083743,68174300
2026-03-30,76.8919677734375,77.174910823073,76.84318910925445,77.09685602792219,55210700
2026-03-31,77.62371826171875,77.67250437183667,77.19443175628538,77.23345915563665,101521300
2026-04-01,77.81391906738281,77.9021509876379,77.68646298725848,77.7943069874482,69789200
2026-04-02,78.00019073486328,78.06881805657291,77.52960552308781,77.52960552308781,53828200
2026-04-06,78.137451171875,78.14725721279405,77.94137523239979,77.95118127331884,37098300
2026-04-07,78.15705871582031,78.17666331670252,77.7648993798215,78.10803599388902,47264100
2026-04-08,78.61784362792969,78.94136815410985,78.46097690508849,78.89235291308475,58556400
2026-04-09,78.70606994628906,78.81391394061032,78.43156068067734,78.5786213529169,45207500
2026-04-10,78.39234924316406,78.76489648856754,78.38254320307485,78.76489648856754,33005600
2026-04-13,78.68647003173828,78.69626859193883,78.31391530924293,78.31391530924293,38561400
2026-04-14,78.92176055908203,78.98058183800707,78.71587860302765,78.76489384219293,42038000
2026-04-15,78.8825454711914,78.91195611124724,78.77470147110876,78.87273943123384,47834900
2026-04-16,78.77469635009766,78.95116765877745,78.68646443566597,78.95116765877745,37743400
2026-04-17,79.0688247680664,79.17666877079066,78.98058536592062,79.01980204689463,61651600
2026-04-20,79.00018310546875,79.08841501178078,78.92174975775869,79.04919833792574,21104400
2026-04-21,78.7943115234375,79.00019347834734,78.73548276502275,78.97078283904831,58623500
2026-04-22,78.92176055908203,78.99038787776682,78.84332720063748,78.92176055908203,28004500
2026-04-23,78.7943115234375,78.97078283904831,78.58842956852766,78.88254344133455,49921700
2026-04-24,78.90216064453125,78.95117588660702,78.72568931746066,78.86294396298032,33626300
2026-04-27,78.93157196044922,78.96098260190952,78.84333255625106,78.86294463710276,24643700
2026-04-28,78.82372283935547,78.85313347890694,78.7550955204631,78.77470012022515,36382400
2026-04-29,78.55901336669922,78.76489532663375,78.41196016661519,78.7452907265615,56809400
2026-04-30,78.80411529541016,78.84333197700819,78.59823332688335,78.60803936723715,51626100
2026-05-01,78.90167999267578,79.06922612690708,78.87211523928542,78.90167999267578,43740400
2026-05-04,78.64544677734375,78.86225747427311,78.53703766937332,78.86225747427311,35069300
2026-05-05,78.76370239257812,78.86225407220574,78.73413764059096,78.73413764059096,26357900
2026-05-06,79.00022888183594,79.07906570758023,78.92138453708107,78.9312344409175,38323100
2026-05-07,78.70457458496094,79.07907398322213,78.70457458496094,79.05936665447632,44772900
2026-05-08,78.98052215576172,78.99037957962211,78.84254829776154,78.85240572162193,29715200
2026-05-11,78.82283782958984,78.99037643348692,78.82283782958984,78.92138950723452,34366600
2026-05-12,78.71443176269531,78.7341390913795,78.54688563332878,78.66515216246786,37418900
2026-05-13,78.75386047363281,78.7932751342716,78.63559393468063,78.68486601998508,33257100
2026-05-14,78.69471740722656,78.89182829035794,78.69471740722656,78.81298393710539,27235600
2026-05-15,78.31036376953125,78.5370394146006,78.31036376953125,78.48775981206023,54466000
2026-05-18,78.38920593261719,78.54688712211335,78.29065424930566,78.47790019189412,38596100
2026-05-19,78.20195007324219,78.30050175353199,78.08369106449892,78.26108709662506,42904700
2026-05-20,78.70457458496094,78.71443200883952,78.25123083369381,78.34978251544555,58906300
2026-05-21,78.7439956665039,78.83268992314376,78.49761270604489,78.59616438642625,37584600
2026-05-22,78.75386047363281,78.86226206890738,78.68486601998508,78.85241216325366,22429400
2026-05-26,79.01994323730469,79.0298006610285,78.88196938121627,78.98052106142067,30406100
2026-05-27,78.97065734863281,79.04950169412183,78.92138527196015,79.01007952137732,22523800
2026-05-28,79.06922912597656,79.10864378598433,78.8819756553864,78.92139783440601,32001600
2026-05-29,79.14806365966797,79.19734326176007,79.04951197449537,79.09879157658747,39142200
2026-06-01,79.08763122558594,79.12725519603958,78.88951893081727,79.03810693064358,32671000
2026-06-02,79.1470718383789,79.1470718383789,79.03810780779699,79.08763210328897,25237500
2026-06-03,78.92914581298828,79.02820196402682,78.87961395871906,78.99848587446525,28203400
2026-06-04,79.07772827148438,79.0975364773027,78.99848033321234,78.99848033321234,22697900
2026-06-05,78.68150329589844,78.96877143014508,78.6022553504166,78.9489556650246,46035600
2026-06-08,78.79046630859375,78.89943034284155,78.73103412900403,78.84989848818348,25217800
2026-06-09,78.86971282958984,79.03810904038812,78.67159297203321,78.86971282958984,34705500
2026-06-10,78.72112274169922,78.8895189480393,78.70130697771826,78.8102710071147,30345200
2026-06-11,79.18669891357422,79.21641500353428,78.77065098163338,78.82018283656681,55089500
2026-06-12,79.18669891357422,79.24613109349434,79.0480187887606,79.18669891357422,29873300
2026-06-15,79.28575134277344,79.41452357905338,79.27584346075201,79.38480749048875,32019600
2026-06-16,79.27584838867188,79.35509633477015,79.2065083252109,79.27584838867188,24471900
2026-06-17,78.97868347167969,79.31547592146276,78.95886770551571,79.23622797180776,47184800
2026-06-18,79.25603485107422,79.31546702790118,79.1668790283342,79.27584305751667,41111700
2026-06-22,79.18669891357422,79.22632288602097,79.11735885116741,79.18669891357422,26479500
2026-06-23,79.11735534667969,79.21641149465889,79.06782349394025,79.07773137598808,29811300
2026-06-24,79.09754180908203,79.23622193165652,79.08763392675532,79.1866976350227,38841000
2026-06-25,79.12725830078125,79.22632200955219,79.06782612151862,79.16688227278965,29322400
2026-06-26,79.07772827148438,79.19659262139307,79.05791250816668,79.06782038982553,27647500
2026-06-29,79.25603485107422,79.27584305751667,79.0975389695362,79.19659511674767,37325700
2026-06-30,79.21641540527344,79.29566335056883,79.16688355008881,79.24613149538419,38103900
2026-07-01,79.20545959472656,79.27512868060266,79.12585188271578,79.17560575365584,38152300
2026-07-02,79.32488250732422,79.40449781182396,79.28507485507436,79.34479012971582,26111800
2026-07-06,79.48411560058594,79.52392325407999,79.34479260962355,79.34479260962355,25159400
2026-07-07,79.37464904785156,79.49406441970606,79.33484139305546,79.46421057674243,28558300
2026-07-08,79.27513122558594,79.29503125609415,79.15570826493591,79.22536976051502,30771300
2026-07-09,79.36469268798828,79.47416183702957,79.28507738095215,79.34479265749603,21882200
2026-07-10,79.32488250732422,79.44430546407382,79.23532098416202,79.39454400062816,24550300
2026-07-13,79.13580322265625,79.3049876538946,79.07609553665085,79.28508003020357,32133300
2026-07-14,79.29502868652344,79.30498249772178,79.18555954094167,79.29502868652344,28248700
2026-07-15,79.42440032958984,79.45425417157907,79.3248849921146,79.3248849921146,26948800
2026-07-16,79.4144515991211,79.45425165882565,79.34479010583811,79.3746439468832,22780300
2026-07-17,79.26517486572266,79.45425172333948,79.24526724332088,79.36469020013152,42020100
2026-07-20,79.29502868652344,79.38459020970852,79.2850748753251,79.35473636864683,19767900
2026-07-21,79.26517486572266,79.35473638893063,79.21541340225156,79.3348363590622,27198800
2026-07-22,79.13580322265625,79.2651799990464,79.09600316034187,79.22537234419818,24851700
2026-07-23,78.84720611572266,78.98652910277286,78.76759081097015,78.89695998679295,52554200
2026-07-24,78.84720611572266,78.9268138279418,78.77754462219755,78.8671061456441,41964600
2026-07-27,78.88700866699219,79.01638543943434,78.85715482490049,78.95667016271734,28939800
2026-07-28,79.03628540039062,79.03628540039062,78.86710856699756,78.93677006266138,33698300
2026-07-29,78.8571548461914,79.09600076805668,78.75763950834767,78.9865316186685,53074500
2026-07-30,79.08604431152344,79.11589815262475,78.94672132469508,78.99647519568614,30570700
2026-07-31,79.09600067138672,79.15570835551327,78.85715474981335,79.07609304832214,38659800
2026-08-03,79.30999755859375,79.33000183105469,79.1500015258789,79.25,30860100
2026-08-04,79.55000305175781,79.5999984741211,79.37000274658203,79.37000274658203,46524700
2026-08-05,79.5199966430664,79.55999755859375,79.44000244140625,79.55000305175781,25771800
2026-08-06,79.45999908447266,79.51000213623047,79.41000366210938,79.51000213623047,25818200
2026-08-07,79.61000061035156,79.69000244140625,79.56999969482422,79.66999816894531,23459400
2026-08-10,79.4800033569336,79.56999969482422,79.41000366210938,79.56999969482422,30292400
2026-08-11,79.51000213623047,79.56999969482422,79.48999786376953,79.55000305175781,17987700
