Date,Close,High,Low,Open,Volume
2005-01-03,48.074981689453125,49.052879352842325,47.81922357414879,48.966374577247805,16062600
2005-01-04,47.04441452026367,48.20660724857983,46.96166884973113,48.168999232280775,27450000
2005-01-05,46.10415267944336,47.11966148737562,46.10415267944336,46.991783833285155,29884200
2005-01-06,46.34861755371094,46.788671081210396,46.05524566585042,46.38998753236138,23061200
2005-01-07,45.833335876464844,46.60061018043131,45.807007963219654,46.45392568241848,20906200
2005-01-10,46.29970169067383,46.71342713213035,45.8483653671806,45.88597624921731,23449000
2005-01-11,45.73554611206055,46.100377823531865,45.60390654336661,46.070287959393994,23233800
2005-01-12,45.923606872558594,46.07405333490462,45.23155716310552,45.8032502765873,24791200
2005-01-13,45.784427642822266,46.21319802094489,45.56628050461211,45.99505088273473,18940600
2005-01-14,46.22074508666992,46.29972884613003,45.82206433810137,45.919852114845476,13541000
2005-01-18,46.76984786987305,46.94286023388642,46.04394660916121,46.11164734895136,16787600
2005-01-19,46.10037612915039,46.920306244843374,46.10037612915039,46.74729383670065,20194800
2005-01-20,45.8258171081543,46.2508285875332,45.74683335957279,45.9386526744294,29061600
2005-01-21,45.72051239013672,46.254597566189545,45.56630682029365,45.90481070102344,22309800
2005-01-24,45.37071228027344,46.07404775660821,45.197699873857204,45.85590055609446,18547200
2005-01-25,45.48731994628906,45.961222477345984,45.30678359908079,45.570065652529195,22059200
2005-01-26,46.09284973144531,46.2244892799738,45.55500568786295,45.667838356804396,18351600
2005-01-27,46.2244987487793,46.536674648899144,45.94241271435167,46.02891749130739,20795400
2005-01-28,46.1869010925293,46.37495850272766,45.64905678458084,46.37495850272766,20704200
2005-01-31,46.728485107421875,46.82627572364569,46.31475955043566,46.45768208989573,21879000
2005-02-01,46.99177169799805,47.15350113433583,46.66078892436122,46.73225163585598,20250400
2005-02-02,47.34908676147461,47.38669766345357,46.984254986270194,47.059479659755986,17766800
2005-02-03,47.089569091796875,47.27762648093269,46.732261200250036,47.224970641536906,14914600
2005-02-04,47.68381881713867,47.78913046873645,47.03690110643541,47.093318882513444,19564000
2005-02-07,47.67253875732422,47.97343166849504,47.45815349071143,47.78537431639514,12354400
2005-02-08,47.78913116455078,47.93957761310696,47.61611875304574,47.65749159813687,10688000
2005-02-09,46.76984786987305,47.9546093814374,46.76984786987305,47.947088352361405,27444000
2005-02-10,46.85260009765625,47.10083713482053,46.5667521707926,46.91653889709786,20379000
2005-02-11,47.616119384765625,47.668775212029765,46.5479550379474,46.882696883924055,18049200
2005-02-14,47.57474136352539,47.76656063884976,47.285134345078596,47.54089242233541,8975000
2005-02-15,47.616119384765625,47.901967353861956,47.326512334812826,47.634926267157404,14451600
2005-02-16,47.7590446472168,48.06745857854842,47.37164410572102,47.54089743810904,18858800
2005-02-17,47.3377799987793,48.0185464520729,47.296407166526784,47.91699678078809,17347600
2005-02-18,47.22119903564453,47.5446578887315,47.01433481464917,47.28513784230591,15579400
2005-02-22,46.29970169067383,47.27759897126007,46.26209080863712,46.97670904544004,27227400
2005-02-23,46.57426452636719,46.85258848458832,46.38244530606049,46.442625010284644,17492200
2005-02-24,47.01057815551758,47.07451983890297,46.17560301610716,46.517868789453495,16971800
2005-02-25,47.79288864135742,47.80040967179395,46.93910964522237,46.93910964522237,23738200
2005-02-28,47.49576187133789,47.86811460530418,47.14597510017946,47.72895400861928,18075400
2005-03-01,47.860591888427734,47.98471041855381,47.49576019840535,47.63868560989375,19476800
2005-03-02,47.77408218383789,48.24046355226113,47.578503825959466,47.657487559113854,21102400
2005-03-03,47.81545639038086,48.12011122070411,47.495759498622014,47.99223074228427,17486400
2005-03-04,48.40219497680664,48.48494065850368,47.962138657738464,48.199089852985146,16204600
2005-03-07,48.281829833984375,48.6240955006782,48.2404569980208,48.48117011479432,13329800
2005-03-08,47.822975158691406,48.394668126291286,47.785364270084166,48.28559741018835,15237000
2005-03-09,47.28136444091797,47.81920841571751,47.28136444091797,47.71765873970432,22694800
2005-03-10,47.07826232910156,47.64995811025581,46.81122131575018,47.349065291803406,22922000
2005-03-11,47.04441452026367,47.42805014692849,46.79241842875214,47.221188840123794,15532600
2005-03-14,47.39797592163086,47.39797592163086,46.965446287703216,47.18735259592504,14980800
2005-03-15,47.07826232910156,47.69885197370553,46.97671265285166,47.589778398754696,18482400
2005-03-16,46.81499099731445,47.11964294590869,46.61940977215918,46.916540690336845,21527600
2005-03-17,46.81499099731445,47.104598015548504,46.57803693105045,46.83379500811939,19603400
2005-03-18,46.5629997253418,46.901500650396635,46.44264313943784,46.84884482340911,24139800
2005-03-21,46.61943054199219,46.73978716896771,46.318540409317556,46.66832730482896,16590200
2005-03-22,46.29970169067383,47.206139156248234,46.29970169067383,46.67581625009364,30865000
2005-03-23,45.96122741699219,46.27340338971158,45.8897675562639,46.26212040483492,21073800
2005-03-24,46.13047790527344,46.56495882782506,46.09647647915959,46.2060414340607,14170800
2005-03-28,46.14936447143555,46.474280403625386,46.07002493670829,46.28537592595472,12566800
2005-03-29,45.48819351196289,46.50449752362575,45.280397457698285,46.07757449139959,21808800
2005-03-30,46.15693664550781,46.18338316697488,45.54488775371154,45.54488775371154,19132800
2005-03-31,46.14936447143555,46.23248290280321,45.90378807397296,46.22492510952238,20469400
2005-04-01,45.9566764831543,46.63673368747358,45.64687328617624,46.36848970200689,23993200
2005-04-04,46.12669372558594,46.23625866793918,45.48819855456674,45.881120211899706,30577600
2005-04-05,46.20980453491211,46.33826105672518,45.99823247834128,46.14179881923533,17858000
2005-04-06,46.35336685180664,46.7009502879426,46.22491034913304,46.3306963616568,19717800
2005-04-07,46.53471374511719,46.66317024852735,46.05111889511988,46.16068380370562,14978600
2005-04-08,45.8282356262207,46.59140858412345,45.767784798984714,46.493177431092015,19497000
2005-04-11,45.601531982421875,45.89622533860885,45.484412148618176,45.84710833801781,19150600
2005-04-12,46.02846908569336,46.1342551397293,45.0726128199995,45.53353735794839,32519000
2005-04-13,45.20485305786133,46.017143085542706,45.12928951897569,45.94157954665707,25937800
2005-04-14,44.29810333251953,45.431530283458194,44.29810333251953,45.23507088024183,36952400
2005-04-15,43.689823150634766,44.56256083090142,43.44802567313705,44.320763353403706,51555800
2005-04-18,43.969390869140625,44.11296007019656,43.30444939960182,43.606694735996015,35293400
2005-04-19,44.694793701171875,44.709903520504305,44.18852827994142,44.245200191024004,32092800
2005-04-20,43.995849609375,44.808139401314946,43.89384246455158,44.73257876681267,31657400
2005-04-21,45.07261276245117,45.102835290384434,43.84473356940192,44.46056117315556,32386400
2005-04-22,44.343441009521484,45.00460672436102,43.85606707954531,44.932822095793234,30021000
2005-04-25,44.75146484375,44.82702835624726,44.39254752736115,44.51344626490349,19041800
2005-04-26,44.12052917480469,45.00837963997002,43.84473025263446,44.56634385570034,30991400
2005-04-27,44.10164260864258,44.42277965863439,43.53492915014395,43.92029303364339,30928600
2005-04-28,42.975765228271484,43.93917914021627,42.975765228271484,43.92784245120295,30459400
2005-04-29,43.538692474365234,43.61047708057067,42.68862253438548,43.44046424555586,57488600
2005-05-02,43.98452377319336,44.00719427361508,43.47448219174113,43.65960779753704,25063400
2005-05-03,44.203636169433594,44.31697997925942,43.69737368577128,43.96561762774273,25104800
2005-05-04,44.694793701171875,44.789245925491805,43.98829002557567,44.11674366707327,23520000
2005-05-05,44.68724822998047,45.01972199602451,44.377444964091936,44.73258634783755,38436800
2005-05-06,44.845924377441406,45.12928110994197,44.64191006660029,45.06883317255113,23372200
2005-05-09,45.27663803100586,45.337088866405885,44.607917238506346,44.83082609097583,19355600
2005-05-10,44.73636245727539,45.276626528523536,44.5927932009012,45.01594029383783,28207600
2005-05-11,44.759033203125,44.89882068995332,44.20743240271052,44.8648192631423,32094000
2005-05-12,44.052520751953125,45.01593467841246,43.96562631204862,44.88370212913165,30449600
2005-05-13,43.89384078979492,44.282983519295556,43.40646693322656,44.20364399135931,37347200
2005-05-16,44.57014083862305,44.581474650646555,43.788076101998875,43.83719024825233,31343600
2005-05-17,44.834590911865234,44.845924720059244,44.143199787492804,44.396333994458736,22691400
2005-05-18,45.733768463134766,45.76021497081649,45.0385985887888,45.049932394587664,36759800
2005-05-19,45.84712600708008,45.99447130073255,45.5977735418429,45.68089199107335,26642600
2005-05-20,45.790443420410156,45.88111964344678,45.476864183715804,45.828226621235515,23165000
2005-05-23,46.09270095825195,46.281605470375936,45.80556529273635,45.84712451599995,27477400
2005-05-24,45.903785705566406,46.18714240745262,45.81311236804978,45.926453319332204,21963200
2005-05-25,45.55998611450195,45.94157401316431,45.45042404060911,45.91890639545599,22453600
2005-05-26,46.1946907043457,46.24002880783983,45.748876108572425,45.748876108572425,20049800
2005-05-27,46.45159149169922,46.50070848119272,46.01711367125708,46.31935898624064,15095200
2005-05-31,46.35336685180664,46.62538967398353,46.1984638460021,46.48559936746133,19278200
2005-06-01,46.878543853759766,47.03722295023665,46.33449794303438,46.34961064971609,26634800
2005-06-02,47.00698471069336,47.105215836094416,46.731185815754415,46.878531062629364,14395000
2005-06-03,46.66318893432617,47.161896683394914,46.512064762572706,46.957879483895816,21798200
2005-06-06,46.83696365356445,46.89363555762503,46.48938020292364,46.64428033273959,16974800
2005-06-07,46.931427001953125,47.50947421913252,46.82564095991421,46.9994327264715,25201400
2005-06-08,46.63296127319336,47.127890101410486,46.564955543308635,47.029661844596525,18085800
2005-06-09,47.09010314941406,47.16566377977679,46.364710721099996,46.59895040469644,21813800
2005-06-10,47.18833923339844,47.263899871701085,46.90876141273435,47.18833923339844,19949900
2005-06-13,47.39990234375,47.467908058315906,46.946532834946,47.0523188615034,21416100
2005-06-14,47.80793380737305,47.80793380737305,47.203440203854406,47.37723193471271,14950400
2005-06-15,47.9363899230957,47.96661532545238,47.33189628822718,47.92883501373304,20371900
2005-06-16,48.40488052368164,48.46533133887775,47.85328268851148,47.966623643323906,21612000
2005-06-17,48.37466049194336,48.85070350838144,48.26887731850155,48.601348191666986,20964800
2005-06-20,48.227725982666016,48.47765119946269,48.1368453988498,48.25802047361864,17148400
2005-06-21,48.364051818847656,48.46250747708032,48.11412658388209,48.35647675103798,13798200
2005-06-22,48.4776496887207,48.63669142770317,48.08382998573442,48.44735519871216,15672300
2005-06-23,47.621864318847656,48.5533985160111,47.621864318847656,48.401928906682514,19600900
2005-06-24,47.11442947387695,47.7278799342096,47.00840164126084,47.667290950405096,25158200
2005-06-27,47.23560333251953,47.40222014463704,47.03111985102306,47.167442172020706,19839000
2005-06-28,47.97023010253906,48.36404983023494,47.500677034111646,47.53854370447742,18261700
2005-06-29,48.34890365600586,48.51551758711684,48.18986190351917,48.36405090229628,17068800
2005-06-30,48.24287796020508,48.68971163393966,48.015675033857754,48.52309480639871,28369700
2005-07-01,48.45494079589844,48.50795761261676,48.04597373464776,48.2428850851947,14988200
2005-07-05,49.219844818115234,49.26528944249045,48.28831091158814,48.32618046888695,27172600
2005-07-06,48.77299499511719,49.33342839963389,48.75784486689513,49.23497567851422,21094100
2005-07-07,48.90932083129883,48.992629208362644,48.0686677740777,48.235281639164654,32447900
2005-07-08,49.962066650390625,49.99993044572347,48.886637791098536,48.95479608954906,24967200
2005-07-11,50.575504302978516,50.73454607887716,49.969631696424344,49.9923511246835,35662900
2005-07-12,50.41646194458008,50.84814841077007,50.2347007425223,50.49977036595748,24254400
2005-07-13,50.30284881591797,50.6057879432459,50.09836822736949,50.47704069200859,16978500
2005-07-14,49.939353942871094,50.795152103373994,49.81817591408142,50.6664047813498,26043100
2005-07-15,49.984771728515625,50.13623842251995,49.545510226585485,49.946902165972546,15694300
2005-07-18,49.696990966796875,50.04536904343392,49.507654678749454,49.91662175430207,14741300
2005-07-19,50.393741607666016,50.47705002754084,49.7954383095124,49.90146615697412,14000400
2005-07-20,51.00718307495117,51.1586555372893,50.12866590572454,50.174104755384164,23859900
2005-07-21,50.21199417114258,51.0829366171338,50.151405162248224,51.0829366171338,41935700
2005-07-22,50.984458923339844,51.06019225844584,50.21953894917819,50.3255667739432,27929800
2005-07-25,50.65122985839844,51.257108149757585,50.446749257462805,50.96931913930798,22514700
2005-07-26,50.80270004272461,51.02233076904386,50.43159686131449,50.67395278945988,21896800
2005-07-27,50.94659423828125,50.9844637984969,50.32557158609668,50.931449881045175,24091600
2005-07-28,51.469154357910156,51.49944884471813,50.7572483631291,51.02232367817825,21416900
2005-07-29,51.416141510009766,51.6963611851959,51.07533863804184,51.49944990592773,24809900
2005-08-01,51.3934326171875,51.68879670755539,51.287404778495635,51.454021604463954,19025900
2005-08-02,51.77965545654297,51.89325253082323,51.49943585779577,51.52215527265182,16505300
2005-08-03,51.52219009399414,51.73424581341023,51.40101787350708,51.61307359292318,16877600
2005-08-04,50.6588134765625,51.34800029376139,50.57550505298715,51.16623330882358,19246400
2005-08-05,49.962066650390625,50.60580895190571,49.72729147383569,50.56037008627202,33135200
2005-08-08,49.7878532409668,50.26498423679617,49.62123643468245,50.11351178649987,20272000
2005-08-09,49.86359786987305,50.0377897826429,49.56823374750699,49.90146743554438,21193800
2005-08-10,49.79544448852539,50.43918672173342,49.128982824911255,50.015075279259435,27119700
2005-08-11,50.22710418701172,50.287693154472905,49.64395126492322,49.65909561774753,22973700
2005-08-12,49.62123489379883,50.03777689657484,49.32587084749692,50.01505747425669,25523100
2005-08-15,50.15137481689453,50.35585537557947,49.416749418290365,49.719688501375295,23665800
2005-08-16,49.27285385131836,50.04534883027105,49.27285385131836,50.03777376394491,18698200
2005-08-17,49.21228790283203,49.67426310515189,49.10625427135139,49.22743226270946,21158800
2005-08-18,49.05324172973633,49.34103657829569,48.826041656651626,49.05324172973633,23307000
2005-08-19,49.31073760986328,49.348607174320485,49.00779842845858,49.26529875498208,20511600
2005-08-22,49.5909538269043,49.636392678544716,49.12897290828047,49.40918686417487,22168900
2005-08-23,49.583377838134766,49.70455003295358,49.12139692809028,49.61367233136041,20650300
2005-08-24,49.386474609375,50.00749737699798,49.15927454009911,49.409194038494114,28753000
2005-08-25,49.65913009643555,49.742438540015826,49.36376589759125,49.48493813856241,13910500
2005-08-26,48.8487548828125,49.659113841217966,48.80331602958284,49.651538772985,19853300
2005-08-29,49.50763702392578,49.50763702392578,48.62153912050897,48.79573098575175,23967300
2005-08-30,49.28800964355469,49.431901251778186,49.00021487094109,49.318304134255236,21959000
2005-08-31,50.386165618896484,50.386165618896484,49.16683961727115,49.341031522396584,25306700
2005-09-01,50.386165618896484,50.65123523270977,50.14381543225517,50.30285720054314,21105000
2005-09-02,50.11351776123047,50.59064881394528,49.909037151555445,50.56035432027419,21928100
2005-09-06,50.86328887939453,50.886008303072394,50.18924656781242,50.26498568418307,26684300
2005-09-07,51.01477813720703,51.09808657962382,50.651249863198686,50.84058618176668,14230200
2005-09-08,50.726966857910156,50.96931700870646,50.54519991125041,50.88600860267491,13027800
2005-09-09,51.0374870300293,51.18138445140893,50.779992463439115,50.908739746734206,23016100
2005-09-12,51.26469421386719,51.56005835528864,50.954179933966,51.067782860224604,17628700
2005-09-13,50.87085723876953,51.158652008317816,50.67395171843813,51.158652008317816,23028900
2005-09-14,50.28772735595703,50.96933925826556,50.174124409224625,50.89360010838669,21257200
2005-09-15,50.11351776123047,50.46947083926093,50.03020934815594,50.35586793251532,23098600
2005-09-16,50.69668197631836,50.757265191938416,50.24227030161896,50.41646221399832,24336600
2005-09-19,50.4543342590332,50.726978966017484,50.21198405038993,50.636095470994476,24514400
2005-09-20,49.72726821899414,50.68151861956253,49.65152910757634,50.560346441843365,29350200
2005-09-21,48.92449188232422,49.68941204458913,48.92449188232422,49.62882305037152,28527200
2005-09-22,49.174407958984375,49.31830534883498,48.545810262154646,48.977496653623035,34380600
2005-09-23,49.51472091674805,49.605882353974685,48.800637481194634,49.081714232493525,27178400
2005-09-26,49.849002838134766,50.02372178350163,49.522348075319734,49.849002838134766,22874700
2005-09-27,49.68185806274414,50.02370338368637,49.34760518306254,49.77301372392517,27076800
2005-09-28,49.613487243652344,49.864176912117344,49.18048045073866,49.81100084266327,21575500
2005-09-29,50.160465240478516,50.25162673843355,49.23367696309318,49.56792999316902,24484600
2005-09-30,50.43391799926758,50.471903386151915,49.978122335437114,50.16803767834617,29016300
2005-10-03,50.73779296875,50.942899026399054,50.47191259929478,50.509892197355605,26406700
2005-10-04,49.97053146362305,50.97328439013947,49.924953629249586,50.806157936427205,17037600
2005-10-05,48.69431686401367,49.96295059157571,48.65633725408762,49.96295059157571,45606700
2005-10-06,48.261295318603516,49.020956836719755,47.75232349244742,48.68670391410623,59096500
2005-10-07,48.69431686401367,48.81586552559908,48.31448599019802,48.618351848402376,24054600
2005-10-10,48.14735412597656,48.83104784296248,48.08657980559785,48.80825892176001,16625700
2005-10-11,47.47884750366211,48.54997018742957,47.47884750366211,48.382843716895444,34321100
2005-10-12,46.810340881347656,47.70674168437966,46.529266937376875,47.433263080352454,63535700
2005-10-13,47.000247955322266,47.205356872115914,46.37732586633925,46.82552618869319,48558500
2005-10-14,47.790313720703125,47.87387696487608,46.58245159556489,47.47885256379976,52777600
2005-10-17,47.87388229370117,48.109378471867124,47.2737488350031,47.7523365335238,32203400
2005-10-18,47.228153228759766,47.881462570866184,47.17497715653051,47.78270866408533,32724600
2005-10-19,48.2461051940918,48.2461051940918,46.62802813115023,47.03064783725134,42623200
2005-10-20,47.34971237182617,48.352465525118795,47.00786404732204,48.16255011126975,47278000
2005-10-21,47.87388229370117,48.15495632075895,47.50164677310074,47.57761468438629,41173200
2005-10-24,48.92218017578125,48.92218017578125,47.7978791016645,47.97260371971312,30567800
2005-10-25,48.50437545776367,48.922191513564975,48.063773386934166,48.77785400415069,31535500
2005-10-26,48.25371551513672,49.06655047152727,48.09418724045856,48.38285662381532,34786100
2005-10-27,47.24336624145508,48.10938312662359,47.05345079168546,48.06380237544215,27349900
2005-10-28,47.90424728393555,48.06377547697233,47.114198759546476,47.433255145620045,38437300
2005-10-31,48.45121383666992,49.03615648913458,48.17013986816575,48.20052702634969,35208700
2005-11-01,48.69431686401367,48.89942878149926,48.31448599019802,48.65633725408762,30221400
2005-11-02,49.674278259277344,49.674278259277344,48.50439854201958,48.55757462936044,33256200
2005-11-03,49.849002838134766,50.25922085160658,49.58311660654018,49.962947456522365,43129900
2005-11-04,49.74264144897461,49.96293820088653,49.332423511495676,49.81860644574676,26502300
2005-11-07,49.92495346069336,50.17564314041538,49.575509874909855,49.93255169831568,20776800
2005-11-08,49.74264144897461,49.811008207342226,49.42357918931916,49.70465605270966,21210800
2005-11-09,49.90977478027344,50.21364064017765,49.46157712862811,49.69707041706825,29761700
2005-11-10,50.17564010620117,50.32757007491707,49.1804796851146,49.86417613584974,34586100
2005-11-11,50.46430206298828,50.50987988785668,50.09966207677323,50.175632845895166,19662800
2005-11-14,50.28199005126953,50.55546861964053,49.94773717975909,50.5250814680708,24330700
2005-11-15,49.5527229309082,50.31997688435539,49.49194861902406,50.20602649851196,35159500
2005-11-16,49.56790542602539,49.75782077248526,49.05893368849449,49.62867972787409,28408200
2005-11-17,50.42633056640625,50.44912528087433,49.69705618888173,49.70465442703776,22203100
2005-11-18,50.81376647949219,50.95810404529047,50.41874497804207,50.61625283088796,28896800
2005-11-21,51.330345153808594,51.42150665194802,50.532697983426715,50.904936420676556,30758600
2005-11-22,51.603816986083984,51.74055631721899,51.11763398555031,51.24677507724489,21208700
2005-11-23,51.664588928222656,51.92287109970435,51.48226596460918,51.50506068187956,21290900
2005-11-25,51.6265869140625,51.75572795824318,51.482249396592096,51.65697406488555,5901000
2005-11-28,50.94291305541992,51.770947343475974,50.75299762554346,51.74815841921223,24596300
2005-11-29,51.01886749267578,51.33032568393557,50.783368494081486,50.97328386301654,23177100
2005-11-30,51.239166259765625,51.489855947719406,50.95049697396746,50.996074809683655,38323000
2005-12-01,52.074790954589844,52.3026858956755,51.22396810556985,51.49744667147783,37384100
2005-12-02,52.27991485595703,52.27991485595704,51.74815401585515,52.112788364565446,23767700
2005-12-05,51.90769958496094,52.23435443735934,51.596235420593906,52.1963690236403,25918100
2005-12-06,52.067203521728516,52.47742145571037,51.922865972061466,52.12037959859148,26482100
2005-12-07,51.74814987182617,52.08999527083667,51.46707299556203,51.9760448725805,23412400
2005-12-08,51.884891510009766,52.27231476733863,51.42908989660924,51.84690611030696,33286000
2005-12-09,52.143165588378906,52.234327056061424,51.596208373798575,51.96084844877125,22101700
2005-12-12,52.30268096923828,52.39384241453986,51.8696742466287,52.32546988162469,24178300
2005-12-13,52.31029510498047,52.43943617825979,51.89247893171476,52.16595755498728,24765500
2005-12-14,52.249534606933594,52.538209783259596,51.97605591134015,52.23434392196029,26972600
2005-12-15,51.71774673461914,52.2798945177165,51.45186641800256,52.2798945177165,31912800
2005-12-16,51.535438537597656,52.074803356863534,51.51264961763727,51.99124011983687,21479900
2005-12-19,50.8973274230957,51.63420010564689,50.75298986382046,51.59621470717717,22938900
2005-12-20,50.88212966918945,51.29994001549563,50.547876755538695,50.83654603820972,28762600
2005-12-21,51.49746322631836,51.641800792435546,50.95810415787829,50.99608376239025,30167400
2005-12-22,51.833763122558594,51.864267726691196,51.39145508987341,51.66599070890847,20624100
2005-12-23,51.95574951171875,52.06251266324673,51.826109373171256,51.932872524699235,15255300
2005-12-27,51.17791748046875,52.184545923943055,51.14741288301109,52.12353672902775,26201500
2005-12-28,51.482975006103516,51.620242831895546,51.06354392225036,51.353328968629526,20488800
2005-12-29,51.208431243896484,51.6431116536981,51.208431243896484,51.47533924672939,20883600
2005-12-30,50.88051986694336,51.08641868753998,50.68224283433118,50.91102447335744,33860500
2006-01-03,51.89478302001953,51.97104163697948,50.369587408182475,51.25419783760501,40428100
2006-01-04,52.17691421508789,52.35231418213076,51.76511090904326,51.94051087608613,29795200
2006-01-05,52.459083557128906,52.45908355712891,52.04728020240355,52.184547987312,23712300
2006-01-06,53.08443069458008,53.11493530324855,52.37521454297584,52.710759420169865,26874100
2006-01-09,53.435203552246094,53.67160690198637,53.053904823938886,53.084409420382286,22285700
2006-01-10,53.91564178466797,53.91564178466797,53.13779488222196,53.17592708509445,27130700
2006-01-11,53.82414245605469,53.9385332648968,53.41233903511804,53.92327805403347,29588700
2006-01-12,53.63349914550781,53.946161185857186,53.419972714408935,53.72500714845939,24564000
2006-01-13,53.6563606262207,53.740246816768284,53.39707445048531,53.58772382570123,20630300
2006-01-17,53.40470886230469,53.41996407243464,53.03103766833203,53.366582473295686,26979900
2006-01-18,53.290321350097656,53.38183516205531,52.84801913769808,52.9166501330476,30545300
2006-01-19,54.14442825317383,54.274068445591155,53.336076679091875,53.419962878457866,26801500
2006-01-20,53.526737213134766,54.235953343805726,53.25220156138091,54.16731652178775,43301200
2006-01-23,53.69448471069336,53.80886966400379,53.37418938695519,53.572466336287135,30482700
2006-01-24,54.296958923339844,54.472358970515856,53.717388806930536,53.72501059555961,36770600
2006-01-25,54.434234619140625,54.6020070837673,53.96904944655215,54.44186222703095,32586600
2006-01-26,55.219703674316406,55.250202463123564,54.45710595464232,54.61725077759482,38990300
2006-01-27,55.49422073364258,55.85264251033598,55.105300175158604,55.31882655663785,29044200
2006-01-30,55.334075927734375,55.65437131799619,55.26544494149383,55.440839118435804,28170300
2006-01-31,55.173919677734375,55.63910454834559,55.00614732201802,55.27306106147021,38124600
2006-02-01,55.74585723876953,55.829743400860316,55.26542307074027,55.35693101618095,35011400
2006-02-02,54.90701675415039,55.73824518729654,54.647736412193304,55.669614209069145,46751000
2006-02-03,54.7392578125,55.28070144014739,54.53335900914721,54.762134810854945,42793600
2006-02-06,55.22731399536133,55.25019099129608,54.5409750265303,54.830765823457654,24741300
2006-02-07,54.3350715637207,55.35694941515103,54.25881297778902,55.11291844927534,41861300
2006-02-08,54.678253173828125,54.78501638717811,54.052923287853005,54.479981959411724,36002600
2006-02-09,54.396087646484375,55.16630702551146,54.32745083774616,54.73925423570176,33152400
2006-02-10,54.28172302246094,54.47237251245017,53.66402053670725,54.28172302246094,31342400
2006-02-13,53.92327117919922,54.258815957514294,53.64873560024278,54.17492976293553,29784500
2006-02-14,54.54860305786133,54.73925244968562,53.618233094853544,53.99191009190271,46124800
2006-02-15,55.029052734375,55.029052734375,54.281704429612084,54.53336306655703,40853100
2006-02-16,55.5171012878418,55.53997828233247,54.998534746143065,55.18918412444175,30261700
2006-02-17,55.40269470214844,55.59334402609378,55.13578681225608,55.53996244811531,17558400
2006-02-21,55.1586799621582,55.616237310063866,54.792630592939275,55.47896952387643,21177400
2006-02-22,55.532344818115234,55.67724019214262,54.89176576734367,55.265436880293755,28699200
2006-02-23,55.49422073364258,55.87551950575768,55.19680815684541,55.47897134274729,38795900
2006-02-24,55.93653106689453,55.93653106689453,55.25019208448351,55.4332196918983,22995700
2006-02-27,56.08907699584961,56.34072987711564,55.9136769215998,55.98231375697065,20584000
2006-02-28,55.34933853149414,56.028049970839916,55.24257532652907,55.95941315727191,36395700
2006-03-01,56.35594177246094,56.35594177246094,55.37981815696122,55.49420309771846,26244900
2006-03-02,56.11955261230469,56.3483342115002,55.73825382575067,56.17294002785369,36546000
2006-03-03,55.837398529052734,56.53898694135766,55.78401692851123,55.82977092378735,38377600
2006-03-06,55.40269470214844,56.02039664992155,55.24254996821302,55.97464267398447,29340300
2006-03-07,54.60198211669922,55.21206246944075,54.47996953704538,55.17393026558536,38899700
2006-03-08,54.79265213012695,54.90704296660597,54.05293131481019,54.487611838902765,51662600
2006-03-09,54.31220626831055,55.20444413402447,54.31220626831054,54.80789591087109,31106800
2006-03-10,55.151065826416016,55.173942826674526,54.12918769381072,54.44947733374742,40266300
2006-03-13,55.26546859741211,55.730653763797285,55.05956391423965,55.36460422602403,35127000
2006-03-14,55.87554168701172,55.87554168701172,54.91467258891303,55.12057144760279,37978800
2006-03-15,56.38646697998047,56.39408876671401,55.70012799370416,55.898404993774605,31951400
2006-03-16,56.25681686401367,56.813515617299956,56.25681686401367,56.58473403251767,32559900
2006-03-17,56.4856071472168,56.66100716498134,56.203443924954975,56.531361143956126,31551600
2006-03-20,56.45509719848633,56.68387879683976,56.21106620871628,56.57711560245022,25640700
2006-03-21,55.66963195800781,56.889787111263914,55.66963195800781,56.43222965606271,44425900
2006-03-22,56.53135681152344,56.59999361953054,55.58573743637837,55.66199603115239,36219500
2006-03-23,56.775390625,56.775390625,56.24157461691625,56.455101020149755,25409600
2006-03-24,57.248531341552734,57.279105355165626,56.63706273208854,56.77464287764814,27560100
2006-03-27,57.25617218017578,57.27910123088528,56.88164491393265,57.179734235948914,23334000
2006-03-28,56.95806884765625,57.55425323747387,56.8128496035506,57.17972602501237,27179200
2006-03-29,58.012840270996094,58.05869835681131,57.06506956531685,57.06506956531685,33875700
2006-03-30,57.8599739074707,58.272714199967474,57.53131066518965,58.089276013767176,29733500
2006-03-31,58.06635284423828,58.0892818909088,57.577180410615945,58.035778838212465,24722400
2006-04-03,57.5848274230957,58.40266907562571,57.554259244279876,58.18101187513574,35542000
2006-04-04,57.844703674316406,58.08164496454247,57.37846022288073,57.538969403168984,30181200
2006-04-05,58.14279556274414,58.24215672692873,57.53132699334054,57.959357324481644,27471100
2006-04-06,58.265098571777344,58.265098571777344,57.74535197509427,58.043441334665744,25663700
2006-04-07,57.332603454589844,58.61668275811129,57.217952371322575,58.37209650179274,51457700
2006-04-10,57.27146530151367,57.67656081165274,56.95044687816543,57.34789742639697,39109200
2006-04-11,56.25486755371094,57.37079223887825,56.14021651911697,57.32493415759821,49801100
2006-04-12,56.843421936035156,56.8663509827766,56.216669389055376,56.27017244191723,40981200
2006-04-13,56.98863220214844,57.27143734068372,56.377169670210506,56.7134720217883,35415700
2006-04-17,57.026851654052734,57.27143783521879,56.48417624682163,57.0421357391405,38356100
2006-04-18,58.624298095703125,58.624298095703125,57.172071068332045,57.17971019442569,58648200
2006-04-19,59.05234909057617,59.113491277879355,58.295655479814585,58.616679662287396,44101500
2006-04-20,58.73896789550781,59.10585016398506,58.26508534499467,59.10585016398506,44622400
2006-04-21,58.60904312133789,59.121144730866476,58.28802472414655,59.059996703383305,40075800
2006-04-24,58.14279556274414,58.57846502324035,57.8829252111553,58.502032909914014,39232800
2006-04-25,58.18100357055664,58.24979071016807,57.691831139779744,58.16571365193498,42940300
2006-04-26,58.13513946533203,58.662530859627964,57.92112725645697,58.13513946533203,31348600
2006-04-27,57.65360641479492,58.601377175814655,57.240866124174694,57.722393547534246,91908800
2006-04-28,58.24215316772461,58.356804246405964,57.401388309721526,57.5083944281185,37918800
2006-05-01,57.523677825927734,58.57845480112084,57.52367782592773,58.31093953546267,44216700
2006-05-02,58.31093215942383,58.333861203380486,57.638321600651494,57.86761787161277,36131800
2006-05-03,58.21160888671875,58.479124292533015,57.852371414025946,58.272751099905946,35151900
2006-05-04,58.922401428222656,58.922401428222656,58.280364798690464,58.280364798690464,30351900
2006-05-05,59.251075744628906,59.63324214240008,59.09821151807901,59.251075744628906,37838800
2006-05-08,59.335140228271484,59.47272033553172,59.10584393710124,59.2510631720905,24715000
2006-05-09,59.251075744628906,59.45744886500735,59.12114056892185,59.289294716964605,21579600
2006-05-10,58.891849517822266,59.20522295981067,58.647263234539736,59.14407493114079,26824100
2006-05-11,57.56187057495117,58.97589016525302,57.50072841545069,58.94531616980609,46910800
2006-05-12,56.178470611572266,57.21031890550532,56.178470611572266,57.179744888397984,62645500
2006-05-15,55.92621994018555,56.33896028083655,55.299467385433026,55.75042669205736,61905600
2006-05-16,56.017940521240234,56.46125485700727,55.750425260482665,56.1478756719803,35594500
2006-05-17,54.99373245239258,55.90329018215129,54.91730035281349,55.37589878168341,76491400
2006-05-18,54.47397994995117,55.689271774195426,54.366973856167995,55.35296357579417,54127300
2006-05-19,54.95551300048828,55.16952518726455,53.95423336750684,54.56570175663452,79031200
2006-05-22,54.34406280517578,54.779732283083476,53.57208501751594,54.45106893438843,89895900
2006-05-23,53.64085388183594,55.33002796923539,53.57970588367089,54.9402167701758,73644800
2006-05-24,54.05359649658203,54.550413798555375,52.823020678581095,53.877797451984335,124700200
2006-05-25,55.19246292114258,55.24596597626043,54.29819507214596,54.64978741026269,63332000
2006-05-26,55.5211181640625,55.5899111286118,55.047229864995,55.52876312265571,37483000
2006-05-30,53.99246597290039,55.29947429934172,53.931317952256116,55.268900289019584,46837100
2006-05-31,54.93260955810547,54.93260955810547,54.015406546945265,54.12241269020434,58723800
2006-06-01,56.002655029296875,56.056158085677424,54.76443977266246,54.94023303017179,49499200
2006-06-02,55.96443176269531,56.43831422446224,55.55169147472769,56.361882133667066,49690000
2006-06-05,54.336429595947266,55.91095952463642,54.160636273390374,55.84216652303741,66165900
2006-06-06,54.107112884521484,54.389918084662476,53.35806426783775,54.29819606076373,94747900
2006-06-07,53.57971954345703,54.894372682197094,53.510932401530084,54.130040004454784,81935900
2006-06-08,53.625579833984375,53.82430211812042,51.974618562916184,53.33512970403988,140237700
2006-06-09,53.151695251464844,54.34405236587049,53.05997323058919,53.923672890830446,63028400
2006-06-12,51.928775787353516,53.31221638226567,51.844698707192315,53.273997407138985,108263800
2006-06-13,50.94276428222656,52.6242935153865,50.904545323175206,51.70709681209824,139584200
2006-06-14,51.55422592163086,51.73002496629482,50.86633132167931,51.02684045042763,106669400
2006-06-15,53.319847106933594,53.48035626309462,51.90583287574757,52.00519402059145,96971100
2006-06-16,52.624305725097656,53.27398735994661,52.410293500102306,53.19755525550481,66852400
2006-06-19,51.592464447021484,52.83068569305276,51.54660634467103,52.815395771338245,71705700
2006-06-20,51.53130340576172,52.226848883158546,51.44722635176001,51.6383095051466,61105000
2006-06-21,52.43321990966797,52.784812237523475,51.40137197314053,51.49309399269237,81035400
2006-06-22,52.23802185058594,52.521260598619236,51.94713226312085,52.352848685752704,50947100
2006-06-23,52.5518684387207,52.85807130974834,51.83994924572339,52.230358052291976,42901800
2006-06-26,53.20253372192383,53.20253372192383,52.781504140509355,52.83508919265913,39933200
2006-06-27,52.283939361572266,53.45515985682492,52.06959327901384,53.23316293728244,61567100
2006-06-28,52.513572692871094,52.513572692871094,51.67151946958135,52.322196694835604,46405900
2006-06-29,54.542179107666016,54.542179107666016,52.674346824405355,52.674346824405355,96533200
2006-06-30,54.909629821777344,55.039764160133885,54.006334451437404,54.70294037583721,61004300
2006-07-03,55.598548889160156,55.598548889160156,54.93256420121493,55.116283510958624,22967800
2006-07-05,54.78715133666992,55.0780409149751,54.343157369518394,54.99383496119342,38621400
2006-07-06,54.77183532714844,55.269408452842654,54.47328911559817,54.894312978903606,33830700
2006-07-07,53.96038818359375,54.840719161445094,53.853218065281425,54.69527149787832,45330300
2006-07-10,53.96805953979492,54.53453115357131,53.723098368405,54.09054304565739,40166800
2006-07-11,54.442665100097656,54.442665100097656,53.279095353746854,53.669504161829536,63444700
2006-07-12,53.31735610961914,54.41202709077615,53.27142189703758,54.182373548864874,50664800
2006-07-13,52.107879638671875,53.3479987588668,52.06960208594315,52.95758991430523,80467000
2006-07-14,51.694522857666016,52.2150662006922,51.250528803839124,52.11555270876675,79083700
2006-07-17,51.625606536865234,52.20738553982686,51.311747002872444,51.74808417526052,67427500
2006-07-18,51.97776412963867,52.24568957477531,50.99791916437514,51.91652235922553,74235300
2006-07-19,53.20253372192383,53.58528576308875,51.88586576586328,51.93179414189662,97816700
2006-07-20,51.83993911743164,53.86852617127631,51.763389874714136,53.61590841400896,73657100
2006-07-21,51.09741973876953,51.78637488084245,50.791216804477656,51.78637488084245,103313800
2006-07-24,52.727928161621094,52.75089819392304,51.48015839523079,51.48781507266477,72230300
2006-07-25,52.858055114746094,53.41686978084924,52.35281965629779,52.59012403447867,87433100
2006-07-26,52.74323654174805,53.279087104911994,52.14614424555589,52.76620073155034,59831300
2006-07-27,52.23802185058594,53.50110535674948,52.031338219554115,53.13366649261836,59015800
2006-07-28,53.33268737792969,53.355651574284046,52.42174116064288,52.62842476816692,62209800
2006-07-31,53.340362548828125,53.45518941074282,52.865747578404566,53.14898639241591,37902900
2006-08-01,52.50596618652344,52.99589458272083,52.192112286833954,52.9499603278769,45003700
2006-08-02,53.20253372192383,53.370945554489616,52.74323244059246,52.82743835687535,50137500
2006-08-03,53.84557342529297,53.84557342529297,52.46766909310517,52.651388502663266,49316900
2006-08-04,53.294429779052734,54.58812851910548,52.796850645031064,54.450337464150806,76609200
2006-08-07,53.08771896362305,53.18723825467573,52.620760900429055,53.10303231932376,45882400
2006-08-08,52.352840423583984,53.55468198260948,52.1920852158546,53.14896562400657,76243800
2006-08-09,51.82463455200195,53.03413264915111,51.74808529630486,52.81213571939585,58126400
2006-08-10,52.283939361572266,52.52124379541642,51.31174575390922,51.52608599613408,54415200
2006-08-11,51.748104095458984,52.10789215230708,51.46487116245293,52.10023547185568,42757200
2006-08-14,52.054317474365234,52.6820310691191,51.80935621398171,52.123210091190074,45029900
2006-08-15,53.14130401611328,53.164268209325265,52.58248918017497,52.819793630477484,48780200
2006-08-16,53.90680694580078,53.983356201402685,53.194887772068746,53.48578311982337,46160700
2006-08-17,53.99102020263672,54.427357443121466,53.68481729836058,53.75371572598166,44642200
2006-08-18,54.30490493774414,54.30490493774414,53.59298533770807,54.197734747660206,36413600
2006-08-21,53.72309112548828,53.9603955856848,53.470473308955995,53.952744747851135,25383500
2006-08-22,53.89915466308594,54.059909847639204,53.56233093906938,53.661844384649875,22657900
2006-08-23,53.279117584228516,54.197726584159625,52.97291458425148,53.968072874092734,37109000
2006-08-24,53.187225341796875,53.48577146180544,52.75088825560493,53.37094468326386,32255600
2006-08-25,53.279117584228516,53.65421319302375,52.99588462752733,53.110705642224325,22449400
2006-08-28,53.84557342529297,53.9450927290686,53.217860088995984,53.23317344665441,26650300
2006-08-29,54.542179107666016,54.542179107666016,53.4934361577422,53.97570758450801,53031100
2006-08-30,54.96323776245117,55.116336360651445,54.38145257668322,54.588136268287315,43890900
2006-08-31,54.940269470214844,55.300057611841495,54.787170867127365,55.08571723138409,33830000
2006-09-01,54.978538513183594,55.26942815006352,54.70295639810306,55.1775713385943,24118200
2006-09-05,55.47610092163086,55.51437263475252,54.886659304277515,55.0627278737081,38075100
2006-09-06,54.29720687866211,55.062710990392674,54.228308471633255,55.05505431398216,39718500
2006-09-07,53.814937591552734,54.442650685243045,53.63121241266839,53.991000254234635,44611800
2006-09-08,54.021644592285156,54.10585054244874,53.715441668084395,53.99102371583158,27806500
2006-09-11,53.952754974365234,54.228331196967034,53.31738489368599,53.68482375071195,49544600
2006-09-12,55.22348403930664,55.338310861323976,54.02929910712987,54.0752274998029,43200800
2006-09-13,55.69044494628906,55.789958415493764,55.11631664787371,55.23880015489648,35612000
2006-09-14,55.49140167236328,55.56795092960709,55.1239629014594,55.4760941570481,33680200
2006-09-15,55.62154769897461,55.897123886043246,55.24644637036021,55.88181636911399,40826200
2006-09-18,55.60625076293945,55.93541795730417,55.22349848299613,55.384253739731975,37907200
2006-09-19,55.36126708984375,55.68277747295138,54.46562851961509,55.659813279919966,64200600
2006-09-20,56.10380554199219,56.264560728949135,55.67512504344033,55.72105342818981,54786800
2006-09-21,55.49907302856445,56.31816256240709,55.18521339842118,56.149750647728794,68561500
2006-09-22,54.76419448852539,55.25411691791744,54.39674974631333,55.23880939714596,59289900
2006-09-25,55.414852142333984,55.6138848824553,54.43500763763508,54.947894083011235,61688400
2006-09-26,55.59224319458008,55.868707369875025,55.26202242181275,55.40025450946023,42739700
2006-09-27,55.99924850463867,56.05300509273716,55.446320250466435,55.45400143706013,49884200
2006-09-28,55.77655029296875,56.275722042517245,55.48472960292377,56.04533913743847,35641100
2006-09-29,55.292762756347656,56.05303660371849,55.239006138029154,55.838010130444474,33558300
2006-10-02,54.77055358886719,55.454033110367185,54.632321446371,55.26972554004962,42184900
2006-10-03,54.69376754760742,55.16222066491471,54.27907105725182,54.716805265010585,45911000
2006-10-04,56.022308349609375,56.022308349609375,54.593911748064514,54.670711926301266,51122100
2006-10-05,56.73649215698242,56.75185453231783,55.94549973906412,55.960862114399525,48038000
2006-10-06,56.444679260253906,56.721143464128595,56.06070185032021,56.52915475916175,34893700
2006-10-09,56.8747673034668,56.93620513326806,56.10681200805284,56.3372009402906,25997000
2006-10-10,56.90546417236328,57.105134112345375,56.55220557641445,56.90546417236328,32950800
2006-10-11,56.682762145996094,57.051383159548465,56.14519593772415,56.65972443121762,52430000
2006-10-12,57.826988220214844,57.89610132725531,56.89008259791686,56.89008259791686,40618400
2006-10-13,58.28779220581055,58.29547339720047,57.69646350846544,57.8270203259648,45517000
2006-10-16,58.63337707519531,58.77929043491799,58.12652970089682,58.27243720158642,46458400
2006-10-17,58.341529846191406,58.54887507400137,57.865395738474966,58.31849213854923,48733400
2006-10-18,58.34920883178711,58.978931539359664,58.057382255257984,58.76389927174812,44694800
2006-10-19,58.63337707519531,58.67177717797488,58.04205416200822,58.15724861131386,43889000
2006-10-20,58.057373046875,58.67942032621506,57.96522223440186,58.64870143571425,39507600
2006-10-23,58.17258834838867,58.57960354064195,57.66573526133497,57.865405191904436,38995800
2006-10-24,58.28779220581055,58.326186444695495,57.85773337345983,57.9882901909592,30504800
2006-10-25,58.67177200317383,58.717847435219035,57.96525470299533,58.15724348189379,51574000
2006-10-26,59.163211822509766,59.24768728114807,58.2647065177505,58.85602886919114,49379500
2006-10-27,58.47210693359375,59.2170243956023,58.31851824121455,59.04807331856534,51799300
2006-10-30,58.72548294067383,58.90979038450293,58.003603818720194,58.19559244825867,51246800
2006-10-31,58.541221618652344,58.9712746127476,58.13420048177491,58.8253612644513,46092200
2006-11-01,57.27407455444336,58.80998426611609,57.27407455444336,58.71014638507779,47212200
2006-11-02,57.18962097167969,57.5198419206203,56.90547545685963,56.91315664889066,47585300
2006-11-03,57.46604537963867,57.78090372582256,56.98991140798618,57.458364192942845,49053800
2006-11-06,58.13418960571289,58.426016247708965,57.59662346366463,57.75789330627911,47702600
2006-11-07,58.51817321777344,59.001988655266246,58.18795230767204,58.234033595405535,49200600
2006-11-08,58.817684173583984,58.978959916646815,57.91150268971168,58.065091381444915,52411800
2006-11-09,58.280094146728516,58.97893588514124,57.85004129787801,58.93285460917109,49553600
2006-11-10,58.763893127441406,58.80229320740022,58.0650573726218,58.18792708223674,43722400
2006-11-13,58.84838104248047,59.12484527127893,58.51816020580625,58.694792408272804,39373200
2006-11-14,59.98493957519531,59.98493957519531,58.694775498830886,59.06339631737607,68600600
2006-11-15,60.43805694580078,60.67612698305188,59.88513426016538,60.01568520570297,65076400
2006-11-16,60.39195251464844,60.7528921334535,60.19228266741031,60.745210946513474,49327900
2006-11-17,60.35358810424805,60.368950487206334,59.77762178299296,60.169280521975494,35969400
2006-11-20,60.43805694580078,60.553251369111734,59.984966302217934,60.169273864096404,48400400
2006-11-21,60.53788757324219,60.56860647303635,60.13854773494925,60.43037435347818,40727000
2006-11-22,60.60700607299805,60.75291939518974,60.3305418093883,60.64540616590057,33281900
2006-11-24,60.33054733276367,60.69148714657843,60.07712661711324,60.18463985624545,17933400
2006-11-27,58.97893142700195,60.31517114851905,58.91749363637284,60.29213344179068,72824600
2006-11-28,59.17861557006836,59.25541576397067,58.587292746633,58.817675751243364,59174400
2006-11-29,59.9465446472168,60.06173902909595,59.3629032680138,59.53184838786963,53282800
2006-11-30,59.95423126220703,60.36124637053114,59.516497258665794,59.82368035180688,58605000
2006-12-01,59.731544494628906,60.184641033289196,59.01734604412171,60.01568998019662,87109800
2006-12-04,60.914188385009766,60.92186957528888,59.846731438440735,59.86976915024659,54369200
2006-12-05,60.96027374267578,61.252100430523214,60.72220953651177,60.97563612573745,39558600
2006-12-06,60.75291442871094,61.04473519020675,60.50716908770628,60.82202755944767,37810400
2006-12-07,60.4918098449707,61.06010073597526,60.40734018936713,60.891149706705335,39544100
2006-12-08,60.4995002746582,60.92955324463685,60.0233718747625,60.376630508535285,43109600
2006-12-11,60.65309143066406,60.80668009452833,60.315189339324306,60.51485928957343,35233200
2006-12-12,60.32285690307617,60.68379076752415,59.81600388056647,60.622358831275314,47917600
2006-12-13,60.399654388427734,60.668437433097296,60.01567693631952,60.59932430405267,47296600
2006-12-14,60.645442962646484,61.12157159295296,60.33057841508951,60.37665972633878,52286200
2006-12-15,60.59162902832031,61.05240069192515,60.522510056313315,60.898812090400064,38923800
2006-12-18,59.83136749267578,60.829705320915956,59.61633520476347,60.71451091714919,47013800
2006-12-19,59.792991638183594,59.98498043592782,59.209344052511874,59.47812719754716,54066400
2006-12-20,60.139251708984375,60.35519062077523,59.8616142841407,59.8616142841407,43288200
2006-12-21,59.86157989501953,60.42456232249731,59.62249976525945,60.14692505714995,49951400
2006-12-22,59.46830749511719,59.96188394692688,59.42203654147735,59.838486892026744,31230400
2006-12-26,60.31660842895508,60.32432221161111,59.61480718845281,59.63794265252873,21798200
2006-12-27,61.033843994140625,61.05697946077874,60.424584542467805,60.44001210948845,39294000
2006-12-28,60.7562141418457,61.14182099055901,60.65595847938192,60.94901756620236,28257400
2006-12-29,60.17778778076172,60.918152026294024,60.146938535044704,60.66365604593966,30795200
2007-01-03,60.27806854248047,61.018433024354394,59.55312574644203,60.67909709703531,54095400
2007-01-04,60.440025329589844,60.609687416677346,59.59939925987924,60.06984013073045,45577600
2007-01-05,59.17523193359375,60.440021976700514,59.15209057928482,60.17009246480718,57486800
2007-01-08,58.94388198852539,59.61484023815857,58.7896415532489,59.34491065058154,46117200
2007-01-09,59.49913787841797,59.622529010267876,58.75877343563784,59.47600240893946,62791800
2007-01-10,59.961849212646484,59.96184921264648,59.05181705354903,59.19834950038679,49239300
2007-01-11,60.33203125,60.571105538507545,59.691922669405,59.738193593918275,49188300
2007-01-12,60.91046142578125,60.96444615014418,60.25492506493958,60.3551866129662,28392800
2007-01-16,60.501712799072266,61.20352009483761,60.386035450445995,61.087836862317715,33914700
2007-01-17,60.2394905090332,60.75620217237817,60.2394905090332,60.32432446974864,27481200
2007-01-18,59.73820877075195,60.254920505396164,59.39887288106646,60.254920505396164,55936200
2007-01-19,59.96955871582031,60.123799050196624,59.283179225230015,59.41428409783904,49715800
2007-01-22,59.52997589111328,60.02355209309643,59.314037038232215,60.01583831009569,46305200
2007-01-23,60.09298324584961,60.370620709334226,59.383467898675526,59.414317159495475,47783000
2007-01-24,60.748497009277344,60.78706004558073,60.108394147451115,60.162378867939914,30401400
2007-01-25,59.984989166259766,60.88730761046382,59.7921857781533,60.702218005371506,57289400
2007-01-26,60.208641052246094,60.401444437949955,59.50683978790808,60.14694255668668,56630200
2007-01-29,60.73305892944336,60.87959136716607,60.17778430638007,60.2471965762088,59602200
2007-01-30,61.0647087097168,61.19581364313206,60.547996877625344,60.84105600241729,33830600
2007-01-31,61.19581604003906,61.519724435479205,60.64054114277335,60.972163323979565,54267500
2007-02-01,61.85133361816406,61.88989665499553,61.34233565856993,61.4425913168811,50571100
2007-02-02,61.88990020751953,62.044140595912275,61.71251846536359,62.005583440760915,26512600
2007-02-05,61.8821907043457,62.05957245877408,61.596845377687714,61.86676901799692,30893400
2007-02-06,62.03644943237305,62.05187112181556,61.5351592090103,61.89763069180944,31445600
2007-02-07,62.60712814331055,62.63026361279221,61.91303463939265,62.1212656325148,30708600
2007-02-08,62.506893157958984,62.57629958936337,62.144421659125854,62.36807441125471,25417000
2007-02-09,61.93620681762695,62.58402976653743,61.465765713030386,62.4529247725081,52164700
2007-02-12,61.766475677490234,61.92843566222369,61.3885827755246,61.91300809992001,39561300
2007-02-13,62.22154235839844,62.22154235839844,61.380916084666204,61.87449843090349,41995800
2007-02-14,62.3140983581543,62.691991599800104,62.09815347903179,62.26011360934775,64326000
2007-02-15,62.3603401184082,62.614842050994554,62.12897365534906,62.24465688687863,44086000
2007-02-16,62.59944534301758,62.67656557409236,61.9593362456936,62.25240136123283,42160800
2007-02-20,63.200965881347656,63.36292595031943,61.77422158851604,62.46831515591615,71903200
2007-02-21,63.316619873046875,63.617392632657506,62.87702846408584,62.96957619161656,39549600
2007-02-22,63.54029846191406,63.58656940266263,62.95417438222578,63.43232901090488,58815900
2007-02-23,63.200965881347656,63.4786033083077,62.97731906664093,63.44004615027631,57987800
2007-02-26,63.15469741821289,63.55573188796769,62.61485011342104,63.486319586554835,78736400
2007-02-27,60.193233489990234,62.422040680832744,59.74592811809749,61.97473530894,136636000
2007-02-28,60.79478073120117,61.095553620053735,59.77677882649391,60.44002311573133,97620200
2007-03-01,60.47855758666992,61.0029829701917,59.19063253198421,59.74590715970041,97674800
2007-03-02,59.275508880615234,60.447751579016334,59.19067486937417,60.293511131612156,96274500
2007-03-05,57.97211456298828,59.60708922166104,57.95669288265093,58.68162953634199,122207900
2007-03-06,59.55311584472656,59.93100886575014,58.758766768661694,58.81275148595078,94041400
2007-03-07,59.36030578613281,59.86159575268729,59.22920089940245,59.614807660768626,55408800
2007-03-08,59.80763626098633,60.29349886698384,59.4451648110333,59.94645498897057,76876500
2007-03-09,60.29349899291992,60.37061920109565,59.707374819773875,60.29349899291992,69129900
2007-03-12,60.46316909790039,60.54800309503193,59.961878901367214,60.16239615675947,35945400
2007-03-13,58.913021087646484,60.20094670787811,58.81276541290974,60.03127873225109,96417200
2007-03-14,59.5377082824707,59.59940680407286,58.249782534473766,58.928454504307744,129087500
2007-03-15,60.00042724609375,60.092969122909686,59.476001703193994,59.476001703193994,84037300
2007-03-16,59.591651916503906,60.20091115834508,59.028669475893864,60.008107824239296,77107100
2007-03-19,60.33203125,60.52483461399427,60.00811712673191,60.02354469083082,56720800
2007-03-20,60.81023025512695,60.84879331346169,60.123850180824135,60.30123201170869,46527300
2007-03-21,61.90533447265625,62.56087096627188,60.71767029611948,60.89504619042652,77517600
2007-03-22,61.90533447265625,62.159836460726204,61.62770289391021,62.12898720000001,40940200
2007-03-23,62.00114059448242,62.14022614439982,61.854332327217,61.9934178771344,37200500
2007-03-26,61.86980056762695,62.18660892160954,61.41391252091721,62.062974667800034,46665700
2007-03-27,61.58389663696289,61.86979640827276,61.313454093942894,61.82343651381371,40734900
2007-03-28,61.15895080566406,61.42939349736547,60.74169384052108,61.21303934400434,67939400
2007-03-29,61.23619079589844,61.630267617608524,60.64893987073125,61.57617910444877,49841400
2007-03-30,61.39072799682617,61.86207328299889,60.834391528339225,61.321188148967494,54280000
2007-04-02,61.54525375366211,61.63797352509998,61.15890565212651,61.51434519811476,36558700
2007-04-03,62.202030181884766,62.41065551531364,61.81568216833269,61.86977065442187,44410200
2007-04-04,62.19431686401367,62.27158530668318,61.8156973682901,62.18659414638973,35754200
2007-04-05,62.15570068359375,62.44159458041516,62.086154941660354,62.16342340309301,24666800
2007-04-09,62.24064254760742,62.456996405779044,62.06291993828046,62.4183592617339,38545000
2007-04-10,62.43388748168945,62.63478435263703,62.10935043014492,62.202076144187245,48521000
2007-04-11,62.04750442504883,62.511120945138565,61.661156342440066,62.48794100341466,59019200
2007-04-12,62.46475601196289,62.52657312086594,61.56070290127074,61.885233880205774,45075400
2007-04-13,62.866539001464844,62.8974475449411,62.225199988536566,62.54973085223453,31467000
2007-04-16,63.73198699951172,63.80152682981007,63.20655333261937,63.214276050294075,43967100
2007-04-17,63.538761138916016,63.84783465962872,63.31467870975963,63.832383341672895,51536000
2007-04-18,63.16790771484375,63.53107583392924,63.09836789384621,63.291541923555215,48993700
2007-04-19,62.866539001464844,63.22970701830861,62.43383118320089,62.69654495994632,69360400
2007-04-20,63.60063552856445,63.654724037976166,63.17565606753112,63.3301929815059,68702200
2007-04-23,63.53105163574219,63.75513413227882,63.26833198989875,63.523323026840565,34858200
2007-04-24,63.50017547607422,63.63153241837833,62.874293425515795,63.56971530604546,56640600
2007-04-25,63.67790222167969,64.07970168680953,63.33791397758196,63.77835061416098,51964600
2007-04-26,64.03334045410156,64.26514579232031,63.33791264903621,63.70880354826803,47381600
2007-04-27,63.76285934448242,63.855584969331375,63.376511417080756,63.76285934448242,56761000
2007-04-30,62.38750076293945,63.762899303186956,62.372049430049074,63.7242680233584,86447400
2007-05-01,62.64250564575195,62.71205139695491,61.916169042020954,62.5806885102841,88311800
2007-05-02,63.47697830200195,63.701060851978426,62.52655961728815,62.64246519764876,49850600
2007-05-03,63.59288787841797,63.801513220014535,63.337896764642004,63.5233421677504,57008800
2007-05-04,63.99472427368164,64.03336145699335,63.47701903046119,63.739733012319995,47940900
2007-05-07,63.80928039550781,64.13381152088438,63.724283306213,63.90200020549733,40421400
2007-05-08,63.58515167236328,63.84014275568226,63.0056296985669,63.50788325489757,59329800
2007-05-09,63.84018325805664,64.31152856739799,63.32247215265795,63.36110933350473,66106100
2007-05-10,63.051979064941406,63.68558941491846,62.78153670126853,63.60832101032641,92481400
2007-05-11,63.6237907409668,63.70878777917003,63.09063446838648,63.16790289533404,57249600
2007-05-14,63.06745529174805,63.816965526917684,62.94382109097584,63.585160243274544,71975000
2007-05-15,62.56519317626953,63.57742300309709,62.41837905657917,63.06744673213443,115258700
2007-05-16,62.90519714355469,62.97473696817753,62.171132255269576,62.66565732548926,95727600
2007-05-17,62.41844940185547,62.905252180946775,62.36436085920188,62.820255057461274,71780400
2007-05-18,63.152469635009766,63.399732209101956,62.418404630995134,62.735212935878295,80552700
2007-05-21,63.94833755493164,64.3115057030339,63.09064432287858,63.15246143217343,148866800
2007-05-22,64.34241485595703,64.62831459389592,63.840167004060184,63.98697528444644,69634200
2007-05-23,64.17240905761719,64.98373636979717,64.11059195901214,64.55875708109421,59384400
2007-05-24,63.33016586303711,64.56647833105289,63.02108627223245,64.11831911434913,89560000
2007-05-25,63.73969268798828,63.9096867546842,63.39198183898501,63.54651868405252,44083500
2007-05-29,64.32697296142578,64.4351499818766,63.91744482754688,63.96380472339567,59397200
2007-05-30,64.75968170166016,64.79059026427542,63.693362819858095,63.855628352184134,64383000
2007-05-31,65.11515045166016,65.25423609803214,64.73653070689517,64.89879631179444,68767400
2007-06-01,65.44734191894531,65.81050994376207,65.05327124517572,65.32371363752799,71003000
2007-06-04,65.51689147949219,65.6559769887874,65.169174758653,65.28508033226606,52419900
2007-06-05,65.25418853759766,65.46281980269907,64.77512068997963,65.36236552868584,84623400
2007-06-06,64.52784729003906,64.75965256254271,64.13377066301913,64.75192984676794,95052800
2007-06-07,63.19111251831055,64.48151412963841,63.19111251831055,64.33470581803488,113824100
2007-06-08,64.01786041259766,64.24194295299208,63.09835621018205,63.26062165766715,86239400
2007-06-11,64.03334045410156,64.34241423839322,63.61608377106235,63.93288616852267,68082100
2007-06-12,62.97473907470703,64.00242641556042,62.905199247758055,63.61607832307756,115376300
2007-06-13,63.81700134277344,64.1106297867982,63.16021049437071,63.2761161488433,118706700
2007-06-14,64.396484375,64.65147548000408,64.04104490826835,64.04104490826835,79451800
2007-06-15,65.16146850585938,65.43963959472653,64.95283724160709,65.13055995207371,83706500
2007-06-18,65.0378189086914,65.38553563513916,64.67465085660712,65.35462708866363,60117800
2007-06-19,65.20784759521484,65.30057328388321,64.51241966821605,64.75968227612611,65541300
2007-06-20,64.07970428466797,65.4164714752605,64.07970428466797,65.35465435651757,86929200
2007-06-21,64.58197784423828,64.58970056504351,63.6083785589665,63.99472682667043,97110200
2007-06-22,64.07198333740234,64.5046973251733,63.592915347835195,64.41197163596402,93984100
2007-06-25,63.73969268798828,64.48148015567729,63.36107329093096,63.88650681744435,108393200
2007-06-26,63.268341064453125,64.07967415465492,63.16016410511984,64.01012845496801,91436900
2007-06-27,64.58965301513672,64.636018781868,62.974721274721375,63.07516962810145,127640800
2007-06-28,64.58116149902344,65.17727479758797,64.48826502081343,64.57342406346551,87866200
2007-06-29,64.17860412597656,65.17728273340616,63.992805240494796,64.85987064370308,110203200
2007-07-02,65.00692749023438,65.09982392668539,64.44952524578153,64.55016502074902,56318400
2007-07-03,65.31661987304688,65.42500302604489,65.05339942545251,65.12307768463059,34591600
2007-07-05,65.42501831054688,65.54888226872202,64.9218073218173,65.378564158096,47326500
2007-07-06,65.64950561523438,65.75014541607281,65.07661654647895,65.4637008816951,40975100
2007-07-09,65.58757781982422,66.37722735050352,65.3553248309215,65.77337666708307,56954300
2007-07-10,64.51150512695312,65.7114635505623,64.41860271928162,65.2392199811703,101069100
2007-07-11,64.89857482910156,64.92954229126165,64.1785975765879,64.3876205631192,82880600
2007-07-12,65.66500854492188,65.88177490074891,65.05341438015834,65.15406012139248,71638400
2007-07-13,65.7269515991211,65.95919876344675,65.51792265414296,65.7269515991211,43138400
2007-07-16,65.40178680419922,65.92822185650378,65.20050125014288,65.71919296017309,77268800
2007-07-17,65.44822692871094,65.85079208046182,65.38629201107578,65.5101618463461,57654400
2007-07-18,65.23925018310547,65.28570436166717,64.32573009063923,65.08441867174925,97201600
2007-07-19,65.42501831054688,65.76564862535871,65.39405084439304,65.61081720102972,61461700
2007-07-20,64.44955444335938,65.62628845418259,63.93860018565446,65.32436308606218,154037700
2007-07-23,64.20955657958984,64.91404705499205,64.20955657958984,64.74372898876948,67737500
2007-07-24,62.707664489746094,63.63666456405585,62.312836800267156,63.55924887560311,158240800
2007-07-25,62.47541427612305,63.303774582658654,61.80189125976713,63.06378416592849,164307600
2007-07-26,60.803218841552734,62.59929023845088,60.03679337603497,61.32191052496176,244724700
2007-07-27,59.324546813964844,61.3141601856484,59.169715432731635,60.65611795574937,202037300
2007-07-30,60.35419845581055,60.710315392185464,59.26262352790208,59.85098755855325,149169600
2007-07-31,59.68842315673828,61.27547182142789,59.409721870193366,61.105153712268205,187777400
2007-08-01,60.01355743408203,60.3541935658153,58.92198259461474,59.510352484034385,185942500
2007-08-02,60.48581314086914,60.77225775597362,59.843257452216214,60.338725068412145,105762800
2007-08-03,58.333614349365234,60.5477374551606,58.03168900825122,60.39290606715711,158340000
2007-08-06,58.86005783081055,59.16972655794008,57.226561053980966,58.54265166767156,208307700
2007-08-07,59.76582717895508,60.12968744891433,58.44974262157471,58.743924630305635,179153900
2007-08-08,61.56189727783203,62.01091657677156,60.24581274666601,60.30000432368017,259607000
2007-08-09,60.14520263671875,61.476774508306924,60.07552434246773,60.114235162211834,204699000
2007-08-10,60.43160629272461,61.75543404913983,59.16971344930198,59.54131702081918,267042500
2007-08-13,60.1064567565918,61.902527885243174,60.02129772798191,61.461251967191195,116492000
2007-08-14,59.07680892944336,60.524506459148235,58.79037030354602,60.36193174828911,113169000
2007-08-15,58.21751022338867,59.92068567801296,57.861393169002774,58.813623699761564,145850300
2007-08-16,59.5103759765625,59.55682422870268,56.70013859326105,57.80720055198323,347851600
2007-08-17,60.702579498291016,61.97995331534439,59.29358658761668,61.32191100519341,215542300
2007-08-20,60.74901580810547,61.21351582368091,59.97484714666702,60.903847177817894,126893400
2007-08-21,60.91935348510742,61.2290163242967,60.38517504655782,60.74903537968928,92754900
2007-08-22,61.64705276489258,61.77092259461569,61.1051370259504,61.45351058577915,70351700
2007-08-23,60.85740280151367,62.02639920810602,60.62514982580126,61.89478603843511,105471500
2007-08-24,61.64705276489258,61.7012443387868,60.66386109382931,60.83417915647931,64735000
2007-08-27,60.79546356201172,61.52318398812971,60.764496107023916,61.43802496352279,60380700
2007-08-28,59.26262664794922,60.53226306410829,59.1465001414777,60.44710401979181,86275800
2007-08-29,60.81873321533203,60.81873321533203,59.43296957582249,59.595550312852055,70723200
2007-08-30,60.40837478637695,61.12060847933933,59.99806637426683,60.090968732389705,63330500
2007-08-31,60.958045959472656,61.41480859510626,60.62515315941388,61.26771464197087,47035900
2007-09-04,61.739986419677734,62.18126257538516,60.8342099800322,60.91162570961495,61375400
2007-09-05,61.167091369628906,61.77868555866378,60.74129607775639,61.3761143906315,67145300
2007-09-06,61.182552337646484,61.44577277095973,60.539990889421475,61.213519794885606,65069100
2007-09-07,60.17615509033203,60.33098651777647,59.60326581461884,60.20711665066864,107970400
2007-09-10,59.340030670166016,60.35418975375782,58.542637872553684,60.315484863511955,99748500
2007-09-11,60.37740707397461,60.43159863937045,59.64194927125427,59.75033240204595,84890600
2007-09-12,59.99808120727539,60.509035443615225,59.905178826184745,60.12968848399112,62793300
2007-09-13,60.14520263671875,60.795501882038465,59.74263137457069,60.40067396512759,72390100
2007-09-14,60.45484161376953,60.601935582781174,59.44068232790487,59.533584714613184,61830800
2007-09-17,59.7890625,60.47807229955577,59.758095037426315,60.29226752411365,53416800
2007-09-18,62.3360595703125,62.39799448231288,59.796787242679976,60.23806315441565,138693800
2007-09-19,63.172149658203125,63.559233915798046,59.81226113736902,62.91667263064559,114738300
2007-09-20,62.54509735107422,63.12572394448586,62.127045495045145,63.09475648406454,128460700
2007-09-21,62.676673889160156,63.141173754794345,62.59925822929383,62.92440754459414,57473900
2007-09-24,62.19668960571289,62.994088059950315,62.0031474958025,62.78505927364267,87072300
2007-09-25,61.944480895996094,62.13849392886012,61.52541203451283,61.80479127550167,54940900
2007-09-26,62.48771286010742,62.79813488612322,61.94447875518554,62.472194423170095,65425300
2007-09-27,62.86023712158203,62.92232272738769,62.49549158848534,62.805913696704394,63248800
2007-09-28,62.115234375,63.05425706197968,62.02986813792822,62.83696333881875,90453200
2007-10-01,63.659549713134766,63.82251993569527,62.18504961083503,62.18504961083503,98833600
2007-10-02,64.07086181640625,64.3114420023234,63.77596413914945,63.86909252603427,53654700
2007-10-03,63.89240264892578,64.22610545502835,63.60526109736431,63.884640466232064,56474400
2007-10-04,63.993263244628906,64.1950384730147,63.62851776590363,64.07086727991317,35783300
2007-10-05,65.2892837524414,65.5143396502242,64.39682826364613,64.77709226709514,92101800
2007-10-08,64.80036926269531,65.32808508154724,64.60635618107048,65.11855355854854,34535400
2007-10-09,65.32807922363281,65.44448824633129,64.64515536904197,65.13406615940497,57974000
2007-10-10,65.27377319335938,65.36690162049211,64.7538194636917,65.21944975773455,50123200
2007-10-11,64.5365219116211,65.87908927887347,64.14849570268872,65.64627118519002,93750000
2007-10-12,65.0487060546875,65.25048131828596,64.57531365978883,64.62963708604887,60997500
2007-10-15,64.29594421386719,65.08752102748102,63.65958144253565,65.03319759288479,80770400
2007-10-16,63.55869674682617,65.328095382926,63.543172382194946,63.92344234512593,59345400
2007-10-17,63.807029724121094,64.350264039618,62.90680609180053,64.25714154028137,90253500
2007-10-18,63.65180587768555,63.93894735492969,63.16289506911109,63.38795094249557,68562200
2007-10-19,61.37800216674805,63.7294467049851,61.308160269190594,63.56647635653911,128571100
2007-10-22,62.67399978637695,62.81368946926112,60.803710472250636,60.9511623377424,138153000
2007-10-23,63.155147552490234,63.279318789041014,62.231649144088145,63.17843409995133,84843000
2007-10-24,62.75161361694336,62.992188027928215,61.39352156895007,62.759375800759095,126810300
2007-10-25,62.59639358520508,63.248274802530545,61.766011778052835,62.92233419386781,116690000
2007-10-26,63.64406204223633,63.64406204223633,62.448940578270125,63.147388956017934,79290000
2007-10-29,63.57423400878906,63.97778471730866,63.16292703646829,63.80705218068976,56217000
2007-10-30,63.06975555419922,63.605233431753746,62.829181282629165,63.2560123329709,59967000
2007-10-31,63.8846435546875,64.25715137145664,62.68175977386489,63.34916541833525,107684000
2007-11-01,61.41679382324219,63.1706741152745,61.30814694788547,63.147393487813865,171158000
2007-11-02,61.71946716308594,62.18509757538086,60.80372478655409,62.161816942887896,130182000
2007-11-05,60.90456771850586,61.48660675819767,60.57086509891693,60.87352492589209,98542900
2007-11-06,62.05314254760742,62.084185350779926,60.555361339187485,61.300370852899725,94974000
2007-11-07,60.1285400390625,61.40126544809786,59.88795977898689,61.230532979918294,112492300
2007-11-08,60.307037353515625,60.65626452109402,58.840298643793716,60.632977973273704,120883000
2007-11-09,59.639625549316406,60.338073891059786,59.0808668759217,59.55425931194722,104492000
2007-11-12,59.06535720825195,60.61746223346775,59.00327158624873,59.67067722075639,106800000
2007-11-13,60.920082092285156,61.10633291474137,59.8568887191841,59.89569368756563,105192100
2007-11-14,60.57088851928711,61.486630532649116,60.221661407955324,61.440063365319126,76347400
2007-11-15,59.70949172973633,60.446739365873846,59.166251331856074,60.23720775923649,114145000
2007-11-16,59.205039978027344,60.03541583263887,58.62300066159468,60.004373025265245,123470600
2007-11-19,57.9245491027832,59.011023617693105,57.67621257830177,58.8946145766653,116186400
2007-11-20,58.258270263671875,58.63853439171443,56.923458802676535,57.97112866121676,129813600
2007-11-21,57.03987121582031,57.97113205101911,56.65184488101882,57.862485150939655,94961400
2007-11-23,58.25050354003906,58.97999484461893,57.5132559728058,57.70726911374204,50849400
2007-11-26,56.72943115234375,58.68508658137628,56.6440649118251,58.47554911071773,96764900
2007-11-27,57.38908004760742,57.73830722534292,56.77600378248358,57.07866378403459,80871400
2007-11-28,59.6551513671875,59.6706698103557,58.09528435273588,58.134089341871466,112697000
2007-11-29,59.14295959472656,59.724998962643085,58.910147400046334,59.430101147723875,57418400
2007-11-30,59.48442459106445,60.49328927639899,59.09639834574872,60.0897445864273,84981400
2007-12-03,58.78598403930664,59.562036633884944,58.747179041253155,59.40682848329385,61964100
2007-12-04,58.16513442993164,58.63852694424943,57.86247441858891,58.219457869895436,57670000
2007-12-05,59.321414947509766,59.461104540039486,58.60744262968747,59.127401953485524,70221700
2007-12-06,60.72610855102539,60.87356042171927,59.11191791870643,59.142960729421496,93204000
2007-12-07,60.91233444213867,61.15291464603057,60.43894213485216,61.083066870446366,59125400
2007-12-10,61.39349365234375,61.50214049311484,60.68728326652293,60.920101308637406,49937400
2007-12-11,59.2515869140625,61.758238236405795,59.1739828747819,61.52542019775532,120369300
2007-12-12,59.68619155883789,61.16068634841568,59.049822921436785,61.08308229435524,112505300
2007-12-13,59.360260009765625,59.67068222500433,58.70061650289044,59.189527495343775,89826800
2007-12-14,58.203922271728516,59.65514219852824,58.165117288557035,58.79372367524193,75866900
2007-12-17,57.31148910522461,58.36692122132107,57.23388502156117,58.06426115046524,71635600
2007-12-18,58.335853576660156,58.522110403158216,56.92343854016899,57.94782740267017,114501900
2007-12-19,58.747169494628906,58.7704560421637,57.98664139118509,58.27377701519919,85850100
2007-12-20,59.63185501098633,59.76378839985648,58.06423199325048,59.142944200684596,121965700
2007-12-21,60.99773406982422,60.99773406982422,60.252724273402684,60.438975242305176,83426900
2007-12-24,61.440059661865234,61.56423087284769,60.989947903267655,61.0830763115045,29867000
2007-12-26,61.72721481323242,61.96002700415597,61.08308983547061,61.183974526123095,65572400
2007-12-27,60.260982513427734,61.57693041848554,59.88722602845714,61.40562288756059,71490100
2007-12-28,59.61467361450195,60.74374300311042,59.61467361450195,60.673659966213656,48207400
2007-12-31,59.10074996948242,59.801550550296454,58.85157708972077,59.52901270054929,73932400
2008-01-02,58.524574279785156,59.56798448987613,58.08072869222727,59.29545241565488,94259600
2008-01-03,57.8782844543457,58.882764988396545,57.64468211963466,58.61022695098228,78036800
2008-01-04,56.134063720703125,57.099614433745785,55.76030713693172,57.02953136131753,123498600
2008-01-07,56.258644104003906,56.725842728481744,55.339817568204595,56.282003144114874,139672900
2008-01-08,54.52219772338867,57.052862549099714,54.52219772338867,56.31313213019222,157222700
2008-01-09,55.07504653930664,55.28528373677004,53.43206087130602,54.45211138850787,140191600
2008-01-10,55.830360412597656,56.3131355628318,54.39761755242085,54.59228408934169,153878400
2008-01-11,54.67793655395508,55.67462824901161,54.436551954894824,55.50332075003294,120320000
2008-01-14,55.129573822021484,55.43325318947079,54.7090933269181,55.29309302443633,71078600
2008-01-15,54.1172981262207,54.63122064344042,53.78247143975216,54.41318912838423,95261600
2008-01-16,54.171810150146484,55.059489189649376,53.509945033429695,53.914848864829345,135714800
2008-01-17,52.85585021972656,54.584489830170654,52.70011938342104,54.49105370468758,123268100
2008-01-18,52.34192657470703,53.58000259465051,51.617766997141096,53.04272712408532,131880200
2008-01-22,51.96819305419922,53.050538857894296,49.98259732992009,50.20062296796613,150963700
2008-01-23,53.74352264404297,54.49104720322212,50.68336514382483,50.846890225410824,183099500
2008-01-24,53.70458984375,54.685710573499875,53.16730845400014,54.10171112924988,113683300
2008-01-25,53.315277099609375,54.67794298628829,53.01159774869536,54.47548810542835,95436000
2008-01-28,54.4443473815918,54.48328307368756,52.72349553635434,53.198482464310445,81259000
2008-01-29,54.58449172973633,54.810305608763194,53.82140228823255,54.810305608763194,75340700
2008-01-30,53.8992805480957,55.596773266550905,53.805838456351964,54.288613685899634,126086600
2008-01-31,55.238609313964844,55.72137879347217,52.94932765828573,53.03498145769921,117643600
2008-02-01,56.5389518737793,56.749189128704174,55.28529884719545,55.54226011268813,100612100
2008-02-04,55.90046310424805,56.531181004530275,55.814809322635234,56.48446292028814,54583900
2008-02-05,54.46770095825195,55.7291424021689,54.35090577518255,55.04391825157003,125988100
2008-02-06,53.74352264404297,55.19184182373399,53.603362531790616,54.83365619036684,97259100
2008-02-07,54.59230041503906,54.91155054186959,53.315288026210915,53.44765988512228,125972100
2008-02-08,54.24969482421875,55.005002296377114,53.727989683507694,54.46772049850074,86493200
2008-02-11,54.27302932739258,54.66236240991549,53.5177281375293,54.24188790865197,80655800
2008-02-12,54.70131301879883,55.324248497093464,54.288620789248654,54.58451187402446,76564500
2008-02-13,55.939388275146484,56.0250420497377,55.0517091027947,55.30088209958199,86241400
2008-02-14,54.64678955078125,56.20412181960858,54.52220011771451,56.141827103075215,78328200
2008-02-15,54.40541458129883,54.60786353474418,53.84477391475311,54.3509081798709,64549100
2008-02-19,55.07504653930664,55.293072059861245,54.21072683942954,55.19184168192526,50724600
2008-02-20,55.1062126159668,55.215231365791276,53.86034769746425,54.14845637329868,71204100
2008-02-21,54.05500411987305,55.869297722567424,53.914843971580105,55.48775296250663,85702100
2008-02-22,54.05500411987305,54.12508716439523,52.98044694346143,54.12508716439523,84228000
2008-02-25,55.1062126159668,55.28530848272929,53.75133488839231,54.023866911072155,76367400
2008-02-26,55.62014389038086,56.21971443356284,54.74803534136269,54.79475936734362,92917400
2008-02-27,55.59678649902344,56.250863474648426,55.059504739936024,55.160729241186466,85186500
2008-02-28,54.755821228027344,55.39432744093532,54.4910775025365,55.10621873311893,68720700
2008-02-29,53.618961334228516,54.27303816784795,53.027173288987825,54.195172726810256,98588500
2008-03-03,53.105045318603516,53.50995516743918,52.334167257410925,53.25299383345729,84853500
2008-03-04,52.7935676574707,53.28412519619164,51.999324852968655,52.61447182798454,90523200
2008-03-05,53.2996940612793,53.494360593191566,52.50545722500772,53.11281585405382,92841800
2008-03-06,51.524349212646484,53.08947018666986,51.33747095837212,52.87923289320527,104781300
2008-03-07,51.36081314086914,52.04603714215203,50.76902526568126,50.89361468814214,119085300
2008-03-10,50.22397232055664,51.438689750059716,49.912504637395045,51.407542387668364,82737100
2008-03-11,52.404232025146484,52.404232025146484,50.005938960162,51.757937722567696,117570000
2008-03-12,51.796878814697266,52.980454898155884,51.78130810288305,52.32637212766511,92575100
2008-03-13,52.832496643066406,52.93372704379211,50.76903017484654,51.298523390003886,123504200
2008-03-14,51.50099182128906,53.22184373880958,50.885844693002994,53.22184373880958,176997100
2008-03-17,50.66001510620117,51.3452450836026,50.01372675126703,50.01372675126703,126969000
2008-03-18,52.988243103027344,53.08946758146856,50.85469320347804,51.86696175089938,161001200
2008-03-19,51.66450119018555,53.67346141229008,51.58663575832331,53.408711815056506,132792600
2008-03-20,52.544410705566406,53.02718006615208,51.695661249749385,51.74237933219236,103328000
2008-03-24,54.58782958984375,54.86860759484328,52.996756211663566,53.168343431435666,90751700
2008-03-25,54.76719665527344,54.93098276972526,54.0340537092469,54.54881516933767,50600
2008-03-26,54.314849853515625,54.8062083619508,54.0808662111458,54.541032454352795,63054100
2008-03-27,53.81570053100586,54.65803466307799,53.792303352412574,54.65803466307799,63938500
2008-03-28,53.1839485168457,54.13547337077304,53.01236128738971,53.901489703250896,228800
2008-03-31,53.26193618774414,53.98727834977056,52.88756354425092,53.199539755420055,64266300
2008-04-01,55.211814880371094,55.23521206963166,53.924915916944556,54.174495853149,65928500
2008-04-02,55.34439468383789,55.78115801958573,54.884234162311294,55.29760031228038,58947900
2008-04-03,55.515968322753906,55.74215098039594,54.868618573342495,54.93101502037189,57228200
2008-04-04,55.5003547668457,56.06970580354714,55.09478393890005,55.51595089848169,159400
2008-04-07,55.40676498413086,56.04631354540141,55.20397955237638,55.89032841356035,40283000
2008-04-08,55.352142333984375,55.59392095440609,54.88418121846398,54.9699747838617,49572900
2008-04-09,54.44744873046875,55.64855349805842,54.166670683476234,55.445768030685514,71772700
2008-04-10,55.02461242675781,55.289788414138336,54.151079976272044,54.3538654639738,56065900
2008-04-11,53.61293029785156,54.42406643876868,53.36335040452737,54.37727206828728,79545300
2008-04-14,53.44913101196289,54.02628325877045,53.215153266179996,53.534924637219056,57846400
2008-04-15,53.79228591918945,53.878079513195374,53.24632614365631,53.71429336567055,45940300
2008-04-16,55.531558990478516,55.59395543136305,54.34605636593304,54.34605636593304,72389400
2008-04-17,55.31319808959961,55.48478539099401,54.712648485173524,55.250801625373576,48815600
2008-04-18,55.898128509521484,56.366089897393685,55.74214336371472,56.16331039793526,70736400
2008-04-21,55.90592575073242,56.02291757735881,55.554956221304735,55.64854492224466,40019000
2008-04-22,54.88420486450195,55.578348774182544,54.21345812811044,55.57054773293586,68800
2008-04-23,55.02461242675781,55.391178182762715,54.55664500122255,55.00901033899837,48056900
2008-04-24,55.55495834350586,56.10871333020931,54.314854454616494,54.98560127241543,230600
2008-04-25,56.077510833740234,56.366083917915276,55.22737581305804,56.00731336025762,56252000
2008-04-28,56.45189666748047,56.701476529201024,55.835745082196205,56.10092703240426,35470700
2008-04-29,55.952720642089844,56.451880220099696,55.60175110926938,56.3192922588521,40940300
2008-04-30,55.68755340576172,56.67027658157673,55.45356971375018,56.13211766022167,62315700
2008-05-01,56.646854400634766,56.82624263090571,55.55494673968279,55.73432901950327,55323500
2008-05-02,56.58448028564453,57.32541869126917,56.342695561863664,57.255227157252016,58836700
2008-05-05,56.366065979003906,56.701439255582784,56.0618909084381,56.40506522413259,39901300
2008-05-06,56.82625961303711,56.99004581112627,55.898131873412964,56.04632193616364,60503800
2008-05-07,55.81233215332031,57.10703141165267,55.64074493108816,56.85745162034725,57431100
2008-05-08,55.92931365966797,56.13209906219304,55.523748805068315,55.93711470027099,60442700
2008-05-09,55.76552963256836,56.24909301070534,55.4067591070283,55.523750918725234,51712800
2008-05-12,56.99004364013672,57.14602878938839,56.00732053858556,56.11651133315213,48246600
2008-05-13,57.31761169433594,57.43460352266369,56.71706236958244,57.169427598875586,52328700
2008-05-14,57.247413635253906,57.98835187936381,56.62346125567122,57.44239801006713,60659500
2008-05-15,57.36440658569336,57.94155868043832,57.01343113381187,57.30201015640985,46599700
2008-05-16,57.67638397216797,58.12094817256557,57.005637150452046,58.074153820034795,64245200
2008-05-19,57.69198989868164,58.292539281143625,57.30202106708363,57.73878425432871,102762700
2008-05-20,57.48139190673828,57.504795030335636,56.779452910542375,57.27861243916882,82109000
2008-05-21,56.66244888305664,57.894751307102446,56.35047275728623,57.41898905415374,100026600
2008-05-22,57.068023681640625,57.37219882119569,56.69365702547319,56.77164958297051,60034900
2008-05-23,56.31930160522461,57.083643183026176,55.9449348348156,56.818461266071644,64498000
2008-05-27,57.18503189086914,57.26302447073076,56.42849137026128,56.45188854917453,62334000
2008-05-28,57.45021438598633,57.52820696663948,56.87305619815757,57.43461229958422,54387400
2008-05-29,58.035152435302734,58.51090883756095,57.30200927858027,57.333207492744094,69851700
2008-05-30,58.23794937133789,58.34714017843979,57.83238436645268,58.09756034071364,41633900
2008-06-02,57.70758056640625,58.20674014752408,57.1070312408416,58.1599457963104,69923200
2008-06-03,57.590599060058594,58.22235266693225,56.98224858343796,57.910376385204266,87672400
2008-06-04,57.94937515258789,58.45632991176908,57.20062970271033,57.387819040406015,85092200
2008-06-05,59.431278228759766,59.45468136911417,57.91040138076027,58.05079047061062,106082100
2008-06-06,57.65300750732422,59.13489069115583,57.63741136769507,59.08029527677301,123993000
2008-06-09,57.46579360961914,58.01954850487337,56.76384868941986,57.80896800403895,98998100
2008-06-10,57.04465103149414,57.43461993706927,56.35050685560667,56.943261258207784,98697900
2008-06-11,56.054115295410156,57.107029824770045,55.9761167780527,56.974441865984666,97453600
2008-06-12,56.17108917236328,57.01342299610873,55.86691406108579,56.373874563365,98505200
2008-06-13,57.18503189086914,57.20842906978238,56.39729314822615,56.67027610342047,84102300
2008-06-16,57.54380416870117,57.7855829583411,56.896454431426896,56.9744529639776,67157700
2008-06-17,57.497013092041016,57.91818019995841,57.36442509985951,57.85578375053666,52324000
2008-06-18,57.036834716796875,57.3176127296746,56.537675127336854,57.16162758938772,88091900
2008-06-19,57.512611389160156,57.5594117032106,56.71707745574044,57.02125272002913,105967200
2008-06-20,56.60005569458008,57.28639845004363,56.03849982626899,57.28639845004363,121586400
2008-06-23,56.06971740722656,56.927647635575276,56.046320229705096,56.873052237874504,73028000
2008-06-24,55.14158248901367,56.069710079075215,55.07139096562312,55.726535652406824,112302100
2008-06-25,55.76552963256836,56.23349092890536,55.266370123082126,55.34436268072984,116515200
2008-06-26,54.33045959472656,55.33657392756042,54.29146033201739,55.22738313251718,114823500
2008-06-27,54.385047912597656,54.790612819898705,53.815690883601576,54.36944582936419,118012300
2008-06-30,53.85468292236328,54.75940726373993,53.753287246291,54.48643034825778,115067900
2008-07-01,53.8936882019043,54.01848107697382,52.73938385977015,53.222941374535075,150735900
2008-07-02,52.364776611328125,54.15750179409863,52.33346193013586,53.953959352681245,148254900
2008-07-03,52.082969665527344,52.44307967307803,51.51149294779121,52.37262609390519,166200
2008-07-07,51.425384521484375,52.48223013047973,50.83824740841278,52.23954870166376,125544000
2008-07-08,53.28854751586914,53.343346723750145,51.080912898473905,51.503652204698405,131778100
2008-07-09,51.8637580871582,53.664313587174696,51.668045792489686,53.31202787317221,131076400
2008-07-10,52.372623443603516,52.803187008538494,51.63674313303591,51.72285704055623,131228600
2008-07-11,52.662261962890625,53.06151671894941,51.409704463423665,51.86375842343834,131381400
2008-07-14,51.79330062866211,53.155456424657906,51.55844350367517,53.06151238013017,113936200
2008-07-15,51.574100494384766,52.67009051257234,50.50942515930714,51.31576481089167,143442400
2008-07-16,53.46859359741211,53.61733085854185,51.503640769386,51.91071965573783,112222900
2008-07-17,53.54690170288086,54.43934956687328,53.29639012654381,53.797413279217906,115518700
2008-07-18,53.92265319824219,54.682017912404554,53.64865716031393,54.61156434807972,99585800
2008-07-21,54.58024215698242,54.60372667519484,54.00093547463835,54.30624615672947,70224400
2008-07-22,55.95023727416992,56.04417536237074,54.03225301363701,54.16534192636454,136363600
2008-07-23,56.310359954833984,56.74875372606233,55.72322288008151,55.8797903776153,118339100
2008-07-24,54.885555267333984,56.310340504349895,54.689842976685284,56.263371465847044,112118900
2008-07-25,55.33180618286133,55.903288979752745,54.96386594039717,55.33963635067301,112551100
2008-07-28,54.39235305786133,55.457022240394494,54.188810638368416,55.30045482396246,82119100
2008-07-29,55.72321319580078,55.89544099675634,54.49414003849608,54.54893925037592,122965400
2008-07-30,56.05985641479492,56.41996648890022,55.30049140025347,56.044196079195366,153225200
2008-07-31,55.832828521728516,56.3729966114012,55.378774358602726,55.44140375475828,95287500
2008-08-01,55.90327453613281,56.17727061206917,55.04996564516928,55.92675906083214,107406700
2008-08-04,55.38658905029297,55.96589587119329,54.650708782753185,55.91892682353459,104200100
2008-08-05,56.33383560180664,56.34166576724915,55.38658865391546,55.57447081587195,93469200
2008-08-06,56.61563491821289,56.88180666273431,55.738841958098675,56.13026642682876,79587900
2008-08-07,55.77016830444336,56.63130112134317,55.55880167506414,56.145938501041,89727900
2008-08-08,57.241947174072266,57.43765951345927,55.566650026732795,55.77018655937533,112771400
2008-08-11,58.61191177368164,59.18338824767759,57.24975009731241,57.35934848883668,174577700
2008-08-12,58.17354202270508,58.62759614732675,57.97782965581651,58.43188378043818,128837600
2008-08-13,58.38487243652344,58.67452270722286,57.56287870187977,58.1265308659025,151007500
2008-08-14,58.94853210449219,59.21469789768318,57.97779504392016,58.0639089117558,118194800
2008-08-15,58.79197692871094,59.707909109175226,58.30661422077211,59.29299996619563,98174800
2008-08-18,58.03261947631836,59.04249584254808,57.58639559102304,58.925067246908995,97838400
2008-08-19,57.0697021484375,57.79775207029513,56.70959226928901,57.6411786624057,105131600
2008-08-20,57.147987365722656,57.789923423252944,56.584335027859,57.28107028642242,101308300
2008-08-21,56.490394592285156,57.10884013266879,56.40428071245154,56.787875103651,83526000
2008-08-22,57.680335998535156,57.782104256203155,56.850517661346316,56.95228591901431,77915300
2008-08-25,56.4121208190918,57.68033888408876,55.339621059297805,57.32022890894142,88256100
2008-08-26,56.49822998046875,56.81920104576466,55.9424077194434,56.5060601454595,53866300
2008-08-27,57.17148971557617,57.54726004890597,56.45126971374979,56.521723291624035,62031400
2008-08-28,58.330081939697266,58.43968032428422,57.17146276635294,57.437634537966964,75512600
2008-08-29,57.829071044921875,58.33791823350953,57.562899218082485,58.06392221519343,83919800
2008-09-02,57.81342315673828,59.10512577550446,57.14800240545465,58.72153126732133,112584000
2008-09-03,58.04826736450195,58.47883082599363,57.4533003207575,57.65684277805577,96282200
2008-09-04,56.2242546081543,57.68035525326841,55.95808862724884,57.55509645801777,126675300
2008-09-05,56.08331298828125,56.45125304677009,54.90903925574159,56.00502926731162,122285000
2008-09-08,56.740928649902344,58.2048532443519,56.08333203061628,57.946511502037126,148091600
2008-09-09,55.43354034423828,57.8134022169627,55.23782807811948,57.335863809819664,132381100
2008-09-10,55.95023727416992,56.50605952913277,55.13607333132319,56.028521005225876,126869000
2008-09-11,56.30251693725586,56.36514631104126,54.721164071502386,55.20652678667467,144283600
2008-09-12,56.56086730957031,56.67046574419074,55.61362028311274,55.8328171523536,117705200
2008-09-15,54.0244140625,55.96587634203036,53.8521863176282,54.91686149259551,168634300
2008-09-16,55.582298278808594,55.582298278808594,53.022383788870286,53.077182998970926,252238200
2008-09-17,53.07718276977539,54.85424798050754,52.80318074778943,54.76030391816956,266078500
2008-09-18,56.2086067199707,56.48260290030903,52.576184856622774,54.32976638345689,355117000
2008-09-19,58.71369552612305,67.36418238937156,57.89170139969094,61.782463245515245,138448700
2008-09-22,56.32599639892578,58.99551498320682,54.971670655317766,58.87025624688928,98340700
2008-09-23,55.574459075927734,56.850507003514124,55.43354599106129,56.36513838393749,92894300
2008-09-24,54.868404388427734,55.72351387887123,54.052516644567625,55.56661492191456,91760200
2008-09-25,55.15082931518555,55.90395510966817,54.82917866076171,54.85271290663433,115328200
2008-09-26,55.40972900390625,55.456803495404955,53.96623895130306,54.138831454399885,94646800
2008-09-29,51.03217697143555,55.174372505225925,51.03217697143555,54.31141609990505,150003200
2008-09-30,53.34648895263672,53.652446278098715,51.03219513484681,51.67549079162777,107271100
2008-10-01,52.577632904052734,52.836521534311316,52.00494640291059,52.711003583020045,69571300
2008-10-02,49.878944396972656,52.58549049630049,49.753420434471494,52.27168657535953,116143300
2008-10-03,49.188575744628906,51.49502460235298,48.4276032097587,50.49085688078427,118870500
2008-10-06,46.85075759887695,47.63526457545476,44.230504177400796,47.50974357890858,172301800
2008-10-07,43.775482177734375,47.407749776504446,43.642117448045084,47.227313557871554,152283000
2008-10-08,42.72425079345703,44.67767455356275,41.97896853983737,42.21432303556959,173741000
2008-10-09,39.21752166748047,43.87749400247057,38.793887002665585,43.65783291374783,154548100
2008-10-10,41.14738464355469,42.88898780549709,36.487412066149155,37.38959613550478,205089400
2008-10-13,44.70121383666992,45.015017871190025,41.14739766011655,42.787017605537095,128725200
2008-10-14,43.445980072021484,46.16821617248438,42.25352957863417,46.08976670281835,131474600
2008-10-15,39.54698944091797,43.03019871169055,39.264566501433904,42.716397773218546,109147700
2008-10-16,42.13584518432617,42.26921285116463,37.883821210413394,40.025523687154006,207587400
2008-10-17,40.951255798339844,43.50090291327046,39.79018608665938,40.441325178291336,131845100
2008-10-20,42.90468215942383,42.92037265686287,41.15523209583242,41.77499327772064,82673400
2008-10-21,41.7200813293457,42.8262360486166,41.437658338441366,42.32415206152295,83005200
2008-10-22,39.60975646972656,41.15523309685775,38.684038046901684,40.606077643759804,91861700
2008-10-23,38.43299865722656,39.96278488963507,36.62078643766855,39.758814389532816,133202600
2008-10-24,37.00518798828125,37.813232107398136,35.21651326459895,35.26358475462184,105748800
2008-10-27,35.19298553466797,37.39744835425211,35.06746453067975,36.18146306699309,99416400
2008-10-28,38.00935745239258,38.2054841647448,34.58106335841939,35.8754978643504,114981800
2008-10-29,38.20549011230469,39.79803830687141,37.515123139409695,38.05643187241274,94984800
2008-10-30,40.34718322753906,40.386407967320295,38.84877542371191,39.546985966847565,77436600
2008-10-31,42.167240142822266,42.43397257226915,39.60190256943325,40.24519790057174,113060500
2008-11-03,42.22217559814453,42.83409023234283,41.876993521125016,41.95544304096575,54872700
2008-11-04,42.70857238769531,43.312643311988545,41.884840397352754,43.09298224593922,79680500
2008-11-05,40.47271728515625,42.70856109529517,40.25305627718661,42.30846383182807,73881200
2008-11-06,38.90367889404297,40.55898814910995,38.86445416612271,40.049057708181905,85233800
2008-11-07,39.71173858642578,40.064767291258235,38.684036458937925,39.2802603883667,62313000
2008-11-10,38.79387664794922,40.66884813592102,38.38593259730969,40.590398623076034,50459600
2008-11-11,37.954437255859375,39.14688787035698,37.66416760477211,38.362381123397164,73187400
2008-11-12,35.74213409423828,37.95444322944403,35.55385112856587,37.350372580092646,75376800
2008-11-13,38.68403244018555,38.79386291635543,33.92207627374984,35.851962336136204,142362300
2008-11-14,35.804901123046875,38.684043539852254,35.695070615363164,37.83677449316613,98697500
2008-11-17,35.49893569946289,36.54233126809887,35.21651274877477,35.57738518902906,84029400
2008-11-18,35.32633590698242,36.079464616889155,33.81223772955665,35.56169031219704,98246400
2008-11-19,32.447200775146484,35.42048217817737,32.35306079985128,35.13021251597873,96005900
2008-11-20,30.227046966552734,32.89437136481653,30.15644123269705,32.16477977919308,140070900
2008-11-21,31.88235855102539,32.04710427462522,29.120894023966848,30.823275479133684,160636700
2008-11-24,34.126033782958984,34.5496680240191,31.95295035306347,32.32166937687374,97052300
2008-11-25,34.69091033935547,34.84780938974188,33.467077994801556,34.69091033935547,80072400
2008-11-26,36.76984786987305,36.89536888934429,33.89070817646394,33.94562343544153,88144900
2008-11-28,37.1385498046875,37.860294580933115,36.212831596785854,36.31481831261387,24156600
2008-12-01,32.96499252319336,36.33837284578325,32.55704842477607,36.181470809060066,89163400
2008-12-02,34.698726654052734,34.77717910986102,32.91789630804966,33.506276259663466,81228000
2008-12-03,35.74997329711914,36.00101522430071,33.7494816306041,33.85146834872656,102868600
2008-12-04,34.56537628173828,36.44034735848459,33.9377683459993,35.1616002295026,101436300
2008-12-05,36.1657829284668,36.299150716781966,33.216036993349135,34.024078500976245,113947900
2008-12-08,37.76616668701172,38.1035049380842,36.84829492897035,37.05226543320508,99336100
2008-12-09,36.59723663330078,38.76247368317804,36.30696701639365,37.413121279647704,81950900
2008-12-10,37.46021270751953,38.00152151012508,36.68354938906576,37.0208876696141,74636500
2008-12-11,35.56169128417969,37.58571707869539,35.13805693440117,37.06794275985131,73178000
2008-12-12,36.785526275634766,36.87182250926868,34.53399241992741,34.643822901768324,97291600
2008-12-15,35.60091781616211,37.23269033037982,35.00469099916763,37.0757883789257,78607200
2008-12-16,37.915225982666016,38.03290024090865,36.16577268208881,36.291293686475036,109318300
2008-12-17,38.260398864746094,38.84093224922703,37.31899006021215,37.609256752452616,79576900
2008-12-18,38.0172119140625,38.95862099709163,37.122874332614764,38.2839444377098,87888400
2008-12-19,38.20549011230469,39.23319232971582,37.82108037948344,38.440841605233985,88221200
2008-12-22,37.46805191040039,38.3937703828125,36.18146094675146,38.37807988415133,75338900
2008-12-23,36.92341232299805,37.94313479430279,36.6309348366178,37.72970429923091,64575300
2008-12-24,37.05779266357422,37.23960314042397,36.48864472529731,36.939219171283476,19412400
2008-12-26,37.587406158447266,37.6822631229836,36.93921137246001,37.429309207254356,25104700
2008-12-29,37.01036834716797,37.61113637770757,36.291029821578185,37.437229366427744,41442100
2008-12-30,38.03797149658203,38.10121146825452,36.97082260591525,37.21587297297442,38835200
2008-12-31,38.92333984375,39.77705894180679,38.05380772642467,38.117047741699196,75369500
2009-01-02,39.697998046875,40.093238957686744,38.90751622525152,39.31856713434959,51588500
2009-01-05,39.840293884277344,40.15648487404015,39.0419053780685,39.91143738467764,59247000
2009-01-06,40.51219940185547,41.03391736133944,39.82448095877417,40.17229192661372,77980800
2009-01-07,39.31856918334961,40.59124244950893,38.7573247690078,39.7375236056993,77662100
2009-01-08,39.50828170776367,39.64266518759852,38.867990336560005,39.033993813467625,59214100
2009-01-09,38.04587936401367,39.674269492106596,37.87987594014912,39.61103253361604,82725900
2009-01-12,36.915496826171875,38.03007592770695,36.75739987951438,37.90359897347065,53721400
2009-01-13,37.40559768676758,37.63483812727833,36.686259385693155,36.860166342694235,62644600
2009-01-14,35.76139450073242,36.89178059121318,35.66653452278211,36.61511319414594,74519500
2009-01-15,36.33846664428711,36.77323123857881,34.631025262460454,35.81674852804703,100622800
2009-01-16,36.74160385131836,37.17636835832407,35.54797733039909,37.136844860496204,80512600
2009-01-20,34.251583099365234,36.55978886228178,34.2357730990844,36.26731139570931,85180200
2009-01-21,35.95901870727539,36.11711265622864,34.02233767811021,34.781199488701446,66088100
2009-01-22,34.91558837890625,35.83255039075235,34.28320338405507,35.19225888727518,69790800
2009-01-23,35.08949279785156,35.57959075581908,33.88005639584569,34.02234338613453,76444000
2009-01-26,35.484737396240234,36.25940941400619,34.92349588573371,35.06578289057334,62967900
2009-01-27,35.8720703125,36.219881271142704,35.350352366811336,35.62701983215789,54932300
2009-01-28,37.35026931762695,37.5399862981014,35.9590225174611,36.55978742730681,71034500
2009-01-29,35.88787078857422,37.334450747760926,35.769297326065356,36.82854293656015,66434400
2009-01-30,35.16062545776367,36.37006148706513,34.86814807472279,36.1724410631689,58185500
2009-02-02,35.44520568847656,35.682349636465226,34.49662688107299,34.51243687966542,62907300
2009-02-03,35.69816589355469,36.030169891303906,35.136924414648234,35.79302288629042,57452200
2009-02-04,35.43730926513672,36.457028746423426,35.200162254398435,35.73769025195941,65080500
2009-02-05,35.848350524902344,36.370068422862424,34.939298210891785,35.12901216535967,71623700
2009-02-06,37.12104415893555,37.2870447006737,35.73770028021693,35.90370082195508,53776100
2009-02-09,36.95502471923828,37.2633121435152,36.5360703237285,36.986644715433044,55265000
2009-02-10,35.247581481933594,37.23168935488734,35.13691451900092,36.67044803404388,83914300
2009-02-11,35.3819694519043,35.72187691911972,34.852348012328626,35.47682945353364,58417600
2009-02-12,35.682350158691406,35.73768364685029,34.36224691911659,34.86024831254658,79209300
2009-02-13,35.310821533203125,36.12501986018108,35.239681064070375,35.63492197497947,58901500
2009-02-17,33.91166687011719,34.48081165593008,33.856333391155495,33.99071383564862,81542900
2009-02-18,33.42948532104492,34.259490838248304,33.30300831857059,34.188347335890896,78276200
2009-02-19,32.963096618652344,33.990722510052464,32.907763125569595,33.816815522964255,64544300
2009-02-20,32.52044677734375,32.915687993432904,31.769487863684112,32.330732682273606,83388200
2009-02-23,31.271455764770508,32.76546562971298,31.200312294275715,32.710132154377945,78804200
2009-02-24,32.425567626953125,32.702235083444975,31.303081770366664,31.650895733326834,81463900
2009-02-25,31.753646850585938,32.60736849122591,31.216122095730828,32.283271131082564,104493600
2009-02-26,31.160799026489258,32.212141535048964,30.994798530016524,32.085664535529325,68400200
2009-02-27,30.947368621826172,31.524420066189936,30.544221150748548,30.607461152270233,87450900
2009-03-02,29.20039176940918,30.37030427775995,29.10553481344784,30.24382733132874,83622800
2009-03-03,28.64707374572754,29.619366404714686,28.473166712015196,29.587746395776076,67796200
2009-03-04,29.23992347717285,29.761641351127697,28.631252121650732,29.081826512091336,80120300
2009-03-05,27.682674407958984,29.002777633787236,27.603624414663063,28.654966709631935,97980100
2009-03-06,27.824953079223633,28.3624808114757,27.12932842299484,27.98305000320036,76036000
2009-03-09,27.18467140197754,28.172773753113386,27.081907913133673,27.453435362104454,75737000
2009-03-10,28.955352783203125,29.097639766153442,27.74591342812544,27.864486919067083,76181500
2009-03-11,28.99486541748047,29.880203967849518,28.74191154594645,29.31105926462199,82274800
2009-03-12,30.797164916992188,30.97897533792487,28.51267338966867,28.876294231534036,86839000
2009-03-13,31.121273040771484,31.350513526396465,30.63907857633594,31.08965605500713,72449700
2009-03-16,30.560033798217773,31.777376793912385,30.480986804917915,31.46908929841364,78042300
2009-03-17,31.974994659423828,31.974994659423828,30.378220799577466,30.615364775397385,64727100
2009-03-18,33.0816650390625,33.3425255034656,31.54813129748509,31.824798745686234,111491000
2009-03-19,32.73385238647461,33.59547769986558,32.528328437931755,33.55595421154375,64512500
2009-03-20,31.603471755981445,33.137005835717225,31.57975825960631,33.04214883476699,68436500
2009-03-23,34.29111862182617,34.40178564716533,32.35443663204005,32.67853421286914,94771600
2009-03-24,32.95956039428711,34.18880225609869,32.91990499125891,33.86364791813198,70562700
2009-03-25,33.88744354248047,34.32362581006682,32.364770239208184,33.26885789118647,95016000
2009-03-26,35.19598388671875,35.2673593676572,33.99846226489389,34.35533966958614,111103100
2009-03-27,34.01431655883789,34.894612960756554,33.966734931889725,34.59324954719848,78132900
2009-03-30,33.03886413574219,33.15782429061062,32.34097081276433,33.030934870549416,59094200
2009-03-31,33.34816360473633,34.34742063550217,32.9992183858166,33.44332993257207,66094400
2009-04-01,33.92710494995117,34.10157911350642,32.6026962365163,32.78509966874054,66464100
2009-04-02,35.62422561645508,36.139715419501385,34.75186151544901,34.98977872251599,92895500
2009-04-03,36.18730163574219,36.19523089869866,35.18011582450322,35.576645528521006,50763600
2009-04-06,35.56871032714844,35.774907450507484,34.9184019078431,35.67974117641632,63427300
2009-04-07,34.307769775390625,35.25944225580141,34.19674187397799,34.95808167347667,48410400
2009-04-08,34.94221115112305,35.07702984675279,34.25224704023778,34.50602589989122,60265100
2009-04-09,36.988304138183594,37.043818075482505,35.76699146704215,35.90974245589155,66699400
2009-04-13,37.00416946411133,37.27380991214669,36.21903894547564,36.686944339852204,58557300
2009-04-14,35.933528900146484,36.901059483199106,35.87008268471638,36.44901578674682,56579200
2009-04-15,36.480735778808594,36.59969590993917,35.60043927923138,35.69560556896676,48436100
2009-04-16,37.535518646240234,37.821017609120105,36.29041208113463,36.901068439086394,66307000
2009-04-17,37.86857986450195,38.28097104490826,37.21033922309929,37.614801141987456,51981400
2009-04-20,35.925601959228516,37.273803985019775,35.84629720341595,37.09140062642486,53370100
2009-04-21,37.170711517333984,37.32139481364395,35.64803817237844,35.73527523334042,60408100
2009-04-22,37.16276168823242,38.19373823992911,36.50452097447818,36.631410349682675,72784100
2009-04-23,37.075531005859375,37.44033764369965,36.425222468741715,37.353100616111355,70030200
2009-04-24,37.76548385620117,38.28890288479439,37.01207689944153,37.368954197409906,60773000
2009-04-27,37.36104202270508,37.90032284732774,36.964512182557975,37.14691554599173,49385100
2009-04-28,37.41654586791992,38.05892512482503,36.78209889983686,36.90898829345347,51197500
2009-04-29,38.83613586425781,39.311970491140826,37.773435707288485,37.916186700409945,79875900
2009-04-30,38.4792366027832,39.84329953155676,38.423722695242986,39.454699153494154,67809000
2009-05-01,38.7171745300293,39.09784282513927,38.392020172209364,38.58235583240569,64532300
2009-05-04,40.12881851196289,40.20812629496263,38.91543817225141,39.081979978627,47528900
2009-05-05,39.93055725097656,40.136754480385875,39.359556287474085,39.95435110069786,58364200
2009-05-06,40.04156494140625,40.620497860913744,39.25643491204173,40.39050994041209,87550000
2009-05-07,39.097843170166016,40.763270379412056,38.77268880947669,40.64431021257923,67577300
2009-05-08,40.453975677490234,40.57293584763653,39.36748468959976,39.77194684787092,63463900
2009-05-11,39.85918045043945,40.176405550576945,39.486444436853084,39.69263863424452,40051600
2009-05-12,39.296104431152344,40.30329053376212,38.62993421467353,40.08123480336333,49453100
2009-05-13,37.495849609375,38.70923261799468,37.44033569022108,38.62199559495804,68822200
2009-05-14,38.019287109375,38.66166665990302,37.32139663812832,37.583104808525036,72813500
2009-05-15,37.87653350830078,38.39995283858806,37.495865179481214,37.97170285946789,53885500
2009-05-18,39.145416259765625,39.3119580238297,38.15409191374353,38.304772125237434,55512900
2009-05-19,39.161277770996094,39.62125069391824,38.70130182279213,39.15334548207847,55704100
2009-05-20,38.79645919799805,40.20017451096505,38.7409452894582,39.51814605957824,48021100
2009-05-21,38.296836853027344,38.621991066496385,37.63066687600767,38.28097530294576,49312200
2009-05-22,37.900333404541016,38.59029467150793,37.55138511183046,38.495128330442974,38440200
2009-05-26,39.7084846496582,39.77986011798824,37.527571259362176,37.567223625038515,73480700
2009-05-27,38.93922424316406,39.946410274745006,38.86784875981479,39.46264344596464,48207700
2009-05-28,38.98680877685547,39.45471404940747,38.14616453413836,39.304033818521376,58832400
2009-05-29,39.78780746459961,39.867115257279316,38.92337521401293,39.169221808112646,51665800
2009-06-01,41.34219741821289,41.532530026319776,40.525343980467184,40.73154116874562,70173300
2009-06-02,41.85769271850586,42.03216683193649,40.985328201918435,41.20738396426079,56794100
2009-06-03,41.58010482788086,41.64354800710655,41.032894927772944,41.48493854640156,44068400
2009-06-04,42.1749153137207,42.23835851691323,41.310480115083394,41.83389939887315,42972900
2009-06-05,42.19076156616211,42.65866674294504,41.77837030651601,42.57935898611987,50619300
2009-06-08,41.69113540649414,42.25420689481585,41.27081486243452,41.873538718544204,46325400
2009-06-09,41.881465911865234,42.246272491582054,41.68320107176505,41.90525672458722,35033700
2009-06-10,41.714927673339844,42.3573069448671,40.92980047786615,42.333516128423,65032200
2009-06-11,41.730796813964844,42.396967023065784,41.69907672803234,41.75459066001722,62963200
2009-06-12,41.85769271850586,41.889415834635585,41.1518700236752,41.461162842732875,44094300
2009-06-15,40.73154067993164,41.31047381267264,40.287426224208225,41.262889148575844,45942200
2009-06-16,40.049503326416016,41.11220313965298,39.90675237946763,41.04082766617879,53065700
2009-06-17,40.26364517211914,40.739479827388095,39.652988781844776,40.04951866966323,71985300
2009-06-18,40.446041107177734,40.699819946611946,39.89089876143451,40.26363775541455,34317000
2009-06-19,40.691890716552734,41.175654549759976,40.53327818544889,41.01704504393853,38711500
2009-06-22,39.24852752685547,40.46983721675806,39.17715202985677,40.43811712664526,54877300
2009-06-23,38.93128967285156,39.60538901517445,38.87577575173235,39.446779540709166,40810600
2009-06-24,39.35163497924805,39.85126360888666,39.12164988649198,39.31198258568898,39962500
2009-06-25,40.4857063293457,40.50950018297388,38.93130968829463,38.97889437026764,42339200
2009-06-26,40.628448486328125,40.89015964215872,40.10502919994965,40.279503303836705,60379100
2009-06-29,40.628448486328125,40.90602119935597,39.97021050169706,40.707756272314384,49196600
2009-06-30,40.50946807861328,40.92978851443946,40.26361862118386,40.63635743802954,44575900
2009-07-01,41.136009216308594,41.4373727744749,40.691897683519215,40.72361777494494,46382900
2009-07-02,39.72019958496094,40.49216196127382,39.54511458351876,40.49216196127382,51688200
2009-07-06,39.37004089355469,39.58491715798028,38.717455069392194,39.37004089355469,47241700
2009-07-07,38.51849365234375,39.39391272067511,38.47869939261214,39.29045310994933,40473600
2009-07-08,38.2558708190918,38.820914160670675,37.619202051406,38.69358040713352,65594900
2009-07-09,38.096702575683594,38.534412160364454,38.033037217341935,38.43095557357474,41678300
2009-07-10,38.279762268066406,38.41505615009093,37.6669703890885,37.873886693747885,39883000
2009-07-13,39.20291519165039,39.2267923574636,37.73857551661238,38.43095564354895,44825200
2009-07-14,39.43370819091797,39.569002009647726,38.95620738147717,39.19495778619757,32721400
2009-07-15,40.95375061035156,41.08108434461482,39.998746085439265,40.15791401223726,57645800
2009-07-16,41.46308898925781,41.677965252890644,40.69908652025837,40.81050316750296,38353400
2009-07-17,41.30392837524414,41.59838712152886,41.16863454962602,41.58247002228694,35682600
2009-07-20,41.81325912475586,41.97242706499594,41.40738072534987,41.58246576320155,42596800
2009-07-21,41.74163055419922,42.235048399428656,41.21637851614834,42.21117427275044,40423000
2009-07-22,42.06793975830078,42.34648146384022,41.49493620876032,41.55860461909899,47552200
2009-07-23,43.3969841003418,43.62777752418106,41.99631252715257,42.08385506970379,64531400
2009-07-24,43.61980056762695,43.66754881566256,42.9433377069938,43.1104626468692,31293500
2009-07-27,43.8426399230957,43.94609953469867,43.30942780410424,43.61184657254901,32672800
2009-07-28,43.86650085449219,44.02566873925983,43.24574944336078,43.57999926908542,56192800
2009-07-29,43.64368438720703,43.87447775690178,43.404933986363794,43.62776728903401,47421300
2009-07-30,44.407684326171875,44.91701929486439,44.07343439142087,44.2564764560525,67822300
2009-07-31,44.22465133666992,44.7896947437708,44.20077720382458,44.232611404869374,40477300
2009-08-03,44.99660873413086,45.02844293143977,44.26443737540665,44.75785832606633,32392400
2009-08-04,45.45022964477539,45.617354605596084,44.6941842520796,44.73397547572132,41223700
2009-08-05,44.99660873413086,45.49798368030353,44.56685617808901,45.49798368030353,54105900
2009-08-06,44.367897033691406,45.330858733973805,44.25648037889855,45.18760788184695,52403600
2009-08-07,45.4343147277832,46.0311922186706,44.79764601134517,45.06027052868015,49363300
2009-08-10,45.51390075683594,45.800402460724584,45.13189949694313,45.30698454618089,44780600
2009-08-11,44.7817268371582,45.39452139702215,44.550933489441434,45.33881307665959,36077000
2009-08-12,45.45820236206055,46.03120589503826,44.77378215008757,44.805616354336735,53618600
2009-08-13,45.832244873046875,45.98345278347918,45.14782468794237,45.832244873046875,43539700
2009-08-14,44.893157958984375,45.800411509969464,44.42361408170021,45.760620273428785,60224900
2009-08-17,43.62775802612305,44.06546750738186,43.51634139844358,43.977925003955015,48853300
2009-08-18,44.20872116088867,44.47930571798781,43.70734326828941,43.93017957381998,39358200
2009-08-19,44.74989700317383,44.78173119958951,43.62776738446757,43.715309906672665,37740100
2009-08-20,45.2353515625,45.338811168480056,44.45543207437292,44.65439122040153,40013900
2009-08-21,46.27789306640625,46.46889212374504,45.65713854036697,45.71284685174706,38321700
2009-08-24,46.2619743347168,46.771309184090995,46.03118103238312,46.47685054352313,33986500
2009-08-25,46.460941314697266,47.01006747290586,46.31769048457751,46.47685841091898,30197300
2009-08-26,46.56439971923828,46.77131894238985,46.18239850250746,46.39727475614526,34163900
2009-08-27,46.492774963378906,46.63602580117722,45.54573045649084,46.50869206045381,45253800
2009-08-28,46.198326110839844,47.097622554190295,45.88795024136861,46.970288786307826,39328800
2009-08-31,45.521854400634766,45.856104317422336,45.30697815303887,45.728770582092444,35360500
2009-09-01,44.503173828125,46.26197472946405,44.328091869580646,45.25126205091746,77077500
2009-09-02,44.28035354614258,44.61460653912939,44.145062764229024,44.28831361324107,43436100
2009-09-03,44.773773193359375,44.81356745864863,43.93814523218051,44.50318858312395,43089000
2009-09-04,45.4024772644043,45.45022855315293,44.463389836810954,44.7180573050523,37229900
2009-09-08,45.90385055541992,45.93568474471833,45.362681480848536,45.88793346077072,41062500
2009-09-09,46.69173812866211,46.978239828837566,45.776527737408415,45.903861489055714,37219700
2009-09-10,47.27269744873047,47.400031189206224,46.31769287722439,46.691734032191754,39171200
2009-09-11,47.28860092163086,47.742230496122794,47.03393349770127,47.42389469827323,31718400
2009-09-14,47.78998947143555,47.83774076259759,46.850901996379626,46.93844451223878,37896000
2009-09-15,48.17995834350586,48.32320920366505,47.5671636719085,47.758162794869875,48814300
2009-09-16,49.17475509643555,49.182712128406514,48.24362449026154,48.39483542059718,39404000
2009-09-17,49.071285247802734,49.61245438543571,48.82457480580437,49.134953633818725,50596200
2009-09-18,49.270263671875,49.41351456056644,48.75296845872514,49.41351456056644,36822800
2009-09-21,49.134944915771484,49.31002687449907,48.617649996740624,48.80069202024572,37511600
2009-09-22,49.47399139404297,49.649488627506514,49.13097573392233,49.481967157826226,36266400
2009-09-23,49.00334930419922,49.944647804058064,48.90762490983055,49.56174718355977,54838900
2009-09-24,48.022151947021484,49.266577841479126,47.671157531232716,49.08310487096352,60639600
2009-09-25,47.726993560791016,48.13382434573001,47.47172354623395,47.79080878216353,51804400
2009-09-28,48.86772155761719,49.122991600536196,47.89451726164591,48.03810532946543,47925100
2009-09-29,48.65233612060547,49.28252473228178,48.596493618865324,48.89962428263539,37453200
2009-09-30,48.054054260253906,48.851764302108556,47.51161118835096,48.756036906109934,79344900
2009-10-01,46.61818313598633,48.006200227188245,46.53841333294999,47.966315325670074,62840600
2009-10-02,46.26719284057617,46.68200252086134,45.89226806275587,46.091695618103174,66448000
2009-10-05,47.09680938720703,47.29623693063895,46.33100835075395,46.51448132554857,48919600
2009-10-06,47.97427749633789,48.22156868452285,47.3520646884802,47.47969816299003,52211000
2009-10-07,47.9902458190918,48.18967337037509,47.74295456001225,47.84665773872599,35534000
2009-10-08,48.428993225097656,48.90762124714385,48.157771592178506,48.444947796801536,48971800
2009-10-09,48.99534606933594,49.067140090075036,48.39706357751748,48.540651618995675,34597000
2009-10-12,49.00334930419922,49.48197431906618,48.77201256170328,49.29052553032885,26895500
2009-10-13,48.795921325683594,49.051191336178384,48.341226849684304,48.91557904800858,35459500
2009-10-14,49.729244232177734,49.82496858534892,49.09905256750427,49.51386215527583,38634600
2009-10-15,49.697322845458984,49.81698053968382,49.32240128672955,49.45003474049264,28632600
2009-10-16,49.20277404785156,49.47399568535556,48.77200973363519,49.370292489039,49031800
2009-10-19,49.60960006713867,49.87284591408448,48.96345670285925,49.362311833608786,38229600
2009-10-20,48.92356872558594,49.713300130775416,48.65234713199028,49.649484896235656,43952800
2009-10-21,48.26145553588867,49.777105769927104,48.189661513370595,48.851762281373105,64591600
2009-10-22,48.931541442871094,49.14692355170371,47.67913673238064,48.24551021689079,58421000
2009-10-23,47.91045379638672,49.20274287733197,47.83865978949967,49.035224542269376,68826500
2009-10-26,47.479705810546875,48.79592565786647,47.24039338767263,48.054058059863095,69899500
2009-10-27,46.89738082885742,47.77486078375897,46.817607987397345,47.519593777132236,71958600
2009-10-28,45.33387756347656,46.905364776687136,45.14242575358595,46.7378463449224,84951000
2009-10-29,46.195396423339844,46.45864224351196,45.56520465052432,45.732726101098784,73615700
2009-10-30,44.93501663208008,46.05978788248263,44.65581623871796,46.00394536939189,116215600
2009-11-02,44.84727478027344,45.58116680774008,44.137313088434475,45.17433588695285,97996600
2009-11-03,45.52532196044922,45.54127652999393,44.42448100604831,44.57604789521154,83105700
2009-11-04,44.871192932128906,46.0119186136675,44.871192932128906,45.83642141865463,92803000
2009-11-05,46.299095153808594,46.402795276323964,45.28600295684328,45.461500153442444,67422600
2009-11-06,46.33101272583008,46.72986785035813,45.684866328606304,45.81249984673436,56216700
2009-11-09,47.24039840698242,47.280283307862156,46.70593099752079,46.73784013543373,49200200
2009-11-10,46.945247650146484,47.471736300769734,46.56234708996804,47.14467521542837,55864400
2009-11-11,47.27229309082031,47.734966349804644,46.90534722246718,47.304202221030714,50320800
2009-11-12,46.402793884277344,47.64722270433287,46.26718463135347,47.28825255979546,68550500
2009-11-13,46.849517822265625,47.0329907958243,45.97203785428538,46.54638710624474,69258000
2009-11-16,48.08596420288086,48.405049462403404,47.16062060189254,47.16062060189254,66099700
2009-11-17,48.08596420288086,48.245506832642135,47.655203058454745,47.92642461614214,43026500
2009-11-18,47.9902458190918,48.165743037988435,47.54352700872895,48.141809662578844,54309000
2009-11-19,46.79368209838867,47.59139233057602,46.41875731549325,47.5116225245665,72350600
2009-11-20,46.737831115722656,46.905349492902694,46.3389760978527,46.44267925454513,39780100
2009-11-23,47.5515022277832,48.117875700377375,47.29623522483871,47.39195959018722,57935400
2009-11-24,47.33610916137695,47.56744578016702,46.76175701624907,47.559466976472464,45238000
2009-11-25,47.32815170288086,47.71902803045302,47.272309184490226,47.61532484347496,47641700
2009-11-27,45.93217086791992,46.80167236922757,45.50140647868613,45.58915511831049,51862100
2009-11-30,46.338993072509766,46.466626603261304,45.357809734290406,45.98800162369888,77936900
2009-12-01,47.056915283203125,47.24836398335929,46.63412690456566,46.7777149511939,63141300
2009-12-02,47.61530685424805,48.03011640242062,47.11275176580803,47.120727526551605,71220600
2009-12-03,47.032989501953125,48.157760686669,47.009059171328126,47.8466542164531,53866100
2009-12-04,48.1976318359375,48.55660190802192,47.2882430153382,48.022137723046555,100434300
2009-12-07,48.269432067871094,48.5326778356486,47.95034988504586,48.189662282920345,55543100
2009-12-08,47.89451599121094,48.23753158378967,47.36802743751238,47.97428578542909,59576600
2009-12-09,47.74295425415039,47.94238180415607,47.30421425274248,47.81474829387335,55537000
2009-12-10,47.5515022277832,48.213600065725885,47.3520746915439,47.95833306278139,54319700
2009-12-11,47.99821853637695,48.077991377641865,47.44779962525139,47.88653960162882,50543400
2009-12-14,48.72413635253906,48.96344878367858,47.83867761860246,48.381120752130784,48248700
2009-12-15,48.58852767944336,49.07513138351156,48.484824502423194,48.62841258044407,55378800
2009-12-16,48.899620056152344,49.154887000520084,48.58053789720368,48.899620056152344,56550000
2009-12-17,48.35719299316406,48.79593300836127,48.006201589610896,48.60448425843155,60917400
2009-12-18,48.80390167236328,48.811877434026584,48.11787053446838,48.69222275094269,63876100
2009-12-21,49.45005416870117,49.54577853587681,49.15489921845691,49.162878024151496,47658100
2009-12-22,49.9127197265625,49.97653799395135,49.39420695460678,49.49791011760242,38750700
2009-12-23,50.555877685546875,50.587916364680765,49.88308070061819,50.21948072077083,49503600
2009-12-24,50.74810791015625,50.772135392388975,50.56389008382642,50.69204174802877,16521900
2009-12-28,50.66801452636719,50.94834841072763,50.435741720370906,50.93232906973187,35784500
2009-12-29,50.64398956298828,50.88427357912923,50.60394273619429,50.79616872695624,24085300
2009-12-30,50.61195373535156,50.85224082042855,50.17944370404284,50.491813248190276,45268900
2009-12-31,50.011234283447266,50.91630714380897,49.86706327718162,50.64398447146017,34407900
2010-01-04,51.24470901489258,51.29276704766519,50.67603604294886,50.692055387206395,42863900
2010-01-05,51.06850051879883,51.40490064558967,50.85224700453463,51.16461658666911,55523100
2010-01-06,51.02042770385742,51.340805318623865,50.89227604687554,51.068482665615306,59708600
2010-01-07,51.396873474121094,51.4369233509771,50.5718973412148,51.05246836509718,56123500
2010-01-08,51.67720031738281,51.67720031738281,51.1005194104696,51.212651724164495,48811500
2010-01-11,51.468955993652344,51.96554018820548,51.26871885436413,51.8854465546407,51638900
2010-01-12,50.90830612182617,51.38887722838686,50.668019040857246,51.148590147417934,45854900
2010-01-13,51.56508255004883,51.66920980696293,50.64399324530674,51.084514482824886,39501900
2010-01-14,51.75732421875,51.91751156714003,51.27674995206863,51.37286602755603,41859800
2010-01-15,51.004432678222656,51.90149776009617,50.676043709705134,51.78135418767694,68725100
2010-01-19,51.94151306152344,51.9575354547966,51.19663065388876,51.19663065388876,46839000
2010-01-20,51.18862533569336,51.58109149737046,50.61194136110708,51.573080300292055,62485000
2010-01-21,50.34763717651367,51.64517630661092,50.1714274798735,51.22867954896073,98323100
2010-01-22,49.442562103271484,50.50782532402355,49.00204093630611,50.267538273518106,83757000
2010-01-25,49.498634338378906,49.77896824656165,49.122190486808115,49.72290207600052,62298700
2010-01-26,49.01005172729492,49.68284878323894,48.97000490183883,49.314413100439744,58213200
2010-01-27,49.53066635131836,49.61075999693788,48.6255934900094,48.79379197903644,72565800
2010-01-28,48.68165969848633,49.65080992149746,48.23313039399529,49.62677938348777,93814200
2010-01-29,48.1450309753418,49.41052844108973,48.03289863658431,48.88190237596365,79325600
2010-02-01,48.71371841430664,48.809831439745366,48.18509219132665,48.36931009649171,60731800
2010-02-02,49.250335693359375,49.30640185654721,48.553508141664665,48.80180333247991,71047700
2010-02-03,48.92196273803711,49.362484044107944,48.5294964129405,49.018075755363284,50241000
2010-02-04,47.28801727294922,48.6015727990794,47.247970444543235,48.58555345664157,99167300
2010-02-05,47.47224044799805,47.52029848069725,46.45503500452943,47.3921437268327,106752200
2010-02-08,46.999671936035156,47.73654330442827,46.95161391207941,47.32005265165291,61579200
2010-02-09,47.6484375,48.00085381321752,47.05573414260402,47.560332657851454,91986700
2010-02-10,47.76058578491211,47.88072629177287,47.00769183158941,47.50428237048923,55715500
2010-02-11,48.52147674560547,48.553512373521606,47.25597625391954,47.624411945659624,51969700
2010-02-12,48.87388610839844,48.93796041044727,47.90473899266355,48.056918133484025,65909800
2010-02-16,49.698856353759766,49.746914366151124,48.92193834671148,49.38648691165645,50057600
2010-02-17,50.03525924682617,50.147391560233835,49.65080429141002,49.9471544133269,50459400
2010-02-18,50.443763732910156,50.4597830783105,49.85907137499728,50.03528111902336,43072800
2010-02-19,50.507835388183594,50.764138774775276,50.147407795983604,50.25153200159191,56840800
2010-02-22,50.66000747680664,50.820197834844265,50.475789634445306,50.79616729514361,45344900
2010-02-23,50.067298889160156,50.66000223597043,49.92313094275528,50.58791673507967,58965400
2010-02-24,50.49181365966797,50.74010583505105,50.099347398837445,50.25152962801002,50476000
2010-02-25,50.507835388183594,50.55589036355867,49.64280916690363,49.802999547367776,51949700
2010-02-26,50.29957962036133,50.62796847736423,50.02725693001427,50.58792165194962,60093900
2010-03-01,51.468955993652344,51.5170109516407,50.66800438112323,50.66800438112323,70967800
2010-03-02,51.861427307128906,52.1818080029916,51.581096489781615,51.66119013605891,55605300
2010-03-03,52.15778732299805,52.454134463951235,51.88546155723223,52.11773743925903,56207500
2010-03-04,52.29392623901367,52.35800358307088,51.95752934884111,52.17378274659437,47174200
2010-03-05,53.359214782714844,53.439308445857854,52.46214986755064,52.63034839337741,52293900
2010-03-08,53.455322265625,53.60750449609732,53.279112548394835,53.3752286061807,46046400
2010-03-09,53.64754867553711,54.056028128485735,53.28711808023942,53.30314047687694,70685800
2010-03-10,54.104095458984375,54.38442632499244,53.67158236110569,53.6956098480843,73655200
2010-03-11,54.264286041259766,54.35239090598051,53.5834807226717,53.77570674081017,59964100
2010-03-12,54.24025344848633,54.568639277288234,53.8718177355785,54.544611791126435,61862000
2010-03-15,54.0560417175293,54.312345131376354,53.66357845180374,54.208223970073156,49862700
2010-03-16,54.520565032958984,54.54459251062752,53.93586992976505,54.32833910085849,52874400
2010-03-17,54.840965270996094,55.169351101147974,54.62470567314212,54.64072807115209,53589100
2010-03-18,54.67277145385742,55.08926217658556,54.576655389802504,54.81694249456233,71527500
2010-03-19,53.9919548034668,54.87299715137001,53.79171762845454,53.991954803466804,80546500
2010-03-22,54.75286102294922,54.87300456634226,53.48736043928418,53.60750398267722,56679400
2010-03-23,55.44968032836914,55.465696613388744,54.55261559843295,54.80090773613479,61187700
2010-03-24,54.81695556640625,55.37901974855661,54.80089939021835,55.146165375005175,59664500
2010-03-25,54.4716682434082,55.692145438684975,54.431524755677195,55.2987049534837,66977000
2010-03-26,54.44761276245117,55.05785171691148,54.24687682850794,54.69652948620348,58114700
2010-03-29,54.74467086791992,54.92131936255214,54.44757966095022,54.688465085625204,38646400
2010-03-30,54.913307189941406,55.19433619852378,54.495779252329434,54.83301406262829,35773100
2010-03-31,54.4395866394043,55.25055538550072,54.43155548693544,54.70455341113239,59821600
2010-04-01,54.94544982910156,55.15421695270231,54.11038746067417,54.865156666478384,58838700
2010-04-05,55.973209381103516,56.01335901992854,54.953473490280814,55.08997246072621,52020600
2010-04-06,56.30242919921875,56.43892819374434,55.66810277492373,55.78051443229491,50203600
2010-04-07,56.12575912475586,56.45496281677208,55.76443082750074,56.23817073919784,71418200
2010-04-08,56.06956100463867,56.366646258119744,55.53159018662891,55.96517440122153,54603600
2010-04-09,56.40679168701172,56.41482283882349,55.80458394658099,56.157881114612,53070100
2010-04-12,56.6396598815918,56.752071530449214,56.30242493501955,56.430892765438564,49301000
2010-04-13,56.76812744140625,56.80024593035175,56.15789452936786,56.519216809547835,42151000
2010-04-14,57.98057174682617,57.980571746826165,57.00097931911482,57.09733478160245,62041600
2010-04-15,58.157203674316406,58.277646436365856,57.884199671939434,57.956467779558444,55141800
2010-04-16,57.37832260131836,58.18929698059519,56.96079481626764,58.0046173418798,93241600
2010-04-19,57.097328186035156,57.627267853563644,56.02941157256373,57.05717854980939,85284600
2010-04-20,57.87616729736328,57.91631079563319,57.15351694280672,57.40242746038687,50736600
2010-04-21,58.27766418457031,58.39007582979137,57.74771832054941,57.972541610991534,60382500
2010-04-22,58.89591979980469,59.008331428929196,57.37835668064952,57.68347308456256,79289500
2010-04-23,59.522216796875,59.58645376582975,58.32583234847167,59.008333297186006,66271100
2010-04-26,59.29740524291992,59.94779396158509,59.281349060497355,59.55434704351118,62710000
2010-04-27,57.94041442871094,59.61053249879616,57.82799668626925,59.05650556791046,101050200
2010-04-28,58.0367546081543,58.43822635406126,57.74769446102347,58.269608955897056,79762700
2010-04-29,59.2652702331543,59.28935756306218,58.11706054174416,58.4703577163239,68869600
2010-04-30,57.53090286254883,59.36161305801312,57.46666591246906,59.257232608613045,88759100
2010-05-03,58.82365417480469,58.863797682171125,57.86011810840078,57.892236589878316,53775400
2010-05-04,56.976890563964844,57.972539147604785,56.63162448946411,57.9645141204123,105727600
2010-05-05,56.141822814941406,56.9688538572931,55.71626362817592,56.511176186963795,110340400
2010-05-06,54.03811264038086,56.358619408090064,50.87451255007558,55.740349337926496,195388200
2010-05-07,52.480403900146484,54.29505848730976,51.90228342098122,53.56437673559404,189573100
2010-05-10,55.427207946777344,55.451295279931635,54.35929125312137,55.04179836435893,107703400
2010-05-11,55.79655838012695,56.62358944628362,54.584117752059676,54.76879138039927,100027800
2010-05-12,57.50680923461914,57.57104005168603,56.037421323956316,56.08559596824951,84618400
2010-05-13,56.95279312133789,57.892235718004905,56.67978909587741,57.378352274051636,78553600
2010-05-14,55.8527717590332,56.60754093176891,55.098008712272865,56.58345359663485,86134200
2010-05-17,55.95717239379883,56.663760947257124,54.399458987927844,56.206083087157914,78565900
2010-05-18,54.88119888305664,56.848414559595234,54.704550294651845,56.687822149239025,87146900
2010-05-19,54.23079299926758,55.24250330578669,53.45996814105301,54.63226466246088,107292800
2010-05-20,51.484745025634766,53.09063220031612,51.45262654702432,52.809597043968154,166841100
2010-05-21,52.2475471496582,52.70522482093976,50.392746070315376,50.641659723972104,139644500
2010-05-24,51.548980712890625,52.52054793595287,51.50080605342354,52.030751811457485,75991800
2010-05-25,51.54096221923828,51.581105731890624,49.549658987243916,50.42486781333452,110830700
2010-05-26,51.66940689086914,52.95411511378199,51.37231868863042,51.741674982830624,104172900
2010-05-27,53.885555267333984,53.90964259955054,51.66942881379218,52.96216873452701,86856200
2010-05-28,53.19501495361328,53.933721615565624,52.77748696563221,53.72496068456192,92369800
2010-06-01,51.58108901977539,53.371655730445575,51.54094552012941,52.67309267609955,88420300
2010-06-02,53.05047607421875,53.07456339873359,51.40443947134779,51.8942354897251,61553800
2010-06-03,53.73299789428711,53.86949687073523,52.88991057565895,53.15487737524205,74864100
2010-06-04,51.03510665893555,52.753402758016136,50.88254538371347,52.279668878499855,105547200
2010-06-07,49.71825408935547,51.47670210385739,49.670079445442106,51.25990701728924,88434200
2010-06-08,49.69417953491211,50.26426876291926,48.73867774164717,49.870828109275315,129072000
2010-06-09,49.7263069152832,50.92269139310998,49.453305916485924,50.07960106426136,108638000
2010-06-10,51.444618225097656,51.452649379807546,50.424879049094045,50.60955578857671,75497300
2010-06-11,52.14317321777344,52.21543522053253,50.72999039050268,50.81831470008054,65295200
2010-06-14,52.472354888916016,53.39574111076282,52.319799794260895,52.83368312840697,70543000
2010-06-15,53.7891960144043,53.933726123472844,52.48040000659821,52.93004651215629,72336400
2010-06-16,53.540279388427734,54.10233745694014,53.1950133960634,53.31545616102277,62369400
2010-06-17,53.60451126098633,53.95780224511675,52.97018514328848,53.86145294306887,67327600
2010-06-18,53.63662338256836,54.22276865382769,53.355588282295656,53.773122294946866,52760900
2010-06-21,53.08259963989258,54.600162489599164,52.769452139221265,54.49578203136648,58648400
2010-06-22,51.99060821533203,53.877524817257246,51.92637124460039,53.283348152926365,70827400
2010-06-23,51.846065521240234,52.40009853898906,51.23582976221171,51.854096672127774,70315300
2010-06-24,51.01904296875,51.813955509242035,50.8986001896514,51.41248366289617,72504900
2010-06-25,51.894248962402344,52.12710336978675,50.74604229296249,51.21174804474418,87177700
2010-06-28,51.597164154052734,52.384045553728164,51.31613201975293,51.862130920733634,64643900
2010-06-29,49.64601135253906,50.76210262594816,49.28468606830912,50.76210262594816,110269700
2010-06-30,49.07590866088867,50.28032397956975,48.931378577608015,49.485411584512704,93806400
2010-07-01,48.72262191772461,49.300742337635455,47.47002869558011,49.14015299177278,114225800
2010-07-02,48.19012451171875,49.05210075351304,47.8678890815061,48.93931927485806,72084200
2010-07-06,47.561790466308594,49.54353096747156,47.25566697548194,49.027956502752694,89452600
2010-07-07,49.22127914428711,49.26156088291399,47.5214961022885,47.706780422324414,79640200
2010-07-08,49.93019104003906,50.03491801994134,49.172941744208224,49.76101881539573,58770100
2010-07-09,50.70354461669922,50.70354461669922,49.76101116174294,49.93018336036621,38202700
2010-07-12,50.13159942626953,50.896906481591095,49.64019164107151,50.55855887823112,43038300
2010-07-13,51.71859359741211,51.91193856862925,50.62299975143525,50.81634164958718,83581200
2010-07-14,51.53330993652344,51.87165440111642,51.1305171512089,51.57358552737681,52526100
2010-07-15,51.05801010131836,51.638029574484065,50.43770889450289,51.638029574484065,71044000
2010-07-16,49.197113037109375,50.78411767477911,49.052107381227614,50.679390684850006,98127500
2010-07-19,49.40656661987305,49.52740261675984,48.45597536031731,49.35823037727921,63879600
2010-07-20,50.236328125,50.32494304965499,48.504317524195514,48.69765945735783,71430700
2010-07-21,49.33405685424805,50.72771938584984,49.2212723040576,50.63104691425803,68456600
2010-07-22,51.090240478515625,51.28358238678015,50.083258415412764,50.0913159928342,81000700
2010-07-23,52.34693908691406,52.45166297048725,50.703541151652345,50.84049226003426,73916800
2010-07-26,53.53921890258789,53.587552072425716,52.298616325663275,52.57251862904867,66248300
2010-07-27,53.34585952758789,54.191720404565494,53.15252077658274,54.02254822916998,84127100
2010-07-28,52.48391342163086,53.515062209643176,52.185844478230095,53.27338402352022,59705100
2010-07-29,52.34693908691406,53.1605758704803,51.51718408134708,52.93501295439744,63214400
2010-07-30,52.379154205322266,52.85445273469364,51.41245429078764,51.638017194437175,67453000
2010-08-02,53.28949737548828,53.603675319127206,52.83836518641514,53.305606385822756,49896600
2010-08-03,52.86252975463867,53.59560946116912,52.43556422009276,53.112259326097444,51145700
2010-08-04,53.418373107910156,53.55532731542919,52.93502303198147,53.15253456113367,40817400
2010-08-05,52.79002380371094,53.33782226190504,52.73363305710848,52.89475386606581,37991000
2010-08-06,52.47583770751953,52.69334922908471,51.444689275871255,51.91998175921904,62483200
2010-08-09,53.05587387084961,53.25727029272616,52.24223060555165,52.86253502676481,35100700
2010-08-10,52.05695343017578,52.69336691085423,51.66221198706247,52.53224607301262,59841700
2010-08-11,50.01075744628906,51.01773948501365,49.873806291028565,51.01773948501365,87392600
2010-08-12,49.761009216308594,50.06713252070486,48.947366262819855,49.019869069833064,63300200
2010-08-13,49.197113037109375,49.68852075170144,49.11655570520406,49.54351509581968,68238000
2010-08-16,49.591854095458984,49.88186235027794,48.64126277542267,48.85071369385837,51371000
2010-08-17,50.44575500488281,50.872717340632185,49.83351147588038,50.12352270074733,54593200
2010-08-18,50.59883499145508,51.09829722618535,49.897973274309244,50.389381004814254,61766600
2010-08-19,49.21321487426758,50.63104390290763,49.092375828497275,50.42159303971229,89236900
2010-08-20,49.261573791503906,49.29379488855741,48.44793039784941,49.03600767373337,64085700
2010-08-23,48.592918395996094,49.881854000771234,48.56069423761049,49.624066879816205,55423700
2010-08-24,48.03706359863281,48.592916480076276,47.368426167286614,47.819555147703255,78875300
2010-08-25,48.762107849121094,48.88294694923589,47.44094761909839,47.642344070579064,64025300
2010-08-26,48.39957809448242,49.36627823162469,48.222348301909435,48.93931890195136,74569900
2010-08-27,49.66434860229492,49.78518458661431,47.98067474036642,48.95543248330795,72003600
2010-08-30,48.57680892944336,49.672405788959914,48.55264234588683,49.4226731576373,42401800
2010-08-31,48.480133056640625,49.06821007158641,48.07734032806971,48.455966476307054,60625100
2010-09-01,50.35716247558594,50.38938664222279,49.15684146248695,49.32601372773194,62585200
2010-09-02,50.91301345825195,51.058019120424,50.16381856138482,50.341048386942965,45824200
2010-09-03,51.82332229614258,51.98443695511958,51.24329969001696,51.686374221399106,51986300
2010-09-07,50.84050369262695,51.67025581171749,50.67938597073798,51.66219823543732,48881600
2010-09-08,51.13856887817383,51.54941921780379,50.93717249645147,50.96133907887738,58863300
2010-09-09,51.170799255371094,51.944163790698234,50.784118524240164,51.91999105920489,52494300
2010-09-10,51.3319206237793,51.64609854796696,51.03385170892877,51.36414171551907,46973500
2010-09-13,52.580570220947266,52.74974860815862,51.81526634756274,51.91999026457553,60551500
2010-09-14,52.35501480102539,52.862537743763546,52.16973352520936,52.46779631138246,55811200
2010-09-15,52.653072357177734,52.82224458616221,51.8233202190553,52.20999784355409,63008500
2010-09-16,52.31473922729492,52.69336550344543,51.87166461772915,52.52418709169751,52659700
2010-09-17,52.532230377197266,52.78195991857205,51.78303560694322,52.685293590881,61775400
2010-09-20,53.990333557128906,54.13533918236913,52.33888709058493,52.70139808062091,70669500
2010-09-21,53.67615509033203,54.3206258940088,53.59559777640471,53.99033291693896,64974200
2010-09-22,53.039756774902344,53.893681751788726,52.62891251451852,53.53116451799435,65225800
2010-09-23,52.397705078125,53.43145047177464,52.220036153888756,52.6157631058247,62724700
2010-09-24,54.10176467895508,54.158297103760944,53.05187590947872,53.13263563611964,71675000
2010-09-27,53.96446228027344,54.23905269259761,53.71410532675485,54.117910044853744,48357100
2010-09-28,54.497493743896484,54.618630244024416,53.10032654722768,54.085611158746346,66176700
2010-09-29,54.65092468261719,54.87705432075276,54.20674322529961,54.41671722552806,53580600
2010-09-30,54.51363754272461,55.361629924684316,54.069449883303605,55.054734392149406,81818000
2010-10-01,54.80439376831055,55.12743887492743,54.31175136707371,55.030523494470486,61763500
2010-10-04,54.06137466430664,54.9981983548734,53.68987508342924,54.65900388905978,56292700
2010-10-05,55.59584426879883,55.733142589427764,54.31174790779027,54.659020297009306,77655500
2010-10-06,55.41009521484375,55.77351707064719,55.09512796339484,55.547387368229735,43163400
2010-10-07,55.248565673828125,55.78966252891896,54.85283260526515,55.741201771838526,39955400
2010-10-08,55.951175689697266,56.258071191080255,55.03050150868922,55.329319191201485,59953200
2010-10-11,55.99965286254883,56.41961335119602,55.83813338942172,55.99965286254883,37345900
2010-10-12,56.14498519897461,56.387270407747984,55.24854471427827,55.854251574642895,51099800
2010-10-13,57.0010986328125,57.45335812903557,56.34693053397724,56.52460566794303,58582200
2010-10-14,56.960697174072266,57.29989168603901,56.44382758586441,57.041456891935084,70382100
2010-10-15,56.76686477661133,57.54216905181573,56.44381978821683,57.45333152596798,74953500
2010-10-18,57.243350982666016,57.364493622713276,56.74263710744091,56.98491622596482,39841500
2010-10-19,56.12886428833008,57.146454056783114,55.68467656674329,56.564974189095665,64627600
2010-10-20,56.70225524902344,57.04144971833267,56.072320902714644,56.40343755278202,54118800
2010-10-21,56.42769241333008,57.412971079573765,55.692764622833835,56.98493892096522,62505300
2010-10-22,56.79109573364258,56.84762814813831,56.338836417676674,56.564966075659626,26267800
2010-10-25,57.13029098510742,57.79253049016401,56.823401611105496,57.21105069810044,36095900
2010-10-26,57.08991241455078,57.477561489358465,56.52458211823074,56.82339982463866,37884100
2010-10-27,56.94454574584961,57.03338328092916,56.161163570096186,56.70226043898335,53515400
2010-10-28,56.59727096557617,57.437185521549615,56.33075837192121,57.38872476533987,48482400
2010-10-29,56.77494430541992,57.07375584538717,56.39536689474395,56.435743668527465,40455100
2010-11-01,56.387290954589844,57.47756246821406,55.97540841421765,57.06568608941292,47357500
2010-11-02,57.558326721191406,57.59063184078612,56.750717216038005,57.07376225041367,55102800
2010-11-03,57.78447723388672,57.841009667142146,56.93648457348221,57.63102941723351,58044500
2010-11-04,59.24620819091797,59.26235766295144,58.64857914057772,58.842403612823695,60908000
2010-11-05,59.577369689941406,59.76312264709907,59.197798275877545,59.318934811443924,45659100
2010-11-08,59.528907775878906,59.69043340611593,59.052421030218426,59.38353778945197,31656700
2010-11-09,58.737430572509766,59.80347466506899,58.41438560109811,59.69040984931046,48438600
2010-11-10,59.39158630371094,59.39966412162987,58.23670480409366,58.818184462861765,53667600
2010-11-11,59.15739822387695,59.39160572756487,58.519385954155744,58.7374439782939,42989400
2010-11-12,58.17212677001953,59.036268918375185,58.06713972526398,58.575931627411386,48799200
2010-11-15,58.18018341064453,58.834345069754136,58.12365099765445,58.45476765614751,38922600
2010-11-16,57.04953384399414,57.889448452442686,56.65380691938857,57.744078497873296,69965600
2010-11-17,57.20299530029297,57.356436950125335,56.8557228902941,57.17876799566538,39512500
2010-11-18,58.31748962402344,58.61630740006877,57.873308032227406,57.88137969205419,52638700
2010-11-19,58.51130676269531,58.64052724235282,57.768307489379495,58.1478849464089,32830300
2010-11-22,58.79395294189453,58.9473945018994,57.93788298958369,58.28515519628307,42163100
2010-11-23,58.23670959472656,58.34169659003006,57.74406740783202,58.08326184949278,52202300
2010-11-24,59.54505157470703,59.56120105373182,58.753591547918504,58.76166936821667,42138400
2010-11-26,59.1331787109375,59.545061351771835,59.060490639462,59.18163331753946,19004000
2010-11-29,59.22200012207031,59.36737006382556,58.1721054136634,58.9151045997143,47897000
2010-11-30,58.75362014770508,59.15742509717384,58.293282751773674,58.535568186084745,68631800
2010-12-01,60.06999206542969,60.22343984129877,58.80204540378224,59.86001803290211,59974000
2010-12-02,60.67567825317383,60.80489868544313,60.05382186719351,60.14265937398632,42529200
2010-12-03,61.1118278503418,61.29758080255602,60.37690618731225,60.43343862292991,36549400
2010-12-06,61.49138259887695,61.660979842799144,60.974513047427095,61.08757787670856,36177500
2010-12-07,61.84675216674805,62.37977136354048,61.70945999683198,62.234401371401994,66769100
2010-12-08,61.80635070800781,62.19400595814332,61.67713639901009,61.984025774254455,40388800
2010-12-09,62.01633071899414,62.2505382000689,61.76597375992887,62.2505382000689,49384000
2010-12-10,62.7916145324707,62.94506225029719,62.0001548150546,62.226290564008586,43303000
2010-12-13,62.46858596801758,63.14698106923254,62.4443586718261,63.041987903641825,43025600
2010-12-14,62.436302185058594,62.76742511033148,62.33131514516792,62.75934728831747,60000700
2010-12-15,62.242469787597656,63.04200154274829,62.12132711886039,62.38783975776796,52002400
2010-12-16,62.81587219238281,62.969319984397856,62.072872857017984,62.33130767634367,57936100
2010-12-17,63.009681701660156,63.13082434209929,62.420130299264706,62.88046740367689,40362300
2010-12-20,63.26002502441406,63.64767395874224,62.93698013809476,63.2438693912353,42692700
2010-12-21,63.962669372558594,64.02727961076725,63.470027088967676,63.51848784840989,30166800
2010-12-22,63.94401168823242,64.23606806130041,63.86288629337373,64.11437687427694,29812300
2010-12-23,63.862876892089844,64.18738461322457,63.773637114041044,64.05757904898269,25239600
2010-12-27,64.05755615234375,64.17113288572371,63.53023206766952,63.660037585513905,15770300
2010-12-28,63.87912368774414,64.2198603282015,63.7006440640456,64.17929452664372,25827900
2010-12-29,64.01704406738281,64.10627769027276,63.88723845322953,63.96836386733916,18138800
2010-12-30,63.89533233642578,64.26851407308943,63.89533233642578,63.96022893319354,37997400
2010-12-31,63.47347640991211,63.9926863699116,63.41668801395814,63.82232118204967,33323500
2011-01-03,64.57681274414062,64.91754319173832,63.87101484404143,64.04138006784028,48878000
2011-01-04,63.61952209472656,64.82019932585654,62.929946757217245,64.77151912345721,77509000
2011-01-05,64.3658676147461,64.38209640744059,63.368013495515775,63.60328147381884,47145300
2011-01-06,64.0656967163086,64.52000383541923,63.806091764035344,64.41454145118863,39392300
2011-01-07,63.700618743896484,64.44698834537043,62.82445595955119,64.28473139310658,59486800
2011-01-10,64.0656967163086,64.32530166858186,62.97048851732674,63.47346963077914,55020300
2011-01-11,64.32528686523438,64.64168013458404,63.98455660431455,64.38207524205434,42124300
2011-01-12,64.87699127197266,65.00679071000623,64.50380937710078,64.85265426418343,38442600
2011-01-13,64.85261535644531,65.14467165364556,64.55244466502582,64.89317494860302,29687600
2011-01-14,65.3393783569336,65.4529551260669,64.64980334734717,64.78771711137053,38036700
2011-01-18,65.38809967041016,65.41243668291375,64.79587840124196,65.13660895524072,37824100
2011-01-19,63.70872497558594,65.46917090315303,63.57081122593559,65.36370853979732,70707400
2011-01-20,63.04351043701172,63.71686302632207,62.74333964444086,63.39235523236167,79653000
2011-01-21,62.621639251708984,63.47346503841097,62.56485086592885,63.44912804300089,56676500
2011-01-24,63.0840950012207,63.335585676365156,62.540541654092564,62.62978147871927,48142600
2011-01-25,63.181400299072266,63.19762908683061,62.42692259450363,62.718978879463684,47013400
2011-01-26,64.1874008178711,64.39832562880892,63.0759636039708,63.278780207199,65896200
2011-01-27,64.37397003173828,64.63357496130232,63.87098896228472,64.18738227676994,48174800
2011-01-28,62.80012512207031,64.4551028711546,62.7352223348006,64.34152608816784,91023700
2011-01-31,63.23818588256836,63.6843846841685,62.6703021255034,63.17328930281003,53265200
2011-02-01,64.69847106933594,64.90940198706474,63.57892608656446,63.749291223759954,57786700
2011-02-02,64.45510864257812,65.00677000482644,64.43077164254042,64.56868543573475,39937400
2011-02-03,64.6822509765625,64.77959895046308,63.68439091779612,64.40641727508238,41156200
2011-02-04,64.79583740234375,64.87696278918256,64.28473570526577,64.57679204946169,39532700
2011-02-07,65.43672180175781,65.91536579473771,64.82827227134484,64.88506064660464,40835200
2011-02-08,65.89917755126953,65.93162276307316,65.17714470446451,65.43675591466886,37563900
2011-02-09,65.60710144042969,65.95594616261285,65.24202792774308,65.72067821607351,43298900
2011-02-10,65.86672973632812,65.94785514919818,65.09602284038203,65.16904004459565,48001000
2011-02-11,66.58062744140625,66.60496444098575,65.54220752954174,65.62333292463036,38579100
2011-02-14,66.92135620117188,67.01871038661382,66.56440323349291,66.61307723147851,36730500
2011-02-15,66.5400390625,66.9213350984058,66.38590272099357,66.74285557611212,42908600
2011-02-16,67.07546997070312,67.18904671020022,66.66983698979405,66.69417397833371,38284700
2011-02-17,67.54603576660156,67.74885234729322,66.88890583632042,67.01059702262958,34891200
2011-02-18,67.61905670166016,67.95978712182117,67.36756608527539,67.70018210796444,39514200
2011-02-22,65.8829574584961,67.35134797071338,65.78560324180977,67.11608611196536,68370300
2011-02-23,64.7471694946289,66.06953768975447,64.32531368940174,66.01274928925329,91258600
2011-02-24,65.16090393066406,65.48541166346968,64.38208908561272,64.86884759008603,85126500
2011-02-25,66.66989135742188,66.69422836580775,65.420540014671,65.46921403144275,58566800
2011-02-28,66.74287414550781,67.20529567762097,66.19121282741928,67.05115929323027,49869300
2011-03-01,65.40428924560547,67.04304439590678,65.18524388549683,66.99437040009174,70865100
2011-03-02,65.68008422851562,66.01270620684897,65.0959718105909,65.33123965611432,61072300
2011-03-03,67.17289733886719,67.35137084586626,65.73695155503607,66.33728728815072,78937600
2011-03-04,66.88079071044922,67.20529225440832,66.23988963903064,67.16473265614853,60907100
2011-03-07,65.78559112548828,67.18908475756008,65.23393590095388,67.14041075291802,90777900
2011-03-08,66.85645294189453,67.180954482108,65.34749725991536,65.84237015505208,67755300
2011-03-09,66.58873748779297,66.99437062620866,66.3210181309657,66.72665126938139,51216900
2011-03-10,64.87699127197266,65.73693189104814,64.6579458229236,65.71259488325892,107642100
2011-03-11,65.0473403930664,65.46919619895381,64.31719939300027,64.36587339651419,83202700
2011-03-14,64.69847106933594,65.16900688985824,64.01701052055394,64.36584899947631,60138300
2011-03-15,64.12250518798828,64.63360085705192,62.929942437367565,63.24633587861727,84941700
2011-03-16,63.481597900390625,64.60925773854335,63.08407908429008,63.83044271151157,126014500
2011-03-17,63.61952209472656,64.44701745131587,63.61952209472656,64.35777763463521,63992800
2011-03-18,64.4632339477539,64.5686963622543,64.14684051478065,64.35777153325351,70017700
2011-03-21,65.95598602294922,65.97220863378669,65.19339333463826,65.2907475680845,50638200
2011-03-22,65.60710144042969,66.19932231493385,65.44484448274562,66.05329414775323,52372800
2011-03-23,65.8099136352539,66.0046157821049,64.77960213800017,65.46106893618314,58044700
2011-03-24,66.2643814086914,66.49200925090746,65.63839864020375,66.24811873287968,52850900
2011-03-25,66.84156799316406,67.52445137311453,66.29688631595707,66.64645934209139,78164900
2011-03-28,66.69525146484375,67.28058376535449,66.63834450242707,67.0610810514661,42798300
2011-03-29,67.32125854492188,67.38629687497,66.32132058061731,66.73592597928187,40967200
2011-03-30,68.19111633300781,68.28054247347993,67.50823257201596,67.61391519148499,42147100
2011-03-31,68.42684173583984,68.52439916873598,68.0447495433207,68.12605050526378,41625800
2011-04-01,68.72763061523438,69.11784789346883,68.49187150020481,68.91460791869078,49160200
2011-04-04,68.88209533691406,69.0772039770399,68.72763097051886,68.90648314163082,42236600
2011-04-05,69.2560806274414,69.71133634944722,68.711392585877,68.84146919353239,45454400
2011-04-06,69.4105224609375,69.81700246031556,69.02843647153188,69.61376246062653,59035700
2011-04-07,68.99593353271484,69.7357240800971,68.7926934852898,69.47557706748881,69434400
2011-04-08,68.27236938476562,69.394251719479,67.9634406792365,69.30482564181439,63650400
2011-04-11,67.66265869140625,68.51626290894094,67.394380422013,68.30489158738334,41784100
2011-04-12,66.77655792236328,67.51635476560585,66.70339447319589,67.30498335290872,58103300
2011-04-13,66.8659439086914,67.32119941436841,66.39442573358816,67.19112907091402,80424900
2011-04-14,67.17488098144531,67.23991926848427,66.21558795599415,66.32940185711611,58532300
2011-04-15,67.89029693603516,67.89029693603516,66.87409685222237,67.19928211952107,53690700
2011-04-18,66.76839447021484,66.87408322692934,66.19932502018226,66.8659518912455,58593400
2011-04-19,66.78466033935547,67.23178458510684,66.39443683894005,66.9960316605135,31991000
2011-04-20,68.15045928955078,68.20736625899131,67.67894085567531,67.88218091830497,47061100
2011-04-21,68.65447998046875,68.67887399419563,68.06915390128776,68.56505387065079,30293300
2011-04-25,68.56507873535156,68.71954319966973,68.10169154479283,68.58947275792478,23441400
2011-04-26,69.24794006347656,69.6462887671626,68.57318170654382,68.71951476946425,53200000
2011-04-27,69.66255950927734,69.72759160957817,69.01218888711766,69.2885985723734,44680600
2011-04-28,69.97960662841797,70.32104838053519,69.52434475653503,69.5893830528602,43464600
2011-04-29,70.23160552978516,70.46736464596167,69.85764471866126,70.06901603012845,41030900
2011-05-02,69.4105224609375,70.57305550725448,69.3292277015404,70.54866769967461,48962400
2011-05-03,68.53252410888672,69.49994220131042,68.06100586415369,69.33735269738482,56070000
2011-05-04,67.64639282226562,68.6625927015853,67.25617554194629,68.63007356116005,64754600
2011-05-05,67.33749389648438,68.3536941320257,66.99605210591706,67.18302947591602,91858900
2011-05-06,67.6951675415039,68.56503437866698,67.34559453951921,68.09352235468091,76446200
2011-05-09,68.4837646484375,68.5569342907605,67.50821490168703,67.61389749349354,45806800
2011-05-10,69.53246307373047,69.5405944098468,68.74389093503497,68.8333170251381,44373700
2011-05-11,68.24797821044922,69.39425459766127,67.92279922624498,69.29669718096507,81313700
2011-05-12,68.849609375,69.05284944876973,67.45944801470243,67.85779682262054,80109400
2011-05-13,67.89029693603516,69.09347436192937,67.69518205422007,68.90649701984795,74669000
2011-05-16,66.89846801757812,68.19920256075841,66.84156107513873,67.44314963841119,68771600
2011-05-17,66.68707275390625,66.92283177426786,66.17491045598301,66.36188768435957,76475100
2011-05-18,67.71144104003906,67.73582884833905,66.66272186639043,66.76840443648796,54512200
2011-05-19,67.85777282714844,68.2642528309508,67.25618415819089,68.17482673392287,52914400
2011-05-20,67.36186981201172,67.84151326132141,66.89848283454603,67.67892373330966,56016800
2011-05-23,66.15056610107422,66.62207824904169,66.03675218235172,66.1912103849646,50696600
2011-05-24,65.8335189819336,66.63021649559988,65.71157371283127,66.32941899213337,60223400
2011-05-25,66.66272735595703,66.89848652625919,65.65465858139072,65.66278371656463,60009900
2011-05-26,67.54070281982422,67.57322195666352,66.37817003798173,66.41881430723748,51821300
2011-05-27,68.00410461425781,68.23173241977887,67.68705071336883,67.84964023091459,46619400
2011-05-31,68.97154998779297,68.98781266739651,68.10168270085236,68.78457258911698,77456200
2011-06-01,66.75215911865234,68.95528040416498,66.68712081739001,68.86585429052772,80933800
2011-06-02,66.72775268554688,67.19927093452843,66.33752918926062,66.92286133249398,64666600
2011-06-03,65.7522201538086,66.44324130054927,65.59776193012279,65.69531318668345,76493800
2011-06-06,64.67097473144531,65.90667128360852,64.62219291061218,65.64652431460611,63782200
2011-06-07,64.82543182373047,65.38637623584351,64.65471095969451,65.06932231657777,58242200
2011-06-08,64.10189056396484,64.80916795053389,63.988076667605526,64.60592796383624,67740400
2011-06-09,64.4433364868164,64.80104087167011,64.00434354481378,64.28887830440532,58469700
2011-06-10,63.4109001159668,64.15069692780246,63.12636526618175,64.04500812474333,71823100
2011-06-13,63.2320442199707,63.931190497630794,62.88247108114066,63.59788003636169,60285400
2011-06-14,64.58966064453125,64.77664414789277,63.727925147697896,63.76857562306962,66662700
2011-06-15,63.43525314331055,64.39454596964684,63.18323758633453,63.89863998809386,89262000
2011-06-16,63.581607818603516,64.12628958967798,62.78491040469616,63.484050375058565,81849500
2011-06-17,63.597869873046875,64.32952898411703,63.27268460013058,64.2157150689553,77862900
2011-06-20,64.18318939208984,64.41082340164935,63.35397292278275,63.3783607303517,53343900
2011-06-21,65.5733413696289,65.66276124268981,64.56526673769508,64.69534328467665,75970200
2011-06-22,65.06932830810547,65.93919538251454,65.0449404970537,65.21566137680949,55839700
2011-06-23,65.32133483886719,65.45141141617363,63.654770558278365,64.32952264527962,92521100
2011-06-24,64.98802185058594,65.6546487764954,64.60592967310264,65.54896001108544,73865400
2011-06-27,65.49209594726562,65.62217260451924,64.59784063703444,64.96367658376292,51195400
2011-06-28,66.50823974609375,66.54075888262166,65.58146606341718,65.71154260952882,54021800
2011-06-29,66.82532501220703,66.98792077133972,66.20747973468492,66.7440302338377,68230200
2011-06-30,67.3131332397461,67.5163733688487,66.8903902978706,66.99607913453772,59915500
2011-07-01,68.36181640625,68.47563653406809,67.16677018929445,67.37813536371465,63908100
2011-07-05,68.52650451660156,68.60804361481505,68.11064702836805,68.4368096422564,48268900
2011-07-06,68.80374908447266,68.9097555270887,68.17589109028101,68.42051464289537,57094100
2011-07-07,69.83930969238281,70.10023855858422,69.26037396490578,69.4805301684678,68556600
2011-07-08,69.41529083251953,69.48052459909965,68.75481605374044,68.99943956789868,61977400
2011-07-11,67.93941497802734,68.92605240270473,67.75186944789911,68.54281178712041,59769800
2011-07-12,67.55619049072266,68.30636034826102,67.49911248462813,67.58065160461516,65322100
2011-07-13,68.15957641601562,68.87713548629084,67.85788109877271,67.98834242543678,79327200
2011-07-14,67.07511138916016,68.63252925106386,66.90387735540341,68.29006118355038,91726600
2011-07-15,67.52359771728516,67.60514308743547,67.00989547894504,67.36051941906115,75496200
2011-07-18,66.43907165527344,67.37678058683733,66.04767528668985,67.2218581714064,56859700
2011-07-19,67.93941497802734,68.01280452322,67.00985554581777,67.0506282065953,56060800
2011-07-20,67.82527160644531,68.02096672829448,67.39310869438701,67.96388872521199,40277400
2011-07-21,68.44498443603516,68.73853024799384,67.87419814787722,68.03728261065213,63405500
2011-07-22,68.53463745117188,68.70587136666084,68.00462415787804,68.37155308806405,34540200
2011-07-25,67.7274169921875,68.29820321081937,67.47464388197126,67.6948001036055,49764900
2011-07-26,67.2137222290039,67.75188539594441,67.03433243301171,67.58065137823444,52205500
2011-07-27,65.20785522460938,66.78974088677762,65.11000451051372,66.77342932390911,97533300
2011-07-28,65.10184478759766,66.02325518169074,64.97953917868095,65.1996954957691,67439400
2011-07-29,65.02027130126953,65.37905082070634,63.71562698654679,64.18856249470716,93519600
2011-08-01,64.59626770019531,66.03952918999802,63.98471506161134,65.79491186718552,93483200
2011-08-02,62.58223342895508,64.97136649795078,62.468077409634034,64.35165794946765,95669600
2011-08-03,62.99811935424805,63.071502733475526,61.05745371193112,62.533339289356206,114910400
2011-08-04,59.19829559326172,62.14190286206385,59.19013981599477,62.027746864467815,130904800
2011-08-05,58.162742614746094,60.21755703193687,56.80102004115749,59.94847234009164,188585600
2011-08-08,53.09908676147461,58.22797635386443,53.06646986966656,56.27100639263382,170159700
2011-08-09,56.63794708251953,56.76841467634341,51.990144810177526,54.56682068834502,207867000
2011-08-10,53.865562438964844,56.72763095572982,53.71063997775193,54.917433880528655,182376400
2011-08-11,56.556396484375,57.43703390109186,53.87371778519472,54.23249737445774,121880100
2011-08-12,56.9069938659668,57.56746851124062,56.09974638607289,57.070072028418835,86475800
2011-08-15,58.513362884521484,58.57044088651596,57.38810195800807,57.551186407303454,57616800
2011-08-16,57.437034606933594,58.22797713605456,56.80102076072302,57.559340176561705,79484300
2011-08-17,57.453330993652344,58.31765672992348,56.88255102083841,57.86918852872257,66789100
2011-08-18,54.183570861816406,57.40441905995225,53.669868794231505,55.496371255569606,110692200
2011-08-19,53.229549407958984,54.96636316820709,52.91969825976756,53.009393159171736,99196100
2011-08-22,53.04201889038086,54.78698249877332,52.65062233493934,54.72990448246281,72211900
2011-08-23,55.602378845214844,55.69207374756109,52.88708310190319,53.376324064950495,93274300
2011-08-24,56.4259147644043,56.77653848750452,55.05603675566791,55.54528378960084,67698000
2011-08-25,55.03974151611328,57.314718245303574,54.83589062160916,57.06194512684985,80732900
2011-08-26,56.35255813598633,56.52379219056217,53.86557401254279,54.84406232288139,84468500
2011-08-29,59.0189094543457,59.075987456658936,57.11086804470133,57.135329156973334,53069800
2011-08-30,59.36138153076172,59.74461597748073,57.99150330401997,58.62751708410803,67801600
2011-08-31,59.23908615112305,60.25018510138096,58.627533313130115,59.687554499695565,70313900
2011-09-01,57.96703338623047,60.038159078396994,57.64087695429603,59.279833554182616,86788800
2011-09-02,55.82254409790039,57.11088361102227,55.52899822855522,56.55640877126332,78920100
2011-09-06,55.6675910949707,55.700207979671056,53.759549997759756,53.759549997759756,71493900
2011-09-07,57.77134323120117,57.85288234616892,56.319925833253876,56.58901051157957,68952400
2011-09-08,56.71133804321289,58.138294725037426,56.4096363909108,57.355501585066456,71124100
2011-09-09,55.03974151611328,56.36884710870735,54.42818883260092,56.018223321318835,99453600
2011-09-12,55.51268768310547,55.65130482478504,54.118348045008894,54.126497603199375,100109900
2011-09-13,56.409610748291016,56.637922718231145,55.30881733834563,55.887753039560835,84144100
2011-09-14,57.42072677612305,58.21982513541529,55.806230941912006,56.94779113942022,77019200
2011-09-15,58.227970123291016,58.25243123427064,57.070092361627985,57.95072968310623,74213100
2011-09-16,58.31766891479492,58.733526536754276,57.79581105317536,58.42367537549154,75773300
2011-09-19,57.273948669433594,57.90181294217612,56.6297790615063,57.159792660032394,69216200
2011-09-20,56.385162353515625,58.1301256269668,56.35254546173646,57.477800233455554,63453200
2011-09-21,54.2977294921875,56.77655749106188,54.256963039737876,56.29547229331518,81413800
2011-09-22,52.78109359741211,53.75141994216577,51.7699914614952,52.43046969539794,159808200
2011-09-23,53.32134246826172,53.640582431613055,52.470033817605646,52.59281986008482,84086000
2011-09-26,54.32817077636719,54.418213441688486,52.61736638041889,53.894326004748,75555800
2011-09-27,55.498714447021484,56.80022991540632,55.06486971240398,55.53963895357762,93999600
2011-09-28,53.370445251464844,55.76066023441904,53.28858998554288,55.49053223623572,85412600
2011-09-29,54.295440673828125,54.86024651351818,52.69105335174126,54.62286805990172,73927200
2011-09-30,52.63373565673828,54.17263571545438,52.58461750661836,53.32951470607221,72124900
2011-10-03,49.92428207397461,53.173983088499426,49.80968034791034,52.23263518659033,119485000
2011-10-04,53.034820556640625,53.10848839987784,49.18756490675175,49.37583445881607,165100000
2011-10-05,53.76335525512695,54.131707046839125,52.322678950920476,53.026645426546594,100371000
2011-10-06,54.95847702026367,55.09763163072541,53.3295337247531,53.62421774994148,85789700
2011-10-07,53.616024017333984,55.34319719903167,53.370451943619166,55.15492444316268,93662300
2011-10-10,55.96527862548828,55.9734597771239,53.64873870120788,54.819286635955436,76366700
2011-10-11,56.350032806396484,56.57923633857444,55.28590165306556,55.4332436583154,63173300
2011-10-12,57.1522216796875,57.733402218867084,56.33365648447848,56.78386983990617,88580000
2011-10-13,57.10310363769531,57.397787575955434,56.13719656121073,56.82478825371357,54163300
2011-10-14,58.23271560668945,58.39642611426766,57.14402262034324,57.77432118934601,69768200
2011-10-17,56.46462631225586,57.807072647169214,56.17812351607947,57.71702998182631,57529900
2011-10-18,57.96258544921875,58.35549939571554,55.53963380709525,56.65288270282163,98948000
2011-10-19,56.83297348022461,58.24090641026217,56.53828955323275,57.79888051977438,71071600
2011-10-20,56.98853302001953,57.07857572567786,55.457813268987216,56.93941484274094,90998600
2011-10-21,58.224544525146484,58.24910672880675,57.31593658959299,57.766149979338344,60408600
2011-10-24,60.099056243896484,60.230029675225275,58.249103365054275,58.48648178031307,81399100
2011-10-25,58.41279220581055,59.70612625643847,58.24908172263304,59.66519551306679,66767900
2011-10-26,59.41963195800781,59.78798996505506,57.74157740975535,59.427819356872554,76643400
2011-10-27,62.55475616455078,63.00496955917044,59.4687678578404,61.62977966170001,130508100
2011-10-28,62.23551940917969,62.96404203416895,62.01450952374289,62.45653553977418,82397500
2011-10-31,60.5820426940918,61.75259176908384,60.516555946291966,61.269634810510055,66969200
2011-11-01,58.437374114990234,59.73070874019126,58.08539079914837,58.265476157740586,110064900
2011-11-02,59.87802505493164,60.00081104177373,58.797519611999775,59.44418664722369,63821300
2011-11-03,61.367828369140625,61.55609485044562,59.174073586169456,60.79482903502617,74622200
2011-11-04,61.06495666503906,61.24504199055221,60.205467036666676,60.72116081369011,65262500
2011-11-07,60.94215774536133,61.28595976907649,59.67338582586857,60.98308849073251,67136100
2011-11-08,61.83442687988281,61.9162821653104,60.13180946429398,61.506999493014504,72278500
2011-11-09,58.887577056884766,60.508332506159675,58.78934699368533,60.01719468047504,78806400
2011-11-10,59.321441650390625,59.943553167144515,58.63384339605021,59.85351046425281,72175100
2011-11-11,60.884864807128906,61.00765081091006,59.370520747576236,60.03355642477665,62452000
2011-11-14,60.00901412963867,60.79483598945412,59.56698816252555,60.655681401239896,61114200
2011-11-15,60.770286560058594,61.097713931443046,59.28868535486206,59.68978060610025,65795300
2011-11-16,59.78801727294922,61.294174603905404,59.68160601972678,60.14000064303373,56938700
2011-11-17,58.936668395996094,60.11540376236533,58.33911331578,59.71430249482607,78923500
2011-11-18,58.92032241821289,59.3214175942491,58.48647764150507,59.14133226149425,53462900
2011-11-21,57.51240158081055,57.99535212570493,56.980332869625435,57.741598872974514,58233500
2011-11-22,57.029441833496094,57.815263756662816,56.72657667533785,57.40598111469114,55404700
2011-11-23,55.236793518066406,56.55467800873934,55.14675082840157,56.3991548362658,69700300
2011-11-25,54.532814025878906,55.695175071685924,54.532814025878906,54.8847972997677,28167900
2011-11-28,57.12763214111328,57.23404330568119,56.4072974410278,56.55463309420499,59167100
2011-11-29,57.02124786376953,57.446898967901554,56.57922196035007,57.16858358641992,58157100
2011-11-30,60.352813720703125,60.401925633257584,57.013066273551885,59.39508770979407,93802900
2011-12-01,59.918983459472656,60.68843691694084,59.80438480561462,60.13999960988333,57394700
2011-12-02,60.16454315185547,61.08951959423293,60.00901376294466,60.64749362982087,47671500
2011-12-05,61.19594955444336,61.711643495561106,60.680249368167374,61.343291572642464,58429900
2011-12-06,61.25321960449219,61.629758749883145,60.64747701633021,61.23684480743092,43597000
2011-12-07,61.13044738769531,61.441499905271776,59.86166887110389,60.80302006936624,55904400
2011-12-08,59.23134994506836,60.72113764427726,59.116751371679506,60.49194049749957,71486700
2011-12-09,61.01582717895508,61.36781032874383,59.247724032531295,59.34595406682855,72184900
2011-12-12,60.139984130859375,61.0649605261139,59.34597491552317,60.156352686415424,47638600
2011-12-13,58.887577056884766,60.95854582271175,58.56833715793194,60.76209194146915,79040300
2011-12-14,58.15085983276367,58.84663885148093,57.77432067257734,58.3227577377299,77704900
2011-12-15,58.69110870361328,59.02672335530025,58.15085904463516,58.985792606748774,50096100
2011-12-16,59.14950942993164,59.984442993091676,58.71567097342605,59.1658779822795,66225600
2011-12-19,58.12631607055664,59.918969595501736,57.97897408609406,59.69795974138627,52897500
2011-12-20,60.459224700927734,60.54926737034997,59.35416295683999,59.386906313462326,74174400
2011-12-21,60.70479202270508,60.893058502167285,59.534243656585545,60.18909200253421,59194600
2011-12-22,61.091392517089844,61.42041704017342,60.852856170365584,61.000916891972146,41502800
2011-12-23,61.32169723510742,61.42862750860396,60.93509399733051,61.32169723510742,24333600
2011-12-27,61.50266647338867,61.82346990646873,60.93510565090921,61.08316636016913,26922400
2011-12-28,60.384002685546875,61.609612691254554,60.268838759758246,61.59315801230421,37827500
2011-12-29,60.9926872253418,61.231229838583,60.54027773891529,60.64721431331823,27090500
2011-12-30,60.66365051269531,61.297017390674014,60.61429904251028,60.967999221948055,31979800
2012-01-03,61.66718292236328,62.4074864814281,61.5026675338931,62.25119843128653,60504700
2012-01-04,61.329933166503906,61.57670311978341,60.926881433393284,61.346387843720194,34648500
2012-01-05,61.675376892089844,61.97149187988651,60.351058540605734,60.893943339786105,57274600
2012-01-06,61.51911544799805,62.0044216704914,61.09138176061504,61.708300279416925,45499800
2012-01-09,61.8316764831543,61.938613027668055,61.20653699106545,61.80700074999537,52042400
2012-01-10,62.73651123046875,62.86812355492994,62.481520196351504,62.646035601927984,42977600
2012-01-11,62.9832649230957,63.06551946681486,62.40747684144215,62.47327671104582,33445800
2012-01-12,63.172489166259766,63.27119216026125,62.46508842300983,63.16426182488541,36131400
2012-01-13,62.83521270751953,62.90924619978383,62.185391055956295,62.66247625972985,42600400
2012-01-17,62.810543060302734,63.55906773998682,62.62135191782999,63.41923435568398,34518400
2012-01-18,63.9291877746582,63.93741510913044,62.63777238968473,62.77760569762552,49330800
2012-01-19,64.32403564453125,64.4556479420559,63.879859829434935,64.26645683326915,35830500
2012-01-20,64.36518096923828,64.57904786445697,64.07728684622535,64.24179598062668,42221200
2012-01-23,64.28292846679688,64.85048939164628,63.78939477211945,64.37341037631023,37481400
2012-01-24,64.65306854248047,64.77645351859238,63.559064710239745,63.896316559904264,49856900
2012-01-25,65.2042007446289,65.45097077161526,64.31584245384748,64.65308813006486,68272900
2012-01-26,65.13015747070312,65.73062770823758,64.77645719941482,65.68949728865624,52755700
2012-01-27,65.5743637084961,65.62371520960754,64.79292937903313,64.81761140521209,52203500
2012-01-30,65.06434631347656,65.33579200037943,64.58726109569947,65.04789791227962,46332400
2012-01-31,64.99854278564453,65.6565918212982,64.63662146409365,65.52498577953989,52024000
2012-02-01,66.39689636230469,66.54495708365258,65.36869865172793,65.60724127365623,67292200
2012-02-02,66.77526092529297,67.06315497980187,66.41333338498481,66.66010330348941,46400100
2012-02-03,68.23116302490234,68.45325713231017,67.64714777399868,67.83633881824915,72738000
2012-02-06,68.00906372070312,68.21470312403427,67.7540728687698,67.91858188118809,34516000
2012-02-07,67.96798706054688,68.26410853748608,67.51558378094975,67.9515386565487,41623400
2012-02-08,68.11607360839844,68.44509829362391,67.39222432140149,68.10785254109513,46697400
2012-02-09,67.77880859375,68.2970180896636,67.3181716550936,68.28879074907452,48712500
2012-02-10,66.84928131103516,67.17830574357897,66.69299956918164,67.03847239932405,42503000
2012-02-13,67.71296691894531,67.80344879111989,67.12895155575768,67.54023051087168,38574100
2012-02-14,67.40863037109375,67.5484700104835,66.923324128968,67.37573357130552,49375200
2012-02-15,66.84928131103516,67.80345153785031,66.62719342754906,67.79522420124147,59836600
2012-02-16,68.10781860351562,68.19007316492923,66.857526677794,66.8904297574836,61456800
2012-02-17,68.09959411621094,68.52732161884433,67.96798179194157,68.51087321612117,33292000
2012-02-21,67.63896942138672,68.30523961305029,67.30994485768834,68.20653036125431,39889400
2012-02-22,67.10431671142578,67.74591126824937,67.03851053236114,67.42511398983757,42626900
2012-02-23,68.10781860351562,68.14894274641205,66.84107827575959,67.21122693993121,53177500
2012-02-24,67.97618103027344,68.29697809353866,67.83634770025904,68.13246903182977,37607700
2012-02-27,67.86102294921875,68.23117147323985,66.83282563180634,67.31813175332817,51807700
2012-02-28,67.68008422851562,68.32167858758403,67.31815663083778,67.90217844549821,47680600
2012-02-29,66.66835021972656,68.23943325035897,66.60254405205045,67.90218762335662,64213200
2012-03-01,67.01382446289062,67.75412817429226,66.92334254951811,66.93979095393962,69526300
2012-03-02,66.01029968261719,67.15365515014801,65.67304778720522,66.97269133071929,70789500
2012-03-05,66.08432006835938,66.13367782575959,65.32756806151104,65.79642596527803,44334800
2012-03-06,64.76822662353516,65.49208180801749,64.4967872049749,65.32756641353485,80769300
2012-03-07,65.37690734863281,65.44270721387537,64.80111302952271,64.90804957732749,57456300
2012-03-08,66.22416687011719,66.37222760704852,65.26999628197721,65.80466040287486,43803100
2012-03-09,67.1207504272461,67.57315996476548,66.18303454549797,66.23238603118327,61462900
2012-03-12,66.98914337158203,67.39219514176638,66.6683461681833,67.23590707193888,34084200
2012-03-13,68.32169342041016,68.34636916640524,66.95624984516523,67.49913508392316,60998100
2012-03-14,67.76233673095703,68.46151616443782,67.45799423817273,68.23942195420118,46707700
2012-03-15,68.32990264892578,68.37103306509664,67.47444145265946,67.65540524281855,58740500
2012-03-16,68.27234649658203,68.49443450101991,67.98445231467275,68.45331034681715,42045800
2012-03-19,68.84809875488281,69.4156657555892,68.06667120298147,68.18182881535388,66822800
2012-03-20,68.23116302490234,68.51906325862491,67.9268206730275,68.37100261222557,43829100
2012-03-21,68.21473693847656,68.62601594901227,67.9761943592915,68.43682484289319,40504700
2012-03-22,67.55670928955078,67.8281550281497,67.13720908512153,67.52380620527016,60102900
2012-03-23,68.21757507324219,68.30833432417425,67.03771110598261,67.65652074696091,46464800
2012-03-26,69.63670349121094,69.68620624147698,68.99314255832697,69.09214805885905,56454000
2012-03-27,69.14994049072266,69.85126340191547,69.10043771387976,69.65323970482447,41730700
2012-03-28,68.74563598632812,69.32318922170562,68.15983019191432,69.14167698691423,48836000
2012-03-29,68.547607421875,68.66311805005768,67.67301885796128,68.25883085141831,45615600
2012-03-30,68.32488250732422,68.97669655545158,68.09386108163082,68.96844399171633,45904700
2012-04-02,69.16646575927734,69.19121715490822,67.97009584660543,68.10211168311884,52756800
2012-04-03,68.70437622070312,69.30668710456358,68.42385217538309,69.02616305924354,52012300
2012-04-04,67.6070556640625,68.01134309223077,67.20276194103353,67.96184030772139,65172400
2012-04-05,67.31002044677734,67.6565524975839,67.17800463988334,67.32651927520902,31978700
2012-04-09,66.20438385009766,66.4766616227301,65.88260331693482,66.08062065391402,50062200
2012-04-10,64.6449966430664,66.13839525927803,64.47173065231765,65.94037158854327,101228600
2012-04-11,65.56082916259766,65.65158842897235,65.05753006537738,65.18954583277993,54346800
2012-04-12,66.50143432617188,66.75721335892699,65.54434497817425,65.62685170379926,60728700
2012-04-13,65.62682342529297,66.34464484812769,65.53606417775558,66.31988717573454,53965200
2012-04-16,65.73409271240234,66.17138390979741,65.0822790483172,65.91561123845872,44725900
2012-04-17,66.68292236328125,67.28523314476044,66.22912613786153,66.27863518645255,46737700
2012-04-18,66.17964935302734,66.55918530191887,65.86612129825416,66.34466908832317,49008100
2012-04-19,65.80010986328125,66.82320698762318,65.38756998953026,66.270405067563,74260400
2012-04-20,66.17964935302734,66.80671175743299,66.05588612527029,66.23740468666608,46632000
2012-04-23,65.2637939453125,65.31330300093907,64.61198031747213,65.16478842377471,62477000
2012-04-24,65.75887298583984,65.9486441541466,65.06580881260291,65.28857764118312,44810200
2012-04-25,66.78194427490234,67.13672875170327,66.4436586202248,66.62517713787052,50263300
2012-04-26,67.44200134277344,67.54926571407695,66.6829296597919,66.79018773623794,43147600
2012-04-27,67.97005462646484,68.09381782442513,66.85619843453777,67.64002782504774,46796400
2012-04-30,67.21923828125,67.95355864637284,67.18623434075641,67.94530608753495,38093600
2012-05-01,67.28521728515625,68.45682834299238,67.0706949114444,67.29346354559706,60493600
2012-05-02,67.46676635742188,67.50802286162387,66.47667320516123,66.75720358504563,52095800
2012-05-03,66.51793670654297,67.45852718859113,66.14664701424432,67.3760204663668,61487800
2012-05-04,65.25555419921875,66.46017616987801,65.131797272998,66.06413512139486,75093300
2012-05-07,65.42884063720703,65.67636083804344,64.86778603584013,64.98329672186917,47361400
2012-05-08,65.38756561279297,65.42882211535012,64.33146461385834,64.92552299947369,62939600
2012-05-09,65.01627349853516,65.39580935039935,64.33145593556257,64.56247721105751,64431000
2012-05-10,65.2637939453125,65.63508353565224,64.87600553300236,65.44531246127535,45697800
2012-05-11,65.09877014160156,65.64331930759847,64.70272923417562,64.72748061060412,44862900
2012-05-14,64.23245239257812,64.73575150538254,64.03443503020115,64.4304697549551,51220200
2012-05-15,64.116943359375,64.76050452449863,63.91892599199664,64.21595519049349,54317800
2012-05-16,63.6549072265625,64.67800440631963,63.613650719009215,64.33972496484785,52659400
2012-05-17,62.21100997924805,63.81991285924284,62.17800603621502,63.71265476552935,71665100
2012-05-18,61.62519836425781,62.631796500192365,61.46017866459598,62.20275157592949,77636200
2012-05-21,63.07736587524414,63.07736587524414,61.39420815086179,61.82324699740098,61384400
2012-05-22,62.69780349731445,63.55588712505264,62.268764830874574,63.05258801364025,59678300
2012-05-23,63.10212707519531,63.23413661422188,61.62523298159585,62.08727581048098,66981800
2012-05-24,63.23407745361328,63.31658412517088,62.334744032381025,63.06081155488566,54576500
2012-05-25,63.192832946777344,63.44035930321713,62.928807770841374,63.28359219114815,33847700
2012-05-29,64.10868835449219,64.28196062605521,63.333117738984434,63.803412902856614,51160000
2012-05-30,62.879302978515625,63.564120420250035,62.79679629399671,63.44860980295225,47891500
2012-05-31,62.79682540893555,63.192860196185386,61.93874164341497,62.92883490639901,59563900
2012-06-01,60.907352447509766,61.88919880908878,60.81659322274925,61.38589994263697,76127100
2012-06-04,60.76713562011719,61.34468902957034,60.1813296491404,61.13016649397629,50123200
2012-06-05,61.55094528198242,61.608700610052246,60.404084985411245,60.44534148897196,48270600
2012-06-06,63.06908416748047,63.12683948542346,61.90571895552619,62.03773470788592,48638400
2012-06-07,62.65654754638672,64.12518824380543,62.65654754638672,64.07568548160053,57907100
2012-06-08,63.506370544433594,63.580624678395935,62.16973947939775,62.62353572535787,50420100
2012-06-11,62.103755950927734,64.24071598108377,61.955241329932875,64.18296064485574,52803000
2012-06-12,62.8875846862793,62.92058863435679,61.69946773492733,62.244023435916795,56599400
2012-06-13,62.16149139404297,63.151590648773904,61.88096736352659,62.78030106767823,62715800
2012-06-14,62.87107467651367,63.09384973500087,62.01299727265313,62.19450953067739,53619000
2012-06-15,63.71266174316406,63.7951684623533,62.788570121610654,62.99484006701336,57935000
2012-06-18,63.78687286376953,64.02614659437727,62.99479756323441,63.20106736946298,45656600
2012-06-19,64.89251708984375,65.24730159856466,63.97667815558416,64.06743742257265,66897000
2012-06-20,64.79348754882812,65.24728375970089,64.33969763281195,64.90899816707636,54642300
2012-06-21,63.21763229370117,64.7935318310316,63.11036786426479,64.66152230346644,62486400
2012-06-22,63.93540954589844,64.14167942365188,63.24234577817827,63.58887766203836,41001200
2012-06-25,62.93706130981445,64.02616596439707,62.70604006412373,63.036073112906266,48620100
2012-06-26,63.18333435058594,63.49842590606075,62.5365767962669,63.092124303066754,42495600
2012-06-27,64.21153259277344,64.228113365727,63.31601902628699,63.37406122081158,38510400
2012-06-28,64.10369873046875,64.15345367309632,63.11698198840438,63.66423574833875,58183700
2012-06-29,65.96936798095703,66.1103329811296,65.14019037908025,65.45528191651218,71660200
2012-07-02,66.73221588134766,66.757090197112,65.7371989679126,66.26787212462875,53370400
2012-07-03,67.60285186767578,67.66089404933696,66.69075773037572,66.79854854599697,32322500
2012-07-05,67.52824401855469,67.85991008729238,67.18827807413636,67.67749627993655,42819900
2012-07-06,66.77369689941406,67.02245280591639,66.4586115671532,66.97269782894062,38530600
2012-07-09,66.51664733886719,66.77369044491452,66.21814281036872,66.68248037642194,34636100
2012-07-10,65.7786636352539,67.13022090973006,65.48845272676189,67.0058429986268,49990800
2012-07-11,65.55477905273438,66.04399712647577,65.13190303140689,65.82840917909195,40171300
2012-07-12,65.33089447021484,65.58793746489923,64.3358776975991,65.04068361716439,55502600
2012-07-13,66.14352416992188,66.4088608684262,65.52164068972803,65.56310211885797,42114800
2012-07-16,65.8781509399414,66.23469752391479,65.59623362179252,66.01911592513824,31922600
2012-07-17,66.11033630371094,66.4585893957322,65.21482293040766,66.31763071459837,43662500
2012-07-18,66.51664733886719,66.92294270916375,65.9610997043214,66.00255480064764,46045000
2012-07-19,66.29277038574219,66.94782168401159,66.17668598616284,66.79028218522551,49405400
2012-07-20,65.44696044921875,65.88642337855694,65.34745690203789,65.77863261370128,42314300
2012-07-23,64.4022445678711,64.70074911144033,63.99594917706166,64.26957939635432,47367200
2012-07-24,63.55650329589844,64.65931169871939,63.199956456119,64.63443104151224,55609200
2012-07-25,63.697444915771484,64.16178250732573,63.407233921050086,63.84669718821752,37217500
2012-07-26,64.24466705322266,64.82508869661004,63.84665912195599,64.65925574881977,44745100
2012-07-27,65.77037811279297,66.10205047416423,64.17006482084146,64.53490505096225,67297100
2012-07-30,65.54650115966797,66.25959450346981,65.28945176524009,65.9362093733106,34785200
2012-07-31,64.96607971191406,65.89476113028121,64.96607971191406,65.28117132631745,48933500
2012-08-01,63.896446228027344,65.5050533602207,63.87986545370975,65.4304303866036,63601100
2012-08-02,63.66426467895508,64.10372786078803,63.22480149712214,63.24138226811863,43374800
2012-08-03,65.18165588378906,65.52161543232796,64.38564609512346,64.62610837390632,52414100
2012-08-06,65.68743133544922,66.02739076276269,65.16504555101264,65.25625556651359,34662800
2012-08-07,66.28443145751953,66.80681084815336,66.03567575181559,66.2098022153602,50064000
2012-08-08,66.18498229980469,66.49178041214543,65.95281349095248,66.0025621425278,28011700
2012-08-09,66.50007629394531,66.6576221459446,66.07720004825205,66.13524225802131,24045900
2012-08-10,66.26789855957031,66.37569573904791,65.91964534770165,66.14352060500991,26068400
2012-08-13,66.16010284423828,66.34252298737108,65.41384149784278,66.16839639423299,31544800
2012-08-14,66.00253295898438,66.6824583097567,65.72890284405676,66.58296105059958,26052900
2012-08-15,66.5829849243164,66.5829849243164,65.76209428519843,65.82013648255904,27061400
2012-08-16,67.27947235107422,67.41214380833247,66.1932516807962,66.48346258589453,46037700
2012-08-17,67.75210571289062,67.87648362688296,67.15509678662619,67.34581043156425,33453500
2012-08-20,67.60285186767578,67.71064900942037,67.14680796208742,67.65260050163585,32657000
2012-08-21,67.56139373779297,68.58127864476872,67.32093147427986,67.93452112793081,43743800
2012-08-22,67.23798370361328,67.57794943053797,66.98923431119783,67.38723586951083,37611400
2012-08-23,66.765380859375,67.21313754457972,66.50004426734147,67.21313754457972,32208500
2012-08-24,66.94779205322266,67.22142215660597,66.42541248631838,66.61611977573887,25676100
2012-08-27,67.14684295654297,67.50338978003025,66.8151704629993,67.35413747424192,23628400
2012-08-28,67.4535903930664,67.5862618336043,66.95608514329429,67.13850521097264,28505600
2012-08-29,67.66089630126953,67.9594007672116,67.27947533392657,67.5945605696994,30858800
2012-08-30,66.98926544189453,67.37068641507891,66.86488752482657,67.31264423059702,24562900
2012-08-31,67.26286315917969,67.60282255403396,66.616099567529,67.5613674857506,34088500
2012-09-04,68.08378601074219,68.32424831897403,66.79027073651154,67.31265044507602,69560700
2012-09-05,68.10037231445312,68.41546393586145,67.86820353623104,68.15841450900865,35103700
2012-09-06,69.3524398803711,69.60119578379997,68.42375834384548,68.4735133202065,46332500
2012-09-07,69.86652374267578,69.98260812948861,69.4021798692998,69.5348513548714,32012900
2012-09-10,69.55144500732422,70.02407619147871,69.47682202746468,69.80020092577428,30671300
2012-09-11,69.7006607055664,70.11524946793807,69.50995341750402,69.55970204462943,33164100
2012-09-12,70.05723571777344,70.18990721209845,69.56802381623129,70.05723571777344,29751700
2012-09-13,70.97760772705078,71.4336579788291,69.80847049468287,70.18159791804794,69437600
2012-09-14,71.64095306396484,72.10529054200451,71.16832203778199,71.19319635608788,46040200
2012-09-17,71.30929565429688,71.49171579489484,70.95274892298039,71.29271488066297,30183000
2012-09-18,71.07711029052734,71.22636252292486,70.77860582573231,71.09369106029439,32991100
2012-09-19,70.95272827148438,71.33414921529787,70.82006314265163,71.25952626647754,29342000
2012-09-20,70.63768768310547,70.81181433315363,70.1567628442331,70.59622624570618,34939800
2012-09-21,70.89471435546875,71.37563908223215,70.86984002927852,71.34247120526994,38826000
2012-09-24,70.66327667236328,71.11277878535176,70.42187703664075,70.66327667236328,54635300
2012-09-25,69.64773559570312,71.17937313141525,69.57282175223283,71.11277881447481,74752200
2012-09-26,69.20655822753906,69.86416280730359,68.95683271849002,69.79756849145271,42167400
2012-09-27,69.95572662353516,70.2137716524107,69.14828802904715,69.49789865219144,33252800
2012-09-28,69.45629119873047,69.92243875820087,69.30645714736009,69.73930754532773,43944300
2012-10-01,69.68933868408203,70.3719143603867,69.3480476705388,69.88911522693707,43705600
2012-10-02,69.82257080078125,70.12223900449679,69.3980461378395,70.04732512896108,25792500
2012-10-03,69.622802734375,70.10560227244021,69.23156884493551,69.87252838531552,38568500
2012-10-04,70.09724426269531,70.13886730237058,69.25650839737162,69.88914176588736,43327200
2012-10-05,70.01398468017578,70.96293128846331,69.78923049091786,70.4052182793576,40981400
2012-10-08,69.57279205322266,69.8391628564933,69.41463220569977,69.6060891974791,21062200
2012-10-09,68.75709533691406,69.67274547435686,68.62391298003607,69.60615747131143,45221200
2012-10-10,68.64884948730469,68.94851757690765,68.40744984008097,68.81532893673571,32465600
2012-10-11,68.89856719970703,69.45628668011464,68.7570590356145,69.1732640011458,38978500
2012-10-12,68.3408432006836,69.1066586912725,68.1826896574685,68.87358496377003,31847100
2012-10-15,68.79035949707031,68.79035949707031,68.05784100885455,68.54063396545054,34413700
2012-10-16,69.29812622070312,69.38969182046885,68.99013226232897,69.15661805771381,29234800
2012-10-17,69.92244720458984,70.04730998761218,69.29813964026314,69.43964783065547,35466500
2012-10-18,69.53951263427734,70.04728309974995,69.4645924529083,69.87247781093221,31431700
2012-10-19,68.13274383544922,68.99012495076894,67.81643038391645,68.9651536718036,53565500
2012-10-22,68.11613464355469,68.2326715745326,67.71657491535437,67.95797465831905,30682000
2012-10-23,67.77483367919922,67.86639930482988,66.9507493993087,67.5500857304238,40737600
2012-10-24,67.59171295166016,68.13278090986898,67.35031955645238,68.00791809631518,24472200
2012-10-25,67.86637878417969,68.37414933613034,67.31699154729854,68.15772098182754,27794000
2012-10-26,67.54174041748047,68.17437373505673,66.9757014177088,67.79146593385585,41402800
2012-10-31,67.94963836669922,67.96629012616565,67.32533075320251,67.5584109302344,24879800
2012-11-01,68.66549682617188,68.84862803617497,67.85805813704049,68.10778366900544,77113300
2012-11-02,67.58338165283203,69.04841893433998,67.56672989350501,68.99847635792972,39322100
2012-11-05,68.03282928466797,68.12438848433275,67.35857329041042,67.57500153244249,26861600
2012-11-06,68.5406265258789,68.73208359277739,68.23263893453289,68.28258149512232,27342500
2012-11-07,66.87581634521484,67.7332039797915,66.51788614200207,67.7332039797915,65095500
2012-11-08,65.93519592285156,67.00900559447201,65.88525335465947,66.7343087678468,42653100
2012-11-09,66.07674407958984,66.56786958350973,65.51070467805525,65.65221929153005,33030000
2012-11-12,65.88524627685547,66.30977711323555,65.78535480041789,66.22653104081242,20155100
2012-11-13,65.51065826416016,66.22653130452078,65.41077313810852,65.58557845948258,34408200
2012-11-14,64.29534149169922,65.84362447622553,64.145507449623,65.66049327471195,54653100
2012-11-15,63.96234893798828,64.50341643395313,63.504527480465,64.17045133253006,55966400
2012-11-16,64.49513244628906,64.66161191333698,63.37137381596955,63.91244161005217,62748300
2012-11-19,65.86029815673828,65.91024073712869,65.11112769695256,65.19436744786522,45621100
2012-11-20,65.97681427001953,66.05172811697838,65.46071781587314,65.7437405006579,36928500
2012-11-21,66.326416015625,66.36803904775648,65.86858806531082,66.10166815415089,19254500
2012-11-23,66.98404693603516,67.05896080244362,66.47627622775926,66.50957339642487,20093300
2012-11-26,67.2004623413086,67.25040490924115,66.65106869091309,66.88414247564415,31180700
2012-11-27,67.11721801757812,67.61666911311724,67.06727544833801,67.15884105913455,39942000
2012-11-28,67.68327331542969,67.68327331542969,66.28482388437077,66.85918897147286,51316900
2012-11-29,68.45742797851562,68.59894256993206,67.94133760662382,68.21602820584901,53043500
2012-11-30,68.32423400878906,68.59893091211903,68.03289169500854,68.5906050315007,35722500
2012-12-03,68.24929809570312,68.8902573894632,68.04952146229043,68.84863434672592,24959800
2012-12-04,68.33253479003906,68.52399188701345,67.80811876911957,68.31588938415557,37225000
2012-12-05,68.24929809570312,68.68215487734611,67.75817921548342,68.6571835920176,40376100
2012-12-06,68.35749053955078,68.5156440725546,67.93295979141979,68.24095368332382,31829500
2012-12-07,68.4074935913086,68.71548775560142,68.11615119307915,68.67386469123095,24123400
2012-12-10,68.70713806152344,68.80702957092154,68.43244117376796,68.56562985296544,29173000
2012-12-11,69.43133544921875,69.55619189430811,69.02344989264145,69.1816098574688,40262100
2012-12-12,69.04009246826172,69.7559656285426,68.89857793134311,69.64774825614691,40570000
2012-12-13,68.5988998413086,69.26482392107461,68.3491743421568,69.0733732090704,33439300
2012-12-14,68.55730438232422,68.93188643092948,68.35752771312046,68.4407674627232,28508000
2012-12-17,69.52285766601562,69.531183541512,68.69044793828144,68.82363654309437,35849400
2012-12-18,70.47183227539062,70.56339153088524,69.49790776776929,69.68103898032687,53500700
2012-12-19,70.62882232666016,70.96466513365164,70.32655867573507,70.59523676480282,49010900
2012-12-20,70.9814682006836,71.04024133835114,70.40212841096665,70.64561895438693,50304600
2012-12-21,70.68761444091797,70.68761444091797,69.75563566792384,69.91515912234594,54923200
2012-12-24,70.3433837890625,70.50291368702666,70.11668913924505,70.43574252937921,10103000
2012-12-26,69.839599609375,70.53648582412896,69.75563888121266,70.50290025170544,24671600
2012-12-27,69.78924560546875,70.04952586339601,68.8908520896801,69.90679194168074,35567700
2012-12-28,69.29386901855469,69.9991534696036,69.2854710211221,69.42821135429548,34262200
2012-12-31,70.7967529296875,70.8891116353488,69.14270062657936,69.40298716334834,67461100
2013-01-02,72.87902069091797,72.9713794060789,72.24090767865857,72.49278984254003,116410600
2013-01-03,72.71109008789062,73.28203193916796,72.51798107680999,72.92099508606917,45872900
2013-01-04,73.24847412109375,73.41640202673172,72.76149920923017,73.05536503685335,29852500
2013-01-07,72.97139739990234,73.10573330593951,72.72790676405386,72.87903866196692,23693400
2013-01-08,72.9210205078125,73.05536282826147,72.53479594521333,72.94620809144809,23760000
2013-01-09,73.27361297607422,73.34078409365836,73.01333290267364,73.06370803796656,27425500
2013-01-10,73.44157409667969,73.62629155096279,73.00496804004811,73.55912040289743,39753000
2013-01-11,73.3324203491211,73.5003482215046,73.04695257475916,73.3828019137328,27322400
2013-01-14,73.37438201904297,73.48353029917038,73.0889143298829,73.18127303067973,24351900
2013-01-15,73.69344329833984,73.79420000267072,72.85382331295887,72.90420486802037,34704100
2013-01-16,73.47517395019531,73.67668102775988,73.29885445660199,73.52554911813783,20881400
2013-01-17,74.15528106689453,74.31481100908839,73.74386882237958,73.81103999865026,34219400
2013-01-18,74.36512756347656,74.40711111699746,73.97890321308978,74.17201218538771,23256900
2013-01-22,74.90251159667969,74.9444951658154,74.205625346104,74.42392837518175,31589000
2013-01-23,74.72618103027344,74.96967160232559,74.6506183040119,74.92768803942985,32818900
2013-01-24,74.96968078613281,75.4398660003597,74.66741703247463,74.85213448257609,39814600
2013-01-25,75.51544189453125,75.51544189453125,74.96968749018994,75.33912242342905,34620300
2013-01-28,75.56581115722656,75.75892660428848,75.04524437428013,75.57420915208834,42633600
2013-01-29,75.60778045654297,75.70013916521249,75.27193118918035,75.5322113286352,37055100
2013-01-30,74.70098876953125,75.5825858829161,74.46589620596195,75.54060872844555,39299300
2013-01-31,75.21318054199219,75.29714128249516,74.52469222059754,74.61705095688899,36924200
2013-02-01,75.8764877319336,76.15355755856723,75.43988159493281,75.5322403390755,33925100
2013-02-04,74.96125793457031,75.71691706814279,74.852109661973,75.4146534147138,27006300
2013-02-05,75.63294982910156,75.88483191466275,75.22153153284121,75.32228821053995,26551000
2013-02-06,75.95203399658203,76.00240915307269,75.20477261493652,75.27194376078607,24297800
2013-02-07,75.70013427734375,76.02758553028637,75.18796561898908,75.89324326969886,30206500
2013-02-08,76.23750305175781,76.28787820487076,75.76731146813066,75.8008970388035,25189600
2013-02-11,76.15350341796875,76.19548696483834,75.78407510983392,76.16190140850064,15722100
2013-02-12,76.48938751220703,76.60693381018346,76.13674861827774,76.18712377289826,19792700
2013-02-13,76.80844116210938,76.86721430644666,76.38863115804531,76.56495059105714,22591300
2013-02-14,77.00155639648438,77.14429027200524,76.53976919818874,76.55655878115886,22359300
2013-02-15,77.02674865722656,77.27023926275133,76.80005404148596,76.96797550456839,29339100
2013-02-19,77.70684051513672,77.71523210371714,77.13589860782,77.14429019640043,21162300
2013-02-20,76.26270294189453,77.81599900300523,76.18713379423089,77.77401543143725,41753800
2013-02-21,75.52384185791016,76.2543138098616,75.0368669624036,76.21233023341364,45067400
2013-02-22,76.43061065673828,76.43061065673828,75.8764647654072,75.91005033545643,24762300
2013-02-25,74.74301147460938,76.85046064944801,74.70103429455668,76.82527306025723,53492800
2013-02-26,75.03687286376953,75.38111387569734,74.54989152416933,75.0704584464104,47522800
2013-02-27,75.82608032226562,76.27947589198986,74.98646032035975,75.02844388277195,41192300
2013-02-28,75.96883392333984,76.44741715218471,75.71694531624534,75.81770204024181,31208800
2013-03-01,76.31306457519531,76.45579844395432,74.90250265819492,75.46504654503984,49278200
2013-03-04,76.51459503173828,76.54818061216974,75.73374790264162,76.1283704654682,27577000
2013-03-05,77.40462493896484,77.5389609035602,76.90924545538977,76.91764345498848,35612300
2013-03-06,77.60609436035156,77.74882825515517,77.34581415149866,77.63967993662189,28483000
2013-03-07,77.97553253173828,78.03430569120368,77.51373884608583,77.64808115674616,27907700
2013-03-08,78.69760131835938,78.7143909032029,78.0175046250161,78.58844659659907,38066100
2013-03-11,78.67241668701172,78.71440026280293,78.3617612870162,78.43732403648723,26716100
2013-03-12,78.51284790039062,78.71435485519856,78.23577183391058,78.48766033176345,21489000
2013-03-13,78.80677032470703,78.94110625610519,78.29460137429894,78.53809205611552,28662200
2013-03-14,79.59597778320312,79.60436937095058,78.81513093461464,78.94946680228776,24747300
2013-03-15,79.55402374267578,79.73034323768452,79.25175992100522,79.47006299349941,35361700
2013-03-18,79.11740112304688,79.43645443996596,78.64720953320655,78.7059826812125,36700800
2013-03-19,78.78156280517578,79.52042625541164,78.09307451574426,79.26854404559636,51516400
2013-03-20,79.51203918457031,79.54562476498556,79.14261061159154,79.22657135973242,27958600
2013-03-21,78.81511688232422,79.31888750641522,78.5380407970473,78.95785071808831,37122600
2013-03-22,79.0586166381836,79.23493605691759,78.87389922642653,79.13417935801597,33429900
2013-03-25,79.10408020019531,79.75240890378004,78.53995470140012,79.24722179405595,36680500
2013-03-26,79.35668182373047,79.55875539522685,78.93569146922792,79.43245700411548,26348000
2013-03-27,79.4072036743164,79.46614207075304,78.50628451518298,78.8514997113143,28461800
2013-03-28,79.50824737548828,79.70190578638703,79.26407217209582,79.37352736376677,24160700
2013-04-01,78.43892669677734,79.5419193806783,78.06003151976033,79.37351938295859,59660300
2013-04-02,77.95059204101562,79.07884334589224,77.88323202835913,78.96096653564557,47917200
2013-04-03,76.7297134399414,78.28738316959317,76.55289823024236,78.25370316434513,65441400
2013-04-04,77.38643646240234,77.41169485142974,76.58655107499067,76.83914781286843,37706300
2013-04-05,77.23489379882812,77.25173058665159,76.13189469420048,76.21609148092395,46418300
2013-04-08,77.87479400634766,77.90005239981878,76.89809972391396,77.45380365168762,28886500
2013-04-09,77.64746856689453,78.16107735664833,77.49591176952778,78.00109895281577,36828400
2013-04-10,79.0535659790039,79.23038115194893,77.84111173732046,77.89163494659249,50119600
2013-04-11,79.16301727294922,79.62610919638091,78.93568532568436,79.00304531887488,32619000
2013-04-12,78.84309387207031,79.09569072091506,78.2368665738867,78.89361067231738,41931800
2013-04-15,75.8708724975586,78.43049429638411,75.60143896209287,78.35471270188947,100204000
2013-04-16,77.18438720703125,77.29384883476371,76.19084949263915,76.46028312245033,58061700
2013-04-17,75.8456039428711,76.6370612338457,75.12992181243393,76.55286446975921,77710600
2013-04-18,75.42465209960938,76.0898177950109,75.04575683261113,75.90458096543014,58516600
2013-04-19,76.29185485839844,76.35921484120516,75.11308085448691,75.74456623974649,44931600
2013-04-22,76.51079559326172,76.67918917930471,75.10468281220815,76.36765397894128,49190300
2013-04-23,77.7232437133789,77.74850210895967,76.50237415241561,77.12543813068764,55313200
2013-04-24,78.12738800048828,78.1863263910852,77.4032841024103,77.70639766085237,41020800
2013-04-25,78.64100646972656,79.06199686150903,78.21159447144343,78.32947126723823,36543300
2013-04-26,78.22000122070312,78.60731153672018,77.88320768648757,78.37997317100867,32405600
2013-04-29,78.7841567993164,78.96097202698303,78.3631663266421,78.56523995486042,20791400
2013-04-30,79.23035430908203,79.26403429591849,78.44731228058619,78.7925273278094,30488500
2013-05-01,77.31068420410156,79.06200597756141,77.2601674068801,78.98622435792488,120177800
2013-05-02,78.53997802734375,78.69995645539343,77.60537870607212,77.7485139186405,38830300
2013-05-03,79.78610229492188,80.38390789122819,79.44088708397959,79.59244388471947,51981000
2013-05-06,80.29971313476562,80.40916832882186,79.769261106807,79.84504272100274,26893800
2013-05-07,80.95645904541016,80.97329583573527,80.09763499133666,80.4175918217501,29920800
2013-05-08,81.19221496582031,81.22589497123406,80.56072931787205,80.7712245338548,37669300
2013-05-09,80.91435241699219,81.25956762339106,80.61966042604413,81.08275242882223,32331100
2013-05-10,81.52899169921875,81.61318848340117,80.88908457658715,81.00696135920313,39288900
2013-05-13,81.47005462646484,81.77316819346963,81.19219945274331,81.45321141507404,22522300
2013-05-14,82.51409912109375,82.53935751138368,81.61318013254002,81.6216017372374,33539600
2013-05-15,82.68251037597656,83.07824237205789,82.25310480150003,82.34572320159582,34000200
2013-05-16,82.47198486328125,82.98559346635338,82.26148974476976,82.53934484291722,42053300
2013-05-17,83.39820098876953,83.41503777833208,82.48043857441905,82.8509121828325,35675100
2013-05-20,83.53291320800781,83.86128520142897,83.14560281637783,83.15402442292299,25027400
2013-05-21,83.54975891113281,83.81919251437506,83.25506048750213,83.52449409074438,23596700
2013-05-22,82.32890319824219,84.51805256788623,81.7647774559357,83.70133637358546,68650700
2013-05-23,82.42991638183594,82.45517477642693,81.25956365789614,81.37744044852293,44524500
2013-05-24,82.41307067871094,82.47200907224297,81.427954776617,81.92472674250396,33332500
2013-05-28,83.48238372802734,84.28226278554718,82.91825822751115,83.52447890674792,46121100
2013-05-29,82.70775604248047,83.50763503210864,81.9836522223993,82.97718957387332,40491500
2013-05-30,83.26348114013672,83.46555473430179,82.77513073241772,82.93510914069208,30620300
2013-05-31,82.34573364257812,83.37294493276984,82.3204688198729,82.83407767687096,38953700
2013-06-03,83.12879180908203,83.2214038145874,81.69742017124318,82.63201964970445,87088500
2013-06-04,82.24469757080078,83.52450575903853,81.60479026477957,83.08667850153225,68206900
2013-06-05,81.19221496582031,82.26994944384334,80.9564613517283,82.14365102949284,58967500
2013-06-06,82.05104064941406,82.05104064941406,80.6028388177388,81.133284501351,46335300
2013-06-07,82.68251037597656,82.89300557186633,81.8994679903145,82.429919995191,44757500
2013-06-10,83.18769836425781,83.18769836425781,82.35413281971884,83.05297836456552,32136500
2013-06-11,82.2867660522461,82.90982989143141,81.55424062490783,82.24466445314079,43461300
2013-06-12,81.47005462646484,82.91826246353145,81.36059302383353,82.7919640733123,58446900
2013-06-13,82.90984344482422,83.10349541524009,81.14168519799419,81.44479877445684,47768600
2013-06-14,82.26994323730469,83.05298563863909,82.02576803432905,82.74987203658682,37838400
2013-06-17,82.80883026123047,83.23824237091226,82.31206455348124,83.01090390304327,33308600
2013-06-18,83.7855224609375,84.02969769659215,82.79198472653098,82.95195673183228,40520200
2013-06-19,82.75830841064453,83.94549821068823,82.64885319962926,83.78552619825126,43193500
2013-06-20,80.56916809082031,82.69095749350994,80.23237438873157,81.42798592853131,76262300
2013-06-21,80.80490112304688,80.98171632614059,79.67664347270093,80.52704590798362,66115300
2013-06-24,79.74396514892578,80.42596723643086,79.00302468872027,79.91236508792761,58774600
2013-06-25,80.51017761230469,80.69540792605781,79.87869223816955,80.4849128013461,32418400
2013-06-26,80.88909149169922,81.36059866247167,80.53546111361986,81.26798026481231,33752300
2013-06-27,82.1436538696289,82.29521068732876,81.3437745907601,81.37745459733834,40852300
2013-06-28,81.67212677001953,82.48042745997988,81.54582838200635,82.00892033012039,46135800
2013-07-01,83.00244903564453,83.44027612088637,82.21098521654339,82.21940682120251,37805800
2013-07-02,82.9432601928711,83.59442282257318,82.4104843166236,83.01091529651296,36848900
2013-07-03,83.11237335205078,83.41681480001719,82.52885950145779,82.64725913295085,19153600
2013-07-05,84.28787231445312,84.35552741874469,83.13776134927998,84.0426274003556,29427500
2013-07-08,84.62615203857422,84.93905209635807,84.47393126072622,84.676890147208,30905300
2013-07-09,85.4126205444336,85.58175186572323,84.82065446797348,85.15891711055278,36010700
2013-07-10,85.64939880371094,85.73396445628785,85.19273653746075,85.44643994713721,36061100
2013-07-11,86.65577697753906,86.7572532143842,86.20757305961192,86.61349091088832,34434200
2013-07-12,86.83333587646484,87.1969739833536,86.65574607337204,86.66420457407521,28584000
2013-07-15,87.59444427490234,87.67900993057073,86.9686442286752,87.06166838549422,30786600
2013-07-16,87.15470886230469,87.67056784600777,86.95174996030669,87.62828823622958,38630800
2013-07-17,87.4929428100586,87.90731895012443,87.30689453641222,87.64516353831976,28476600
2013-07-18,88.07649230957031,88.44858255545256,87.66211600186301,87.72131261724978,32034100
2013-07-19,88.2117919921875,88.2117919921875,87.72976058875275,88.00037459678722,22806600
2013-07-22,88.39784240722656,88.59234925441669,88.05957327625727,88.3555627983223,25854900
2013-07-23,88.33866882324219,88.753045229436,88.16107893487342,88.71922411427418,26309700
2013-07-24,87.60293579101562,88.77842280658706,87.47609047633964,88.71922617575531,31809700
2013-07-25,88.40628814697266,88.49931230585841,87.38302885117544,87.50142206213074,46093900
2013-07-26,88.05110931396484,88.09338891714947,87.40839869726472,87.91579909910328,23036800
2013-07-29,87.43380737304688,88.17799453619972,87.10399663979001,87.8143562338974,30360800
2013-07-30,87.50990295410156,87.83971361928461,87.19700284397632,87.68749281597337,26311000
2013-07-31,87.66210174560547,88.52468177981153,87.61981569065729,87.85660211369637,38330400
2013-08-01,88.85450744628906,89.09129390952545,87.73822379678377,88.52469680793163,34487100
2013-08-02,88.93058013916016,89.03205631844632,88.42317343495225,88.55848360992616,22983000
2013-08-05,89.23506927490234,89.32809346365593,88.71075815859827,88.83760991162119,14985000
2013-08-06,88.33866882324219,89.06594538624692,88.07651324307143,88.98137969444494,24689300
2013-08-07,87.71286010742188,88.23717117897147,87.50144268774604,88.05112926929273,23362200
2013-08-08,88.07649230957031,88.45704105820701,87.59446088372182,88.20334404309827,27640300
2013-08-09,87.98346710205078,88.43167096356608,87.54371529124352,87.89044292868567,27686900
2013-08-12,88.44857788085938,88.48240543814215,87.38303886021252,87.38303886021252,18960800
2013-08-13,88.33013916015625,88.52464590136098,87.76354238438692,88.52464590136098,22812900
2013-08-14,87.98346710205078,88.49086757825776,87.9580980460325,88.35556379551122,23629000
2013-08-15,86.35130310058594,87.07012080144908,86.16525479995056,86.9686381505719,50044500
2013-08-16,85.98765563964844,86.57962157546277,85.87772095212429,86.09759032717258,36059500
2013-08-19,85.11663055419922,86.15680035387147,85.06588600039987,85.95384149451154,25184600
2013-08-20,86.34284973144531,86.53735654419987,85.16736970969355,85.21810781217478,32450400
2013-08-21,85.81854248046875,86.68112251936613,85.42107678880028,85.99613229871392,41452900
2013-08-22,87.02783966064453,87.09548830808525,86.08068762507511,86.10605667435856,24006100
2013-08-23,87.24771881103516,87.3153739179859,86.63883575237075,87.2646358137459,20801100
2013-08-26,87.25617980957031,87.79740777677335,86.9094522154844,87.40840057859282,23376100
2013-08-27,85.20965576171875,86.58809464531967,85.04051800020747,86.20754597282462,47269300
2013-08-28,85.37879943847656,85.71706855855179,84.98979220857144,85.09127488017806,28927500
2013-08-29,86.23291015625,86.56272070764693,85.25193055069823,85.31958565148364,27628600
2013-08-30,84.88832092285156,86.30059420469476,84.76992768273743,86.24984963611178,43334600
2013-09-03,85.46337127685547,86.57120288639749,84.67689825796643,86.13990956585903,37995800
2013-09-04,86.21598815917969,86.26673270780104,85.20118751398473,85.54791504645918,22580800
2013-09-05,86.35130310058594,86.70648270073777,86.13142724965816,86.28364800000116,22770200
2013-09-06,86.58809661865234,87.01093135414804,85.19274070112735,86.85025209003695,36792000
2013-09-09,87.8989028930664,87.9750100623869,86.8756434209809,86.88409547182947,27358500
2013-09-10,88.76148223876953,88.77839924420235,88.11877152321249,88.44013010696459,25126300
2013-09-11,88.80375671386719,88.98134653605814,88.3978325117548,88.61770839006344,26412500
2013-09-12,88.15259552001953,88.81221676240796,88.12722646484258,88.71919904407476,32707600
2013-09-13,88.63462829589844,88.65154530090948,88.0342036569466,88.44857995245903,29478700
2013-09-16,88.82913970947266,89.7086369088077,88.66846041334061,89.68326785193366,28755900
2013-09-17,89.70861053466797,89.70861053466797,88.82911359390313,88.84602414286506,28901400
2013-09-18,90.56271362304688,91.00246523029368,89.01514385477576,89.68322331244153,46237100
2013-09-19,90.46971893310547,90.85026759781616,90.16527742055862,90.79107099548459,34775900
2013-09-20,90.13990783691406,90.72342184960284,90.10608673502867,90.68959429577127,49522500
2013-09-23,90.14836883544922,90.37670321715059,89.47183709591656,90.24985149975498,47759700
2013-09-24,90.44770050048828,91.08364103240736,89.70153260525368,90.26963792784552,45267000
2013-09-25,90.2780990600586,91.13450059908436,90.15939070444554,90.53247133532076,37106600
2013-09-26,90.77838897705078,91.12603957269562,90.18484706878107,90.51553562754872,29490600
2013-09-27,90.37137603759766,90.76989974114967,90.05764309734765,90.21026905893947,30296400
2013-09-30,90.3968276977539,90.59184583896523,89.2351739924804,89.39628099801104,45771700
2013-10-01,91.4482192993164,91.5160544879501,90.2611293747053,90.35440114179673,39344400
2013-10-02,91.07518005371094,91.36347003262576,90.6003399867886,90.80383917597098,30622900
2013-10-03,90.14244079589844,91.03276005186892,89.54041792027995,90.90557066257013,57799200
2013-10-04,90.74446105957031,90.99883983084598,90.00677426728846,90.16787478458357,25902800
2013-10-07,89.68456268310547,90.43921799955712,89.64217053284439,89.87110625779323,32924200
2013-10-08,88.23460388183594,89.90500827769995,88.11589553108499,89.74390131491512,61365000
2013-10-09,87.87847137451172,88.4889751089366,87.33580282593834,88.43810195410765,52604900
2013-10-10,89.99828338623047,90.14242832189902,88.96381931779469,89.04013552846168,53157800
2013-10-11,91.3041000366211,91.34649865871333,89.73544805603014,89.74392260515141,43197100
2013-10-14,91.7619400024414,91.87216731748545,90.668121990258,90.77834930530204,38774800
2013-10-15,90.86316680908203,91.77044151451261,90.65966122476696,91.56693593019754,42263500
2013-10-16,91.99092864990234,92.08420045834133,91.27019724124672,91.49913948709607,34333600
2013-10-17,92.79641723632812,92.81337279911979,91.54997312474916,91.57540970349652,38967200
2013-10-18,93.8563232421875,93.92415196639854,93.12711108667814,93.45779956776725,39496400
2013-10-21,93.66979217529297,94.18702427239667,93.5002041693699,93.99199968286537,29198900
2013-10-22,93.91567993164062,94.5346582972667,93.58499144170445,94.07678043371193,38112600
2013-10-23,93.6019287109375,93.73759907471191,93.07621575499016,93.47473936217874,32275300
2013-10-24,94.10221099853516,94.33962768092599,93.55106143205963,93.66976977325504,24711800
2013-10-25,94.18701934814453,94.5007458217384,93.75457804205062,94.3226832766693,21321900
2013-10-28,94.14460754394531,94.36506867467685,93.66129314099676,94.229398296036,22512200
2013-10-29,94.41593170166016,94.64487382377212,93.72063725852733,94.39897614070918,30026900
2013-10-30,93.12714385986328,94.52621448635645,92.86428401047989,94.45837926915284,46076600
2013-10-31,92.5844497680664,93.4238893269935,92.33007100760578,93.0762387856387,47370000
2013-11-01,92.18595123291016,92.95755580384551,91.50761199921374,92.77101866024525,117030400
2013-11-04,93.24581146240234,93.39843739977876,92.27918268205819,92.62682669717587,31960000
2013-11-05,92.923583984375,93.21188025469908,92.30460577867214,92.88967286468379,26643500
2013-11-06,92.52508544921875,93.58498605314487,92.34702292405355,93.56802402077491,31773400
2013-11-07,90.96490478515625,93.11014248728152,90.84619643975861,92.94904200088168,60459700
2013-11-08,92.61835479736328,92.81337288067765,91.05817778524974,91.10057639594577,48147500
2013-11-11,92.74556732177734,92.93211091784566,92.1181077915563,92.45727737812398,19897700
2013-11-12,92.82186126708984,92.85577886451591,92.14352225680884,92.48269176194934,28075100
2013-11-13,93.71215057373047,93.73759361729613,92.10110714697804,92.13502473594696,36465900
2013-11-14,93.61888885498047,93.77998932231839,93.0507773045187,93.6697620058115,33226800
2013-11-15,93.97506713867188,94.11073110752409,93.40696173517831,93.7800425013638,27518500
2013-11-18,93.31363677978516,94.47528351499868,93.05925808802456,94.3904927741181,35509600
2013-11-19,92.73704528808594,93.85629982228224,92.41483143472496,93.3645044970291,36081300
2013-11-20,92.7031478881836,93.4408345675935,92.29614321024165,93.21189888377108,43376700
2013-11-21,94.37356567382812,94.42443883987453,92.99993196848811,93.11015931796224,45585000
2013-11-22,94.83992767333984,94.94168048479898,94.20398715724353,94.3650941581068,28786400
2013-11-25,94.95864868164062,95.20454649019683,94.65339667578618,95.07735707623709,22968600
2013-11-26,95.66242218017578,95.83200374859666,94.88233661484429,94.95864637989705,30760700
2013-11-27,96.19658660888672,96.29833940673078,95.50977301352101,95.67935454080717,29099600
2013-11-29,96.24744415283203,96.79859369369981,96.19656453102698,96.61205017502589,15675500
2013-12-02,95.28081512451172,96.45942393140975,95.01795540855207,96.4085443097716,43155200
2013-12-03,94.82295989990234,95.47585589930372,94.34811997667161,95.07733219212392,36930700
2013-12-04,94.5685806274414,95.32322942112512,93.58499612508356,94.38203706601476,40609500
2013-12-05,94.63640594482422,94.98404998008616,94.24636329762112,94.53465315763735,37926700
2013-12-06,95.37409973144531,95.89980629594467,95.12820201261304,95.4928080827271,36471900
2013-12-09,95.34867858886719,95.72176576096619,94.87384507464769,95.50130457116937,31236500
2013-12-10,94.48377990722656,95.45888975885123,94.32267294494982,95.16211888290978,34938800
2013-12-11,92.93209075927734,94.5855397092126,92.69467404091627,94.56857767554659,47181600
2013-12-12,93.1355972290039,93.48324778626693,92.72859895658773,93.01688886045578,37706200
2013-12-13,93.44084930419922,93.72066466009413,92.77947225871735,93.31366638708417,32980300
2013-12-16,94.55160522460938,94.60247837828098,93.39843296784544,93.79695658925758,33991200
2013-12-17,94.41593170166016,94.57703864173013,93.79695345560432,94.50072244465314,32399800
2013-12-18,95.71326446533203,95.73022649817291,93.57650763490732,94.56857307513593,52979000
2013-12-19,95.00100708007812,95.68782056785048,94.87381771997818,95.5775932392943,32871100
2013-12-20,96.60359954833984,96.84949731220549,95.04342219429049,95.05190321211238,48770500
2013-12-23,97.69905090332031,97.73309909572184,96.99256552255302,97.18834100535467,37049100
2013-12-24,98.0735855102539,98.26084734242191,97.7756719109091,97.80972010712414,17371200
2013-12-26,98.08207702636719,98.71195227898491,97.97141879015832,98.42254592354783,19670000
2013-12-27,98.02252197265625,98.51620461044998,97.69906733744716,98.28638739061753,20069700
2013-12-30,97.96294403076172,98.2012814450958,97.75866131250591,97.97997137880085,28917400
2013-12-31,98.19276428222656,98.49067792202094,98.03103695175378,98.19276428222656,38357200
2014-01-02,97.12879943847656,97.98849880222771,96.72874112581916,97.9629577765852,44247700
2014-01-03,97.62247467041016,97.80122286003737,97.12878548342235,97.48628186267676,26468000
2014-01-06,96.83087158203125,98.11615710800996,96.7883097062177,98.0736017262269,36198000
2014-01-07,97.63948822021484,98.02252559278816,97.12877821748044,97.19687461625304,28545300
2014-01-08,97.76715850830078,97.95442034098585,97.09472124276324,97.69906211568268,30763600
2014-01-09,97.79270935058594,98.21830213442311,97.17134752284073,98.09913667447114,29872800
2014-01-10,98.32894897460938,98.33746264818643,97.37562534294399,97.8182389584986,29174600
2014-01-13,96.98406982421875,98.30340334228677,96.40526347294126,98.14168252677372,45370800
2014-01-14,98.17569732666016,98.32040374534857,97.18832587682661,97.40963584597269,39125300
2014-01-15,98.90775299072266,98.98436306299651,98.36299478755544,98.43109118645886,31644100
2014-01-16,99.02690124511719,99.0609494386562,98.5928013890598,98.78006320650992,23091900
2014-01-17,98.6779556274414,99.10354846522144,98.47367288363576,99.00140384630295,28722300
2014-01-21,99.26522827148438,99.47802458844038,98.55022926961755,99.35885917046727,29828700
2014-01-22,99.7674560546875,99.90364885779964,99.1631151024455,99.3248424326336,24011500
2014-01-23,99.0949935913086,99.40142082663534,98.44809742253314,99.35035178542377,36057500
2014-01-24,96.56697845458984,98.5161937478402,96.37120945447215,98.47363837539373,53591900
2014-01-27,95.15402221679688,96.89894849254927,94.60926404842222,96.8478794436484,60368200
2014-01-28,96.1584243774414,96.17544522960858,95.15402525480238,95.27319070206211,43722200
2014-01-29,94.77098083496094,95.8264554235469,94.49860176236473,95.23062173759753,61904600
2014-01-30,96.1839370727539,96.73720880604887,95.36679997956082,95.61364449115483,40851600
2014-01-31,95.46894836425781,96.18394091409613,94.6262702239116,94.69436660790437,49293400
2014-02-03,92.48131561279297,95.50302055958352,92.0557228179748,95.22213425046684,91686000
2014-02-04,93.17925262451172,93.58781791780041,92.26848464460491,92.94092178775529,53138100
2014-02-05,92.48131561279297,92.90690840761113,91.3066753429152,92.61750193023882,60644600
2014-02-06,93.21331024169922,93.6048547265446,92.65152478907612,92.67705931073554,57611700
2014-02-07,94.2687759399414,94.34537950302968,93.20479427019038,93.60485241706137,44068600
2014-02-10,94.51564025878906,94.55819563807323,93.59635834505374,94.30284388027793,38211600
2014-02-11,95.3582992553711,95.62216465109474,94.37092756896608,94.58372391881527,44394100
2014-02-12,95.73284149169922,96.19248247587691,95.30724870938991,95.50301775259511,42307500
2014-02-13,96.95001983642578,97.09471979806415,94.78800810819095,94.8050289590775,42082400
2014-02-14,97.08621978759766,97.2138989163165,96.30313065603312,96.7287234224091,32428200
2014-02-18,98.09911346435547,98.2693479400009,97.15429718825672,97.37560720181895,33630400
2014-02-19,97.0947494506836,98.43111069741309,97.01814585725546,97.80123511777806,44024300
2014-02-20,98.14168548583984,98.34596817655903,96.95853822379556,97.20537629081517,35919600
2014-02-21,98.44812774658203,98.83115866170755,98.2268176764494,98.41407954394388,34814100
2014-02-24,99.171630859375,99.85257540714898,98.53324169294477,98.60133160190088,43102800
2014-02-25,99.27375030517578,99.79297391577457,98.89071947494418,99.29929132201653,28474200
2014-02-26,99.88661193847656,100.53351470320737,99.10352287771433,99.34185376629155,40794800
2014-02-27,100.43135833740234,100.49094105256195,99.38440398616507,99.55463845975571,29906200
2014-02-28,100.03131103515625,101.0442237968069,99.41846296731418,100.40583471052885,47362700
2014-03-03,99.49504852294922,99.80998941966432,98.37999786559784,99.18010762623412,50892800
2014-03-04,101.99756622314453,102.63595538694686,100.59310876397333,100.61012961763468,112793900
2014-03-05,101.93797302246094,102.10820751770832,101.69112845853142,102.02309027008464,34691300
2014-03-06,101.92093658447266,102.35504295086686,101.64855751995708,102.24439118822993,35087600
2014-03-07,101.88689422607422,102.54231064931587,101.31660154176853,102.49124160117789,36931800
2014-03-10,101.54641723632812,101.78474810087812,100.8569526707039,101.59748628043769,32089000
2014-03-11,100.490966796875,101.98054155150136,100.02281862755362,101.64007251709693,50359500
2014-03-12,100.79740142822266,100.81442877759525,99.52062297458151,99.92068126243403,37159100
2014-03-13,99.63124084472656,101.25700137259037,99.06094176466381,101.16337047111864,53542800
2014-03-14,100.04833221435547,100.32922495357225,99.26524320868677,99.27375038694483,46888100
2014-03-17,100.490966796875,101.37620057319376,100.33775313378078,100.62715960586122,41561600
2014-03-18,101.95498657226562,102.04010381379314,100.52499483490384,100.62713942115441,41606600
2014-03-19,101.29106903076172,101.92094444842303,100.52500082331977,101.86987539927011,47423000
2014-03-20,101.42726135253906,101.75070948573114,100.57607590242657,101.0612513492295,33212900
2014-03-21,100.9591064453125,102.36356373246304,100.91654457532658,101.90392281153943,47110800
2014-03-24,99.80999755859375,101.48683376400649,98.89922947926158,101.3506409886904,66747000
2014-03-25,99.7861099243164,100.96377653908955,99.11193633335274,100.41761174579204,47699700
2014-03-26,97.87454986572266,100.42616455563797,97.84041374646102,100.38349277886118,69052500
2014-03-27,97.62703704833984,98.46334891830104,97.02113577211985,97.89158375056066,65234900
2014-03-28,97.53319549560547,98.9924804170086,97.26864870898122,97.6953404349166,50558000
2014-03-31,99.2826156616211,99.5727693857914,97.8233309166539,98.1732212148007,44599200
2014-04-01,100.58830261230469,100.75044102920532,99.49596640306613,99.5301025199922,47906600
2014-04-02,101.0405502319336,101.10882243569333,100.45171386839836,100.94667757946289,33856500
2014-04-03,100.01652526855469,101.07472530242465,99.57276879462079,101.04058918738386,38473500
2014-04-04,97.70382690429688,100.80161164837625,97.30273581538772,100.66506723053645,86345900
2014-04-07,96.27872467041016,97.49052765844584,95.64722271352949,97.24304566610628,68537700
2014-04-08,96.9528579711914,97.45635089297404,95.74958463207575,96.27014886251345,60087900
2014-04-09,98.3524398803711,98.3524398803711,96.85901888435677,97.28571059750372,42744900
2014-04-10,95.54479217529297,98.23295083555591,95.06689961730767,98.22441517964967,74860200
2014-04-11,94.2220458984375,95.78373226691528,93.75268251588027,94.75967499144159,70998200
2014-04-14,94.48661804199219,95.55334737048143,93.57349799723734,95.19492787870084,62657700
2014-04-15,94.8535385131836,95.3399666487057,92.72861629072355,94.7511301912012,76968000
2014-04-16,95.88613891601562,95.95441113606168,94.92181822335473,95.51918387176462,49353800
2014-04-17,96.36402130126953,96.78218372198047,95.33996415145575,95.57037473138504,50275100
2014-04-21,96.81634521484375,96.88461745020346,95.81788818820299,96.54326278420358,31970700
2014-04-22,97.81478118896484,98.15612924797723,96.83338924231201,96.96992716375759,40541900
2014-04-23,97.2003402709961,97.9427794307139,97.08939629665913,97.69530405133904,33859500
2014-04-24,96.9528579711914,97.8574420060126,96.15921139944184,97.78916979298549,44318900
2014-04-25,95.24613189697266,96.61154417963292,94.90477719860776,96.57740805871649,58386300
2014-04-28,94.69141387939453,96.03976110856765,93.29186573368004,95.58746898365723,66050100
2014-04-29,94.93035125732422,95.56185955242906,94.64020407643622,95.08396050332303,34487600
2014-04-30,95.5618667602539,95.63013247744874,93.82949315662498,94.62313990234729,43929700
2014-05-01,95.52774810791016,96.23605144271416,94.3330099428395,95.36560316448794,78690900
2014-05-02,95.60452270507812,96.53471381615933,95.30583987520706,95.65572361568535,43450300
2014-05-05,95.48507690429688,95.73255889439872,94.32447485248093,94.82797449049484,28108400
2014-05-06,93.93190002441406,95.33144812231237,93.86362779749271,95.07543703755414,45354700
2014-05-07,93.99164581298828,94.25619257975514,92.53236100112188,94.0684537035068,64243800
2014-05-08,93.04435729980469,94.93033314819624,92.75421017426581,93.89774039016085,58520300
2014-05-09,93.89774322509766,93.92334367685386,92.4043227718854,92.75421297467744,48409900
2014-05-12,96.03120422363281,96.46643145041784,94.30737313622814,94.45244670822424,76291700
2014-05-13,95.09249877929688,96.3043014695708,95.01569089878215,95.90321028781025,58122800
2014-05-14,93.54785919189453,94.8279338614075,93.37717866281493,94.81086255310132,65720700
2014-05-15,92.91639709472656,93.19801522431649,91.68752922971542,93.0785420500904,75870500
2014-05-16,93.50520324707031,93.54787501425669,92.19099224946035,92.95903848323209,44666200
2014-05-19,94.5121841430664,94.75966603859668,92.97609186418771,93.2491742125665,35336900
2014-05-20,93.06999969482422,94.30740963998436,92.5238347917188,94.28180917746366,89567900
2014-05-21,93.54785919189453,93.9830798917555,92.63473952140714,93.57345964355736,55278500
2014-05-22,94.52072143554688,94.76820333536573,93.54786514566418,93.83801229737097,41295000
2014-05-23,95.55332946777344,95.59599472643984,94.30739062683084,94.4609998817853,42643800
2014-05-27,96.92726135253906,97.14913628745758,96.13361474940027,96.18481565579734,46373900
2014-05-28,96.42379760742188,96.82488888485477,96.03124198781501,96.71395137631346,37055400
2014-05-29,96.7480697631836,96.9358086253494,96.17629798803053,96.7139336489358,25556800
2014-05-30,96.31285095214844,96.79927922924823,95.86908793852838,96.71394219149012,38856000
2014-06-02,95.79229736328125,96.51767203224645,95.03278657320249,96.4920715691111,40369700
2014-06-03,95.5618667602539,95.8861500770229,94.81942093012722,95.27171304668332,31143700
2014-06-04,95.93733978271484,96.0653485675446,94.86208161605829,95.13516398532305,28835500
2014-06-05,97.95132446289062,98.0366614823069,95.65572152904848,96.19335712188578,67182000
2014-06-06,98.89006805419922,99.19728660529536,98.23296568762062,98.36950364877514,45854000
2014-06-09,99.760498046875,100.25546186876431,98.70230469484733,98.89004353102868,44025700
2014-06-10,99.5642318725586,99.7007763309861,98.95833048758236,99.53009575795173,39799900
2014-06-11,99.07778930664062,99.27407030954835,98.48042366439482,99.00951708729905,30144700
2014-06-12,98.47189331054688,98.92418539413903,98.06227299403974,98.80471225925798,39481200
2014-06-13,98.64256286621094,98.91565174584566,97.8489227252622,98.71083508611962,33779400
2014-06-16,99.12047576904297,99.12047576904297,98.22442066200975,98.55723964215393,30051100
2014-06-17,99.82024383544922,100.22986416598609,98.80471564338036,99.02659712038654,62573000
2014-06-18,100.4944076538086,100.53707290741472,99.41914299665845,99.7604975794931,37448900
2014-06-19,100.57977294921875,100.8955271665027,99.93119971057014,100.84431973266271,30915900
2014-06-20,100.91259765625,100.9552694350544,100.32376096490574,100.58831427405426,30104400
2014-06-23,100.71630096435547,101.16859961279758,100.43468940465162,101.125927840613,21388700
2014-06-24,99.6410140991211,101.47578909427122,99.54714143582528,100.47732590383369,41788300
2014-06-25,100.4858627319336,100.51999883814874,99.03511402717122,99.0436431706276,34620800
2014-06-26,100.315185546875,100.54559611806243,99.49593204515088,100.51999566690786,28018300
2014-06-27,100.9893798828125,101.13445999673951,99.87144980689258,99.89705026499792,38525100
2014-06-30,101.39047241210938,101.45020898540096,100.5541603860273,100.83577845045824,34195600
2014-07-01,102.42306518554688,103.23378326172902,101.72329111002443,101.77449853755897,65733200
2014-07-02,102.02812957763672,102.76485715810652,101.84823189437675,102.42219210322415,30796700
2014-07-03,102.64493560791016,102.7220383574509,102.15663998012869,102.43933916878979,15933900
2014-07-07,100.88876342773438,102.34508816704016,100.82879753784361,102.31938943362866,32279000
2014-07-08,99.66375732421875,100.82881469964796,99.11549579881593,100.66605384840811,52537600
2014-07-09,99.792236328125,100.30623058191516,99.38960542632205,99.9464352578412,27891700
2014-07-10,98.73001098632812,99.41534122571333,97.63348783194664,97.77054995834754,50834300
2014-07-11,98.6014633178711,98.84132682553306,98.0960375746963,98.66999761600034,33923700
2014-07-14,99.10693359375,99.76655849271603,98.85850156962715,99.73229133051362,28823400
2014-07-15,98.13033294677734,99.37248641261816,97.54780431671996,98.99555420028918,49534700
2014-07-16,97.86478424072266,98.59294354420936,97.5049888017001,98.55868291403031,63433000
2014-07-17,96.35706329345703,97.8904780446945,96.11719314374487,97.2479834206433,62221500
2014-07-18,97.856201171875,98.04466074024558,96.33991045077784,96.53694497852771,46164100
2014-07-21,97.46215057373047,97.65061671358492,96.81109404524312,97.2394238046238,32720500
2014-07-22,98.2845230102539,98.72998296436649,97.8219262103341,98.06178976530177,31326500
2014-07-23,98.40446472167969,98.89276030381214,98.09606682393368,98.52439651127065,26417600
2014-07-24,98.20745086669922,99.0726788473099,97.95045038587031,98.70431497721178,31905100
2014-07-25,97.31649017333984,97.66772360547576,96.98239358636694,97.46212067826825,46514500
2014-07-28,96.82823181152344,97.55639115134919,96.14290806524964,97.53926083540478,37373400
2014-07-29,97.09378051757812,97.75341196493619,96.82821817517822,97.13661610509754,30574500
2014-07-30,97.47928619384766,97.92474626223222,97.0680867542829,97.81338287908441,30219000
2014-07-31,95.251953125,96.793935999643,95.13202134149861,96.485538117556,61507700
2014-08-01,94.81507873535156,95.68886859580942,94.11261816963645,95.22627819284527,67805300
2014-08-04,95.65459442138672,95.77452621788376,94.13830358085698,95.22626470938508,34646200
2014-08-05,95.41474151611328,96.14290738659298,94.71228092305968,95.18344630562962,44375000
2014-08-06,95.71456146240234,96.34848761371146,94.77223085611377,94.80649801777815,33658300
2014-08-07,95.251953125,96.3913050682632,94.89215123870382,96.0229412944255,40852200
2014-08-08,96.17716979980469,96.28853972999907,95.08064656455988,95.37191422530593,32667200
2014-08-11,97.09378051757812,97.84764502884448,96.47699119353251,96.7082863730755,31000700
2014-08-12,96.42556762695312,97.20513071832424,95.98010767173513,96.75110234018136,31188400
2014-08-13,97.17947387695312,97.35937162117466,96.54554102307397,96.73400719391401,23122900
2014-08-14,97.32506561279297,97.42786708380844,96.99953742493187,97.2479628755834,20882100
2014-08-15,97.1366195678711,98.04467654067493,96.1685966918782,98.04467654067493,53713800
2014-08-18,98.55009460449219,98.6357592342428,97.73626428238062,98.08749776088811,33287300
2014-08-19,98.89276885986328,99.14120088430776,98.56723408641531,98.62719998639895,22692600
2014-08-20,98.47300720214844,98.7043089278773,98.01041682227734,98.38734255905354,26266900
2014-08-21,98.6871566772461,98.85849247249155,97.5220994127462,98.41302594064567,33018200
2014-08-22,98.69570922851562,99.05550453697963,98.18171499702544,98.5500787278218,30100100
2014-08-25,99.15834045410156,99.7237388802648,98.78997659530253,99.33823817084618,27808600
2014-08-26,100.05782318115234,100.16061812896434,99.20116375849108,99.26969154510151,34831700
2014-08-27,99.80940246582031,100.17776632070662,99.62093632576776,100.13493073040615,19070100
2014-08-28,99.29541778564453,99.56954859735148,98.95275263706232,99.39821275516333,22817800
2014-08-29,99.85223388671875,100.06639877170969,99.07267710396444,99.50957529936815,26231100
2014-09-02,100.4004898071289,100.65749026894137,99.80083077729081,100.21203020903211,38816400
2014-09-03,99.7665786743164,100.91450596503432,99.60381125487721,100.88023879590007,33266600
2014-09-04,99.38105773925781,100.64890997737513,99.13262573167438,100.04068259430915,26523500
2014-09-05,99.69801330566406,99.73228046413288,98.66145627120294,99.18401900021613,26935300
2014-09-08,99.85223388671875,100.05783688208145,99.22687608258964,99.5952399462058,20347300
2014-09-09,98.67005920410156,99.70661660109317,98.51586020495768,99.6809178572016,36390100
2014-09-10,99.25257873535156,99.31254464408099,98.267418918402,98.65291964805732,23060600
2014-09-11,99.89505004882812,99.99785152651498,98.63575972428163,98.66145845975525,27075600
2014-09-12,98.83281707763672,99.85223752297753,98.49015194201388,99.8436756330375,32892900
2014-09-15,97.75343322753906,98.85852496082249,97.41076806022883,98.82425779051202,41644400
2014-09-16,98.02753448486328,98.31023365280446,97.14517635685823,97.47070457292256,51365900
2014-09-17,98.2845230102539,98.91844905349585,97.8219262103341,98.07892007531731,45543000
2014-09-18,98.88423156738281,98.96989623207338,98.43877138951487,98.72146412941424,24714600
2014-09-19,97.63347625732422,99.2953976425438,97.32507833974135,99.27826079390432,52459600
2014-09-22,96.2628173828125,97.25653887015503,95.98868664122224,97.17944266273545,45800600
2014-09-23,95.3633041381836,96.47696373884123,95.2519407924343,95.86016805452569,51616800
2014-09-24,96.22664642333984,96.30396101177215,95.00684937085218,95.47930920641078,34323100
2014-09-25,94.60313415527344,96.06346072508777,94.27671145446274,95.97756070421669,49733600
2014-09-26,95.45352935791016,95.53942934935483,94.66323239687105,94.9638921975513,26473300
2014-09-29,95.37621307373047,95.65109697369115,94.25090813228971,94.33680812219947,30619000
2014-09-30,93.93309020996094,95.37623261893121,93.89872889620564,95.28174064454174,55596900
2014-10-01,92.60160064697266,93.9674281214005,92.2837634892054,93.88152813528063,88621100
2014-10-02,93.48637390136719,93.87292707834085,91.86284007208069,92.59299971400216,71825900
2014-10-03,94.1907958984375,94.76633315247538,93.70115865110296,94.27669590514084,44034600
2014-10-06,93.38329315185547,94.551551239913,93.2114931904493,94.44846733082024,35571200
2014-10-07,91.8456802368164,93.20292252482443,91.78554958120844,92.79059334797708,40271900
2014-10-08,93.60664367675781,93.66677432205,90.84921285050336,91.6395032039862,51589200
2014-10-09,91.08113861083984,93.54650804387212,91.06396123613597,93.53791607964597,60783400
2014-10-10,89.97303009033203,91.81990956262077,89.84417681482354,90.85781253307388,66579500
2014-10-13,89.61222076416016,91.14985456093483,89.21707563734206,90.05890456507471,72054300
2014-10-14,90.66024780273438,91.90581423726626,90.07611860396248,90.39395582588621,70034800
2014-10-15,91.57079315185547,91.91439969511049,88.94221522039146,89.50057503396218,117497300
2014-10-16,92.60160064697266,93.2630377492194,90.15340844318881,90.3252149691774,100532300
2014-10-17,92.32673645019531,93.82141749945663,91.94876856615787,93.76987880754253,72675000
2014-10-20,93.4090805053711,93.4090805053711,91.91439958088144,91.92299154673331,34914400
2014-10-21,94.94673156738281,94.9982702641476,93.64103433725145,93.91591830958178,44748100
2014-10-22,93.58946990966797,95.40198798367663,93.51216188036167,95.17864930762545,48798300
2014-10-23,95.24737548828125,95.84868862411491,94.29387036972734,94.52580758978111,60795100
2014-10-24,95.41056060791016,95.62531382855944,94.86938485122333,95.28170736477095,41927400
2014-10-27,95.35903930664062,95.42775536891989,94.07051974797577,94.8522182056161,31133700
2014-10-28,98.07352447509766,98.10788578569513,95.60816106191456,95.78855302723893,84912900
2014-10-29,97.84158325195312,98.6920042976917,97.0512928548274,98.23672845051598,67133500
2014-10-30,98.67481231689453,99.11290416891359,97.18871714434002,97.48937034290648,59046200
2014-10-31,100.12655639648438,100.47016291826267,99.54242727558608,100.4272161991337,53133300
2014-11-03,99.95475006103516,100.82235499880144,99.55960487991113,100.28976459620007,39729600
2014-11-04,99.49089050292969,100.0750196350525,99.02702267267779,99.55961311935576,37347600
2014-11-05,99.67130279541016,100.28120139471588,99.25898012021088,100.22107073150971,31073500
2014-11-06,100.10078430175781,100.10078430175781,99.26754063932592,99.62833108183447,31720900
2014-11-07,100.25542449951172,100.25542449951172,99.38781937820664,99.98054055215519,28657700
2014-11-10,100.75366973876953,100.77084712094765,100.04068713397882,100.22967110669455,29371800
2014-11-11,100.82235717773438,100.882487824993,100.39285068195869,100.60760392984653,23536800
2014-11-12,101.27762603759766,101.43224862757484,100.21245183650397,100.23822117587542,34594700
2014-11-13,100.41862487792969,101.5782911618393,100.17810227726687,101.31199921878395,25135200
2014-11-14,100.23822021484375,100.68490405174609,99.96333634126958,100.45297344587821,23321400
2014-11-17,99.4050064086914,100.44441157182405,99.37064509498241,100.15234368217288,29847300
2014-11-18,99.98049926757812,100.60758149522628,99.4307315998786,99.782929993677,33717200
2014-11-19,98.91537475585938,99.86028799821055,98.24534548498765,99.86028799821055,38258700
2014-11-20,100.02348327636719,100.04066065399859,98.46007976192764,98.46007976192764,26555000
2014-11-21,100.14373779296875,101.46661860840223,99.78295390341847,101.43225730171899,43240400
2014-11-24,101.3377914428711,101.40651407393473,100.14376358158128,100.28120228995776,24573200
2014-11-25,101.41508483886719,102.03357532160209,100.95980894289562,101.55253008114154,26745900
2014-11-26,101.75008392333984,101.79303719344422,101.22608548606102,101.42366135329273,14640700
2014-11-28,100.23822021484375,101.81020888516713,100.13513630459775,101.7758541355003,21110700
2014-12-01,98.67481231689453,100.04923162016136,98.62326708732014,99.92037837684768,36244100
2014-12-02,99.86029052734375,100.19530517126444,98.76934658114708,98.77793199496485,31812100
2014-12-03,100.82235717773438,101.11441844906231,99.6626843961408,99.8860296089939,29148000
2014-12-04,100.34130859375,100.76222969151429,99.8344940586348,100.66773773517939,28631900
2014-12-05,101.09725189208984,101.34636647274932,100.47016945749877,100.71928403815825,30261400
2014-12-08,99.83448028564453,101.68135933137653,99.51664315329818,100.7364398983869,32295000
2014-12-09,101.50960540771484,101.59550543146617,98.56318937215774,98.75217335666166,52645900
2014-12-10,99.35345458984375,101.50098725982568,99.2675480400448,101.14019679041903,45413600
2014-12-11,99.74860382080078,101.08866216348942,99.53385054517761,99.82591185422518,36021800
2014-12-12,98.53736114501953,99.6368965210758,98.44286920922583,98.59749178109298,44816000
2014-12-15,97.54093933105469,99.42217354816336,97.20592474908672,99.00985093362576,66361200
2014-12-16,97.40348815917969,99.07856096701924,97.09424294023248,97.34335750848157,62849700
2014-12-17,100.41001892089844,100.49591890148693,97.48937370465065,97.6182269524076,70379400
2014-12-18,101.90471649169922,101.99920845217565,100.90826475451522,101.75868584505363,54315600
2014-12-19,102.13665008544922,102.63487921334757,101.48379835074617,101.92189682898433,49041800
2014-12-22,102.83243560791016,102.83243560791016,102.05073726062697,102.39433718476332,27043400
2014-12-23,102.9613037109375,103.45953284806437,102.60910521801179,103.45953284806437,34533000
2014-12-24,103.25875091552734,103.52603515163517,102.8276439137169,103.14665888502732,19175400
2014-12-26,103.93128967285156,104.1813325542863,103.52604798839428,103.58640271300463,18261900
2014-12-29,104.37103271484375,104.65555840463207,103.9916563575628,104.00889774736086,27692500
2014-12-30,103.75885009765625,104.53484416657021,103.69849536886139,104.14685042119928,23996000
2014-12-31,103.1380615234375,104.68142567921156,103.06908281098265,104.1554745085444,35688700
2015-01-02,102.5431137084961,103.94852019359556,101.6464103379066,103.52603716549072,46133100
2015-01-05,101.1722183227539,102.35345422956988,100.69800442566446,101.9395950676799,51141900
2015-01-06,99.42191314697266,101.54295920105649,98.60281232243202,101.41363233899263,67446000
2015-01-07,100.646240234375,100.67210560112753,99.56847276521562,100.06855187149593,32252100
2015-01-08,102.35346221923828,102.47417169905978,101.26707032267147,101.448141120577,28361700
2015-01-09,101.37049865722656,102.46550753138507,101.14632117768213,102.43964216416278,26975200
2015-01-12,101.03427124023438,101.74991068305974,100.21517029215343,101.48261977874571,27316800
2015-01-13,101.11187744140625,102.93977429502588,99.86166922175977,101.81889296983177,49991400
2015-01-14,100.70658874511719,100.96524897487735,99.62882134235767,99.99957359203376,34224200
2015-01-15,99.00804901123047,101.20669107105736,98.70627538476462,101.07736421555178,46199400
2015-01-16,100.62039184570312,100.82732798451039,98.4648564027517,98.6459271687511,41895700
2015-01-20,100.19790649414062,100.94803517961033,99.29258557530336,100.74972302890961,36444400
2015-01-21,99.87889099121094,100.72386381193412,99.40467712231842,99.84440821158111,27333500
2015-01-22,101.91371154785156,101.9482009037903,99.24084895523492,100.49968084522413,37877000
2015-01-23,101.84474182128906,102.4051757785663,101.35327999934744,101.94820331337856,28173400
2015-01-26,102.82766723632812,102.83628464203589,100.93941603510451,101.63780743142676,23006800
2015-01-27,102.33621215820312,102.81905003658818,101.41364316733298,101.6205727469019,26919100
2015-01-28,100.61177825927734,102.99148474234161,100.29275663346901,102.75868980006207,38086100
2015-01-29,101.99992370605469,102.01716509248355,100.09442488619669,100.89628420764603,39299900
2015-01-30,99.75818634033203,101.70679239203731,99.67196623075343,101.29293323479095,49739800
2015-02-02,100.67211151123047,100.74108363389612,98.62003791945185,100.12029506087931,44819100
2015-02-03,102.47415161132812,102.60348505097636,101.11185165962111,101.1635889823836,43920000
2015-02-04,102.09477233886719,102.81040502563646,101.827481500993,102.10338974338114,28597100
2015-02-05,103.4139633178711,103.68124758917753,102.25859298021976,102.40516780137673,32337100
2015-02-06,103.30184936523438,104.17268728077994,102.90523174483003,103.55189219556608,31694900
2015-02-09,102.4827651977539,103.65537686276951,102.36205575384093,102.94836158634875,32367900
2015-02-10,103.1380615234375,103.32774311543025,101.8274922994835,103.06045882738277,28960800
2015-02-11,102.99147033691406,103.31049191810081,102.27583764219635,102.92249820917951,23794200
2015-02-12,104.16409301757812,104.25893710366539,103.32774421017515,103.60365906291788,27854600
2015-02-13,104.78487396240234,104.9228313699236,104.02612795554917,104.2503054536856,20446900
2015-02-17,105.11254119873047,105.24186807224505,104.5521006268677,104.89698763864268,16868500
2015-02-18,105.224609375,105.23323335787342,104.43999138780778,104.81074371330612,20450200
2015-02-19,105.23326873779297,105.51779448655915,104.7935375578107,104.98322577577065,16620500
2015-02-20,105.51776885986328,105.6557262860285,104.24169555869567,105.06079639749223,30331600
2015-02-23,105.62123107910156,105.64709645053182,104.56070480325867,105.27634411096402,25778200
2015-02-24,105.7591781616211,106.09544111369448,105.35393650702724,105.59535538767776,20023600
2015-02-25,105.87991333007812,106.08684290975094,105.38845146699721,105.68160115668599,17059600
2015-02-26,106.26790618896484,106.3110195326838,105.47467065864842,105.7850683145414,24379000
2015-02-27,105.69020080566406,106.36272671837925,105.66433543643213,106.07819450048552,23821700
2015-03-02,106.45755004882812,106.72483424970878,105.64706688722882,105.66431484880366,29683500
2015-03-03,105.82815551757812,106.2161558048082,105.41429643833847,106.2161558048082,23068400
2015-03-04,105.50052642822266,105.71607997084682,104.85386580035018,105.37119298701374,22822500
2015-03-05,105.81092071533203,105.98336091271847,105.11252936429351,105.6470979230946,19725600
2015-03-06,104.4744873046875,105.7850565005777,104.22444441102198,105.17288524153669,37319900
2015-03-09,104.93147277832031,105.12116096796936,104.43139350708607,104.64694707201949,17556300
2015-03-10,103.72439575195312,104.0692762520763,103.3191539283171,103.99168011300075,32440300
2015-03-11,104.36237335205078,104.44859342815724,103.36220205033962,103.87091168225689,20914500
2015-03-12,106.095458984375,106.1816790879629,104.96595391940505,105.03493263354427,41063300
2015-03-13,105.7160415649414,106.21612718091312,104.50894084914302,106.00057371659804,26371000
2015-03-16,106.33687591552734,106.552429459549,105.94887558938508,106.14718774428074,19906300
2015-03-17,106.62141418457031,106.72487568150456,105.85403747266398,106.02648426450853,23142600
2015-03-18,107.47501373291016,107.88025550612478,105.92302536276331,106.39724585868959,40292600
2015-03-19,107.6819076538086,107.74226237164584,107.18182194705946,107.22493527901644,34008200
2015-03-20,108.63037872314453,108.77696015478132,108.04407273111673,108.08718607774634,34165600
2015-03-23,108.53549194335938,108.91486819436267,108.45789584374717,108.59584665800348,17132400
2015-03-24,108.5096435546875,108.90626125271532,108.34582734826243,108.44066484768139,30115600
2015-03-25,105.91773986816406,108.62470673001748,105.83990026092152,108.56416774583082,42514000
2015-03-26,105.7879867553711,106.29824944366817,105.1134077761418,105.58906922644952,26899200
2015-03-27,106.46257019042969,106.57500442384224,105.39016270672612,105.83987984561692,23066800
2015-03-30,107.9068374633789,108.09710464782125,106.98145246488795,106.99875308070179,20487000
2015-03-31,107.56090545654297,107.85494994595206,107.15442675791725,107.48306588106593,24507800
2015-04-01,107.60415649414062,107.60415649414062,106.28959324821454,107.43984021230767,31955200
2015-04-02,107.8030776977539,108.33063439561528,107.49173254497498,107.55227151366796,23586400
2015-04-06,108.27873992919922,108.52090240399336,107.13714322675217,107.16309415488398,22045600
2015-04-07,107.58685302734375,108.53818238999612,107.56090870081944,108.07981502606147,20214700
2015-04-08,108.51225280761719,108.67657569560117,107.56956702688383,107.56956702688383,19314400
2015-04-09,108.12306213378906,108.73710870313943,107.04200445264784,108.41711325415075,22325300
2015-04-10,108.64198303222656,108.78900530401654,108.29604322935083,108.48631045084512,14966300
2015-04-13,108.71116638183594,109.3079123805051,108.60738905911295,108.70252267044434,22819200
2015-04-14,108.68523406982422,109.03982422368048,107.91552138266478,108.74577304752484,22600800
2015-04-15,109.44629669189453,109.94790250733267,108.90143932596118,109.10900717881832,37282300
2015-04-16,109.3857650756836,109.61927067803829,109.10901451817806,109.37711476500267,24439900
2015-04-17,107.61280059814453,108.58143060651634,107.08524394873915,108.20954651920192,48283500
2015-04-20,108.66793823242188,108.92738816184084,107.95876453480429,108.14903177533036,24602300
2015-04-21,108.55548095703125,109.18682152133609,108.46899766557569,109.01385493842494,13844600
2015-04-22,108.71981048583984,108.86683275014083,107.64740308997882,108.55548760323721,21991300
2015-04-23,109.2127914428711,109.43765333195353,108.33065110609193,108.52091835083448,18025800
2015-04-24,108.8495101928711,109.36841643558391,108.70248796711512,109.25598883910891,14992500
2015-04-27,107.64741516113281,109.75764214938923,107.27553100497703,109.1522458077443,32924600
2015-04-28,108.24411010742188,108.42572694472624,106.59225136135557,107.7079033032969,35654900
2015-04-29,107.06795501708984,108.01928445362327,106.9209261582805,107.64740034863947,26437900
2015-04-30,104.80204772949219,106.75660170831293,104.35233067330653,106.42795597662733,72393800
2015-05-01,105.48526000976562,105.64958284926418,104.56852542782812,105.09607537909812,47996200
2015-05-04,105.86581420898438,106.67876505571851,105.3382575604191,105.62365175858797,37675100
2015-05-05,104.51663970947266,106.0474208527479,104.02367774430382,105.81390873341708,56891600
2015-05-06,104.8798828125,105.07015000871229,103.98909239228067,104.74151086868781,34348300
2015-05-07,105.2777328491211,105.7101559574177,104.27450807071155,104.76747015023956,29826100
2015-05-08,106.0647201538086,106.59227677768813,105.85715894714754,106.31552630272279,26357100
2015-05-11,106.125244140625,106.94685173974987,105.89173864085846,106.03011055969212,28406700
2015-05-12,105.93499755859375,106.30688164769016,104.53395109131355,105.81391963174859,34961600
2015-05-13,105.93499755859375,106.55768780994144,105.51122481463572,106.16850970197521,27214700
2015-05-14,107.05928802490234,107.11982698147732,105.90039094414387,106.44524815157004,23293200
2015-05-15,106.9382553100586,106.99879429222085,106.32421517719735,106.86041570541902,22055600
2015-05-18,108.14900970458984,108.24414330543827,106.52309477972724,106.7220122901155,30846000
2015-05-19,108.0019760131836,108.14900486134366,107.50901401188725,107.9327933415075,23256800
2015-05-20,108.20089721679688,108.50359203527391,107.53496201789523,108.25278587189233,20838500
2015-05-21,108.07981872558594,108.51224177779794,107.65604598192878,108.08846903414079,16229300
2015-05-22,107.61280059814453,108.31332382842783,107.2409165108301,107.89820139501998,22601400
2015-05-26,106.5836181640625,107.27549759668707,105.96092799435063,107.18901431717183,44037800
2015-05-27,107.8895492553711,107.99333316108766,106.19445171817915,106.68741372339186,32086300
2015-05-28,107.7944107055664,107.85494966489003,107.04199226975707,107.63008784529441,18631900
2015-05-29,107.14576721191406,107.87224126130646,106.65280527056788,107.76845736903579,33468900
2015-06-01,107.4830551147461,108.01926198662186,106.40199766211427,107.83764512636984,35649400
2015-06-02,107.69064331054688,108.373872583777,106.79120909081001,107.06795960417199,29477600
2015-06-03,108.76304626464844,108.9100685165555,107.6041490714791,107.89820017354525,30774800
2015-06-04,107.67333984375,108.64196985466295,107.3101060640022,108.17495216716486,25820600
2015-06-05,108.45169830322266,108.5554756085554,106.65281689726716,107.43982998671714,36626500
2015-06-08,107.95011138916016,108.64199104594647,107.7338998211961,108.34793988242359,18798700
2015-06-09,107.6214599609375,107.98469377029151,106.80850244626194,107.85496552459288,23928300
2015-06-10,108.96195983886719,109.38573918462684,107.97603579872617,108.04522507128924,42563500
2015-06-11,109.23869323730469,109.43761071523404,108.89276012512502,109.11761532839157,17489400
2015-06-12,108.91007995605469,109.10034717180265,108.47765686508302,108.9014296467245,23578600
2015-06-15,108.56414031982422,108.79765248430641,107.18903805571718,108.20090650646605,30618300
2015-06-16,109.33384704589844,109.53276456062117,108.38251761493645,108.43440627171091,32800900
2015-06-17,109.16952514648438,109.80085909891292,108.94466331495062,109.6105919028653,32467000
2015-06-18,110.63113403320312,110.90789117582358,109.61061516367727,109.67980444933238,39642100
2015-06-19,110.57920837402344,110.83866480930273,110.35434656999813,110.54461374276944,23310900
2015-06-22,111.34027099609375,111.42674767213812,110.83000186247435,111.0635139611475,25230000
2015-06-23,111.57376098632812,111.64295023953821,111.0462044775394,111.28836026552432,23378500
2015-06-24,110.63113403320312,111.65165950098243,110.46681772758905,111.35760173782148,26436800
2015-06-25,110.57059478759766,111.06355689974208,110.05168834295934,111.0030245227586,24100900
2015-06-26,110.26787567138672,110.99434321453138,109.67978007054258,110.78678860020659,38219900
2015-06-29,107.4830551147461,109.89597614081045,107.33603288476841,109.51544180604371,49224900
2015-06-30,107.98465728759766,108.38248560128157,107.49169539909255,108.26140770573649,39631300
2015-07-01,108.3046875,109.10899469258135,107.2928124783152,108.77169861985138,28627700
2015-07-02,107.50479125976562,108.52963927839075,107.14870353679731,108.39936069633153,31486400
2015-07-06,107.47005462646484,108.13881495176479,106.67102233957526,106.7752465350912,27852200
2015-07-07,107.59162139892578,107.68715856622475,105.55061274763834,107.59162139892578,39347100
2015-07-08,105.95014190673828,107.1313228247092,105.33349705821932,106.65364355536025,40724500
2015-07-09,106.33230590820312,107.28767121047584,106.19334030905719,107.13133822455887,29770400
2015-07-10,107.80875396728516,107.99114130420782,107.14000039856874,107.55688384689398,28735800
2015-07-13,109.02467346191406,109.12021063024683,108.34723290554915,108.36460028786294,21349900
2015-07-14,109.63263702392578,109.86713312770293,108.91176807792797,108.9638768507134,21009500
2015-07-15,109.05071258544922,109.84975121114596,108.79884250657372,109.70209866405216,22238300
2015-07-16,109.70213317871094,110.07559491299209,109.40684124410181,109.52843282026367,33568400
2015-07-17,109.22444915771484,109.76292422136761,108.877041829596,109.70212843591509,24739900
2015-07-20,108.63384246826172,109.31128301251454,108.35591797251075,109.24180023201613,23271100
2015-07-21,108.12141418457031,109.25917316878537,107.79138091980342,108.62515439887972,28118700
2015-07-22,108.52090454101562,108.642496063792,107.59159411623,107.76530102465411,20654200
2015-07-23,107.32238006591797,108.90307683252936,107.08788397127317,108.55566956625646,39712100
2015-07-24,105.59402465820312,107.44395868610238,105.51585488523295,107.24420400474624,39533000
2015-07-27,104.71685791015625,105.36824418892712,104.45630074815034,105.20322421124047,35627200
2015-07-28,105.6114273071289,105.79381466997964,103.64858146568545,105.02083681617441,53474800
2015-07-29,105.90670013427734,106.24542038673835,105.064239691813,105.402959944274,32411300
2015-07-30,106.21068572998047,106.34096428754748,105.09898774106176,105.63746272718275,29383900
2015-07-31,106.79256439208984,107.4092090205172,106.14986538342829,106.34962004938471,31812700
2015-08-03,106.26280212402344,106.96630373484558,105.48982435359284,106.8533925512759,34033200
2015-08-04,106.01093292236328,106.79259770442403,105.62010384445452,106.29754444682608,21728900
2015-08-05,106.25410461425781,107.28763941632843,105.88064958627467,106.47123332889501,25673500
2015-08-06,104.8210678100586,106.53204326257358,104.0307160523007,106.36702330738392,42225300
2015-08-07,104.11756134033203,104.60393417856307,103.41406640852847,104.34337706428776,42261400
2015-08-10,105.31615447998047,105.54196365995325,104.49106106836503,104.5084350829753,28798900
2015-08-11,104.41284942626953,105.16845305503446,103.91779625953863,104.63866512769263,33383800
2015-08-12,104.21308135986328,104.51706019233914,102.4586845079729,103.84830676089226,46500100
2015-08-13,103.86569213867188,104.73420702552922,103.69199181179751,104.30863658631708,35698300
2015-08-14,104.53446960449219,104.6473741730131,103.3706560179374,103.77885914248475,21091500
2015-08-17,105.6374740600586,105.68090245932086,103.87438972040243,104.24785142483034,22328200
2015-08-18,104.7950439453125,105.4898521079028,104.67344572495817,105.4898521079028,26360400
2015-08-19,103.7093734741211,104.65605159006519,103.12746342103647,104.1349439447409,45178900
2015-08-20,101.08644104003906,103.01454503249754,101.08644104003906,102.780042316527,51879800
2015-08-21,99.90526580810547,101.32094930644521,99.33204943167846,99.99211597104984,79168300
2015-08-24,96.00564575195312,99.80973894196056,94.02543267698368,95.11107639144004,83809200
2015-08-25,95.26741027832031,99.09755789454297,95.15449909012247,99.05413612128825,59240200
2015-08-26,97.6905746459961,97.87296200930517,95.03291411690013,97.12603854456674,51605300
2015-08-27,99.43626403808594,99.98343263832618,97.58632977969522,98.40273586497908,49533700
2015-08-28,100.41769409179688,100.48717024713855,99.19308491478145,99.32336347369159,41601400
2015-08-31,100.05290222167969,100.73034933112838,99.67076021585972,99.96605206700433,29250900
2015-09-01,97.18682861328125,99.11493294943581,96.92627146603309,98.23773095502675,45129200
2015-09-02,98.93252563476562,98.98463440320361,97.34314193498518,98.49826822780324,26865800
2015-09-03,98.77619934082031,99.99211486102892,98.61986639875883,99.08017822087247,33334500
2015-09-04,98.029296875,98.75015933640839,97.51686954569195,97.73399830995514,31154600
2015-09-08,100.27005004882812,100.37427423006541,99.10624317644012,99.4970722601541,29916300
2015-09-09,99.11494445800781,101.11252518929672,99.01940726800657,100.89539641679286,40963000
2015-09-10,99.56654357910156,100.12239256252178,98.776198497712,98.79356587946276,29877900
2015-09-11,100.0355453491211,100.05291273138363,98.71540563115697,99.14966307639084,27949400
2015-09-14,99.57523345947266,100.34821118144004,99.38415912348202,100.33083717294484,22365800
2015-09-15,100.69561004638672,100.91273875072946,99.6447079125169,99.75761245332795,26745300
2015-09-16,101.56413269042969,101.63360884522922,100.56533924823624,100.70429818407801,27127800
2015-09-17,101.91155242919922,103.25775340247833,101.33833594385523,101.54677769977633,50405400
2015-09-18,100.50458526611328,101.47731810024379,100.22666065261235,100.53932667108157,42736100
2015-09-21,100.32215118408203,101.87679354531573,99.94868953723548,101.21672041051295,33021700
2015-09-22,98.80224609375,99.64470651498294,98.18560137721423,99.4015168034864,35786900
2015-09-23,98.5069351196289,99.3754498146556,98.20295630161782,99.02804261139667,25506800
2015-09-24,98.34194946289062,98.50696279546263,97.16076861569864,97.95980076931582,39810300
2015-09-25,97.04763793945312,99.21645103888815,96.62084619599872,99.13805692137112,43750300
2015-09-28,94.330078125,96.81244720297215,93.96425006725363,96.72534781598769,56765300
2015-09-29,93.65939331054688,95.03558613679125,93.1890486745422,94.28651949188644,49980700
2015-09-30,95.1139907836914,95.31432537877356,93.99039725844236,94.48687113422382,50834500
2015-10-01,94.94851684570312,95.53209019846018,93.57232358332104,95.26208003574611,44985900
2015-10-02,96.35952758789062,96.35952758789062,93.30229699120133,94.05136374159586,58019200
2015-10-05,98.65898132324219,98.81576288299163,97.15214260839339,97.25666586331218,45220500
2015-10-06,97.97959899902344,99.00738777060707,97.36118467857379,98.60672525222805,34140000
2015-10-07,99.71292877197266,99.73034599583089,98.10155978683719,98.51093432272526,36371000
2015-10-08,100.61004638671875,100.81908625997656,99.25127059739866,99.6258039698335,43072200
2015-10-09,100.81039428710938,101.15879857502686,100.51425496179792,100.79297706308009,26497200
2015-10-12,100.6623306274414,101.02815216120392,100.2268269028881,100.85395332948639,22984000
2015-10-13,99.28611755371094,101.29814888051548,99.23385924362137,100.26164809535126,37445300
2015-10-14,98.31056213378906,99.94805289569211,98.17119782456021,99.32963872531508,39987400
2015-10-15,100.6623306274414,100.6623306274414,98.12770240607608,98.58933529086107,42503400
2015-10-16,100.53163146972656,100.86261839956245,99.66933635644286,100.86261839956245,33685600
2015-10-19,100.72328186035156,101.21975574676732,99.86098650926277,100.07873833041457,24949500
2015-10-20,100.58392333984375,101.29814904165607,100.191966077774,100.67102273855099,20531400
2015-10-21,99.05097198486328,101.01945075621896,98.99000172689146,100.96718578848616,34060300
2015-10-22,99.92193603515625,100.53163834985983,99.05964086285924,99.65192595939564,36882600
2015-10-23,100.90618896484375,101.08039440265696,99.93066509412165,100.73199017228852,40172500
2015-10-26,100.21810150146484,100.92362195921719,100.10487294058885,100.68844625821355,19783300
2015-10-27,99.12064361572266,100.05262125698306,98.51093445571722,99.80873360582548,38189200
2015-10-28,102.01235961914062,102.02977683819654,99.22513275693584,99.4167553928367,65529900
2015-10-29,100.92363739013672,102.00368478636682,100.6536205571345,101.68140963193302,27252000
2015-10-30,100.46197509765625,101.06297223903645,100.2355179925705,100.6535977598504,28018700
2015-11-02,102.5523910522461,102.83982503764021,100.53165451189054,100.55778366597038,33836900
2015-11-03,103.08369445800781,103.67597958343111,102.24752839480853,102.4217271660036,28626300
2015-11-04,103.03144073486328,103.64985503892514,102.50883775279415,103.34500385315626,25696000
2015-11-05,103.1098403930664,103.30146305972704,101.98624019376759,102.98789990432931,27141300
2015-11-06,103.84146881103516,103.96340927492452,102.16042482140973,102.78755100441607,35141300
2015-11-09,102.6220703125,103.90245198811704,102.14301368378013,103.71082933662908,32983100
2015-11-10,102.92692565917969,102.92692565917969,101.87300767877034,102.18657082197983,21892200
2015-11-11,102.02979278564453,103.07499886905326,101.97753447505156,103.04886971375677,22037600
2015-11-12,100.07872772216797,101.46362596817157,99.93065809434196,101.32426827294047,39916100
2015-11-13,99.35578918457031,100.46196538401973,98.99867969476661,99.67806423485055,43883000
2015-11-16,100.20939636230469,100.24423080781193,98.7373918424269,99.2599949133971,28979100
2015-11-17,99.82614135742188,101.1674933185535,99.68677700783306,100.29648606939722,34441000
2015-11-18,101.5158920288086,101.60299141993787,99.74774182712228,100.10485796958714,35554300
2015-11-19,101.089111328125,101.60300912226215,100.81038924079495,101.42009837544482,25512500
2015-11-20,101.74236297607422,102.22141966042885,101.36782956246746,101.45493561071993,31697700
2015-11-23,102.24755859375,102.68306229562141,101.62914413452368,101.6552732933945,22716400
2015-11-24,102.9966049194336,103.14467455363138,101.52460057465223,101.80332262236595,24994500
2015-11-25,103.79792785644531,103.92858026729341,102.87466233823207,103.04015583499017,20772600
2015-11-27,104.18989562988281,104.4337766106686,103.54534544322512,103.88503775864223,14129300
2015-11-30,103.73697662353516,104.58185483718808,103.69343024211257,104.53830181050661,30165400
2015-12-01,104.42505645751953,104.44248032349468,103.5627611589687,104.18117549593003,27899900
2015-12-02,103.30147552490234,104.55572829784134,103.17082308684469,104.28571813237882,22238300
2015-12-03,101.55946350097656,104.04183331056606,101.15880088655679,103.58891237760521,39485400
2015-12-04,102.58724212646484,102.7178945548412,101.33298944646559,101.55945321263401,32669900
2015-12-07,101.04553985595703,102.49140824830002,100.61003628731949,102.46527909742291,29621400
2015-12-08,100.48807525634766,101.04551917851065,99.69545573390158,100.1309592134199,30946000
2015-12-09,99.3645248413086,101.18492710026126,98.9464383693731,100.1919792053309,41980400
2015-12-10,99.69550323486328,100.23553019905953,98.98998938837602,99.19902929747245,31278800
2015-12-11,97.47443389892578,98.71996800660253,97.14344685917182,98.6589977590571,52609300
2015-12-14,96.77760314941406,97.88377928521292,96.05466563363824,97.43957043164596,53400400
2015-12-15,98.17121124267578,98.38896302166634,97.20439281233712,97.31762799037664,48273900
2015-12-16,99.66936492919922,99.86098759714163,98.2757545876975,98.85061594626646,44560600
2015-12-17,98.60673522949219,100.11358077620045,98.39769533902538,100.08745162054939,41318000
2015-12-18,97.09988403320312,98.32800071010644,97.0650429483272,98.12767277864171,49876600
2015-12-21,97.83154296875,98.1015531143712,97.11731722447898,97.70089054029316,26479300
2015-12-22,98.72866821289062,98.87673784716091,97.36989906027802,98.11025387688726,28108700
2015-12-23,99.97418975830078,100.13097129565554,99.0596363281118,99.2251231515232,29609700
2015-12-24,100.16319274902344,100.74055584092669,99.8570183854841,100.11070762215971,13370500
2015-12-28,99.69953918457031,99.78701660566577,98.81600188107753,99.70828892890968,22125500
2015-12-29,100.7754898071289,100.8542241311569,99.78698260478002,100.1456485853907,22841500
2015-12-30,99.76077270507812,100.9067422564453,99.72578040229067,100.64430999668834,21273200
2015-12-31,98.51858520507812,99.69954716970089,98.42235803193627,99.340881038154,39517700
2016-01-04,96.23538208007812,96.95270761779818,95.42182937609445,96.76025328527095,66665900
2016-01-05,96.44534301757812,96.73402455764614,95.8329943029797,96.58531225182944,28253300
2016-01-06,94.9756851196289,95.87671523854827,94.47705647740658,95.08940509975,35569200
2016-01-07,92.43878173828125,94.03964426097251,92.28131974139197,93.35731116581837,52482000
2016-01-08,90.84667205810547,93.15611030855239,90.68046698701082,92.61374638061459,60299300
2016-01-11,90.45304870605469,91.66025331858457,89.49952665104813,91.16162460100696,47144800
2016-01-12,90.72423553466797,91.84396277179223,89.17586417454162,91.17037914993182,53702900
2016-01-13,87.81114196777344,91.34528326733626,87.17255101120098,90.89914657409152,70591600
2016-01-14,89.02713775634766,89.84944029739897,86.77019065230719,88.23108445149816,69373400
2016-01-15,87.58373260498047,87.73244488787891,85.30053654740075,86.67395274485565,85759200
2016-01-19,86.40277862548828,88.5285130141075,85.50174835782796,88.41479301521366,51391100
2016-01-20,86.76141357421875,87.76742040715638,83.157287126112,85.23053564230005,94385800
2016-01-21,86.56021881103516,88.27480815167137,86.06159021247122,86.89264232614367,65798200
2016-01-22,88.6772232055664,88.8871703650585,87.59248175430758,88.04737505299028,46056700
2016-01-25,86.70892333984375,88.42350572132541,86.47272702110371,88.12607455589308,35019600
2016-01-26,88.44099426269531,88.70343312105094,86.76140425669206,87.05882873367085,33349600
2016-01-27,87.22505950927734,88.86965758181104,86.65644630802883,87.9948700949976,47973900
2016-01-28,87.20755004882812,88.30977726645436,86.79639894065588,87.95986767780339,41951100
2016-01-29,90.068115234375,90.08561472090581,87.44375287903506,87.51373747696111,42245300
2016-02-01,89.65696716308594,90.18183831747585,88.5722325541336,89.35079287920006,33615700
2016-02-02,87.72366333007812,88.76466228104186,87.27751996907982,88.64219260141049,39692700
2016-02-03,87.83740234375,88.41475853293943,85.85163129176243,88.40600879055988,55262500
2016-02-04,88.17858123779297,89.20208099438959,87.45250602279924,87.47874857951729,51188400
2016-02-05,85.7641830444336,87.86367476465246,85.69419842980292,87.78494040466789,53366600
2016-02-08,84.35575866699219,84.86313701742279,83.05232716421607,84.86313701742279,61107700
2016-02-09,83.78716278076172,84.96812481194327,83.12232227633865,83.21854945490385,55857200
2016-02-10,83.83087921142578,85.6591816971433,83.69965976493498,84.3732431349103,42756100
2016-02-11,82.92109680175781,83.45471763909877,81.91508997689711,82.29999856097203,57923200
2016-02-12,84.49571990966797,84.670681410997,83.27102277085895,83.68217395635862,40097300
2016-02-16,86.49900817871094,86.69146254680881,85.04686402014639,85.5454927583542,38882100
2016-02-17,87.85491180419922,88.43226810280609,87.06760169328149,87.1025939953333,40940400
2016-02-18,87.43502044677734,88.03862604372321,87.07636099106887,87.92490605515222,35043600
2016-02-19,87.87239837646484,87.96862553174736,86.7001863744396,87.09383806488718,32424800
2016-02-22,88.85216522216797,89.23707385404205,88.56348374826241,88.65096116257045,28867400
2016-02-23,88.03858947753906,88.78215731511378,87.95986182755809,88.56346049970374,29857100
2016-02-24,88.88714599609375,89.07085054454807,86.57770785252805,87.14632098294267,36909600
2016-02-25,89.70071411132812,89.75319922740717,88.69470711718508,89.04462346394342,22612600
2016-02-26,90.26933288574219,90.51427234128977,89.84068216443433,90.15560622845253,27474700
2016-02-29,89.86695861816406,91.00417881681831,89.85820887093011,90.21686841830284,32014400
2016-03-01,91.80022430419922,91.80022430419922,90.16436888594201,90.645504795459,36422700
2016-03-02,92.7449722290039,92.80620708995535,91.49402577748212,91.66898729027146,24937100
2016-03-03,93.71597290039062,93.7334723860987,92.65748093439443,92.77120756920199,28216300
2016-03-04,94.23208618164062,94.75695721099005,93.3135568747062,93.66347311897157,38180900
2016-03-07,95.255615234375,95.34309265404895,93.78597189191512,93.78597189191512,38739900
2016-03-08,92.95491790771484,94.73073539396317,92.8499410092302,94.73073539396317,46193900
2016-03-09,93.42730712890625,93.61101170195114,92.78870932099875,93.26984511285364,25627200
2016-03-10,92.66621398925781,94.03087996840353,91.68644986309594,93.68971347361709,47051200
2016-03-11,94.6520004272461,94.765727068379,93.30483361312201,93.41855358015624,33625000
2016-03-14,94.40704345703125,94.77445251985779,93.95215699935517,94.36330809665519,24422700
2016-03-15,92.93740844726562,93.8471881142027,92.75370390020593,93.7859532651828,34258400
2016-03-16,93.593505859375,93.89093705798885,92.49127849594906,92.49127849594906,37952200
2016-03-17,95.02813720703125,95.43928828516536,93.01613052289223,93.59348664126355,41724500
2016-03-18,95.88544464111328,96.18286914483977,95.08938492684887,95.15061977609244,36512600
2016-03-21,95.65802001953125,96.17414815946464,95.42183031081566,95.73675437183614,29903700
2016-03-22,95.5442886352539,95.9554398144142,94.88819803210843,95.15938001236363,23602100
2016-03-23,93.77804565429688,95.27842342687728,93.70785759209495,95.23455672476862,39243300
2016-03-24,94.0588150024414,94.07636703804053,92.77779086345332,93.2164980354687,30924300
2016-03-28,94.17289733886719,94.56773117550794,93.48851511848123,94.26063744766056,21096400
2016-03-29,96.78761291503906,96.81393428484027,93.68156408978233,93.91846980627892,46761100
2016-03-30,96.79635620117188,97.49829039781969,96.55945725893409,97.29648214068774,35683500
2016-03-31,97.068359375,97.54216398706346,96.81390837810623,96.93675256121107,28555900
2016-04-01,97.498291015625,97.5860311172268,96.05933192810545,96.17339339077373,29981400
2016-04-04,96.68228912353516,97.67376492663128,96.60331835128243,97.31402852499613,21529400
2016-04-05,95.58554077148438,96.39276053022002,95.49779396341788,95.96282928608889,32515800
2016-04-06,96.66474914550781,96.75248925240176,95.27843269650386,95.57675709291256,28157800
2016-04-07,95.357421875,96.41031674913438,94.87484115277204,95.96284010940556,33298400
2016-04-08,95.73467254638672,96.57698945118656,95.31351074691693,96.17337968602037,26151700
2016-04-11,95.43636322021484,96.99816650602024,95.41881787729153,96.28745627602194,25842100
2016-04-12,96.46294403076172,96.67352161841131,95.13804637459548,95.45391610314029,25058700
2016-04-13,98.54240417480469,98.64769630740939,96.9630623505759,97.0244810877269,40534700
2016-04-14,98.41958618164062,98.88461481128014,98.16513516475186,98.49855697026067,25538600
2016-04-15,98.66524505615234,98.82317991344296,98.14757378145232,98.18267116019918,21176100
2016-04-18,99.41108703613281,99.49005114502954,98.15638376190091,98.25289991331435,19428300
2016-04-19,99.49002075195312,100.13930554972298,99.05131354105497,99.59531289245936,23228100
2016-04-20,99.63919067382812,100.20951145022573,99.121519320607,99.49003181213475,21422500
2016-04-21,99.13904571533203,99.95504133010546,98.8495040668436,99.56020754953197,20535700
2016-04-22,100.12175750732422,100.1919522657692,99.13028164731627,99.13028164731627,29094500
2016-04-25,99.41108703613281,99.94631053246451,98.98114901833009,99.84979438105107,16369600
2016-04-26,100.38499450683594,100.49027996085348,99.29699572495193,99.73570296773511,30564100
2016-04-27,100.73596954345703,100.94655387029059,99.93752572684215,100.44642780880984,24360300
2016-04-28,99.58653259277344,100.90265416888938,99.31453627583443,100.26213872309114,26126500
2016-04-29,98.69156646728516,99.55142875920883,98.02472970426469,99.15659498963123,33284500
2016-05-02,99.56898498535156,99.5953063452126,98.42834363434409,98.99866430984783,21881000
2016-05-03,97.93701171875,98.76177682047255,97.33159355419939,98.75300749500194,37929600
2016-05-04,97.12976837158203,98.26163371556106,96.84022671616354,97.38421934293922,30767200
2016-05-05,96.74371337890625,97.68254651681688,96.60332386206623,97.52461165744218,26249200
2016-05-06,97.31404876708984,97.33159411227324,96.11198845070851,96.34011810294224,25497400
2016-05-09,97.59478759765625,98.17387750760982,97.06833370515751,97.32278463476142,23427000
2016-05-10,98.57752227783203,98.62139568250993,97.45443273715172,97.97211079695569,18635300
2016-05-11,97.35791778564453,98.50732870544701,97.27895368923448,98.35816983835574,23604600
2016-05-12,96.8402328491211,97.82293272444274,96.07687988670588,97.55971241247052,34803000
2016-05-13,96.19974517822266,97.34038694223402,95.95407013837843,96.56825773798899,24510300
2016-05-16,97.4193344116211,97.84926565791815,96.40153703550986,96.44540374562251,27337000
2016-05-17,95.87506866455078,97.76151096577885,95.43636146399265,97.2877063858792,46676300
2016-05-18,96.37519836425781,97.09468462760962,95.45391722363821,95.47146256692297,35734400
2016-05-19,95.60306549072266,96.31376896256766,94.75197251157286,95.67326024437504,36995600
2016-05-20,97.208740234375,97.208740234375,95.8399759398858,95.89261866070756,37404500
2016-05-23,97.09468841552734,97.73519722959257,96.9542988872088,97.1911978485699,23721700
2016-05-24,99.09516906738281,99.3408439901143,97.6298821597094,97.66497953354812,41124300
2016-05-25,99.67426300048828,99.93748996777269,99.2180105105538,99.41104272734371,26202900
2016-05-26,99.56021118164062,100.04278507615322,99.3671789461794,99.82343148024555,15157200
2016-05-27,100.55170440673828,100.55170440673828,99.5953257764475,99.6391924867276,21265100
2016-05-31,100.90266418457031,101.37646880229916,100.46395694898523,100.74472931199404,32764400
2016-06-01,101.58705139160156,101.73621025243422,100.39376711665737,100.56047801649474,26806100
2016-06-02,102.36793518066406,102.36793518066406,101.22730049119626,101.33258593364958,23303300
2016-06-03,101.75375366210938,102.19246088204146,100.9026605843786,102.19246088204146,28733200
2016-06-06,102.85050964355469,103.1663793403732,101.7888390991914,101.85025783500944,26946000
2016-06-07,103.14884185791016,103.51736101895189,102.62239452031764,102.91194289894291,21038500
2016-06-08,103.91218566894531,104.09644188611833,103.22780352111967,103.23657953931091,27999900
2016-06-09,103.2453384399414,103.4822440482039,102.91192341788066,103.4822440482039,23440700
2016-06-10,101.84150695800781,102.55221060422461,101.50809183756549,102.28899025465704,32686800
2016-06-13,100.73596954345703,101.9380299727651,100.54293725759742,101.47300129908994,36169500
2016-06-14,100.44640350341797,100.99917216578046,99.7356932870769,100.36743272642867,34267600
2016-06-15,100.51661682128906,101.39403144212892,100.42887669803353,100.80616525276037,24197700
2016-06-16,100.50782775878906,100.5429184458869,99.0513165610123,99.77957215990068,36306600
2016-06-17,100.07788848876953,100.83246543971873,99.74447341277791,100.38498889686862,30096400
2016-06-20,101.1658706665039,102.17489174820139,101.1658706665039,101.6045778130297,28219800
2016-06-21,100.97285461425781,101.26240298390802,100.31479378912965,101.20097754718748,34706800
2016-06-22,100.5780258178711,101.67479398750123,100.45518831840386,101.1658986443405,27226100
2016-06-23,102.49955749511719,102.57852827789098,101.54317894181338,101.62214303044605,30240300
2016-06-24,98.60382843017578,100.06033955575438,97.83170616361814,98.21777064396728,74945400
2016-06-27,95.36618041992188,97.45442443841598,94.9274731870679,97.45442443841598,58358800
2016-06-28,96.8402328491211,97.28770938771612,96.13829862891347,96.20849338976241,42040600
2016-06-29,99.04254150390625,99.19170704915496,97.85803332569313,98.00719217680077,34031600
2016-06-30,100.88513946533203,100.92023016050848,98.77056694432503,99.25314767978296,42973800
2016-07-01,101.24483489990234,101.73618476266401,100.72716367936985,100.94651725297986,24401900
2016-07-05,99.75325012207031,101.13079052919704,99.20925075776347,100.92020624318998,29347200
2016-07-06,100.47757720947266,100.58344765727021,99.0836466025564,99.2865632781081,24678300
2016-07-07,100.68927764892578,101.4479987767434,100.05407536762067,100.76868214090486,20780600
2016-07-08,103.0360336303711,103.30069959650922,101.58917147658256,101.67739346529528,37964800
2016-07-11,104.2270736694336,104.48292221305158,103.63597879154445,103.71537658219762,26987300
2016-07-12,105.62100219726562,106.2385629929097,104.83581487241479,104.98579296122723,44153000
2016-07-13,105.20631408691406,106.21205944411527,104.94164142200619,106.15912760349589,28050200
2016-07-14,105.31222534179688,106.18563470527432,105.2504692601552,106.13270284412663,19345400
2016-07-15,105.60336303710938,105.90332597200232,105.23282652716084,105.77098958104686,23857300
2016-07-18,105.77976989746094,106.17677217464059,105.2768972052774,105.45334116604488,17422400
2016-07-19,105.25045013427734,105.84154491270783,104.92402134439892,105.65627670144933,19734100
2016-07-20,105.9385986328125,106.2562032263006,104.93285299706932,105.47101596209596,22390500
2016-07-21,105.43572235107422,106.39735358855441,105.20633976755596,105.87683907965936,19018700
2016-07-22,106.22090911865234,106.44146748196728,105.29456130036681,105.49747795621566,17796100
2016-07-25,106.06210327148438,106.27383740851312,105.65627670430143,106.0003472010632,13694600
2016-07-26,106.57381439208984,106.72379247856729,105.7974445686155,106.04446888302725,19551100
2016-07-27,106.87374877929688,107.16488740375242,106.17678361661835,106.75023664726842,21064700
2016-07-28,106.60026550292969,106.96197770420615,106.33559278519037,106.6443731352817,16540100
2016-07-29,106.81197357177734,107.42071663547371,105.91209866670481,106.49436908036229,30267900
2016-08-01,106.90023803710938,107.36782074340948,106.2562113125138,106.92670396676291,34771700
2016-08-02,105.40924835205078,106.9355083467662,105.07399535621924,106.89140071582973,28691000
2016-08-03,106.2650146484375,106.30912901258974,105.07400085630357,105.31220765327453,17830300
2016-08-04,106.36205291748047,106.91786424827788,106.09738694506373,106.26500670832239,17526700
2016-08-05,107.89712524414062,108.14414946821375,106.72375344888799,107.0501754317395,28643400
2016-08-08,107.84420013427734,108.38236300285085,107.65893194309884,107.94124633883362,14625700
2016-08-09,107.95890045166016,108.1882762827583,107.75598381394327,107.87067172949234,12487700
2016-08-10,107.18252563476562,108.16180517189278,106.88256953267933,107.9677127618811,19138100
2016-08-11,107.69426727294922,107.98540600878124,107.25315042383728,107.65897711731118,21144600
2016-08-12,107.80010223388672,108.03830229235157,107.3060469485896,107.4824976686624,12251200
2016-08-15,108.86759948730469,109.12344797297884,108.01183203923414,108.03829796345794,22048000
2016-08-16,107.98535919189453,108.62056825616723,107.8618470661644,108.58527811582918,20244300
2016-08-17,107.66777038574219,108.07359696254576,107.04138544779056,108.02066510976047,20632600
2016-08-18,108.46177673339844,108.48824265854695,107.66776532440957,107.70305546824315,16244600
2016-08-19,108.46177673339844,108.57646465267756,107.87949945650436,108.31179193937903,17379500
2016-08-22,108.70880126953125,108.8146649703787,107.92361407734803,108.2323944229976,16929700
2016-08-23,109.46754455566406,109.80279089395958,109.0528936948542,109.0528936948542,21539400
2016-08-24,108.57645416259766,109.61748974693559,108.3117814748704,109.34399957228186,21533400
2016-08-25,108.78819274902344,109.12344573138874,108.17063209346577,108.17945631166127,17023200
2016-08-26,108.56764221191406,109.75866271035507,107.897149660816,108.91171270629268,26734400
2016-08-29,109.13226318359375,109.54691393686616,108.72643664851398,108.75290257218562,14013900
2016-08-30,109.33518981933594,109.54692395898623,108.84995873794263,109.24696782205723,14031300
2016-08-31,108.71762084960938,109.29989137214687,108.1177018904125,109.20284516323956,29236300
2016-09-01,108.7970199584961,109.07051015191867,107.65011387417718,108.81466166446579,22964700
2016-09-02,109.8469009399414,109.86454264930097,109.07053110996418,109.40578416596627,23083300
2016-09-06,109.9527359008789,110.25269872880179,109.3704654115908,110.20858437057882,13711000
2016-09-07,110.64089965820312,110.66736558462951,109.82042228445003,109.88217835641395,17830500
2016-09-08,110.42033386230469,110.640892208884,110.0762566492069,110.55266348552702,16265500
2016-09-09,106.97079467773438,109.58220461019958,106.93550453569894,109.5557386863996,54239000
2016-09-12,108.46177673339844,108.48824265854695,106.37970536356394,106.47675157637961,33408100
2016-09-13,106.37969970703125,107.7736300252581,105.76213231914153,107.68540130491219,47536200
2016-09-14,106.3973388671875,107.16488429185294,106.12384868719568,106.54731691873745,30545500
2016-09-15,107.66777038574219,107.80010674861242,106.31795429246122,106.46793236262423,29499800
2016-09-16,107.50897216796875,107.66777446324565,106.83847284003211,107.66777446324565,31940500
2016-09-19,108.22357177734375,108.99994149301219,107.62365278383034,107.914791427206,22807000
2016-09-20,107.76480865478516,108.7176223200864,107.76480865478516,108.69114966473927,16877900
2016-09-21,109.32634735107422,109.37046170780327,107.72068303736165,108.14415797688078,30784700
2016-09-22,110.89676666259766,110.98499541196648,109.97924959352066,110.0410056795337,36287700
2016-09-23,110.11155700683594,111.05554654852808,110.11155700683594,110.773232107954,26118000
2016-09-26,109.01810455322266,109.84969142252233,108.90309290410478,109.52236718921127,20028000
2016-09-27,109.46041870117188,109.59311403994461,108.6465157094838,108.96499802155553,16939500
2016-09-28,110.30085754394531,110.37163289323003,108.87653569975711,109.65504429336264,19426400
2016-09-29,108.6907730102539,110.26548766366393,108.54922228884136,110.24779719824231,26657700
2016-09-30,109.88506317138672,110.38932573426489,108.69075781188675,109.18617176853647,31764500
2016-10-03,109.5400619506836,109.78776897463682,108.92963624914869,109.54891055854198,18674300
2016-10-04,109.00040435791016,109.97354192274432,108.50499034297852,109.71698630800908,26057300
2016-10-05,109.65505981445312,110.30087315644724,109.38966234133302,109.42505002098432,24317300
2016-10-06,109.5400619506836,109.71699361079013,108.65539015113049,109.47813519469528,18937100
2016-10-07,108.66423797607422,109.98239705804828,108.13343625006878,109.73469003587975,28732700
2016-10-10,109.96470642089844,110.3539574196248,108.66423780702662,108.66423780702662,21481700
2016-10-11,107.95648193359375,109.79660061213457,107.34605632640734,109.7435224722085,31931300
2016-10-12,107.86802673339844,108.4696037933003,107.51415668354268,108.00957070363486,20210400
2016-10-13,106.9744873046875,107.40798124449447,106.25790547487676,107.0364140461587,26302500
2016-10-14,106.5410385131836,107.78842239796509,106.514499435775,107.3637836604054,24554600
2016-10-17,106.41719818115234,106.91261235290617,106.30219324828431,106.67375387709968,17119500
2016-10-18,107.027587890625,107.55838957388976,106.74449320958315,107.50530468090656,19158900
2016-10-19,107.478759765625,107.88570792565282,106.60293669838056,107.19566509997482,18477400
2016-10-20,107.1603012084961,107.92996816540109,106.5233431315352,107.16914981706118,20485600
2016-10-21,107.1072006225586,107.37260482783653,106.24906800827051,106.39061871762122,21093700
2016-10-24,107.78839111328125,108.46959206677394,107.44336970808696,107.96532949383543,15421600
2016-10-25,106.98336791992188,107.92111792834886,106.6914245872759,107.76187672413384,16459800
2016-10-26,105.9217529296875,107.04528309653621,105.68288777445728,106.25792576909272,24975300
2016-10-27,104.7097396850586,106.28445418200661,104.4708745537858,106.2667637183427,29525700
2016-10-28,104.41780853271484,105.30248030779437,104.17010151561418,104.66551554981551,35473700
2016-10-31,104.83363342285156,104.95748696457161,104.21436571425126,104.55053864898973,20311800
2016-11-01,103.55084228515625,105.01054543160362,102.86964118393765,104.97516449732912,34147200
2016-11-02,102.2326431274414,103.50657233136239,102.0822505823975,103.39156745859499,29859900
2016-11-03,101.73725128173828,102.83424236221776,101.63108824188164,102.54230581425415,22717500
2016-11-04,102.39191436767578,103.41813691674388,101.78149540267111,102.0026633572623,35237200
2016-11-07,104.8955307006836,105.11669864150055,104.13471244431248,104.39126806560134,32370900
2016-11-08,105.16976165771484,105.6828728264763,104.13469746347839,104.65665723846233,26196800
2016-11-09,108.40767669677734,108.66423231337089,104.4355024422636,104.46204151475435,77416800
2016-11-10,110.14163208007812,110.93783799923366,108.47845163190529,109.92931275147325,83440700
2016-11-11,112.6717758178711,112.99025813468518,110.1858507750527,110.61048936446568,95612800
2016-11-14,114.25536346435547,115.23734975297292,113.58301772131927,114.07843179503237,83119400
2016-11-15,114.60922241210938,114.91000755290973,113.50338277767958,113.98995491663248,38704500
2016-11-16,114.6003646850586,115.00731960167892,114.14918698319106,114.34381583474615,42325500
2016-11-17,115.2727279663086,115.74160289859924,114.78615581986946,114.96308746429663,42576900
2016-11-18,115.8831787109375,115.97163780279936,115.27275293129559,115.61777443730769,41380600
2016-11-21,116.42280578613281,116.77666908070903,115.54697590838052,116.16624342339857,32293100
2016-11-22,117.4843978881836,117.57285695382423,116.48471460341595,116.88281414634405,39681500
2016-11-23,118.21866607666016,118.23634978874675,116.86511965610877,117.20128567297316,37939200
2016-11-25,118.60794067382812,118.63447974476684,118.13905225620037,118.30714203815808,13373400
2016-11-28,117.06861114501953,118.5460113078545,116.90936321481747,118.5194722359907,32505700
2016-11-29,117.00665283203125,117.74093182892888,116.86511564511201,117.22782071667451,27993700
2016-11-30,116.43162536621094,117.74093550444725,116.33431095396938,117.590542958077,32491200
2016-12-01,115.86544799804688,117.26323083599914,115.26386425179308,116.99782663909359,39815900
2016-12-02,115.80355072021484,116.30782020194805,115.46738456474847,115.83894515701495,24054100
2016-12-05,117.79402923583984,117.953277158329,116.6793477744902,116.75012312903887,27547100
2016-12-06,119.0679931640625,119.35109466439148,117.43135817448663,118.12140120776036,27820000
2016-12-07,120.22688293457031,120.47458993951683,118.70524647617351,119.06796512592354,31825800
2016-12-08,122.12010955810547,122.27051566815385,120.13845303727426,120.53655271340392,49048900
2016-12-09,122.35895538330078,122.81014664393774,121.86354133156021,122.43857260611183,34313500
2016-12-12,121.06734466552734,122.58898128463338,120.76654598573512,122.0404755737328,34592900
2016-12-13,121.07616424560547,122.1289256836138,120.52767213465052,121.66889263948026,32624600
2016-12-14,119.5633773803711,121.50966596068855,119.26259223578354,120.6869142428236,45923700
2016-12-15,120.45689392089844,121.32386834965983,119.39529065112681,119.75799576481135,41352500
2016-12-16,120.23573303222656,121.6688968551628,119.98802603811458,120.6249907369793,39348200
2016-12-19,121.02310180664062,121.36812325974756,120.23574446498532,120.35074261667427,33393900
2016-12-20,122.04928588867188,122.27045376332596,121.1911534550928,121.44770225012458,31753600
2016-12-21,121.25306701660156,122.21735565924217,121.2088307442112,121.95196502293014,23215900
2016-12-22,120.20755004882812,121.47784200005142,119.75449786800856,121.30905891736936,34737900
2016-12-23,120.84712982177734,120.91819709714181,120.16313271145088,120.33191579610438,17081400
2016-12-27,121.38903045654297,121.96644710250558,120.99818069513233,121.01593735153767,13571700
2016-12-28,120.14533233642578,121.68212281055352,119.77223940046552,121.60217722885348,22712400
2016-12-29,120.25194549560547,121.04255022305986,119.64789404303158,120.18087822682698,21312900
2016-12-30,119.79005432128906,120.48294339739921,119.39029915417298,120.45629486021792,28399300
2017-01-03,120.38518524169922,121.54888280505246,119.47909463207482,121.24685712007555,29792400
2017-01-04,122.39280700683594,122.55271175782129,120.8204758031784,120.85601621659568,34499400
2017-01-05,120.98040008544922,122.37505655656854,120.37633495210001,122.13521972341515,30286900
2017-01-06,120.53622436523438,121.44231517241776,120.5273324842298,121.17581628151716,23436000
2017-01-09,119.74565124511719,120.56290478659056,119.47915228373016,120.40299998787825,24077900
2017-01-10,120.89158630371094,121.14920695166943,119.71011789699693,119.92331978964869,21684900
2017-01-11,121.10475158691406,121.51337148092956,120.29637657068317,121.01591410315577,27428800
2017-01-12,120.17203521728516,121.00705892745904,118.67077091555122,120.95376184888616,41844200
2017-01-13,121.0425796508789,121.67329334294219,120.50070345506077,120.50070345506077,27784500
2017-01-17,119.39921569824219,120.53626536849555,119.1504869300431,120.45631974043897,28197800
2017-01-18,119.79005432128906,119.8699999328329,118.99055754175535,119.71009515504677,21289700
2017-01-19,118.81289672851562,120.3141609194819,118.29766908249357,120.04766199158104,34105900
2017-01-20,119.42587280273438,119.81673619641198,118.81292916762195,118.81292916762195,29286100
2017-01-23,118.92838287353516,119.63902860901763,118.25325044824886,119.0616255602635,20537000
2017-01-24,120.74945068359375,121.06036841340061,119.23042956978543,119.33702373785593,34313800
2017-01-25,121.886474609375,122.18850035806551,121.65550258003803,121.75321838751985,29127300
2017-01-26,121.39790344238281,122.14408953624046,121.1847016064103,122.00195497892545,22255600
2017-01-27,120.98040008544922,121.73546455876274,120.50069930974567,121.49562772560935,19467800
2017-01-30,119.2926025390625,120.136518201335,118.35987647815188,120.12762631771066,40464400
2017-01-31,120.12759399414062,120.4207414261507,118.573032904652,118.91947740526444,32945000
2017-02-01,120.0565414428711,121.58445418545912,119.65679982462741,121.00705113185144,30010500
2017-02-02,119.75452423095703,120.51848065700933,119.47026862493969,120.18980630029252,19935700
2017-02-03,121.5844497680664,121.68216558717121,120.37633307490621,120.80273676992616,24534100
2017-02-06,120.66944885253906,121.50447225935945,120.30523420833961,121.16690614476535,23691500
2017-02-07,120.13651275634766,121.22914357126743,119.7190008859466,120.651740459283,30342200
2017-02-08,119.92330932617188,120.13651120022146,118.9372726850798,120.13651120022146,32956900
2017-02-09,121.6111068725586,121.92202456107852,119.92330284696249,119.92330284696249,28267600
2017-02-10,122.53498840332031,122.9169598880805,121.8776260507151,122.40173213409825,27287600
2017-02-13,122.85472869873047,123.6631036123699,122.66817542839243,123.27224042095324,23245100
2017-02-14,123.26339721679688,123.43218034835044,122.24183365329974,122.53498116262428,27145000
2017-02-15,124.00072479248047,124.1606296204818,122.6504866356165,122.75708081781558,20253500
2017-02-16,123.65421295166016,124.22273753895556,122.77478431699583,123.88518496051773,24613600
2017-02-17,123.57430267333984,123.61872142271372,122.8103462700866,122.98800771288286,26703200
2017-02-21,124.54254913330078,124.64915682568244,123.81413326796097,123.81413326796097,21353500
2017-02-22,123.99178314208984,124.38264635015076,123.69863573604417,124.36487614395823,14890800
2017-02-23,123.25446319580078,124.37374208999697,122.31284568175874,124.32933691097926,24596200
2017-02-24,123.16561889648438,123.16561889648438,121.96639448094294,122.10852899905997,24512300
2017-02-27,124.36489868164062,124.36489868164062,122.77481058399259,122.89028305843074,28269000
2017-02-28,122.44615173339844,123.90299749255907,122.37508443359773,123.81417353383429,40184100
2017-03-01,124.68472290039062,125.12888335336228,123.93853659252657,124.0540090931023,35719800
2017-03-02,123.25446319580078,124.68465967128758,123.15674740351183,124.65801114199918,25937000
2017-03-03,123.16561889648438,123.84962940456556,122.48162194309688,123.29887509022922,30989800
2017-03-06,122.3218002319336,122.56165069968742,121.69109990615878,122.39286753922002,23892100
2017-03-07,121.52227020263672,122.35729380005937,121.35348710681329,122.05525447109747,29711300
2017-03-08,120.72277069091797,122.25068329048148,120.61617655061734,121.94865752316477,34115100
2017-03-09,120.2430648803711,121.24687139504667,119.82555315593234,120.66057660480985,35223800
2017-03-10,120.77609252929688,121.08699665227225,119.78116409355916,121.0692264423398,39516600
2017-03-13,121.06031799316406,121.51335657347924,120.50067173447836,120.50067173447836,21295000
2017-03-14,120.48294067382812,120.66060210258668,119.53243102018772,120.58953482014363,30037800
2017-03-15,122.34840393066406,122.60602451948364,120.78496440755474,121.06921997780283,31230400
2017-03-16,122.50829315185547,123.04127736142944,122.19737553024851,122.78367036000645,25306600
2017-03-17,122.99684143066406,123.23667816540615,121.975264896963,122.7125724128608,33324600
2017-03-20,122.46389770507812,123.05019264634966,122.02861566297676,122.83699078915124,19091200
2017-03-21,119.00833892822266,123.12126857898335,118.96392017718274,123.04130940523162,61869000
2017-03-22,119.03495788574219,119.3103350971742,117.95120569225747,118.77735088124989,46332600
2017-03-23,119.72781372070312,120.5450668027071,118.71512908053596,119.03492494346732,37764600
2017-03-24,119.81431579589844,120.68737336733236,119.25305770310959,120.2241125035426,33514400
2017-03-27,120.03695678710938,120.33094828123907,117.95229106452838,118.27300782233121,35596700
2017-03-28,120.97241973876953,121.07041694522738,119.50247523563287,119.62719771714913,26891900
2017-03-29,121.36439514160156,121.59603229146317,120.53588451896272,120.89223054281673,22119500
2017-03-30,122.28199005126953,122.38890472552653,121.39111146358913,121.44457559758186,25792900
2017-03-31,122.47801971435547,123.09272829195095,121.99695111965121,122.42456915869194,29434300
2017-04-03,121.18623352050781,123.03035903130002,120.80316218854463,122.91454044548291,38834900
2017-04-04,121.04371643066406,121.64952117461608,120.58046917240316,121.09716699171464,25642600
2017-04-05,119.67174530029297,122.43346129632144,119.44902561059402,121.89894219728258,44968800
2017-04-06,120.78534698486328,120.82989364274277,119.22630911520089,119.85882543840289,41012100
2017-04-07,120.73187255859375,121.18621575416441,120.04589222534771,120.45570236557656,24300200
2017-04-10,120.99916076660156,121.91676480992959,120.41117751736286,120.68734776038161,22779900
2017-04-11,121.9613265991211,121.97914798491918,120.33993392858876,120.50920310933468,32589200
2017-04-12,120.30420684814453,121.78306817711345,120.19730579574072,121.72961765091155,25700800
2017-04-13,119.12831115722656,120.59825570189862,119.07486060559941,120.16173380112265,30207000
2017-04-17,120.5270004272461,120.55373930048675,119.09268485416965,119.44014067523277,18278800
2017-04-18,120.5537109375,120.67843341043533,119.52028839390437,120.0191782856457,24553300
2017-04-19,120.97241973876953,122.01475984097156,120.74970005079544,120.88334001981848,34627600
2017-04-20,122.51361083984375,122.6472371726777,121.29309809381155,121.46236717788565,31934400
2017-04-21,122.23746490478516,122.5403603816969,121.79202558212812,122.26419017664622,29386000
2017-04-24,123.76087188720703,124.135039323608,123.37780055722412,123.90341574690187,33836900
2017-04-25,124.96356201171875,125.50699857532494,124.80319677318502,124.93683673758487,32751700
2017-04-26,125.60497283935547,126.34440367405597,124.83881673540188,124.87444589649665,41669200
2017-04-27,125.56932067871094,126.32657283410055,125.1506067001393,125.91676274670365,23004300
2017-04-28,123.88558197021484,125.7653364514471,123.8677605911035,125.64061398512631,31113900
2017-05-01,124.59827423095703,124.98134548149676,123.63612376814824,124.40227986295554,20925200
2017-05-02,123.9657974243164,125.02594552389557,123.55600072982607,124.70522856598703,17993900
2017-05-03,123.19961547851562,123.61832957553095,122.66509638856239,123.37780210223086,27050300
2017-05-04,123.03035736083984,123.59160171385693,122.14838252934076,123.41342868760182,25799100
2017-05-05,123.8232421875,123.8232421875,122.52255323303093,123.55597584411804,23806500
2017-05-08,123.30651092529297,123.81430466117651,122.72743167606522,123.52923057644318,16680000
2017-05-09,123.25303649902344,123.68065434012047,122.74522926781827,123.46683862270892,23988400
2017-05-10,124.01923370361328,124.25976117268239,122.81654198334536,122.97689362939144,19791500
2017-05-11,123.15506744384766,123.68068257620627,122.03255166332617,123.53813873205604,28617300
2017-05-12,122.50471496582031,122.84325319368891,122.19291560296205,122.68290156600106,24111200
2017-05-15,123.45793914794922,124.05482608746398,122.92340663216432,122.92340663216432,31132200
2017-05-16,123.50250244140625,123.86775232958752,122.60270637164206,123.80539789745058,18520900
2017-05-17,120.17060852050781,122.08599198870384,120.04588606574707,121.45347582303437,50791200
2017-05-18,120.60717010498047,121.07041726972191,119.58265138131512,119.88556048900728,44805100
2017-05-19,121.18623352050781,121.83657119234778,120.64279694712627,120.8387913567872,44450500
2017-05-22,122.00585174560547,122.22857145072477,121.30206345867057,121.39114318447909,20062700
2017-05-23,122.40676879882812,122.66513132055196,121.47135672659508,122.3087715653699,16681400
2017-05-24,122.48690032958984,122.96796877947426,121.89891720683133,122.50470811362862,21256000
2017-05-25,122.56710052490234,123.48470455341247,122.22856224861398,123.06599045181298,22804200
2017-05-26,122.53143310546875,122.75415274900283,121.85437028286732,122.3889028648404,20047300
2017-05-30,121.56932830810547,122.44238573504484,121.3555125001128,122.1572979910546,25544100
2017-05-31,121.44459533691406,121.97911442016476,119.94791199760463,121.90784249031853,34345400
2017-06-01,123.78763580322266,123.83218247249931,121.40008657982477,121.80097941584488,44618600
2017-06-02,124.58939361572266,125.63172008006693,123.87668792563167,124.23303397381197,46680200
2017-06-05,123.81432342529297,124.8210207510505,123.787598150603,124.68739437760073,20808900
2017-06-06,123.69851684570312,124.42012644053446,122.77199535590366,123.03926169310468,25460900
2017-06-07,123.81432342529297,124.30430945082675,123.37780154286985,123.70742232653315,20542200
2017-06-08,125.50700378417969,126.02371509509683,123.60052378570039,123.81432598764468,33956400
2017-06-09,126.15738677978516,127.3066148091655,125.34668355630559,126.02376035557904,56979400
2017-06-12,125.95240020751953,126.49583660834237,125.51586487121057,126.20184508720283,34665500
2017-06-13,126.59391021728516,126.78098719313827,126.0326521022565,126.3266438009032,22046800
2017-06-14,125.84552764892578,126.54041198818139,125.12391803460119,126.53150809440206,33021900
2017-06-15,125.20411682128906,125.59610571916328,124.4468778992443,124.4468778992443,27376800
2017-06-16,124.89228057861328,124.91900585071339,124.08157774163152,124.74973673159309,35608400
2017-06-19,125.81877136230469,126.13058428622915,125.1773377312863,125.22188437666517,25163300
2017-06-20,124.54483795166016,125.58716434060224,124.45574464919493,125.50698852462118,20111900
2017-06-21,124.23310852050781,125.43580094382607,124.02821009954035,124.76764150725782,23351400
2017-06-22,124.7051773071289,125.07044078005715,123.8410240144587,124.16174084053968,17917200
2017-06-23,125.53375244140625,125.68520022723588,124.32215656103553,124.84777186369139,20772500
2017-06-26,125.68518829345703,126.08608105243948,124.90121056479283,125.69409218810738,22988300
2017-06-27,124.58049011230469,126.16625331404487,124.50031428152423,125.70300611815873,24610100
2017-06-28,126.48690795898438,126.7363528166495,125.07931849431672,125.3198594619671,25085400
2017-06-29,125.7386474609375,126.81661691168324,124.41123300557399,126.71861968888817,38794900
2017-06-30,125.54263305664062,126.21079212572889,125.4090066803154,125.8366246782872,22798500
2017-07-03,126.59391021728516,126.95025637663801,125.88120430484481,125.91683348328625,12968200
2017-07-05,126.1395034790039,126.37114062558142,125.3466220325,126.2375006732338,21865500
2017-07-06,124.49232482910156,125.68231347867228,124.21496161988803,125.19915321217952,30563400
2017-07-07,125.70027160644531,125.87025836367329,124.52816711136109,124.75184898674645,20511000
2017-07-10,125.15441131591797,126.05808062906435,124.69809182954363,125.19019438717775,17206000
2017-07-11,125.52127075195312,125.6018065744519,124.34918032422553,125.06496480257583,16192900
2017-07-12,126.48755645751953,127.24807989757868,126.1654541791058,126.2012509058468,19358600
2017-07-13,126.59492492675781,126.65754871589158,125.60177743590623,126.3354464579816,16559300
2017-07-14,126.80970764160156,127.31970880096593,126.2460386763302,126.2460386763302,15465300
2017-07-17,127.10494995117188,127.4628490398303,126.38916542630926,126.6933830647825,15374600
2017-07-18,126.77391815185547,126.93496251881326,126.19233719322241,126.6397008602683,16653300
2017-07-19,128.0354461669922,128.07122924187198,126.94387807506628,126.94387807506628,16985500
2017-07-20,128.12490844726562,128.41122765111868,127.76702309490037,128.05332864630236,17047800
2017-07-21,127.54337310791016,128.24125927558322,127.27495220054641,127.95494000040736,21662700
2017-07-24,127.72225952148438,127.78489695498541,127.0243736614788,127.32857751790206,16694000
2017-07-25,128.8854217529297,129.06436441504286,128.13385438058432,128.50068205955884,21066400
2017-07-26,128.16961669921875,128.97486537456982,127.99067406607938,128.97486537456982,13574900
2017-07-27,127.35543060302734,128.554361437713,126.64860232062304,128.3754187784606,24355800
2017-07-28,127.01548767089844,127.37337311344952,126.57706639918705,127.06916912203565,19933300
2017-07-31,126.61282348632812,127.39124532535571,126.12967687283835,127.248085716747,16417700
2017-08-01,126.85440063476562,127.23018435918357,126.1296739053559,127.20334363975739,19835900
2017-08-02,125.46760559082031,126.89023237521134,125.02024194034071,126.68443526622302,19934300
2017-08-03,124.84124755859375,125.7449168437929,124.51020296299149,125.65545234218527,19624900
2017-08-04,125.44970703125,125.54812756959305,124.80550235345066,125.18128614009133,16473500
2017-08-07,125.65550231933594,126.02234378344524,125.00235522278015,125.65550231933592,9176200
2017-08-08,125.26180267333984,126.86335828615535,124.98443943752707,125.62864408632906,27248700
2017-08-09,124.17916870117188,124.71601042431104,123.7228627932201,124.4744302836532,26534300
2017-08-10,121.92444610595703,123.72284237247504,121.91549009882989,123.72284237247504,40983500
2017-08-11,122.10340881347656,122.34498895392345,121.47710257199589,121.87078468162721,32779600
2017-08-14,123.95549011230469,124.00022919912527,122.78339976084902,122.81024048245087,21710900
2017-08-15,122.93553161621094,124.20605645897187,122.88185015995882,124.18815808940256,16646000
2017-08-16,122.97126770019531,123.82125552733073,122.76548433524547,123.17705106514515,21858600
2017-08-17,120.72553253173828,123.19498830017162,120.71659017477054,122.55972599167443,32722900
2017-08-18,120.716552734375,121.19971290984762,120.00076847780944,120.31392835644724,42401900
2017-08-21,120.63605499267578,120.80605532389988,120.01869111715743,120.51079374637146,21504100
2017-08-22,121.94232940673828,122.08548899461985,120.91339888029512,121.02076174498143,25170600
2017-08-23,121.74552154541016,122.19288508988078,120.97605570282262,121.26236127200882,18381900
2017-08-24,122.12129974365234,122.51496817686558,121.70077693873354,122.25550333992375,15726600
2017-08-25,122.47020721435547,122.85493318034787,122.05862688444869,122.47020721435547,17163000
2017-08-28,122.98916625976562,123.12336983441747,122.37180251146897,122.90863046252542,16333300
2017-08-29,123.0159912109375,123.30229668432281,121.88862671853063,122.1212644213815,20277600
2017-08-30,123.80340576171875,123.92866703117504,122.8013156060685,122.89973615010231,15915500
2017-08-31,125.02021789550781,125.2081165996514,124.07180932328899,124.28654874910275,29260600
2017-09-01,125.7270278930664,125.82544839822884,125.02018599623179,125.24386772137835,17412500
2017-09-05,124.51918029785156,126.05811214330048,123.99129453698741,125.82548799083153,21908400
2017-09-06,124.77864074707031,125.26178734833529,124.4386400983404,125.02916322957087,18399700
2017-09-07,124.46546936035156,124.98441264131877,124.00020751319991,124.8949344833261,18159800
2017-09-08,124.56390380859375,125.05600642770654,124.0270621054795,124.30442531285627,21870500
2017-09-11,125.87016296386719,126.08490231636634,125.46753862382315,125.61069819215592,22617700
2017-09-12,126.6396713256836,126.77388858596895,125.99548035563333,126.19230776297071,22679600
2017-09-13,127.01548767089844,127.2481118433112,126.44286277134402,126.52338494804984,25052500
2017-09-14,126.89913940429688,127.19440096970646,126.53229803644393,126.85440032121336,18353800
2017-09-15,127.41804504394531,127.47172646678666,126.6485794608421,126.72910159510413,23184000
2017-09-18,128.28594970703125,128.67067572810197,127.5880638040826,127.60594851265614,24427400
2017-09-19,128.28594970703125,128.5633128668635,128.02647125577255,128.45595000562503,16346300
2017-09-20,128.6975555419922,128.85861353522895,128.178612134268,128.42019229789642,20244700
2017-09-21,128.56333923339844,129.0733265813217,128.37544053524644,128.85860081480755,17395900
2017-09-22,129.109130859375,129.4401755370744,128.4470278515233,128.54544838441407,25203000
2017-09-25,129.28807067871094,129.6817528015022,128.5633438855964,129.082287260871,30012800
2017-09-26,129.69972229003906,130.18403858181907,129.31405110920173,129.41270990564814,28238100
2017-09-27,132.23794555664062,132.61463908674926,130.1930300014765,130.61457093206346,66351700
2017-09-28,132.58770751953125,132.79398909888576,131.64596703521343,132.06750788356996,29291400
2017-09-29,132.90162658691406,133.12584988485568,132.5070050783602,132.66843928383622,21738700
2017-10-02,134.53396606445312,134.53396606445312,132.81193294108846,133.01821452377985,29772400
2017-10-03,134.82997131347656,134.82997131347656,133.93307801426008,134.63265369280847,28372800
2017-10-04,134.39952087402344,135.08115513111568,133.98694376742074,134.61476659441507,22024700
2017-10-05,134.76719665527344,135.09905651768983,134.4174087785156,134.79410236229273,22538500
2017-10-06,134.57887268066406,134.83896577455926,134.1483676317474,134.27393217457762,19350800
2017-10-09,134.022705078125,135.14382124997107,133.79848184375578,134.7043524693275,13981300
2017-10-10,134.40841674804688,134.79407425858756,134.00481754139835,134.4711921561679,21951900
2017-10-11,134.30975341796875,134.704388606006,134.04966041794628,134.48016531148517,15137100
2017-10-12,134.21109008789062,134.5429361732119,133.65502071562184,134.04965589033003,17185600
2017-10-13,133.96893310546875,134.5250161964452,133.8433686047007,134.46222710330906,15464400
2017-10-16,133.85238647460938,134.8479387743621,133.6640328241661,134.18423267935754,20653100
2017-10-17,133.4666748046875,134.3276982976795,133.18864010257155,133.87925169800752,18046800
2017-10-18,134.10350036621094,134.4532882327043,133.70886509416576,134.08555866688886,20541700
2017-10-19,133.89720153808594,133.93308493579218,132.89268537041286,133.43082685195566,17164900
2017-10-20,134.51605224609375,134.90172347852914,134.40842943030043,134.812028675031,25224500
2017-10-23,133.51148986816406,134.66847579349897,133.36798370650214,134.66847579349897,14676400
2017-10-24,133.78952026367188,134.33662551285914,133.67291980032857,133.9868378083296,17527700
2017-10-25,133.14378356933594,133.63707753222667,132.0406088417826,133.58326613363917,27235300
2017-10-26,133.42184448242188,133.94204424687496,133.19762115389068,133.5832923954274,15205900
2017-10-27,134.3456268310547,134.45326332153775,133.009264717553,133.5294644174579,32744100
2017-10-30,132.92857360839844,134.04071263867345,132.19311446921037,133.52949052954858,30524800
2017-10-31,133.87026977539062,134.38150545189748,133.31420038873716,133.44872889018438,22449400
2017-11-01,132.9823455810547,135.00931908789474,132.23792265565032,134.98241338936833,31585500
2017-11-02,133.37698364257812,133.84335821752035,132.48905451537507,132.9554427758204,28176600
2017-11-03,133.28733825683594,133.60125644349662,132.7940441144441,133.170737727132,22312700
2017-11-06,133.4397735595703,133.97791497134875,133.08998574756572,133.41286785753186,15576800
2017-11-07,131.8433074951172,133.50256547861142,131.43073057929263,133.45771807909713,29549300
2017-11-08,132.02267456054688,132.2468978575877,130.80289927722453,131.5383582605604,30682500
2017-11-09,131.5562744140625,132.1930745418877,130.30062953800217,131.18855864103944,40144400
2017-11-10,131.45765686035156,131.9330092120172,131.26033924054633,131.58322137427257,17823700
2017-11-13,131.4935302734375,131.68188389237588,130.4979781402054,130.88363569899954,14680000
2017-11-14,131.1348114013672,131.38594049944297,130.57872809661984,131.00026915814195,19682200
2017-11-15,130.61451721191406,131.1347167353996,129.60102385706298,130.3633882951279,23925200
2017-11-16,132.53395080566406,133.0989843809792,131.1168574924382,131.13479919363323,25889000
2017-11-17,133.14378356933594,133.6639832315204,131.99576144779195,132.06751454107635,25816700
2017-11-20,134.1124725341797,134.1573199424606,133.03620316297636,133.4218607660753,22793000
2017-11-21,135.51161193847656,135.69098787001386,134.5878128898285,134.71337741045525,29392300
2017-11-22,135.332275390625,136.1215461416861,135.30536967733977,135.68206334884337,14136600
2017-11-24,135.3860626220703,135.76275622625423,135.22462837120915,135.6192636762136,6816300
2017-11-27,134.97348022460938,135.98696036684427,134.92863282165072,135.6999616218195,18416900
2017-11-28,137.0990753173828,137.1977341025675,135.12591329919135,135.44879535202284,35898300
2017-11-29,137.55653381347656,138.30993465641257,137.17984023476203,137.52962810681888,38234200
2017-11-30,137.80764770507812,138.61485987252428,137.47580156913668,138.21126063155393,32230700
2017-12-01,137.24258422851562,137.86144264923533,133.41284690883887,137.24258422851562,62734800
2017-12-04,136.73135375976562,139.38616342343823,136.5968252656196,138.9287391723359,36366800
2017-12-05,135.3681182861328,137.1888245325078,135.35915427865098,135.78965929140827,29667200
2017-12-06,134.73129272460938,135.6012801919758,134.4891277374291,134.86582122554083,21273800
2017-12-07,135.6730499267578,136.2291193794764,134.55193332982174,135.70891963623743,29675200
2017-12-08,135.7986297607422,136.57892262089067,135.68202924214276,136.46232210229124,20832400
2017-12-11,135.74481201171875,136.4443877196484,135.44883556828603,135.81655143542406,26654100
2017-12-12,135.32330322265625,136.2650305018829,135.2694917993301,136.05874881729616,25854800
2017-12-13,136.1304473876953,136.9645651714967,135.2604598978882,135.2604598978882,30082600
2017-12-14,134.62367248535156,136.50713996174684,134.2110955988056,136.19323555843292,32882600
2017-12-15,136.5430145263672,137.4488716574919,135.05416865162502,135.47570951598578,42851600
2017-12-18,138.39064025878906,138.76733380615318,137.6372531640608,137.82559309498998,22714300
2017-12-19,137.2964630126953,138.81221526584707,137.06327562202162,138.7942735633309,24313600
2017-12-20,137.5654754638672,138.06773343722827,137.08114549990947,137.8973215493729,19042800
2017-12-21,138.16778564453125,138.6629488891697,137.8166723869445,137.96072237399622,16772600
2017-12-22,137.91567993164062,138.09573551399905,137.56456673796558,138.08673754295725,13599400
2017-12-26,137.99668884277344,138.13172708146283,137.65457365494834,137.74460830564723,11949600
2017-12-27,137.8616943359375,138.59992650388313,137.5735943521984,137.93371933187228,15949900
2017-12-28,138.40191650390625,138.41992619442735,137.75370501883552,137.9607821164059,10167300
2017-12-29,137.258544921875,138.78002709036264,137.1955178784998,138.78002709036264,21006500
2018-01-02,138.5548858642578,138.6179128766131,137.25847736753158,137.92468442751013,20489600
2018-01-03,138.69894409179688,139.05906903235697,138.21279259374305,138.52788646220105,21836600
2018-01-04,139.06813049316406,139.68032256555765,138.66300177027205,139.51827657134808,14207100
2018-01-05,139.35618591308594,139.52724358281273,138.59094599242016,139.43722262957473,19883900
2018-01-08,139.57220458984375,139.78827951765348,138.1947595512855,139.30211436442144,18457300
2018-01-09,139.3831787109375,139.99537052185804,139.30214201107617,139.76129960662882,16571300
2018-01-10,139.4011993408203,139.69829732662305,138.572932412536,139.06809572220723,18516800
2018-01-11,141.79595947265625,141.9400094586114,139.52722027463219,139.6082569775837,26522400
2018-01-12,142.39012145996094,143.02032282676632,141.76891806362437,141.95797160498623,24089800
2018-01-16,140.57156372070312,143.51552180799698,140.265467799969,143.02035856130186,27704700
2018-01-17,141.90402221679688,142.1921222539255,140.69763422039398,141.16578991204506,18571600
2018-01-18,140.93167114257812,141.7959573077506,140.7966328686586,141.54387670485917,17903600
2018-01-19,142.7862548828125,142.86727783076992,140.94065433429938,141.1027002302142,31040900
2018-01-22,143.55149841308594,143.55149841308594,142.5251664989677,142.60618944912858,12702400
2018-01-23,144.01071166992188,144.31680764722688,142.8493273187272,143.36250034306101,16904600
2018-01-24,143.119384765625,144.613872411127,142.6062118592423,144.37078978508455,20340900
2018-01-25,143.1734161376953,143.97467535893992,142.4351839417918,143.72259473230324,20290900
2018-01-26,143.6865692138672,143.76759217463655,142.93932541070515,143.62354219724972,16120300
2018-01-29,142.87628173828125,143.92062334654875,142.80425675798415,143.20038728093806,18293300
2018-01-30,141.50782775878906,142.4441387201087,141.10269928435793,141.93997761971798,24533800
2018-01-31,140.76966857910156,142.62426804485395,140.37353787042304,142.01207603134478,27468900
2018-02-01,141.2107696533203,141.53487524009256,140.02237792270137,140.20243352927213,21413000
2018-02-02,138.49192810058594,140.58059851919705,138.20382804981665,140.56260256904886,33314100
2018-02-05,133.171142578125,138.45585030095128,133.1171272757404,137.44752802347648,52622200
2018-02-06,134.76470947265625,135.37690142870264,129.858120900422,131.01949151697613,69232400
2018-02-07,134.8997344970703,135.755009051415,133.79237931065276,134.69267120730277,37101000
2018-02-08,130.93846130371094,135.0437903318199,130.93846130371094,135.03479235791576,44704500
2018-02-09,132.13580322265625,133.18914275609137,128.29155420799796,132.12679151466125,53315300
2018-02-12,133.38723754882812,134.07145437734766,130.9744483603469,132.2708707616368,36213900
2018-02-13,133.67535400390625,133.9544423294569,132.25289097743484,132.68504103380283,25021200
2018-02-14,136.0791473388672,136.41226476197411,132.50498655247955,132.91012899308615,36286900
2018-02-15,137.5645751953125,137.62758847119977,135.54791683177893,137.04240435821825,23773600
2018-02-16,138.05075073242188,138.90602525329348,137.33051449581708,137.39354152005066,27973900
2018-02-20,136.91641235351562,138.4379080686661,136.54728932752974,137.33955070284267,24046200
2018-02-21,137.06040954589844,139.37415200719465,136.85333256975102,137.22245545346343,26735500
2018-02-22,136.84432983398438,138.67192077159416,136.76330688302284,137.5735638673589,16340000
2018-02-23,138.6269073486328,138.66292670831544,136.97937194585012,137.72661567961674,18065200
2018-02-26,139.5362548828125,139.77932381946687,138.16780726639874,139.12211453957076,15267700
2018-02-27,137.528564453125,140.33748408861052,137.51956648096612,139.70726886607486,18125500
2018-02-28,135.35890197753906,138.28485085395027,135.3228826061357,137.8707105070022,29951800
2018-03-01,134.998779296875,136.45726164203035,133.5853280354392,135.08881398958331,38943200
2018-03-02,137.159423828125,137.51953495499484,133.60326119783045,133.88236311911734,31842300
2018-03-05,138.38381958007812,138.878968940491,136.36716157158924,136.68226910763272,19603700
2018-03-06,139.87828063964844,139.8962903154238,137.56453871606337,139.03200446385398,17304000
2018-03-07,141.1117401123047,141.2827840130229,138.84300095500694,139.05907593006089,22684600
2018-03-08,140.82363891601562,141.7689480347496,139.99537212491762,141.255775124988,23391300
2018-03-09,143.07432556152344,143.14635053102833,141.22872521286556,141.62485567646334,24927200
2018-03-12,143.3264923095703,143.7316209865673,142.6872926438869,143.37150965976255,15310100
2018-03-13,142.66024780273438,144.3167814541155,142.3721478264787,144.04669116071656,17757200
2018-03-14,141.98507690429688,143.497561078508,141.71498651965413,143.34451306592956,18097500
2018-03-15,141.27381896972656,142.37217630854641,140.77865562232978,142.3361706729929,14172100
2018-03-16,142.06607055664062,142.48920886646826,141.12076127431578,141.32782457358311,36000300
2018-03-19,140.6975860595703,141.53486448567958,139.05005059677828,141.498845124685,25663000
2018-03-20,140.66160583496094,141.36383239018215,140.23846755971692,141.04872474270644,11418500
2018-03-21,141.48086547851562,142.48019002915905,140.6255909277079,140.7336352962667,22213500
2018-03-22,138.3785400390625,141.32928205175105,138.34243750358795,140.46301396752278,29774800
2018-03-23,135.4007110595703,138.9109321369935,135.3555897758285,138.56802690345495,35744100
2018-03-26,138.36044311523438,138.40556438514702,135.74356092016353,137.24149895916148,28442400
2018-03-27,135.68040466308594,138.69431828944053,135.09386945062556,138.65822953429102,32820600
2018-03-28,135.63528442382812,136.57375729379606,134.80510535828955,136.02331083229913,26510900
2018-03-29,137.00686645507812,138.15288044214273,136.03230500573298,136.3300888182337,22617700
2018-04-02,133.6680908203125,137.2234313104906,132.81082818759793,136.72712498867568,35040700
2018-04-03,135.58116149902344,135.89699666738548,133.82154185734473,134.47124968951542,29857800
2018-04-04,137.3047332763672,137.68372732983514,133.7945116952283,134.00205310732355,29619700
2018-04-05,138.44168090820312,138.61313350681402,137.44908161642184,138.09877571098133,17301600
2018-04-06,135.68040466308594,138.42360443404397,134.58853049498188,137.49416408680932,25762700
2018-04-09,135.8428192138672,137.70171360213843,135.73453918372485,136.61885822440277,18997000
2018-04-10,138.40557861328125,138.91992258974057,136.86251914574368,137.28663434218055,23420000
2018-04-11,138.7033233642578,139.24473719886012,137.72876193908252,137.86411195546413,14884600
2018-04-12,139.65081787109375,140.2373668073799,138.90184889554774,139.35303403003974,14413200
2018-04-13,138.91990661621094,140.16518205142046,138.52286147634248,140.12907952829886,19813600
2018-04-16,140.20127868652344,140.60735636453802,139.064296987688,139.7230234963648,18846900
2018-04-17,141.72630310058594,142.1143295606515,140.73370385003886,140.95929646640147,18624200
2018-04-18,142.1052703857422,142.9174119137433,141.81651905088788,142.14137290827273,16974200
2018-04-19,141.12171936035156,142.15943990871884,140.66151537064692,141.79849722296,16174500
2018-04-20,140.3637237548828,141.41949551031578,140.00276731985437,140.81490897185827,21480600
2018-04-23,140.1561737060547,141.03146030507395,139.4793959226226,140.57125636920867,13268200
2018-04-24,139.35305786132812,141.33828380785587,138.23412734864513,140.67954348510807,24859700
2018-04-25,139.14553833007812,139.6869661765588,138.02660764200513,139.28992092501727,21981400
2018-04-26,139.7862091064453,140.23739432948406,138.9109086722237,139.34404263099844,14862900
2018-04-27,139.5876922607422,140.20129758020983,138.76653181638324,139.75914485561722,17734300
2018-04-30,138.3514404296875,140.45395140709115,138.3243566493331,139.88546740124914,15624600
2018-05-01,139.0281982421875,139.22670703993893,136.89860379089896,138.07167416151918,24977500
2018-05-02,139.55157470703125,140.57125764946105,138.67627433096092,138.76651687720548,16786800
2018-05-03,138.7936248779297,139.41626281783937,137.30471884090642,139.06433882168386,20985900
2018-05-04,140.52613830566406,141.2209673678642,137.8821996471683,138.29728231980144,17927900
2018-05-07,141.7173309326172,142.44824904681812,140.8600814624937,140.9412915264971,16303500
2018-05-08,142.42112731933594,142.42112731933594,141.44656559785537,141.5999669194199,17281200
2018-05-09,143.18817138671875,143.5671791851249,142.01510053032803,142.58358468976982,15758500
2018-05-10,143.95518493652344,144.53270158669005,143.26035569881137,143.38668703575146,15828700
2018-05-11,144.23489379882812,144.49658894795172,143.51299466311303,143.9732124187853,14413600
2018-05-14,143.68447875976562,145.0019460039821,143.52205864738644,144.3973593038755,15028500
2018-05-15,143.7115020751953,144.00928595353395,142.72792166343032,143.2152093803769,17544900
2018-05-16,145.2094268798828,145.57038326097214,143.90099269999442,143.91904396131838,21004400
2018-05-17,145.87721252441406,146.1840151776149,145.05605209754071,145.28164471355555,18639700
2018-05-18,146.0666961669922,146.47277387316797,145.77794479115425,146.13888745322166,17579800
2018-05-21,147.0322265625,147.30294042045122,146.50885010888194,146.51786885548478,15667300
2018-05-22,145.96746826171875,147.38419676104422,145.85016944270703,147.32102420773683,13212000
2018-05-23,146.156982421875,146.43671513398675,145.3989943434269,145.57946572842633,14235700
2018-05-24,146.21109008789062,146.49985525522155,144.9387443863657,146.11182878275574,12785000
2018-05-25,145.94940185546875,146.32839579299863,145.7057579780994,145.95842060311932,11150200
2018-05-29,145.75086975097656,146.39154501940237,144.47852419210795,145.17335325014733,20986900
2018-05-30,148.0609588623047,148.3406915247752,146.50888044238943,146.50888044238943,25169000
2018-05-31,146.87889099121094,148.33170845104078,146.4908644083684,148.0609944719319,28573700
2018-06-01,147.84434509277344,148.3316327603331,147.33901993313964,147.83532634673637,21108200
2018-06-04,148.6294403076172,148.6294403076172,147.37514595457117,148.2775163889663,14836000
2018-06-05,149.5498504638672,149.58595299246545,148.2955560921438,148.4850599445839,13283600
2018-06-06,150.63270568847656,150.63270568847656,149.4145137366516,149.53182631144335,16661300
2018-06-07,149.8115234375,150.90338380713428,149.09864317850932,150.79510377552182,17571900
2018-06-08,150.26268005371094,150.3438900619952,149.57686993288638,149.8475837295763,17569800
2018-06-11,150.48831176757812,150.7951143914644,150.05516407247828,150.37099921235367,15923000
2018-06-12,151.1741485595703,151.54412381759764,150.45224931122215,150.62370193172666,16166700
2018-06-13,150.5785675048828,151.48093804429067,150.35297487003083,151.3907092517989,19853700
2018-06-14,151.3816680908203,151.45385938214088,150.34394753738425,151.13803797282947,19248100
2018-06-15,151.4268035888672,151.48094362017144,150.2717703574359,150.91245952239467,24922600
2018-06-18,152.13967895507812,152.14869770363262,150.45223667782778,150.6688105648715,18616500
2018-06-19,152.14862060546875,152.29300312366837,150.28070792008225,151.19211051827702,24605900
2018-06-20,153.3759002685547,153.58344160829628,152.45547859153578,152.90666379823998,19216900
2018-06-21,151.9411163330078,153.47514309739944,151.39066989629976,153.3849005592854,26946200
2018-06-22,151.4358367919922,152.6810988248708,150.97561898565937,152.50964621224344,33638200
2018-06-25,148.96331787109375,151.0297401755591,148.1150874317574,150.91244137819683,37005100
2018-06-26,149.82960510253906,150.38908422533063,148.75579567795444,149.0986871355106,20464000
2018-06-27,147.4292755126953,150.25368540889414,147.36610297761334,149.98298531305466,27511800
2018-06-28,147.88047790527344,148.1872805623106,146.41862837224332,147.2939288348522,26759100
2018-06-29,147.78125,148.93628336794364,147.63686738673607,148.2685241084109,24146500
2018-07-02,148.80087280273438,148.8550265925248,146.61713809655765,146.8698007059282,24283600
2018-07-03,149.39405822753906,150.0642215378121,149.15858349133293,149.20386815744487,13561300
2018-07-05,151.0966796875,151.1238477290124,149.2763518114555,150.20915808722853,18640500
2018-07-06,152.3736114501953,152.54568490149651,150.80686139492914,151.2143957791504,19597500
2018-07-09,153.33358764648438,153.35170427815956,152.5004022356597,153.06189344712087,16565200
2018-07-10,152.6362762451172,153.84077686798554,151.75781978887866,153.57814783574005,18790700
2018-07-11,151.34115600585938,152.6996129095734,151.2868199407409,151.80302637830437,23912600
2018-07-12,152.07479858398438,152.37366091448234,150.91558253662905,152.2106526354536,19617600
2018-07-13,151.62191772460938,152.80830133601108,151.62191772460938,152.0113492643861,15409100
2018-07-16,151.03326416015625,152.17436314867933,150.29969953760997,151.92983700151717,15946900
2018-07-17,151.70347595214844,152.1472437211552,150.87029032337736,151.01519577680136,15134700
2018-07-18,152.12913513183594,152.20158786238045,150.85219548545714,151.56764374379782,13780000
2018-07-19,153.2068634033203,153.27931614160178,151.47709055158572,151.93897503076172,18398300
2018-07-20,152.58197021484375,153.33365182616723,152.464246607033,152.87178116718636,17570700
2018-07-23,152.77210998535156,153.18869581824302,151.97514394824825,152.4189116405339,12335000
2018-07-24,151.14193725585938,153.74111409996618,150.53516140600246,153.46036850872767,25831300
2018-07-25,151.69444274902344,151.69444274902344,150.46277388498993,151.1872874201178,18401200
2018-07-26,152.5094757080078,153.38794591565224,151.703458218606,151.8393122474144,20944200
2018-07-27,149.66574096679688,152.79925473778763,149.2400899726664,152.60001325887802,28777100
2018-07-30,148.705810546875,150.35407893529958,148.5880869612334,149.65673355412423,20093700
2018-07-31,150.21820068359375,150.89742931944858,148.87786004481063,149.00464883741253,23567300
2018-08-01,150.11859130859375,150.55330761812678,148.97749208869135,150.06425522463786,17942600
2018-08-02,151.2144012451172,151.4317593733978,149.37595692760206,149.3940735596941,18292200
2018-08-03,150.6891326904297,151.8573998349509,149.9827360320789,151.3774127163008,21734900
2018-08-06,151.5314178466797,151.7034775280954,150.24539920786287,150.58049479975503,16288800
2018-08-07,151.89366149902344,152.59100688098582,151.7849893217103,152.04761835653176,15045700
2018-08-08,151.7578125,152.1381789175405,150.77972150392014,151.89365271378466,14789500
2018-08-09,152.147216796875,152.7902259958154,151.73968237281466,151.8302379009713,10437800
2018-08-10,151.7215576171875,152.753984551709,151.20535105939746,151.28685517605777,20521900
2018-08-13,150.8340606689453,152.19251811030065,150.22728467007983,151.9117724501182,20517200
2018-08-14,152.32833862304688,152.69060218524874,151.14195482208737,151.16007145493293,17683100
2018-08-15,150.4174346923828,151.9841986173077,149.56613263350832,151.87551264410715,27479900
2018-08-16,151.81214904785156,152.30118763790912,150.96084685502592,151.11480370409856,15484700
2018-08-17,152.46420288085938,152.57287504734768,151.1781844223479,151.66723680943093,15106700
2018-08-20,152.88983154296875,153.21584799463628,151.99324484406063,152.88076631779523,12547300
2018-08-21,154.6468048095703,155.1901933652031,153.1615584189784,153.17967505588481,20661200
2018-08-22,155.02716064453125,155.3079201310286,154.33888049766054,154.4928373534496,14329200
2018-08-23,154.5561981201172,155.33504742203144,154.12148189188102,154.9456158616041,12945800
2018-08-24,155.3984375,155.57051094918626,154.88223097138192,154.99995452692463,11894300
2018-08-27,155.62486267089844,156.6210702037487,155.4256211643284,155.8693888505875,15880400
2018-08-28,155.76974487304688,156.20444726850565,154.95467615419412,155.91465027784648,13170300
2018-08-29,156.22256469726562,156.4670908417472,155.28070719913458,155.78786229958516,13157900
2018-08-30,156.0958251953125,156.88372613086818,155.6067865709197,155.92375169928437,14199600
2018-08-31,156.69354248046875,157.02862422928948,155.72450286671486,155.73356809383571,12240500
2018-09-04,155.9962158203125,156.78411681342368,154.97283999693238,156.48525448042915,17923500
2018-09-05,155.57955932617188,155.97804229148875,154.28450350783243,155.9327576238045,15166100
2018-09-06,154.529052734375,156.20447513736445,154.33886262927572,155.92372950231416,16647700
2018-09-07,154.447509765625,155.2716437226059,153.6505576640615,154.14866136437632,17248000
2018-09-10,154.63772583007812,155.47996274030618,154.31169551861572,155.0905449393902,11067100
2018-09-11,154.89129638671875,155.40751678096723,153.95849016944277,154.50187860349993,14078400
2018-09-12,154.51998901367188,154.94564008352202,153.35172178764103,154.67394585313687,21572300
2018-09-13,154.5561981201172,155.3531502340026,154.19393459658704,155.11768930791337,14570500
2018-09-14,155.20826721191406,155.7063571284872,154.32073189447354,154.65582739960567,15734900
2018-09-17,153.56004333496094,155.353203479463,153.36986701149982,155.24453129462808,20023200
2018-09-18,154.2030487060547,154.60153179879237,153.623440703603,153.77739756780713,13018000
2018-09-19,153.6415252685547,154.92754375831697,153.11626723846868,154.21208179436871,17593500
2018-09-20,155.0634002685547,155.13585299523734,153.78644687129378,154.29360213912784,16918700
2018-09-21,154.3207244873047,155.6067427314297,154.15771626474663,155.54334143225233,32539000
2018-09-24,153.7501983642578,154.4113103692623,152.83549495431114,154.19395223028704,15786700
2018-09-25,153.9856719970703,154.42943971858318,153.82266374362263,154.00378863154555,13758500
2018-09-26,152.5782012939453,154.3942841648897,152.35119093507726,154.30347447909742,17787200
2018-09-27,152.5872802734375,153.1865909601518,152.3330297740338,152.88693561679466,14471900
2018-09-28,153.0503387451172,153.45895449187327,152.0514879369504,152.0514879369504,22740300
2018-10-01,151.0345458984375,153.74959499915573,150.52604487014827,153.7223410067131,27893100
2018-10-02,149.40005493164062,151.21613778631865,149.0822348898269,150.89831774450496,28440300
2018-10-03,150.70762634277344,151.3977327916279,149.3818798544135,149.990265905827,26027200
2018-10-04,148.59194946289062,150.41710836838098,148.12885316449922,150.22642736253283,29463000
2018-10-05,147.2480010986328,149.06408395227473,145.8859389584014,148.69178364193112,31240100
2018-10-08,146.9392547607422,147.465906539525,145.78603839136906,146.89384992309232,21330700
2018-10-09,146.3671875,147.7746543643589,146.17649271993116,146.75763863001086,20620400
2018-10-10,142.1629638671875,146.18559460143987,141.98135835256133,146.031229221227,46921800
2018-10-11,139.44793701171875,142.85309256849314,139.3934428840951,141.48194106337272,68877400
2018-10-12,139.47515869140625,141.4365175023015,137.92240186651875,141.2549120010942,53492600
2018-10-15,139.9927520751953,141.00975409003638,138.512640042043,139.2572406997754,32747600
2018-10-16,144.05172729492188,144.25149756705505,139.87473014837596,141.00070678625238,35569100
2018-10-17,143.4342041015625,143.6702898420901,141.55455203512804,143.63396043240272,24140100
2018-10-18,140.74642944335938,143.13458297029138,140.17435887698684,142.93481273618076,31042700
2018-10-19,139.2572021484375,141.98132581029614,138.6942210254484,141.1731696781691,34214200
2018-10-22,138.95762634277344,140.2470439507047,138.4945300434656,139.76578293702673,28218300
2018-10-23,137.7135772705078,138.83046443638335,135.22553857149032,137.05069699920043,37228100
2018-10-24,132.5286407470703,138.00412932971213,132.41060478582833,137.50470378411205,40412400
2018-10-25,135.3980255126953,136.042740868908,132.94631701436595,133.23688299693964,32311300
2018-10-26,133.91793823242188,135.67954071849027,131.393584315977,133.97241849807565,36986100
2018-10-29,133.18243408203125,136.7782842198796,131.7295761160538,135.41622208299367,33031300
2018-10-30,135.96104431152344,136.10633427088231,133.08255453783977,133.34589432112938,29017200
2018-10-31,136.23341369628906,137.89513067651637,136.23341369628906,137.35030043999288,36785400
2018-11-01,139.3752899169922,139.62954041959344,136.94173157773463,137.01437655785116,28496400
2018-11-02,139.83836364746094,140.64651987016015,138.42182140143638,139.89284390990636,26671600
2018-11-05,139.72940063476562,140.43767174516753,138.34009854469952,139.87467671349648,16940900
2018-11-06,140.4194793701172,140.84625980839277,139.4024777413454,139.5205136660798,15572900
2018-11-07,142.934814453125,142.934814453125,140.56482560690185,141.07332662506852,22127800
2018-11-08,142.55340576171875,143.37971279756778,141.96317061541473,142.20834564097518,14987700
2018-11-09,139.91102600097656,141.68170402852803,138.88493474538478,141.6544638939205,20654400
2018-11-12,137.14146423339844,139.9927131075883,136.9689341848453,139.85651246694601,21886800
2018-11-13,136.70559692382812,139.01201533182993,136.46949735893094,137.65904289561627,18468500
2018-11-14,135.70675659179688,138.43996951212947,134.82595550621843,137.85882368969098,24549100
2018-11-15,137.64093017578125,137.840700411245,134.50818981871936,134.8350853080588,24482000
2018-11-16,137.9678192138672,138.28562540588936,136.2606968654054,136.76012243071207,29323500
2018-11-19,135.17108154296875,138.04957193144568,134.72613614325485,137.7317518094192,21540900
2018-11-20,132.56497192382812,134.78058135041516,132.2017470423784,133.70909912526662,25907000
2018-11-21,134.4173583984375,135.63413046820818,133.05529638897772,133.2823067238877,17902300
2018-11-23,134.29022216796875,135.57056367735936,133.30953593879363,133.3186252190369,11134800
2018-11-26,136.03370666503906,136.56944787103347,135.06210938091488,135.5887751591452,15346400
2018-11-27,134.90771484375,135.96103231714616,134.6534505094964,135.46160678566716,14461800
2018-11-28,138.240234375,138.35827034086265,134.11771846151572,135.47978062704692,26125900
2018-11-29,137.86790466308594,138.69422552600972,136.60572787969213,137.66813447961843,15134500
2018-11-30,138.58529663085938,138.80323159041455,137.18691874331995,137.53197896537873,20304700
2018-12-03,139.91102600097656,140.27423703281843,138.04046286132666,140.19251662899592,23379800
2018-12-04,133.95428466796875,139.9564394793198,133.60922446749947,139.61137927885054,41077900
2018-12-06,133.66372680664062,133.66372680664062,130.2404059399203,132.07465393462238,37581200
2018-12-07,130.7760772705078,134.6261624952508,130.09504647587372,133.60916094239144,28525100
2018-12-10,130.3947296142578,131.41173138492402,128.44243260482756,131.00311559175347,30776600
2018-12-11,130.25851440429688,132.7465524146981,129.2959928972074,132.2834425100951,29229300
2018-12-12,131.50254821777344,133.26413670777288,131.44805410085286,131.55702847908333,27894800
2018-12-13,129.64109802246094,132.29257772770225,129.43223848661682,131.88396179486568,23205400
2018-12-14,127.6797103881836,130.05877458225862,127.21661423108435,128.6967123907293,24037200
2018-12-17,124.83619689941406,128.35296657683665,124.05266747174025,127.25055355923398,36468500
2018-12-18,124.68132019042969,126.80412463982306,124.17110364471733,125.9659325962647,42277200
2018-12-19,122.08476257324219,126.348611787177,121.40145233495912,124.6357902432288,47676600
2018-12-20,120.07125854492188,122.45829822373307,118.64997559682519,121.74765674968472,57908100
2018-12-21,116.95536041259766,121.12810938210852,116.60004664292117,120.60880089897121,59404800
2018-12-24,114.68679809570312,117.04649994305153,114.65035404563302,116.3723023942342,28575700
2018-12-26,120.19881439208984,120.35371027307899,114.62300753989743,115.051216382675,40182700
2018-12-27,120.69991302490234,120.69991302490233,116.49983927949492,118.68643336747314,39527900
2018-12-28,121.04611206054688,123.00492886716867,119.84347956202137,120.69989714697496,35994400
2018-12-31,121.99364471435547,122.13031509842193,120.08038445526223,121.82965693585402,29173400
2019-01-02,122.68606567382812,123.1507115809823,119.8434859361165,120.4174709229394,27295100
2019-01-03,120.49036407470703,122.6678453344202,119.9437103593222,122.00276063888779,29294600
2019-01-04,124.99109649658203,125.36464271994151,121.82054125168142,122.01186031107379,35355300
2019-01-07,127.17774200439453,127.88838378474848,124.58117054602036,125.05492246493155,30477900
2019-01-08,129.1273956298828,129.18205821874125,126.9954712525185,128.2800976986153,27320900
2019-01-09,130.19332885742188,130.63976307042586,129.0271475479194,129.57380111886397,25764600
2019-01-10,130.86753845214844,130.94042652473462,128.78117124453522,129.42803029802272,22896800
2019-01-11,130.904052734375,131.18649939545318,129.99297214273156,130.2936304062123,22428400
2019-01-14,129.6011505126953,130.68533810861214,129.4553743531479,130.1204728678406,29185000
2019-01-15,130.69447326660156,130.87668655598122,129.4554034360439,129.96560620710008,25678900
2019-01-16,131.66929626464844,132.33438082650645,130.8948726405005,130.90397843653352,20827300
2019-01-17,132.86282348632812,133.31836357347785,131.16821380605194,131.18643930209237,19273400
2019-01-18,134.2294464111328,134.76698038815988,133.0177080870338,133.56436176325218,28306700
2019-01-22,132.10665893554688,133.71015544618834,131.2411353298142,133.43684244583972,27741100
2019-01-23,131.7422637939453,133.18175894614674,130.7036324386431,132.39824295539796,20621300
2019-01-24,132.53485107421875,132.79905824179707,131.49622009832066,131.5873197862523,16976300
2019-01-25,134.2385711669922,134.5118980437036,133.40948473836116,133.58259222367778,22266900
2019-01-28,133.51882934570312,133.8468188309091,132.4437472934235,132.98129527055482,22784700
2019-01-29,133.19996643066406,133.76484579448498,132.90842789945327,133.664626383322,12084800
2019-01-30,134.65765380859375,135.14963099047225,132.72615436756257,133.91056138568973,25516900
2019-01-31,135.80564880371094,136.0243131150584,134.41169683608382,134.4845849398663,27252900
2019-02-01,135.91494750976562,136.3704876431036,135.36830769094902,136.06984338884436,17057900
2019-02-04,137.53668212890625,137.54578792679044,135.64163352038608,136.12450494589567,21301700
2019-02-05,137.68243408203125,138.11976258334917,136.8806929669093,137.58221470489346,18295900
2019-02-06,137.50936889648438,137.91024652827926,136.75318433885326,137.6095883044331,13720600
2019-02-07,136.379638671875,137.29982494788754,135.19523127272046,136.58918328879176,22850800
2019-02-08,136.5254364013672,136.57097931075543,135.29547200417082,135.80567492680467,13463000
2019-02-11,137.6641845703125,137.7097274457562,136.32489594561963,136.92619814084728,16374800
2019-02-12,139.3861541748047,139.5683674205152,138.37485467383496,138.41129176218527,20779900
2019-02-13,139.77793884277344,140.08770281025903,139.1219599104615,139.77793884277344,15534500
2019-02-14,140.0968017578125,140.64344151910964,138.84861247045805,139.0126141302333,18251000
2019-02-15,142.32896423339844,142.34718973178124,140.55236044558066,141.01700638947702,27240200
2019-02-19,142.720703125,143.13070032324293,141.7185232787998,141.7185232787998,15856900
2019-02-20,143.3949432373047,143.5680507371843,142.61141353920672,142.72985843954197,18317400
2019-02-21,142.84829711914062,143.37672544645707,142.18321228561493,143.15807503652223,17497000
2019-02-22,144.08734130859375,144.1966803959871,143.1307181322794,143.285600112273,20411800
2019-02-25,144.12379455566406,145.31730752165012,144.03268096507708,144.9346554647526,17957100
2019-02-26,143.13072204589844,144.12379624582476,142.93938906421485,143.95979456124138,21497300
2019-02-27,143.33114624023438,143.44047141750994,142.23783885955524,142.57494799278967,18194900
2019-02-28,142.83914184570312,143.47689515709507,142.46559565546656,143.1215744620353,18155300
2019-03-01,144.1693572998047,144.26045699216863,142.81184259514347,143.90513621738918,19247100
2019-03-04,142.8665008544922,144.6613301731762,141.75498176671886,144.44266589457118,23301800
2019-03-05,142.201416015625,142.99405143425253,142.09209082739562,142.98494563589415,16798200
2019-03-06,139.4134979248047,142.201401149048,139.28594725121124,142.14673856064806,29604600
2019-03-07,138.1926727294922,139.522856272048,137.91024002095918,139.41353106925692,26822500
2019-03-08,138.15625,138.2655752141629,137.21783817314036,137.42738280094778,20466800
2019-03-11,140.570556640625,140.58878213701095,138.39307553884942,138.58440849595075,20854500
2019-03-12,140.6434783935547,141.1992379995384,140.12416978906907,140.67080969368635,18966800
2019-03-13,141.19923400878906,141.88254429673594,140.9896894130407,141.14457141007065,24109100
2019-03-14,140.625244140625,141.2356662485355,140.4885737599999,141.1263271636391,14217500
2019-03-15,140.998779296875,142.0100789649649,140.6070214489573,140.78923472477905,22025900
2019-03-18,141.9008026123047,142.53855624814244,140.7437263645791,141.27215477769798,24510200
2019-03-19,141.18101501464844,142.61140391345373,140.82569423960916,142.5658471162471,18633100
2019-03-20,140.0044403076172,141.97762388203353,139.22796571054135,141.17373118007575,29463200
2019-03-21,141.84054565429688,142.56221162766596,139.5202249995354,139.5202249995354,31845000
2019-03-22,136.67919921875,141.1736614018457,136.63353492429303,140.86307171653124,40663000
2019-03-25,137.28211975097656,138.2321768361891,135.57386252648394,136.55130982520689,26454700
2019-03-26,138.72552490234375,139.60249997646292,137.74806324618015,138.36925682764914,21308600
2019-03-27,138.1865234375,139.04522420917928,136.55133436656794,138.58846966586412,23477100
2019-03-28,139.4197540283203,139.7029396183561,137.87592142298442,138.66153980455593,19473300
2019-03-29,139.8490753173828,140.65296761655355,138.94471041985543,140.3880422274906,28298900
2019-04-01,141.37464904785156,141.52081383448888,140.42460581279153,140.94529869900524,20075200
2019-04-02,141.00921630859375,141.48424477870844,140.23272826738923,141.47510076989377,18253500
2019-04-03,141.7400665283203,142.64443156035702,141.3472503913316,142.26990344621098,19554700
2019-04-04,142.43434143066406,142.51655390673614,141.4477499006699,141.8496961468575,15909500
2019-04-05,143.76806640625,143.85027887975838,142.680988348608,142.78147490702136,21379000
2019-04-08,143.53054809570312,143.87768602088218,142.57137467346493,143.28391067006396,14202400
2019-04-09,141.77659606933594,143.14685958921814,141.51168458867025,142.92762634702345,18534200
2019-04-10,143.7041015625,143.7497798012627,141.8953576076372,142.03237838488383,18938800
2019-04-11,143.52139282226562,144.042085679565,143.24733734729944,143.89593484008478,12218700
2019-04-12,144.04212951660156,144.48062398561285,143.52143650083718,144.45321982368023,14120300
2019-04-15,143.57620239257812,144.42577297854353,142.96415305855862,144.2887382703346,10964000
2019-04-16,143.9142303466797,144.24309420964167,143.40266743519305,144.06953917392175,16782900
2019-04-17,142.59878540039062,144.43493379327532,141.77661879325984,144.41665970714968,17108500
2019-04-18,142.1785125732422,142.7631576620679,141.28327783014242,142.6078628349309,23276300
2019-04-22,141.80398559570312,142.33382244141637,141.1554020690651,141.87706798190908,15596800
2019-04-23,143.94163513183594,144.38011559554567,141.92277389391123,141.93190396682758,23396100
2019-04-24,144.3892059326172,144.96472096594653,143.7588825987877,143.9872598102309,18053100
2019-04-25,143.1925048828125,143.85023233615325,142.023214729993,143.72234166128356,19365100
2019-04-26,144.58106994628906,144.7820430367048,142.87279867775536,143.38437541456682,16999100
2019-04-29,145.2753448486328,145.80518177667207,144.78205608889536,144.90080278827097,13698900
2019-04-30,144.59934997558594,145.4215165328197,143.38439513331596,145.3849683627865,24127500
2019-05-01,143.2290802001953,145.0012900169383,143.15601174133604,144.94648170327278,17734300
2019-05-02,143.89596557617188,144.4714668635831,142.21509814223245,143.0920730616375,22715700
2019-05-03,146.6455841064453,146.74607064403787,144.50797660388318,144.61759321251517,20178800
2019-05-06,146.80999755859375,147.17539548350877,144.34351277878676,144.4988075938275,21262100
2019-05-07,143.90501403808594,146.04262089685952,142.73572410137035,145.53105829192592,25434500
2019-05-08,143.20167541503906,144.41664413911488,143.10118886074582,143.6584299456371,16113700
2019-05-09,142.68099975585938,143.10120616897035,140.4429050730378,142.0689502835151,25259900
2019-05-10,143.0737762451172,143.26561926980457,140.37892746172412,142.13286308283799,26544700
2019-05-13,138.515380859375,140.6986669178743,138.08603049339447,140.3972072605449,26936500
2019-05-14,140.26014709472656,140.83566214876856,138.5792941033802,138.81681533281431,15519200
2019-05-15,140.71693420410156,141.05494204622354,138.91733411926685,139.21877985285295,18410600
2019-05-16,141.5939178466797,142.67185194986843,141.0823549543838,141.14629334639906,13772100
2019-05-17,139.62071228027344,141.8405463996185,139.45628735093587,140.51596113680395,21534000
2019-05-20,138.65237426757812,139.60243129203278,138.31438044837898,138.78939502156723,18689800
2019-05-21,140.5159912109375,140.71695041012472,139.38323478991032,139.4289130375164,11659100
2019-05-22,139.3375244140625,140.30584170824352,138.853365766972,139.96784784417227,13922600
2019-05-23,136.4691162109375,137.99467464939374,135.72917611182825,137.99467464939374,26379400
2019-05-24,137.748046875,138.02210242428146,136.83453767009132,137.37351869466107,16093100
2019-05-28,136.6518096923828,138.53363602592904,136.64267962032218,137.94899081609873,14042200
2019-05-29,135.5099639892578,136.04893112202785,134.61472879290557,135.96671863175015,22622300
2019-05-30,135.1353759765625,136.64267414868735,134.32235354640088,135.8844600267774,17739100
2019-05-31,133.24441528320312,134.1396501464252,132.75112658605144,133.54587490775592,25411300
2019-06-03,133.71034240722656,134.47770075910844,132.76029893500603,133.4911091115844,26554500
2019-06-04,137.1725311279297,137.29127783352905,133.75600204283396,135.12626570608543,21217600
2019-06-05,137.199951171875,137.8394048342901,135.75660494011268,137.72064417589715,18184100
2019-06-06,136.84364318847656,137.50137074611303,135.48250983799883,137.1359588035148,20772500
2019-06-07,137.81195068359375,138.40572588208593,137.0446065670391,137.346066171194,17107500
2019-06-10,138.62498474121094,139.89476163861,138.35092926528182,138.35092926528182,18912300
2019-06-11,138.2138671875,139.97693226339445,137.55613981746777,139.64806857837834,15373000
2019-06-12,138.36920166015625,138.65238720418165,137.59271347766563,138.10427625900707,11957600
2019-06-13,139.83084106445312,139.93131368141184,138.73461902115386,139.13656524515795,14839400
2019-06-14,138.60670471191406,139.71205663975297,138.59757464075636,139.6572483347269,16154800
2019-06-17,139.56285095214844,140.1678815606561,139.04030862187278,139.2236516543956,12509300
2019-06-18,141.18548583984375,142.2305567665718,139.58120943550455,140.50711505558704,22100800
2019-06-19,141.6896514892578,141.81799300738234,140.62624234583936,141.3504661888236,15625000
2019-06-20,142.35887145996094,143.21143689069217,141.57966003206414,143.0555946051128,17595700
2019-06-21,141.13047790527344,142.24888880969675,140.81879328946485,142.21222579120496,19854400
2019-06-24,139.41619873046875,141.55217975630765,139.34285870520026,141.5063404919924,24002600
2019-06-25,138.56369018554688,139.80128089034207,138.42618632420755,139.62710000718872,17462200
2019-06-26,138.24281311035156,139.54456733789738,138.20613609651522,139.06786407530046,15726900
2019-06-27,140.83714294433594,140.96548450148862,138.64616022625592,138.64616022625592,22278400
2019-06-28,142.5514373779297,143.0281406350485,141.12134159475542,141.1305038540181,35089900
2019-07-01,143.10147094726562,144.87075204927018,142.29474456515558,144.42154958865325,22850500
2019-07-02,142.23052978515625,143.1197582282131,141.4146413566809,143.02809370111933,19024600
2019-07-03,143.2481231689453,143.32146319551342,142.248891534792,142.64309242907308,9115100
2019-07-05,143.6331329345703,143.68814843993073,141.96469296460768,142.54223687137622,14156700
2019-07-08,142.26722717285156,143.44980185551518,141.99220557580577,143.2022950075355,9735700
2019-07-09,142.45974731445312,142.48724807819974,141.6163579204676,141.67135944796087,12381600
2019-07-10,142.70726013183594,143.52314871608257,141.95554931816767,143.19312558154573,17325400
2019-07-11,142.01052856445312,142.95475855354883,141.3779831568073,142.90891929435256,14260800
2019-07-12,143.1106414794922,143.62400775662988,141.98306812162315,142.22141275367082,16678000
2019-07-15,142.35887145996094,143.55062221882503,141.95552236161421,143.52312146185088,12194300
2019-07-16,142.3131103515625,143.1931629478574,141.79056775711308,142.2122695344679,15152700
2019-07-17,141.29547119140625,142.40470565171026,140.92877113116677,142.31304112778312,14155100
2019-07-18,141.8271942138672,142.10220180955463,140.92878944069216,141.24965028656592,15705500
2019-07-19,141.01133728027344,142.48725833485352,141.01133728027344,142.03806983587071,17182600
2019-07-22,140.88296508789062,141.8180329767197,140.62628197929914,141.39634529325386,14474600
2019-07-23,141.81802368164062,141.83636218481817,140.7546143082141,141.43299904398881,15493200
2019-07-24,144.1648712158203,144.33905205298697,141.28634124355364,141.44218357465496,23823100
2019-07-25,142.423095703125,144.14655163962883,142.175574821393,144.09153611954676,17902500
2019-07-26,144.10983276367188,144.31151431417325,142.55139586376154,142.62473588105095,14260300
2019-07-29,143.1472930908203,144.2565418419066,142.64310310123466,144.1006995193571,13192200
2019-07-30,144.69654846191406,144.69654846191406,141.82719528258258,142.14804214269523,1200
2019-07-31,143.5231475830078,145.97081331642406,142.59725595728528,144.64155853076537,40445900
2019-08-01,141.44215393066406,144.99906800006028,140.800446234685,143.8164933880545,38070200
2019-08-02,139.87454223632812,140.9471137157791,138.68279148532346,140.58042763309032,30148300
2019-08-05,135.6759490966797,137.43606783881174,134.03500965091783,137.30772628432857,39221500
2019-08-06,136.92269897460938,137.2343836025903,135.10757874251925,136.5009973104975,24283300
2019-08-07,136.8860321044922,137.2435559884566,134.47502945806215,135.6026026323838,23952100
2019-08-08,139.83787536621094,139.9203916307449,137.5002269404001,137.6468929911949,19415600
2019-08-09,138.07778930664062,139.48038428696051,137.5369222725422,139.42538275646666,19313200
2019-08-12,136.2901611328125,137.61941599359108,135.97847648731312,137.33523211162515,15963000
2019-08-13,137.75692749023438,139.15034607271272,135.37342551317474,135.98763251759223,21912600
2019-08-14,133.9066619873047,135.65760440326142,133.58580112164503,135.63010364199684,28235800
2019-08-15,133.37493896484375,134.45667272777692,132.73321732169057,134.41083346924057,24202400
2019-08-16,136.25350952148438,136.51019266141302,133.9433472739445,133.970848039781,22783400
2019-08-19,137.6285858154297,138.32529510605397,137.46356725375173,137.8027666351308,17023400
2019-08-20,136.7301788330078,137.51856664435078,136.58351276601235,137.43606435888208,13324100
2019-08-21,137.85777282714844,138.10527969577507,137.31689184550572,138.07777893259433,13446100
2019-08-22,137.53688049316406,138.49944894895344,136.72099206625595,138.1235866205117,12979100
2019-08-23,133.31993103027344,137.6102312879998,132.8615663952442,136.79434279717492,36974600
2019-08-26,134.78672790527344,134.80506641069084,133.57665232316546,134.5758840516071,19167100
2019-08-27,132.78822326660156,135.69425299995075,132.63236700116119,135.63925148893733,24546200
2019-08-28,134.3374786376953,135.11670398234222,132.2381751147611,132.5223589028961,20115500
2019-08-29,136.69351196289062,136.85851652918012,135.63927882089556,135.81344564480793,18786300
2019-08-30,136.44595336914062,137.48186170924237,135.71256730503785,137.40852170401453,18727100
2019-09-03,134.44754028320312,135.96931447970394,133.8424955079899,135.17175037122075,20688000
2019-09-04,135.52923583984375,136.00593892037557,134.9241912362661,135.6850781186725,13107500
2019-09-05,138.05023193359375,139.26032106098546,136.93182131155325,137.37186135142807,25666700
2019-09-06,137.41773986816406,138.636991723306,137.35357608009417,138.15112623064857,14645900
2019-09-09,139.2603302001953,139.56285250189683,137.5643756571291,138.03191648165728,25780100
2019-09-10,141.038818359375,141.13048290294026,138.32529328496744,139.04950332830697,29576200
2019-09-11,143.92649841308594,144.07317845652972,140.77294741993902,141.65301369242283,42970500
2019-09-12,143.9631805419922,144.751568394943,142.61560117701066,144.09152209999903,38648300
2019-09-13,144.210693359375,145.68662818825538,144.04568878892897,144.70573504707298,31042800
2019-09-16,144.75155639648438,145.53078192648067,143.65148399215633,143.8990048292885,23242600
2019-09-17,144.3756866455078,144.4490266600392,143.42228044477713,144.2565073733721,22986700
2019-09-18,143.4864959716797,144.38488690685384,142.15724108033217,144.36654840134952,19735700
2019-09-19,142.7897491455078,144.67822323259256,142.57890532554094,143.74315544029335,21531600
2019-09-20,142.48719787597656,143.605608501562,141.58880727102593,142.679717142554,22707200
2019-09-23,142.37721252441406,142.96391866405645,141.6896656113248,141.96468717419606,14944600
2019-09-24,140.2282257080078,142.85928803421587,139.68545759404088,142.73049536247206,27576700
2019-09-25,141.7645721435547,142.00375454823617,139.64868028341883,140.0902531987346,21917500
2019-09-26,140.18223571777344,141.59895507020082,139.78664921224203,141.59895507020082,20641600
2019-09-27,139.05987548828125,140.954973378359,138.45270411456326,140.58699838435513,20181900
2019-09-30,139.22543334960938,140.07178690353894,138.7194573017864,139.25303076700484,16905400
2019-10-01,136.49319458007812,141.07456298971468,136.19881741024483,139.93381811791545,34093500
2019-10-02,135.462890625,135.81247677017757,134.18415829706274,135.81247677017757,24894600
2019-10-03,135.91366577148438,136.0976532993579,133.32858976853927,134.94771370346274,25362800
2019-10-04,137.2015838623047,137.30277910186362,135.34327766192595,136.14364511565486,18640400
2019-10-07,136.96237182617188,138.05711626134453,136.2631997634561,136.87037106928466,15762800
2019-10-08,134.73609924316406,136.0884149974399,134.4141106118845,135.61924479850117,18110600
2019-10-09,135.3524627685547,135.8676333400531,134.90168149982094,135.72963219867978,10929500
2019-10-10,135.89527893066406,136.61284020064915,135.3249133153811,135.54569276008405,16349000
2019-10-11,138.1951446533203,139.7958656549937,135.86766798951723,137.79955812531387,29236300
2019-10-14,137.68914794921875,138.13072076643437,137.1647828607777,137.90994137649994,10692600
2019-10-15,139.271484375,139.95225367214064,137.79955607099,138.14914220159582,16801200
2019-10-16,139.4186553955078,140.08102161162245,139.04147190406965,139.10587524827204,13119100
2019-10-17,141.06539916992188,141.2217892842635,139.878667578812,140.09944701677674,13175800
2019-10-18,140.39382934570312,141.2125857963181,139.32668200590078,140.6882065899613,14490200
2019-10-21,141.7093505859375,142.57410741096174,141.58976641295553,141.8289487962681,17450300
2019-10-22,141.86575317382812,142.63850920748308,141.43337476604177,141.85654467322726,12471800
2019-10-23,142.04049682617188,142.36248544534814,141.25854652400022,141.98530198570623,8728000
2019-10-24,141.83811950683594,142.64768134147317,141.18496178444605,142.5464861121435,9091400
2019-10-25,142.5924835205078,143.0800566960096,141.5805312483271,141.58973974729437,10531500
2019-10-28,143.82522583007812,144.413994276435,142.60168855115663,143.19966549716327,15392400
2019-10-29,144.29443359375,144.74520095482328,143.38367633310614,143.5216634768328,11978300
2019-10-30,143.81607055664062,144.25764350239703,142.8501183324509,144.23924053542984,14451500
2019-10-31,143.0064697265625,143.6044466735582,141.8933361801679,143.6044466735582,17344200
2019-11-01,145.44436645507812,145.5271587374466,143.55846270059837,143.8804373667031,18421600
2019-11-04,146.2262725830078,146.91623613470873,145.78469984037568,146.64024790655947,16182000
2019-11-05,146.41029357910156,147.61544198338083,146.2447090267053,146.64028148232816,13760200
2019-11-06,145.56394958496094,146.26312184176876,145.1775715659954,146.26312184176876,16025500
2019-11-07,145.95030212402344,147.348632356171,145.50872932763068,146.95305994296098,13448900
2019-11-08,146.34591674804688,146.5207098153835,145.30636684484415,145.60995258747897,11967400
2019-11-11,146.0699462890625,146.18033601356987,145.24199528055615,145.37998243619035,10508700
2019-11-12,146.1158905029297,147.08184233299752,145.8031103788605,146.20787722553203,14316900
2019-11-13,145.49034118652344,145.8123298642542,144.60719550378076,145.11317169563725,14514400
2019-11-14,145.44436645507812,146.18952507109168,145.15916964245008,145.2879623163617,13054000
2019-11-15,146.1986846923828,146.53906224145572,145.67431965833387,146.48386739969743,13119200
2019-11-18,145.83074951171875,146.03314001161735,145.2971758335633,146.014737046895,10759500
2019-11-19,146.37347412109375,146.91624210151292,145.6375101619204,146.37347412109375,15203700
2019-11-20,145.8214874267578,146.82424509408833,144.6715482077795,145.85829334267774,21314300
2019-11-21,145.10394287109375,146.17108995583553,144.64396713153388,146.10670065171686,15388300
2019-11-22,145.55471801757812,145.84909517907562,144.75436475641075,145.6375102782482,13482400
2019-11-25,148.6457977294922,148.87578565504765,146.1711254045395,146.2999180813566,24753000
2019-11-26,148.74696350097656,149.5289138704963,148.37897447060297,148.80215834619605,15496700
2019-11-27,149.7957305908203,149.88771733447797,149.10576684532037,149.38175515099002,13202500
2019-11-29,148.82057189941406,149.75891240962451,148.72857112593593,149.40934035257143,9988200
2019-12-02,147.36705017089844,149.22535634749062,147.10946484392696,149.17014745969885,17190900
2019-12-03,146.8978729248047,146.97147074138203,145.44436166878384,146.10672798063172,14884400
2019-12-04,147.9097900390625,148.31457091491268,147.4682172823827,147.65220476122056,10833200
2019-12-05,148.0569610595703,148.71011860662205,147.60617987950428,148.54453411435853,11470700
2019-12-06,149.7865447998047,150.32931294205886,149.4921535134199,149.5749457987097,16486200
2019-12-09,149.5013427734375,150.09931978908693,149.3909530635601,149.72213623054094,13476700
2019-12-10,149.59336853027344,149.9153572876348,148.97700248497827,149.40938097064594,13704400
2019-12-11,149.54730224609375,150.02568092025032,148.98613131218264,149.84169344168083,19612200
2019-12-12,150.83526611328125,151.88401034520044,149.26214274672895,149.72211853331365,24857000
2019-12-13,150.25572204589844,151.61724671480923,149.53816079894884,150.6236971334906,23279600
2019-12-16,151.3147735595703,152.21040152326336,151.18550839413248,151.48096559134197,20115300
2019-12-17,152.0718536376953,152.0718536376953,151.14852724755892,151.55479311343376,12980000
2019-12-18,152.36737060546875,152.60743046701774,151.72104475603163,152.40429747307365,15379300
2019-12-19,153.0228729248047,153.0228729248047,152.23805397607515,152.60737888267232,11919800
2019-12-20,153.2445068359375,153.65077276739487,153.0136752011408,153.41069885034557,25449500
2019-12-23,153.5491943359375,153.60459166976273,152.68126520242558,153.49379700211227,13372100
2019-12-24,153.90005493164062,153.91852540659795,153.30912653260535,153.6876937805866,4334500
2019-12-26,153.90005493164062,154.1770557006231,153.60459777654518,154.03856236055404,9371200
2019-12-27,153.14295959472656,154.30634610829148,152.74592180679107,154.30634610829148,12261800
2019-12-30,152.7551727294922,153.46613823908154,151.9518830024695,153.25376295240517,14912700
2019-12-31,152.967529296875,153.595398765114,152.08114357433965,152.4227699373119,17362400
2020-01-02,153.06906127929688,153.964689083532,151.6379024310665,153.95546089080312,18297500
2020-01-03,152.46893310546875,152.72746343846623,151.14856867944562,151.18550963492896,19295600
2020-01-06,152.67205810546875,152.84747832387302,151.00082513403413,151.28706821308958,17150900
2020-01-07,152.16424560546875,152.662835832986,151.61948622438476,152.2104147590355,11817900
2020-01-08,152.63511657714844,153.2999128500947,152.0903572695203,152.18269556420285,13832400
2020-01-09,152.81979370117188,153.68772303439633,152.5889620312227,153.38302353940176,11895400
2020-01-10,152.24728393554688,152.98594784616074,151.61018648875293,152.8566827184665,15353000
2020-01-13,153.23532104492188,153.3091747903097,151.49023396652225,152.2935237694661,17271100
2020-01-14,153.7985076904297,154.74029061211752,152.330407792326,152.4781434192419,18323000
2020-01-15,154.53717041015625,155.07270153532085,153.40148262324212,153.41071081736968,15437200
2020-01-16,156.53158569335938,156.84551341283776,155.51592061404895,155.66365627810288,19976200
2020-01-17,156.1068572998047,157.4826051132512,155.73751815379555,157.22407475546873,18306400
2020-01-21,154.81414794921875,156.03294565553077,154.44482299576632,155.4512454694415,17935100
2020-01-22,154.71261596679688,155.6913399916114,154.36174732060036,155.29431628257598,14916300
2020-01-23,154.61105346679688,155.0911872968218,152.76440006238283,154.28789757433285,15954300
2020-01-24,152.70895385742188,155.1280645348133,151.63789184420932,155.1280645348133,20491400
2020-01-27,150.9730987548828,151.87796879580011,149.96667633245443,150.3637140216004,18539000
2020-01-28,152.22886657714844,152.71822859479323,150.95468532783138,151.88724021094094,16690400
2020-01-29,151.36094665527344,152.86597375914928,151.33324798001115,152.44125134589532,14944400
2020-01-30,151.36094665527344,151.5548514709576,149.51429316393055,150.3545238838151,21889700
2020-01-31,148.2216033935547,151.35167969616327,147.75994013895848,150.7976922439545,30439000
2020-02-03,149.87435913085938,150.4375747513592,149.10799647133652,149.20956294642613,17373200
2020-02-04,152.1365509033203,152.63514114385552,151.5733210283344,151.71181440380306,15994200
2020-02-05,154.4817657470703,154.68489871901855,152.98598121621995,153.7154030054193,17807000
2020-02-06,154.13088989257812,155.25734937899423,153.97392607415551,155.01728955473223,14768900
2020-02-07,152.2380828857422,153.60460220626123,151.79487600705107,153.53996258646865,18029600
2020-02-10,153.09678649902344,153.1706543201974,151.85030399993468,151.94262820976738,11428800
2020-02-11,154.1586151123047,155.0819417109703,153.52151750501008,154.00163719234723,15005600
2020-02-12,155.22044372558594,155.38663575997228,154.4540809152736,155.13734770839278,12123000
2020-02-13,155.62672424316406,155.99604930219718,154.2971314884882,154.39869799304947,12649300
2020-02-14,155.02655029296875,155.8390823131158,154.5094895851834,155.76521448502538,16006200
2020-02-18,154.694091796875,155.17422544783832,153.66919897609606,154.6571649416511,13412100
2020-02-19,155.4881591796875,156.17142578351925,154.68486972499812,155.27579805385383,11084600
2020-02-20,155.8667755126953,156.1437763360928,153.81698914393988,155.02654484763355,20383800
2020-02-21,154.28785705566406,155.70054541193656,153.5768917367992,155.25733856730088,18729900
2020-02-24,149.6435089111328,154.2508983993702,148.74788122091053,149.44960417775968,28239500
2020-02-25,144.3251495361328,150.2806020894073,144.0019937444983,150.05901276687916,45047000
2020-02-26,142.6539306640625,146.33800812018583,142.3954003957917,145.00841583259717,39465000
2020-02-27,137.63104248046875,143.12483220376643,137.40945314273125,139.74546800367384,50530300
2020-02-28,135.1103973388672,137.69571490969463,132.87594842152873,133.74387777141376,72036400
2020-03-02,139.4499969482422,139.6346594262098,134.2424361720292,136.62462017769016,33569300
2020-03-03,136.60617065429688,142.37696203111616,135.09191556057334,139.50541567845704,42941300
2020-03-04,140.49339294433594,140.76115148612956,137.13248434641923,138.75753425360682,36195800
2020-03-05,136.02442932128906,140.7887820430577,134.334740600474,137.42787507122256,32729400
2020-03-06,133.3283233642578,134.7871807323405,130.1797911224062,131.76791361987125,39688300
2020-03-09,120.36485290527344,125.7293780529099,120.2725146122163,123.84579803861506,56320000
2020-03-10,124.12276458740234,124.46440494516834,118.20425290889472,124.38130894821573,54432700
2020-03-11,116.22835540771484,122.1284191435913,114.64946769184657,120.88192253868502,51354800
2020-03-12,103.3848876953125,110.70686842261827,103.04325429363966,107.81685145586381,70114300
2020-03-13,110.30982208251953,110.76225011148874,101.15042456101311,109.23875992235457,57915100
2020-03-16,95.67509460449219,102.76624241653428,93.6530073123499,100.29172711117526,59095700
2020-03-17,100.06090545654297,102.02758856437073,92.89588911976504,96.91235839192132,59344800
2020-03-18,92.30494689941406,98.59279780824208,88.87017135725226,95.14879407350737,62296700
2020-03-19,95.90592193603516,98.6112687456076,88.35311121147062,92.01871838477213,62654700
2020-03-20,93.62533569335938,100.42102127006649,92.74817103701797,97.98343916585895,76203700
2020-03-23,92.24029541015625,94.34547817016511,88.55622558014073,94.08694794271425,63534700
2020-03-24,100.67955017089844,100.94731577507393,92.26804287260569,97.29094267204414,73386700
2020-03-25,101.93083190917969,105.66622450358638,98.26958567680464,101.47665450322049,56043700
2020-03-26,108.27080535888672,109.00305462817977,103.0709141094932,103.38606267667569,51657600
2020-03-27,104.33148193359375,107.53854341015425,102.76503144477347,104.04414624253667,39931500
2020-03-30,106.63018035888672,106.83409873211392,102.7001409522718,104.96176373399102,41552100
2020-03-31,106.09259796142578,107.67759050759446,103.77535615620943,106.22236293678503,52948000
2020-04-01,98.86280059814453,102.31085021390285,97.81540285232852,100.75366355092866,54224200
2020-04-02,99.79898071289062,102.32014124024619,96.92560193337809,97.9915347099432,43774200
2020-04-03,96.97193908691406,100.10484750946802,95.09960371966243,98.79791971703051,42189200
2020-04-06,104.3963851928711,105.05448107955056,101.0502871421289,101.11516963598007,48708100
2020-04-07,104.6651611328125,109.9670107533647,104.17390707210745,108.33567077665792,57546100
2020-04-08,109.43870544433594,110.52317300859926,105.00813984948662,106.48190237451196,52822300
2020-04-09,114.67566680908203,115.50060434917745,112.46038414680405,113.00724983379858,69528600
2020-04-13,111.57056427001953,114.48101949737509,110.41194333328049,113.86926424837961,40198200
2020-04-14,113.83219146728516,115.75086752202598,112.43258241888753,114.84251263633254,35089700
2020-04-15,109.18843841552734,110.40267087771292,108.13177670138734,109.24404995679969,34809900
2020-04-16,108.3635025024414,109.76311150419205,106.18528948129511,109.4572338793084,49501300
2020-04-17,113.13700866699219,113.74876388191811,111.28321527145026,112.98870887261234,46250200
2020-04-20,111.80228424072266,113.9156076181645,110.33778573471973,110.84757468466152,36700500
2020-04-21,109.13282012939453,110.52316523865382,107.96493532921258,108.83621345561897,31608900
2020-04-22,110.45828247070312,112.1452342494762,110.08752236150512,111.52421513277456,24333800
2020-04-23,111.54275512695312,113.91561569282634,110.93100692932839,111.32957282765256,38571200
2020-04-24,113.46144104003906,114.30491345343385,111.31103366846585,112.6457673276047,27147500
2020-04-27,117.95689392089844,119.05063247572924,114.80544324836373,114.88886056962443,39021300
2020-04-28,119.671630859375,121.8498437135902,117.97540823864334,121.53468809362735,47292700
2020-04-29,125.55743408203125,126.84581993829727,122.23914217565572,123.73144643881173,50390500
2020-04-30,120.78392028808594,123.22166340890877,120.62634952857627,122.25768281231419,43727500
2020-05-01,115.99182891845703,118.14222854292102,114.27707178599528,117.85489288720005,43352000
2020-05-04,116.49237823486328,116.69629664154732,113.31312225200203,114.564431390146,28498200
2020-05-05,117.39144897460938,120.42239756874133,116.88165304560486,118.70764744449568,31209400
2020-05-06,116.52947235107422,118.82817256390443,115.86210549197456,118.17007665330942,29836800
2020-05-07,118.12373352050781,119.10624189107448,117.29879591283174,118.07738585064044,27493000
2020-05-08,122.68405151367188,123.04554067194698,119.74579058239534,120.64488154023991,32122900
2020-05-11,122.07231140136719,123.23093245518298,119.87557040919593,120.87662069689159,33983200
2020-05-12,117.68807983398438,122.61916312053287,117.56757873230563,122.59135734988729,44275300
2020-05-13,113.7487564086914,116.86312967432218,111.6076274404428,116.4645638375998,58719300
2020-05-14,114.11954498291016,114.25857385584027,108.61377532169664,111.19981843312534,55904300
2020-05-15,115.93623352050781,116.35333418017512,112.58086513524437,113.09066111631346,40236600
2020-05-18,122.98067474365234,123.6387777702125,121.26592395292833,121.84059550899187,46981100
2020-05-19,120.55217742919922,123.69435654327819,120.55217742919922,122.55427761073288,30270000
2020-05-20,124.20414733886719,125.11250206823078,122.7025793372,123.02698466888413,35901300
2020-05-21,124.4266357421875,125.18668378942853,122.8879836076232,124.2505230812849,32716500
2020-05-22,125.02912902832031,125.17743593472846,123.29583625756575,124.82521056784036,24035200
2020-05-26,128.63470458984375,130.11774475613595,125.12177281979453,129.84893683112736,36971000
2020-05-27,132.62966918945312,133.0097002989908,127.29074833176614,131.22079613602975,42682000
2020-05-28,129.48748779296875,134.15905586164106,127.52247098656413,134.15905586164106,42105000
2020-05-29,128.74595642089844,129.09818172134567,126.43799250232392,128.18982684175913,41536400
2020-06-01,129.97869873046875,131.31343202010206,128.47713085129072,129.07960794907186,25567500
2020-06-02,131.053955078125,131.4803338847947,129.35773201570743,130.75735541797076,24666200
2020-06-03,134.21466064453125,135.39182355097486,132.64820277587575,133.16726272549164,36111700
2020-06-04,134.01998901367188,134.95616372230413,132.71306128636536,133.32481649616685,28904700
2020-06-05,139.2013702392578,141.18494319120018,138.61743480725988,139.83166748844005,53513400
2020-06-08,141.8986053466797,142.17667717150502,140.54534415228784,141.21271087454045,33834300
2020-06-09,139.2755126953125,140.67513596145594,138.16323932708983,139.83165645108545,39646000
2020-06-10,135.4937286376953,139.27546819602418,135.23419873947537,139.11789748234196,51774500
2020-06-11,125.15886688232422,130.7202473761607,124.91787881918722,129.90457371120166,72041500
2020-06-12,128.1619873046875,130.7109527650009,124.34316397941582,130.07139189566402,63864900
2020-06-15,131.12510681152344,132.1202328374867,123.95455986149572,123.95455986149572,57354800
2020-06-16,134.27789306640625,136.4262626097393,131.16228324422352,136.4262626097393,48957000
2020-06-17,131.85052490234375,134.8452264495057,131.4320137078589,134.47320546129168,34811400
2020-06-18,131.80401611328125,133.28276224039305,130.02765320551467,130.54846838051134,26974100
2020-06-19,131.12510681152344,134.3988064881682,130.05556239387482,134.3151070842475,50293800
2020-06-22,132.4364013671875,132.58520972479698,129.11619826100892,130.42754530404366,28983200
2020-06-23,132.99444580078125,134.5383008152533,132.6689292429914,134.22209365069347,20344200
2020-06-24,128.67913818359375,131.69244486710983,126.7725710774196,131.2274291920016,42998700
2020-06-25,130.6228485107422,130.7437570795016,126.75391622190708,128.07457270381872,37191200
2020-06-26,127.10735321044922,130.04625499582522,126.93995441830509,129.72073842290203,39100100
2020-06-29,131.26461791992188,132.05515020623392,127.50729768896991,129.00464865880517,33935200
2020-06-30,133.16189575195312,133.57111185916315,130.75311771042115,130.82752192910968,32865900
2020-07-01,131.89703369140625,134.39880573858989,131.35761388389767,133.5989783262358,26457500
2020-07-02,132.4364013671875,135.11489503957404,131.96209069234658,134.44527162147742,24022400
2020-07-06,133.3943634033203,135.5055381248601,132.92934782005645,135.15213593156113,19858200
2020-07-07,131.0321044921875,133.40368705859268,130.65078826727137,132.23183858115786,22661000
2020-07-08,132.0086212158203,132.52943637942934,129.36733620543234,130.91117710008797,27358900
2020-07-09,129.3394317626953,132.3899326324304,127.63747314841626,132.0830206667917,34647800
2020-07-10,131.4226837158203,131.5993918836328,128.77210377207518,129.4045180661963,24008200
2020-07-13,129.7579803466797,134.5197364063607,129.63707172775494,132.8084820963069,34235500
2020-07-14,131.9062957763672,132.04579474709897,128.93949467553458,129.67421290663285,28114000
2020-07-15,136.74244689941406,137.43997009893818,134.65917250135624,135.24509653012313,40770100
2020-07-16,135.93333435058594,136.40764505171973,134.74289580601157,135.88682996236182,30530800
2020-07-17,136.33326721191406,137.2632983915156,135.32883183500644,136.4169666122023,20644100
2020-07-20,135.74734497070312,136.57507207821936,134.99400786263138,135.89613916074046,19663300
2020-07-21,137.67251586914062,138.7234556546172,136.9005882787901,137.15170067351855,24503800
2020-07-22,137.74693298339844,138.26774822785592,136.74249750145137,136.79829710747882,24424800
2020-07-23,137.88644409179688,139.69070719773256,136.43559744323275,137.62603644672907,21704900
2020-07-24,135.8589324951172,137.33767840440868,135.37531239336536,136.9842620772269,20015500
2020-07-27,137.27261352539062,137.35631292917856,135.21723828842454,135.96126610144555,13370700
2020-07-28,135.9054412841797,137.68178979665032,135.84033229921315,136.77967273794562,13268000
2020-07-29,138.90016174316406,138.99315634602823,136.6959782071557,136.71458280418832,19864400
2020-07-30,138.3514404296875,138.68625223956167,136.0914713563996,136.84479438082892,23618900
2020-07-31,137.04940795898438,138.03523883060177,134.54762158224727,137.77483121135003,29881500
2020-08-03,139.281494140625,139.47680697422456,136.9192206832526,137.91434687888596,20777100
2020-08-04,140.23936462402344,140.36956839301487,138.61181041605724,138.93732693410905,20285000
2020-08-05,143.02951049804688,143.12251930653315,141.16015265314715,141.63446351766305,18190200
2020-08-06,142.9737091064453,143.63403757969905,142.21109081274471,143.0388181098041,18237700
2020-08-07,145.24293518066406,145.31733936135464,142.4342376719668,142.71324980176988,20475200
2020-08-10,146.74960327148438,147.71684357733494,145.68936836889918,145.68936836889918,24000500
2020-08-11,145.90328979492188,148.6375836173035,145.23366623878152,148.1260636520367,30359400
2020-08-12,146.49850463867188,147.77264272009992,145.54057372923862,147.56803474030363,23378300
2020-08-13,146.19161987304688,147.43785838833162,145.6893950324,146.00561645438742,15799900
2020-08-14,146.09857177734375,146.72169086740854,144.96393278016689,145.34524891011839,13360900
2020-08-17,146.85191345214844,146.97282204326373,145.77308809942826,146.47990666723103,9744200
2020-08-18,145.4475555419922,146.80540712096555,144.81514123887283,146.80540712096555,14670400
2020-08-19,145.45681762695312,146.98206763614618,145.26151909769146,145.94973283661557,14337300
2020-08-20,144.86163330078125,145.54056619456975,143.72699426834185,143.96881142711774,15413000
2020-08-21,143.79209899902344,144.82443401630925,142.85277276176774,144.29430951420287,20685100
2020-08-24,145.29876708984375,145.33597628403936,143.53171352659035,144.95466009485693,13707100
2020-08-25,145.45681762695312,145.84744306776525,143.95946740765459,145.8381336770375,16269700
2020-08-26,144.54547119140625,145.80101919451343,144.32225855785433,145.54990675566154,13772700
2020-08-27,144.89886474609375,146.01489935516437,143.81072993791364,145.19646735264257,17508400
2020-08-28,146.12648010253906,146.20088429256631,144.83373745700555,145.64287415408427,12371400
2020-08-31,144.5547332763672,146.35899595852504,144.43383887815025,146.19159716507897,17051500
2020-09-01,146.210205078125,146.3031996795438,143.64330999119753,144.35943795875403,15638800
2020-09-02,147.372802734375,147.85640891315222,145.25231778656615,146.9077869685973,16763400
2020-09-03,143.0202178955078,147.21465411735318,142.2575995784232,147.05655049297164,32117600
2020-09-04,142.10877990722656,144.98257310569068,138.84436108986267,144.81517429000579,30618800
2020-09-08,139.3744354248047,141.81111191477214,138.57460825915302,140.6020688702551,26447800
2020-09-09,141.48562622070312,142.0901407183827,140.0347800733542,140.83459314178984,20160800
2020-09-10,139.6441650390625,143.11319128578629,139.56046564530845,142.13665578521028,23005500
2020-09-11,138.7141571044922,140.4812250176662,137.34701001353133,140.36031641239114,20851000
2020-09-14,142.36917114257812,142.69467353266958,139.84878046431106,140.0533884540368,21991300
2020-09-15,142.6388702392578,143.8758133483244,142.1645594705333,143.57821076534498,16175500
2020-09-16,143.98741149902344,145.87537336279613,143.07597086805586,143.32708322076303,22178400
2020-09-17,142.9365234375,143.5968377627463,141.13226031023126,141.94138306046216,20002900
2020-09-18,142.5644989013672,144.42456159489547,140.56493718228515,143.2062228012188,38352800
2020-09-21,137.5701904296875,139.7464596684196,136.09144447448344,139.33725792931375,40652500
2020-09-22,138.63046264648438,138.85367526623472,136.30538440756936,138.249146409426,19385800
2020-09-23,134.5003204345703,139.5042748363174,134.41628775614475,138.5520374364131,33403400
2020-09-24,134.5003204345703,136.7969097463881,132.65182943306863,134.47230004493426,31723700
2020-09-25,136.6848907470703,137.09566654194603,133.82814994028806,133.9121683769012,20689300
2020-09-28,140.05511474609375,140.4472150665147,136.6755589925247,138.51470536739367,17600900
2020-09-29,139.42025756835938,140.29782142070624,138.16926895746727,139.89639051753218,18683800
2020-09-30,139.84036254882812,141.8755659241784,138.6267249733825,139.94305649316104,29073700
2020-10-01,142.0716094970703,142.0902850084524,139.56030165797003,140.79261474960288,25872000
2020-10-02,142.6970977783203,143.3786042719468,139.09349383638337,139.4855940482742,29452000
2020-10-05,146.63677978515625,146.86082889388263,144.21880727332356,144.22815214967937,18553600
2020-10-06,146.2166748046875,150.31507304987147,145.95527465314535,147.97180231810455,36348000
2020-10-07,149.40953063964844,149.89499425835837,147.93449276110331,148.05584798184893,27049700
2020-10-08,151.10861206054688,151.5007122714574,149.91363591913213,150.97791199024337,37278600
2020-10-09,151.892822265625,152.83574320412646,151.06194014119944,152.49965525237906,25038100
2020-10-12,152.91043090820312,153.33055157070837,151.79948725884748,152.54633678054236,20336200
2020-10-13,151.892822265625,152.3782858059802,150.75385833166095,151.72478541237138,20106500
2020-10-14,150.3897705078125,153.02246194713717,150.2497397909296,152.18223491011744,19024900
2020-10-15,151.93951416015625,152.34094505570542,148.26122195286226,148.70933450365328,22865100
2020-10-16,151.56607055664062,152.82638961996227,151.52871953899648,152.36894649311697,17637900
2020-10-19,149.75494384765625,153.13448473118567,149.4001803753775,152.06087792698708,18360600
2020-10-20,150.08168029785156,151.65942609768072,149.68958006725188,150.82854398504904,18927700
2020-10-21,148.79336547851562,150.6511728268072,148.7093328019455,150.18438477021277,17504100
2020-10-22,151.36074829101562,151.4167605965167,148.60668647841885,149.50292610217244,20673900
2020-10-23,152.23825073242188,152.4809753730239,150.53913551248831,152.23825073242188,20889800
2020-10-26,148.9520721435547,150.65117326699772,146.9262136814444,150.23106686388343,26509900
2020-10-27,147.6730499267578,149.42817742566447,147.4490007959968,148.8586954762473,20523000
2020-10-28,143.1265411376953,145.11506267143832,142.87447161695212,144.3868744961713,32338700
2020-10-29,144.8349609375,145.4417795592436,141.59545150581988,142.62239066825697,27203200
2020-10-30,142.92115783691406,144.96569171945868,141.33408135919478,144.06946666520705,31764500
2020-11-02,145.46983337402344,145.53517629288478,143.46263623072284,144.4895756291781,25252100
2020-11-03,149.5962371826172,150.52046839101138,147.56103390715376,147.90645250057455,30257400
2020-11-04,149.76425170898438,151.56606069422648,147.23426886993656,147.2716056399118,45226300
2020-11-05,153.95603942871094,154.5815337118028,151.15531110399104,151.2486601676705,31911000
2020-11-06,152.75172424316406,154.702909212045,152.45298728437422,154.61887653263528,24930400
2020-11-09,158.287841796875,166.26992086535077,158.08245390073236,165.19629972728856,55052700
2020-11-10,161.22862243652344,161.8167800577108,158.47457523002822,159.8282580015011,35492200
2020-11-11,161.1632537841797,161.95678495690882,159.51082002589214,161.82608486697453,23972600
2020-11-12,158.68923950195312,161.17255500273214,157.1581754799012,160.01491567084358,33986800
2020-11-13,161.97540283203125,162.5635601500699,159.93086953145541,159.96822054114097,25440400
2020-11-16,165.8311309814453,165.97116170154086,163.74924597441728,164.76685477299574,31812300
2020-11-17,166.60595703125,166.92336941010421,162.7036024636303,164.346690876438,26154500
2020-11-18,164.27206420898438,167.78230537450546,164.1787008966908,167.054117123388,24377800
2020-11-19,165.53237915039062,165.79377932372773,163.44117776369384,163.9826393761485,20187600
2020-11-20,165.709716796875,166.12049245859535,164.15064680460893,164.93484711594564,24898800
2020-11-23,168.80923461914062,169.90151692975527,166.8580497740476,167.34351332717875,24816000
2020-11-24,171.98338317871094,173.12234711329103,170.24693113461672,171.20851333828415,34945400
2020-11-25,171.3952178955078,172.06739376875268,169.8081415123839,171.31119947266208,21082700
2020-11-27,172.12342834472656,172.2354671682721,171.0498214820015,171.51660955192395,10384400
2020-11-30,168.9959259033203,172.07672945018243,168.3424255740438,171.60994146566512,25481600
2020-12-01,170.56436157226562,171.9834013240444,168.9959604612799,171.404588663358,30265000
2020-12-02,170.7417449951172,171.29255151602243,168.75322319647745,169.8641811169336,20142800
2020-12-03,171.7032928466797,172.8795934553483,170.78839237327077,171.1618170678592,19603600
2020-12-04,175.69900512695312,175.93239913329742,171.7033008779576,172.73024020396846,24415700
2020-12-07,175.8670654296875,176.3991963844971,174.9895016406341,175.72702047140257,14671500
2020-12-08,178.12631225585938,178.29434910626384,174.65340822843442,174.69074500233322,20165600
2020-12-09,176.82862854003906,180.00278115149433,175.41891970325628,179.26526240041557,29507600
2020-12-10,178.53709411621094,178.9198494814463,174.86813272561466,175.2882391112694,21245300
2020-12-11,177.65948486328125,178.98516084413245,175.7923331868311,177.37007863266936,30865000
2020-12-14,177.86741638183594,180.85481971140513,177.82060334582872,179.76850291949285,32237700
2020-12-15,182.3157196044922,182.5217483818466,178.61658993967012,179.5811727201513,26807000
2020-12-16,181.6602325439453,182.81212493867358,180.70502352498977,182.73720406253463,25494600
2020-12-17,183.82351684570312,183.90781176049504,181.73514927115454,182.36259551858586,23834200
2020-12-18,182.933837890625,185.26570166544215,182.42813989677137,184.12318344224926,37033400
2020-12-21,182.8402099609375,183.3459079891906,179.31900039497015,179.7123242590993,30873000
2020-12-22,184.91917419433594,185.16265625583932,182.9806345814743,183.54253384917993,21919700
2020-12-23,186.49246215820312,186.97006651472867,185.33121038448294,185.9586707349912,18392000
2020-12-24,186.37075805664062,187.24170066529743,185.48109594778956,187.2323266255055,8904900
2020-12-28,185.67771911621094,188.40289184904972,185.54661119878807,188.38417235348308,27168400
2020-12-29,182.08160400390625,186.36136687614442,181.15448876133257,186.02423016347424,33901300
2020-12-30,183.93589782714844,184.93793411630463,182.64353780274436,182.66227159301408,20595700
2020-12-31,183.60812377929688,184.33858442501855,182.25957665190444,184.13255559779498,24747700
2021-01-04,181.21072387695312,185.32191233802587,178.8133129688601,184.99413528696945,33664200
2021-01-05,184.01080322265625,185.06902650392666,180.8080112612629,180.82673076026316,27442900
2021-01-06,191.5401611328125,193.64726212103415,186.5112180136253,186.8108871679764,52952200
2021-01-07,194.94898986816406,195.27676686258326,192.63585998785146,192.64523402692808,24031400
2021-01-08,194.52757263183594,196.4473786938559,191.66191745258274,196.02596133626463,29017000
2021-01-11,194.35897827148438,194.90214376693643,191.82110033290667,192.06458240065044,20945100
2021-01-12,197.8427276611328,197.96447584485747,195.24866254560766,195.27675608189907,24892200
2021-01-13,196.42864990234375,198.28289489673188,195.90421812936077,198.0019452212927,22782200
2021-01-14,200.35252380371094,201.34520017870628,197.72099114819125,197.8240055431262,33913700
2021-01-15,197.36514282226562,200.37128011072508,195.03327905103643,197.4213299004191,41043500
2021-01-19,199.89366149902344,200.04350323399453,198.27353882251995,199.7906470924426,19744300
2021-01-20,200.77395629882812,202.26297097380257,199.53779775592093,200.74586276078662,25474200
2021-01-21,199.03207397460938,201.4950454581462,198.4889084544149,201.31711020105058,21180500
2021-01-22,201.34521484375,201.65425805106412,196.24135062774255,197.12165292317783,24800200
2021-01-25,201.14854431152344,204.07040084572657,198.16115524214032,201.2796522509644,33985000
2021-01-26,199.7532196044922,202.92791853956544,199.25688129677397,202.56268819445776,23969800
2021-01-27,196.09149169921875,199.46285885630547,194.1248584759694,196.1945060926212,45830300
2021-01-28,195.46401977539062,198.8821995137477,194.44325001447407,197.44937223364158,32202500
2021-01-29,192.5047607421875,197.58990566672313,191.8304872241309,196.40991986527692,40591900
2021-02-01,197.23403930664062,198.13307544637183,192.69205985796276,194.94900281244784,26375100
2021-02-02,200.0435028076172,200.4555604330622,197.49625047731558,199.61271139291713,22773100
2021-02-03,200.642822265625,201.10170714345043,198.1517574254732,200.1277503190234,23923200
2021-02-04,204.7353057861328,204.93197484541852,201.4201396343416,201.42949938394796,25400800
2021-02-05,207.57289123535156,207.75082652608245,204.8758112017489,206.90799169489955,23338800
2021-02-08,212.8734130859375,212.89214687591945,209.21173593283652,209.57696624416278,20831500
2021-02-09,213.87548828125,215.03672617936203,211.9369480511619,212.70487634221993,19510900
2021-02-10,212.470703125,215.69222869687587,210.66327129288774,215.31762439218502,27955400
2021-02-11,212.22718811035156,214.45603708595502,209.23042538455607,213.65065576373888,25847600
2021-02-12,212.82659912109375,213.27612437072102,210.3730011980853,211.5810663684311,17440200
2021-02-16,211.4874267578125,215.04608973692064,210.51346966978923,214.89624798650232,22999500
2021-02-17,209.8297882080078,210.466608356385,206.926679980375,209.4083708850909,25042300
2021-02-18,206.5802001953125,208.74348849499597,205.45641573583086,208.2190566998842,24501500
2021-02-19,210.8880615234375,211.92756538448384,208.05985938343576,208.33144932615411,31238200
2021-02-22,209.520751953125,212.01181697849577,208.8183849618155,209.31472315916545,23272100
2021-02-23,207.67587280273438,208.81839095121003,201.86964169931144,206.92669275560374,38646800
2021-02-24,212.58311462402344,213.00453203736544,207.6290915002072,208.48128607751812,27584900
2021-02-25,204.72593688964844,213.13560723159353,204.1640375651034,212.3864128954313,49961400
2021-02-26,204.44497680664062,208.1160131480569,201.16726425648042,205.57813514716076,47734200
2021-03-01,211.712158203125,212.31151082683166,208.7809419096863,209.28663988075073,26161000
2021-03-02,207.63844299316406,211.6091634245008,207.47924150066382,211.4499476423055,26895400
2021-03-03,205.39083862304688,210.01708372764844,205.28782422921753,208.29394685785974,33407600
2021-03-04,199.650146484375,206.67381589422155,196.1289377415024,204.63226188845297,59126500
2021-03-05,203.88311767578125,204.29516101675307,194.0499787773507,203.1151894932314,53204300
2021-03-08,204.8477020263672,208.1535085543708,203.84565148228214,205.42832089732812,40619700
2021-03-09,209.1555633544922,210.7007796170069,206.88926045916648,208.28463497082598,32247300
2021-03-10,212.7891082763672,214.42796461596356,210.8973958146904,211.27200012327125,36812000
2021-03-11,217.4716033935547,217.5277904799318,214.25943682193073,214.971178021898,25256700
2021-03-12,218.75453186035156,219.27896358128842,216.67552447399996,217.25615755620234,23732200
2021-03-15,219.5318145751953,219.63482896724156,217.18123163447564,218.52040444138456,21497400
2021-03-16,215.86080932617188,219.22280288354742,214.56844936574683,219.15725605539097,24675000
2021-03-17,217.55584716796875,218.03346590065587,212.92022756110242,214.4279760454854,29422600
2021-03-18,210.93487548828125,218.13646689883137,210.34488259948645,216.14175421379574,35637200
2021-03-19,212.52688598632812,214.08146166817644,208.79028850061408,210.30741089758212,40855600
2021-03-22,210.92552185058594,213.6132563786359,209.8672984538177,213.219918221598,26128400
2021-03-23,203.2743682861328,209.64249848164116,202.3097854355293,208.98695881953577,43660700
2021-03-24,198.5731964111328,207.27319051537012,198.5731964111328,205.89655002128472,47270200
2021-03-25,203.28135681152344,204.08825281436688,195.1842504134079,196.41335627803267,59244600
2021-03-26,206.98745727539062,207.05312737018536,202.62459788408242,205.43934957307286,34452600
2021-03-29,201.16090393066406,207.28767862518066,200.86067121161113,205.48623936116306,38078800
2021-03-30,204.54798889160156,205.17661501642138,199.97871348115066,201.15152662071745,36205400
2021-03-31,207.2970733642578,208.66691111400974,205.58945053614582,205.63636592572732,34800100
2021-04-01,209.92417907714844,210.0742882816014,208.31038701760178,208.6669124843154,29799200
2021-04-05,211.07821655273438,212.55126239606767,209.7646715767323,212.41990789846747,27826600
2021-04-06,210.45896911621094,212.69200990610005,210.0179902322149,211.1063642572505,24907800
2021-04-07,207.0625,210.51525488241143,206.35881214245316,210.383900388332,26233700
2021-04-08,208.81700134277344,209.06095560307736,205.84274936954105,208.14145992688722,23989400
2021-04-09,208.84515380859375,209.31427901018537,207.5785243542353,208.7513373582144,23267400
2021-04-12,208.02891540527344,209.1641905661237,206.79041779354512,208.9671659657098,20533900
2021-04-13,207.48472595214844,208.8264316826026,205.31736947336665,207.8037277030152,24608400
2021-04-14,209.53012084960938,212.04462546547776,208.10397599713193,208.1696460913779,27362000
2021-04-15,210.44017028808594,211.21891981724457,208.53552317235457,211.1907734513226,20587300
2021-04-16,210.77796936035156,211.7443662312274,209.2392391111017,211.48165723622617,23943000
2021-04-19,208.0382843017578,210.78736577672237,206.35882216612362,209.8960306438472,25285900
2021-04-20,203.7786407470703,207.93508384225248,201.9490550243991,207.13757945881494,35570800
2021-04-21,208.76072692871094,208.87331240238268,202.192973721965,203.61911842692538,31147800
2021-04-22,207.8975372314453,211.41597643252604,207.14693400523493,209.4737911215779,31943700
2021-04-23,211.81944274902344,212.65448518058497,208.31039479275185,209.06099810930058,27999500
2021-04-26,214.02432250976562,214.56850951872516,212.74830125482487,212.98286388024363,19069200
2021-04-27,214.34327697753906,215.22523454527567,213.46131940980248,214.58723121678054,19648100
2021-04-28,214.70921325683594,215.31908459301806,213.0766667602628,213.9961481228839,16222700
2021-04-29,213.91171264648438,216.68892579758327,211.8475503248455,216.59510934805004,25500300
2021-04-30,211.00314331054688,213.73345555838685,210.29945547243753,211.78189290270907,27006000
2021-05-03,212.03521728515625,213.3675311617801,211.03128246515246,213.17988394134503,18693400
2021-05-04,209.50193786621094,212.1759573904622,207.31582690392352,210.73105798857836,26892700
2021-05-05,208.66690063476562,210.67475608554443,207.69112643668132,210.4308161151649,25139500
2021-05-06,208.84515380859375,209.05157004261926,205.13906757933273,208.90144654213435,27647300
2021-05-07,211.4722900390625,211.97893903472982,208.4417447834222,208.9108700565304,26172700
2021-05-10,206.09609985351562,211.7349799743831,206.03041544924486,211.3221474805835,28109100
2021-05-11,205.43930053710938,206.78099164999642,201.17963598055826,201.64876115008198,39519500
2021-05-12,198.7683868408203,205.2610789973199,198.47751714133562,203.6942022802799,42113400
2021-05-13,202.42755126953125,204.01319695135464,198.72146454992622,200.13821769221704,37739900
2021-05-14,207.3721160888672,207.7380331875071,202.36184786275018,204.48230301802843,25070400
2021-05-17,207.6536102294922,207.71928032073072,204.44478087922914,206.2086964234447,20048500
2021-05-18,206.0773162841797,209.45502343442897,205.9178154349408,207.7192544762188,24564500
2021-05-19,204.49171447753906,204.6887534019337,200.8325428807924,202.6902750517124,31202800
2021-05-20,205.8521728515625,206.2931517723289,202.97175099702076,204.7919594245982,24932800
2021-05-21,206.386962890625,208.63875835592788,205.80525216401116,207.66298413871436,24213700
2021-05-24,207.7286834716797,208.71384949514794,206.41513831810096,207.5222671880361,18324200
2021-05-25,205.72079467773438,209.89602075860316,205.65512458888065,208.50739974306396,20514900
2021-05-26,209.55824279785156,209.87724451345053,206.52768354996434,206.53707521702444,20388200
2021-05-27,211.71621704101562,212.38238118725815,210.33698767735027,211.1438836702663,21225700
2021-05-28,211.5755157470703,213.15176992369877,211.15330582951398,213.05795345122422,20668400
2021-06-01,213.97743225097656,214.44655755690837,212.00711455600376,213.41449047379925,23081500
2021-06-02,214.23074340820312,214.78430778021215,212.8233676251903,214.7749304289561,18927500
2021-06-03,212.43865966796875,213.56455731549016,210.20561907351274,212.81396842818612,24811500
2021-06-04,213.358154296875,213.9774030521803,212.24164824702999,213.50827781026408,19395800
2021-06-07,216.21981811523438,216.5294424885615,213.21741947222796,213.81789920082926,24049900
2021-06-08,218.50917053222656,219.06273492205608,215.77885798931052,216.93291647646097,27770300
2021-06-09,217.05487060546875,219.21284965230126,216.7170998475596,219.1190188742172,18700600
2021-06-10,215.44522094726562,218.1702289248486,214.9096222595105,217.7003989743638,29069000
2021-06-11,217.71922302246094,217.81319475936948,216.18758694498473,216.40370473418554,16707200
2021-06-14,217.08023071289062,219.2696399661702,216.25332542565798,218.2923856561549,19182800
2021-06-15,216.4600830078125,217.5031062046297,214.6935175801755,217.17421946205505,17039900
2021-06-16,215.99961853027344,216.76074076189616,213.90418094944857,215.83987806643293,24527000
2021-06-17,213.5752716064453,216.3096850908452,210.9724242598088,215.4076197038307,48292500
2021-06-18,208.72665405273438,212.11882679826027,207.7869941712931,210.20191261079978,54023700
2021-06-21,213.19004821777344,213.77263278266827,209.8072667549945,210.53080891138077,26736400
2021-06-22,214.1578826904297,214.62771262165097,211.16036543514633,212.61684108954668,21188500
2021-06-23,214.8626251220703,216.08418579684465,214.23305474202564,214.23305474202564,22387500
2021-06-24,217.8977508544922,217.91654806863767,214.91903045669966,216.2345486854154,21732500
2021-06-25,218.26417541503906,219.32599556855294,217.76615687215056,218.27356685125693,27619000
2021-06-28,216.53524780273438,218.55551102186877,214.9660173587509,218.22663863214197,25006000
2021-06-29,215.5015869140625,217.74737338575167,214.96598825447438,217.2775434599751,18844300
2021-06-30,215.52981567382812,216.42250416939495,214.01696245775452,214.85325930775335,26039000
2021-07-01,217.4279327392578,217.86018265976494,215.84931077860384,216.882928203868,18089100
2021-07-02,215.3606719970703,218.07628875171008,214.76868162454687,218.00111423312984,21029700
2021-07-06,212.2315673828125,215.6143484678746,210.36163918050443,215.5203767507064,27771300
2021-07-07,210.25831604003906,212.99273007599743,208.41659047284878,211.93090968982506,28521500
2021-07-08,208.3225860595703,210.55898109270896,204.7049042367494,206.07679958962916,42297900
2021-07-09,212.72024536132812,212.78601410861327,209.86367079807962,210.63419891648033,23976400
2021-07-12,212.89874267578125,213.19942637703883,211.00062573221228,211.94967703496093,16831000
2021-07-13,208.88638305664062,212.11881516562295,208.8112085496793,211.63957947600323,25357500
2021-07-14,205.66334533691406,210.82208303888922,205.36266164282296,210.21130987590735,30594100
2021-07-15,204.49822998046875,205.8419370269294,201.97054204420772,204.68615913085887,45477000
2021-07-16,201.97988891601562,206.6124195934613,201.52885618698588,206.56543373171255,36620200
2021-07-19,198.95419311523438,201.51006927381994,196.435911383198,197.9205757942935,58571000
2021-07-20,205.12774658203125,206.03921777673148,198.51253325839386,199.39581580485154,40794600
2021-07-21,208.660888671875,208.8112377067915,206.12380964446976,206.20837559983286,28278700
2021-07-22,205.3438720703125,208.5387099214976,204.4511980534877,208.10647440677363,32879000
2021-07-23,206.30233764648438,206.67819587805818,203.821636039109,206.60302136412892,23660300
2021-07-26,206.9036865234375,208.651454264709,205.9264323358071,207.0916156093448,22194200
2021-07-27,204.48875427246094,205.860663843488,202.3839255669775,205.79488077740652,35063600
2021-07-28,207.4957275390625,209.15891541129528,204.28207772997078,205.7855394612643,33043700
2021-07-29,209.09315490722656,210.89730045303247,208.7360795059061,209.34685279314706,22634800
2021-07-30,207.71180725097656,210.53078672688738,206.9882651708329,208.2755945433161,28473000
2021-08-02,206.67819213867188,211.00063341392766,206.3868998637616,209.04613910134682,24192600
2021-08-03,207.5332794189453,207.77758582338913,204.0001634701794,207.30775588848596,27798600
2021-08-04,204.94923400878906,207.85277983781322,204.74250767098735,205.8795025288967,25588500
2021-08-05,208.6326904296875,209.01795443717387,205.48482396941208,205.87008797689845,23915200
2021-08-06,209.91061401367188,211.62080182861413,208.73603919727904,210.24889213431587,24429200
2021-08-09,208.7548370361328,209.72268554070237,207.86216304060684,209.4689733649393,17225600
2021-08-10,209.16830444335938,209.7508890070137,207.84338051175268,209.2058845315002,22681600
2021-08-11,210.19248962402344,210.23006970488873,207.16678411289195,209.56291931852425,25691300
2021-08-12,209.69448852539062,210.33345031965936,208.33198465625912,210.25827581361523,23269500
2021-08-13,207.78701782226562,209.82607827651685,207.38295657145693,209.52538019795472,20813700
2021-08-16,205.851318359375,206.96950168973828,204.516988572484,206.50907747666912,24074400
2021-08-17,203.34243774414062,204.31969226707886,200.85234424082938,203.58675854391274,35161500
2021-08-18,201.5664520263672,204.88345052443765,201.4349002060328,203.06052225353923,29102300
2021-08-19,199.15150451660156,201.15298452109997,197.96752396720433,199.61192865197074,38119900
2021-08-20,202.51551818847656,202.9853481675361,198.66290662495925,199.30188285227823,31759500
2021-08-23,206.3681182861328,206.66881635919108,204.31966643119821,204.35724652129386,25778800
2021-08-24,208.39779663085938,208.52934845921624,206.43391064393407,207.02590104057694,18677900
2021-08-25,209.1306915283203,210.45561534279315,207.52388123253093,208.38836656406798,21548000
2021-08-26,206.91311645507812,209.69451619341768,206.48088091088192,208.73605903748052,22380300
2021-08-27,212.74842834472656,213.3310129683278,207.2608172748579,207.33597745887343,33998500
2021-08-30,211.87449645996094,213.63167010858783,211.40466654051218,213.53769838946957,20733300
2021-08-31,212.28794860839844,212.9363161898791,210.79389290902978,211.64898680165132,20839800
2021-09-01,213.71624755859375,214.46797833779627,211.30131476034234,213.1430544524849,20451500
2021-09-02,215.20091247558594,215.97142613121085,213.86659714954504,214.55254485602921,22810100
2021-09-03,214.20489501953125,215.15394643616264,213.48135282138546,214.47739010455913,18213100
2021-09-07,212.72959899902344,215.1821118517298,212.59804718975485,213.97934835611085,19153400
2021-09-08,210.40863037109375,212.33493591728924,209.19647548210378,211.99665780021067,25241500
2021-09-09,210.3052978515625,212.6356505875441,209.50659547132355,210.05158564227557,27180500
2021-09-10,208.2474365234375,211.69598686892616,208.15347912993107,211.5738408235605,24366100
2021-09-13,209.43141174316406,209.90124171255337,206.960101515993,209.74150124352974,34693100
2021-09-14,206.7627716064453,210.26771358602815,205.85131463487608,210.2489163721389,30312600
2021-09-15,208.6326904296875,209.29985528016564,206.21777189641972,206.74397915636575,27572000
2021-09-16,208.7830810546875,209.86368444036597,206.96952959597215,208.84884980624798,22369000
2021-09-17,209.0555419921875,209.57235783312,207.32657112258877,208.24743386038568,39957600
2021-09-20,204.08473205566406,205.7761227107955,201.29394105921514,204.3290384632662,44958500
2021-09-21,204.3948211669922,206.05800883162578,202.79740223817882,205.5693960173067,26711200
2021-09-22,207.5708465576172,209.1212938489305,205.66333828793822,205.6727440624155,32100300
2021-09-23,211.24493408203125,212.03424493543582,208.19103949005404,208.77362402403287,31057800
2021-09-24,210.22608947753906,211.46077076066095,209.0856502207916,210.19781543147587,28866000
2021-09-27,213.42117309570312,214.5898719457043,210.678475742832,210.76329787584672,29743200
2021-09-28,208.5673065185547,212.6295225773696,208.152615640678,212.45044399886015,39938200
2021-09-29,208.12435913085938,209.858568196727,207.51172108003345,209.49099111883643,23628900
2021-09-30,206.1732940673828,209.8113696831007,206.0319238469111,209.34953632704702,33153600
2021-10-01,209.50033569335938,210.65019473010244,205.2213626741324,207.3042939061864,32647000
2021-10-04,207.5964813232422,209.5380568387005,206.34294592341337,209.36839818638492,32580200
2021-10-05,208.31283569335938,210.2355430411788,207.23837862632567,208.2562875921751,20407600
2021-10-06,207.22891235351562,207.5399412435089,204.29771638219435,206.18272949863223,32893300
2021-10-07,210.4239959716797,212.01683425741078,208.6426592622869,208.79346375381942,24289300
2021-10-08,208.84059143066406,211.22513171869093,208.76518918508714,210.5465258900066,17989600
2021-10-11,207.6436309814453,210.69735760509292,207.5870828853331,209.07624506949713,15929800
2021-10-12,208.78408813476562,209.67946662313727,207.6907769116013,208.15261037177697,18800600
2021-10-13,209.77369689941406,209.89621297567155,207.19122368689156,209.13278494514543,19676200
2021-10-14,212.8839569091797,213.0064873668276,211.4230832134198,211.82835414024117,18160000
2021-10-15,212.21481323242188,215.27796002487077,212.12055680928057,214.8726746631764,27555300
2021-10-18,212.09228515625,212.70490876906084,210.86702354911722,211.00840818542744,19082600
2021-10-19,212.8839569091797,213.83589776042737,211.69640379412385,212.98763320837966,15498400
2021-10-20,214.29771423339844,214.87264381639793,212.17707445075416,212.97821078791225,18130500
2021-10-21,214.84439086914062,215.8434456304818,213.59085528206768,214.1280909828891,17851600
2021-10-22,214.33543395996094,215.25908642097178,212.71432142263023,214.7030109665935,16887000
2021-10-25,216.3712615966797,216.75767839868442,214.21291328407915,214.69358650501792,16387100
2021-10-26,214.74070739746094,217.45513109735478,214.7030134600779,216.80479922079604,25290200
2021-10-27,210.79159545898438,214.3825576875236,210.6502252215066,214.11864260838271,27088500
2021-10-28,214.9951629638672,215.13653318933717,211.84719463699793,211.8754686820919,22890600
2021-10-29,214.9386444091797,215.67379844566017,213.91131561224032,214.70301774667928,20777700
2021-11-01,220.50885009765625,220.71618831832328,215.7303347404676,216.06963769116447,35500800
2021-11-02,220.9706573486328,221.34766859681704,219.27414268557536,220.90468936864346,24949700
2021-11-03,224.91973876953125,226.02246959082302,220.4711071727007,220.68787962949128,47648500
2021-11-04,224.83494567871094,227.08753581104966,223.9018589948727,225.71146988774862,26514000
2021-11-05,227.9075164794922,229.40609850769115,226.39008029264977,227.30431283648392,42041700
2021-11-08,228.6143798828125,230.40515090514307,228.02059617133085,229.72654505816638,31324500
2021-11-09,227.2854461669922,228.58610979312235,225.7680100636765,228.08658247788568,29895900
2021-11-10,223.70396423339844,227.67190926677233,222.72374924139137,226.2770034197736,32471600
2021-11-11,225.504150390625,226.55976768587686,223.99614828263978,224.60877189189767,17987500
2021-11-12,225.73033142089844,226.39951743689969,225.0140315799542,226.1261824683815,20526700
2021-11-15,224.83494567871094,226.91787714966588,223.89243910649375,226.73881298141217,27390000
2021-11-16,225.24966430664062,225.60780704601862,223.326942730991,224.09037079898047,21925200
2021-11-17,222.29959106445312,224.43908491748792,221.61156532337455,224.37310255716793,26527800
2021-11-18,221.3571014404297,223.44004736171982,219.6511667893893,223.29866274231014,30637300
2021-11-19,219.3401336669922,220.9423919855941,219.0291047680827,219.85851516517465,33994000
2021-11-22,218.4070587158203,222.18651953004147,218.3033824106083,220.75390541661437,31042100
2021-11-23,218.0300750732422,219.6040595251735,215.47587560669407,218.08662317379492,33843800
2021-11-24,218.26568603515625,218.65211720313127,215.4004578403047,216.20159422449584,24099300
2021-11-26,210.03759765625,213.16671203166874,207.0121451986543,212.02628712052402,62595400
2021-11-29,209.9056396484375,213.71335977477477,208.52015387225455,213.2138324548186,45982400
2021-11-30,205.62664794921875,209.1044993463812,203.46831432312104,207.97349438654592,64908400
2021-12-01,200.99896240234375,211.3194216942797,200.8952860958925,210.33920672755667,69120100
2021-12-02,206.60687255859375,207.2948983312714,201.52676269644874,202.04512980730328,64315700
2021-12-03,202.36558532714844,207.7095956777772,200.48057224904974,207.6247591593163,64425200
2021-12-06,206.4278106689453,208.0017950498774,201.42310265462913,204.09038382045622,43878300
2021-12-07,211.21571350097656,213.04416404001833,209.21758993116046,209.36839442350657,44679200
2021-12-08,212.6577606201172,213.51543066334074,210.23551184770983,211.6869800097968,36546400
2021-12-09,207.84152221679688,212.8273749095441,207.80381390590836,211.07431237240576,34830300
2021-12-10,207.26663208007812,210.03760381483272,205.76805002157113,209.42496588935776,32924600
2021-12-13,204.23765563964844,207.08322755729557,203.01813512151128,206.45928011769226,33478400
2021-12-14,202.4792938232422,205.63683987134988,201.65682672555928,202.8574503927272,36543500
2021-12-15,205.69354248046875,206.24185864128683,199.54863938794463,202.50765118548466,51261000
2021-12-16,201.53390502929688,207.88679054547976,200.65471813541285,207.46137706698116,52743800
2021-12-17,203.38685607910156,205.47612966245356,198.81126975675028,200.6074665879846,62620900
2021-12-20,200.5318145751953,201.30702464720994,197.35537183109983,200.50345463843348,49993000
2021-12-21,206.2607421875,206.45927616000301,200.47508457713062,202.4981750400843,38545300
2021-12-22,208.24603271484375,208.31221551677913,205.26812398207642,205.96768831569855,32442000
2021-12-23,209.90989685058594,210.62838710608779,208.30277113070727,208.9739900127896,22125400
2021-12-27,211.87625122070312,211.9897053931263,208.54856028369014,210.19349431926,24196700
2021-12-28,210.58111572265625,213.3983135909118,210.2029735857138,211.56429393382535,23120300
2021-12-29,210.80799865722656,211.2806835163327,209.1724986585774,210.55274479425404,19444400
2021-12-30,210.75123596191406,213.1146599390146,210.53380499507546,210.76069888994738,23607700
2021-12-31,210.29750061035156,211.87626638140605,210.24078073267978,210.33532347893126,23997400
2022-01-03,213.0106964111328,214.3058482152602,210.56217805506958,211.4886506979891,30618800
2022-01-04,212.6892852783203,214.72183892424866,211.17670231237133,213.65356647580631,22013100
2022-01-05,205.48556518554688,213.5684792658523,205.44775674341608,212.58528666808374,40582100
2022-01-06,206.65785217285156,208.37841777537596,204.0297251795678,205.9204648538841,39105900
2022-01-07,204.26602172851562,208.3405625028514,204.1336561328727,206.6578057249382,31583900
2022-01-10,203.55702209472656,203.62319047631905,199.57700908839587,203.03706584565282,45778100
2022-01-11,205.72190856933594,205.92989106501025,201.32594507254146,203.7082664181243,35209900
2022-01-12,204.1904296875,207.39523275434647,202.91417467871753,206.58221414379435,35284500
2022-01-13,202.31854248046875,206.27019490131886,201.72296944284517,204.96558023998054,34489600
2022-01-14,202.6021728515625,202.68725266031169,199.07594800094702,200.40892270547016,42020900
2022-01-18,196.47616577148438,200.83432020609948,196.19255200634072,200.6074263089455,49434400
2022-01-19,193.28082275390625,198.017133949598,193.21465437926977,197.40263501976614,46209100
2022-01-20,189.782958984375,197.572810165148,189.38590545874382,194.16002512022686,50466000
2022-01-21,186.22836303710938,191.9289405815026,186.22836303710938,188.84702644775024,85821000
2022-01-24,190.52035522460938,191.33337374676495,180.7830443918707,183.4679053134151,85782000
2022-01-25,187.97731018066406,190.68106813555443,183.93112896498155,187.6369765071395,61088500
2022-01-26,185.2640838623047,192.42998724627927,183.13700223708832,190.75667899538766,71471700
2022-01-27,181.0571746826172,188.70521064468517,180.18743645440867,186.8333830323493,59829000
2022-01-28,184.58343505859375,184.6401549329106,177.81458450297654,181.22736971794356,65870000
2022-01-31,190.24618530273438,190.24618530273438,183.25990446943402,183.77039771119328,53393800
2022-02-01,192.2503662109375,192.44890017792486,187.15482454381237,190.6432407443948,43429400
2022-02-02,190.3406982421875,192.76084193774656,188.4026878152112,192.4961396226194,42777800
2022-02-03,186.73886108398438,190.24618874379757,186.28508770252463,187.9772929861074,39629400
2022-02-04,187.54244995117188,189.16848702602837,184.27146436797526,186.27564356132052,34291100
2022-02-07,188.46888732910156,190.17055552390076,187.1737355705134,187.58968608462382,33242600
2022-02-08,191.68313598632812,192.02346962125952,188.4688850982392,188.57287633183478,28341900
2022-02-09,195.3228302001953,195.36063864031627,193.13902854699757,193.39428239970277,27329300
2022-02-10,192.32601928710938,197.62954402481637,191.07812432520313,191.81551155716693,44788100
2022-02-11,190.37855529785156,194.802878581279,188.78087819265934,192.52453413629846,41516600
2022-02-14,189.71676635742188,192.41107551524334,188.3554462365684,190.614879026826,32262700
2022-02-15,194.8029022216797,195.03924467597665,191.560290672821,191.7020903753197,25847500
2022-02-16,195.2093963623047,195.94678358114962,192.93105190205966,194.08440410080624,30104800
2022-02-17,190.20838928222656,193.82915712657348,189.8113357214498,193.3753836892854,27140200
2022-02-18,188.5728759765625,191.64532718813956,187.9016572109474,190.04765025008822,36255400
2022-02-22,185.9164276123047,189.49937279338522,184.6779954871175,187.63699314055918,31847100
2022-02-23,182.4374542236328,188.03404153248425,182.03095214652066,187.4101084472702,31491500
2022-02-24,187.22100830078125,187.63697327516832,177.65387159066555,178.0320281242887,52221100
2022-02-25,191.4373321533203,191.55077188223785,186.237799675082,187.8354765082445,33656200
2022-02-28,192.21258544921875,193.4226575812159,189.5088273737756,189.51827587825142,34975900
2022-03-01,188.59181213378906,192.65689042191883,186.99413498626774,191.5886324389681,40638900
2022-03-02,193.082275390625,194.08436477084996,189.72621071944576,189.86801037695153,29978600
2022-03-03,190.79452514648438,193.90478519991123,189.34809619360507,193.885873766324,30142700
2022-03-04,187.80712890625,189.88693914905372,186.21890047115937,188.79030694687154,31610400
2022-03-07,183.13702392578125,188.68633958470403,183.09920105874417,188.33655740319563,39279800
2022-03-08,184.14854431152344,188.66742442467776,182.89121539485353,183.7231308620671,45715800
2022-03-09,189.33865356445312,190.01932094274144,186.82396655162114,187.39119417526064,29048000
2022-03-10,188.998291015625,189.1117307529518,185.82184854371553,186.62541848363492,25661000
2022-03-11,185.9825897216797,190.7377984828598,185.7084388370755,189.81134015275177,24990000
2022-03-14,182.1822052001953,186.65379993948687,181.39754660108966,186.46472888041015,34969500
2022-03-15,185.08447265625,185.09392115987,182.3429063860294,182.8912225251128,25464300
2022-03-16,190.907958984375,190.907958984375,185.43426035879511,186.7483236610589,31869700
2022-03-17,193.90476989746094,193.99931263273876,189.35754417940203,189.8018690698548,25783100
2022-03-18,195.94677734375,196.11693696182215,192.85541445533735,193.05394843495137,37092200
2022-03-21,194.2167205810547,196.80702388820248,192.7986662712341,195.88056577817414,26747500
2022-03-22,196.16419982910156,197.38372031468785,194.5570743299987,195.03920765217077,24699900
2022-03-23,192.76087951660156,195.8806024675853,192.6190798291375,194.8879613797454,19775000
2022-03-24,194.97740173339844,195.0342330989886,192.0315221707101,193.5944569921985,19781200
2022-03-25,195.24258422851562,195.71619811570184,193.65124850527332,195.21416855156835,19430400
2022-03-28,195.3089141845703,195.32786278870793,192.31567068702861,194.75005321768597,18999100
2022-03-29,200.53761291503906,201.04910959047763,196.90972854347984,197.0233912594551,29550600
2022-03-30,196.5118865966797,200.56602044191345,195.706737181781,200.21553632598557,26251500
2022-03-31,194.43748474121094,197.88539389038874,194.32380755914807,196.19932930089556,26771600
2022-04-01,196.61610412597656,196.75818253099087,194.19118853650912,195.29944345627328,25948500
2022-04-04,196.9381561279297,197.43070422929833,195.0152846475059,196.90025891794704,20333900
2022-04-05,192.27780151367188,198.38741873332197,191.8231217035534,196.9855254526677,26509800
2022-04-06,189.54977416992188,191.1505916210143,188.19523076763187,190.64856199421087,34903900
2022-04-07,188.9340362548828,190.61061881390955,186.30073005122722,189.54972845517437,29291200
2022-04-08,187.42799377441406,189.73923233348208,187.07752405069616,188.70675731516863,25249600
2022-04-11,186.16815185546875,188.73514564131906,185.54299247066453,186.7175457327904,33702300
2022-04-12,186.75546264648438,191.03692249496348,186.05450877313368,188.21418730301818,33699800
2022-04-13,190.30755615234375,190.81905284613427,187.1817012689229,187.24799970443723,22303600
2022-04-14,188.46047973632812,191.69051606875186,188.37521823592778,190.49701405221373,27107000
2022-04-18,187.191162109375,188.6688352350513,186.158687227146,187.98684448389676,22246400
2022-04-19,190.9232635498047,191.5673860725299,187.25749600344196,187.41852302073536,22786700
2022-04-20,191.65261840820312,193.11134298165936,191.20742014898488,192.33462363706718,20516200
2022-04-21,187.3616943359375,193.99229008981308,186.62285767964693,193.45236321214983,31547700
2022-04-22,182.51185607910156,186.95435702956044,182.14243779396477,186.48074310227997,35686900
2022-04-25,183.6201171875,183.86639121540912,179.22498071676804,180.9110450663021,35556500
2022-04-26,177.8325653076172,182.5402889722562,177.5862768114351,182.17087068153333,40513600
2022-04-27,177.09371948242188,179.76489441740233,176.43064844597293,177.76624314023792,37808000
2022-04-28,180.39956665039062,181.29943034442186,174.9624872728565,179.1871159872334,37405200
2022-04-29,175.18978881835938,181.61199251629267,174.77300624976547,179.58492548558144,41193400
2022-05-02,177.0274200439453,177.90834949878538,172.75542745704956,175.14243133679878,38002100
2022-05-03,178.54298400878906,179.5091460165872,175.88126158904694,177.05582933526534,30246300
2022-05-04,183.30758666992188,183.69593920772718,175.89078888373066,179.07347589021632,38834700
2022-05-05,175.871826171875,181.45099867698875,173.70268034796518,181.42258299244145,41468700
2022-05-06,172.9448699951172,175.63499373549038,171.02199853353946,175.19927699981545,45457900
2022-05-09,165.670166015625,173.0111827762145,164.91239520317976,170.36842310196505,53682200
2022-05-10,165.717529296875,169.4685583912925,162.16542443432317,168.19927638925972,53650800
2022-05-11,161.5970916748047,168.78654824071668,161.31292040327372,165.8880330689135,64377800
2022-05-12,163.49154663085938,165.13971398011165,159.98679172420077,160.86772121565562,52967400
2022-05-13,168.67288208007812,169.94216401972133,165.77435251372515,165.80276819494472,36517000
2022-05-16,167.86773681640625,169.97058400116046,166.84472890596763,168.1329594835328,28225500
2022-05-17,173.001708984375,173.1911516801327,169.5443328127557,170.88939474225188,31833700
2022-05-18,166.93943786621094,171.836604010061,165.8595987187756,170.9462075378065,36093800
2022-05-19,167.21414184570312,169.3738203248608,165.66068865098356,165.66068865098356,33627700
2022-05-20,166.7878875732422,169.52537558025566,162.72427185630684,169.0801773184273,42243700
2022-05-23,168.80548095703125,169.51590184221223,166.2384871323487,168.49289403312565,24644100
2022-05-24,166.30477905273438,167.5929948867116,163.23575601239662,167.25200678022216,26861800
2022-05-25,169.29803466796875,170.29262683104895,165.58490311887968,165.6512160080752,27950100
2022-05-26,173.0774688720703,174.1004766547288,170.21683680131508,170.35892964681045,25702700
2022-05-27,177.73782348632812,177.74729056103297,173.72157241845144,174.062575003965,24952100
2022-05-31,175.5308074951172,177.7757330909306,174.37518825041164,177.0463779826642,29794500
2022-06-01,174.53622436523438,177.0748028961885,172.17763591863593,176.44016187683798,28352100
2022-06-02,178.79873657226562,178.79873657226562,174.4509638981334,174.84879788920912,24876000
2022-06-03,177.18844604492188,178.04095981446338,175.98546258269192,177.4063044117106,18972100
2022-06-06,177.95570373535156,179.31971424528547,176.97059306348316,179.30076563999444,24678700
2022-06-07,180.82583618164062,180.86373339914306,176.08969574258714,176.57279131764489,21661600
2022-06-08,178.03147888183594,180.636355577098,177.18844663860224,179.93541618937255,21521700
2022-06-09,174.3408660888672,177.66490055509306,174.30286900822037,177.17103994816594,21697200
2022-06-10,169.61122131347656,172.42241098887826,168.71847835253874,171.4346898225319,37153600
2022-06-13,161.6430206298828,166.16371610896292,160.7787683186895,164.90058145990454,39712700
2022-06-14,160.86428833007812,162.63077590743254,159.3067412343623,162.0894261618305,30282400
2022-06-15,163.21961975097656,165.30901032510747,160.18050487118228,162.6023047489525,32150500
2022-06-16,155.65975952148438,159.9525161065256,154.59607326706785,159.40167444144893,43810600
2022-06-17,156.87547302246094,159.0978391829178,155.4698849359871,156.2106688255912,40327300
2022-06-21,159.6865997314453,161.52906669030946,158.42346501746485,159.5346404068374,34665400
2022-06-22,159.38275146484375,160.75034239097354,157.05591515429174,157.61626354882674,29303500
2022-06-23,161.29165649414062,161.67154036304436,158.17656239587976,159.73410944501018,27089800
2022-06-24,166.28721618652344,166.29672270371617,162.3078692428431,162.61178796016918,37138500
2022-06-27,166.904541015625,168.091696300411,165.42295904723306,166.838053363689,24745400
2022-06-28,163.7704315185547,169.19334819291018,163.6849598247321,168.03468359340343,25909200
2022-06-29,162.10841369628906,164.01735397621718,160.47488703710715,163.8749011537002,21292500
2022-06-30,160.84527587890625,162.69723499541956,158.37598739579525,159.74359243310965,31466300
2022-07-01,162.79220581054688,163.20058020339033,159.23074055912002,160.55085643265,24598600
2022-07-05,164.14083862304688,164.20731178276955,158.34751508645675,160.19947441646787,25151100
2022-07-06,162.9251708984375,164.97657841537148,161.21566463432586,163.77991678467353,25697600
2022-07-07,166.7810516357422,167.13244491932596,164.15981830757696,164.16931033169226,24822500
2022-07-08,166.76205444335938,168.0916769038761,164.9195873353159,166.26820833585657,20547000
2022-07-11,163.4095458984375,166.17324683843168,162.97268087543364,165.49893627034993,22031500
2022-07-12,162.84921264648438,164.64419083692846,161.98496013103016,162.91568580602006,23864200
2022-07-13,162.7067108154297,163.61843767387583,160.3038959376858,160.64579713251237,25535600
2022-07-14,161.03518676757812,161.45306761418266,158.6228943689571,160.1994250743691,25102200
2022-07-15,164.38775634765625,164.6346939113739,160.79780007362365,162.9156809568111,34935900
2022-07-18,163.92239379882812,167.42686373319668,163.40953464340998,166.32519473477785,23031500
2022-07-19,169.70620727539062,169.89614920324954,165.87882018705486,165.96429188084534,24234600
2022-07-20,172.3654327392578,172.66933691668643,169.43077424617027,169.66820527201503,26049300
2022-07-21,173.24868774414062,173.32466741954067,169.85817986780637,171.3777299008833,21709900
2022-07-22,170.48497009277344,174.03694348790717,169.09838100485933,173.6855502038648,25116100
2022-07-25,171.36822509765625,171.8240886244235,169.45927031322054,170.99783326497533,19267200
2022-07-26,170.31405639648438,171.14981839787947,169.56376610205675,170.74142942296416,19391200
2022-07-27,174.18890380859375,174.98666858902502,170.95034109104208,171.40620460962566,21670700
2022-07-28,176.5821990966797,176.78164753867688,172.6218512458329,175.05315717180804,22838500
2022-07-29,177.83584594726562,178.29170947868343,175.73694921290138,176.686673356812,21760600
2022-08-01,177.76934814453125,178.8520475187052,174.95817295448808,176.44923223958457,23905600
2022-08-02,177.5984344482422,179.5168814876423,176.15484953303522,177.0950817559288,17492600
2022-08-03,180.2101593017578,180.5900431689788,178.20624074513984,178.833062168531,19157700
2022-08-04,179.8302764892578,180.48557399031128,178.96602402087447,180.29563205558676,14838900
2022-08-05,181.20738220214844,181.41632268772105,177.7598786818417,178.04479884322632,18540300
2022-08-08,183.12579345703125,184.8447916236242,182.24254257812657,182.48946560763744,22188700
2022-08-09,180.6280517578125,182.5085016561417,179.64983697034154,182.38503287019088,18247300
2022-08-10,185.78500366210938,186.09841432012658,183.40120164654834,183.89506218266376,20796400
2022-08-11,186.47833251953125,189.49844819648916,186.1839058760467,187.49452976917772,23727600
2022-08-12,190.28671264648438,190.35318579482427,186.69675687023667,187.42804845180981,21726600
2022-08-15,190.9610595703125,191.04653127377412,188.2543396942266,188.8051814914934,17414800
2022-08-16,190.8850860595703,191.83481032865126,189.02362011584904,190.41971595072943,18833100
2022-08-17,187.67495727539062,189.30848368909466,186.50680083137553,188.7291514785178,22428000
2022-08-18,188.91917419433594,189.23258498248867,187.00072686608772,187.93146720362404,18368100
2022-08-19,184.8638153076172,187.20014328638757,184.31298800765214,186.93422166170043,27416400
2022-08-22,181.05540466308594,182.6794392756911,180.45707383344615,182.33753801470266,22937000
2022-08-23,181.3498077392578,183.23025733471442,180.81796458027122,181.34031571557563,20069800
2022-08-24,182.73641967773438,183.5816735568691,180.5995404279583,181.1978567635805,16038300
2022-08-25,185.57611083984375,185.62359995020807,183.2777799163007,183.65767830757343,14795000
2022-08-26,179.47886657714844,185.61409098871664,179.1749623835014,185.51911277665414,24177200
2022-08-29,177.82635498046875,179.48837224219747,177.14255243345485,177.5509268617779,19753300
2022-08-30,175.33811950683594,178.55768474262194,174.3124153841548,178.37724927402954,22548900
2022-08-31,174.27438354492188,176.40177088256985,173.97997137367196,175.64198865543554,22412500
2022-09-01,172.37493896484375,172.74533081601166,169.9056502959637,172.64086057636732,30706600
2022-09-02,171.0358123779297,174.70174804118608,170.13357736708377,174.3693532959481,27468200
2022-09-06,169.34530639648438,171.97604628018226,168.57603217395857,171.62465299128533,23837100
2022-09-07,173.03024291992188,173.2961645190755,168.98440881975276,169.02240590056917,24781200
2022-09-08,174.4738311767578,174.54979635663838,170.58944836280733,171.605660166307,25273200
2022-09-09,177.97828674316406,178.1967337154804,175.793932953116,176.02185745759996,23208800
2022-09-12,180.13418579101562,180.31463570619164,178.51965756264474,179.11798844104072,23134600
2022-09-13,173.08721923828125,176.56321296270613,172.41290874311645,175.56599974777902,34144700
2022-09-14,173.7615203857422,174.10342162699166,171.4916804621146,173.3911285820252,25278300
2022-09-15,172.4984130859375,175.40456685301376,171.76712138578807,172.77382673081277,25378700
2022-09-16,169.99111938476562,170.64641683118487,168.0156915467188,170.0860830983901,41155900
2022-09-19,171.4442138671875,171.66264637199308,168.0631980885649,168.11067270448362,25412200
2022-09-20,169.10789489746094,169.94365686125036,167.82577587571137,169.78220548036228,22247500
2022-09-21,166.52462768554688,171.99504802157455,166.5151356611114,170.35201482089494,29357100
2022-09-22,162.77322387695312,166.75257044249838,162.15590896705243,166.20172868841988,33468600
2022-09-23,158.8983612060547,160.68384742503375,156.70450051747278,160.50339749971454,40336900
2022-09-26,156.7227020263672,161.30496100423562,156.1594698810837,157.96373262383568,30597800
2022-09-27,157.25732421875,160.0257798236568,155.87310369959778,158.76565218971254,42406600
2022-09-28,162.23098754882812,163.2333591480323,157.58191078132774,158.24059796753403,35186500
2022-09-29,158.59384155273438,160.31217641365436,156.36953570580124,160.16898669744566,31464000
2022-09-30,157.43870544433594,161.83004072213316,157.39097068915513,158.25969370699883,40643800
2022-10-03,161.61045837402344,162.57465087008555,157.75373208957987,159.74891951684646,33611600
2022-10-04,168.0160675048828,168.09244019264983,164.70347682681643,164.77984951458347,37537300
2022-10-05,166.77505493164062,167.37648080899416,163.64384722615327,165.54357980333833,25281400
2022-10-06,165.8395233154297,168.17838080544632,165.06626975763592,165.96363077365444,22635900
2022-10-07,160.96131896972656,164.6462177729829,160.3026172162182,164.13070571954063,26536100
2022-10-10,160.06396484375,161.87778366616124,159.03295525941792,161.61047193694665,23386400
2022-10-11,160.11166381835938,162.39324488213438,157.32412648367276,159.3861451915011,28009100
2022-10-12,159.67257690429688,160.8181529398471,157.9733242359296,160.28354399217494,26796700
2022-10-13,163.62477111816406,164.38848360882355,155.12850789691325,156.5604633544232,45376500
2022-10-14,159.2429656982422,166.0304340747164,159.14751075615254,164.90396961848614,29608600
2022-10-17,164.32162475585938,164.78938743025088,162.39325448543187,162.4982651082423,28199200
2022-10-18,166.26907348632812,169.24753535042848,164.856215238819,167.88241185158253,34523100
2022-10-19,163.44342041015625,165.53406337344728,161.64869804355885,164.66535470374424,27146900
2022-10-20,161.3622589111328,165.67722137317836,160.82766462791687,163.64384030553046,26710700
2022-10-21,164.86581420898438,165.34313272989434,160.5604063943543,161.7155090576575,45402700
2022-10-24,165.5722198486328,166.10681416125402,163.29063832873717,165.45766808638615,27284500
2022-10-25,170.087646484375,170.78452730896274,165.68677000593038,165.6963256970934,33105700
2022-10-26,170.92774963378906,174.09713674841475,170.24040986115142,171.02320458928634,37084700
2022-10-27,170.96591186523438,173.7439086255059,170.75589059057864,172.39786715610393,28651800
2022-10-28,174.8512725830078,175.08993177317902,170.63177984877322,171.6723304219354,33221600
2022-10-31,175.0135955810547,175.88231871042257,173.31434295800767,174.00168273436424,25699400
2022-11-01,175.25225830078125,177.18062907643795,174.58401532900052,176.83695918143582,27446700
2022-11-02,169.4384765625,176.6077930808886,169.38118612339434,174.5457742710952,38139600
2022-11-03,168.302490234375,169.86809418493,166.21183306972466,167.33829763214447,29093200
2022-11-04,170.57452392578125,171.77737581028578,167.51014746115206,170.8036420386878,25842400
2022-11-07,171.34774780273438,172.39783944059275,169.61984312692533,171.58640697951128,20689900
2022-11-08,171.41458129882812,173.69616266578797,169.31438325433564,172.05418620616985,20265200
2022-11-09,166.70823669433594,170.56496313398827,166.37410797236458,169.92535819663365,27277000
2022-11-10,176.97059631347656,177.0374133230248,172.9324716670981,173.60072916220037,38572800
2022-11-11,178.42160034179688,180.27359794247312,177.2664980471734,177.33331504413977,28765400
2022-11-14,176.42640686035156,179.27122015841044,176.2545792456729,177.3619467512246,26499600
2022-11-15,179.04214477539062,180.96095960682172,177.66746537578527,179.31898305358223,26128800
2022-11-16,175.89181518554688,178.1733963575285,175.37631776744155,178.13521729813564,24802000
2022-11-17,174.2593994140625,174.6508040078205,172.32148782699977,173.3811352841239,20835700
2022-11-18,175.38589477539062,176.90376397067516,174.28806815237172,176.21642422816834,27269100
2022-11-21,174.4694366455078,174.87993809195416,173.1997678056298,174.48853346238056,19038900
2022-11-22,176.33099365234375,176.55055606747365,174.05895309888385,175.40499466542622,16869700
2022-11-23,176.78921508789062,177.35244737961986,175.22361110809533,175.93003311243248,19758800
2022-11-25,177.16151428222656,177.915671009585,176.28325009891438,176.6937369661417,13393400
2022-11-28,173.5911865234375,176.53147019652803,173.0661332663491,175.7773133847861,17465600
2022-11-29,174.0971221923828,175.28087716108746,173.7057321443409,173.7057321443409,14020600
2022-11-30,178.8702850341797,178.9275609091153,172.59832909651362,174.38349517614475,28030100
2022-12-01,178.47889709472656,180.65546776702558,177.6865468268965,179.61490261613963,21996400
2022-12-02,179.5194549560547,180.29270844116346,175.9682048590649,176.0063839221436,22574800
2022-12-05,174.5744171142578,178.57434741144556,173.91571542873135,178.38342297552794,25449300
2022-12-06,171.90147399902344,174.67945631425792,170.9563782217149,174.5840013639843,18502100
2022-12-07,171.3955078125,173.26660260252706,170.98502092502568,171.59598797688287,17177800
2022-12-08,172.6365203857422,174.3453284642309,171.36685165719976,172.5697033824515,20971400
2022-12-09,170.51722717285156,172.607884176651,170.4599512932848,171.61506827542223,22046500
2022-12-12,172.52200317382812,172.8752142094111,169.92538931780075,170.73683661028613,22765400
2022-12-13,173.95094299316406,178.995495755163,172.7617263262445,178.12276452299974,38445300
2022-12-14,172.80967712402344,175.41827097694545,171.50538019756243,173.88379883976395,32406900
2022-12-15,168.48440551757812,171.28481960561328,167.8706195362938,170.73815892047256,33546700
2022-12-16,167.2280731201172,167.93776914687317,165.59770538526945,166.68142703727764,38502400
2022-12-19,164.96473693847656,167.88023153715716,164.44686092405752,167.45825090046813,25614000
2022-12-20,165.83741760253906,166.8923688718297,164.1686804948817,164.63861599371276,18050800
2022-12-21,168.69540405273438,169.55855023447535,167.0650363323074,167.30479672159998,22997200
2022-12-22,166.48959350585938,167.34313976964623,163.67959458394301,167.18968963296734,21297600
2022-12-23,167.24722290039062,167.30476304082717,165.2811851772196,166.37449174694345,11647700
2022-12-27,166.1251678466797,167.4198797099756,165.51138187925176,167.21847455846734,13553800
2022-12-28,163.54534912109375,166.96913436934122,163.36312889101058,166.0868032938004,19648000
2022-12-29,167.6884002685547,168.07201098789858,164.37969562051737,164.6865959030412,22311300
2022-12-30,167.21849060058594,167.5637461549995,165.54016783431697,166.24026409077862,21275600
2023-01-03,166.29779052734375,170.05724609144778,164.8592282749141,168.7241643557368,22503800
2023-01-04,168.3693389892578,169.4338757381843,167.14176692629204,167.46783755437065,22973500
2023-01-05,166.5663299560547,167.60209658969575,165.329172791152,167.43906128168922,17032600
2023-01-06,170.3065948486328,170.74774575282277,166.7485443711618,168.11998135411045,21986900
2023-01-09,170.59429931640625,172.74254281775168,170.3737092446128,171.67800621349164,18366500
2023-01-10,173.1165771484375,173.22207229955268,170.03806210611492,170.38331763396357,18751100
2023-01-11,175.27439880371094,175.30316887464627,173.2795909606023,173.8358367217027,18222700
2023-01-12,178.2186737060547,178.3337539967808,174.46881813924222,176.05124530578243,29650800
2023-01-13,179.38873291015625,179.6668485332681,176.78013860630585,176.94317392106984,22120000
2023-01-17,179.16812133789062,180.14633302935965,178.61187556994,179.34074176562854,22422600
2023-01-18,176.2718048095703,181.220461736893,176.17589482009274,179.7722999183546,23507800
2023-01-19,174.58389282226562,175.60048901500065,173.3755059070215,175.24563374030788,24624500
2023-01-20,177.46104431152344,177.56653946876605,173.8454681567262,175.22649034833395,36070300
2023-01-23,179.65719604492188,180.41483218058443,177.0198326525428,177.8350089208116,20329900
2023-01-24,179.27359008789062,180.13673607141232,178.26660839116283,178.94751954544907,19263500
2023-01-25,179.77232360839844,179.82986375614357,176.3389533327578,177.8158854160047,18174600
2023-01-26,180.8368682861328,182.07404005292565,178.65983991880682,181.23966397207556,18369100
2023-01-27,181.8150634765625,182.5055744290943,180.09837124069796,180.28059144120076,20019900
2023-01-30,179.28323364257812,181.84387288135375,179.17773848440476,180.14636520304163,18395100
2023-01-31,183.6372528076172,183.73316280617252,179.70519164163878,179.74354686077422,21567900
2023-02-01,186.52395629882812,188.15432365718172,182.34253545282655,183.35911693625374,27007300
2023-02-02,190.1970977783203,191.09858440337035,186.3897022434881,187.98169984835422,31020400
2023-02-03,188.92161560058594,190.97396409950855,187.68444370531606,188.07765428497945,24981500
2023-02-06,186.18833923339844,188.33659772704786,185.44987308967305,187.63648680918507,18160100
2023-02-07,187.56932067871094,188.06802630925787,183.80028032873662,185.48820257556912,27074100
2023-02-08,184.82647705078125,187.36793114475654,184.32777137871017,186.3993045084099,17933500
2023-02-09,182.15078735351562,187.12821623533836,181.6712664922042,186.2746696875567,20516600
2023-02-10,182.5151824951172,182.82208279425453,180.8080898241479,181.5273709372129,15248700
2023-02-13,184.71139526367188,184.96074078078854,181.55614059335113,182.70698744484514,15754400
2023-02-14,184.6250457763672,186.006067667432,182.29458231055258,183.44542900850337,21889600
2023-02-15,186.4951934814453,186.58150369366408,182.7261532426483,183.1577189375522,18721200
2023-02-16,184.71139526367188,186.88840889119575,183.4166834096088,183.94415915140527,21366300
2023-02-17,185.21969604492188,185.44985664731846,183.14816282047767,184.0208941280647,23892200
2023-02-21,179.7531280517578,183.50298355206593,179.57092247260988,182.9371526209493,26004000
2023-02-22,180.24224853515625,181.40268046948913,179.10098689306247,180.13675339259774,24651700
2023-02-23,181.52735900878906,182.50558535574405,179.05303038637985,181.59449893249288,21311700
2023-02-24,179.82986450195312,180.08880980169195,178.1707268219029,179.00508823529134,24280700
2023-02-27,180.46279907226562,182.40965173416706,179.91615314264155,181.3834851561178,17562900
2023-02-28,180.47242736816406,182.237074897992,180.36694684874655,180.41488721800457,19542600
2023-03-01,180.7025909423828,181.72877233338508,179.52297403879342,180.48201550306706,22532800
2023-03-02,181.1341552734375,181.54655070946714,178.49679126708546,179.20648721333043,18104400
2023-03-03,183.6564178466797,184.06879860142794,180.7025687435323,181.90137042660464,22774300
2023-03-06,180.9711151123047,183.8866092576297,180.2038790407028,183.71397419045908,23266700
2023-03-07,178.87083435058594,181.32599301274908,178.5927187397641,180.92318268370505,25865700
2023-03-08,178.9571533203125,179.92577998644583,177.53776133567806,179.139358916542,22505900
2023-03-09,173.979736328125,179.59972056543617,173.85505624005657,179.08182991793123,33546900
2023-03-10,168.96388244628906,173.00145259654442,167.12252498005412,173.00145259654442,69274200
2023-03-13,166.21145629882812,169.17489059871733,164.06321301110466,165.4538200608492,74171500
2023-03-14,169.29000854492188,171.91777287170257,167.45823578006153,171.2848166076341,48946200
2023-03-15,166.49916076660156,166.78687608351584,163.4014614634262,164.88796377216696,54405800
2023-03-16,168.77212524414062,170.11479217352604,163.51658172942484,164.4468531891477,52392300
2023-03-17,164.2166748046875,167.60209018788433,163.86183412633358,166.9115791251654,70239900
2023-03-20,166.345703125,168.187060582661,165.4633869244838,165.9620924756654,46103200
2023-03-21,169.4146728515625,170.8820051561974,168.7529465178307,169.31877748313454,34465900
2023-03-22,164.60986328125,170.08599604661393,164.50436814319818,169.28998993837027,56098200
2023-03-23,163.87930297851562,167.86438500087723,162.39693571670628,165.83333989480585,47720900
2023-03-24,165.3616180419922,165.6696507038828,161.1936594083519,162.43538119305987,47519700
2023-03-27,167.20021057128906,168.19166719657574,165.91035637557005,167.3349712381879,33880600
2023-03-28,166.9595184326172,167.97985100705577,166.2279628309724,166.62262420419694,28555100
2023-03-29,168.85581970214844,168.98095983030785,167.0750551155081,168.7788115223433,25564800
2023-03-30,168.62477111816406,170.67507138566992,167.92209177337534,170.26116900202103,26728600
2023-03-31,171.7242889404297,171.95531345873383,169.77025245583783,169.79912868464996,39602900
2023-04-03,171.8013458251953,173.05270328381943,169.8858202277691,172.25375978860413,27609000
2023-04-04,168.78848266601562,172.39815924409285,167.79702600759535,172.2248871306831,33487200
2023-04-05,167.1328125,168.28790585547446,166.0739683562599,167.72960755130322,28247300
2023-04-06,167.38307189941406,167.93174966850822,166.21834338427863,167.21943502647588,26366300
2023-04-10,169.17347717285156,169.2986173041451,166.55525774513748,166.5937691799088,22237800
2023-04-11,170.511474609375,171.3104180249178,169.52963858586568,169.96281147328526,21876200
2023-04-12,169.26010131835938,172.2826026030512,169.0098357503102,172.12860093153319,27018100
2023-04-13,171.5029296875,172.00347555433277,169.34674453544397,169.93391910389886,23259900
2023-04-14,169.90501403808594,172.5136126619167,168.77879704468225,171.65691693080757,29600400
2023-04-17,172.09010314941406,172.1671113351862,170.13606633485045,170.3478351737715,22177300
2023-04-18,171.35850524902344,172.90825972278253,170.3189170286317,172.86974829546838,22873100
2023-04-19,171.57992553710938,172.09971239727884,169.97241831985974,170.45370843356832,19306800
2023-04-20,170.6943359375,171.75316526609163,169.91464838351868,170.5210638767224,20336300
2023-04-21,170.91574096679688,171.30078186625116,169.27935753558947,171.1563860210276,25972800
2023-04-24,170.80023193359375,171.77243264169618,169.89540420139537,170.74247947201653,17781000
2023-04-25,166.58409118652344,169.35632626559556,166.53595924932745,169.05792881790754,28857900
2023-04-26,164.97659301757812,166.91137361681226,164.60118738824,165.78515672879783,30309800
2023-04-27,167.180908203125,167.35418026239674,164.54344807433733,165.59265688013693,33424100
2023-04-28,168.64402770996094,169.2504578627299,166.6996118284939,166.80549622520263,31911900
2023-05-01,168.7402801513672,170.70393692613249,168.2204787162962,168.45150320830615,27420100
2023-05-02,165.27500915527344,167.9221045731843,163.56161765979573,167.8739726280244,40851100
2023-05-03,165.88143920898438,169.12532961823737,165.74667857533666,165.77555480484637,43261400
2023-05-04,164.02365112304688,165.14024761829597,162.46427598548658,164.90923778328403,42382100
2023-05-05,167.92208862304688,168.5477744750793,166.62261435400615,166.80549222775096,35456800
2023-05-08,167.53709411621094,168.9809644797155,166.65152205579852,168.701807984265,22109900
2023-05-09,167.0365753173828,167.748890099632,165.71784487200557,166.5071531608335,21465500
2023-05-10,167.8836212158203,169.433375971569,166.25685827923712,169.37562350789528,27281900
2023-05-11,166.59376525878906,167.2771889879015,165.6696817875424,166.73814641626115,25884600
2023-05-12,166.25685119628906,167.69110096358781,165.22688334529155,167.15204372071148,20406400
2023-05-15,168.2878875732422,169.13496279621086,166.3531067802058,166.82476164842555,24310000
2023-05-16,165.8332977294922,168.268624196843,165.78516578714084,167.11353101944368,24212900
2023-05-17,169.52963256835938,169.89541777130876,165.71782292172304,166.94028929023725,38231600
2023-05-18,170.5595703125,170.92535545069134,168.47077325750467,168.99056004900214,30446600
2023-05-19,169.51998901367188,172.19596062738572,168.69216950590237,171.83017547415048,34316300
2023-05-22,171.5895233154297,172.3210935915281,169.4525943186911,170.0108925391532,28207200
2023-05-23,170.78099060058594,173.77461584286843,170.74249385222822,171.2526602228717,32708900
2023-05-24,168.9713134765625,170.12642140959898,168.13387344413783,169.94352883060793,28744200
2023-05-25,167.65257263183594,168.96168214267797,166.23757872350643,168.69216089231108,36202600
2023-05-26,169.55850219726562,169.77990622611634,167.50821628832958,167.77773757859168,29841300
2023-05-30,168.9327850341797,170.90607691373532,168.22047056750847,170.09751326257648,25572600
2023-05-31,167.267578125,169.42374853597659,165.91033641521318,168.153150213481,34598800
2023-06-01,169.0771942138672,169.64512765415546,166.45897508130176,167.35418224120892,27800900
2023-06-02,175.20884704589844,175.27622002028835,170.8098486090611,171.34889115541148,50212400
2023-06-05,172.8601837158203,174.47731167893275,171.76284268719095,174.47731167893275,34465800
2023-06-06,177.41314697265625,178.03883288945758,172.23446101079148,172.23446101079148,58584500
2023-06-07,180.73263549804688,181.24421461246092,178.53187617191185,178.53187617191185,60685600
2023-06-08,180.05694580078125,180.86776346980187,178.48360515560154,180.25965390015693,34185000
2023-06-09,178.59942626953125,180.12451637596186,178.03958194728594,179.84460157908012,30242200
2023-06-12,179.3426971435547,180.1921035484983,177.81760680330228,178.79249989254336,26580500
2023-06-13,181.39865112304688,182.41216224254418,179.79635415620936,179.96044418835908,35758200
2023-06-14,179.4488525390625,182.66312286214747,178.136117644906,181.77509848205372,37114100
2023-06-15,180.9257049560547,181.0511916438706,178.4836338574623,178.64772390311455,36488400
2023-06-16,179.47781372070312,181.99710595048145,178.65734886588356,181.41795255549323,50684500
2023-06-20,178.6959686279297,179.1206791577842,177.37357180024952,178.72492482510316,33269300
2023-06-21,178.28091430664062,179.44886832304414,177.20949077137192,178.0299556755671,30730200
2023-06-22,176.95852661132812,177.846551041785,176.1477236176696,177.79828580272562,27063700
2023-06-23,174.2944793701172,176.07052849648036,173.7925473201501,174.48752562672445,50610100
2023-06-26,174.46817016601562,176.38901452016586,174.10137206610722,174.1689463386088,31507900
2023-06-27,176.9875030517578,177.5956127307949,174.130368477369,174.90256820518906,28818800
2023-06-28,177.856201171875,178.010644048054,175.79057557055174,176.63034950447295,23187600
2023-06-29,179.90249633789062,180.57816537490376,178.02025546041637,178.30018495834491,32084100
2023-06-30,180.76158142089844,181.88125533252506,180.41409235081244,181.71716531727358,30287300
2023-07-03,181.12840270996094,182.27704778559985,180.25004005960605,180.41413010919948,14011900
2023-07-05,179.32339477539062,180.70370416858603,178.99521468107284,180.62648272371985,24092100
2023-07-06,176.4276580810547,177.3253444963564,174.43925372968891,177.24812305096063,39080800
2023-07-07,178.2905731201172,180.00870960963377,176.57242190211733,176.62068714185315,31706700
2023-07-10,181.34071350097656,181.5144653939835,177.7596600329827,178.16506147869063,29725100
2023-07-11,183.2036895751953,183.47395727076406,181.16701997241924,181.92955781452716,26738800
2023-07-12,185.2017364501953,186.34073433453858,184.71911347327523,186.06080475997368,40127300
2023-07-13,186.69784545898438,186.95846595536733,185.13415193765158,185.81946822455174,23523000
2023-07-14,184.87353515625,186.76542348931557,183.67662500851606,186.62062777575656,32198600
2023-07-17,186.852294921875,187.60518551268655,184.4970926722664,184.6901388981314,23283700
2023-07-18,189.1592254638672,189.5646269428643,186.76541994234418,186.9681133176015,28489800
2023-07-19,189.96041870117188,190.79053086322645,189.12064465273647,189.86388820827597,23679000
2023-07-20,188.3001708984375,190.09552885165158,187.51832408031717,190.09552885165158,27278100
2023-07-21,187.70172119140625,189.78664110840114,187.34457019875165,189.56463867892845,28982400
2023-07-24,188.16502380371094,189.4391406360781,187.24804321408993,187.79822567646954,16929800
2023-07-25,188.14572143554688,189.3908968440341,187.66309850510626,187.81754137768317,18961100
2023-07-26,189.63221740722656,190.30788659656335,187.94303706964277,188.00094946751682,20377900
2023-07-27,187.18048095703125,191.02215546983038,186.466193697186,190.7615496844065,31159300
2023-07-28,189.60324096679688,190.10517294791705,188.70556936888286,189.207501350003,21612200
2023-07-31,191.8040008544922,191.8426042062531,190.07620261142674,190.08584976724643,24203900
2023-08-01,190.92562866210938,191.06076248955398,188.97582795599496,190.56847768862661,27444300
2023-08-02,188.32913208007812,189.27506895790222,187.34457711749488,188.7924459978004,28079700
2023-08-03,187.79827880859375,188.8407463637299,186.35040965898577,187.5473201249169,24279300
2023-08-04,187.42181396484375,189.48743981473737,186.97780905300326,188.0492327016411,24950400
2023-08-07,187.54727172851562,188.28085327276176,185.9835634350816,187.89476082389177,20185000
2023-08-08,186.36965942382812,186.5723527923473,183.8986325510481,185.4623260221238,25578200
2023-08-09,184.9121551513672,186.1766248623937,184.12064648213916,186.1669629776335,22293200
2023-08-10,184.09170532226562,187.37353559954627,183.29054943131823,185.55888326282496,29378800
2023-08-11,184.35231018066406,185.02797932991953,183.14575286824973,183.31949005156565,21789000
2023-08-14,184.03375244140625,184.0723557896603,182.08395196375872,183.33877434498694,20354900
2023-08-15,181.60137939453125,183.04924837494747,181.50484890444287,182.93342356962933,25491300
2023-08-16,179.38128662109375,182.48937946048997,179.3523304236477,181.45657405178687,27018400
2023-08-17,177.26739501953125,180.250015899074,177.24810070697808,179.863908720768,26715100
2023-08-18,178.2326202392578,178.811773575429,175.61681252829007,175.87743300241522,33375200
2023-08-21,177.97203063964844,178.8407459942359,176.7075609603896,178.28090164607502,22678100
2023-08-22,177.44114685058594,179.10137089533384,176.85234629136158,178.60908608427962,21299200
2023-08-23,179.33302307128906,179.64190881826642,177.05504223702192,177.60523945064415,21231100
2023-08-24,176.85232543945312,179.86388743136519,176.8330164007026,178.81177311091912,26582300
2023-08-25,177.605224609375,178.57047039529553,175.29828777016425,177.66313699997315,29340400
2023-08-28,179.188232421875,180.25965586515255,178.39673851276385,178.4160328245474,23002000
2023-08-29,181.688232421875,181.82336625932237,178.15544360618392,179.09171858304413,22986000
2023-08-30,182.37356567382812,183.0202786699465,180.8195191603699,181.2056116352668,19869900
2023-08-31,182.0550079345703,183.64765758699798,181.9777865044218,182.6244994123735,17953400
2023-09-01,184.21717834472656,185.19207136145548,183.25193248434755,183.46428775190958,25094600
2023-09-05,180.3369140625,183.30021165844278,180.27900165837838,183.05890015561255,27160100
2023-09-06,179.6612091064453,181.55308266481836,178.65734520616047,180.55888064895774,26406200
2023-09-07,177.92376708984375,178.93727816546243,177.2094798674544,178.7056138620836,23894800
2023-09-08,177.52804565429688,178.40642306448004,177.07437884809173,178.14580251595072,19399100
2023-09-11,177.95274353027344,179.26547860845568,177.7983006437851,178.82145899192278,17424700
2023-09-12,177.77896118164062,178.8986498243681,177.35426540919255,177.64382736120675,16826300
2023-09-13,176.61102294921875,178.45464593851412,176.05117862494927,178.08784782608333,24415700
2023-09-14,179.10137939453125,179.60331138567665,177.83690962417955,178.11682445418393,27952500
2023-09-15,177.22879028320312,178.63805569817993,176.43728162021333,178.36777331123304,39695500
2023-09-18,176.05117797851562,177.37355998966092,176.0318689388581,177.31564759917015,19287800
2023-09-19,175.3658447265625,176.9295528920285,174.77705894518874,176.14770617353633,24085900
2023-09-20,173.6090850830078,177.13222585236653,173.5704817371198,176.06080258009493,27642900
2023-09-21,170.91607666015625,172.5473296499977,170.91607666015625,172.29637105044094,31625600
2023-09-22,170.5299835205078,172.1708985291299,170.42380588726553,171.38905174274709,23164700
2023-09-25,171.29254150390625,171.67863396712437,169.4392564407059,169.5840521607752,22416200
2023-09-26,169.09014892578125,171.66975671308757,169.02225750093262,170.19569300639714,30476000
2023-09-27,170.67088317871094,171.58246018664605,169.1871270858964,170.14719585324264,37293000
2023-09-28,172.2128448486328,173.17292853280665,170.65150470639958,170.76787310535062,31372400
2023-09-29,171.39820861816406,173.7450646673029,170.8260295551802,173.56080486715612,36689000
2023-10-02,168.80894470214844,171.38853806338787,167.91673760550384,171.0006335151502,42139300
2023-10-03,165.9674835205078,168.2561557409344,165.2207517695662,167.72277591883324,42733600
2023-10-04,166.04507446289062,166.42328657148175,163.97944651725692,165.84141495936782,42491900
2023-10-05,166.17112731933594,166.7044922934479,164.80373957663832,165.6377475476162,33365100
2023-10-06,167.7712860107422,168.63438625438434,164.386761676796,165.22076981765557,42160900
2023-10-09,168.7410430908203,169.2744229106867,166.57844650948115,166.64632314240464,26658400
2023-10-10,170.65150451660156,171.68915726718254,169.01258051102067,169.0416726107261,31585000
2023-10-11,170.36056518554688,171.87341352926072,169.10956053135547,170.79696146967834,27427200
2023-10-12,166.51055908203125,170.56423101286092,165.62805924954608,170.56423101286092,38693800
2023-10-13,165.12379455566406,167.4803435736896,164.5613225947206,167.1409307887547,33955600
2023-10-16,167.79067993164062,168.1494923854105,165.85112755863972,166.54936759672887,31140300
2023-10-17,169.662353515625,171.08792579985385,166.70453296679608,166.74333230381,39823200
2023-10-18,166.17112731933594,168.41130756295112,165.83169979253034,168.39190789917737,38501400
2023-10-19,163.52365112304688,166.94695977899454,163.2715146489579,165.69595504538597,51397300
2023-10-20,161.40953063964844,163.9212470967814,161.39982340852825,163.56243468793625,54421900
2023-10-23,160.04214477539062,162.39870833684319,159.6736251309606,160.65310843902807,45590900
2023-10-24,161.43865966796875,162.5538964788861,160.4106991714477,161.41925999889898,32666300
2023-10-25,158.77174377441406,160.65311177009022,158.4614083205418,160.0227484285155,36832900
2023-10-26,159.17909240722656,160.75983262186193,158.2675002539427,159.18878484376316,50525600
2023-10-27,157.30738830566406,159.84819696234186,156.78370092295995,159.54756873778643,46017100
2023-10-30,158.18017578125,159.82879214501864,157.04553955211026,158.83961640771403,35156300
2023-10-31,159.54757690429688,160.00337288021393,157.90865283739635,158.46141755008975,31533200
2023-11-01,160.45916748046875,160.59493554887945,158.17049518611017,159.48939133536103,44367100
2023-11-02,164.73585510253906,164.86193072597595,162.27263041322806,162.67993458401452,50458100
2023-11-03,169.2162628173828,170.34119201872355,167.557938922582,167.57733859087048,57060700
2023-11-06,167.1021270751953,169.49747536435925,166.2099347873754,169.21624679006345,35294400
2023-11-07,166.51055908203125,167.29607538216945,165.41472211407978,166.3747910153112,31168900
2023-11-08,164.73585510253906,166.92755847560082,164.18309044133184,166.51054707371404,44938600
2023-11-09,162.18533325195312,165.86077754724312,161.9331820375215,165.86077754724312,38577400
2023-11-10,163.9988555908203,164.58072723631096,161.74896767904116,163.1357553551626,36121300
2023-11-13,164.05702209472656,164.6388936774355,162.4568974386905,163.15513741889762,27610300
2023-11-14,173.06626892089844,173.07596135585712,168.9544124639918,168.96410489895047,77611000
2023-11-15,173.3668670654297,176.26648795876363,172.726811326676,172.95956290375227,59641400
2023-11-16,170.56422424316406,173.23110850315274,169.8659842712856,172.7559128896883,46616700
2023-11-17,172.9013671875,173.24079472746686,171.7570385398098,172.0867588487095,43418700
2023-11-20,173.90994262695312,174.2202632714172,172.36800224287768,173.12442638591878,26665100
2023-11-21,171.66978454589844,173.11474159220467,171.56310857356084,172.85291267632985,30457000
2023-11-22,172.7462158203125,173.96812833950588,172.05766830071713,172.79469278565162,28940900
2023-11-24,173.90994262695312,174.2978471319353,172.4261864388642,172.66863045388013,13846900
2023-11-27,173.32809448242188,173.6966141702549,171.87343019585202,173.10505010181205,30665800
2023-11-28,172.658935546875,173.80327907418766,171.84432714970222,173.15353084328012,28350200
2023-11-29,173.57054138183594,176.25682561849973,173.29900522769057,174.12332092266726,31590200
2023-11-30,174.22999572753906,175.18037226066693,173.35718826855143,174.60820785381722,32216800
2023-12-01,179.32130432128906,179.5831332171044,172.82380733403633,173.78387621391082,64221300
2023-12-04,181.24147033691406,181.3384538743052,178.45821742558874,178.66186213745584,44862600
2023-12-05,178.81700134277344,180.4268331018655,178.4193896195746,180.4268331018655,36873500
2023-12-06,178.49696350097656,182.24029935449536,178.23511984452847,180.0873955072712,43637900
2023-12-07,179.78677368164062,179.95163382742567,177.84722166401784,178.75881347991776,32662300
2023-12-08,181.15419006347656,182.07547445806998,179.2728219411391,179.5540505172365,36087100
2023-12-11,181.53240966796875,181.94940633208589,180.27169764551348,181.03781433434733,29302100
2023-12-12,181.34814453125,181.9882003574926,179.7383125310435,181.31905242983987,32024000
2023-12-13,187.48683166503906,187.7874599148408,180.05834253479796,181.44513017442537,69484800
2023-12-14,192.70420837402344,193.99399751849052,190.54159709494212,190.91980916836212,83649300
2023-12-15,191.08470153808594,193.51884934190585,190.02764900052836,192.93697768580597,74160700
2023-12-18,191.15255737304688,192.76238916381482,190.73554597773818,191.97687293271704,44451100
2023-12-19,194.85711669921875,195.21594394074424,192.03507932018934,192.48116806706662,52156200
2023-12-20,191.0455322265625,196.77845496554613,190.9287371828991,194.53006126385355,62360300
2023-12-21,194.29649353027344,194.4911717761406,192.252505615453,193.2063666423692,38613400
2023-12-22,196.1068572998047,197.40139018059662,194.85126600217802,195.52286721908672,39173800
2023-12-26,198.65699768066406,199.10472192707215,196.31126481639734,196.81740143795048,26879000
2023-12-27,199.35781860351562,200.00994910177235,197.97567443196158,198.98794778139293,35806400
2023-12-28,198.59861755371094,199.69848726033652,197.85889071891157,198.35528459927977,28930100
2023-12-29,195.35739135742188,198.5888445363075,195.35739135742188,198.05350918761607,41496800
2024-01-02,194.19915771484375,196.24314550815734,193.1479576274836,194.08234780389435,44341500
2024-01-03,189.02099609375,192.3984579757841,188.61219859890372,192.13565428200374,57532500
2024-01-04,188.6511688232422,190.27663107996992,188.52463094186507,188.8847589404135,43114200
2024-01-05,188.09634399414062,190.2474135055555,187.16193906224802,187.55128063881267,40964900
2024-01-08,191.48353576660156,191.71714071466505,187.13274200250936,188.13527243700497,31545400
2024-01-09,189.77049255371094,190.54916092436298,188.16450110638047,189.16703162109093,28998700
2024-01-10,189.87754821777344,190.16955069568482,187.93088483418157,189.54661900700992,35075200
2024-01-11,188.3883514404297,189.5466185270319,186.19835513943445,189.31301357492177,48939200
2024-01-12,188.07688903808594,191.84369299271157,187.5026268726466,190.66595504575105,42992100
2024-01-16,185.75059509277344,188.10605573326268,185.04006719816226,186.60713163544634,42213000
2024-01-17,184.4268798828125,184.86487616206315,182.5288861048179,183.1128910450605,37787700
2024-01-18,185.5170440673828,186.07183546158112,183.19078169649063,185.6241111577529,41760000
2024-01-19,187.29823303222656,187.7070454619864,184.18357421121777,186.1886353631214,63338300
2024-01-22,191.29861450195312,191.57116105408898,188.91395469864065,188.97235222700414,42379500
2024-01-23,190.7438201904297,193.29394456875124,189.78021643169444,192.93381658148513,42471200
2024-01-24,189.17677307128906,193.16743947281185,188.9431680878893,193.08957114501192,41120100
2024-01-25,190.7438201904297,192.38875318934282,189.22542506892944,191.84368979720054,37659500
2024-01-26,190.75352478027344,192.6125917199274,190.1695347253568,191.63926010987132,33478600
2024-01-29,194.0920867919922,194.0920867919922,189.88728652562705,190.92875862144146,29234400
2024-01-30,192.43740844726562,193.62485940513523,191.8436755423996,193.09926684515565,33121200
2024-01-31,187.7362060546875,193.63459324646652,187.57074146288895,191.9507337164114,68126700
2024-02-01,190.22793579101562,190.51993824984697,186.42220556032055,189.12806629855777,59479000
2024-02-02,189.22543334960938,190.2863614165895,187.25929901174464,188.0866369586494,52839300
2024-02-05,186.82127380371094,187.96007001862242,184.9914056027274,187.33713837494787,39751900
2024-02-06,188.50515747070312,188.63169535028297,185.92583428447878,186.5876927428821,34689100
2024-02-07,188.06716918945312,188.97236062303213,186.9186299571081,188.89450714966432,31713900
2024-02-08,190.91900634765625,191.13314050905765,187.57075778691174,188.20341744895757,35370800
2024-02-09,194.02394104003906,194.22834723557403,191.21101296998717,191.66848006545092,46107100
2024-02-12,197.5474090576172,198.12167119817815,194.51060404373098,194.53980280668404,43291000
2024-02-13,189.42010498046875,192.3595712182618,187.9114376978872,190.9871697956116,86247400
2024-02-14,193.8195343017578,194.4619218969943,190.99686363353422,192.40819154171493,43808000
2024-02-15,198.98793029785156,199.30913153328441,195.36713527352478,195.62993898467215,44931900
2024-02-16,196.28207397460938,198.26766410564667,195.72726777731387,196.72979823908284,48346200
2024-02-20,193.57620239257812,194.39379741027912,192.7293937618014,193.83899124349912,30547500
2024-02-21,192.66128540039062,193.06035497494133,191.15261824548045,192.38875370359102,28669100
2024-02-22,194.1212615966797,194.75392121195802,192.53472629590286,193.35232129616276,38184700
2024-02-23,194.55926513671875,195.7759297130532,193.27447506707807,194.27700548982867,37667700
2024-02-26,195.78567504882812,196.26261295172526,193.8390115540275,194.3646190146674,29118200
2024-02-27,198.55966186523438,198.7737960220616,197.1385910837322,197.6641985057127,32268600
2024-02-28,196.92446899414062,198.42339321887272,196.4864578647297,197.0412640409902,30143900
2024-02-29,198.296875,200.545268985829,197.1191518892629,199.70820307944734,40404100
2024-03-01,200.39926147460938,200.82752979539345,197.72259932157192,199.07552977939633,35156900
2024-03-04,200.21432495117188,202.22912867120652,199.97099202953655,201.50885787649534,24785400
2024-03-05,198.296875,200.41874595649196,197.59607494573328,198.8516812312378,34163500
2024-03-06,199.77633666992188,200.58420378435517,198.63754033324753,200.53553422770477,34255200
2024-03-07,201.4407196044922,202.55031706269557,200.89564141903728,201.1876438768512,28020200
2024-03-08,201.314208984375,204.79873845495965,200.31167846330294,203.1732762037859,41447800
2024-03-11,199.7179412841797,201.32393270781847,199.2896729440457,200.46741087941416,24435800
2024-03-12,199.44540405273438,200.4284637321393,197.9659356965542,199.6789941576985,34958900
2024-03-13,200.2240753173828,201.0708691639836,199.30914112126254,199.40646538246597,25140700
2024-03-14,196.6422119140625,199.8055400959275,194.8318142682129,199.58167795234817,47509100
2024-03-15,197.01206970214844,197.66420014813625,195.76620633490862,195.8830013843802,53217000
2024-03-18,195.8830108642578,197.76153397619817,195.5520816401642,197.49874510216924,32405100
2024-03-19,196.71035766601562,197.34301737901276,194.33542575874426,194.4522208191464,29864100
2024-03-20,200.60366821289062,201.46993282707527,195.7467377098007,196.14580726906385,49609600
2024-03-21,202.90855407714844,203.89411011543737,201.83516441994053,201.99129653182126,43067300
2024-03-22,200.1079559326172,203.201250082136,200.1079559326172,202.82068745527596,28437300
2024-03-25,200.56658935546875,202.0010212948255,200.53731644973297,200.7422416794592,20107800
2024-03-26,200.20555114746094,202.61578636771264,200.02991370934186,202.04006602333212,23434800
2024-03-27,204.56736755371094,204.63568091979855,201.17157683078852,201.7960902383326,35028400
2024-03-28,205.21144104003906,206.75321207138248,204.762564961718,204.99676311861296,37675100
2024-04-01,203.2793426513672,205.69933057162362,202.92805288152545,205.67005766493483,25684200
2024-04-02,199.5419921875,200.89835797506476,198.47835543427874,200.77149880046625,36632100
2024-04-03,200.84954833984375,201.4057483489795,198.36124752531444,198.458833788462,27362800
2024-04-04,198.83941650390625,203.50375447434632,198.2929691099831,203.01585288840425,32265200
2024-04-05,199.50296020507812,200.72271419861562,197.9709569317741,198.22466040218285,27569400
2024-04-08,200.59588623046875,201.4253100798185,199.6298356287335,200.99595425682506,21331000
2024-04-09,201.3863067626953,201.96202718463627,199.52251872938345,201.23017464806043,23289100
2024-04-10,196.06813049316406,198.01973689977493,194.71176463615254,196.31208129399042,57130500
2024-04-11,197.39523315429688,198.00024129501526,195.25823654119117,197.08298385646,37184000
2024-04-12,193.8823699951172,197.0244579733042,192.89679908228106,196.36090395271953,35388700
2024-04-15,191.04273986816406,195.3850609157575,190.26209436880947,194.54586960962683,41119300
2024-04-16,190.34017944335938,191.4916350202171,188.68131689731436,189.70591328708733,43267500
2024-04-17,188.33001708984375,191.86241989961098,188.32026441811723,191.71605537583753,38589500
2024-04-18,188.1738739013672,190.9256459025379,187.5005673525882,189.0130651971596,40238200
2024-04-19,188.4666290283203,189.68638302557557,186.7101802943577,187.2956681688703,42666500
2024-04-22,190.5743865966797,191.55018989221867,188.23244975364014,189.5107645780406,31553000
2024-04-23,193.76524353027344,194.4970959112346,190.40847822726627,190.53532251505533,31838300
2024-04-24,192.89678955078125,194.09703833247778,191.7063232210085,193.3749385289058,28791700
2024-04-25,191.72581481933594,192.06735190630397,189.08139639926029,190.7109860096542,31915600
2024-04-26,193.560302734375,194.07747718413248,191.66724234564447,192.23320992812074,24613600
2024-04-29,195.12161254882812,195.56072100669448,194.06774331620392,194.42878573207122,20494600
2024-04-30,191.1598358154297,193.84329454371434,191.01347129517134,193.31636738120952,30606800
2024-05-01,191.5599365234375,195.47291714446885,190.310909535706,191.14034826658568,38782100
2024-05-02,195.08258056640625,195.2777382351029,191.7843608740026,193.97016547630201,27201000
2024-05-03,197.0146484375,199.21997306801094,196.25352317781505,198.48812071142353,30880600
2024-05-06,199.56150817871094,199.82497921325344,198.45886068150574,198.54667939649482,23129800
2024-05-07,200.0103759765625,201.16181656458528,199.5517472977196,199.81521832142343,20116900
2024-05-08,198.8491668701172,199.02481918159887,197.65868582305384,197.81481790224322,18349400
2024-05-09,200.87884521484375,201.00570439416094,198.4881303781411,199.03457778200743,22914300
2024-05-10,199.36636352539062,201.6204666946557,198.75160270119972,201.3570105324964,21520200
2024-05-13,199.7859649658203,201.55216648544226,199.6493531048986,201.09353776172452,18585300
2024-05-14,201.8546600341797,202.71337165520077,200.9276499285279,202.11813107964315,33169000
2024-05-15,204.37222290039062,204.6942397404769,202.69384021910304,204.14779233532747,33412300
2024-05-16,202.89877319335938,204.28442698335712,202.89877319335938,203.8453035863249,26731100
2024-05-17,203.0451202392578,203.47447600547622,202.3327881123451,202.97680687209836,35219800
2024-05-20,203.4939727783203,204.41123007850936,202.75236777944824,202.9865658846796,15695900
2024-05-21,203.29881286621094,203.64034990466445,202.56696054630223,202.8011586489195,13466800
2024-05-22,201.5814208984375,203.18173750366373,200.82029561604787,202.50843093318645,20853100
2024-05-23,198.27345275878906,202.59625374786125,197.45378165185878,202.4889148012698,34039800
2024-05-24,200.46902465820312,200.70320791190696,199.02483999858367,199.83474360374424,19946100
2024-05-28,200.19578552246094,202.0790785273537,199.03457734699543,201.96198690951684,18475900
2024-05-29,197.23910522460938,198.09780191414814,196.89756814939582,197.6294205480747,25654800
2024-05-30,199.11265563964844,199.9811199343812,198.16612529836289,198.5954811096152,20428200
2024-05-31,200.79100036621094,201.2886545679053,198.16608774540774,199.99083470786022,25784900
2024-06-03,199.65908813476562,202.53770452169397,198.23440894854892,202.50843161762427,23902900
2024-06-04,197.0829620361328,199.551742797424,196.77069788329274,198.2344025981883,27098900
2024-06-05,200.0982208251953,200.0982208251953,196.90733988888175,198.3808123902354,20707600
2024-06-06,198.6637725830078,199.8542536941647,198.0782995888887,199.239492905243,17335500
2024-06-07,196.3315887451172,198.25392212164283,195.82416694335262,196.65360556799234,26036000
2024-06-10,197.00489807128906,197.2390961883839,194.19458022444883,194.69224936207857,25075300
2024-06-11,196.3316650390625,196.70351009285292,194.15933381211235,195.35313799741425,23768400
2024-06-12,199.34555053710938,202.81932487699075,198.73886848711192,201.4493779196833,43668700
2024-06-13,197.60379028320312,199.1694248851346,196.2044885867097,198.90523328470186,28021100
2024-06-14,194.46270751953125,195.74457577075074,193.68967759628674,195.2748868924647,33453700
2024-06-17,196.09683227539062,196.63502518694938,193.17104569179347,193.8657915976009,25538100
2024-06-18,196.43931579589844,197.35913366108556,195.73477508771845,196.1555495059192,25446900
2024-06-20,195.6075897216797,197.52550968588142,194.94219836400487,196.0185843027621,27999700
2024-06-21,196.04791259765625,196.106621835315,194.19849695571224,195.63691807176755,37511300
2024-06-24,196.89923095703125,198.33766703747276,196.22404484607227,196.3806127708736,22289600
2024-06-25,196.25341796875,196.84054027654048,195.52931737776768,196.81118565426502,15925400
2024-06-26,195.73477172851562,196.27296461179702,194.54096748965088,195.04980575485678,19313500
2024-06-27,197.72119140625,197.8092552653262,195.66629337210966,196.32190476379773,17432600
2024-06-28,198.53335571289062,200.24577807743663,196.9970759843183,199.50210288290063,35026000
2024-07-01,196.86988830566406,199.4434196006569,196.17512742908414,199.149858456593,21886200
2024-07-02,197.54505920410156,197.92668418257523,196.58609187879742,197.19278884465368,17219100
2024-07-03,197.4961395263672,198.9150009295522,197.30043707957262,197.90711914397764,15167200
2024-07-05,196.55673217773438,197.30042232352875,195.5879999126537,196.88944273665535,17282500
2024-07-08,197.93649291992188,199.32599983711546,197.5059385366228,198.16155000895873,20823800
2024-07-09,197.0753631591797,198.17132372659202,196.22404931179912,197.58420146079473,17864200
2024-07-10,199.00306701660156,199.2183441898251,197.1634460787908,197.946255874724,19286100
2024-07-11,206.15609741210938,206.69429034289058,202.49641534507663,203.43579306867682,65443600
2024-07-12,208.5632781982422,210.3246300717361,208.09358934235698,208.34800102864074,50810700
2024-07-15,212.52630615234375,213.55376260766093,209.6983633918099,210.1778321214561,48925300
2024-07-16,219.77719116210938,220.03160283119743,214.3170081889023,214.4344266621524,67945700
2024-07-17,217.47764587402344,221.77337920427829,216.90031847407406,217.58528445122911,66092100
2024-07-18,213.26998901367188,219.95333122917236,212.32081648520548,216.65569951693433,53180000
2024-07-19,212.18380737304688,213.95493898992763,211.21507512466363,212.95685212378353,37933500
2024-07-22,215.5597381591797,215.9120085285547,210.75518122585774,213.0057817139956,36185900
2024-07-23,217.84950256347656,218.94544818536724,214.33657877341756,214.50294152708386,44884600
2024-07-24,213.17214965820312,219.0530925664509,213.0449363483167,216.32300833567848,42443000
2024-07-25,215.83372497558594,219.20964041180832,213.51460564525058,213.75923741499332,45053100
2024-07-26,219.40536499023438,220.55023999646843,216.93947232157805,219.09222912640635,40822600
2024-07-29,216.96881103515625,220.57957844531995,216.02943337482313,219.88483256148965,33869700
2024-07-30,217.79078674316406,219.6402023897926,216.3621305882481,217.93755983768267,26876800
2024-07-31,219.05311584472656,223.72069511581725,217.2134797942461,218.9063427262909,52387700
2024-08-01,211.92942810058594,220.06098694822057,210.44206253843964,218.96504123460778,71508100
2024-08-02,204.43386840820312,206.6551289806212,202.54531837868225,204.36537927925866,66850200
2024-08-05,197.85818481445312,200.34365211265535,192.47628554193213,193.65051512425433,65683100
2024-08-06,200.01092529296875,202.79973338923244,196.87964168404295,198.6507732754445,37072500
2024-08-07,197.64291381835938,203.49451705137471,197.2319341982751,203.38687846531886,30594500
2024-08-08,202.4474639892578,202.5551025637111,198.80734211101313,200.0305009429196,26550300
2024-08-09,202.02671813964844,202.67253469877417,200.53935271904612,202.60404556376136,20954500
2024-08-12,200.2066650390625,202.5355495514717,199.44341504063112,202.17349927638338,20357900
2024-08-13,203.50430297851562,203.9055027139893,200.46108278926965,201.66466706455057,25458300
2024-08-14,202.24200439453125,204.2675629642864,201.32220132382045,204.1501444725235,25345600
2024-08-15,207.4868927001953,208.52414403326978,205.4026399999233,206.7236427089172,42561600
2024-08-16,208.03488159179688,209.3852389285311,206.74321856493674,206.8312824264573,30427400
2024-08-19,210.5790557861328,210.58885061431053,208.2501711443352,208.3871643585586,17246200
2024-08-20,208.12294006347656,210.334406027513,207.496683290316,210.27569678801973,21703900
2024-08-21,210.83346557617188,211.02916801926406,208.25015450639302,209.67879577899126,19623100
2024-08-22,208.97425842285156,211.72391736034075,208.55349890994705,210.9411075752961,18084300
2024-08-23,215.64784240722656,216.33280850322217,210.17786367437208,210.55948870865114,40003100
2024-08-26,215.71630859375,217.67336290611087,215.35425832392787,217.16452460417798,24865500
2024-08-27,214.0430145263672,214.659476421128,213.03513284883806,214.20936233486697,19577900
2024-08-28,212.59478759765625,214.41484856003817,211.62605534633474,213.19168971250028,19685000
2024-08-29,214.1115264892578,216.23492864462486,212.48716781260813,214.08217186881205,24599500
2024-08-30,215.35426330566406,215.7652429290302,212.73180270224321,214.9922130274667,23010500
2024-09-03,208.76876831054688,214.65949085881584,208.33821398611227,213.44612677847,31338500
2024-09-04,208.41650390625,210.74538837960165,207.1541955161484,208.19143191040897,23706300
2024-09-05,207.3792724609375,209.43418565379002,206.39096531586245,208.95470192715354,23910500
2024-09-06,203.435791015625,208.61220806425385,202.69211574768497,207.37925428415434,34561300
2024-09-09,204.0033416748047,205.7451188553271,203.063963946348,203.68042591466653,23584100
2024-09-10,203.8369903564453,204.37518328079423,201.37109773197184,204.238190075609,23025700
2024-09-11,204.43386840820312,204.75678412472416,199.82501438862496,203.01500717946843,27175600
2024-09-12,207.06613159179688,208.21100656988966,203.93484768618333,205.402638416734,27611700
2024-09-13,212.174072265625,212.58505193216885,209.34612901898586,209.43419289085784,37388100
2024-09-16,212.9373016357422,213.60269295556574,211.49886547720251,212.9568763601899,23289000
2024-09-17,214.69862365722656,217.03730270984326,213.77880584110204,214.86497146401578,35563500
2024-09-18,214.73779296875,220.10991271986765,213.56356330450654,214.52251578833898,54085200
2024-09-19,219.16075134277344,219.8554973350661,216.74378781910298,219.83593754031213,35369500
2024-09-20,216.812255859375,218.66167147383993,216.53825453580748,218.65187664694983,34587500
2024-09-23,216.0196533203125,218.31919814914852,215.2955527682754,217.90821852825565,20157700
2024-09-24,216.38172912597656,217.16453895774944,214.78672497801543,216.87099273640484,20939800
2024-09-25,213.74244689941406,216.6094942905324,213.59515798607,216.32475969607572,23242300
2024-09-26,214.8814239501953,217.1200776885383,214.41994563744055,216.49168391956638,24974700
2024-09-27,216.3345947265625,218.56343533033535,215.54909872264224,216.85498264546553,23959600
2024-09-30,216.8844451904297,217.57174860015397,214.6163364472942,215.44110053896335,21938200
2024-10-01,213.93881225585938,216.3443812980626,212.37764869180253,216.17746585241704,30016000
2024-10-02,213.64427185058594,214.7832402862052,212.28930662540148,213.0551610950548,14455400
2024-10-03,212.2107696533203,213.29081360139497,211.1798070349061,212.30894729473206,21353000
2024-10-04,215.1759796142578,215.990930387942,213.34970781611867,215.31344028800638,27901500
2024-10-07,213.48715209960938,214.69485826420453,211.95544328626673,214.6752167460085,14891800
2024-10-08,213.63446044921875,214.41012819451333,212.77041335504552,213.68355675813132,18118600
2024-10-09,214.10574340820312,215.62763903049589,212.986416527811,213.58535551534212,18230700
2024-10-10,212.91769409179688,212.94714887959344,210.70849511451922,211.9849092046081,24571400
2024-10-11,217.24771118164062,217.59137034631635,212.78023193339212,212.83914150857328,19950900
2024-10-14,218.84815979003906,219.0641715556377,216.43276231202202,217.4342700450622,19263300
2024-10-15,219.02490234375,221.4108300392445,217.95465678998835,218.53396923945013,25998800
2024-10-16,222.62835693359375,223.05055222592625,220.3209652738305,220.81189839445335,27656700
2024-10-17,222.01959228515625,222.84437132388288,220.83154250925853,222.7952750148257,18003600
2024-10-18,221.55810546875,222.91308564000508,221.30282564634825,222.5497999346469,20047400
2024-10-21,218.07247924804688,221.59737515250865,217.51280834770483,221.53846558028079,24243800
2024-10-22,217.24771118164062,217.80738211004007,216.3051280145638,217.45390967686393,15813900
2024-10-23,215.2643585205078,216.79606744830528,213.42825847523648,216.04002625319353,23263500
2024-10-24,215.7356414794922,217.03169706569835,214.56721831076544,216.4327580876993,18381900
2024-10-25,214.92068481445312,217.94483440833972,214.5573991267302,217.29679914205929,23807800
2024-10-28,218.42596435546875,218.92671073059097,216.48185846645197,216.78623459537465,19877700
2024-10-29,217.7190399169922,217.8761271394412,215.98113236173577,216.73717361175434,20282200
2024-10-30,217.42445373535156,220.40932039137257,216.8942375973567,217.06116803560306,19754800
2024-10-31,213.8112030029297,217.74849650802693,213.6835705700152,217.20846703926273,24078400
2024-11-01,215.00904846191406,216.9629675224092,214.38065471605003,215.51962306233128,21222200
2024-11-04,216.0989532470703,217.71904165288436,213.88975404267103,214.53778940499663,20463700
2024-11-05,220.16384887695312,220.2227584504933,215.08760253502803,215.3625238662747,26404600
2024-11-06,232.91830444335938,233.27177687962183,228.52936126897137,232.29972393437774,75554600
2024-11-07,232.09353637695312,234.16527465133385,231.13129671705497,232.59428274373255,34970300
2024-11-08,233.80197143554688,234.14563059351116,231.37676075735754,231.65168209089333,26597800
2024-11-11,237.31704711914062,237.99453716451532,235.50060371818367,236.15845224543617,29207700
2024-11-12,233.15396118164062,237.40542876625807,232.27027258685087,235.60862675257385,35314300
2024-11-13,230.8465576171875,235.53006347937244,230.5716362860238,234.61692014350885,25947700
2024-11-14,227.7340545654297,232.14262432601558,227.01729641634796,231.67133273312112,29272100
2024-11-15,224.3367919921875,228.07769993063232,223.67894341606504,228.0089770852322,37930000
2024-11-18,224.77859497070312,226.41832451195188,223.9931140907387,225.06334452446455,29368500
2024-11-19,226.44781494140625,226.63437192349468,222.29450997348215,222.48106695557058,26009400
2024-11-20,226.7423553466797,226.7423553466797,223.90476261579803,226.05505200015097,24222700
2024-11-21,230.188720703125,231.29823433413557,226.91910436868088,227.9500669036643,28679400
2024-11-22,234.44021606445312,234.90169441500197,231.06259366132556,231.3669698112428,22693100
2024-11-25,238.00439453125,240.53761148319398,237.0127149226192,237.1109075493353,33534000
2024-11-26,236.25665283203125,237.22870581535193,235.08822959467037,236.8064955361799,22581400
2024-11-27,236.5806427001953,239.27096130897314,236.07989636390573,237.62141840822164,19472800
2024-11-29,237.4839630126953,239.06476812750049,237.1599453824707,237.97489609204987,16782700
2024-12-02,237.3661346435547,238.25963640895856,235.65768220024174,237.84725443617708,25274800
2024-12-03,235.67735290527344,237.7490912754986,235.0293175897513,237.15996553737122,21376700
2024-12-04,236.5217742919922,237.28762881352617,234.8722460862546,235.92283524493703,19903000
2024-12-05,233.7626953125,236.49228201703576,233.42886441645484,236.1584511209906,20227000
2024-12-06,234.59727478027344,235.53987288745046,234.05726037710903,235.4416802784631,20760900
2024-12-09,233.41905212402344,237.00287281379616,233.34050102862707,236.1879220539096,16684300
2024-12-10,232.40771484375,234.4892812707808,231.64186044487164,233.27176185052082,19946500
2024-12-11,233.45834350585938,234.95076942545649,232.53538682958032,234.38130018213843,23156900
2024-12-12,230.4243621826172,233.34050611614617,230.10035950741604,232.85940124672703,21454500
2024-12-13,228.84356689453125,230.6011008347352,227.67514369657863,230.1199809937872,23972900
2024-12-16,230.188720703125,231.35714391063354,228.13662388396762,228.6864665740682,32293500
2024-12-17,227.55345153808594,229.88737871145432,227.04136098863177,229.12909280526267,33064300
2024-12-18,217.4791259765625,229.53285601072173,215.5883474464816,228.70564322129357,52267500
2024-12-19,216.51405334472656,221.0144968228152,215.99212037076694,219.85246190768174,51871700
2024-12-20,218.54269409179688,221.24100063128472,214.75129458576967,215.2732275438113,53882200
2024-12-23,218.04043579101562,219.01535968136247,216.0413309124095,218.36541542998805,29606800
2024-12-24,219.99032592773438,220.22667888359572,217.12460832252626,218.6411801594684,13399600
2024-12-26,222.24546813964844,222.6984742136856,218.0995466926288,219.03508605520153,20024800
2024-12-27,219.0055389404297,222.00912527054086,216.84886523083233,220.87661762393662,26956000
2024-12-30,217.32154846191406,218.434356233587,214.534630370455,217.3117060576464,25706100
2024-12-31,217.59732055664062,219.88200575672704,216.79963494239607,218.73965564339747,26208300
2025-01-02,217.77456665039062,220.95540648845187,216.25800984719936,219.53731881314084,29363000
2025-01-03,221.01449584960938,221.3985750445096,218.0109244179413,218.6904260295762,24525300
2025-01-06,221.10313415527344,223.7127989729082,220.72891239781174,222.3242535296056,23541900
2025-01-07,219.33050537109375,223.0726775387736,218.01090195705763,222.146980657516,28835200
2025-01-08,218.33590698242188,218.9267668502563,215.67698498416232,217.53822136700035,26795900
2025-01-10,213.53016662597656,215.3815605866582,212.0332945933707,214.98763898514474,37379400
2025-01-13,213.94375610351562,214.20965128516943,210.7136743596366,211.23560729207873,28603800
2025-01-14,216.3761749267578,216.8784080416756,213.91422137536702,215.84438454477709,25447500
2025-01-15,220.63040161132812,222.1469732678763,219.6062356442299,222.00910448333286,30124700
2025-01-16,221.07359313964844,221.80232179570666,219.32068336061897,220.73875602642374,21029800
2025-01-17,222.02882385253906,223.51583837570487,221.25083812185883,223.47643870432842,26754900
2025-01-21,226.2929229736328,226.3914071293444,223.53554693257774,224.05747989938976,26086300
2025-01-22,224.8157196044922,226.35199107694598,224.3627286148447,225.85960041985152,21307300
2025-01-23,225.83993530273438,225.85963513948616,223.10224403057103,223.47645076941885,20850700
2025-01-24,225.20965576171875,226.7262124722999,224.56953885001158,225.33768214937444,19074500
2025-01-27,223.05299377441406,226.12550702584994,221.78263234209257,223.25980448629397,27461700
2025-01-28,223.2991943359375,224.09686490814505,221.75308024288537,223.2893519309794,16847400
2025-01-29,222.78709411621094,224.74681453114331,221.162210800782,223.23024274527594,20280500
2025-01-30,225.05209350585938,226.5489654503849,223.4665948411731,225.04225110136542,25575100
2025-01-31,223.03329467773438,226.8148667996206,222.1075977267146,225.26875273747652,35330700
2025-02-03,220.4236297607422,222.1174550261615,217.31171682877908,218.13892962540558,34023300
2025-02-04,223.4764404296875,223.6734087349467,219.8130673717035,220.1971315244438,17985500
2025-02-05,225.9088592529297,226.00734340883486,223.43706321606362,224.58925571260625,15197300
2025-02-06,225.1702880859375,227.1890932032048,223.84084205254695,227.00198231052818,18809400
2025-02-07,222.56060791015625,225.7611476256784,222.14700150395439,225.3672410559354,28914400
2025-02-10,223.56509399414062,224.05748473016982,222.4227438801754,223.9097584934174,14574700
2025-02-11,222.26516723632812,222.97421107280917,221.388712358813,221.62506531316407,18215700
2025-02-12,220.21681213378906,221.0637247399068,218.4146603663558,218.87750882705802,25572800
2025-02-13,222.69847106933594,222.89542434921688,220.3448440623142,221.6152054901326,21419400
2025-02-14,222.53106689453125,224.5104722122375,222.17654496918075,223.81128579310646,13574500
2025-02-18,223.75221252441406,224.20520360216034,222.07807194344582,222.70833150603826,15166500
2025-02-19,222.9840545654297,223.6930984053698,221.65460863547125,221.97958831432481,16194800
2025-02-20,220.84707641601562,222.74771237539343,219.61609963780293,222.57044390551337,18507700
2025-02-21,214.4853973388672,222.91512393137972,214.15057526079357,222.56060201736884,45036900
2025-02-24,212.93930053710938,215.46033878469157,211.87573470892815,215.46033878469157,30246200
2025-02-25,212.13177490234375,213.96346899307983,210.24099632909562,213.07715667568166,33665100
2025-02-26,212.39764404296875,215.08610807022401,211.57043127761554,212.77186578154016,25464200
2025-02-27,209.15773010253906,213.19534002994735,208.99031906039787,212.35826979266903,29378500
2025-02-28,211.38331604003906,211.39317347079034,207.7494853902091,208.41912951216,32015400
2025-03-03,205.60267639160156,212.67341523867438,204.26337297644022,212.1219249870185,36330000
2025-03-04,203.27857971191406,206.57760349250503,200.09773992025634,202.79603140465215,56427100
2025-03-05,205.2974090576172,205.6617734192893,201.70296244354032,203.3081461373253,35778500
2025-03-06,202.1559295654297,204.95270520388803,200.79692639147834,202.64832027754863,39206300
2025-03-07,202.81573486328125,203.95808494175168,198.65995597819614,201.8506532580911,43514000
2025-03-10,197.7145538330078,201.62413695481024,195.7252913188307,200.34391820753646,39442800
2025-03-11,197.69488525390625,200.1272967503143,195.5086691314134,198.05924959879735,51509700
2025-03-12,198.03955078125,200.64921554954782,196.51313656562002,199.95987155665517,36881700
2025-03-13,195.085205078125,198.95538884131827,194.00193950679838,198.20696037258384,31336900
2025-03-14,199.8022918701172,199.97956033081093,196.30631499584592,197.19262724617212,34089400
2025-03-17,202.32333374023438,202.88466634576048,199.51671579231837,199.62504234637228,26947600
2025-03-18,200.56649780273438,201.26725315389874,199.71768472843877,201.1981715980038,22888000
2025-03-19,203.68539428710938,204.97835050918906,200.2605331951938,200.70469133829556,31595600
2025-03-20,202.3924560546875,204.60332223402568,201.54364283997046,201.66209205012905,25665900
2025-03-21,201.1389617919922,201.76077116550186,199.135370544342,200.0828888725333,39470200
2025-03-24,206.1429901123047,206.5081720502588,204.00122093784628,204.2677127883947,25774700
2025-03-25,204.99807739257812,206.54766086723419,204.39601213418754,205.9752041411996,17836900
2025-03-26,202.91554260253906,206.1035354211475,202.01737688360137,205.25472228044782,19344600
2025-03-27,201.9482879638672,203.66565822604403,201.10933934526707,202.6589228957823,23960000
2025-03-28,197.84239196777344,201.9186706272597,196.78631916740414,201.8791825437127,26656200
2025-03-31,196.89491271972656,198.02994676474927,192.94694726184855,194.91105043855532,32250800
2025-04-01,196.9146270751953,198.6122533007929,194.1017109315992,196.40140244720862,26054100
2025-04-02,200.02365112304688,200.68493345590244,193.98325440838602,194.22013773101884,36603000
2025-04-03,187.18289184570312,192.52251833112348,186.73874877792275,190.59788833054728,60551500
2025-04-04,178.83294677734375,181.6557423512859,174.37174211594544,180.23447254338618,92612800
2025-04-07,177.2142791748047,187.77508237238942,169.49600049171474,172.05231923501026,96706200
2025-04-08,172.5458221435547,183.5014162737921,170.0980729350363,183.2744124971355,61090600
2025-04-09,187.21250915527344,189.61090593018125,169.5058972596687,170.4731445508874,123015100
2025-04-10,179.34620666503906,183.06715324909598,174.67772668849207,182.11964997719184,67503000
2025-04-11,181.96173095703125,182.4453621537084,176.25692199994484,178.78361751668015,44954400
2025-04-14,184.1034698486328,185.52473960571393,180.66874464254724,185.36681739708476,35214600
2025-04-15,184.3304901123047,186.59070862731093,183.42245992183527,183.91595557276162,30715500
2025-04-16,182.5637969970703,184.3008964063879,180.18514415375572,183.2842964885103,35063300
2025-04-17,184.05413818359375,184.99177693086844,182.0604265492643,182.58353074701625,42359200
2025-04-21,180.36280822753906,182.87962417073982,178.41843402541073,182.5934033002036,26019000
2025-04-22,185.03125,185.65305930396255,182.14923737035483,182.74142308148424,34477100
2025-04-23,187.77508544921875,192.96665400629385,187.3704154219542,190.41035028140251,44866100
2025-04-24,191.53553771972656,191.84150262658034,187.4197856243569,188.27846327395199,29820100
2025-04-25,191.59475708007812,191.73293526741458,189.05819712819644,190.21297520671374,25029000
2025-04-28,192.40406799316406,193.59831891795295,190.02541557364518,191.96978945313515,22482300
2025-04-29,193.5391082763672,194.29909574663205,190.4991734555988,191.9401872898408,20118200
2025-04-30,192.32513427734375,192.93706409254898,188.23899070745628,190.62750795745885,29046100
2025-05-01,193.51937866210938,195.09855560182638,191.21968727748225,193.1640612151221,33169700
2025-05-02,197.87200927734375,198.59252376127057,195.60192630201362,195.74998403144562,30201800
2025-05-05,196.35206604003906,197.89177017137644,195.50325285734112,195.98688405153533,20834200
2025-05-06,194.21026611328125,196.00658229804756,193.09496121804708,194.03259986275359,24642100
2025-05-07,194.851806640625,195.97697603938124,193.48975392518133,195.52296850776065,23623300
2025-05-08,198.5629119873047,200.10263113947832,195.68089906091103,197.17126563366946,32646300
2025-05-09,198.19772338867188,199.648601825324,197.35878980780342,198.91822283113356,17203000
2025-05-12,205.16587829589844,207.00168273048533,203.142558163509,206.12326106911425,38207200
2025-05-13,205.916015625,206.8832629567427,205.2547332102162,206.21210098960975,28295800
2025-05-14,204.09005737304688,205.82715661860678,203.8433095509922,205.3336609744974,26316100
2025-05-15,205.42250061035156,205.48171767770225,202.71813907243308,203.89266110919436,21563700
2025-05-16,207.12013244628906,207.3964888082906,205.0770532054646,205.70872704150986,28906400
2025-05-19,206.25155639648438,206.3699905235616,203.5768035644274,204.10978725685655,25859600
2025-05-20,206.36013793945312,207.0312847786684,205.25471252884364,205.94560341047458,22053100
2025-05-21,200.56649780273438,204.9092532626753,200.20130080057694,203.9420060581077,36704400
2025-05-22,200.55662536621094,201.71140335820118,198.9083517335261,199.6584596856768,31831300
2025-05-23,199.92494201660156,200.6158328685756,197.0527939102262,197.18110758998247,29114600
2025-05-27,204.99807739257812,205.04742996660184,201.5041350319497,202.96487784924662,31655900
2025-05-28,202.83657836914062,205.32380068320958,202.530613473181,205.00797129587107,26046700
2025-05-29,203.43862915039062,204.36640332372585,201.8100996318621,204.25783368513785,32749500
2025-05-30,202.40231323242188,203.5669557381289,200.89220268711395,202.47139479210838,37768900
2025-06-02,203.03396606445312,203.16226467925708,200.03350438733185,202.6490400994602,30334300
2025-06-03,206.31077575683594,206.88323247790026,202.87605049074094,203.7742161251845,37702200
2025-06-04,205.7284698486328,207.27803836481118,205.43236944532657,206.45883377512382,27225300
2025-06-05,205.81729125976562,207.1003829410992,204.3071957999804,205.98507797082044,35728700
2025-06-06,209.1434326171875,209.37045144024526,207.8603560847986,208.74864215495873,32144500
2025-06-09,210.58447265625,211.4925028807431,209.78501208144047,211.08783281735052,33984400
2025-06-10,211.71951293945312,212.62754319082717,211.02862199387428,211.67017541928493,30182200
2025-06-11,210.85096740722656,213.12103546924013,210.52525845373847,212.77559753211725,31113400
2025-06-12,210.0120086669922,210.49563982813333,208.8769746903919,209.40994336854794,25367000
2025-06-13,206.172607421875,208.68943819238004,205.5113250729691,207.11024612374777,60580000
2025-06-16,208.60336303710938,209.77122580475884,207.4849742055642,208.31633567764698,28974000
2025-06-17,206.40618896484375,208.2866516524059,206.22803144283753,206.910940923648,32843200
2025-06-18,207.49485778808594,209.2169765711317,205.64408563353572,206.29730466523586,42850500
2025-06-20,207.0594024658203,209.07842534859597,206.3171121983105,208.93986510273817,36978100
2025-06-23,209.59307861328125,209.60297037988985,204.68405912927327,206.33689026893484,35516400
2025-06-24,212.2653350830078,212.72059800925268,210.17702443801122,211.09745715972463,31772500
2025-06-25,209.791015625,212.52263824789017,209.71183618785244,212.45336567909447,27725600
2025-06-26,213.19566345214844,213.33422369657336,210.51351466843192,210.64218314608866,26261200
2025-06-27,213.2649383544922,215.17510649701558,211.9288249333476,213.8290862070605,47717300
2025-06-30,213.57174682617188,214.48230283422654,213.17586472853125,214.45259733006623,25558000
2025-07-01,215.76893615722656,218.2630357612863,211.9486148589033,212.41378464899992,43864800
2025-07-02,218.7578887939453,218.82717646770357,215.12561690438258,216.1252290259459,35735200
2025-07-03,220.78683471679688,221.03426482360223,219.49030337344638,219.72782661074098,23515700
2025-07-07,217.47125244140625,220.52949985893977,216.1648294073947,219.29234939774906,41551200
2025-07-08,218.9756317138672,220.00493425311743,218.06509078631734,218.3125208786494,36339300
2025-07-09,221.35096740722656,221.39056468138125,218.8469759356432,220.28208263601366,32425200
2025-07-10,222.48915100097656,223.72630151243447,220.56909099088432,221.09364159958767,33865900
2025-07-11,219.42100524902344,221.24208712395347,219.29235186892518,220.87589541593343,31579600
2025-07-14,220.8957061767578,221.04415820114818,218.78759681880246,219.0944077371661,24632200
2025-07-15,216.5706329345703,221.92500901289563,216.54092742772622,221.76666522069414,44215400
2025-07-16,218.7480010986328,219.0943941680691,214.68024976097442,217.95622177973868,48199800
2025-07-17,221.61819458007812,221.8953150894557,218.44120048973718,218.8073922124286,43548000
2025-07-18,220.04454040527344,223.04339203720733,219.6981322212549,222.97410435962962,49009900
2025-07-21,219.15377807617188,222.10315570325128,218.97563565541472,221.24208869712123,28191400
2025-07-22,220.97486877441406,221.50931112340353,218.3916980334409,219.34182112096312,30873300
2025-07-23,224.3498077392578,224.37951324433823,221.76665205395287,222.50894233647068,37478100
2025-07-24,221.2519989013672,223.52835884649696,221.1827112242941,223.2017493015843,29446700
2025-07-25,222.07347106933594,222.29121076831916,220.2523740322096,222.1130532409988,24555500
2025-07-28,221.81613159179688,223.12256977094256,221.13322209832842,223.0038081553602,24934900
2025-07-29,220.4008331298828,223.36999426033643,219.7773044598685,223.29081481795887,28685900
2025-07-30,219.28245544433594,222.617808451536,217.8572556127919,221.36087438232684,48924400
2025-07-31,217.134765625,219.7377352016025,216.63001363985967,218.19377373935177,42913900
2025-08-01,212.71070861816406,214.3338494858243,210.1572281491739,213.997348171026,63854100
2025-08-04,217.47125244140625,217.48115931033374,213.8587791355031,214.32394891706556,34989600
2025-08-05,218.5797576904297,218.98553157939048,215.99658682687482,218.29273031562641,31337100
2025-08-06,218.29273986816406,218.71832751434394,217.1248769869894,218.67873023929042,23142100
2025-08-07,217.58010864257812,220.5492695632528,216.26377882218034,220.4700901264695,37088000
2025-08-08,218.05520629882812,219.29235680178914,217.48116665322203,218.79749660060475,28318100
2025-08-11,218.00570678710938,219.4012010099508,217.55042877903622,218.50056696452475,25212800
2025-08-12,224.47848510742188,224.64673576588777,218.87666392912683,219.5694803017847,43815500
2025-08-13,228.84317016601562,229.0807085174686,225.4880183491643,225.91359090583956,41705800
2025-08-14,225.89378356933594,226.448024562395,223.84505514649155,226.09172462372354,55945500
2025-08-15,224.79519653320312,226.42822913244146,223.7163898329369,226.28966888221478,33571400
2025-08-18,225.61666870117188,226.11152890045315,224.60714966609632,224.87437840224996,20144100
2025-08-19,223.88465881347656,226.62617345401785,223.36999997582078,225.67605032504468,25000700
2025-08-20,223.09286499023438,224.05289492615094,221.39054480089374,223.60750869254937,29229700
2025-08-21,223.6471405029297,223.99354871546666,221.4796502118774,222.1031789536695,24539400
2025-08-22,232.41603088378906,232.9999622640186,224.8446611685495,225.03271045077722,58205500
2025-08-25,229.97142028808594,231.8914801763655,229.97142028808594,231.73312129648113,28453700
2025-08-26,231.87168884277344,232.45562024105993,230.19905898841515,230.43659731572205,25121500
2025-08-27,233.51461791992188,233.6927603310371,231.1590786933953,231.33723620644432,25395400
2025-08-28,233.79176330566406,234.5340536349043,232.9307113563647,234.52416186721118,25011200
2025-08-29,232.75254821777344,234.5835370265685,231.96076886526922,234.30641651848228,29254800
2025-09-02,231.49560546875,231.99046569001877,229.09059204231286,229.6052509009743,33108600
2025-09-03,231.26795959472656,232.84161137590726,230.07040639091025,230.87207748313685,33252400
2025-09-04,234.15794372558594,234.23712316911275,231.17889078482077,231.82220299831602,30323800
2025-09-05,235.32582092285156,237.21617538677896,232.53480217929388,235.27633188305632,47542500
2025-09-08,235.80087280273438,236.10768369416405,233.95999235222223,236.05819465639996,31487700
2025-09-09,234.41529846191406,235.51388878348132,232.99999034223137,235.4544928698828,35395800
2025-09-10,233.9995880126953,235.82068503464575,233.039573114005,234.8705468013701,33910200
2025-09-11,238.3246612548828,238.45331462996344,233.81153891392768,234.41526892632334,43629800
2025-09-12,235.88995361328125,237.84961085459705,235.75139336306106,237.7308341387407,46097600
2025-09-15,236.88958740234375,237.5724818031586,236.09780804985206,236.77081068321223,33014000
2025-09-16,236.49951171875,237.14464870014268,234.99086529400168,236.66823961934853,37059300
2025-09-17,237.10494995117188,242.45467383574072,235.24892793349636,237.03548088501972,79955600
2025-09-18,243.01048278808594,243.31816395743635,238.33568571838362,239.00067747192801,49167700
2025-09-19,241.1643829345703,243.73504125825818,240.69789369116583,243.73504125825818,56092000
2025-09-22,242.5638427734375,242.9608477935262,239.3083531454436,240.4299142871118,53572900
2025-09-23,242.0179443359375,245.3329831315653,241.62093932433996,243.17919989686928,41854500
2025-09-24,239.79470825195312,242.78221129985226,239.75499866124633,242.07750994013557,36002200
2025-09-25,237.501953125,238.19673464970197,235.7749645727109,237.19427195280005,37209500
2025-09-26,239.53663635253906,239.87409214265386,237.54166108710285,237.8294874622546,28942800
2025-09-29,239.81454467773438,241.11475357762586,239.0105996416043,241.0254297168939,26391500
2025-09-30,240.15200805664062,240.32073594763648,237.61112443254547,239.3083534568907,33447700
2025-10-01,240.67803955078125,241.22391765210494,238.7525334526153,238.77238824650152,28520000
2025-10-02,242.19662475585938,242.26609382277996,239.66567597526966,241.18424221466918,28687400
2025-10-03,243.99310302734375,246.23621033092917,243.19907778398115,243.51669393923493,34579600
2025-10-06,244.96575927734375,246.62327871940096,244.23129847180667,245.878882944208,31507400
2025-10-07,242.3355712890625,245.78956350755766,241.3728181909118,245.51165695806787,31766600
2025-10-08,244.87644958496094,245.11466169892054,241.97827034992486,243.4472071907466,25825000
2025-10-09,243.29832458496094,245.40247850274264,242.18668324132722,244.46950002379532,26243100
2025-10-10,236.01316833496094,245.0451769686205,235.78489119171428,243.91369593305356,70569400
2025-10-13,242.58370971679688,242.80206703221253,239.59619151259704,240.0229863180991,36298600
2025-10-14,246.047607421875,247.73491660471703,238.56395532947255,239.42744957038843,45320800
2025-10-15,248.45947265625,250.8812427814342,245.21390268390743,248.48924727707015,45369000
2025-10-16,243.2288360595703,249.3825047787307,242.17675911934631,249.09467840905032,52740400
2025-10-17,241.5911865234375,243.3281101093839,239.665680239282,241.50186265947693,55379500
2025-10-20,246.30567932128906,246.47440721405,244.30076911328536,244.7771781719498,32545000
2025-10-21,245.14443969726562,246.51411772328044,243.6754876914354,245.58113919505018,26337900
2025-10-22,241.52169799804688,245.01539990336232,238.9709095669408,244.1916000570787,46578400
2025-10-23,244.57867431640625,245.27344067830364,241.85914296295545,242.46458546648836,28591000
2025-10-24,247.56619262695312,249.23364714388148,247.10963833709815,247.93343819766542,26627000
2025-10-27,248.4296875,250.32541905060478,247.63566230733494,249.8986242623293,31798100
2025-10-28,247.09970092773438,249.0251919291035,246.25604633140856,247.6852886314204,28075900
2025-10-29,244.9955291748047,249.2634012326077,242.86160071828846,246.98058453706,56235300
2025-10-30,243.02041625976562,246.28582576745342,242.80205895161703,243.4372760812936,44538700
2025-10-31,244.39010620117188,244.9459193238288,241.86909235347179,243.15938147093777,37214700
2025-11-03,243.6060028076172,244.41986765200406,240.6780491011813,244.330543793127,28887900
2025-11-04,239.39768981933594,242.23631978477073,239.1991872986648,239.98327755598584,34468700
2025-11-05,242.85166931152344,243.8938264209503,239.83439178033012,240.15200791244033,38229200
2025-11-06,238.55404663085938,242.96085704278133,238.2066558664789,242.43481855599123,40601200
2025-11-07,239.80462646484375,239.8542558805078,234.50453199898317,236.62854074437138,54978900
2025-11-10,242.20654296875,243.4075081967989,240.4398448046771,243.17921591256314,31238000
2025-11-11,242.4149932861328,242.9112571819607,240.70784427290303,241.55148380894715,27357900
2025-11-12,241.81944274902344,244.53897403758882,241.51176159215063,243.01047293311228,34543200
2025-11-13,235.02064514160156,240.8666331296416,234.07774678445418,240.03291343351793,65710000
2025-11-14,235.7054901123047,236.94614982234785,231.52695668995153,231.5964257584326,58344400
2025-11-17,231.02073669433594,236.06277911191455,230.02820901713,234.69310121581427,55765900
2025-11-18,231.7254638671875,233.323434211598,229.23422457151958,229.58160021044316,63092500
2025-11-19,231.6857452392578,234.60377924523291,230.69321749000216,232.05299080492708,57280500
2025-11-20,227.3980255126953,237.3133828430372,227.18958802873308,235.46728068634576,95483000
2025-11-21,233.83953857421875,235.33824999009613,227.86451741624566,228.2416827988891,99504100
2025-11-24,238.10739135742188,238.593735387003,233.72042070053112,234.19684490513868,36135300
2025-11-25,243.29832458496094,243.71518440953443,238.2463469856368,238.94112850469702,46160800
2025-11-26,245.45211791992188,246.9706841801686,242.94102390031014,243.2189304613506,34636600
2025-11-28,246.89126586914062,246.9508151080965,245.22382659929332,246.1567899175531,18911800
2025-12-01,243.78465270996094,245.83919235116963,243.50674616111692,243.73503843998748,36920000
2025-12-02,243.33802795410156,245.52158598684827,243.28839853738128,245.52158598684827,31918500
2025-12-03,247.7646942138672,247.97311654947296,243.64569517837955,244.13203920274435,32846300
2025-12-04,249.93833923339844,250.77205888850196,246.6828343588952,247.10962915636065,40245800
2025-12-05,248.89617919921875,250.77205597378403,248.40983516700882,249.61080036522182,36956600
2025-12-08,248.9954376220703,250.88124947805673,248.31059103538308,250.81176526444062,29100000
2025-12-09,249.5115509033203,251.05989177286625,248.23119676727936,248.38006987213126,30170100
2025-12-10,252.906005859375,254.6528644770215,248.66790792013603,249.0252185333117,51105200
2025-12-11,255.87362670898438,256.0820793326334,252.41964972846344,252.7372507144082,41345200
2025-12-12,251.9531707763672,256.27067246762334,251.54623077158243,256.0225405346723,57657700
2025-12-15,250.04750061035156,253.7794145209553,249.85893306562667,253.64046124629056,43120100
2025-12-16,248.8644256591797,251.11507010112945,247.44035877383777,249.30260476099497,43115300
2025-12-17,246.2154541015625,251.1150640207963,245.67768332760764,249.33247319026097,38132400
2025-12-18,247.6793670654297,250.3183795429759,247.18143903603925,249.1432614919246,39068000
2025-12-19,249.750732421875,250.35820522099613,248.02790570786556,248.24699525479826,43610400
2025-12-22,252.52919006347656,254.06280176172635,251.15490379159434,251.2345741025572,40497300
2025-12-23,251.035400390625,252.17067570459957,250.41797448871745,251.3739878080867,24973500
2025-12-24,251.6627960205078,251.81216835390342,250.07937330872534,250.92585705278793,12103000
2025-12-26,250.37814331054688,251.70263377067062,249.36236581564773,251.53334005411384,17429900
2025-12-29,248.8445281982422,250.45781022458533,248.3167256786223,249.22294318488622,25218800
2025-12-30,247.00218200683594,249.11339203129393,246.92251169706574,248.93414523097934,22123600
2025-12-31,245.1399383544922,247.2511483992098,244.99055082390532,247.1515567121519,35352000
2026-01-02,247.7490692138672,248.05778216095706,244.84117134421498,246.60384082390974,40007700
2026-01-05,251.68270874023438,252.49931803883422,248.53581500233082,248.7548893651502,37428100
2026-01-06,255.01881408691406,255.18812299425983,250.4777279445757,251.19474554482858,40677800
2026-01-07,254.4213104248047,255.73583256608075,252.91757319453964,255.33749620704148,33052000
2026-01-08,257.1997375488281,257.8570062052604,253.30595184421142,253.64453926277673,37957000
2026-01-09,259.1516418457031,260.47611707640004,257.02049522039874,258.5043110728011,36301500
2026-01-12,260.4163513183594,260.5756919297708,257.1698509419682,258.2055497205857,28423400
2026-01-13,260.2669982910156,261.8006251973436,259.3806717726527,261.3226033276642,33882400
2026-01-14,262.099365234375,262.3682354363099,259.11179698174664,260.0479041321928,37164300
2026-01-15,264.4097595214844,265.94335601465525,262.63713690135086,262.96575603814006,33465200
2026-01-16,264.6587219238281,266.11266329319164,263.61305480366576,264.76825150504897,33844900
2026-01-20,261.49188232421875,263.9815225833427,259.9781919874733,260.05787749479043,47911500
2026-01-21,266.6802978515625,267.4769705282831,261.83048379224016,263.5433573991926,59952800
2026-01-22,268.6720275878906,270.47452471007574,268.30356569091924,268.7118399505624,35110800
2026-01-23,263.712646484375,267.935066544356,263.36409077766166,267.9251286495007,42636700
2026-01-26,262.8861083984375,265.5848699628326,262.39811823571983,263.9715879177616,32119300
2026-01-27,263.63299560546875,263.76243136959306,261.5715661899831,262.9557903619885,26975500
2026-01-28,262.2088928222656,265.57489122387966,261.4719690507107,264.8778102049026,37139100
2026-01-29,262.27862548828125,263.96162478820776,258.33504370205276,262.97573693942996,43922900
2026-01-30,258.57403564453125,261.89025354526973,256.871130187759,259.9881647079238,59164200
2026-02-02,261.0935363769531,262.67694387669945,257.27942101207213,257.40888716337287,42896200
2026-02-03,261.6910705566406,263.9616212994434,257.4785882192453,261.96990905519124,54588000
2026-02-04,259.4404296875,263.5533203929887,256.0744614753521,263.06536061136035,48826500
2026-02-05,254.76986694335938,260.5358670549692,253.99310040387945,257.42880089704954,48279600
2026-02-06,263.9217834472656,264.6188949021492,258.5043236109838,258.6636642404177,43354900
2026-02-09,265.7740783691406,266.56081319036696,262.2487392982776,263.74252343444306,29064800
2026-02-10,265.0570373535156,267.407242932401,264.77819888837473,266.1226105703842,24661700
2026-02-11,263.8520812988281,267.8454435249658,261.0138853845763,267.3574837695425,41829400
2026-02-12,258.4645080566406,266.35167157399957,257.319279587283,265.9134924462444,47628200
2026-02-13,261.8703308105469,264.0711948350536,257.4387890742176,259.5201248293937,45360300
2026-02-17,261.95001220703125,263.2645192378256,257.9864937589442,261.29274349607505,33734800
2026-02-18,262.89605712890625,265.8039704790802,260.76494075657,261.940043727817,36034700
2026-02-19,263.5035095214844,263.5433522718796,259.9980768734379,261.48192301229966,31006000
2026-02-20,263.51348876953125,266.2222187903299,261.0537531844427,261.7608025615689,47126600
2026-02-23,259.4105224609375,263.2744486444188,257.0304423991211,262.3084670985484,44001100
2026-02-24,262.23876953125,263.04544092005057,258.78314770012446,259.32091849561954,34884200
2026-02-25,263.48358154296875,264.1806929376056,261.3424971038912,264.15081847161343,26012100
2026-02-26,264.88775634765625,265.1367203745678,261.0337980736441,263.9118368124776,41206500
2026-02-27,260.3267517089844,261.67116354782814,258.69353308612426,261.0138948623686,40631500
2026-03-02,262.716796875,263.1848504604334,256.7217540580829,256.7416602393996,53495700
2026-03-03,258.16571044921875,260.0379246696424,252.26029141754216,255.73581927689628,59537000
2026-03-04,260.67529296875,261.87030201056433,257.7474737100763,260.1176160043469,37979700
2026-03-05,255.69601440429688,259.67943868657045,253.10678254259597,257.9167539913505,60414600
2026-03-06,249.850341796875,252.2503586974075,248.90428152025285,250.44786154819343,64192000
2026-03-09,252.5690155029297,253.59474605519165,243.3772680899403,246.5640045239366,65369500
2026-03-10,252.31008911132812,256.5823048742884,251.35406061851242,251.9117527700634,55879100
2026-03-11,251.80223083496094,253.3258895120503,249.54163314457944,251.29433447889198,50418100
2026-03-12,246.384765625,248.7748142282663,245.5582032241845,247.908424268805,61802900
2026-03-13,245.56814575195312,249.57149142600255,244.52249383466796,248.2270796472705,53933300
2026-03-16,247.8885040283203,250.42794017815856,247.2810311861673,248.72501952374324,48755700
2026-03-17,249.45677185058594,251.11283723653293,248.36936147481853,249.27719097589141,40642800
2026-03-18,245.43634033203125,248.6387163240215,245.29667308039598,247.8206696280403,43192600
2026-03-19,247.04251098632812,249.4966661940341,241.9446336813532,242.45341824329515,59219500
2026-03-20,241.64535522460938,246.9128276636263,239.7598396949907,246.38408626057796,76749900
2026-03-23,246.86293029785156,250.76365761006707,245.5261130554199,246.58359580607743,78746600
2026-03-24,248.18978881835938,249.5665197537807,244.0197128293134,244.92754236044698,45210800
2026-03-25,251.2225799560547,252.46961440848705,248.92803351906144,251.1427679243884,45671700
2026-03-26,246.85296630859375,251.26247830470308,246.57363180911813,248.2995232285758,46830200
2026-03-27,242.5232696533203,246.15463341864134,241.83490419072396,245.42635432838185,48114400
2026-03-30,239.04153442382812,244.78786354898818,238.12371891774902,244.7679219585388,51290500
2026-03-31,247.41163635253906,248.32945188649109,241.66530705287005,242.46339692754933,58660800
2026-04-01,248.96792602539062,251.84109820695582,248.51899667766813,249.32707254808628,51295900
2026-04-02,250.69381713867188,251.771256705617,244.28905017621042,244.35889141066053,30369200
2026-04-06,251.76129150390625,252.44965695551957,249.6562967446284,250.3945466187304,22151400
2026-04-07,252.3099822998047,252.87862207623573,248.92802558155137,250.6140185430932,34881900
2026-04-08,259.85205078125,261.64776820433946,257.7969404510919,260.89954753718933,46680200
2026-04-09,261.3385009765625,262.276273296629,258.16605271685324,258.16605271685324,26758400
2026-04-10,260.6800537109375,262.12662576477896,259.72233983507584,261.7774500505577,22365900
2026-04-13,264.4411315917969,264.73042164939943,259.40309439520496,259.62257366538563,23820000
2026-04-14,268.0824890136719,268.78084050946086,265.648275242013,266.45635115975784,24270400
2026-04-15,268.75091552734375,268.9504227815357,266.9551675685459,268.1423468558891,21670600
2026-04-16,269.3095703125,269.70861524496405,267.41405360423624,268.8107565356257,30847900
2026-04-17,275.125732421875,276.9713495314102,272.47203940924874,273.09056363678235,46462700
2026-04-20,276.6920166015625,277.01126473538915,273.87869950692345,273.99840994581405,22993900
2026-04-21,273.8587646484375,279.12623720536925,273.1105439417984,277.5200409236246,32235200
2026-04-22,275.8240661621094,277.35043504144795,274.24779763994167,276.9314180894915,20274300
2026-04-23,274.8663330078125,277.2107638512214,271.30482577460936,276.07348426995344,32886600
2026-04-24,275.99365234375,277.4701520604947,273.57941075069436,276.0136243794261,21568600
2026-04-27,276.4825134277344,277.5798793750334,275.5946102958115,276.1632653053457,23399400
2026-04-28,273.2601623535156,276.3129001815731,272.2725208341959,275.39506945151976,24139400
2026-04-29,271.4344787597656,273.7290402934027,269.71855822959566,273.27014016474544,29428900
2026-04-30,277.310546875,277.5599537765156,271.7936674312815,272.4820329150789,29220700
2026-05-01,278.617431640625,279.14617304461314,275.91386940100114,277.99890740711186,28936700
2026-05-04,277.22076416015625,280.12386414843724,275.4449882384273,278.03882610431344,28632300
2026-05-05,281.8896484375,282.27873780996407,279.33572425138726,279.4654207088753,24863200
2026-05-06,286.11956787109375,286.36897475746855,282.68772667896246,284.6829817699608,23330300
2026-05-07,281.5903625488281,286.8977179867352,280.48298013469935,286.8478487872096,28350400
2026-05-08,283.495849609375,284.29393951446093,281.9395225376543,283.3661531496334,22474300
2026-05-11,284.6530456542969,286.3689661990807,283.9148110351468,284.2440451646209,20150400
2026-05-12,281.8996276855469,283.38608301144234,277.61979691711826,283.36614142045306,27404600
2026-05-13,281.9993896484375,282.8872623260369,279.265869490763,282.24879653301366,20742300
2026-05-14,283.7751770019531,284.982297847797,281.2910636277208,283.1666083473194,17428700
2026-05-15,276.94140625,279.6649099006762,276.5822445105188,279.6349822928174,35408000
2026-05-18,275.3152770996094,278.4178841766605,273.2900943842351,278.07869446196264,27243300
2026-05-19,272.3523254394531,274.4273773802567,269.9879529799434,273.1604013320659,30276900
2026-05-20,279.2060241699219,279.4255034539349,272.76135856870656,274.25779992920155,31562000
2026-05-21,281.8197937011719,283.0069729079917,276.4924662972495,277.99889362333676,31680500
2026-05-22,284.4435729980469,285.9300283615987,282.99703126266184,283.426003818627,23849300
2026-05-26,289.82080078125,289.8606839643037,287.05735287329577,287.70583516264253,24506500
2026-05-27,289.6811218261719,291.0279251774643,288.6236390040142,290.4692561561424,24519900
2026-05-28,291.3371887207031,292.0454957966981,287.2968090922787,288.9528745725601,23710600
2026-05-29,289.740966796875,290.7186527721911,287.64594281844177,290.6887251630068,26952800
2026-06-01,288.29443359375,289.92054100094987,285.59084088861124,287.68586492882105,23826100
2026-06-02,290.9680480957031,291.17754135166444,287.71577261614937,287.7756278321383,18378800
2026-06-03,286.9875183105469,289.32196302331045,286.099615215707,289.30199098825983,29167300
2026-06-04,291.3172302246094,292.1851613207092,285.97991675028067,286.87777545503303,24307800
2026-06-05,280.9817810058594,288.7133941781847,279.4853397466996,288.4141181044229,35812800
2026-06-08,283.4359436035156,286.1594777271065,282.90720222917486,284.83264650495266,27277400
2026-06-09,284.3437805175781,290.17990751091946,276.961343069542,286.49865958181994,41761300
2026-06-10,281.3808288574219,288.31435227533143,281.0915387981565,283.9148112740411,39285000
2026-06-11,289.72100830078125,290.36946009205604,283.3960535524108,283.7651708592053,41468800
2026-06-12,292.2550048828125,295.0184222543192,289.6212535197146,290.93812920126356,34415200
2026-06-15,294.6400146484375,297.9100036621094,293.9200134277344,296.55999755859375,23889000
2026-06-16,292.0799865722656,296.79998779296875,291.5799865722656,295.5,23807700
2026-06-17,289.8800048828125,295.82000732421875,288.92999267578125,292.4700012207031,39920100
2026-06-18,295.5899963378906,295.9700012207031,291.4200134277344,294.54998779296875,32463200
2026-06-22,298.17999267578125,299.489990234375,296.1600036621094,297.1300048828125,22796200
2026-06-23,295.32000732421875,297.75,292.3999938964844,293.260009765625,26821700
2026-06-24,296.69000244140625,299.69000244140625,294.69000244140625,295.8800048828125,28664900
2026-06-25,298.9100036621094,301.5,296.7300109863281,299.5199890136719,27599900
2026-06-26,299.8299865722656,300.0299987792969,295.7300109863281,296.6000061035156,39832500
2026-06-29,298.9700012207031,299.1600036621094,294.67999267578125,298.1099853515625,24834100
2026-06-30,300.45001220703125,300.9800109863281,297.44000244140625,298.55999755859375,23230300
2026-07-01,299.32000732421875,302.7200012207031,298.9200134277344,299.92999267578125,20607900
2026-07-02,297.5799865722656,302.2300109863281,294.9800109863281,300.5400085449219,21178900
2026-07-06,298.8999938964844,300.4100036621094,297.6199951171875,297.75,18581300
2026-07-07,296.19000244140625,299.9700012207031,295.17999267578125,299.1700134277344,18057100
2026-07-08,293.4800109863281,295.1000061035156,290.67999267578125,294.0299987792969,24078400
2026-07-09,297.239990234375,297.8800048828125,294.8999938964844,295.2699890136719,16466800
2026-07-10,295.989990234375,298.2099914550781,293.6199951171875,297.69000244140625,15888500
2026-07-13,293.4800109863281,295.7799987792969,292.6000061035156,295.05999755859375,19375500
2026-07-14,294.510009765625,296.07000732421875,293.75,295.489990234375,18326900
2026-07-15,295.7699890136719,297.1400146484375,294.1499938964844,295.25,18832700
2026-07-16,295.5899963378906,297.80999755859375,294.3500061035156,294.6499938964844,24081300
2026-07-17,294.0400085449219,296.1300048828125,291.6400146484375,292.0299987792969,28738500
2026-07-20,292.30999755859375,295.989990234375,292.17999267578125,295.010009765625,20539900
2026-07-21,296.5400085449219,296.75,292.67999267578125,293.42999267578125,18190200
2026-07-22,293.7900085449219,296.44000244140625,293.4100036621094,295.70001220703125,19116000
2026-07-23,292.0899963378906,293.010009765625,290.1700134277344,290.8699951171875,27795100
2026-07-24,291.1700134277344,293.9700012207031,290.4800109863281,293.4100036621094,19771000
2026-07-27,292.9100036621094,295.5199890136719,291.1099853515625,293.9800109863281,19445500
2026-07-28,293.3699951171875,293.7699890136719,290.3800048828125,293.1600036621094,20531100
2026-07-29,288.57000732421875,293.6700134277344,288.260009765625,292.489990234375,33297400
2026-07-30,292.5899963378906,292.8399963378906,288.9599914550781,291.1499938964844,22198800
2026-07-31,291.20001220703125,293.95001220703125,287.8299865722656,293.55999755859375,28350700
2026-08-03,296.2200012207031,296.6600036621094,292.3999938964844,292.8999938964844,23175700
2026-08-04,301.7099914550781,302.3900146484375,297.2200012207031,297.5899963378906,20751800
2026-08-05,299.7699890136719,303.05999755859375,299.75,302.42999267578125,17791000
2026-08-06,298.25,301.3800048828125,297.95001220703125,299.6000061035156,16314100
2026-08-07,301.55999755859375,302.0299987792969,299.79998779296875,300.4599914550781,18416800
2026-08-10,299.9800109863281,301.3900146484375,299.0799865722656,300.510009765625,16226900
2026-08-11,300.989990234375,301.989990234375,300.6000061035156,300.92999267578125,14935400
