Date,Close,High,Low,Open,Volume
2005-01-03,81.17459106445312,82.15975170975713,80.90468283947654,82.02479502323324,55748000
2005-01-04,80.18267822265625,81.33653082080941,79.91951912911628,81.2825481482702,69167600
2005-01-05,79.6293716430664,80.46608250607213,79.62262252173174,80.12194939100132,65667300
2005-01-06,80.03426361083984,80.3986390884641,79.79809574980743,79.91955424234885,47814700
2005-01-07,79.9195556640625,80.45262321591755,79.71037399936408,80.27718202399825,55847700
2005-01-10,80.29740142822266,80.60779412689926,79.85205202485716,79.85205202485716,56563300
2005-01-11,79.74411010742188,80.12197867111345,79.61590249556663,80.05450287732182,63099700
2005-01-12,80.00724029541016,80.18942538739266,79.29873184732783,79.89253097275186,72720500
2005-01-13,79.3662338256836,80.1152269045022,79.2852597921642,80.0544950923445,55537500
2005-01-14,79.78459930419922,79.98028272149645,79.46071341548705,79.6024141353078,42032500
2005-01-18,80.61454772949219,80.71576397661622,79.58889730914132,79.65637823927212,57391700
2005-01-19,79.77106475830078,80.64825997021113,79.76431563760443,80.58753332815603,54378900
2005-01-20,79.2852554321289,79.75759106483608,79.14355474231675,79.54841459150467,72049300
2005-01-21,78.79942321777344,79.62264117907922,78.71170521215339,79.48094048627497,63160400
2005-01-24,78.64422607421875,79.17728835620045,78.52276760726886,79.00859632699627,58441900
2005-01-25,78.86687469482422,79.26499045501232,78.75891450180308,78.88712205733208,68245000
2005-01-26,79.10306549072266,79.35272638936665,78.9748579061831,79.16379214777488,57195100
2005-01-27,79.23799133300781,79.45391684590189,78.93434785014969,79.07604848535483,55878800
2005-01-28,79.23799133300781,79.31896533086946,78.68468188446235,79.27847575790348,60738900
2005-01-31,79.73060607910156,79.79133274076821,79.4269573265512,79.58890023906797,52532700
2005-02-01,80.23670959472656,80.35141898244183,79.69014371265395,79.7913599980803,49841200
2005-02-02,80.47956848144531,80.69549401241282,80.22990764293114,80.33786783437952,52468900
2005-02-03,80.27040100097656,80.40535769038885,80.00724189171171,80.33787677164705,48837100
2005-02-04,81.12735748291016,81.2623090213158,80.28389749769683,80.2973905923089,50024600
2005-02-07,81.01940155029297,81.32304512103258,80.94517665112164,81.14086000820318,45412000
2005-02-08,81.11388397216797,81.41078362487171,81.01941683686637,81.08689262664284,39263500
2005-02-09,80.50657653808594,81.30280306417353,80.46609210139275,81.25556950534087,55279400
2005-02-10,80.79672241210938,80.98565663668083,80.47283664086446,80.74274488228289,45858600
2005-02-11,81.49175262451172,81.67394292003668,80.60780793666723,80.76975086196613,53133000
2005-02-14,81.4310073852539,81.55246583854402,81.29605583629672,81.43775650712324,32432100
2005-02-15,81.73465728759766,81.93708977481516,81.43101370484341,81.51198772934481,43852700
2005-02-16,81.78862762451172,81.95731962237139,81.4242522913663,81.5996934106003,55523000
2005-02-17,81.12735748291016,81.86960124028364,81.1206083615685,81.80212547108081,58124000
2005-02-18,81.23531341552734,81.2960452082686,80.9046785601568,81.13409719300589,47723300
2005-02-22,80.02752685546875,81.2893455481102,80.01403375335573,80.9047277869632,80697600
2005-02-23,80.60107421875,80.68204827091262,80.04102042253157,80.25019695552615,68292600
2005-02-24,81.13410949707031,81.18809217701107,80.28390545432609,80.45934144202597,68563600
2005-02-25,81.93706512451172,82.09900797672293,81.09360526164228,81.15433190069506,60899900
2005-02-28,81.39730072021484,81.8493994078836,80.99918988184501,81.74818313010482,69381300
2005-03-01,81.8021469116211,81.99782514917567,81.4984981485145,81.52548949288438,47294400
2005-03-02,81.76163482666016,82.27445993245341,81.41075774253076,81.48498263210891,64226500
2005-03-03,81.7953872680664,82.25422976719317,81.44450498446082,82.09228686987545,61230800
2005-03-04,82.81427001953125,82.88174578267713,82.17998652020437,82.35542762284024,56168500
2005-03-07,82.85479736328125,83.16519015297995,82.59163814705684,82.76707934056424,43442400
2005-03-08,82.54438018798828,82.99647356455061,82.39593038718945,82.77379886335238,44362000
2005-03-09,81.626708984375,82.51740279161322,81.61995986099674,82.30147717616373,73263600
2005-03-10,81.80887603759766,81.98431717012134,81.24207335292799,81.78188469812697,65149000
2005-03-11,81.23531341552734,82.13275602817548,81.08011966932258,81.85609869648823,57976500
2005-03-14,81.7414321899414,81.75493043898477,81.16113103484359,81.38380581139654,36336400
2005-03-15,81.06661224365234,81.95730563441055,81.02612781845845,81.93031430159117,62438500
2005-03-16,80.37834930419922,81.08010849608559,80.22989955136764,80.76971075030855,74874200
2005-03-17,80.54032897949219,80.79673903013801,80.28391892884635,80.50658851184842,62584200
2005-03-18,80.3011703491211,80.9718130561384,80.03697761095393,80.68729859477249,60232000
2005-03-21,80.00313568115234,80.46378053619969,79.77281583777555,80.41636144089895,61244300
2005-03-22,79.19023895263672,80.5653979458596,79.19023895263672,80.18604516656887,92472400
2005-03-23,79.25798034667969,79.74572259112476,79.08862568781926,79.22410734758999,70817300
2005-03-24,79.3528060913086,79.92861080742847,79.29861136858612,79.56957981390525,51932500
2005-03-28,79.46794891357422,79.89472580288103,79.46794891357422,79.54246534922169,46765500
2005-03-29,78.93955993652344,79.86762494175733,78.74988362439782,79.35278554577933,71160300
2005-03-30,80.05734252929688,80.07088862930762,79.10217967726133,79.10895531141398,62002100
2005-03-31,79.90829467773438,80.24700396604368,79.84732948661961,80.06410322440583,64575400
2005-04-01,79.54923248291016,80.60600339442209,79.19697723517004,80.3621323889514,95255300
2005-04-04,79.68473815917969,79.8405466918748,79.08183609353415,79.50183743394841,71581200
2005-04-05,80.06407165527344,80.19277761964278,79.71181124008307,79.7863276675929,46853900
2005-04-06,80.34184265136719,80.57893812099479,80.05732808781406,80.24022883058575,53268200
2005-04-07,80.775390625,80.78894189094389,80.15216676721576,80.21313712737599,46734600
2005-04-08,79.93538665771484,80.75506246002674,79.93538665771484,80.72796509859164,63772900
2005-04-11,79.99636840820312,80.21991781010927,79.82024327484767,80.13185524343153,44945000
2005-04-12,80.4095687866211,80.65343984462889,79.30537856218608,79.8608614902499,86144800
2005-04-13,79.4612045288086,80.47733243752332,79.34603943791764,80.31474825095742,65949000
2005-04-14,78.42475128173828,79.59668776716804,78.42475128173828,79.5289469388973,96119800
2005-04-15,77.32733917236328,78.71604429025975,77.29346617287801,78.40443233451282,128677300
2005-04-18,77.56443786621094,77.8760498348231,77.19863116350248,77.30702063169505,100035200
2005-04-19,78.18086242675781,78.26214932954818,77.78795850229635,77.97085920186709,64930100
2005-04-20,77.09022521972656,78.32989711228892,76.92087059944447,78.16054249200683,107735900
2005-04-21,78.58731079101562,78.72279240500876,77.48311548063165,77.76085950809755,86952200
2005-04-22,78.28926849365234,78.91926800722287,77.40862223397953,78.40442841687751,88845800
2005-04-25,78.80410766601562,78.91926758862998,78.39088190294642,78.48572009431045,52284100
2005-04-26,78.03861236572266,79.10215924805232,78.00474454029535,78.55345189417383,72626000
2005-04-27,78.34346771240234,78.62798230430809,77.52379176812484,77.80830636003058,84131900
2005-04-28,77.36117553710938,78.36375699552345,77.36117553710938,78.08601298393931,72481500
2005-04-29,78.41117858886719,78.49247065619676,77.2053746824187,77.95053387725058,103993800
2005-05-02,78.85150909423828,78.85828472590151,78.25537754689775,78.62795976398559,56026400
2005-05-03,78.98699188232422,79.15634649835333,78.37054376749042,78.62796092326931,86000300
2005-05-04,79.59669494628906,79.76604961638755,78.77024332928134,79.02089010161308,81055700
2005-05-05,79.569580078125,79.93538670527654,79.08183790858962,79.71183734952395,96906700
2005-05-06,79.31892395019531,79.92860158977986,79.29860222359126,79.88795813657177,67415400
2005-05-09,79.81344604492188,79.98957629891395,79.2918360832402,79.40022035380177,43750500
2005-05-10,78.98699188232422,79.5966695336876,78.84473462505488,79.50183136217471,74613500
2005-05-11,79.42057037353516,79.52895985100126,78.47895875330107,79.21057222131303,91647400
2005-05-12,78.54668426513672,79.65765035089896,78.54668426513672,79.47474960373421,95086800
2005-05-13,78.39086151123047,79.00053913161445,77.76763779630127,78.78376544084375,85267000
2005-05-16,79.1224594116211,79.14955159549183,78.35020296401842,78.37729514788917,49207000
2005-05-17,79.65086364746094,79.73215055483142,78.68893067609714,78.85828529084257,61071800
2005-05-18,80.47055053710938,80.66700253768933,79.94216489265662,79.9963544489977,77944900
2005-05-19,80.80925750732422,80.89054959195586,80.40957788491856,80.62635160897635,61768100
2005-05-20,80.69407653808594,80.8769772204086,80.43665425474572,80.84310423524533,46345500
2005-05-23,81.14118957519531,81.3173198376835,80.74151512879911,80.75506122516289,51047900
2005-05-24,80.95148468017578,81.17503395357373,80.7482571283065,80.91084123711846,50654100
2005-05-25,80.89054870605469,81.2021606079567,80.49764472041133,80.84990008003741,47608800
2005-05-26,81.32406616210938,81.4324503988392,81.03277609647925,81.1479359630957,43256200
2005-05-27,81.45955657958984,81.45955657958984,81.15472038943619,81.33084543924896,24596100
2005-05-31,80.9379653930664,81.40538064789497,80.88377067218126,81.34441546311896,43377200
2005-06-01,81.62895965576172,81.91347429134952,80.91766789849727,80.96508700442857,69611000
2005-06-02,81.80506896972656,81.85925852809213,81.35797022722885,81.44603795012338,39704500
2005-06-03,81.39180755615234,81.89309563734243,81.10729311831132,81.6627759024115,60999400
2005-06-06,81.31732940673828,81.42571369528224,80.98539573968688,81.25635904519363,36046400
2005-06-07,81.37828826904297,82.13699890300063,81.29700135103229,81.55441853855505,66501300
2005-06-08,81.22924041748047,81.68987995426846,81.06665628512839,81.58149570099249,46881200
2005-06-09,81.6153793334961,81.68312014666644,80.9108635062805,81.11408594579152,56653300
2005-06-10,81.42566680908203,81.73050810468528,81.01921691656848,81.66953777824831,36465300
2005-06-13,81.6831283569336,82.02183762512294,81.16151318967776,81.24958090711469,49383200
2005-06-14,81.87281799316406,82.10313785209081,81.54765476893878,81.595073867441,33857100
2005-06-15,82.0285873413086,82.13020112972224,81.4460123022071,82.07601158842134,53195600
2005-06-16,82.2386245727539,82.40120360050292,81.91346134896179,82.00829954583989,46564500
2005-06-17,82.5433120727539,82.91059506439674,82.44809113297451,82.66573973663486,51529400
2005-06-20,82.57054138183594,82.86980505050452,82.25767175281901,82.35289271864357,41019400
2005-06-21,82.61811828613281,82.74054593374214,82.31884954994305,82.63852202920914,39879800
2005-06-22,82.68609619140625,82.9377543535496,82.34602011836614,82.760913342607,46310100
2005-06-23,81.52308654785156,82.7065505535151,81.50268280124305,82.51610866629939,62185600
2005-06-24,80.92455291748047,81.6251092157527,80.82932678618367,81.53668606293827,58572500
2005-06-27,81.04021453857422,81.21705573564317,80.76815235596533,80.91778681585794,48183800
2005-06-28,81.72029113769531,81.7815023473528,81.18977323073167,81.21017696728417,41174200
2005-06-29,81.50267791748047,81.89036464726804,81.45506744852943,81.86996090188217,42316500
2005-06-30,81.06059265136719,81.83596625356952,80.90415525937944,81.76795202672163,62288800
2005-07-01,81.29867553710938,81.48231972655645,81.08102681605881,81.24426205955803,49737500
2005-07-05,81.95159149169922,82.06041840668672,81.06739615861399,81.10820365715784,51549000
2005-07-06,81.26464080810547,82.06041816225772,81.21703033022848,81.88357702050625,52363600
2005-07-07,81.58428192138672,81.58428192138672,80.43482784304824,80.4552315856887,103268800
2005-07-08,82.51608276367188,82.51608276367188,81.42784004322652,81.59787813045706,64491200
2005-07-11,82.93780517578125,83.04662688747983,82.50930574012148,82.52291169730395,49688300
2005-07-12,83.15545654296875,83.40710967850619,82.73376007193094,82.9718124389876,51871100
2005-07-13,83.27108764648438,83.33229889308792,82.9718188253484,83.16226073365209,41182300
2005-07-14,83.59756469726562,83.95804477147948,83.3118966405266,83.64517517519664,63638800
2005-07-15,83.54996490478516,83.68599857411529,83.22349447670061,83.51596037931803,56075900
2005-07-18,83.21666717529297,83.4071090675433,83.0126245146615,83.31869110018489,56598400
2005-07-19,83.67235565185547,83.73357207330126,83.25746741384113,83.46151004397336,59165700
2005-07-20,83.95806884765625,84.15531379540555,83.18269501948559,83.37993477808048,69477000
2005-07-21,83.46833038330078,84.07366580016173,83.29829222824652,84.03285830347758,101110900
2005-07-22,84.02604675292969,84.03964752071944,83.40710544087624,83.57714357858515,52607100
2005-07-25,83.78799438476562,84.3049065871297,83.55673981915884,83.93762877619022,57301600
2005-07-26,83.89000701904297,84.01923765481776,83.62474795866972,83.81519501792006,42758800
2005-07-27,84.19609069824219,84.26410492018674,83.69277922886947,83.99884582219622,43181600
2005-07-28,84.72659301757812,84.77420348293299,84.09405101263401,84.31169959556362,47880700
2005-07-29,84.16210174560547,84.76743729173651,83.99886653485707,84.61780804222352,62358100
2005-08-01,84.10087585449219,84.36613497173762,83.96484221157601,84.2233035385403,40418200
2005-08-02,84.60418701171875,84.74701844432741,84.16208675508076,84.25050991990008,45147400
2005-08-03,84.82862091064453,84.8422216774627,84.42053044712604,84.50894840432365,36837200
2005-08-04,84.14848327636719,84.54977083280312,84.04645934517328,84.49536256676538,50855600
2005-08-05,83.5771255493164,84.32529734516159,83.4342941671508,83.9648122120948,53595500
2005-08-08,83.42068481445312,83.93760204132667,83.23704077832348,83.7607609815001,47616000
2005-08-09,83.9240493774414,84.06007785497313,83.57037222236663,83.69959771927563,47170000
2005-08-10,83.88323974609375,84.67901721670931,83.53636039127915,84.21651314000773,72863700
2005-08-11,84.21646118164062,84.35929254805365,83.66553945559747,83.84237532497524,58570200
2005-08-12,83.69957733154297,84.12807679078526,83.48873168598091,84.04645661065517,54776900
2005-08-15,84.21646118164062,84.25047087375582,83.54311182879339,83.80837082201049,36208500
2005-08-16,83.12140655517578,84.0124043497089,83.0397864163892,83.95799611300107,71942100
2005-08-17,83.11463928222656,83.57034543309989,82.99901459447379,83.10784149293673,62275100
2005-08-18,83.10784912109375,83.35950226587133,82.86979155614372,83.01262817077478,53388600
2005-08-19,83.29827880859375,83.53633114948809,83.11463472479537,83.40710051193751,39842100
2005-08-22,83.29827880859375,83.81519616964421,82.89698612895599,83.37309599989652,69912000
2005-08-23,83.14185333251953,83.3935116655247,82.40048948073934,83.3186944635273,55168600
2005-08-24,82.40049743652344,83.47513990610453,82.35968474748726,82.93781867131398,79104600
2005-08-25,82.69976043701172,82.75417389586535,82.44130429118654,82.53652524960387,35631100
2005-08-26,82.13520812988281,82.6317164932042,82.08079469059655,82.6249187051568,61956800
2005-08-29,82.76774597167969,82.82895719596657,81.87674281245792,81.89715174303781,56179200
2005-08-30,82.33245086669922,82.50248896829162,81.88354778770278,82.46847927231272,74160200
2005-08-31,83.37310791015625,83.42752136417728,82.12162441343536,82.42769620043924,102945200
2005-09-01,83.31189727783203,83.76080052103238,82.39369223119391,83.33230102722243,74578700
2005-09-02,83.16228485107422,83.57717849555084,83.0058526049528,83.55677474076582,47653400
2005-09-06,84.13488006591797,84.20289948170395,83.42072290254099,83.42752588195016,57251300
2005-09-07,84.27771759033203,84.42734681486621,83.9716457834758,84.08727048890567,41749700
2005-09-08,83.99884796142578,84.33892426896192,83.8696173040332,84.10767487063062,39068700
2005-09-09,84.74701690673828,84.8422378600831,84.20289791464684,84.22330166334176,43093900
2005-09-12,84.57695770263672,84.79460628314425,84.52254426022198,84.64497191107942,33017600
2005-09-13,84.10765838623047,84.62457053618502,84.01243226476345,84.4273256937741,58427500
2005-09-14,83.80162048339844,84.28452831768666,83.67238979916858,84.16210061398306,57694600
2005-09-15,83.76079559326172,84.10087190083553,83.5907574394748,84.06005921530287,73156900
2005-09-16,84.35639953613281,84.52032954167095,83.92608131737983,84.21979206672451,75424100
2005-09-19,84.07637786865234,84.39058454220726,83.76900834565478,84.3359394501766,53355300
2005-09-20,83.36600494384766,84.43155808543149,83.24305610356934,84.15150592264776,84480300
2005-09-21,82.58729553222656,83.24302066413189,82.49849600073806,83.18837560032975,94469100
2005-09-22,82.88101196289062,83.09959224694578,82.26627315332831,82.6146237557494,84597200
2005-09-23,82.94932556152344,83.25669498355094,82.58047912834579,82.8127128763237,59368100
2005-09-26,83.04496002197266,83.49576889946903,82.7034360921681,83.34549753655637,70415400
2005-09-27,83.0244140625,83.324951376697,82.6623945608449,83.00391826293459,66150800
2005-09-28,83.1064453125,83.4138200259426,82.78541193259532,83.28403924396179,58620500
2005-09-29,83.78264617919922,83.91925365556659,82.70342939767686,83.02446269950552,66607700
2005-09-30,84.04220581054688,84.04220581054688,83.15424154512739,83.75532697202355,47824200
2005-10-03,83.74166870117188,84.24712267114434,83.63921047734512,83.98756635385939,50994800
2005-10-04,82.7990493774414,84.03536414165424,82.75806817989559,83.87143414023018,60776300
2005-10-05,81.71298217773438,82.86050234949042,81.67200098949867,82.81952116125471,106052100
2005-10-06,81.41928100585938,82.14331508705118,80.71574273241733,81.81544990917789,140941800
2005-10-07,81.69937896728516,81.99992178162796,81.37151360516181,81.76085079135902,75661400
2005-10-10,81.0094985961914,81.76768235709311,80.80458730563936,81.74719174916223,52677000
2005-10-11,80.89334106445312,81.54906624524936,80.81820539893309,81.27584611710748,75629800
2005-10-12,80.25811767578125,81.37148373004524,80.19664587427644,80.86602980978788,100510400
2005-10-13,80.21027374267578,80.65425569097188,79.83459550690849,80.2307643353105,99052900
2005-10-14,81.0572509765625,81.15287721603664,80.2990677841324,80.68157795326816,88651000
2005-10-17,81.35784149169922,81.4671264535178,80.90702734468654,81.14609829544662,68109300
2005-10-18,80.47673034667969,81.25540479680488,80.46307167704752,81.2417461271727,74996900
2005-10-19,81.81546783447266,81.82913170929949,79.99856332560383,80.25811962365898,116563800
2005-10-20,80.37423706054688,81.8359590026691,80.12151269815354,81.61738390509684,131966700
2005-10-21,80.68846130371094,81.13244356213528,80.26497486347718,80.79775148908924,96579500
2005-10-24,81.93841552734375,82.0272098675344,80.87969453741069,80.90018513812842,71308400
2005-10-25,81.77449035644531,82.1296729494978,81.24171386124576,81.77449035644531,76594500
2005-10-26,81.53545379638672,82.33461882487734,81.4125049296002,81.63108011374918,80855800
2005-10-27,80.66795349121094,81.53542721608967,80.55183660244505,81.41930511608203,66623100
2005-10-28,81.8291244506836,81.93157744659011,80.66794012174776,80.89334713522388,72322000
2005-10-31,82.05451965332031,82.85368943580063,82.05451965332031,82.16380978848497,77698900
2005-11-01,82.30043029785156,82.58048240519285,82.11600967956535,82.36190731144117,66365100
2005-11-02,83.16107940673828,83.16107940673828,82.05453996486852,82.08186250542303,74012300
2005-11-03,83.51625061035156,83.78264404158125,83.16106805411373,83.43428821111878,84897600
2005-11-04,83.40695190429688,83.64601754799257,83.02444687438377,83.60503635514193,59156000
2005-11-07,83.48894500732422,83.75533326471603,83.22938347666631,83.58457129401658,46765400
2005-11-08,83.48894500732422,83.6187205614114,83.18840227129581,83.28402855798817,42152800
2005-11-09,83.59822082519531,83.9807259301741,83.23620632066309,83.38647767225937,57666800
2005-11-10,84.24711608886719,84.37006490560488,83.1610725503853,83.56406826504471,79048100
2005-11-11,84.53400421142578,84.58864407942276,83.62554931124065,84.25395208875935,34867000
2005-11-14,84.48619079589844,84.71159262735371,84.27444241734615,84.55449453910433,45092200
2005-11-15,84.17880249023438,84.75939203024015,83.91924622362633,84.39055083446479,69592500
2005-11-16,84.34955596923828,84.39054237340234,84.00120540690514,84.26759358339058,51133000
2005-11-17,85.1351089477539,85.14194088743507,84.11053686778776,84.47938344192474,55717500
2005-11-18,85.46978759765625,85.57224583179358,84.92335236766091,85.42197444989112,72437200
2005-11-21,85.90007019042969,86.00252837572545,85.36729388037945,85.48341072513608,50021200
2005-11-22,86.26896667480469,86.41923286117598,85.66788108434824,85.76350738987671,66438800
2005-11-23,86.76756286621094,87.02712437038907,86.20746386790623,86.23478640577977,50854700
2005-11-25,86.83586120605469,86.89733821525802,86.61728612789791,86.73340820945067,15270000
2005-11-28,86.22113037109375,86.93149553249809,86.09134961504805,86.91783686876553,54498500
2005-11-29,86.1255111694336,86.73342862272663,86.1255111694336,86.50802155466494,51738900
2005-11-30,85.6610336303711,86.41921195183433,85.5790660120749,86.17331951942884,56007200
2005-12-01,86.53536224365234,86.76759608763295,86.05039873600762,86.07771607309914,65468200
2005-12-02,86.64461517333984,86.80171846533675,86.40554947790221,86.58997009688515,46699400
2005-12-05,86.46019744873047,86.56265566770261,86.18697726855191,86.542159854915,59273400
2005-12-06,86.62413787841797,87.25254072044906,86.49435710471337,86.7812411945468,57935200
2005-12-07,86.1186752319336,86.65828366538202,85.84545504634379,86.58997471055336,66816500
2005-12-08,86.06402587890625,86.62412488649392,85.70884330314584,86.21429723408073,62608600
2005-12-09,86.28942108154297,86.59679047590274,85.94106527969211,86.17330421800622,50744500
2005-12-12,86.37139892578125,86.6514510469021,86.03670693696498,86.54899282670566,48389900
2005-12-13,86.95881652832031,87.22520476193084,86.26211004300998,86.35090438379972,88630900
2005-12-14,87.30035400390625,87.49160658993398,86.84271314287673,86.87686762377116,64375000
2005-12-15,87.0476303100586,87.4301354852089,86.87003638820646,87.32084531445614,55900300
2005-12-16,86.76742553710938,87.45409398533666,86.76742553710938,87.399159252151,46238300
2005-12-19,86.32107543945312,87.11761321971116,86.30734437790478,87.02148007228189,48733000
2005-12-20,86.40351867675781,86.92538308596127,86.16318569372122,86.42411789832293,46603200
2005-12-21,86.54083251953125,87.04210284297002,86.38290169409325,86.67130121443964,51806900
2005-12-22,86.99407958984375,86.99407958984375,86.57521116594171,86.73314207004846,32247900
2005-12-23,87.04212951660156,87.11079534169801,86.8086594246337,87.0558605860742,27977300
2005-12-27,86.15630340576172,87.24124096704027,86.0945005123394,87.17943807361794,44499500
2005-12-28,86.34858703613281,86.5133860534544,86.17691986508683,86.34171888240841,30764300
2005-12-29,85.96403503417969,86.4927674977144,85.87476477231561,86.32796851722976,32788900
2005-12-30,85.49711608886719,85.87478070751115,85.3941147423766,85.69625062838466,44645600
2006-01-03,87.00090789794922,87.20691056964421,85.4147051380407,85.96404210331697,73256700
2006-01-04,87.41290283203125,87.5433662856277,87.00089753770371,87.1107670132217,51899600
2006-01-05,87.46784210205078,87.61204187562815,87.12450781100021,87.30991126193221,47307500
2006-01-06,88.19571685791016,88.29185004301615,87.45411351092193,87.90731730259219,62885900
2006-01-09,88.4223403930664,88.62146972604279,88.1545399920381,88.18200213261854,43527400
2006-01-10,88.51160430908203,88.56653907052198,88.07213669529682,88.16140699235353,44960800
2006-01-11,88.79312133789062,88.8823916151471,88.39485226408834,88.59399203985552,49598900
2006-01-12,88.44293212890625,88.77253017663179,88.19573097367883,88.63519852989056,40509200
2006-01-13,88.36053466796875,88.51160263964569,88.03093658328007,88.28501115986448,44856700
2006-01-17,88.12019348144531,88.18199114835397,87.76312283197426,88.03092319964439,52066600
2006-01-18,87.76997375488281,88.5115718065293,87.31677523659135,87.60517476994639,75067600
2006-01-19,88.10645294189453,88.42232513158721,87.76311861636133,87.982857614014,81530400
2006-01-20,86.49964904785156,88.10645114390117,86.49964904785156,88.08585192300812,114957800
2006-01-23,86.80865478515625,87.08332330972904,86.60952023581265,86.66445498850048,67017400
2006-01-24,86.8979263305664,87.30992650397852,86.80865604643505,86.95285584518597,53008800
2006-01-25,86.97347259521484,87.33053806559008,86.41039915072741,87.23440485284031,87747700
2006-01-26,87.45410919189453,87.66697477142151,87.04210909909231,87.3785752303465,71294000
2006-01-27,88.26439666748047,88.34680404248188,87.51593024334181,87.66013529129405,65771200
2006-01-30,88.19571685791016,88.449780887605,88.13391919842731,88.19571685791016,33709600
2006-01-31,87.55025482177734,88.26438562345473,87.54338666824214,88.11332815660931,72937000
2006-02-01,88.161376953125,88.1888390856206,87.70131027027514,87.76997607924498,63561000
2006-02-02,87.13826751708984,87.98973532067167,87.06960168821287,87.96227318021441,83626900
2006-02-03,86.70567321777344,88.16141306296822,86.6164081534373,86.9185441232943,86040400
2006-02-06,86.9322738647461,87.0696107757009,86.63700605477763,86.82240957484974,45511900
2006-02-07,86.16316986083984,86.97343893966263,86.10823512084995,86.78116734969804,71208100
2006-02-08,86.94596099853516,87.96223260932632,86.24555624598415,86.41722335843191,59422200
2006-02-09,86.80179595947266,87.61892817901735,86.77432858183475,87.15199323690612,62023300
2006-02-10,86.9596939086914,87.29615998935056,86.14255675965458,86.8154941598375,64508700
2006-02-13,86.80179595947266,87.06272818873288,86.48592373607,86.93225945466946,52308700
2006-02-14,87.72195434570312,87.9142208046803,86.66448358246062,86.83615081209996,90964400
2006-02-15,88.03092956542969,88.11333693833298,87.37172820973693,87.67386412900446,85471300
2006-02-16,88.69013214111328,88.72446767178934,88.01718926860791,88.12705877567812,61017900
2006-02-17,88.44979095458984,88.6901291835748,88.29186009202597,88.61459520969946,40342600
2006-02-21,88.23007202148438,88.85493262488701,88.09272988842265,88.65580329632141,46456300
2006-02-22,88.76565551757812,89.02658246854523,88.33991384795412,88.42232120728256,42326700
2006-02-23,88.63519287109375,89.01972564851239,88.08585584146753,88.76566159437486,43423200
2006-02-24,88.86178588867188,88.90984724216939,88.41544501279648,88.65578321347795,36777400
2006-02-27,88.89613342285156,89.2943920435663,88.77252760994517,88.85492450006095,35858600
2006-02-28,88.05152893066406,89.20513785356285,87.98286834382328,88.71759844164649,74394800
2006-03-01,88.8343276977539,88.91673506784753,88.23692927267341,88.30560033479593,48641600
2006-03-02,88.82746124267578,88.86865968721425,88.31245973047979,88.51158903832656,60642300
2006-03-03,88.41547393798828,89.31501889803091,88.33993994829721,88.35367625853233,73402500
2006-03-06,88.01034545898438,88.70387722716883,87.79061163601025,88.6764150833062,57478400
2006-03-07,87.87297821044922,87.93477586742387,87.48157733301336,87.79744424823656,61780800
2006-03-08,88.05838012695312,88.19571174375096,87.3305078891015,87.68757323609512,66692400
2006-03-09,87.46784210205078,88.36050811546293,87.46784210205078,88.0858448737149,56313600
2006-03-10,88.29873657226562,88.47040376856184,87.50907166039669,87.69446992729509,60490800
2006-03-13,88.46353149414062,88.69013342660753,88.25752878483136,88.47039440928216,45479100
2006-03-14,89.39054107666016,89.42487661286846,88.31247648831476,88.38114756073135,69877300
2006-03-15,89.78878021240234,89.8574512618493,89.16391976445173,89.36991195733046,53398900
2006-03-16,89.97421264648438,90.27634859700622,89.84374389714681,89.96047633662398,65526400
2006-03-17,90.04934692382812,90.24237791569527,89.88389779902776,90.0907092050282,47286800
2006-03-20,89.90453338623047,90.2423321911399,89.76665567895755,90.06309222362458,45538500
2006-03-21,89.3392333984375,90.30439852088108,89.24271793813276,89.87696389433478,87102700
2006-03-22,89.88388061523438,89.97349536756886,89.24273382100566,89.2840960942982,51605700
2006-03-23,89.6977310180664,89.8907619539894,89.38750347957566,89.80113669109762,46704200
2006-03-24,89.76667022705078,90.01485434812206,89.44265177678005,89.61500156865186,43209200
2006-03-27,89.6357192993164,89.81495936906194,89.44268829515944,89.64260950682174,32523000
2006-03-28,89.08417510986328,89.98728647653121,88.96697849550314,89.57364270399107,82079900
2006-03-29,89.64260864257812,89.9666272220179,89.13244926828129,89.21518435455147,61505700
2006-03-30,89.4840316772461,90.29751780587448,89.31168185141141,89.69774377817733,70571700
2006-03-31,89.50472259521484,89.78737886512597,89.1875942524902,89.63571016026633,62925600
2006-04-03,89.43574523925781,90.22165981833201,89.270296182229,89.67014893570827,61624700
2006-04-04,90.00798034667969,90.12517697761969,89.18070320396232,89.43577760545529,54809300
2006-04-05,90.3182144165039,90.50435520572611,89.8838999341859,90.04245885568612,50607200
2006-04-06,90.22169494628906,90.456098734005,89.75290840965695,90.2079145324351,57906200
2006-04-07,89.3047866821289,90.58706988689312,89.17380964264049,90.35267663383064,80180900
2006-04-10,89.44265747070312,89.67705067791512,89.11173827527745,89.44265747070312,41496500
2006-04-11,88.68431091308594,89.66325649539516,88.41544565117985,89.51848855712092,72799400
2006-04-12,88.84976959228516,89.02211938710607,88.6636288684475,88.7739352617881,43033700
2006-04-13,88.73260498046875,89.10487604294369,88.45683889770912,88.64986989594064,51051800
2006-04-17,88.6980972290039,89.14620246907556,88.25688219345469,88.8152938222627,64167700
2006-04-18,90.10447692871094,90.26993653029095,88.88423735062715,88.88423735062715,92531800
2006-04-19,90.27685546875,90.3595905555715,89.7873877523096,90.13897768324851,87269000
2006-04-20,90.40092468261719,90.90418317668089,90.03554393111096,90.31129941622595,86005500
2006-04-21,90.41472625732422,90.8559414484251,90.04934542029066,90.78700782070929,72342600
2006-04-24,90.249267578125,90.35957399406905,89.88388677978432,90.2354766462823,52546400
2006-04-25,89.87699127197266,90.39404079240401,89.56676366359373,90.33888758123007,84359800
2006-04-26,89.89766693115234,90.40782621386286,89.82873331093661,89.96661107076685,67262400
2006-04-27,90.3320083618164,90.74565223623334,89.33927147873634,89.55298362340483,124478600
2006-04-28,90.63529205322266,90.82832294164194,90.11135257314092,90.16649523892261,55854400
2006-05-01,89.89766693115234,90.86283228876152,89.84252424273927,90.63532925131219,64990300
2006-05-02,90.57328033447266,90.62843353893363,90.13206521818289,90.31819544891582,49063500
2006-05-03,90.23544311523438,90.53189018300085,89.9321058438063,90.41468308498963,60821300
2006-05-04,90.55948638916016,90.7387264081436,90.29062110098609,90.36645543967097,42921400
2006-05-05,91.35916900634766,91.55219990715234,90.89727288517965,91.03515059726939,62588200
2006-05-08,91.24888610839844,91.53154232852026,91.24888610839844,91.35229178922455,30016700
2006-05-09,91.42815399169922,91.53157022344003,91.21444183992968,91.29027620211252,29864000
2006-05-10,91.37986755371094,91.51774529207947,90.92486154963738,91.28335208491326,64378200
2006-05-11,90.27685546875,91.37989879156343,89.98041875589183,91.3523169228227,80626900
2006-05-12,89.0979995727539,90.11830793777426,89.063527492169,89.87012368472584,91726500
2006-05-15,89.2772445678711,89.44270425212468,88.66367936960933,88.78776624324753,84029300
2006-05-16,89.14617156982422,89.62185850189866,88.93934979247979,89.45639897614458,62137600
2006-05-17,87.4503402709961,89.00149466728907,87.39518703936668,88.70504736220633,144789500
2006-05-18,87.00908660888672,88.07076218141566,86.94014772956912,87.79500140444591,87906300
2006-05-19,87.6226806640625,87.89154606444487,86.7264644160216,87.46412171496576,124309400
2006-05-22,86.95391845703125,87.67089425004826,86.51959885824624,87.05732938808438,110852800
2006-05-23,86.2921142578125,87.98803600564948,86.2921142578125,87.67780840605353,92006500
2006-05-24,86.9815444946289,87.4779130380517,86.00949381351046,86.64374017023896,168405000
2006-05-25,88.05697631835938,88.05697631835938,87.16075511007723,87.49855929979002,78977900
2006-05-26,88.50507354736328,88.50507354736328,87.90529434387332,88.24998868762218,62989700
2006-05-30,86.93324279785156,88.243102401057,86.8987759917954,88.22242126548356,72419900
2006-05-31,87.90531921386719,87.90531921386719,87.00220242073202,87.29175416691811,86926200
2006-06-01,88.74638366699219,88.89116217254693,87.7398611531695,87.81569550952669,73721700
2006-06-02,88.93248748779297,89.22892406344226,88.46370113019059,89.10483726974606,91702600
2006-06-05,87.6364517211914,88.8360051784644,87.39515772866359,88.82911497159782,86105100
2006-06-06,87.4227294921875,87.81568690950961,86.69886333380447,87.69849028287135,130498600
2006-06-07,86.76777648925781,88.00180158540316,86.71951875967439,87.49164769270723,108599400
2006-06-08,86.69197082519531,87.20902035297978,85.39590190237418,86.57477419455878,204957200
2006-06-09,86.41621398925781,87.52614744726021,86.37485170824158,87.11250885799784,94972200
2006-06-12,85.47859191894531,86.81602784013084,85.36139533566761,86.78155578166204,95815900
2006-06-13,84.48587036132812,86.06458983160687,84.48587036132812,85.30625179678034,185688800
2006-06-14,85.14080810546875,85.23042811524606,84.3411024439522,84.68580207190955,163566400
2006-06-15,86.94707489013672,87.11252931275175,85.38903040304979,85.45107383914245,134057000
2006-06-16,86.31343078613281,86.9435541605724,86.18186430097629,86.75659598745949,94253500
2006-06-19,85.63485717773438,86.88818893207458,85.55176697902394,86.83279194430261,95804400
2006-06-20,85.92567443847656,86.42423671030532,85.66947264202626,85.87028273945434,65494700
2006-06-21,86.56275177001953,87.04053633616715,85.83568071991247,85.86337921813019,75008200
2006-06-22,86.18191528320312,86.59738224485447,85.8910889383421,86.521212685541,74566100
2006-06-23,86.16802978515625,86.76353409851336,85.88412423167236,86.09186026021895,54107000
2006-06-26,86.54888153076172,86.5973525716296,86.0364726297374,86.2372827370321,37899600
2006-06-27,85.80104064941406,86.75661483178173,85.70409328780421,86.56273067445615,69780200
2006-06-28,86.38269805908203,86.39654466413374,85.62100799050124,85.99492972226578,62368100
2006-06-29,88.12765502929688,88.18305201173472,86.67351857945927,86.6942911271367,110634800
2006-06-30,88.13456726074219,88.39770024490983,87.91298464841199,88.31460478418117,54227800
2006-07-03,88.49464416503906,88.64005197921033,88.15534165548507,88.23843711795783,23914000
2006-07-05,87.9891586303711,88.252286344941,87.6083110197271,88.14149767462868,69653400
2006-07-06,88.24537658691406,88.52927688205646,87.99609544423205,88.07918563649464,50100300
2006-07-07,87.67061614990234,88.32843794432156,87.44903357129262,88.0722362245529,81626500
2006-07-10,87.83685302734375,88.23847333639195,87.53218010578,87.89917597051601,60964100
2006-07-11,88.22459411621094,88.22459411621094,87.2066971119003,87.67063490967766,73640800
2006-07-12,87.28287506103516,88.21767668972625,87.0543664700593,88.04456508134096,82561300
2006-07-13,85.86336517333984,87.02667549345783,85.86336517333984,86.86741047549425,102405700
2006-07-14,85.53099060058594,86.04340482176744,85.05320610103512,85.95338339437056,103242500
2006-07-17,85.40636444091797,85.93262535667928,85.27480317418902,85.53100504509963,81159000
2006-07-18,85.84259033203125,85.89798731792635,84.74852363386591,85.66255276934581,122771000
2006-07-19,87.03360748291016,87.42830180020748,85.66948695102091,85.9880117261251,133565300
2006-07-20,86.43811798095703,87.4560154181393,86.32040331646694,87.3313748078119,112259800
2006-07-21,85.82874298095703,86.68738045887642,85.73872683632977,86.65968196446472,101560000
2006-07-24,87.39366149902344,87.4698310273927,86.16803366762616,86.16803366762616,92884000
2006-07-25,87.70524597167969,88.14841115617298,87.0543447956664,87.23438230278734,95480700
2006-07-26,87.82298278808594,88.2522961975266,87.37289154787975,87.65679183964403,84525800
2006-07-27,87.73990631103516,88.41850629006704,87.38675707281713,88.20384425592171,87257100
2006-07-28,88.61930084228516,88.73008952946142,87.84375890026222,87.96839947517756,82137000
2006-07-31,88.52925872802734,88.60542824394662,88.25227915040688,88.39769752294079,49593100
2006-08-01,88.09303283691406,88.2038215150188,87.66371416225948,88.17612302475591,65225600
2006-08-02,88.68856048583984,88.95169357103987,88.32156463853266,88.3423371909541,64770900
2006-08-03,88.92398834228516,89.01400977857618,88.04458351209503,88.17614476960415,63693800
2006-08-04,88.77164459228516,89.62335088069645,88.27308751960305,89.38100093047638,96294200
2006-08-07,88.56388854980469,88.6885291031771,88.2176653774309,88.56388854980469,45377300
2006-08-08,88.22459411621094,88.95166491441753,87.90606413853907,88.69545257393374,90901300
2006-08-09,87.9268798828125,89.04864538244121,87.67067271479425,88.75780848503021,78910600
2006-08-10,88.19690704345703,88.28692318091775,87.44213765893468,87.64987370900984,69322300
2006-08-11,87.94759368896484,88.07915487508225,87.51827514140705,88.05838233427136,47482200
2006-08-14,88.01688385009766,88.74395486107277,87.88531731138168,88.3769537416518,57839000
2006-08-15,89.06938171386719,89.23556208377872,88.56389352928413,88.80624870698287,68143000
2006-08-16,89.81031036376953,89.94187689140313,89.3532931306934,89.54718787439757,71737600
2006-08-17,90.03880310058594,90.27423233699018,89.66488669958468,89.72720433876934,70992800
2006-08-18,90.49581909179688,90.49581909179688,89.73412384744753,90.1495959018005,58288400
2006-08-21,90.10807037353516,90.21193312672713,89.87956175061726,90.14268424733545,42133600
2006-08-22,90.10114288330078,90.37812784646084,89.79646470677272,90.01113201543275,60839900
2006-08-23,89.8518295288086,90.32269851464252,89.45714062572712,90.1426557115771,66592100
2006-08-24,89.77570343017578,90.08731287360277,89.6025917686707,90.01114331990465,57983000
2006-08-25,89.88648223876953,90.19116040207221,89.70644994495227,89.76876759674722,41756000
2006-08-28,90.31575775146484,90.58582192754254,89.76872987243236,89.77565053109163,52681500
2006-08-29,90.41967010498047,90.59278173929866,89.88648331282968,90.35735245244088,61817800
2006-08-30,90.47509002685547,90.73821259289869,90.3989204658144,90.62049791963493,50052200
2006-08-31,90.46121978759766,90.70358031427442,90.41967468380076,90.60663821678295,37510300
2006-09-01,91.00129699707031,91.11209094760375,90.5996768508061,90.80741286658314,48794500
2006-09-05,91.1744384765625,91.29908435325429,90.84898774384568,91.06364448970228,52348300
2006-09-06,90.37120819091797,90.82130485147788,90.24657286595811,90.78668040591214,53795600
2006-09-07,89.95573425292969,90.41275151381048,89.56796587372024,90.05959700954082,86269400
2006-09-08,90.21192932128906,90.336575185757,89.90033050896184,90.07344213424308,45096300
2006-09-11,90.30194091796875,90.49582507190745,89.65796024775571,89.92109327062705,68496600
2006-09-12,91.18828582763672,91.29214858146348,90.27425133037873,90.40581786248971,69875600
2006-09-13,91.55526733398438,91.71452705358885,91.07055694873554,91.15364713880851,62898400
2006-09-14,91.56221008300781,91.56914131111529,91.22983867664072,91.37525711024311,57805400
2006-09-15,91.77710723876953,92.07616363395925,91.58235976154714,92.02052301366189,76703100
2006-09-18,91.90231323242188,92.07618623389176,91.56151832908924,91.65888678541774,64154100
2006-09-19,91.67278289794922,91.89534539322442,91.1581256992621,91.88838368251965,92089100
2006-09-20,92.15961456298828,92.34044922283258,91.84664537557818,91.97879051550666,75204100
2006-09-21,91.71451568603516,92.32655196886637,91.40154644590172,92.22918352499454,88932500
2006-09-22,91.43630981445312,91.58235715275563,91.10942781224459,91.57540605505268,65966800
2006-09-25,92.13878631591797,92.396125597819,91.14423775133233,91.61716726424575,92299100
2006-09-26,92.90381622314453,92.91772903364695,92.08313020134148,92.1526836414886,73962700
2006-09-27,93.01508331298828,93.17504346612115,92.68820129634935,92.8412103514724,82432200
2006-09-28,92.98030853271484,93.18895821334765,92.69515432292881,93.01508524821425,58597500
2006-09-29,92.90381622314453,93.15419375036318,92.83426278299741,93.0568253015762,47966600
2006-10-02,92.55604553222656,93.07766435694897,92.46562820665213,92.87596580180016,51687400
2006-10-03,92.75080871582031,93.10550579690286,92.25700475208718,92.42392664384877,73108100
2006-10-04,93.83575439453125,93.89139501320781,92.55605200205906,92.66037152935081,80890500
2006-10-05,94.01660919189453,94.17658000254045,93.71755270761683,93.83578508133358,60505900
2006-10-06,93.89836883544922,93.96097117933769,93.47411830118422,93.85664101443389,64983600
2006-10-09,93.95396423339844,94.1000221489979,93.64099511409714,93.78705302969661,41176800
2006-10-10,94.07923126220703,94.2044147621367,93.78016410287184,93.96099886370614,56403700
2006-10-11,93.96788024902344,94.19043206568467,93.4045336925576,93.78009452608126,104071800
2006-10-12,94.78162384033203,94.85812836459046,94.16958764626463,94.204364359539,59158600
2006-10-13,95.02506256103516,95.08070318702715,94.61471427088973,94.69818051605986,53944000
2006-10-16,95.1711196899414,95.31717767471213,94.87901433276535,94.94856777548767,42273000
2006-10-17,94.87202453613281,95.07371245797654,94.35735686206519,94.91375233979971,90500600
2006-10-18,94.9972152709961,95.53969798521098,94.65643110653606,95.31018443498748,86848600
2006-10-19,95.15026092529297,95.19895046030479,94.74687428289232,94.85815555231994,64063200
2006-10-20,95.1711196899414,95.2476242319898,94.81642260173449,95.1711196899414,48094500
2006-10-23,95.60926055908203,95.83877413128043,94.85812812616807,94.97636046111337,66219900
2006-10-24,95.89439392089844,95.92916001417103,95.43536687620589,95.47709467802147,53234900
2006-10-25,96.22129821777344,96.26302602928845,95.63707701947419,95.79704778009912,78105400
2006-10-26,96.52034759521484,96.67335663456069,95.96395205326291,96.43689197824885,66843700
2006-10-27,95.91529846191406,96.49950915958827,95.72056156268933,96.40214070997591,80238000
2006-10-30,95.84574127197266,96.11698270045159,95.56058703341759,95.74142172731332,49717800
2006-10-31,95.83182525634766,96.15870730183235,95.4562642957718,96.02657275380528,71274100
2006-11-01,95.18499755859375,96.19345843366963,95.08762914194563,96.13086672561616,83005600
2006-11-02,95.12937927246094,95.28933943470228,94.83727395396473,94.94159349186909,60693100
2006-11-03,94.96247863769531,95.55365111767237,94.3226272332639,95.47019546868411,71346400
2006-11-06,96.03350067138672,96.1725968968256,95.2475916097326,95.25455331903967,63303300
2006-11-07,96.40215301513672,96.65948167645193,95.97790244216581,96.116998729029,63318900
2006-11-08,96.61076354980469,96.70813197233632,95.18500331016419,95.97786349716806,87517800
2006-11-09,96.10307312011719,96.77075006546958,95.90833622196546,96.68033271548306,95916300
2006-11-10,96.14478302001953,96.2143258273706,95.78312433976352,96.07522960030657,48991500
2006-11-13,96.38126373291016,96.70118404724829,96.02656670291867,96.10306062004695,59398200
2006-11-14,97.10454559326172,97.18801181180656,96.06130806651895,96.65248024328422,96704000
2006-11-15,97.38276672363281,97.68182310958316,97.04197191447653,97.06979752994714,76509600
2006-11-16,97.63314819335938,97.841787256106,97.01416087836331,97.6748760059087,76728800
2006-11-17,97.66095733642578,97.66790843397905,97.18106629618285,97.3201625337871,56353800
2006-11-20,97.71658325195312,97.88350507938154,97.32710960031457,97.57748703527665,69174200
2006-11-21,97.81395721435547,97.8348211174226,97.57053086209,97.70963769901981,51367900
2006-11-22,98.0086441040039,98.17556585583591,97.71653899756512,97.89041184275652,45505300
2006-11-24,97.6122817993164,97.95306600135947,97.50795165823875,97.53577727413801,30998000
2006-11-27,96.26995849609375,97.61226297677608,96.24214349792109,97.56357346452269,84545100
2006-11-28,96.68726348876953,96.78463190668927,96.05436346611039,96.14478078716502,106652900
2006-11-29,97.69573211669922,97.73745992591894,96.72899895778006,97.0002403300707,90034900
2006-11-30,97.73747253417969,98.09913128134247,97.20194081792994,97.6748808122757,83994300
2006-12-01,97.5218734741211,97.82789160310102,96.6525086133208,97.73747426162132,126080000
2006-12-04,98.26603698730469,98.44687165685008,97.52881733801019,97.54273014621289,87813200
2006-12-05,98.69027709960938,98.7320155198475,98.24516279499524,98.45381244673733,73374400
2006-12-06,98.60682678222656,98.80852534761442,98.41208992676685,98.66941849740375,53253200
2006-12-07,98.17562103271484,98.9684812278984,98.14084432166003,98.78069547809217,62857400
2006-12-08,98.3564453125,98.69027839224259,97.9113310020558,98.15475736767031,79625500
2006-12-11,98.64161682128906,98.82244089368456,98.30082197201175,98.35646259714055,39779400
2006-12-12,98.56511688232422,98.66943642657537,97.98785730861701,98.54425297347399,77451600
2006-12-13,98.66942596435547,98.99630798483497,98.45382518752079,98.91980345637458,55520200
2006-12-14,99.53878784179688,99.62225407824668,98.64855914366237,98.66247195179787,64755200
2006-12-15,99.5478744506836,99.93252835086994,99.47794416887139,99.75768663910263,70857400
2006-12-18,99.27517700195312,99.92559408052024,99.1353056890722,99.68780110997584,48954600
2006-12-19,99.46398162841797,99.70176386168629,98.7436344284324,98.99540699056773,65023600
2006-12-20,99.4079818725586,99.77165554297099,99.31706078708326,99.50589278326706,41469600
2006-12-21,99.04435729980469,99.6108428976819,98.83455572391993,99.49895228104144,48698400
2006-12-22,98.4358901977539,99.06531613290834,98.37993956573034,99.05832630571484,62069100
2006-12-26,99.01634979248047,99.03732994211877,98.45685423531536,98.47783438495367,32696900
2006-12-27,99.66679382324219,99.72974496767961,99.191229354568,99.21919934093356,39727100
2006-12-28,99.45698547363281,99.79966847287146,99.3031238803648,99.5968567389237,37288800
2006-12-29,99.04435729980469,99.68777369933773,98.91147585408156,99.35208050642792,45461200
2007-01-03,98.8695068359375,99.91156748091278,98.31002178750113,99.48495319500942,94807600
2007-01-04,99.07929992675781,99.34506274347581,98.33797277642992,98.77157680666143,69620600
2007-01-05,98.28900146484375,98.89045731576665,98.17711089162952,98.84150719088981,76645300
2007-01-08,98.74362182617188,98.89748340958973,98.08621518274883,98.48485946837495,71655000
2007-01-09,98.65969848632812,99.030362107571,98.1911132497077,98.82753972070677,75680100
2007-01-10,98.98837280273438,99.0093636246384,98.12116479500241,98.31698664652193,72428000
2007-01-11,99.42198181152344,99.74368454718834,98.96039718575385,99.01634780749774,54476800
2007-01-12,100.17731475830078,100.17731475830078,99.38702677671223,99.41499675618377,55370600
2007-01-16,99.98149871826172,100.31719184895505,99.82063664457156,100.05842950565938,44871300
2007-01-17,100.02344512939453,100.33116823623317,99.82062277648237,99.90455405111427,50241400
2007-01-18,99.68775177001953,100.19129678436146,99.52690037339391,100.12835632544167,68177300
2007-01-19,99.88361358642578,100.07943551922033,99.63184100547637,99.68778098213626,56973000
2007-01-22,99.57587432861328,100.07941940945656,99.26115064946629,100.05843925371254,60253600
2007-01-23,99.8696060180664,100.06542791706022,99.35207061558665,99.49194187608323,54064400
2007-01-24,100.67383575439453,100.6948159019721,99.94649907156395,99.9884593667191,55834700
2007-01-25,99.4919204711914,100.65287195938042,99.3170787653132,100.61091165740818,73583800
2007-01-26,99.4010238647461,99.76468698007506,99.01636992402092,99.70874701732623,67255600
2007-01-29,99.34503936767578,99.86956437946765,99.12823740357334,99.44295027635071,66114600
2007-01-30,99.86258697509766,99.91154777650115,99.35205216691443,99.55487452774156,70407600
2007-01-31,100.53401184082031,100.79977473047765,99.58986206971757,99.75072417213865,91868600
2007-02-01,101.13545989990234,101.17043038337223,100.64590514580372,100.81374639206996,69312400
2007-02-02,101.27529907226562,101.37320999206136,100.97457648699654,101.21934845074094,49607000
2007-02-05,101.30329895019531,101.3662394095505,100.94661500419875,101.19838751311141,45705300
2007-02-06,101.3312759399414,101.42918688509738,100.9396321593175,101.38722657595805,57081300
2007-02-07,101.5550765991211,101.65997737002242,101.107482190788,101.49212546508784,55669700
2007-02-08,101.42220306396484,101.49213335950766,100.89767782567385,101.25435114597414,70641000
2007-02-09,100.66687774658203,101.63899735372546,100.28222380026791,101.45016529435443,79084400
2007-02-12,100.32414245605469,100.73676621283626,100.14231097124112,100.66683595167169,65657000
2007-02-13,101.17040252685547,101.33824372690788,100.54096601218795,100.54796650985035,64081800
2007-02-14,101.83483123779297,102.03764297620133,101.25435533615008,101.26834566443493,66039400
2007-02-15,101.96769714355469,102.0725979109756,101.7089241314296,101.87677603079517,38715200
2007-02-16,101.91869354248047,101.93967368715516,101.5690102359187,101.71588192012919,39841800
2007-02-20,102.13555908203125,102.24746037096581,101.40822204694511,101.79986588672182,56911800
2007-02-21,102.09355163574219,102.15650275139083,101.65295785513773,101.83478936209438,63971600
2007-02-22,102.01666259765625,102.40131658844977,101.52710782368891,102.14255420895854,79067400
2007-02-23,101.61802673339844,101.9607097319534,101.42919465631104,101.92574991932055,71966200
2007-02-26,101.52704620361328,102.07255128801974,101.23331351750883,101.98863071241482,69192800
2007-02-27,97.56165313720703,100.84867444194062,97.21196979262923,100.624882650585,274466500
2007-02-28,98.561767578125,99.29610492377265,97.77149027395375,98.1841141648873,177536300
2007-03-01,98.26802825927734,98.78556354898748,96.54759185421125,97.44977035860092,212828600
2007-03-02,96.98121643066406,98.37296054243383,96.97422660270291,97.94634626395617,162574000
2007-03-05,96.05809020996094,97.6176760945246,96.04409987779314,96.46371379935684,143750400
2007-03-06,97.7015151977539,97.99524789913288,96.31677227082804,97.0580991845208,143333300
2007-03-07,97.60365295410156,98.23308963211485,97.49175167736679,97.6246331095527,115144900
2007-03-08,98.42890167236328,98.722634490753,97.96032712839694,98.28901975470835,117891600
2007-03-09,98.45687103271484,98.9044654205115,97.96731633848287,98.82753463488275,107765100
2007-03-12,98.60372924804688,98.84850122583353,98.02325352185316,98.20508504862244,80366900
2007-03-13,96.68748474121094,98.44989251438528,96.54061298032424,98.03725788689084,190605200
2007-03-14,97.40780639648438,97.4637570206877,95.63840925807972,96.81334035187821,231853800
2007-03-15,97.54074096679688,97.90441488662051,97.07216623908961,97.19105737852314,132435900
2007-03-16,97.26760864257812,98.03996816126741,96.97972821162818,97.8152778598948,121531600
2007-03-19,98.44015502929688,98.53143677749372,97.70290491912439,97.78014084902476,96161200
2007-03-20,98.98079681396484,99.03696936781176,98.2716384100585,98.3558918839193,82147400
2007-03-21,100.60977935791016,100.86255054692025,98.87550094148874,99.07209956473865,152368700
2007-03-22,100.53250122070312,100.8835715739764,100.25866677370264,100.74314557543047,118942200
2007-03-23,100.68000030517578,100.97489824755377,100.51148260360763,100.6027643645181,74416800
2007-03-26,100.54656219482422,100.8625234176465,99.76718546449268,100.75720658131192,113787500
2007-03-27,100.30787658691406,100.51852105676464,99.97786941737348,100.49042941341241,99864600
2007-03-28,99.57757568359375,100.03396274520966,99.18436798491388,99.80225508331081,152907900
2007-03-29,99.68293762207031,100.13230733882696,99.13526861458,100.08315233655055,139432700
2007-03-30,99.70399475097656,100.29379045846872,98.69291027309373,99.87251240189653,128194100
2007-04-02,99.81632232666016,100.02696667487228,99.33886108979154,99.81632232666016,79416400
2007-04-03,100.890625,101.0942411416009,100.34295596941043,100.3850827080989,82417800
2007-04-04,101.00296020507812,101.07316785806579,100.51848133004346,100.89061510371559,63995200
2007-04-05,101.27679443359375,101.41722045302726,100.83444229425065,100.87656902869885,46822800
2007-04-09,101.41722869873047,101.66999983978967,101.21360184725033,101.56467228128702,50967400
2007-04-10,101.53656768798828,101.70508531401197,101.29784241981737,101.33996914786907,56620000
2007-04-11,101.12232208251953,101.71211778942435,100.78528678101522,101.68403687120824,106365700
2007-04-12,101.57168579101562,101.75423853321944,100.64485483717054,100.9257175718893,115534400
2007-04-13,102.03507232666016,102.03507232666016,101.36101266834363,101.740163860399,84287000
2007-04-16,103.00406646728516,103.11641158105321,102.38618976920036,102.39320732112846,83064600
2007-04-17,103.27788543701172,103.49554736603001,102.9689417775723,103.19363197128028,108424100
2007-04-18,103.40426635742188,103.70618172299737,102.91276999845184,102.93383336284933,88345300
2007-04-19,103.37620544433594,103.4955681159927,102.76534626767483,102.89875475770893,102947700
2007-04-20,104.35212707519531,104.35212707519531,103.2427436996727,104.07127513543897,124114100
2007-04-23,103.95899963378906,104.42943284024958,103.89580951213509,104.17666163981178,77270800
2007-04-24,104.00111389160156,104.19771250012923,103.43940970370573,104.07834982451034,114471000
2007-04-25,104.95596313476562,105.0823540010001,103.9308439635318,104.4293577387195,108418800
2007-04-26,105.07532501220703,105.18065251897637,104.68915629549521,104.96299067099287,88741600
2007-04-27,104.99116516113281,105.13861951651685,104.50668605407287,104.6822213413367,108191100
2007-04-30,104.12044525146484,105.1385578919101,104.06428342062327,105.06833953263201,100874100
2007-05-01,104.38729858398438,104.94901351275597,103.68515760147517,104.21176333835707,134342700
2007-05-02,104.99813842773438,105.28601874873765,104.4434518680283,104.54876871043479,87129800
2007-05-03,105.56685638427734,105.6019548475103,105.13152187373255,105.30003949528053,86569700
2007-05-04,105.96712493896484,106.10755100482038,105.47562835155938,105.84776224729652,96409000
2007-05-07,105.98814392089844,106.16367910815192,105.88984464458918,105.9389996396526,63461400
2007-05-08,105.84772491455078,105.96708756411961,105.41240104979173,105.72836226498195,80584000
2007-05-09,106.13557434082031,107.30113029356872,105.58087727401642,105.77045823351528,102070100
2007-05-10,105.0262451171875,106.03732980450619,104.8085831357993,105.83370292823803,153617800
2007-05-11,105.92498779296875,105.97413208997425,105.12454751095925,105.14561088307889,113408900
2007-05-14,105.69322204589844,106.23387329950556,105.17363415286425,105.92492972601578,108027500
2007-05-15,105.72135162353516,106.48668256928165,105.45453467540302,105.81262264751274,180673300
2007-05-16,106.44453430175781,106.46559766563193,105.58792179148755,105.88281959954205,114166500
2007-05-17,106.2339096069336,106.6973251255492,106.10050113516678,106.29008215893113,101132800
2007-05-18,107.16072082519531,107.16072082519531,106.5919885160447,106.73241452719753,99182000
2007-05-21,107.10455322265625,107.58903209024564,107.07647230465643,107.13264485447446,174664600
2007-05-22,107.0202865600586,107.53987454645033,106.99220564552094,107.21688510327341,82148800
2007-05-23,107.03433227539062,107.77859971884752,106.97815973255013,107.39242018295468,133786600
2007-05-24,106.06542205810547,107.57503169777473,105.84074250015777,107.09757022717538,187593000
2007-05-25,106.50775909423828,106.73946688616218,106.14966036407391,106.37435060369236,83309200
2007-05-29,106.89393615722656,107.07648893712775,106.33923883774746,106.6832917411436,82020000
2007-05-30,107.76455688476562,107.8066836146067,106.26197614213564,106.34624031563514,129013600
2007-05-31,107.65221405029297,108.05242866615096,107.51177734343536,107.89795685966078,114866700
2007-06-01,108.18585968017578,108.4105391731531,107.78563426700231,108.0454336578376,107771700
2007-06-04,108.19991302490234,108.40352916438711,107.76457839739989,107.80670513565056,78008800
2007-06-05,107.77162170410156,108.0594913602641,107.32926946309372,107.94715694719089,126917900
2007-06-06,106.61309051513672,107.39246748034637,106.54990039429259,107.32927735950223,164096800
2007-06-07,104.6891860961914,107.07646026912369,104.66109446753073,106.41644627522129,232414600
2007-06-08,106.05135345458984,106.15668101453743,104.6821808858276,105.02623377287844,175886000
2007-06-11,106.2339096069336,106.69029686041274,105.81262082386144,105.97411021471761,102015600
2007-06-12,105.07532501220703,106.40237017251323,105.00511738817494,105.7915113457448,233898000
2007-06-13,106.64814758300781,106.77453847674215,105.12450359126052,105.6721724652041,193208200
2007-06-14,107.3292007446289,107.51175342358529,106.7464228250425,106.76748618362153,146396500
2007-06-15,107.93994140625,108.35598744462855,107.84120767511253,107.98929751182189,154030800
2007-06-18,107.8129653930664,108.16554883810359,107.65078002114731,108.15850104280025,88537500
2007-06-19,108.0809555053711,108.15852431036595,107.43925091495869,107.57323437449482,110851700
2007-06-20,106.57891845703125,108.29952731165457,106.45199358742411,108.29952731165457,177119700
2007-06-21,107.17132568359375,107.26300087788269,105.9513892395916,106.53667940313004,205262000
2007-06-22,106.16288757324219,107.02319212194548,105.66927285513222,106.84690038262094,204964700
2007-06-25,105.65518951416016,106.65652552040841,105.08400587594777,105.94431061201952,232014400
2007-06-26,104.56920623779297,106.099428045988,104.56215844162404,105.92313630181748,198445700
2007-06-27,106.05712890625,106.17701678359545,104.40704045333005,104.45640731576596,213638000
2007-06-28,106.04302978515625,106.76935102258916,105.54235641993756,106.04302978515624,157705000
2007-06-29,106.0782470703125,106.93855151235789,105.1756343376735,106.40967635995257,199701800
2007-07-02,107.03730773925781,107.12898290405592,106.31804505544405,106.38855530836915,103357000
2007-07-03,107.42517852783203,107.53800787258982,107.17837644117276,107.31234918307425,54048400
2007-07-05,107.31230926513672,107.58027616925871,106.92447602179536,107.46744686647108,89279000
2007-07-06,107.87646484375,108.0104483204334,107.13603720312881,107.4533710205354,81109000
2007-07-09,107.96109771728516,108.14443730735346,107.62260972947082,108.00340602576269,72348100
2007-07-10,106.4238510131836,107.61558550972657,106.31808021881564,107.38992680174236,180362600
2007-07-11,107.17830657958984,107.22061486629674,106.1417105153047,106.30389586767832,175607600
2007-07-12,108.8707275390625,109.12458807742914,107.42513310558564,107.44628725378337,133882500
2007-07-13,109.19508361816406,109.62523579788011,108.87070215477512,108.99763777435913,111794300
2007-07-16,109.18096160888672,109.67457614759712,109.0046699336337,109.29379086344622,98378700
2007-07-17,109.12462615966797,109.63939521211292,109.07525928998261,109.25155109314846,126201300
2007-07-18,108.92719268798828,109.15989918604367,108.10214824579131,108.75794866394827,237887400
2007-07-19,109.35028839111328,109.67465929389574,109.12462971091843,109.4419528149441,145212700
2007-07-20,108.2431411743164,109.29384394270119,107.77068054638363,109.22332293435504,245502500
2007-07-23,108.57454681396484,109.10342198097709,108.10208628929972,108.72262583513229,121183900
2007-07-24,106.6917724609375,108.79316717134209,106.31097624388747,107.97517084434077,256732400
2007-07-25,106.91038513183594,107.4604146124855,105.95135743942203,107.19950622704806,265214500
2007-07-26,104.37883758544922,106.33920127073769,103.22941176450814,105.9090489075631,467592500
2007-07-27,102.32678985595703,104.97821405926662,102.28448155505241,104.5128119893206,422987600
2007-07-30,103.92755889892578,104.23077566957181,102.45375108160296,102.90505771791263,283017500
2007-07-31,102.75696563720703,105.39429484887755,102.27744634417712,104.59745246663536,316976700
2007-08-01,103.2575912475586,103.66658936945625,101.50878022564646,102.3761325607086,467670000
2007-08-02,104.08267974853516,104.19549831938664,102.43258037486535,103.49033114157812,294758400
2007-08-03,101.40304565429688,104.06857681323756,100.97994102970411,103.85702450094118,359398200
2007-08-06,103.10247039794922,103.53967048878702,100.50745027815144,101.69213641718797,324980000
2007-08-07,104.2025146484375,105.06986691283944,102.411384717079,102.91205794481891,232568700
2007-08-08,105.65518951416016,106.19111264482936,103.89931953447348,104.65385350791189,274930600
2007-08-09,102.52422332763672,105.03461597001466,102.45370232802185,103.96275918383296,357622100
2007-08-10,102.04473876953125,103.30698318116899,100.92351487003602,101.81908012611203,411018400
2007-08-13,102.41140747070312,103.58198735395314,102.2633284160723,103.3069726353578,181917200
2007-08-14,100.84593963623047,102.99670136941258,100.64144591864722,102.74284079172558,264134500
2007-08-15,99.45674896240234,101.86842957160488,99.16058011355165,100.6414351177996,323834000
2007-08-16,100.2042236328125,100.79656126319529,96.60786803692949,98.5752790092699,546743700
2007-08-17,102.04473876953125,102.82041614629308,99.7035787640403,102.60181606047841,388218100
2007-08-20,101.9953384399414,102.58062824927094,101.04335883537071,102.36907603047827,187320400
2007-08-21,102.1998291015625,102.93320867050346,101.64275200976432,101.96713350371753,157066400
2007-08-22,103.41272735595703,103.51850885286005,102.4819125911732,102.9614209451541,173156700
2007-08-23,103.321044921875,104.11787610738243,102.6793405367384,103.89927611596026,203915300
2007-08-24,104.59745788574219,104.59745788574219,103.15186289332718,103.29289418917296,128901900
2007-08-27,103.62428283691406,104.59741668694913,103.46914524458981,104.25893955823891,113024300
2007-08-28,101.34661102294922,103.13068282921219,101.16327146040676,103.0672203760239,219790700
2007-08-29,103.3351821899414,103.47622421806153,101.5158605391474,101.80497087280317,207654200
2007-08-30,103.06013488769531,103.7935144662119,102.46779729273453,102.56652022522799,191817300
2007-08-31,104.07559967041016,104.71730425192851,103.53967659968872,104.11790797073093,185477500
2007-09-04,105.12632751464844,105.76097369093586,103.941641022915,103.97690153493042,120062000
2007-09-05,104.21660614013672,104.6185564175827,103.65952905173833,104.5057271368969,166261800
2007-09-06,104.45638275146484,104.79485987144167,103.74415725235475,104.32944710647752,127878400
2007-09-07,103.00373840332031,103.58196968945178,102.43254415288227,103.29284866638935,235447600
2007-09-10,102.8062973022461,103.46210824001899,101.77675945670332,103.32107698501252,192305900
2007-09-11,104.0051040649414,104.15318313691053,103.0460763360113,103.1236451508511,162081900
2007-09-12,104.2730484008789,104.67499878479562,103.64545015581223,103.86405022004962,149554600
2007-09-13,105.00640106201172,105.38718643693602,104.5057278505448,104.75254055873135,154079000
2007-09-14,104.99935150146484,105.13333493967251,104.18136604081715,104.33650362611094,121911000
2007-09-17,104.43525695800781,104.82309027411391,104.10382754388341,104.58333603070373,109870800
2007-09-18,107.50980377197266,107.5380057276003,104.45642828535968,104.95004320883096,263759500
2007-09-19,108.14448547363281,108.8708071193176,107.68613091431783,108.1797459997344,193779900
2007-09-20,107.38285064697266,108.19378854965868,107.26297352501017,108.13032608979557,175186800
2007-09-21,107.67263793945312,108.48742293290006,107.50968310297213,108.19694104466232,141457500
2007-09-24,107.47425079345703,108.27487328814077,107.2404403973713,107.99146183332098,139450200
2007-09-25,107.26171875,107.45302017315058,106.60988847557122,106.85078015743848,142289900
2007-09-26,107.82849884033203,108.23943731042864,107.26168678464565,107.87100785257637,135547000
2007-09-27,108.4661636352539,108.47325567851084,107.82850678253999,108.33863658912773,102713300
2007-09-28,108.10479736328125,108.536990256073,107.6796857008164,108.2960986924943,133372100
2007-10-01,109.3234634399414,109.64229185177713,108.04813898155743,108.11899454465029,148162300
2007-10-02,109.17465209960938,109.57141723744506,108.97626953069154,109.5430815037593,112978800
2007-10-03,108.95503234863281,109.40139860517796,108.40947479185995,108.97628685503584,119055900
2007-10-04,109.12505340576172,109.29508941677692,108.82038753429559,109.18881690989242,76864400
2007-10-05,110.42166137695312,110.59878947617119,109.55727538788572,109.84067602221812,134579700
2007-10-08,109.83361053466797,110.16661227381638,109.65648241005891,110.09575669955566,71280400
2007-10-09,110.86801147460938,110.88218474895304,109.8406707110285,110.2445279470175,94054300
2007-10-10,110.68374633789062,110.83961984394655,110.10985334333712,110.5562085551925,101711100
2007-10-11,110.15240478515625,111.60485711805019,109.49348274451917,111.18682665741402,233529100
2007-10-12,110.76175689697266,110.77593017361352,110.0107354006432,110.14535450112535,124546700
2007-10-15,109.82649993896484,110.78299597470158,109.06839731543741,110.71923245526338,161151900
2007-10-16,108.95503234863281,109.47933539900266,108.73539524177437,109.40139860517796,166525700
2007-10-17,109.28802490234375,109.88317265400188,108.02687384290816,109.80523586668664,216687300
2007-10-18,108.89122772216797,109.24548377653846,108.4590349033945,108.72118092409687,148367500
2007-10-19,106.0430679321289,110.86803647999,106.03598669888031,108.4661794614539,297169900
2007-10-22,106.65943908691406,106.81531266101494,105.32744328692468,105.46914358764185,261989800
2007-10-23,107.52381896972656,107.6584380317525,106.45396932637411,107.31127393604281,180085100
2007-10-24,107.32540893554688,107.50962899898768,105.45493744046416,107.13411845417825,326694200
2007-10-25,107.58053588867188,107.8993643528957,106.19185743661698,107.44591678330023,237374500
2007-10-26,108.84166717529297,108.84166717529297,107.62302503003019,108.44490197656386,176484000
2007-10-29,109.2030258178711,109.42266294446645,108.79208730541704,109.06131468106207,106841000
2007-10-30,108.44485473632812,108.93372979002964,108.31023571446408,108.72117400871991,132981600
2007-10-31,109.57139587402344,110.01068074329801,108.28899065675301,109.09669404730681,220954400
2007-11-01,107.00663757324219,108.69290071285744,106.69489035640149,108.60787186487394,333040800
2007-11-02,107.1270980834961,107.69391029991495,105.71716499271658,107.36090852818302,331228200
2007-11-05,106.31229400634766,107.0987432488326,105.54709927222376,106.02180131069062,226841000
2007-11-06,107.74349212646484,107.77182786725542,106.2060106152886,106.88618731572353,177800500
2007-11-07,104.79603576660156,107.07744577767946,104.54097095756684,106.58857065944312,306639700
2007-11-08,104.26466369628906,105.14321195367185,102.78387571128067,104.85273015204237,374509900
2007-11-09,102.8334732055664,104.53389837495807,102.65634513329479,103.22315712677187,277745100
2007-11-12,101.8132095336914,103.87498280360221,101.8132095336914,102.88306996466184,243087800
2007-11-13,104.91649627685547,105.07945106881702,102.89015079010909,102.99642330420595,191117400
2007-11-14,104.62601470947266,105.85173801604267,103.99543916679373,105.72421098565468,230558800
2007-11-15,103.11690521240234,104.49851324587357,102.39423024131234,103.84668303865206,263111100
2007-11-16,103.29399871826172,103.77579268188484,102.42962369809882,103.66242812443949,308770600
2007-11-19,101.85572814941406,102.98935219604924,101.45188174511438,102.93266991261348,267746000
2007-11-20,102.4792251586914,103.10980071336337,100.6866897905439,102.03995096428004,414767500
2007-11-21,100.38199615478516,101.96198603216313,100.37491492526343,101.37391965073651,259012400
2007-11-23,102.11787414550781,102.26665566396218,101.10469600534012,101.3668528895866,77688400
2007-11-26,99.86479187011719,102.6492504223078,99.65932809012138,102.33041128525772,214232000
2007-11-27,101.01264953613281,101.480259649464,99.86485173893357,100.4245827635471,293897900
2007-11-28,104.24346160888672,104.48435329664471,102.1250050569056,102.16043284888042,258596900
2007-11-29,104.27889251708984,104.66149542384677,103.51370832566734,103.88212714048686,199409900
2007-11-30,105.32746124267578,106.18475523533827,104.38513840625569,105.5966886166231,222908000
2007-12-03,104.63309478759766,105.17865230400504,104.35677541376225,104.9944429917948,146430400
2007-12-04,103.6978759765625,104.533915424746,103.66244819412188,103.91043186016483,136533900
2007-12-05,105.43376159667969,105.71008108694011,104.73942225390513,104.81026702950967,171130000
2007-12-06,106.94284057617188,107.1341419104612,105.26367000585154,105.30617901101829,154457400
2007-12-07,106.92157745361328,107.33959705210435,106.66651263213706,107.28291477943874,148980100
2007-12-10,107.75057220458984,107.87101802098285,106.88618617067138,107.18376009547322,123914300
2007-12-11,104.79603576660156,108.32442328238389,104.73935349670079,107.79303916448136,250346400
2007-12-12,105.8304672241211,107.53090304488607,104.29299699849246,107.02785461001214,322435600
2007-12-13,105.61084747314453,105.84465784223215,104.36386964905087,105.08655526159076,237551300
2007-12-14,104.2717514038086,105.6391857318968,104.2221611657334,104.81021684697647,159152900
2007-12-17,102.7839126586914,104.05922649862063,102.63512027814356,103.87501714221906,177269400
2007-12-18,103.35777282714844,103.78287370013945,101.99743057370661,103.5136463905569,245569300
2007-12-19,103.35777282714844,104.0733663238588,102.69176956731938,103.40028183334361,198917200
2007-12-20,104.00961303710938,104.05212204748254,102.86181570183264,104.03794877367805,214813800
2007-12-21,105.5089340209961,105.7154882739128,104.76816449874944,104.96759993895053,146084400
2007-12-24,106.29244995117188,106.47051812277667,105.75824543635751,106.00042640973822,45601400
2007-12-26,106.52037048339844,106.6129585317262,105.77248207283631,105.879318616452,67093100
2007-12-27,105.18131256103516,106.15000390697077,104.9320236269988,106.1428850923135,122981700
2007-12-28,104.91777038574219,105.85084587936677,104.63285478604307,105.80098157376236,116398100
2007-12-31,104.141357421875,105.13853448272793,104.03451003565979,104.77527945379184,108126800
2008-01-02,103.22966003417969,104.69695068174221,102.48178251823529,104.36930051210355,204935600
2008-01-03,103.17979431152344,103.62852946235847,102.61710382120708,103.21541011004327,125133300
2008-01-04,100.65123748779297,102.16838157535992,100.36633280047937,102.09714996932293,232330900
2008-01-07,100.56575775146484,101.30651638216028,99.78938332147088,101.00736323120158,234991000
2008-01-08,98.94182586669922,101.78378763022803,98.60705675209276,101.19972953497978,326365700
2008-01-09,99.9817123413086,100.28086556188333,98.07994559510013,99.070004182866,301824900
2008-01-10,100.63697052001953,101.71250888429985,99.26940870879248,99.49021143119263,335701200
2008-01-11,99.82504272460938,101.07152030131977,99.00593323585417,100.27377813012014,267076600
2008-01-14,100.6298828125,101.04300226885874,100.0030793796221,100.54441356925975,170365500
2008-01-15,98.41468811035156,100.77943798128634,98.2223714959284,99.56856606005927,239940100
2008-01-16,97.56710815429688,99.09137124680902,97.0685194545814,97.83777524917892,378802600
2008-01-17,95.0385513305664,98.20817388002752,94.68241494239506,98.1583095688419,397892600
2008-01-18,94.06273651123047,96.17106860834737,93.37896076564951,95.97163311018463,348561500
2008-01-22,93.10829162597656,94.32627190130206,89.74636348928534,90.60821283576777,435923700
2008-01-23,95.34481811523438,95.5798693957972,90.3446610296666,90.52272919357011,511913000
2008-01-24,96.14967346191406,96.4844424230102,94.95304995091983,95.78640751309007,259949300
2008-01-25,94.76072692871094,97.41038145095199,94.44733616376668,97.23231332912619,269603900
2008-01-28,96.3277816772461,96.52721720065982,94.06274842073174,94.91747364513643,217934600
2008-01-29,96.80498504638672,97.18960752141216,96.07134503652019,96.94031859802753,168968300
2008-01-30,96.0927505493164,98.67829408181473,95.87194766398365,96.56997214274405,334939200
2008-01-31,97.84488677978516,98.67824444479308,94.87471124498734,95.01716359595645,343680800
2008-02-01,99.41897583007812,99.44034313108632,97.95169652931023,98.25084961183842,206843600
2008-02-04,98.16542053222656,99.21958099702753,98.03720580535703,99.15547906780175,124694300
2008-02-05,95.53710174560547,97.04711577556009,95.20945165519663,96.82631306760422,286882500
2008-02-06,94.76791381835938,96.33491206270037,94.31205958603431,95.85769051233056,250792900
2008-02-07,95.39466094970703,96.00721580020739,93.82766345515775,93.87752775235076,297368100
2008-02-08,94.78213500976562,95.60124428125923,94.09122960960046,94.79637263874497,221643500
2008-02-11,95.26646423339844,95.60835205253701,94.04847325436667,94.80349137140699,188576300
2008-02-12,96.14967346191406,97.0898675570229,95.43027124540622,96.09269035487469,256654400
2008-02-13,97.13262939453125,97.62409932063076,96.2565369736344,96.87621077519321,181967800
2008-02-14,96.27788543701172,97.58134559108817,96.00721837280715,97.54572978762693,215207200
2008-02-15,96.25654602050781,96.31352914887411,95.38045351726957,95.80069186199796,154110300
2008-02-19,96.52716827392578,97.50297808090708,95.87899771715898,97.38189306509604,145190000
2008-02-20,96.81210327148438,97.26083854663183,95.27359164390921,95.43742218880296,220085700
2008-02-21,96.00724792480469,97.58849444313464,95.49442149709557,97.33920547900696,201051200
2008-02-22,96.598388671875,96.76221916484123,94.63252057201846,96.13541591485131,205491000
2008-02-25,97.8163833618164,98.04430490938411,96.00008631995516,96.54140950529228,190107000
2008-02-26,98.55001068115234,98.97024879292213,97.22518356920897,97.40325167098406,212420700
2008-02-27,98.4502944946289,99.10558381504036,97.87335557494136,97.9801920902855,168395800
2008-02-28,97.4887466430664,98.26513203195844,97.26082506414214,97.75229489385724,170831100
2008-02-29,95.31632995605469,96.64114663352976,94.57556032371774,96.58417438650504,252715200
2008-03-03,95.0884017944336,95.30920458399805,94.19094213956622,94.83198319755456,189483500
2008-03-04,94.72513580322266,95.0171593055772,93.3005906210196,94.18380167819846,282513100
2008-03-05,95.32347869873047,95.99301692987582,94.26218821867865,95.03144421605279,270681400
2008-03-06,93.35044860839844,94.88896008871146,92.98719348183192,94.71801074587076,247911700
2008-03-07,92.38890075683594,93.83481353186708,91.58402909259183,92.43163538176583,326434600
2008-03-10,91.17089080810547,92.54557167923122,90.87885644006565,92.48146975505188,235683600
2008-03-11,94.44733428955078,94.5328035084381,91.84753324143536,93.10825856210047,341440600
2008-03-12,93.56414031982422,95.28072009879175,93.42168795653309,94.54708010284472,229161100
2008-03-13,93.77069091796875,94.47584476081339,91.59826800951856,92.31765948023771,351504200
2008-03-14,92.3176498413086,94.59691993134734,91.01418971128243,94.56843381015433,484687800
2008-03-17,91.38457489013672,92.06835048587921,89.79620463347551,90.15234092621306,405311100
2008-03-18,95.18099975585938,95.22373437683669,92.58119800608297,93.03705207720493,334416600
2008-03-19,92.82339477539062,95.90752637745246,92.62394839617706,95.54427116888316,345971600
2008-03-20,94.54270935058594,95.13682368118862,92.52415143777516,93.08963862138805,245320700
2008-03-24,96.43243408203125,97.21265230538991,95.37305470892844,95.42315495517737,208977300
2008-03-25,96.5255126953125,97.0265698792652,95.75244835911658,96.53266675428773,192947200
2008-03-26,95.34440612792969,96.69726553871631,95.27998685175504,96.24631968326999,196934300
2008-03-27,95.04375457763672,96.2319830917953,94.74312042144392,96.0601874644472,225153200
2008-03-28,94.13475036621094,95.45898327629108,93.81264290550283,95.19414106316673,180896100
2008-03-31,94.4640121459961,95.00801555328997,93.8341054159089,93.97726305759382,166692100
2008-04-01,97.78530883789062,97.94993956147104,95.56632740990393,95.63791168392676,254547300
2008-04-02,97.84970092773438,98.54402668826292,97.33432488028589,98.10023489493594,210910800
2008-04-03,98.09307098388672,98.37939708126557,97.14106811149553,97.32001782652337,175884800
2008-04-04,97.98570251464844,98.75161251411419,97.43453435106619,98.15033318919562,204446800
2008-04-07,98.03580474853516,99.18824120986797,97.87832814470912,98.68717333102741,154245500
2008-04-08,97.93563079833984,98.00720414966374,97.31287820068461,97.48467390386996,148937300
2008-04-09,97.22697448730469,97.92130035542372,96.55412171430476,97.78529680485241,195610600
2008-04-10,97.36296844482422,97.82823335619688,96.56126625787493,96.93348474030766,192967800
2008-04-11,95.4732666015625,96.71874977332092,95.20841356529225,96.26780386592309,222973300
2008-04-14,95.1511459350586,95.58778371655312,94.87914977044998,95.33726064593401,160522000
2008-04-15,95.37303924560547,95.6951465319738,94.72165969440563,95.6164082244417,172389200
2008-04-16,97.95707702636719,98.00002320982674,96.28926439460481,96.30357250760889,189268900
2008-04-17,98.10020446777344,98.24336200939042,97.105244808538,97.36293275233669,179665700
2008-04-18,99.12384033203125,99.89690454608854,98.96636368163666,99.45311267073602,218530600
2008-04-21,99.17390441894531,99.48169259353558,98.67284755204224,98.94484360994932,118587400
2008-04-22,98.73731231689453,99.00215444241927,97.99287526676609,98.91626206056813,162166000
2008-04-23,98.5798110961914,99.33855607268279,98.1503274495398,98.8446531557003,193309000
2008-04-24,99.00930786132812,100.02574097604075,98.09307523225796,98.8375121954604,229381300
2008-04-25,99.92549896240234,100.1330757714684,98.71579745938111,99.78233049025093,190788100
2008-04-28,99.94703674316406,100.39082871187543,99.76808695936393,100.1259865269642,105610200
2008-04-29,99.55330657958984,100.01857146885966,99.21688024221982,99.7752024782331,125514100
2008-04-30,98.96637725830078,100.63419043193207,98.96637725830078,99.70364943982429,208395900
2008-05-01,101.01351928710938,101.01351928710938,98.97349933867608,99.05223764054544,187279500
2008-05-02,101.29271697998047,101.90830458374327,100.61271008473963,101.88683148658394,181585500
2008-05-05,100.80596923828125,101.36429155546779,100.50533498458277,100.96344588386981,118504500
2008-05-06,101.67922973632812,101.7865951958989,99.98994399833079,100.22615893161026,179339800
2008-05-07,99.86829376220703,101.67209963511576,99.58913254933586,101.56473413871436,199267300
2008-05-08,99.61054229736328,100.44087134887872,99.48169286140097,100.025706823121,178321200
2008-05-09,99.42449951171875,99.77524503408456,99.10239207236117,99.20976850029933,152588200
2008-05-12,100.5411376953125,100.61271104578516,99.30279749542095,99.675016053449,147865900
2008-05-13,100.55545043945312,100.84893067990811,100.01860113618393,100.7845113848503,159132200
2008-05-14,100.76300811767578,101.7865952401076,100.54111221965064,100.97774995913436,181910800
2008-05-15,102.02279663085938,102.09438087591798,100.80594092041937,100.9562525439312,166927000
2008-05-16,102.11590576171875,102.26621746147389,101.36431449625957,102.25906340222816,204236800
2008-05-19,102.39505767822266,103.28980650287993,101.8582083834283,102.22326197188679,165664400
2008-05-20,101.56471252441406,101.88681986729713,100.92765189614302,101.83671962038098,178552100
2008-05-21,99.84679412841797,101.72933783914004,99.49604872967222,101.50744192406145,252724800
2008-05-22,99.86111450195312,100.3335444630222,99.49606094415934,99.80384927131814,170820400
2008-05-23,98.52256774902344,99.96848469663581,98.43667536951834,99.53184689710945,181376400
2008-05-27,99.2527084350586,99.49607751411818,98.44385193569425,98.63712075599581,168322900
2008-05-28,99.71076965332031,100.21182660188528,98.7802290790012,99.61771231922171,181288100
2008-05-29,100.21185302734375,100.8775408083573,99.55331930383109,99.58911143578588,173927200
2008-05-30,100.4623794555664,100.74154058820935,100.16889928677594,100.5482718280029,117362000
2008-06-02,99.42449951171875,100.11167151494625,98.78028463300359,100.09019841380432,181069900
2008-06-03,98.84465026855469,99.9398215210824,98.22906288485353,99.71077159252192,271965700
2008-06-04,98.79456329345703,99.61057357000212,98.39371767301019,98.56550241193084,246637700
2008-06-05,100.77019500732422,100.8489333441062,99.00933536253049,99.19543919391185,237867100
2008-06-06,97.55621337890625,100.06867415024446,97.50611314259943,99.8897244507348,384276300
2008-06-09,97.79242706298828,98.42233349245124,96.92631664469944,97.9642227043571,228263900
2008-06-10,97.30569458007812,98.13602384320757,96.88337589222247,97.11242583798932,260234900
2008-06-11,95.87409210205078,97.53473962260266,95.8669271238967,97.32716277836722,283890100
2008-06-12,96.23918151855469,97.25561487399575,95.57349363482872,96.34655793098676,252791800
2008-06-13,97.45599365234375,97.72084661208673,96.21766489582676,96.75451394845933,244726900
2008-06-16,97.51325225830078,98.01430915571491,96.96209513225584,97.02651439287597,185832500
2008-06-17,97.04084777832031,98.1503271716202,96.89767928169327,98.11454596968626,191707700
2008-06-18,96.09598541259766,97.00505291382926,95.7094588804031,96.41093862072341,265893000
2008-06-19,96.21770477294922,96.80466522309125,95.55917097279266,96.02443597567971,304204900
2008-06-20,94.6559066772461,95.74216520539032,94.39692975291878,95.56232042396454,289275700
2008-06-23,94.56239318847656,95.12350808362142,94.46888135718937,95.02279543518145,165096400
2008-06-24,94.37535858154297,95.2745825775149,93.65597938476543,94.27464593306833,267300600
2008-06-25,94.82137298583984,95.96518330822624,94.4113325394689,94.75663149065323,287853900
2008-06-26,92.2459716796875,94.54079258487839,92.13806921389765,93.92932698398077,297775000
2008-06-27,91.74246215820312,92.69923816246734,91.38996775763253,92.28199675615862,303423400
2008-06-30,92.06613159179688,92.7351543159011,91.57695362698489,92.00138462446988,258842600
2008-07-01,92.3539047241211,92.41864621733616,90.59142240031012,91.01585349163832,388622000
2008-07-02,90.77124786376953,92.91499982678161,90.6057882689746,92.64882211661593,288064600
2008-07-03,90.86477661132812,91.44028211359553,89.91519637448594,91.44028211359553,239352500
2008-07-07,89.93678283691406,91.60574231809866,89.14546683511946,91.21008706141517,372427300
2008-07-08,91.53380584716797,91.64171382246735,89.3468924689155,89.91520268295987,375973700
2008-07-09,89.77131652832031,91.89348263021411,89.48356379710755,91.72083318685719,336729400
2008-07-10,90.13819122314453,90.490685397667,88.90085846049696,89.51232951503525,436475700
2008-07-11,89.08792877197266,90.56985384371333,88.11676782671047,89.18145159240628,481124600
2008-07-14,88.2822265625,90.2821000927812,88.05202541128264,90.10945060147527,322720800
2008-07-15,87.03771209716797,88.83616059774505,86.33991320079538,87.62041314348684,502502500
2008-07-16,89.17422485351562,89.61304650558101,87.11680036664639,87.3685819321528,371642900
2008-07-17,90.06626892089844,90.82881456503586,89.26775761170396,90.02310792745898,375490600
2008-07-18,90.62740325927734,90.94392640737728,90.03031714525486,90.7640815890641,267030100
2008-07-21,90.67776489257812,91.21729937907479,90.05909824232099,91.00867871901798,222863000
2008-07-22,91.70647430419922,91.9366754574623,89.81450325890316,90.03031924127474,296904200
2008-07-23,92.20282745361328,92.90781597091402,91.756815878137,92.00140216295593,311698400
2008-07-24,90.28926849365234,92.37546889159256,90.037486917169,92.32510708786916,248634500
2008-07-25,90.26769256591797,90.99426151074813,90.04468131110022,90.56263514516762,219131000
2008-07-28,88.94402313232422,90.68491907361678,88.78575886703827,90.28926389882835,205201300
2008-07-29,90.84317779541016,90.9151145965795,88.94401770472344,89.18860941481059,261505600
2008-07-30,92.4617919921875,92.5121537965236,90.84318906712521,91.44027501892617,354710000
2008-07-31,91.23886108398438,92.49058478645375,91.09498195750241,91.64890698970987,277402100
2008-08-01,90.75686645507812,91.56256750398714,90.25329781108324,91.44746970632589,248690900
2008-08-04,89.91519165039062,90.74247870827462,89.74973753187,90.67054189637751,188239600
2008-08-05,92.33949279785156,92.48336640858689,89.90079832343038,90.65614301243058,251577600
2008-08-06,92.74957275390625,93.0157505731561,91.7064803978938,92.09494589891828,209555400
2008-08-07,91.36834716796875,92.39705956963819,91.03023809009856,92.0517551635249,246312500
2008-08-08,93.06607818603516,93.46892875834033,90.9151360397238,91.0590151644238,260811700
2008-08-11,94.03006744384766,94.60556206754372,92.96537824092601,93.13803321414863,249425800
2008-08-12,93.05169677734375,94.02285203678113,92.60567424327438,93.72071411316585,213200800
2008-08-13,92.49057006835938,93.26748978559273,91.84312233486064,92.64882336123786,256393200
2008-08-14,93.18836212158203,93.72070659775173,91.90067838537172,91.9654198687717,239555300
2008-08-15,93.64154815673828,93.8789445060446,93.0156920392902,93.46889327264714,181000800
2008-08-18,92.36112976074219,93.8646302193531,91.83598582089839,93.82865905046306,172275100
2008-08-19,91.35396575927734,91.8575345071512,91.02305197615172,91.6632990439164,194673700
2008-08-20,91.77836608886719,92.04453278293336,90.88633225542578,91.64168233455706,225498200
2008-08-21,91.93665313720703,92.3970553319574,91.07339490572978,91.18130287071783,180609800
2008-08-22,93.26751708984375,93.26751708984375,91.93667203894192,92.56252848537686,167715300
2008-08-25,91.37554931640625,93.26751475557259,91.18131933509783,92.65604898322606,171936900
2008-08-26,91.64171600341797,91.9870204349083,91.05902060673253,91.37554372313527,159117200
2008-08-27,92.53376770019531,92.67764137233154,91.57699186404595,91.75683669843063,171032800
2008-08-28,93.65599822998047,93.7639007404668,92.87906722390605,93.0013603947431,167537100
2008-08-29,92.64885711669922,93.62002358235318,92.4474317867181,93.32507542886039,189195800
2008-09-02,92.0733413696289,94.03005914104428,91.73523227079134,93.54087558186967,252364900
2008-09-03,91.99420166015625,92.44021869897342,91.3107936783752,91.99420166015625,251947000
2008-09-04,89.22460174560547,91.52661849021428,89.17424542088987,91.33957836051589,340042500
2008-09-05,89.50515747070312,89.88642756311893,87.76426114874573,88.69226096212657,289503400
2008-09-08,91.35396575927734,92.25319527416438,89.50516138041446,92.10931064844628,364075300
2008-09-09,88.64191436767578,91.62014410103005,88.3397763920435,91.43310395440747,377326800
2008-09-10,89.00157928466797,89.85044680552814,88.15990709125647,89.12387240916159,298916600
2008-09-11,90.28926849365234,90.45472260601565,87.4764936992087,87.85057388863544,375369400
2008-09-12,90.70650482177734,90.79283228650579,89.08071206592568,89.41162578141125,297851200
2008-09-15,86.39025115966797,90.39000350613225,86.24637750560277,87.49809585893996,483607000
2008-09-16,87.83621215820312,87.9944764836596,84.16737879556915,84.31125246138674,581744300
2008-09-17,83.8868179321289,87.65636380694265,83.44799613407375,86.06653626334455,624095600
2008-09-18,86.37588500976562,87.61321846553071,81.8653785516194,84.92274102538084,776114700
2008-09-19,89.80620574951172,92.61355205902983,89.23460582047365,91.67294346285115,501087800
2008-09-22,87.77302551269531,90.26201593500114,87.08566166756152,90.04495076275015,249966500
2008-09-23,85.77606964111328,88.28676052496215,85.58070983780821,87.44021609783452,327470400
2008-09-24,86.05101776123047,86.82520898722531,85.22617871746769,86.35490466783821,311818400
2008-09-25,87.39678192138672,88.20715227532718,85.69645654178859,86.39105733651051,328253000
2008-09-26,87.44017791748047,87.91048201170564,85.74708980250442,85.97862336148052,285917400
2008-09-29,80.58824157714844,86.3476449259726,80.2915917284784,86.20293849055258,459562300
2008-09-30,83.92372131347656,84.50979468972612,79.97317859448017,82.12933840003733,328154400
2008-10-01,83.97444915771484,84.43028505392138,82.44777207082915,83.40284918260707,332783000
2008-10-02,80.92829895019531,83.28705112773939,80.3566992082649,83.17128157586667,365337800
2008-10-03,79.83573913574219,83.5330446391992,79.3582035833837,81.65907075069947,461798000
2008-10-06,75.76944732666016,77.86772378102364,72.81738964687416,77.52765758239481,610637500
2008-10-07,72.37600708007812,77.65787331027113,72.1010627209917,77.30333325753388,540012100
2008-10-08,70.55266571044922,73.93160953635225,70.04618239714983,70.55989716449791,725414800
2008-10-09,65.6253662109375,72.80291896986616,65.29977397812794,72.10831815839497,534485200
2008-10-10,64.03355407714844,67.96962967614964,60.47372392109611,62.77459083077771,871026300
2008-10-13,73.33109283447266,73.33109283447266,65.08270030567735,67.9189934821704,455584000
2008-10-14,72.24578094482422,76.35550617351934,70.26327430005462,75.75496404646341,546268300
2008-10-15,65.13336944580078,70.7625413032186,64.90907277545939,70.51653369557526,484627500
2008-10-16,67.84664916992188,68.57019243108012,62.615434483058095,66.05226497355976,708811200
2008-10-17,67.44149017333984,71.33415228537527,66.31276405970704,66.55876620439156,476649000
2008-10-20,71.49327087402344,71.70309897360634,68.07814756529807,68.98981314826659,321294200
2008-10-21,69.35884094238281,71.37028984625908,68.89577380711039,70.16197421266372,356502000
2008-10-22,65.58194732666016,69.3588432600945,63.33172780341014,67.43421592964569,516168000
2008-10-23,66.34168243408203,66.89157133016289,62.087244586338684,65.32872077889567,634666400
2008-10-24,62.97718811035156,65.06099011952,60.777616562798265,60.821027379594874,545812600
2008-10-27,60.7414436340332,64.76434719577293,60.5605578512991,62.203003849834516,397288600
2008-10-28,67.83941650390625,68.18671417176792,61.161109893442635,63.194264654631986,639939500
2008-10-29,67.347412109375,70.30670157515856,66.63833724206062,67.84665323575817,531270100
2008-10-30,69.67720031738281,69.85084910969516,67.21715275880958,69.30095482714454,414582100
2008-10-31,70.06067657470703,71.3196399669306,68.36035146954268,68.79447620615126,411394000
2008-11-03,70.26331329345703,70.68296986960817,69.42400014115478,70.02454260148838,205419400
2008-11-04,72.6509780883789,72.97657033252018,69.97386483578549,71.67419031556157,346793400
2008-11-05,69.59761810302734,72.86803074682291,68.73659997893371,71.77547903308177,387844100
2008-11-06,65.74116516113281,69.0549958323969,65.16232813271847,68.34592074859928,477721900
2008-11-07,67.91178894042969,68.01308458223416,65.48068249672544,66.31275857171799,380391000
2008-11-10,67.02181243896484,69.12008906752207,65.78455408520732,68.88855543734869,301773000
2008-11-11,64.95246124267578,66.66726036597835,64.14209650878419,65.66877288163518,418498200
2008-11-12,62.09449005126953,64.3591787485894,61.58801191455189,63.838232173764546,454330600
2008-11-13,65.96542358398438,66.37061147667711,59.39565086314979,62.3187656709246,753141900
2008-11-14,62.67328643798828,66.6093559630823,62.60092773361929,64.69197174157418,540352300
2008-11-17,61.84126663208008,64.07701349875215,61.61696990337421,62.499688376429155,415254900
2008-11-18,63.00615692138672,63.1074525498618,59.98898244424096,61.609718020039985,523811800
2008-11-19,58.96877670288086,62.854206063090096,58.54912028002533,62.159605183982876,558327600
2008-11-20,54.591365814208984,59.69958770230358,54.30195277233161,57.977550294053586,814180400
2008-11-21,57.536170959472656,58.534664422931954,53.7882157820286,56.04567326441672,718536500
2008-11-24,61.522884368896484,62.94102853881636,58.14393856770078,59.272664320858055,523305300
2008-11-25,61.97871398925781,63.31726782309139,60.64739161297929,63.16532441148617,454112400
2008-11-26,64.37361145019531,64.53279176834525,60.95125117055412,60.994667497445825,370134200
2008-11-28,65.18397521972656,65.21291759726559,64.01907626489668,64.12760328042543,118308100
2008-12-01,59.41012954711914,63.34620611974366,59.229243756394794,63.317263730804214,369927100
2008-12-02,61.69651412963867,61.855694485637336,59.35947314349961,60.39413993729547,469508400
2008-12-03,63.17975997924805,63.54876836986368,60.15535071542343,60.34347339772466,519863500
2008-12-04,61.71825408935547,63.70799843488313,60.58952263415783,62.26814309757688,444173800
2008-12-05,63.62112808227539,63.9756625613238,59.50416717181513,60.52436532116346,471905300
2008-12-08,65.84243774414062,66.84092547211048,63.72969271500011,65.36489653498303,412859300
2008-12-09,64.75709533691406,66.66001134669519,64.38085542417745,65.38657970343685,370790000
2008-12-10,65.19850158691406,66.10293091142437,64.39536790513304,65.35044505100797,396187400
2008-12-11,63.628387451171875,65.84242776107034,63.21596806952027,64.78605540666793,365061000
2008-12-12,64.38807678222656,64.44596153516872,61.64584871377264,61.899093127846136,415060400
2008-12-15,63.490928649902344,64.50389043895456,62.43455602652711,64.40982627099118,256694200
2008-12-16,66.47915649414062,66.5804521146428,63.802048489102184,66.47915649414062,377699500
2008-12-17,65.83521270751953,66.87711697452772,65.16231712177643,65.7266800930065,281819800
2008-12-18,64.60516357421875,66.32719415196198,63.82373570726472,66.13183994532133,374673300
2008-12-19,64.32725524902344,66.09973790645509,64.25430913303275,64.99102149748158,301451300
2008-12-22,63.503013610839844,64.67737489661643,62.35782965971079,64.61173006741518,243759500
2008-12-23,62.8465576171875,64.13762297562157,62.58396710953839,63.845855126566015,221625200
2008-12-24,63.21126937866211,63.36444625538635,62.729851567520925,63.05808693692872,62061600
2008-12-26,63.575965881347656,63.67808377999075,63.09454816059473,63.63431499128078,74767700
2008-12-29,63.39362716674805,63.69998093744112,62.43808721766805,63.634330520858626,127795900
2008-12-30,64.89622497558594,64.95457966542914,63.37174070223692,63.83127692849027,168256300
2008-12-31,65.82254028320312,66.35501675157776,64.82324328715265,64.97642007709456,193987200
2009-01-02,67.80660247802734,68.15672508056889,65.53811520210874,65.96847411846169,227566300
2009-01-05,67.72634887695312,68.31718027011816,67.0261094156173,67.56587629029123,240349700
2009-01-06,68.17858123779297,68.89340650205018,67.60234136517293,68.30258074373441,328260900
2009-01-07,66.13622283935547,67.29599849634724,65.79339603782326,67.10634856177454,280899200
2009-01-08,66.40609741210938,66.44256490831135,65.40679452404375,65.76421271587476,263834400
2009-01-09,64.98372650146484,66.61032807516688,62.26300552073066,66.4936243052865,330953600
2009-01-12,63.42279815673828,64.85246019885942,63.02891792218484,64.80139567270352,277858500
2009-01-13,63.539485931396484,64.10113431305804,62.87571409715262,63.26230960298017,356432300
2009-01-14,61.540897369384766,62.54749054916357,60.65830370990314,62.39431368908909,435491600
2009-01-15,61.56278991699219,62.182793193603935,59.60795232478643,61.35855406728569,532647300
2009-01-16,62.04419708251953,62.72255499313882,60.57807318296258,62.627732803593204,399237200
2009-01-20,58.76912307739258,62.04420360454383,58.389828714329994,61.43879176917527,419855200
2009-01-21,61.3074836730957,61.44606907954962,58.696170218747795,59.76841379477944,364360700
2009-01-22,60.359230041503906,61.30017822294277,59.20675035586491,60.118521202413305,427940300
2009-01-23,60.6218147277832,61.263699339332796,58.76909587591594,59.00980469212469,386800600
2009-01-26,61.03757858276367,62.262998638598575,60.40298416572187,60.97192819789401,317978800
2009-01-27,61.65757751464844,62.10981776022666,60.760398311896566,61.36580979379172,273789700
2009-01-28,63.743751525878906,64.15222326726133,62.7809213033274,63.021630250217804,330007000
2009-01-29,61.67219161987305,63.81667319129092,61.61383694126085,62.810080027768585,294392500
2009-01-30,60.417606353759766,62.29220766317272,59.96536584846982,61.98585388459386,383383600
2009-02-02,60.23523712158203,60.67288606272895,59.30887472389631,59.49852463889632,288233300
2009-02-03,61.08135223388672,61.533592586359184,59.97264131057735,60.614525996176695,278385800
2009-02-04,60.78227996826172,62.270290337378064,60.57074850958766,61.48981488330789,322989300
2009-02-05,61.68675231933594,62.211933082389095,56.69754620034328,60.322741480017655,417679400
2009-02-06,63.4446907043457,63.70727569458569,61.76702944191724,61.89832471954216,366101700
2009-02-09,63.53219223022461,63.999018464009815,62.963248105611875,63.43007433939708,240075200
2009-02-10,60.6218147277832,63.48112649515014,60.14039709536569,62.926768314944034,536212800
2009-02-11,60.9792594909668,61.3075004767645,60.10396132552627,60.869845829034226,324442500
2009-02-12,61.022987365722656,61.13969111250179,59.11920984602184,59.93615276849458,469302200
2009-02-13,60.366539001464844,61.44607280405493,60.35194754831672,60.942778970621355,293998400
2009-02-17,57.784385681152344,60.512402289037304,57.747912624052056,58.470039086586134,478910100
2009-02-18,57.64582443237305,58.30959657142205,57.09876168414983,58.20018290877539,362964800
2009-02-19,57.025787353515625,58.462738878962796,56.90907803175026,58.23661595929409,316867500
2009-02-20,56.471439361572266,57.142501387393814,55.26790069819178,55.96814562470999,477176600
2009-02-23,54.450950622558594,57.09143516845035,54.40718184209695,57.09143516845035,379641400
2009-02-24,56.51518630981445,56.85800735042359,54.48740400054054,54.91776257939915,426260900
2009-02-25,56.07026290893555,57.200855438326606,55.16578220741346,56.26720296643979,461985800
2009-02-26,55.15849685668945,58.11263136687537,55.092846455125404,56.76321148703675,363353900
2009-02-27,53.925777435302734,55.209552399353115,53.838245426955716,53.98413210753408,470510900
2009-03-02,51.496803283691406,53.91846581742288,51.329040606734544,52.89728161440224,426452600
2009-03-03,51.11022186279297,52.2991689388708,50.79657249652608,52.23352411488818,443761000
2009-03-04,52.32107162475586,53.15260636512345,51.11023701667151,51.95636321003293,462753100
2009-03-05,50.18387985229492,52.32107137496844,49.7243436903323,51.132118387042276,485549400
2009-03-06,50.27140808105469,51.3874149736986,48.94386963362725,50.62153061845716,490470000
2009-03-09,49.68057632446289,51.05917356553158,49.403399957081554,49.56386697082341,379905300
2009-03-10,52.642005920410156,52.78789261054716,50.59964234356592,50.70176024415772,406227900
2009-03-11,52.98483657836914,53.794489681831976,52.3940107436833,53.24742707489809,356648300
2009-03-12,55.07096481323242,55.253319001355706,52.49612456733293,52.97024656945511,409702700
2009-03-13,55.501304626464844,56.15049049926002,54.509303202378,55.44295552975868,337474700
2009-03-16,55.33354568481445,56.87261521063176,55.29707262751733,56.13590286028619,360644900
2009-03-17,57.025787353515625,57.15708255799828,55.0344776796965,55.48671795402714,356814300
2009-03-18,58.302284240722656,59.00981941734419,56.216151776357336,56.75591864269407,473273200
2009-03-19,57.58015823364258,59.08275491107223,57.39780405181828,59.031695962761745,428520400
2009-03-20,56.354026794433594,57.97023222261371,56.2217918558083,57.86003550628632,371078200
2009-03-23,60.40190124511719,60.45332565026419,57.52946568734066,57.84536006319793,419933300
2009-03-24,59.211822509765625,60.50478697726183,59.145707779162755,59.68199038797457,330271000
2009-03-25,59.83625030517578,60.75454761252864,58.08046630190446,59.674634687148924,441775100
2009-03-26,61.05571746826172,61.19530037399611,59.74071579140269,60.42392882787495,422025200
2009-03-27,59.953773498535156,60.62963872862336,59.733379982061194,60.27701582807297,322332300
2009-03-30,57.8820686340332,58.67547819595224,57.27231838154891,58.624053813504005,324108500
2009-03-31,58.41840744018555,59.5644464558782,58.07313231103053,58.44779363082821,364238300
2009-04-01,59.54973220825195,59.81420223769831,57.54417435726498,57.691099660361374,377018300
2009-04-02,61.29081344604492,62.1576860135417,59.60114477224681,61.03369141433823,476230700
2009-04-03,61.90055847167969,61.91524875582385,60.73248191041863,61.33488444743922,284646300
2009-04-06,61.41571044921875,61.91526430819381,60.45333685811537,61.22470307832925,264866600
2009-04-07,59.983177185058594,60.717814981312,59.88032834197045,60.42395874184232,258947800
2009-04-08,60.62965774536133,60.93086193869366,59.90236788062377,60.28437707684542,230402800
2009-04-09,63.03925704956055,63.04660499566026,61.951996430110235,62.20177054909399,269653500
2009-04-13,63.053955078125,63.57554717206401,62.13565795397023,62.385432081416724,224847500
2009-04-14,61.966678619384766,63.00252029529059,61.76832893933893,62.46623239690901,276598800
2009-04-15,62.627830505371094,62.75271750256675,61.423025768669454,61.59198921079586,250726100
2009-04-16,63.5461540222168,64.02366959537491,62.275228475642756,63.12741080372065,335202900
2009-04-17,63.97224426269531,64.3909874751461,63.281683117487276,63.7885848606583,262649000
2009-04-20,61.29081344604492,63.95020350002248,61.22469314941181,62.84089918627085,293690100
2009-04-21,62.48828125,62.53970566503806,60.79126994890297,60.842694363941035,114090900
2009-04-22,62.10626220703125,63.428606499225566,61.760981644758964,61.92260281048982,340395200
2009-04-23,62.71601867675781,62.75274719663377,61.437745120519615,62.231155133734944,324903700
2009-04-24,63.6636962890625,64.14120623906057,62.951096929435835,63.2008710199062,287703000
2009-04-27,63.0612907409668,63.92082101782397,62.8409028174149,62.9437516360405,289581600
2009-04-28,62.862918853759766,63.61224649700936,62.267864383978086,62.42213755744599,247926300
2009-04-29,64.20000457763672,64.9126042257016,63.399251970119536,63.56086759739617,311505700
2009-04-30,64.22197723388672,65.39739553326343,63.8546586650292,65.05212078660009,301419800
2009-05-01,64.56731414794922,64.80239801376383,63.7077892890184,64.23672938831166,236110300
2009-05-04,66.76388549804688,66.8079675801465,64.92729088108523,65.05218357471851,287120000
2009-05-05,66.53607940673828,66.80054920112423,65.99979187789009,66.53607940673828,243036300
2009-05-06,67.68951416015625,67.73359062660847,66.56551942689958,67.35158150606108,291941000
2009-05-07,66.7491683959961,68.43148906197356,66.32307727084762,68.32864025312251,317728000
2009-05-08,68.30659484863281,68.48290627316688,67.17525246526425,67.60868588491864,299081700
2009-05-11,67.02835083007812,67.66748772931503,66.88142551305063,67.36628354311462,247923600
2009-05-12,66.82998657226562,67.46177538693759,66.00719040308252,67.31484449699042,282431300
2009-05-13,65.14764404296875,66.12471311793345,65.01540908842587,65.92635788369988,269619100
2009-05-14,65.70599365234375,66.20554748190388,65.01543246314108,65.17705364400473,260098700
2009-05-15,65.16971588134766,66.11739927689749,64.75832052384065,65.65457949970211,271502700
2009-05-18,67.02098083496094,67.10178580259708,65.06684241668574,65.7867896246922,241447400
2009-05-19,66.94017791748047,67.56461873587571,66.71243645771568,66.98425437847499,206102200
2009-05-20,66.49203491210938,68.17435528809195,66.4185722905705,67.54990899291455,285722200
2009-05-21,65.53704071044922,65.97047994842836,64.83913700782955,65.72070016954301,258988400
2009-05-22,65.39744567871094,66.11739309184097,65.14767155068759,65.72068806070901,166811900
2009-05-26,67.07242584228516,67.26342761332857,64.8832029782467,64.91258915952437,236318500
2009-05-27,65.87493133544922,67.4029784035464,65.77208255248482,67.17524261338785,246015800
2009-05-28,66.79322814941406,67.10177449879446,65.45618836392735,66.45529563273482,289095000
2009-05-29,67.97601318359375,68.83553779189626,66.6169348054946,67.16056503576628,258641500
2009-06-01,69.62161254882812,69.91546875058118,68.6372007185224,68.81351219763788,276246800
2009-06-02,69.68038940429688,70.06240417266676,69.22491758680206,69.34980465902862,230874500
2009-06-03,68.79879760742188,69.15142044109328,68.14497073201888,69.08530576159447,235310500
2009-06-04,69.44528198242188,69.54813078404094,68.54168099607729,69.05592500417264,210102300
2009-06-05,69.4599838256836,70.28277430917096,68.90900565341695,70.15053932363338,284257900
2009-06-08,69.1734848022461,69.86404039181696,68.3506886047525,68.93839537024174,238565100
2009-06-09,69.5261001586914,69.89341894888096,69.07062284111399,69.56283427964634,225125500
2009-06-10,69.34980010986328,70.15055251379704,68.46088916404838,70.14321017227093,296100400
2009-06-11,69.6583251953125,70.60600821118747,69.46731788234784,69.4820137705662,275414200
2009-06-12,69.84931945800781,69.8933959047496,69.05590978762713,69.34976584386123,184361800
2009-06-15,68.2478256225586,69.07061604452255,67.88050686851344,69.02653958758573,224190500
2009-06-16,67.32217407226562,68.53432696057382,67.27809761972894,68.49025050803714,227319000
2009-06-17,67.25604248046875,67.82905863870357,66.72710276368663,67.29277098006686,223445200
2009-06-18,67.74826049804688,68.07884507914959,67.0356613382795,67.3589035810206,211725100
2009-06-19,67.99797058105469,68.48556717351175,67.61379810312009,68.3969163220643,215655600
2009-06-22,65.95893096923828,67.37001745470627,65.93676825149794,67.33307583413908,251913600
2009-06-23,66.0106430053711,66.40219936587378,65.64124936165162,66.09929950900366,188309800
2009-06-24,66.57953643798828,67.28877181389939,66.19536375322285,66.6090886165473,211577700
2009-06-25,68.02752685546875,68.09401499807306,66.17316940179508,66.24704699463288,279411000
2009-06-26,67.8502426147461,68.14575874779666,67.42913395701198,67.79852771419985,167579000
2009-06-29,68.485595703125,68.57425222800353,67.6729306194921,68.04971380459956,168481300
2009-06-30,67.93147277832031,68.75152692458049,67.42909731607533,68.50034201170718,228888200
2009-07-01,68.21226501464844,68.8771750263386,68.12360846758894,68.21964883285989,173041100
2009-07-02,66.3504867553711,68.2343966575112,66.31355077163299,67.32568578275541,212309900
2009-07-06,66.34309387207031,66.4391341804615,65.50087690156577,65.70773641902316,174499600
2009-07-07,65.0575942993164,66.35786125502038,65.01326887421808,66.27659421800772,197088900
2009-07-08,65.01329803466797,65.60433027140178,64.27451055700129,65.44917994097077,248050500
2009-07-09,65.13886260986328,65.67817971726438,64.94678200634944,65.46393076426935,163777600
2009-07-10,64.98372650146484,65.375282846149,64.53306582341341,64.79164023627092,173520300
2009-07-13,66.56472778320312,66.61644266344499,64.71037027196046,65.2422979753049,217413500
2009-07-14,66.94152069091797,67.0006250303152,66.2913898670484,66.7715971242759,181487400
2009-07-15,68.89926147460938,69.08395818245944,66.99319009683755,67.82801718718123,220877900
2009-07-16,68.78849792480469,69.82280145209882,68.57424889414013,68.70723085674224,231174500
2009-07-17,69.54206085205078,69.68243227166039,69.1061789607381,69.49034595585265,138561700
2009-07-20,70.28083038330078,70.39903905104056,69.58637418807783,69.94837836915679,164179400
2009-07-21,70.60590362548828,70.8497047927383,69.75629708405634,70.8275420750792,217718300
2009-07-22,70.59114837646484,71.01964084573984,70.10354591751216,70.1552608174161,196068100
2009-07-23,72.14999389648438,72.46028331067264,70.5763728281695,70.6354771841582,258795500
2009-07-24,72.44548034667969,72.5045846830418,71.43334535985237,71.81012282203639,154003100
2009-07-27,72.65972137451172,72.69666298981386,71.91354471010152,72.31249048206838,159259400
2009-07-28,72.31987762451172,72.67449795599843,71.70668290365913,72.14995972714226,186685200
2009-07-29,72.14257049560547,72.46763302757935,71.64758442924833,71.98742586151586,194399300
2009-07-30,72.89614868164062,73.75314473914118,72.84443379103286,73.01435736674429,225575400
2009-07-31,72.99954986572266,73.48715204600954,72.68187119458068,72.88134686342464,207358000
2009-08-03,74.20381927490234,74.27030744525194,73.36898578161473,73.76793171321651,175776900
2009-08-04,74.39588165283203,74.4993114278012,73.71619866403455,73.87134332648833,176714600
2009-08-05,74.18164825439453,74.51410034196128,73.5684533371929,74.44760654254748,184726400
2009-08-06,73.79747772216797,74.63230550918131,73.45024671980373,74.5214919011935,193203800
2009-08-07,74.76526641845703,75.37846118029431,74.16685055785642,74.57318579437494,220640900
2009-08-10,74.61011505126953,74.78003858118328,74.07818738466852,74.42541825794967,130898700
2009-08-11,73.67924499511719,74.32937565837966,73.4797693080546,74.27766078330764,157301000
2009-08-12,74.4697494506836,75.03122364507333,73.51671331911575,73.55364929594467,219052400
2009-08-13,75.03861999511719,75.06817216119705,74.07081051112388,74.80959775362243,176449500
2009-08-14,74.46239471435547,75.06081080104865,73.65711338768672,75.00170644676992,199616100
2009-08-17,72.63017272949219,73.10299611847896,72.4824175341211,73.02911852079342,237667500
2009-08-18,73.2064208984375,73.46500092748116,72.65971994898614,72.7927018703661,173461500
2009-08-19,73.84920501708984,74.1003957225384,72.55632676615375,72.63020439604972,192812800
2009-08-20,74.61011505126953,74.78003858118328,73.78267702455582,73.94520546801829,174131300
2009-08-21,76.07292175292969,76.19112477840511,75.07556012264023,75.22331531360932,224605000
2009-08-24,76.06553649902344,76.79693431672091,75.79218318050034,76.38321524998287,191279000
2009-08-25,76.21329498291016,77.02595982599735,76.05076088699285,76.36843962814957,215310600
2009-08-26,76.22068786621094,76.56791881489515,75.7183122538274,75.97688669332628,194620700
2009-08-27,76.39060974121094,76.62702145730269,75.31198093426104,76.17636074279967,196230100
2009-08-28,76.37584686279297,77.09247161281631,75.85130843380192,77.00382072349457,147024400
2009-08-31,75.69615936279297,75.78481588348801,75.20117313770574,75.62967119964728,176051600
2009-09-01,74.0264892578125,76.27240344913996,73.87134459269943,75.31936710358816,321276800
2009-09-02,73.7457504272461,74.20380059708611,73.56105359631866,73.71619825791771,171805000
2009-09-03,74.35894012451172,74.44759098987593,73.57582178263046,74.17424330633682,143572300
2009-09-04,75.40061950683594,75.4227822209016,74.28505489787165,74.50668767502727,142687900
2009-09-08,76.05076599121094,76.13203304462391,75.64443072414609,76.09509142525447,132909100
2009-09-09,76.63441467285156,76.89298911932455,75.94734220850891,76.18375393621282,154612500
2009-09-10,77.41751861572266,77.46923349910658,76.2576228285405,76.6861207974357,162902400
2009-09-11,77.40271759033203,77.79427946574917,77.040713510114,77.56525164493954,152360100
2009-09-14,77.779541015625,77.91252298068557,76.20592579282571,76.7452374692096,149593800
2009-09-15,78.10460662841797,78.39273327013285,77.3953713844659,77.90513086938417,196795900
2009-09-16,79.28666687011719,79.30144013867697,78.11199756033783,78.38534530244958,206406300
2009-09-17,79.16845703125,79.83336115300493,78.73256955331034,79.17584084664706,229170900
2009-09-18,79.21895599365234,79.54557268821905,78.95172518234314,79.53814803697449,153799100
2009-09-21,79.01850891113281,79.4267796701034,78.43209187675401,78.60281916625225,151892000
2009-09-22,79.47872924804688,79.70142338638821,79.12984440754079,79.4861538962175,143126700
2009-09-23,78.81807708740234,80.19134250391926,78.6770370889986,79.66430575113048,225947400
2009-09-24,77.94955444335938,79.15951118141369,77.60809436384733,78.98878397333033,228636800
2009-09-25,77.53388977050781,78.20939121320971,77.26665905288372,77.7788522055545,204059000
2009-09-28,78.92198181152344,79.09271470095727,77.81594734349143,77.83079097314632,118285800
2009-09-29,78.68447875976562,79.44162879935422,78.5211704448832,79.06305661123413,133733900
2009-09-30,78.380126953125,79.02593553435133,77.66009453085658,78.95170602996109,254383000
2009-10-01,76.43527221679688,78.484038965372,76.42042292095415,76.45754049721394,281840600
2009-10-02,76.07897186279297,76.53177916339327,75.70781870907783,75.73008699216511,224748800
2009-10-05,77.21471405029297,77.43740824951682,76.16064025577742,76.38333445500126,149875000
2009-10-06,78.32074737548828,78.76613006874842,77.7269000089093,77.77143657923085,202491100
2009-10-07,78.5360336303711,78.61768780224956,77.99414736820933,78.14260640979778,159200300
2009-10-08,79.13726806640625,79.55295774520984,78.57311374278201,79.09273150463362,183305800
2009-10-09,79.61975860595703,79.61975860595703,78.95168194356373,79.15952675778688,135008300
2009-10-12,79.93154907226562,80.23589173492816,79.63462539559254,79.99093494026985,118031000
2009-10-13,79.76823425292969,79.95381082777737,79.2486221086952,79.71627303850624,157692700
2009-10-14,81.14149475097656,81.22314889192246,79.73853638504757,80.70353677985516,191421600
2009-10-15,81.43844604492188,81.43844604492188,80.71098884095277,80.74810076822104,173873600
2009-10-16,80.8297348022461,81.11180916528697,80.33981557555954,80.76292995179475,192069400
2009-10-19,81.4978256225586,81.75020709652395,80.71098259978571,80.96336407375107,159530400
2009-10-20,81.0672836303711,81.64628173313358,80.67386213302471,81.61658879666517,180921100
2009-10-21,80.33980560302734,81.88379825417509,80.2804197455436,80.94107183584576,225379300
2009-10-22,81.15633392333984,81.41613994696293,79.79791228980784,80.31010535305518,238444000
2009-10-23,80.22846984863281,81.47554471489879,79.89442860069586,81.42358349811053,240033200
2009-10-26,79.35999298095703,81.14152410297721,79.13729875902985,80.31756341053568,242028200
2009-10-27,78.9962387084961,79.71627675864293,78.80324313925823,79.44904602532353,253266300
2009-10-28,77.50418853759766,79.040762055396,77.45964631712108,78.7957996644877,248821400
2009-10-29,79.16697692871094,79.32286058963581,77.89763369259562,78.08321028846069,198110600
2009-10-30,76.87324523925781,79.14470656404715,76.7841721001256,78.90716875411441,325608100
2009-11-02,77.43738555908203,78.24650229338525,76.5169274211405,77.29634556334406,254222900
2009-11-03,77.68235778808594,77.7937048691388,76.85839731698168,77.00685631615363,228362600
2009-11-04,77.8827896118164,78.9294444010314,77.68236936672665,78.32075335234387,247996700
2009-11-05,79.31541442871094,79.33768270803958,78.26876565683752,78.43207392304322,180015300
2009-11-06,79.52325439453125,79.72368022293605,78.72156807095115,78.87745168007356,170954100
2009-11-09,81.33450317382812,81.3790397407119,80.07258469644006,80.13196489783586,159495700
2009-11-10,81.3493423461914,81.60172942583382,80.88911607804238,81.14149749433733,171899800
2009-11-11,81.7650375366211,82.26238138296148,81.37161611598324,81.88380359598938,169466200
2009-11-12,80.93368530273438,82.07683811259095,80.72584036700586,81.65372358961513,157144500
2009-11-13,81.37162017822266,81.72049938858515,80.7258116462475,81.14150136980977,150963000
2009-11-16,82.55191040039062,82.90822003477315,81.89125802672365,81.9357946072654,210922200
2009-11-17,82.64838409423828,82.68550167609109,82.02484949521556,82.33661679472692,147134100
2009-11-18,82.59642028808594,82.71519201561293,82.07680813852458,82.58900130262626,156486800
2009-11-19,81.52009582519531,82.62613087319535,81.00790255166258,82.03228909872806,208734600
2009-11-20,81.23058319091797,81.47554564285882,80.9188158866376,81.09696782289096,134196000
2009-11-23,82.26238250732422,82.94530293223153,82.0990742180317,82.18815301128603,148010200
2009-11-24,82.38858795166016,82.5444716202235,81.66113083169782,82.39601260159608,138420100
2009-11-25,82.67807006835938,82.76714885930001,82.26238037066454,82.52218643172382,109564800
2009-11-27,81.33450317382812,81.89123291326658,80.38435199132213,80.4660061395076,126001800
2009-11-30,81.60913848876953,81.80213400672034,80.25814154638189,81.26767834545687,160874800
2009-12-01,82.6186752319336,82.88590589405767,82.19556096079485,82.33659527561018,159613700
2009-12-02,82.58158874511719,83.14574320677647,82.33662626873702,82.60385703145202,132315100
2009-12-03,81.93577575683594,83.27192949918332,81.86897090139267,82.80427852103584,167324900
2009-12-04,82.4034194946289,83.42037544611745,81.68338151641312,83.01952938618246,274907800
2009-12-07,82.27722930908203,82.78942247915705,82.01742323127142,82.3291961879919,127973800
2009-12-08,81.36416625976562,82.22523832929325,81.11177925886128,81.68335808648995,169863700
2009-12-09,81.66852569580078,81.78729740629987,80.92621949522203,81.341914818622,155063400
2009-12-10,82.12877655029297,82.48508610074907,81.98773652733249,82.17331312034442,138014600
2009-12-11,82.47765350341797,82.663230078547,82.10650035315989,82.47765350341797,124854000
2009-12-14,83.04180908203125,83.13830686369286,82.4924983340715,83.04180908203125,107141500
2009-12-15,82.65580749511719,83.0789218704498,82.3960014161143,82.73746164328206,120408800
2009-12-16,82.78201293945312,83.23482032771749,82.59643632666769,82.98986350298578,155358200
2009-12-17,81.78730773925781,82.34403746002876,81.7130782424912,82.18815381781461,183390100
2009-12-18,82.25003051757812,82.31720073005798,81.55596868909163,82.24256589533849,174591200
2009-12-21,83.08586883544922,83.36199715010648,82.66047658626667,82.66047658626667,118039600
2009-12-22,83.38440704345703,83.56351810548921,83.16051394553831,83.26499587287691,91707500
2009-12-23,83.54857635498047,83.66798750768467,83.21274245221491,83.58589376365983,111783100
2009-12-24,83.94414520263672,84.0336978985842,83.58591733733053,83.72771669769905,39677500
2009-12-28,84.1232681274414,84.32476741551996,83.82474581331357,84.25760288410696,87508500
2009-12-29,84.00379180908203,84.35455482925185,83.99633288504427,84.33963128734118,80572500
2009-12-30,83.97396850585938,84.07099149075633,83.71276372697749,83.75754575609805,73138400
2009-12-31,83.16793823242188,84.1829099147605,83.13062083625425,84.16051606075878,90637900
2010-01-04,84.57849884033203,84.62327518691242,83.22022795362042,83.8620488258528,118944600
2010-01-05,84.8023681640625,84.83968557413895,84.22025300742887,84.52623982731122,111579900
2010-01-06,84.8620834350586,85.07104729014362,84.65311957997358,84.72028409317747,116074400
2010-01-07,85.22032165527344,85.32480359556855,84.46655420556837,84.70537088250559,131091100
2010-01-08,85.50392150878906,85.54123893066293,84.82478884263026,84.99643531803603,126402800
2010-01-11,85.62332153320312,85.92183809389257,85.25762906683323,85.8845263707256,106375700
2010-01-12,84.82478332519531,85.23524646991336,84.49640825434984,85.05613538301529,163333500
2010-01-13,85.54120635986328,85.780022964942,84.60832810661252,85.04117928880476,161822000
2010-01-14,85.77257537841797,85.92929827282762,85.39195938122988,85.4442003460331,115718800
2010-01-15,84.80982208251953,85.70538287296826,84.48144713556457,85.62329483006616,212283100
2010-01-19,85.86955261230469,85.9217935527279,84.77248716958175,84.79488102447924,139172700
2010-01-20,84.99640655517578,85.41433420830795,84.317274118836,85.28746412701243,216490200
2010-01-21,83.36199951171875,85.27999699746914,83.25751760150956,85.01879222194614,344859600
2010-01-22,81.50372314453125,83.39186820260709,81.4141647641998,82.98886403187277,345942400
2010-01-25,81.92163848876953,82.39927741787325,81.6529747760398,82.25001347320418,186937500
2010-01-26,81.57835388183594,82.44406782717803,81.37685463943433,81.60074205389853,211168800
2010-01-27,81.9664535522461,82.15302928789602,80.84699913834656,81.4738908770873,271863600
2010-01-28,81.02606964111328,82.2798581840523,80.53351290665691,82.2350818519663,316104000
2010-01-29,80.14545440673828,81.94404682427654,80.01858430173903,81.376855122028,310677600
2010-02-01,81.39176177978516,81.39922640024713,80.22753151654962,80.71262935751012,187865000
2010-02-02,82.37689971923828,82.53362262151396,81.25744553683631,81.54104424043473,216327900
2010-02-03,81.9664535522461,82.45155160370382,81.72763683836779,82.00376528307233,172730700
2010-02-04,79.43646240234375,81.36938369131416,79.42153315957053,81.33207197205677,356715700
2010-02-05,79.60065460205078,79.76483642536944,78.04834350472578,79.52601977146084,493585800
2010-02-08,79.0260009765625,80.10067880257775,78.96629538759757,79.66035720125936,224166900
2010-02-09,80.0185546875,80.71261623788105,79.30956389862169,79.95138450193477,337820500
2010-02-10,79.86184692382812,80.30216274741119,79.19017341054803,79.8916997126225,240511500
2010-02-11,80.69769287109375,80.7872512270851,79.29464612358237,79.75735575544938,223591600
2010-02-12,80.63055419921875,80.67533054463729,79.48871184033827,79.84693399136353,304622100
2010-02-16,81.89926147460938,81.98135523189862,80.46636157365961,81.24251711013359,159317500
2010-02-17,82.28731536865234,82.39926188258879,81.89923487951748,82.29477429410154,168845100
2010-02-18,82.77240753173828,82.94405390683372,82.12312234991458,82.15297513119984,193708600
2010-02-19,82.94407653808594,83.2649869071679,82.36196137878318,82.55600166316323,222684900
2010-02-22,82.95899200439453,83.27243770061189,82.71271080286527,83.25004953571586,132346900
2010-02-23,81.95150756835938,82.98886799121165,81.73507907594467,82.73512777559066,207497000
2010-02-24,82.70526885986328,82.83960357990854,81.98881891756787,82.19778277234094,176350700
2010-02-25,82.59329986572266,82.65300543481483,81.30219967366403,81.526087017005,259634700
2010-02-26,82.64556884765625,82.9291675501193,82.17540014271152,82.6679570202005,173589300
2010-03-01,83.5038070678711,83.58590081882517,82.96646822302178,82.98885639258422,147709700
2010-03-02,83.73515319824219,84.13815730357858,83.58589494908229,83.86202897324905,160992400
2010-03-03,83.80979919433594,84.30982065893019,83.60082964626979,83.95159284179763,150785000
2010-03-04,84.06350708007812,84.18291820450509,83.608262132413,83.92170779328006,135770400
2010-03-05,85.26508331298828,85.33224782281854,84.40683407085149,84.60833898801774,176118800
2010-03-08,85.28001403808594,85.46658972843198,85.13075576334437,85.2725551100356,114631200
2010-03-09,85.4217758178711,85.81731519643976,84.98146011533939,85.02623643930242,154556700
2010-03-10,85.80240631103516,86.03375828281456,85.38447869908872,85.4591078163882,186088800
2010-03-11,86.16062927246094,86.18302313234314,85.33969758571945,85.60090234597764,160791100
2010-03-12,86.16810607910156,86.54872203721467,85.9292894511132,86.53379279518178,162074800
2010-03-15,86.19049835205078,86.25020393534999,85.52628939590113,86.01885191736284,146816800
2010-03-16,86.87710571289062,86.95919377692005,86.19050285674057,86.42931950858116,168673000
2010-03-17,87.39204406738281,87.67564273431114,86.88455800922638,87.13830388522342,177468100
2010-03-18,87.3472671508789,87.51891358030277,86.99650397705062,87.39950811120411,196509100
2010-03-19,86.90511322021484,87.89428905639538,86.56789067682013,86.90511322021484,226641100
2010-03-22,87.3697509765625,87.52712497836629,86.35809445192491,86.41055054676433,184477800
2010-03-23,87.98423767089844,88.05917412639091,87.21237559919918,87.49714213426971,182941600
2010-03-24,87.55706024169922,87.99919490898417,86.61285090930413,87.6544827486566,196072600
2010-03-25,87.41470336914062,88.55375226702051,87.30979119633398,88.14908857878717,223396300
2010-03-26,87.36222839355469,87.99170129429196,87.01751622639617,87.57954805231876,205808500
2010-03-29,87.91677856445312,88.07414681416626,87.4446738153137,87.8043710382911,134513500
2010-03-30,87.97671508789062,88.29894689235799,87.6095225674968,88.02167580381709,145772500
2010-03-31,87.67699432373047,88.06666733845262,87.38473813336752,87.63952323582329,161078700
2010-04-01,88.2764892578125,88.61370614863122,87.75192266207975,88.2764892578125,161215200
2010-04-05,88.99589538574219,89.05584112062225,88.36641657257778,88.6137120247954,105847600
2010-04-06,89.20570373535156,89.36307198106803,88.64367183609956,88.74108864041429,110384200
2010-04-07,88.6961441040039,89.44552010642552,88.28398501575796,89.02587137460067,184576300
2010-04-08,89.00336456298828,89.15324315893675,88.12659621650414,88.38887661280916,158704000
2010-04-09,89.5879135131836,89.62537888717273,89.02588144777413,89.1907393844408,133006500
2010-04-12,89.73026275634766,89.9625731578032,89.59537487453876,89.70028703624746,110279000
2010-04-13,89.79772186279297,89.95509012692354,89.17573844935917,89.64035359866239,125043600
2010-04-14,90.81689453125,90.81689453125,89.98508657408242,90.12746415025497,161609000
2010-04-15,90.89183044433594,91.10165484354752,90.63703959008896,90.6670153210172,144615300
2010-04-16,89.44552612304688,90.89182213369818,88.98840627343837,90.56959020229031,366786700
2010-04-19,89.7827377319336,89.87266491115933,88.77857662502974,89.18324035561771,217947800
2010-04-20,90.58457946777344,90.65952165040918,89.82771373526774,90.34477934828222,157708000
2010-04-21,90.41971588134766,90.84685999616791,89.91762958857416,90.63702990209852,192910100
2010-04-22,90.689453125,90.80186063390116,89.26564373653001,89.7827091298219,115360300
2010-04-23,91.28146362304688,91.31893469965433,90.3971999575766,90.62951034143238,177335500
2010-04-26,90.93678283691406,91.51380559907923,90.84686136966744,91.3114708632032,143457300
2010-04-27,88.78604125976562,90.9292506420688,88.61368232188588,90.41218526299602,355853300
2010-04-28,89.46047973632812,89.68529476020223,88.62867215219096,89.21319007080689,300674100
2010-04-29,90.56958770751953,90.75693171556631,89.97757995601744,90.0000603222174,193775000
2010-04-30,89.0333480834961,90.68197847968321,89.010867721455,90.58455595445935,270000900
2010-05-03,90.1873779296875,90.4346733200669,89.32559460148529,89.46048247648463,182747900
2010-05-04,88.0666732788086,89.19823274596551,87.6170487800206,89.18324774016305,360353400
2010-05-05,87.54210662841797,88.27649764530726,86.90513815341464,87.34726726193136,328973200
2010-05-06,84.63453674316406,87.67700181419352,78.68448880760957,87.12246511296085,647356600
2010-05-07,83.37557983398438,85.25650957845195,81.98923530306328,84.40971671124372,637558800
2010-05-10,87.0475082397461,87.41470083391997,86.11078835450753,86.78522209805173,396159600
2010-05-11,86.80023956298828,87.94678414103079,86.11081488717382,86.23071209643945,317849800
2010-05-12,88.01420593261719,88.14160419343976,86.99505414974642,87.1449327750421,235607100
2010-05-13,86.92009735107422,88.1865442812924,86.84516091460861,87.77438530480612,234452500
2010-05-14,85.346435546875,86.42553885894326,84.58207451235023,86.26817057881419,345601400
2010-05-17,85.39139556884766,85.81853967344087,83.75775560934834,85.57873957467424,325739800
2010-05-18,84.22985076904297,86.34309053985473,83.95257963287163,86.08829976550837,360556800
2010-05-19,83.75028228759766,84.50714810219674,82.70115450704785,83.75777193284493,394742700
2010-05-20,80.5879135131836,82.34894635841617,80.53545741029706,81.966762913222,530418300
2010-05-21,81.764404296875,81.96673327276162,78.95424469282317,79.36640372166451,500909400
2010-05-24,80.7153091430664,81.97426137726299,80.64037266714843,81.32230203047465,269823000
2010-05-25,80.79769897460938,80.83517005173026,78.21984437880745,78.76689123144074,396505200
2010-05-26,80.31061553955078,82.03418243313537,80.07081547514014,81.29230187719065,349719300
2010-05-27,83.00086212158203,83.0308378385411,81.51709557716664,81.8243423880346,300870500
2010-05-28,81.9592514038086,82.97090781376244,81.56957270007452,82.9109563643749,297933500
2010-06-01,80.58036804199219,82.3938558623985,80.46047090307486,81.19485588681097,277909400
2010-06-02,82.67865753173828,82.68614717548135,80.56541738727603,80.99256148932845,240243700
2010-06-03,82.9634017944336,83.22568220520111,82.11660912044584,82.91844107181177,226618300
2010-06-04,80.04832458496094,81.92925948745052,79.77854883331767,81.38970798416398,398475600
2010-06-07,79.05169677734375,80.64037644066468,78.99175102417622,80.33312944255091,264609100
2010-06-08,79.89844512939453,80.05581335201447,78.42217397592906,79.11159829901159,357774300
2010-06-09,79.4713134765625,81.1424184686874,79.13409090394455,80.36306687608585,268023300
2010-06-10,81.79439544677734,81.89181227320353,79.4638355181776,80.82769967457132,317890600
2010-06-11,82.19153594970703,82.24399202572458,81.02251156001104,81.0749676360286,214128200
2010-06-14,82.06417083740234,83.27066670589709,81.98173901652738,82.82103651302084,207196100
2010-06-15,83.93011474609375,84.00505120508855,82.49880379496608,82.64118706915595,238268700
2010-06-16,83.90013885498047,84.24485113951079,83.33061147662002,83.49547511645741,216374000
2010-06-17,84.03498840332031,84.17737161222954,83.21817165539053,84.13990054126941,263185800
2010-06-18,84.12615203857422,84.42732402764726,83.8550926528185,84.20144503584248,174006600
2010-06-21,83.88518524169922,85.23294498905588,83.41835961080585,85.17271405642907,213140700
2010-06-22,82.49978637695312,84.2541411625268,82.37931874387019,83.88520149657134,239355400
2010-06-23,82.24376678466797,82.84611627586636,81.67906090539651,82.55246967820403,254639900
2010-06-24,80.8809585571289,81.94260861954194,80.67013589793709,81.83719728994603,268523600
2010-06-25,81.21977996826172,81.6338942359033,80.39153994400608,81.1218939229481,238726500
2010-06-28,80.96375274658203,81.55857688422206,80.67010618735884,81.34022328348196,169218600
2010-06-29,78.4639892578125,80.94869711961742,77.96705113214225,79.82681077438353,373649500
2010-06-30,77.71862030029297,78.96850016699346,77.4626172105669,78.24567703724722,284101700
2010-07-01,77.37223815917969,77.92188201001825,76.14494034512944,77.66588476321353,382924800
2010-07-02,76.95056915283203,77.86915810687867,76.51386773154242,77.63574823132008,233385200
2010-07-06,77.45508575439453,78.58449788163833,76.70966961438289,78.03484811880534,256935300
2010-07-07,79.89461517333984,79.99249549070558,77.56802317983968,77.65084719625962,253769400
2010-07-08,80.6852035522461,80.77555284418973,79.74402679791972,80.56473017033855,210842100
2010-07-09,81.28755187988281,81.29508290224886,80.51202316630066,80.66260914670008,144999900
2010-07-12,81.34022521972656,81.49834215965025,80.67763912702472,81.01646032050625,131283600
2010-07-13,82.56755828857422,82.89131758216884,82.01790852830072,82.18355655864306,213025900
2010-07-14,82.56002807617188,82.88379311743087,81.96520366341757,82.30402500554312,184426800
2010-07-15,82.58259582519531,82.86871142973929,81.44565293893952,82.52989016792442,232337900
2010-07-16,80.30873107910156,82.22872816888474,80.15060833271394,82.1383731344471,282693400
2010-07-19,80.78305053710938,81.03904775131274,79.97740379758021,80.60234628329026,186709000
2010-07-20,81.67906951904297,81.73930045337491,79.67624303199482,79.7138923923774,258162400
2010-07-21,80.61742401123047,82.12330659722113,80.28612800407694,82.10071927754906,264527000
2010-07-22,82.41693878173828,82.77835306653921,81.56611733794665,81.57364261352623,274781300
2010-07-23,83.13224792480469,83.25271554021515,82.01789232370646,82.25130227789836,222020800
2010-07-26,83.99813079833984,84.08095480209042,83.04189786115539,83.27530782927812,184445700
2010-07-27,83.9906234741211,84.54779855477692,83.65932738830477,84.4574435101486,204855600
2010-07-28,83.44850158691406,84.07344436388424,83.16991118471972,83.81744128588372,163056200
2010-07-29,83.0418930053711,84.19389222446651,82.37930675859678,83.96800754663032,220149100
2010-07-30,83.02681732177734,83.47105558333703,82.05552830232853,82.19858321326721,220070600
2010-08-02,84.90165710449219,85.03718675950473,83.98306785879441,84.32188912408287,188263200
2010-08-03,84.49504089355469,84.90915500154206,84.21645065239358,84.69080716422152,146657300
2010-08-04,85.05978393554688,85.16519526338548,84.44990328955394,84.72848790834749,158171700
2010-08-05,84.96940612792969,85.0145865023816,84.38964398024251,84.51764259480547,140473800
2010-08-06,84.62308502197266,84.75861470621139,83.5162602247708,84.13367195419458,239728300
2010-08-09,85.0748291015625,85.21788977540201,84.57035984942475,85.02212344454044,120800400
2010-08-10,84.61553192138672,85.06730124729769,83.85506542804018,84.3520036442624,242916300
2010-08-11,82.29647827148438,83.34306611570804,82.16094862107124,83.31294777734006,273406900
2010-08-12,81.7919921875,82.08563876614106,81.01646374932052,81.05411310329394,239542600
2010-08-13,81.55107116699219,82.04048416570384,81.45319086504438,81.53601486841802,158698500
2010-08-16,81.513427734375,81.77695604367165,80.70024974184282,80.99389639284284,147895300
2010-08-17,82.51482391357422,83.11717917547774,81.98023634726545,82.21365202710795,172270300
2010-08-18,82.66545867919922,83.10969146437155,82.0028721414124,82.47722327982346,182922100
2010-08-19,81.22732543945312,82.43956169143914,80.88850406855741,82.23627001779924,265847600
2010-08-20,80.96375274658203,81.27246134419254,80.37645962813566,80.98634005967851,209714200
2010-08-23,80.65509033203125,81.74685313863158,80.61744096167094,81.34779508855681,163490300
2010-08-24,79.45790100097656,80.10543103175962,79.03625567655475,79.77413499429294,280677800
2010-08-25,79.76659393310547,80.06776582267793,78.52423978291955,79.02117799630257,272234800
2010-08-26,79.23198699951172,80.24845623964003,78.96845304380675,80.14304495515172,224439500
2010-08-27,80.45930480957031,80.54212880907399,78.539302267601,79.72895085639387,272649000
2010-08-30,79.29225158691406,80.4969623403254,79.28472630945802,80.24849031659781,167238600
2010-08-31,79.29225158691406,79.79672665631186,78.67483991080972,78.99860492050387,273933100
2010-09-01,81.66400909423828,81.77695143313673,80.30871826091477,80.36142391980259,256828100
2010-09-02,82.42449951171875,82.43955581279012,81.68661438050182,81.85979343750252,156112200
2010-09-03,83.49365234375,83.56894531768027,82.78588575093698,83.23012406275123,212197300
2010-09-07,82.55245971679688,83.20752052572183,82.4846977768139,83.10210923386971,141973700
2010-09-08,83.13224792480469,83.46353817554797,82.680478569679,82.71812793076812,149924400
2010-09-09,83.5162353515625,84.08847226397606,83.29035644142836,84.06588494741118,147017900
2010-09-10,83.93788146972656,84.0357617506757,83.47858691118397,83.66682219765273,127819000
2010-09-13,84.87156677246094,85.0447401004934,84.42732830046683,84.76615542205306,178503500
2010-09-14,84.81881713867188,85.30069898921923,84.389640936013,84.70587482334379,209823600
2010-09-15,85.14259338378906,85.24047367304932,84.31435920189713,84.57035645587887,168608400
2010-09-16,85.1200180053711,85.17272366767062,84.59295563788933,84.879077014218,199962900
2010-09-17,85.15179443359375,85.65139881823796,84.91713491820947,85.56813142079726,195836900
2010-09-20,86.45378112792969,86.6430241491646,85.17449645630529,85.44700686890266,214555200
2010-09-21,86.2796859741211,86.93067669312082,85.92390814875351,86.52191682486767,268389100
2010-09-22,85.85578155517578,86.62789639749228,85.61355069342221,86.14343467398515,191322400
2010-09-23,85.15936279296875,86.04501877995828,84.91713194758941,85.1517914547647,202354300
2010-09-24,86.9155502319336,86.97610939570438,86.02989411893483,86.10559018602846,209671800
2010-09-27,86.49921417236328,87.04423510194727,86.4159525402922,86.94583079114341,128761800
2010-09-28,86.80205535888672,87.08213732805562,85.67416768887041,86.61281218991282,209207500
2010-09-29,86.6506118774414,86.98368150589289,86.30997090964155,86.58248137378553,179665800
2010-09-30,86.39325714111328,87.6498340857124,85.98449135583073,87.08967613191379,287106700
2010-10-01,86.75656127929688,87.14261861590643,86.24182008889683,87.0442085598706,174638700
2010-10-04,86.1055908203125,86.93825911495549,85.6741168819368,86.57491568013371,166153200
2010-10-05,87.83905792236328,88.05100922190483,86.8020038921895,86.9004139778622,229634100
2010-10-06,87.83146667480469,88.05856060154794,87.47568888468486,87.82389533718299,148626600
2010-10-07,87.72550201416016,88.20996372821105,87.19562381917925,88.18725548774603,164860000
2010-10-08,88.21751403808594,88.45974483737004,87.5135298752856,87.84659939001541,177760100
2010-10-11,88.30081176757812,88.54304265012198,87.99802172058835,88.35379959265835,103098300
2010-10-12,88.5733413696289,88.83070921127161,87.543858452576,88.01317764033413,182210000
2010-10-13,89.26213073730469,89.73902676077799,88.85336519228656,89.06532218896227,194347200
2010-10-14,88.9139633178711,89.330300381977,88.35380544772512,89.17890246082932,217764300
2010-10-15,89.09561157226562,89.58764457967983,88.38406174369791,89.53465676504992,243705000
2010-10-18,89.53469848632812,89.82991727329464,88.80043430199143,89.1259326793188,141204800
2010-10-19,88.36135864257812,89.20916372594758,87.82390335192058,88.70956512685329,280604700
2010-10-20,89.22431945800781,89.65579340113909,88.46734722267294,88.52033504813679,200051800
2010-10-21,89.42112731933594,90.14781996603868,88.72471425481743,89.6255130552697,221585500
2010-10-22,89.58769226074219,89.72394753877207,89.32275304658455,89.55741266837535,108212400
2010-10-25,89.85260772705078,90.65500227459638,89.78448299366191,90.18567737981462,151145700
2010-10-26,89.86772155761719,89.95855450630991,89.22429647834424,89.39839681349753,158982900
2010-10-27,89.61035919189453,89.70876926552032,88.76255409751283,89.23944446310254,190024000
2010-10-28,89.62549591064453,90.16294539731584,89.19402205372594,90.12509448301614,168576000
2010-10-29,89.69364929199219,89.86775546808059,89.37572230112524,89.53468579655872,144305500
2010-11-01,89.7238998413086,90.64740670421224,89.20915859519371,90.13266545809736,174074800
2010-11-02,90.43546295166016,90.64741422790425,90.15538117934379,90.39761203437122,158345900
2010-11-03,90.79878997802734,90.85177778753611,89.66333196692118,90.59441007713299,226702800
2010-11-04,92.54742431640625,92.59284080107912,90.81395725676956,91.8055890070581,215039400
2010-11-05,92.89563751220703,93.04702965548155,92.48687179507775,92.60798435464935,180654100
2010-11-08,92.7215347290039,92.87293265303626,92.30520343220556,92.6079877297897,156107100
2010-11-09,92.05538177490234,93.069721663418,91.68446704591786,92.97131736498021,186621600
2010-11-10,92.42630004882812,92.47172230582075,91.33626406007289,92.03267706474082,221387400
2010-11-11,92.07810974121094,92.21436498567485,91.35141702915016,91.63149885811495,158017600
2010-11-12,90.988037109375,91.8585561124459,90.57170595155038,91.45736185435159,239068800
2010-11-15,90.85942840576172,91.63154376117086,90.82158323751187,91.27576568321206,163940800
2010-11-16,89.44380950927734,90.45057782626142,89.01232994812138,90.29918574445203,299566200
2010-11-17,89.48926544189453,89.86018024856055,89.21675495427534,89.48169410189392,172308900
2010-11-18,90.806396484375,91.13189480463339,90.34464291900285,90.35221425907592,197723700
2010-11-19,91.05619812011719,91.0940432697486,90.2689462397563,90.7609793868869,156852900
2010-11-22,90.98048400878906,91.0183291509177,89.90557917307922,90.6019979360679,181361000
2010-11-23,89.66336822509766,90.09484221278842,89.31516165391217,89.90559913441106,222309000
2010-11-24,90.988037109375,91.010751121828,90.21592816788537,90.23106506761567,140046100
2010-11-26,89.92831420898438,90.69285209641625,89.92831420898438,90.20082470706085,76007800
2010-11-29,90.20081329345703,90.4430441749586,89.12590834250655,89.70120885178768,223642300
2010-11-30,89.69364929199219,90.20839070468938,89.178907879295,89.30759756389969,233930700
2010-12-01,91.6011962890625,91.7752966395462,90.98047939230545,90.9880449552038,221037200
2010-12-02,92.77452850341797,92.84265901740827,91.69205782199518,91.74504565499178,191213600
2010-12-03,93.0243148803711,93.13029052827082,92.43387747771837,92.45658572009123,151288900
2010-12-06,92.92589569091797,93.13784695277646,92.72908132980419,92.8274856227417,103050500
2010-12-07,92.97888946533203,93.87211682272394,92.92590164647146,93.81912900386337,206581000
2010-12-08,93.31954193115234,93.39523800424772,92.66097974245842,93.09245371186623,138019200
2010-12-09,93.68285369873047,93.87966225501648,93.22110032971553,93.84181712122512,123705100
2010-12-10,94.22789001464844,94.31872297094438,93.66016093684351,93.97051649625269,117571700
2010-12-13,94.2884750366211,94.77293688357909,94.25819544928113,94.65939565010515,133812700
2010-12-14,94.37173461914062,94.79564303144808,94.08408722616508,94.4322937887903,147249600
2010-12-15,93.94026184082031,94.56855023966261,93.7812983498916,94.19763542749563,160823100
2010-12-16,94.48526763916016,94.55339813874609,93.67530763446166,94.00080590412027,185035200
2010-12-17,94.58647918701172,94.70822867250517,94.22121911930769,94.41906856454787,141075300
2010-12-20,94.81475067138672,95.04303891297108,94.3429634870087,94.8451894906387,119085500
2010-12-21,95.41590118408203,95.47677882060502,95.02020815790459,95.1115188070781,94965500
2010-12-22,95.71267700195312,95.74311582167651,95.43112807933146,95.48439456244458,78878100
2010-12-23,95.57572174072266,95.71269355035425,95.33982810409523,95.60616056570882,70053700
2010-12-27,95.6137924194336,95.70510310854448,95.14961039774161,95.21809341457478,58126000
2010-12-28,95.75074768066406,95.84205835396564,95.49963171785974,95.80401417529414,55309100
2010-12-29,95.8192367553711,96.03230274738823,95.80402024406109,95.8648979005268,58033100
2010-12-30,95.66703796386719,95.97902575933269,95.52245499696657,95.72791561367927,76616900
2010-12-31,95.68988037109375,95.78119685987815,95.37028136876806,95.52246971112893,91218900
2011-01-03,96.67910766601562,97.09762844820571,95.6518161878848,96.42038055566174,138725200
2011-01-04,96.62584686279297,96.9226181677584,96.02469309474148,96.89217934088853,137409700
2011-01-05,97.12805938720703,97.18893703241952,96.2301344399641,96.32145090778285,133975300
2011-01-06,96.93783569335938,97.27265698682098,96.64867554348695,97.16612399446731,122519000
2011-01-07,96.74758911132812,97.22698753595883,95.99424707101925,97.06718806108192,156034600
2011-01-10,96.62584686279297,96.76281868090106,96.03229844724949,96.32146439970691,122401700
2011-01-11,96.96826171875,97.2041553413028,96.60300164632163,96.97587287594548,110287000
2011-01-12,97.84336853027344,97.94990151892111,96.9910988154796,97.56181954839565,107929200
2011-01-13,97.68357849121094,97.92708913826321,97.44007945538539,97.8814337947476,129048400
2011-01-14,98.39124298095703,98.41407064617951,97.47810153838768,97.54658453405511,117677900
2011-01-18,98.55867004394531,98.64998072006982,98.18579876439468,98.2999371095503,114401300
2011-01-19,97.59223937988281,98.57386381324511,97.33351810116386,98.47494780151338,151958400
2011-01-20,97.46290588378906,97.70640491650825,96.73999672220498,97.3715893923094,175745700
2011-01-21,97.68357849121094,98.29234349761491,97.57704548593225,98.07167213354717,151462900
2011-01-24,98.23905944824219,98.35319777989949,97.59984995728942,97.62267762362087,113715500
2011-01-25,98.29229736328125,98.37600265751433,97.48568904315589,97.98030384739236,167552200
2011-01-26,98.67280578613281,98.96197173453274,98.33798450087501,98.5358397755592,141281500
2011-01-27,98.91631317138672,99.08372380855529,98.52061424614965,98.69563023547147,123302700
2011-01-28,97.18895721435547,99.19026812561607,97.02915771669811,99.03046282234571,295637300
2011-01-31,97.91947174072266,97.99557172039681,97.21179069690503,97.45530134288099,149249200
2011-02-01,99.48704528808594,99.66206130766948,98.4521482662945,98.51302592772066,167194300
2011-02-02,99.29678344726562,99.56311009033683,99.17502815323219,99.22828883735687,118323600
2011-02-03,99.5174331665039,99.66962144541485,98.59668653179878,99.12173435235833,145886700
2011-02-04,99.79900360107422,99.83705358181902,99.09892807802065,99.55550462451049,134634800
2011-02-07,100.4229736328125,100.75017786667523,100.01205248886637,100.01966945044956,112439100
2011-02-08,100.87957763671875,100.93283832622902,100.24036808401993,100.5143117176837,99072800
2011-02-09,100.65127563476562,100.92521923112734,100.14904377289854,100.60562030390925,146436700
2011-02-10,100.68933868408203,100.80347702603855,99.91316312510267,100.14145142024071,162708500
2011-02-11,101.29049682617188,101.41985749714365,100.27082216470517,100.29364983539277,137710300
2011-02-14,101.53398895263672,101.6176942765466,101.11547394431274,101.22961228999648,101690700
2011-02-15,101.21439361572266,101.37419891665593,100.68934559545805,101.22201057985927,119575400
2011-02-16,101.85358428955078,101.97532796963948,101.35135242130507,101.55681302399171,130183500
2011-02-17,102.15792846679688,102.29489441761258,101.46545852997532,101.55678077507244,109810500
2011-02-18,102.37104034423828,102.49279565158722,102.01339138591655,102.24928503688936,130002400
2011-02-22,100.31645965576172,102.39385859726399,100.0425160450299,101.29808415433669,233116400
2011-02-23,99.70010375976562,100.49910704013972,99.0837334498623,100.25559641284538,227584000
2011-02-24,99.631591796875,100.0196853401703,98.69562265998266,99.59355342780381,260431400
2011-02-25,100.69696044921875,100.75783811192643,99.9892677800654,100.05014544277309,141686900
2011-02-28,101.32088470458984,101.45025692914359,100.73495926970998,101.06978043891048,141585500
2011-03-01,99.631591796875,101.73182995242944,99.6011587793733,101.64051928870056,258565500
2011-03-02,99.84467315673828,100.30885506703099,99.19025294896862,99.49462958044205,200277400
2011-03-03,101.5644302368164,101.67856857873674,100.74259934131497,100.75020469370132,176480100
2011-03-04,100.80348205566406,101.68619064825425,100.14145641683423,101.48833536402421,277202300
2011-03-07,100.01207733154297,101.32853477802466,99.48702935687014,101.10024648703984,216790400
2011-03-08,100.88720703125,101.20680607814946,99.73817153326192,100.17190895004407,174615000
2011-03-09,100.74259948730469,101.0545931039724,100.14145153361143,100.68933879807301,153806000
2011-03-10,98.87825012207031,99.82182455827015,98.77932250102751,99.684858570263,301291800
2011-03-11,99.56311798095703,99.92076692850983,98.53583808559831,98.55866575363575,225621800
2011-03-14,98.96199035644531,99.28919473964761,98.20864232285598,98.91633501099636,234974100
2011-03-15,97.82815551757812,98.41409281647373,96.26059355930964,96.32907657040462,359585400
2011-03-16,96.01707458496094,97.835758066107,95.3322155468575,97.51614750563847,468670300
2011-03-17,97.28788757324219,97.69880309132024,96.7171725435138,97.40203174031056,254303700
2011-03-18,97.64171600341797,98.49768804690777,97.45065128368803,98.46711116121857,230435400
2011-03-21,99.15496826171875,99.36130979823932,98.74226186534352,98.85690771396644,153992600
2011-03-22,98.81100463867188,99.26956453469187,98.71929732413291,99.13964195187414,129538600
2011-03-23,99.09381103515625,99.35365626042231,98.06970691557926,98.53589364591028,148603100
2011-03-24,100.04148864746094,100.18669970912046,99.10145343469895,99.65935918484777,159129800
2011-03-25,100.3471908569336,100.7828123439648,100.0338419248889,100.30133719110553,155642800
2011-03-28,100.10263061523438,100.82103586976841,100.07206538940272,100.5611906343693,109762400
2011-03-29,100.77516174316406,100.80572696279108,99.68991569062288,100.0185413636826,129798800
2011-03-30,101.47068786621094,101.76874846018231,101.15733882438575,101.30254992482517,135835000
2011-03-31,101.33309173583984,101.61587547826107,101.22609594893255,101.34074178883289,132537100
2011-04-01,101.76103973388672,102.23488805080234,101.51648301757149,101.95975445640886,153850100
2011-04-04,101.8451156616211,102.15846454433529,101.55470526987447,101.97503824823512,100768900
2011-04-05,101.82987976074219,102.28078980029305,101.60059971399285,101.6464533910092,120791500
2011-04-06,102.15083312988281,102.41067832085284,101.73812685089396,102.31897099737253,120411600
2011-04-07,101.89097595214844,102.39537783361452,101.38656240902002,101.96739482550397,170731500
2011-04-08,101.53948211669922,102.40309878133125,101.11913720640617,102.3419566433186,147945400
2011-04-11,101.23377990722656,101.99038906030863,100.98921136286101,101.64647474875586,121385400
2011-04-12,100.47711944580078,100.86688729020838,100.11027843567214,100.668184172569,161187400
2011-04-13,100.4695053100586,101.0197611272604,100.0873757642693,100.94334221510348,162059000
2011-04-14,100.54592895507812,100.69877844825507,99.56003981166832,99.88866563891531,161220400
2011-04-15,100.9127426147461,101.1649494576187,100.43126742532169,100.72932793750466,170006700
2011-04-18,99.78164672851562,100.90510831887647,98.97917249801986,99.80457356410126,210759300
2011-04-19,100.35481262207031,100.385389502,99.68991125438498,99.93446798550833,124258800
2011-04-20,101.72286987304688,101.94449983515524,101.4859398051618,101.55473197282701,156133800
2011-04-21,102.2425537109375,102.2884073786234,101.72286326161027,102.25019210166342,135935400
2011-04-25,102.13557434082031,102.30371225712396,101.79929850821304,102.16613957029958,65757100
2011-04-26,103.01445007324219,103.22080323764916,102.34191018375279,102.44890596128508,146600000
2011-04-27,103.68701171875,103.83986117843878,102.79283013482102,103.21317489521488,143031000
2011-04-28,104.02326965332031,104.160830644904,103.48829080549889,103.50356758567646,124791100
2011-04-29,104.26782989501953,104.37483732982007,103.92391574291591,104.06148840075615,115094100
2011-05-02,104.10733795166016,104.84101989226298,103.90098480388754,104.75696261680974,126278700
2011-05-03,103.73284149169922,104.08440566348693,103.20550106484944,103.90862940842487,138375000
2011-05-04,103.0450210571289,103.73284935020219,102.58646108730376,103.68699568555256,182678500
2011-05-05,102.11262512207031,103.1367291793333,101.66171520066318,102.47182771347315,226900000
2011-05-06,102.56354522705078,103.65644155199563,102.16612732146486,103.12910102878206,222787200
2011-05-09,102.96096801757812,103.2590285454925,102.39541218901428,102.55591170173722,114104500
2011-05-10,103.83985137939453,104.02327771071145,103.17494987857656,103.30487249013494,114806900
2011-05-11,102.74696350097656,103.70228708059489,102.2731267372186,103.68699863805486,193564200
2011-05-12,103.23609161376953,103.45008316869554,101.94449223189568,102.47183272855803,171550700
2011-05-13,102.4412612915039,103.43480022745858,102.07442027235622,103.28958916567814,157444900
2011-05-16,101.7916488647461,102.87689514714219,101.62351096702753,102.07442093742466,141675400
2011-05-17,101.77635192871094,101.9139245888498,100.97387778595133,101.40951093778206,192686200
2011-05-18,102.6858139038086,102.79280967045626,101.60820618578737,101.82984777062723,135217900
2011-05-19,102.93041229248047,103.19790764813047,102.36486800929961,103.02213131646631,119489500
2011-05-20,102.11262512207031,102.93037602515912,101.92156041011835,102.66289242542511,182594900
2011-05-23,100.92801666259766,101.43243027639616,100.56881408868031,100.86687455834961,168700000
2011-05-24,100.84393310546875,101.44005395837499,100.65286843052029,101.21842406656617,147199600
2011-05-25,101.18025207519531,101.60059687220068,100.40835465645257,100.43891988638602,151050100
2011-05-26,101.64645385742188,101.82988022799653,100.71405688158579,100.90512164447568,164850000
2011-05-27,102.03619384765625,102.31132749737883,101.61586081368006,101.92919807618995,120921900
2011-05-31,103.09852600097656,103.11381444499256,102.28841339311752,102.99918026903738,164731200
2011-06-01,100.78282165527344,103.11381373076554,100.69875270626665,102.8004647697706,233094300
2011-06-02,100.67583465576172,101.06561420865175,100.08736362303264,100.85162262190175,200466800
2011-06-03,99.67464447021484,100.438903371224,99.4147992426714,99.46829130167606,234690200
2011-06-06,98.61994171142578,99.62876883593167,98.49001912629932,99.42241571288949,179951200
2011-06-07,98.558837890625,99.40716577926159,98.47476894088027,99.12438204193877,161660500
2011-06-08,98.14610290527344,98.73458538183468,97.96267661524249,98.4059480699037,198696400
2011-06-09,98.89510345458984,99.30015976511255,98.17670983746741,98.4136282460751,160964400
2011-06-10,97.5194320678711,98.53589194836054,97.25958684708158,98.47476150013424,238629400
2011-06-13,97.59585571289062,98.00856203468705,97.0990921102943,97.74106676457214,207599800
2011-06-14,98.83396911621094,99.17788329782287,98.45183965627199,98.49004327293336,160570400
2011-06-15,97.0761489868164,98.8186639267513,96.816303796891,98.00855147482875,300958000
2011-06-16,97.29016876220703,97.80222087033272,96.54119240951336,97.10674241205766,308032800
2011-06-17,97.58050537109375,98.26406765472848,97.25024448104337,98.25638553363666,233284900
2011-06-20,98.0797119140625,98.28708812307892,97.21950203885453,97.2502246572177,159479000
2011-06-21,99.42378997802734,99.6158019369341,98.11811100135732,98.58662064986902,193157300
2011-06-22,98.82472229003906,99.70029643083369,98.76327705145054,99.11658424346425,176703000
2011-06-23,98.54054260253906,98.8016760617885,96.91996115210952,97.66496851251193,334286500
2011-06-24,97.39614868164062,98.59430148571735,97.25022357072116,98.51750373027784,226129300
2011-06-27,98.2640151977539,98.64035103422871,97.26555093952817,97.45756284613017,168904700
2011-06-28,99.54669189453125,99.56205613446541,98.51751048908694,98.65575349005054,165556300
2011-06-29,100.39922332763672,100.56050682517653,99.56205392179024,99.99983513459361,244295500
2011-06-30,101.35929107666016,101.52057458671544,100.39155485788272,100.72180985812672,223322700
2011-07-01,102.85694885253906,102.9952035357253,101.21332720696637,101.45142012411578,202385700
2011-07-05,102.77247619628906,102.9798523876849,102.4498975204953,102.74943569940947,165936000
2011-07-06,102.8953857421875,103.02595248854645,102.23486403035395,102.52672600426325,143331600
2011-07-07,103.96293640136719,104.22406980483525,103.59427678944299,103.80932920635526,170464200
2011-07-08,103.22565460205078,103.96298589640806,102.44993028027056,102.78787330187251,194100500
2011-07-11,101.35929107666016,102.28862255321617,101.12119808216204,101.95836755297218,195918600
2011-07-12,100.92147064208984,101.98138029761402,100.89075388836218,101.14421105466053,214675700
2011-07-13,101.25945281982422,102.3193628866005,101.01368353620673,101.45146483369045,204062600
2011-07-14,100.56050872802734,101.98140207047308,100.3684967476688,101.51289236961898,226111800
2011-07-15,101.14422607421875,101.28246906573986,100.43762343876756,101.1211855756319,220012800
2011-07-18,100.3147201538086,100.82931075565556,99.56203661732128,100.67570354486942,196872100
2011-07-19,101.94300079345703,102.06589127773653,100.8523741143102,100.87541461517739,166554900
2011-07-20,101.88154602050781,102.26556995834535,101.70489829055708,102.2041364414342,137145400
2011-07-21,103.29479217529297,103.54824945214611,101.8969390216455,102.45761084769306,245246300
2011-07-22,103.36385345458984,103.47137965609427,102.73404876043745,103.31777247101323,126019400
2011-07-25,102.78784942626953,103.29476384092617,102.27325875180803,102.38078498647938,136653800
2011-07-26,102.40381622314453,102.88769009514046,102.1733995355522,102.71871863887138,131278200
2011-07-27,100.30706787109375,101.86620428623122,100.17648940526097,101.83547580504171,249020100
2011-07-28,100.01520538330078,101.20568205441953,99.85391015658902,100.30706735569268,207939900
2011-07-29,99.33162689208984,100.2686461787754,98.287081378382,99.00904821102299,307038400
2011-08-01,98.9092025756836,100.5835530063475,97.94914274968924,100.49137929380544,325790900
2011-08-02,96.38232421875,98.69414991587237,96.38232421875,98.16419501786096,346653800
2011-08-03,96.90460205078125,97.01212828790672,94.87695606535748,96.51290184114151,370830800
2011-08-04,92.36546325683594,95.71415333684288,92.21185012579694,95.56054020580389,520721800
2011-08-05,92.2271957397461,93.75560946147277,89.75408049711119,93.5175164811321,655619200
2011-08-08,86.22107696533203,92.25793519334341,86.03674121168498,89.7925016207955,702263900
2011-08-09,90.2302474975586,90.35313208402415,84.69261835505058,87.6112019952795,717828700
2011-08-10,86.2441177368164,89.30862786885794,85.9829783482115,88.52522142252658,662607400
2011-08-11,90.11505889892578,91.33625221182119,86.2671373908341,86.98910427100539,487979700
2011-08-12,90.7218017578125,91.55897098726983,90.07663860488475,90.93685418887533,313731600
2011-08-15,92.64192199707031,92.73408397711826,91.39768252876915,91.54361347683083,258810600
2011-08-16,91.85084533691406,92.69570271276184,90.86774496473531,91.75868333936008,294095200
2011-08-17,91.91230010986328,93.08741257850332,91.18265687474748,92.35776934338753,238201100
2011-08-18,87.94918060302734,91.94302797185422,87.08896470924157,89.47759452543815,512956300
2011-08-19,86.51293182373047,89.00140586329164,86.40540556558373,86.7587069651718,428281300
2011-08-22,86.5820541381836,88.5021741497133,86.33627901109745,88.45608728481254,275090600
2011-08-23,89.43151092529297,89.53135505570818,86.46684517882835,86.90463230409689,331136600
2011-08-24,90.69110107421875,90.81398569608027,89.0321147310332,89.23949095380173,246869700
2011-08-25,89.30860900878906,91.70492056990041,88.99371241638039,91.19032988246401,312365400
2011-08-26,90.60661315917969,91.0213597350253,87.44225365073201,88.85546485654748,314495900
2011-08-29,93.21027374267578,93.26403684982522,90.67571386908449,91.82778547349159,190977200
2011-08-30,93.45608520507812,94.03212123177123,91.59741036528635,92.80324554677425,241315700
2011-08-31,93.87080383300781,94.86158620640346,93.16420125747811,94.05513366581127,301828400
2011-09-01,92.88772583007812,94.77712318321151,92.76483533894368,93.92458944512508,254585900
2011-09-02,90.51444244384766,92.83395034744653,90.1918637371719,90.95222950569058,255517200
2011-09-06,89.85393524169922,89.98450785708238,87.84932946252472,87.85701158336875,285130500
2011-09-07,92.38847351074219,92.42687238612262,90.90614097509217,91.21336127683506,209803200
2011-09-08,91.42839050292969,92.88768217067329,91.2210143615473,91.83545480893568,250568200
2011-09-09,89.0321044921875,91.44377424874793,88.5405543417892,90.38387033565284,380195100
2011-09-12,89.608154296875,89.67728166050227,87.59587238719303,87.91845112481123,305793500
2011-09-13,90.42994689941406,90.76788980865395,89.26251681436496,89.89999789870755,272514700
2011-09-14,91.68187713623047,92.78018583412192,89.64654909135942,90.89078290117669,319389500
2011-09-15,93.26405334472656,93.29477596277981,91.70491710190137,92.66497694203908,326777200
2011-09-16,93.81604766845703,94.16346086852973,92.88962424837611,93.63848602646881,284528300
2011-09-19,92.88190460205078,93.36056005155318,91.6543932466321,92.2797287756147,241517000
2011-09-20,92.77381896972656,94.17889781457433,92.65029859691194,93.27563410504142,218932200
2011-09-21,90.04085540771484,93.10578136415702,89.8941753442712,92.8201372105706,316251300
2011-09-22,87.13031768798828,88.17254518481927,85.92596643743288,87.43140550062712,513911300
2011-09-23,87.65530395507812,88.13395930796177,86.48182821576836,86.55131319943867,307242500
2011-09-26,89.73977661132812,89.8633028773172,87.22299078739447,88.48138369936129,260673700
2011-09-27,90.74339294433594,92.30287352711854,90.20297444887434,91.50769245485452,311753900
2011-09-28,88.89057922363281,91.47685077427937,88.75933694653875,90.92871606695283,286696800
2011-09-29,89.59310150146484,90.81289105043996,87.95641372668558,90.36512303653974,298108900
2011-09-30,87.35421752929688,89.12986311243509,87.2924544072602,88.35784175714312,288392300
2011-10-03,84.86830139160156,87.97182441306855,84.77565671556707,86.84467402656342,365136800
2011-10-04,86.7289047241211,86.91419415111453,82.93828168692318,83.648540153559,459177500
2011-10-05,88.33470153808594,88.56631035176912,86.14216323279419,86.94506632615726,284108000
2011-10-06,89.93276977539062,90.0640178877003,87.63214933920663,88.28836634053204,257800800
2011-10-07,89.33061981201172,90.51953379856091,88.82880458735576,90.45777065612934,312657900
2011-10-10,92.3183364868164,92.35693402949796,90.84377252905041,90.85149439360947,230666300
2011-10-11,92.41096496582031,92.67345532095887,91.67754694627261,91.77019164044908,209088000
2011-10-12,93.22160339355469,94.29471289102126,92.89735575188645,93.10579898151401,281544900
2011-10-13,93.03631591796875,93.31424413904261,91.96320646606678,92.67346485767472,212538800
2011-10-14,94.6266860961914,94.64984580149337,93.59217999232155,94.11715490937623,211397600
2011-10-17,92.82014465332031,94.61123424208081,92.58853585449222,94.17889821027212,202311600
2011-10-18,94.63436889648438,95.34462705281935,92.02493322856158,92.75063510876092,318857900
2011-10-19,93.51496887207031,95.02041443892347,93.19072123246146,94.47999581618501,226601300
2011-10-20,93.92411804199219,94.26380342270309,92.50359572883325,93.74655054407657,262075600
2011-10-21,95.7074966430664,95.82330103439614,94.74246986541195,95.02811402196183,278999400
2011-10-24,96.8809814453125,97.12031212804985,95.77699040705524,95.86191324769479,203215600
2011-10-25,94.99723815917969,96.46407414624906,94.78878907718999,96.41775474583179,268596800
2011-10-26,95.9622573852539,96.32510247673629,94.3487296803406,96.00085491921304,289053800
2011-10-27,99.30510711669922,99.91499878211867,97.74562073686369,98.53307989921592,393220200
2011-10-28,99.28197479248047,99.47498017755129,98.66435520423104,98.81875715626494,225906500
2011-10-31,96.88867950439453,99.29738234873282,96.74971542567845,98.17023777367132,228146700
2011-11-01,94.1866226196289,95.35237672913688,93.81604970950055,94.20978232212632,416565800
2011-11-02,95.72294616699219,96.03947781593605,94.79652270335644,95.59942578720057,244717600
2011-11-03,97.46768951416016,97.66069483993077,95.42183188298063,96.7111060455151,291174800
2011-11-04,96.87326049804688,97.04310028055085,95.73838794962538,96.6802551228747,249401600
2011-11-07,97.47543334960938,97.57579402121385,95.88506510151649,96.80377254410001,196617200
2011-11-08,98.72611236572266,98.83420080012131,97.05082703836875,97.98497239449776,224426300
2011-11-09,95.08216857910156,97.12030482099341,94.85055977840892,96.41776244493384,337982000
2011-11-10,95.97771453857422,96.45636999844115,94.97408421274434,96.34056559314436,231866500
2011-11-11,97.78424835205078,98.0390109766908,97.11258751059296,97.14346907813712,189924400
2011-11-14,96.85784149169922,98.39416302098627,96.44094906811245,97.42141992267526,159258300
2011-11-15,97.33643341064453,97.85368619625432,96.28648411713718,96.63389129790691,184709400
2011-11-16,95.79244232177734,97.53720691114594,95.65347819704327,96.35601479593512,235782500
2011-11-17,94.27153015136719,95.85417631907016,93.59215346482182,95.61484568865134,331219600
2011-11-18,94.17118072509766,94.76563466046726,93.77744812943106,94.57262929455999,215580400
2011-11-21,92.38008880615234,92.91277959721582,91.60034549858199,92.79697520261726,229611600
2011-11-22,92.01725769042969,92.71979429353745,91.4999987346693,92.1793815219161,216494900
2011-11-23,89.98682403564453,92.01724434758358,89.98682403564453,91.15257814831182,224329100
2011-11-25,89.81695556640625,90.8669050097212,89.70887305518751,89.84783712533375,99557000
2011-11-28,92.4186782836914,92.78152927309333,91.73157972973887,92.28743606328602,210686000
2011-11-29,92.68115997314453,93.41457785649163,92.34146871430329,92.68115997314453,199241500
2011-11-30,96.49496459960938,96.67253213432754,92.64257900519262,95.33693236204448,324439500
2011-12-01,96.4795150756836,96.99676799886538,96.06262281384794,96.38687038747929,176954800
2011-12-02,96.39460754394531,97.66072236666432,96.33284440867688,97.36735630922442,221109700
2011-12-05,97.44458770751953,98.18572789196986,96.84241167578229,97.92323743015241,225263900
2011-12-06,97.47543334960938,98.13165042714485,97.08942261105246,97.43682991973111,178842100
2011-12-07,97.83829498291016,98.24746546768782,96.47953538680977,97.15119037500816,237802500
2011-12-08,95.69206237792969,97.41367291111742,95.46045946242604,97.19750783395806,240862800
2011-12-09,97.31329345703125,97.56034005326023,96.03945705239052,96.12437987203694,209111400
2011-12-12,95.8927993774414,96.4795374252085,95.0821802555828,96.46409369523565,215826100
2011-12-13,94.99723815917969,96.94272954743279,94.53402059478304,96.39459504562316,245159800
2011-12-14,93.98590087890625,94.98180937494651,93.77745765418011,94.61895830777793,238618800
2011-12-15,94.32556915283203,95.11302834133181,94.17888321093231,94.98178612492443,199109200
2011-12-16,94.46541595458984,95.52202445220291,94.2401150480708,94.96264871294721,220481400
2011-12-19,93.45542907714844,95.03257102994053,93.25342881929278,94.83057077208487,183903000
2011-12-20,96.28341674804688,96.44656876383965,93.51759146190108,94.92381068902837,225418100
2011-12-21,96.46989440917969,96.61751070724074,95.36667241160022,96.28343577249053,194230900
2011-12-22,97.32449340820312,97.42549651907868,96.51650408567438,96.82726647399501,119465400
2011-12-23,98.19462585449219,98.22570327322003,97.4332498416003,97.635244172214,92187200
2011-12-27,98.2723159790039,98.52870023675355,97.93824113850297,98.02370255775286,86075700
2011-12-28,96.98262023925781,98.30337771759547,96.90492966889863,98.28784197448786,119107100
2011-12-29,97.9848861694336,98.08588336100593,97.00596797086789,97.30119463444221,123507200
2011-12-30,97.50315856933594,98.14800159838903,97.50315856933594,97.9071531123194,95599000
2012-01-03,99.05702209472656,99.74071357017931,99.00263808439851,99.25902238769329,193697900
2012-01-04,99.21238708496094,99.29784850543541,98.4432402281024,98.8239282382267,127186500
2012-01-05,99.47655487060547,99.6241711567596,98.22572260327195,98.6763363723857,173895000
2012-01-06,99.22016906738281,99.6163987952371,98.89386502204975,99.60085712027139,148050000
2012-01-09,99.46101379394531,99.58531162442847,98.98709349168249,99.44547211957588,99530200
2012-01-10,100.32339477539062,100.72738347766638,100.18354341319956,100.5253891265285,115282000
2012-01-11,100.37776947021484,100.50984406321648,99.84947109820831,100.01261718463579,111540700
2012-01-12,100.61858367919922,100.76619990467036,99.86497273692487,100.66520868841685,118983700
2012-01-13,100.09806060791016,100.26121851981833,99.22791669059131,99.94267945907777,179836200
2012-01-17,100.48652648925781,101.2479143253929,100.14468082484169,101.06144982075975,132209200
2012-01-18,101.59754943847656,101.65192752286492,100.28455638974822,100.46324417391776,163395200
2012-01-19,102.13361358642578,102.21907501391811,101.62084502147185,101.94714905694504,126328900
2012-01-20,102.5142822265625,102.5142822265625,101.71405799014003,101.96267733010406,138230200
2012-01-23,102.2501220703125,102.74734884193316,101.760660206672,102.1724255712256,129295800
2012-01-24,102.13361358642578,102.16468508059383,101.4654638409833,101.62084502147185,103083300
2012-01-25,102.98823547363281,103.22907812713838,101.58201596394431,101.978239827309,198613200
2012-01-26,102.45989227294922,103.64079843636098,102.05589181977086,103.44656904509733,184880500
2012-01-27,102.4133071899414,102.59199495953695,101.89276184641723,101.96269345610635,135259100
2012-01-30,102.06370544433594,102.11809539016515,101.04594484509224,101.39555554527739,147311800
2012-01-31,102.02487182617188,102.69300988870584,101.52763295294753,102.56871202522699,157212000
2012-02-01,102.91830444335938,103.43883795957127,102.6541552300265,102.77845307141395,166234500
2012-02-02,103.08145904541016,103.3456201353474,102.71631854677184,103.12030731053264,113090400
2012-02-03,104.5264892578125,104.58864408873002,103.92827123802238,104.10695896764658,160598500
2012-02-06,104.45658111572266,104.50319428038048,103.97489594116085,104.09142885280542,107694500
2012-02-07,104.72071838378906,104.8994179677657,103.82726788319314,104.23903326397092,135528100
2012-02-08,105.03150939941406,105.05481598283585,104.34781800617876,104.77512512695083,139361400
2012-02-09,105.16358947753906,105.34227724470398,104.54205289260642,105.20243773687692,148602900
2012-02-10,104.38666534423828,104.4721267676401,103.9826648104457,104.23128417118686,167907500
2012-02-13,105.16358947753906,105.28789916549046,104.68190425525783,105.13251798296338,115841900
2012-02-14,105.03150939941406,105.09366424014671,104.3012048393352,104.88389313452701,165329500
2012-02-15,104.54206848144531,105.52875751260055,104.33229733360025,105.37337630690374,195195100
2012-02-16,105.69966125488281,105.79288759045396,104.3633617891846,104.54982631515084,186567800
2012-02-17,105.97936248779297,106.15028535628292,105.62975184036355,106.06482392203795,129869400
2012-02-21,106.02597045898438,106.4765841942778,105.69966641373557,106.22796481418852,134042300
2012-02-22,105.68415832519531,106.08815901881955,105.49769373086991,105.86284615215615,124455300
2012-02-23,106.15027618408203,106.22796084633984,105.27235533131773,105.62974271314074,137704300
2012-02-24,106.38335418701172,106.5931253232538,106.15028831877102,106.38335418701172,105539100
2012-02-27,106.56208801269531,106.84954391229655,105.50547893666597,105.6764018647611,145728900
2012-02-28,106.87274932861328,106.99705895042024,106.38328760200963,106.59305860695663,129355900
2012-02-29,106.4532470703125,107.36223919019949,106.08031810716312,107.02815847589747,185934700
2012-03-01,107.00489807128906,107.20690431053474,106.38336138599496,106.67859397884557,145023500
2012-03-02,106.67855834960938,107.07479392974534,106.4377157800174,106.9349425912202,120638300
2012-03-05,106.24351501464844,106.593125672982,105.87836268010602,106.5154410015887,140765000
2012-03-06,104.68968200683594,105.21798046319599,104.38668451455278,105.15583746642193,202129900
2012-03-07,105.41999816894531,105.5909210657424,104.82953294189097,104.93053606858756,143692200
2012-03-08,106.46880340576172,106.68635128253064,105.84727868867596,106.0648147106208,116968900
2012-03-09,106.88057708740234,107.16025608769007,106.53873139173024,106.67080598236288,122836800
2012-03-12,106.88832092285156,107.02816039542472,106.5076270450335,106.86501434408937,104003500
2012-03-13,108.81513977050781,108.86952972411777,107.28461026946879,107.46330995576271,184090500
2012-03-14,108.69852447509766,109.11805468661028,108.36444380340201,108.84614068899901,145163600
2012-03-15,109.32789611816406,109.37450929892287,108.58204966154129,108.86174060092142,165118500
2012-03-16,109.47925567626953,109.6197080194134,109.24515653091927,109.52607312398415,152893500
2012-03-19,109.90840911865234,110.24394201804786,109.33096628607659,109.40900328475077,125291100
2012-03-20,109.58849334716797,109.72114674280051,108.96423296842117,109.28416804971066,121729700
2012-03-21,109.40906524658203,109.75239727757508,109.18276496633045,109.65096340998258,122388400
2012-03-22,108.62090301513672,108.89402068653158,108.26196128866232,108.60529322931411,135216700
2012-03-23,108.97201538085938,109.09686981902928,108.11366790868405,108.71451947394898,120521000
2012-03-26,110.5014877319336,110.50148773193358,109.71336616477434,109.75237277071795,120164000
2012-03-27,110.15811920166016,110.67313487798798,110.08789303855428,110.6029087148821,119868500
2012-03-28,109.6119384765625,110.27521758180626,108.96426916033563,110.10354562296153,148562100
2012-03-29,109.42461395263672,109.62750541020128,108.53504683490755,108.96422656424524,164963700
2012-03-30,109.87725067138672,110.0645324283083,109.28420963463972,109.9630866549615,135486800
2012-04-02,110.68094635009766,110.96967378685592,109.52607232339574,109.74456168231835,151741100
2012-04-03,110.22835540771484,110.71216346900079,109.58068628425241,110.52488177687944,155806700
2012-04-04,109.13587951660156,109.51043089412609,108.73010857866541,109.41679602643836,146896000
2012-04-05,109.08126831054688,109.40120336758143,108.66769837117067,108.76134516028779,137439400
2012-04-09,107.85616302490234,109.12028150208225,107.55963670288735,107.70789986389484,127555900
2012-04-10,106.0457992553711,107.94978763436303,105.93655460608993,107.64546240373883,235360300
2012-04-11,106.9041976928711,107.32556666377303,106.70911704014688,107.13048601104882,154133000
2012-04-12,108.30098724365234,108.38682322084645,106.92762351532669,107.00566055160496,154321500
2012-04-13,107.01341247558594,108.32436028705281,106.9119667543509,108.05124268685456,169246700
2012-04-16,106.9432144165039,107.71572616803613,106.57646184297283,107.559664029822,147825300
2012-04-17,108.52725219726562,108.74574153962695,107.45040336221615,107.55964803339681,147877600
2012-04-18,108.1605224609375,108.52727505717644,107.98105158621802,108.0434788267245,123884200
2012-04-19,107.46603393554688,108.58188958513271,106.95882898696757,108.17613038898067,198666700
2012-04-20,107.64550018310547,108.33218788060117,107.58307294635331,107.9420265809837,143199600
2012-04-23,106.74031066894531,106.83395746654723,106.07704368097134,106.54523004187475,171844900
2012-04-24,107.14606475830078,107.4191823557072,106.74810462846753,106.83394056707172,137484200
2012-04-25,108.61309051513672,108.6599079599814,108.09807480829252,108.19170969798186,150252200
2012-04-26,109.36998748779297,109.49484192604692,108.31654751353402,108.37897473266099,136291600
2012-04-27,109.54944610595703,109.86157026007152,109.08905881126753,109.69770924653206,130725000
2012-04-30,109.14371490478516,109.40903362980004,108.8472004224872,109.33099660948197,115092200
2012-05-01,109.82259368896484,110.54048896507082,108.9564352317587,109.08127778346406,138832200
2012-05-02,109.49490356445312,109.60414828272924,108.8238254645337,109.18276729310614,121081000
2012-05-03,108.6598892211914,109.59627367693118,108.45700969292633,109.51043774059319,143759700
2012-05-04,106.9041976928711,108.69894207928951,106.84177045518597,108.0902913953322,193927300
2012-05-07,106.98221588134766,107.34115755136908,106.48280997457036,106.52181657282519,127765900
2012-05-08,106.55302429199219,106.72469616961904,105.28109499142268,106.34233391367292,213377700
2012-05-09,105.92095184326172,106.5998284248317,104.94554898157003,105.42154605434649,220752500
2012-05-10,106.1394271850586,106.78709602893122,105.89752921222806,106.65443077921289,150600000
2012-05-11,105.81953430175781,106.80273636160629,105.42937305323083,105.47619049796985,153032400
2012-05-14,104.6490249633789,105.81950842270827,104.49296288348968,104.80508704326812,163910000
2012-05-15,104.0482177734375,105.19529300472333,103.88435668712727,104.57884335921105,207629300
2012-05-16,103.6502685546875,104.99242458858578,103.62685982557832,104.51642725206626,207265500
2012-05-17,102.11300659179688,103.79850611157781,102.0583782995297,103.67365164934732,247992900
2012-05-18,101.23908233642578,102.69048319170867,101.09081910230204,102.51100037841108,319615900
2012-05-21,102.97917175292969,103.01819026325407,101.40291680869034,101.56678978934168,177861100
2012-05-22,103.15863037109375,103.96236157993609,102.48755255619103,103.2444663209107,197531200
2012-05-23,103.2132797241211,103.36154293195115,101.43414504371783,102.41734729127374,204958400
2012-05-24,103.41613006591797,103.6580281126616,102.5499716976188,103.49416707115314,167357600
2012-05-25,103.08061981201172,103.66586175967997,102.83091086575321,103.37713430222132,135465600
2012-05-29,104.32910919189453,104.50858002151153,102.35489434578047,103.9077403078425,152883500
2012-05-30,102.8153076171875,104.32133651646895,102.60462907551153,103.43956811574802,162370400
2012-05-31,102.58900451660156,103.35371726616624,101.70723624284895,102.7762862112361,196186000
2012-06-01,100.00611877441406,102.61239265806526,100.00611877441406,100.9815217464489,253240900
2012-06-04,99.95931243896484,100.45871833984293,99.21019763425977,100.18560071462915,202545800
2012-06-05,100.71624755859375,100.86449885658405,99.70962469820537,99.76424704416398,164149400
2012-06-06,102.97917175292969,103.02598920260789,101.38730702320505,101.41852659417562,184202800
2012-06-07,103.04157257080078,104.1964463583002,102.830882194487,104.1496289206248,184772700
2012-06-08,103.86093139648438,103.88434011936684,102.44853764417493,102.77628357808267,143915400
2012-06-11,102.54222106933594,104.75833494347363,102.4407752960923,104.69590769122992,169756100
2012-06-12,103.72046661376953,103.79069278205222,102.3471032824319,102.83869836718726,181931800
2012-06-13,103.05721282958984,104.06382375762114,102.7060581296277,103.41615456243463,172223900
2012-06-14,104.14966583251953,104.56323588759233,102.9869807888216,103.26789742120867,230615500
2012-06-15,105.21481323242188,105.30893328536008,104.39907818052593,104.61869961636216,169444500
2012-06-18,105.41873931884766,105.67758142139635,104.54025361453947,104.77556570489918,131360900
2012-06-19,106.43840026855469,106.86980370472612,105.39519267507403,105.95209746876228,137382600
2012-06-20,106.26587677001953,106.7521917116155,105.31680084063514,106.44628952392935,206451800
2012-06-21,103.88137817382812,106.50115630943425,103.79509748224979,106.39134560819534,205272200
2012-06-22,104.68144989013672,104.87754131195601,104.02257361678626,104.42260777711878,130029200
2012-06-25,103.0029296875,103.61473409611455,102.63427677865879,103.5755134097217,146375700
2012-06-26,103.52057647705078,103.8343299221978,102.69699014018632,103.30095504968294,141634000
2012-06-27,104.45396423339844,104.65789497824584,103.51272791864787,103.86569004062069,108088000
2012-06-28,104.15589904785156,104.31278173703882,102.97151134268826,103.76371626182107,169242100
2012-06-29,106.75216674804688,106.88550746857786,105.77170971314001,106.04623050183214,212250900
2012-07-02,107.07373809814453,107.18354879761215,106.2972238549337,107.0502080888635,129524500
2012-07-03,107.77967834472656,107.85810772246347,106.94040142050507,107.050212124112,80450000
2012-07-05,107.29337310791016,108.08559008243078,106.90119027885088,107.379653809042,126177500
2012-07-06,106.27373504638672,106.49335653046592,105.77174137299522,106.25804437796013,151192100
2012-07-09,106.14038848876953,106.33647994373536,105.65407354189291,106.18744852300571,103780500
2012-07-10,105.21481323242188,106.85413465293902,104.8539997487077,106.68157324357189,167884800
2012-07-11,105.23049926757812,105.57562207112804,104.61869501345605,105.26971994406699,141733400
2012-07-12,104.72065734863281,105.28540159420305,104.00689367777552,104.61869794906488,143583200
2012-07-13,106.4776382446289,106.58744895818658,104.97949696300829,104.99518762736514,129642600
2012-07-16,106.22663879394531,106.5403922484938,105.81092593908026,106.23449011060309,97525200
2012-07-17,106.95611572265625,107.17573717841037,105.53641560922003,106.65021355439359,138860300
2012-07-18,107.748291015625,107.96007306380636,106.64234469394091,106.70508340524731,113349700
2012-07-19,108.03067779541016,108.3836399447784,107.62281627405888,107.9679271070938,129847300
2012-07-20,107.04238891601562,107.58360316841795,106.92473884743724,107.41888110393735,142904500
2012-07-23,105.9599838256836,106.97182251293194,104.9795264759712,105.47368081013776,145210900
2012-07-24,105.0500717163086,106.08543998076388,104.3441475130661,106.03837996301016,173301200
2012-07-25,105.07364654541016,105.54425883855477,104.51674156811274,105.26973799300512,129122300
2012-07-26,106.8071060180664,107.03457883748428,106.093330157578,106.58748451768137,156526500
2012-07-27,108.77581024169922,109.0817243001828,106.78352698312199,107.37180115380214,236768900
2012-07-30,108.77581024169922,109.29349438433023,108.45422945776357,108.65032084799029,106782000
2012-07-31,108.01502227783203,108.92487753248328,108.01502227783203,108.62682665961158,120575900
2012-08-01,107.92086791992188,108.81504429054192,107.77183653007351,108.79151427829956,138293800
2012-08-02,107.17573547363281,107.90520184386934,106.34430969457834,107.10514542865003,199556600
2012-08-03,109.30135345458984,109.52881421726477,107.2070867261298,108.68169791516699,157825000
2012-08-06,109.51313781738281,109.94454135637147,109.46607778921515,109.59157917664295,86326200
2012-08-07,110.06224060058594,110.53285300981894,109.83476776291948,109.95241787310896,109545100
2012-08-08,110.19552612304688,110.32101552149612,109.6621512978785,109.69353262384263,89754700
2012-08-09,110.2896957397461,110.50931724633955,109.92888213978571,110.03869289308244,90291700
2012-08-10,110.47004699707031,110.50926767032587,109.66215139557605,109.84255213038868,99792700
2012-08-13,110.41515350341797,110.47005287412114,109.84255797405653,110.28181278203057,79426900
2012-08-14,110.43085479736328,110.893639711553,110.10142260032,110.8230376941013,102379400
2012-08-15,110.55635070800781,110.74460279774598,110.24260919358247,110.31319923905744,71085900
2012-08-16,111.37206268310547,111.50540338312187,110.43866581452288,110.71318656097975,112014200
2012-08-17,111.5210952758789,111.61522728644874,111.27010450745422,111.56031594957723,90813700
2012-08-20,111.5289535522461,111.55248356423976,111.05832937543286,111.36423149982048,78255700
2012-08-21,111.1916732788086,112.23488105807893,110.94852183560843,111.80347754507686,105581100
2012-08-22,111.23878479003906,111.41918560739241,110.65051032745355,110.90934055873353,133243500
2012-08-23,110.32889556884766,110.97206929697721,110.15633413651412,110.96422994767921,111466400
2012-08-24,110.99561309814453,111.24661592851947,109.98378636332062,110.05437642118594,99481200
2012-08-27,111.01909637451172,111.4426604803157,110.8622256558123,111.29362910858721,68785900
2012-08-28,110.90933227539062,111.25445518262099,110.57206068689877,110.73677082177545,75689600
2012-08-29,110.99561309814453,111.29367596709635,110.68971087892115,111.00346441688981,65421300
2012-08-30,110.19552612304688,110.54848824509425,109.96021405219227,110.51710691913011,96589900
2012-08-31,110.72106170654297,111.23874592518239,110.0935667719925,110.82302110587226,151970400
2012-09-04,110.61906433105469,110.95634771607078,109.91314017594948,110.62690367732293,120226200
2012-09-05,110.52498626708984,110.96422919423925,110.30536480351515,110.66616636432839,100660300
2012-09-06,112.76820373535156,112.77604307978793,111.18378246127646,111.19162180571283,158272500
2012-09-07,113.20751190185547,113.25457193263503,112.85454970253701,112.95650911306883,107272100
2012-09-10,112.56431579589844,113.29378211076668,112.52510708619839,113.097690688384,86458500
2012-09-11,112.87808990478516,113.2388914856374,112.6035570758331,112.63493841149933,88760000
2012-09-12,113.25456237792969,113.3800637617351,112.87021887820212,113.25456237792969,87640900
2012-09-13,114.98018646240234,115.33314869931472,112.94084244442364,113.23889332726344,225470200
2012-09-14,115.49002075195312,116.17241514471038,115.11351656352606,115.20764859486877,169777000
2012-09-17,115.09786987304688,115.45083217544,114.80764631770012,115.25474067761324,119427800
2012-09-18,115.00370025634766,115.15273166097971,114.7134887642566,114.90174084933992,98326600
2012-09-19,115.0664291381836,115.43508192129154,114.83896838424013,115.13701916853132,128318300
2012-09-20,115.07430267333984,115.13704140011701,114.227186240192,114.5409277479632,154009800
2012-09-21,115.02617645263672,115.65702100788755,114.97886521665575,115.63336538989707,108737500
2012-09-24,114.85272216796875,115.1129460622724,114.37170442983694,114.45844572793816,95682000
2012-09-25,113.63045501708984,115.31795740489241,113.59890616926552,115.09716359956198,133165200
2012-09-26,112.99174499511719,113.63836417868596,112.72363988443094,113.60682735546055,146502200
2012-09-27,114.05625915527344,114.31648298355964,113.16519077650787,113.46484464526634,111830300
2012-09-28,113.52792358398438,113.99316674988668,113.12576607263196,113.62254604963006,150696100
2012-10-01,113.82762145996094,114.8842795095475,113.55950431633507,113.9616740155924,135911200
2012-10-02,113.94585418701172,114.45840857975398,113.41752537272654,114.277044845264,113422200
2012-10-03,114.41114044189453,114.67924554731852,113.65413637571359,114.25343226413706,121283100
2012-10-04,115.23121643066406,115.39680576892559,114.68711311165623,114.84482125412053,124311600
2012-10-05,115.23912048339844,116.04344781156752,114.89215528174266,115.84630958629604,124842100
2012-10-08,114.84484100341797,115.22334301689341,114.58461710904045,114.81330418244588,78415400
2012-10-09,113.70932006835938,114.85271930951882,113.66989001886523,114.7580968166223,148872900
2012-10-10,112.98381805419922,113.80391951438463,112.8339911317216,113.69351059688908,124247500
2012-10-11,113.04690551757812,113.93797383982869,113.02324990126688,113.77237249329181,123601500
2012-10-12,112.67630004882812,113.51216402442687,112.43185062566545,113.12578088421228,124181900
2012-10-15,113.61470794677734,113.73298607369502,112.58170553048684,112.94443314127626,107689100
2012-10-16,114.76595306396484,114.84481314580928,114.07203487964215,114.15088292912745,108815500
2012-10-17,115.28636932373047,115.38100380263823,114.6712993564314,114.84478186334712,128834100
2012-10-18,114.98677825927734,115.53876282810768,114.60038304491552,114.98677825927734,148108500
2012-10-19,113.07059478759766,114.78175306010657,112.80248970136755,114.77387186310986,185645200
2012-10-22,113.08637237548828,113.2913917943909,112.19530376311351,112.88134092422348,125578600
2012-10-23,111.51710510253906,112.0217782755349,111.05186196525617,111.86407016504074,192056300
2012-10-24,111.20170593261719,112.0533442987003,111.02822337476547,111.9192797502481,120179400
2012-10-25,111.52500915527344,112.19528380270224,110.84686534438973,111.99026442027414,134457400
2012-10-26,111.46195220947266,111.84833541236418,110.70493616531716,111.42252215977548,146023500
2012-10-31,111.46195220947266,111.99816238179635,110.93361120178184,111.85622864172072,103438500
2012-11-01,112.62896728515625,112.77090097508305,111.59596532283035,111.69846897699163,100995600
2012-11-02,111.62752532958984,113.33080215681868,111.50924723007121,113.29925330870698,137702200
2012-11-05,111.856201171875,112.1085317697178,111.13072212622458,111.46192483645402,98378500
2012-11-06,112.73149108886719,113.17307864357927,112.07699095157663,112.19526903503221,107068100
2012-11-07,110.17658233642578,111.72213886406993,109.65613467549375,111.70637647363618,264304500
2012-11-08,108.8518295288086,110.72070795516842,108.76508823448505,110.16083014046887,181517300
2012-11-09,108.94641876220703,109.95576502254328,108.46540124498769,108.52059366441598,201055300
2012-11-12,109.0331802368164,109.45899338120289,108.78873083611687,109.28551083250798,97677500
2012-11-13,108.65467071533203,109.80596294602393,108.31559883149794,108.45753254128172,123018300
2012-11-14,107.18792724609375,109.15930834337956,106.94347791520715,108.98583787658531,191505000
2012-11-15,107.006591796875,107.62955512615747,106.59654105135375,107.22738557545756,178128400
2012-11-16,107.53495788574219,107.74787054327442,106.21807595278855,107.16433705063014,239483900
2012-11-19,109.7113265991211,109.72708898775319,107.56646257409702,108.74139824214866,151495800
2012-11-20,109.75865173339844,109.94001548450375,108.88335775912954,109.53785794100261,119807400
2012-11-21,109.96368408203125,110.05831859877024,109.63249335434642,109.85328717280298,81710800
2012-11-23,111.46195220947266,111.50137022680799,110.42893784979879,110.49991675219843,65409200
2012-11-26,111.22540283203125,111.46985233635976,110.54724677210515,110.90997441324943,100124400
2012-11-27,110.65760803222656,111.49347201586136,110.58664117301832,111.11497006772409,128646200
2012-11-28,111.5486831665039,111.61175680133894,109.60883800540691,110.20813379522548,177086500
2012-11-29,112.06912231445312,112.3766574312749,111.47770770269119,111.96661863041993,151085900
2012-11-30,112.0927734375,112.30568605825017,111.70639027403408,112.08489224130948,136568300
2012-12-03,111.5407485961914,112.69992173250853,111.45400733999229,112.60529928296631,124656300
2012-12-04,111.38304901123047,111.87194774768653,111.08339518831498,111.5328759226882,127512200
2012-12-05,111.58023834228516,112.10068615800915,110.68916969103311,111.47772261218,147300500
2012-12-06,111.95872497558594,112.0060362191691,111.3121179260141,111.47770727855523,103220600
2012-12-07,112.29779815673828,112.51859196049534,111.71426479974613,112.39242063481706,108726400
2012-12-10,112.34512329101562,112.61322836697225,112.09278060844844,112.14010388570081,98840700
2012-12-11,113.10999298095703,113.63832180762178,112.75514669825483,112.81033912641105,152570400
2012-12-12,113.16521453857422,113.98531623610741,113.00750637592908,113.55160976456212,145880100
2012-12-13,112.47129821777344,113.41755924284354,112.18741870701622,113.09424968263305,135715000
2012-12-14,112.05337524414062,112.43187727836529,111.87989263837875,112.2268578499025,137701700
2012-12-17,113.37020111083984,113.43328675740293,112.31353157135418,112.3450804108141,143238200
2012-12-18,114.63194274902344,114.73445848668747,113.38602759786168,113.55162901775255,177762800
2012-12-19,113.78026580810547,114.79750554728041,113.74084779829334,114.75807550510875,150895400
2012-12-20,114.43480682373047,114.4505812526978,113.53585689041326,113.85128530794094,168487000
2012-12-21,113.39604187011719,114.42843354614315,112.72102539872702,112.9036754889032,245883800
2012-12-24,113.04662322998047,113.21338700859576,112.91955703447401,113.14985391084252,53874600
2012-12-26,112.5701675415039,113.33255284394481,112.25251406748046,113.2769568212539,106947700
2012-12-27,112.41923522949219,112.83219428313961,111.11683709201837,112.60188530184254,167920600
2012-12-28,111.20420837402344,112.30807028299807,111.07714216866083,111.68863767898067,148806700
2012-12-31,113.09429931640625,113.21341633198394,110.81509277083234,110.91039850099699,243935200
2013-01-02,115.9928970336914,116.06436722490628,114.93668199861817,115.23846118512465,192059000
2013-01-03,115.73085021972656,116.23910298631965,115.421133879423,115.9373358583968,144761800
2013-01-04,116.23907470703125,116.42967399227177,115.68317527220329,115.92142134932922,116817700
2013-01-07,115.9214096069336,116.03258948263709,115.49256428800751,115.82611603281563,110002500
2013-01-08,115.5879135131836,115.87380646090969,115.13524463024136,115.71497973832902,121265100
2013-01-09,115.88169860839844,116.19936404804795,115.65933885949251,115.84198891373005,90745600
2013-01-10,116.80286407470703,116.8108011634269,115.92136251909336,116.52490843950645,130735400
2013-01-11,116.79496002197266,116.85848098508421,116.4296478367525,116.77112451368566,113917300
2013-01-14,116.71558380126953,116.79500321107132,116.28673837666085,116.65205069696822,89567200
2013-01-15,116.79496002197266,116.90613988396208,116.10404534174914,116.17551551352173,93172600
2013-01-16,116.77911376953125,116.96176386592965,116.429687764108,116.55675396929833,104849500
2013-01-17,117.53346252441406,117.86700197745499,116.85843441283923,117.29521659575875,133833500
2013-01-18,117.79557037353516,117.9226365260826,117.0808323537272,117.50967758915102,169906000
2013-01-22,118.430908203125,118.430908203125,117.51763371615662,117.79558945516813,111797300
2013-01-23,118.62150573730469,118.72474852673052,118.21649590737753,118.43091857860875,104596100
2013-01-24,118.65331268310547,119.23303565475405,118.335647130509,118.44682704449232,146426400
2013-01-25,119.32037353515625,119.32037353515625,118.6215215462714,119.02654354787508,147211600
2013-01-28,119.17742156982422,119.38389503843733,118.73268990883652,119.35212243237456,113357700
2013-01-29,119.6459732055664,119.79686280108552,118.85976473729819,118.93918414052918,105694400
2013-01-30,119.17742156982422,119.8683242804554,119.06622956630325,119.63007820577953,137447700
2013-01-31,118.88355255126953,119.42357767266428,118.80414528950581,119.03444210162536,108975800
2013-02-01,120.1065902709961,120.24953066888452,119.43156163376551,119.63803513661568,131173000
2013-02-04,118.75650787353516,120.13038825699931,118.66915138740563,119.37595248644334,159073600
2013-02-05,119.9557113647461,120.2971882019713,119.35215287260584,119.39981179385519,113912400
2013-02-06,120.04300689697266,120.12241415664681,119.44739791978593,119.53475438781447,138762800
2013-02-07,119.8842544555664,120.19397083067726,119.01068923463674,120.08279090416832,162490000
2013-02-08,120.5512924194336,120.62276260802135,120.09068656348087,120.09068656348087,103133700
2013-02-11,120.52742767333984,120.63065831554002,120.22564860145897,120.50360428531712,73775000
2013-02-12,120.7259521484375,120.94831182664427,120.40034972045844,120.53535294524872,65392700
2013-02-13,120.8292465209961,121.19455882372934,120.48776973421724,120.97219902822215,82322600
2013-02-14,120.94041442871094,121.08336692176468,120.32893111053872,120.4639343931624,80834300
2013-02-15,120.79753875732422,121.17872541348156,120.35281897218978,121.05165915552733,215226500
2013-02-19,121.70278930664062,121.72661270054748,120.83717368083109,121.003937438179,95105400
2013-02-20,120.18598937988281,121.65516355254121,120.12245627924732,121.61545384993154,160574800
2013-02-21,119.45532989501953,120.24947516392754,119.07414355889831,119.88417512613913,183257000
2013-02-22,120.62279510498047,120.62279510498047,119.51099592397813,120.03512289919223,106356600
2013-02-25,118.32767486572266,121.3930768603748,118.32767486572266,121.21042679548388,245824800
2013-02-26,119.13774871826172,119.28068913665692,118.11329391561961,118.89950256990059,186596200
2013-02-27,120.63864135742188,120.97218100097864,118.93122132486675,119.03446411371702,150781900
2013-02-28,120.40038299560547,121.40100182407772,120.24155634123326,120.63067982679064,126866000
2013-03-01,120.79753875732422,120.98018892956759,119.44749309025029,119.98750650999773,170634800
2013-03-04,121.44072723388672,121.4407272338867,120.32892839169583,120.51951555452938,99010200
2013-03-05,122.5287094116211,122.85431198961288,122.01251966032619,122.0284059640012,121431900
2013-03-06,122.69549560546875,123.02903530444696,122.4254890088245,122.96550220211297,94469900
2013-03-07,122.91787719726562,123.07670392240934,122.71140366634907,122.85434408366768,86101400
2013-03-08,123.44197845458984,123.60874222367286,122.82254593402703,123.45786475754493,123477800
2013-03-11,123.91053771972656,123.91847481340068,123.19581152264703,123.34670112635722,83746800
2013-03-12,123.63260650634766,123.96615839022145,123.25936914620827,123.8232058517466,105755800
2013-03-13,123.80728912353516,123.98200211779742,123.27521304744545,123.6961092287955,92550900
2013-03-14,124.46636962890625,124.52196560753494,123.81517688794577,124.13283011021522,126329900
2013-03-15,124.3021011352539,124.46960661417292,123.88730537765467,124.31805809520615,138601100
2013-03-18,123.61609649658203,124.15053901869909,123.00188134721417,123.11355572240886,126704300
2013-03-19,123.32897186279297,124.04687705325952,122.51533705442573,123.8793715222297,167567300
2013-03-20,124.19039154052734,124.39778327471717,123.84738394259298,124.05478784837352,113759300
2013-03-21,123.12953186035156,124.15055835590391,122.92214003742859,123.4485980758632,128605000
2013-03-22,124.11865234375,124.11865234375,123.4246644828533,123.5203940814985,111163600
2013-03-25,123.60006713867188,124.65300677797677,123.1214681702862,124.4456029372481,151322300
2013-03-26,124.5892333984375,124.6211351385136,123.97501840055106,124.11062209615879,86856600
2013-03-27,124.5892333984375,124.62911970222589,123.63999535759238,123.84738709706461,99950600
2013-03-28,124.97217559814453,125.11576392693178,124.23831350544556,124.5095210278697,102932800
2013-04-01,124.47756958007812,125.1635726798566,124.17444825155515,124.90831005129155,99194100
2013-04-02,125.09182739257812,125.4029212202442,124.73286267699739,124.92430971386736,101504300
2013-04-03,123.8235092163086,125.25933154835273,123.49647060112872,125.16361411674849,154167400
2013-04-04,124.32603454589844,124.57331266105271,123.71181936943508,123.98302683950139,131885000
2013-04-05,123.7676010131836,123.91916163321756,122.65883015854234,122.80240621651862,159666000
2013-04-08,124.60519409179688,124.61316648415726,123.44057971283469,123.85537537581195,86571200
2013-04-09,125.03592681884766,125.49060875873424,124.42171184046407,124.83650747782876,101922200
2013-04-10,126.56747436523438,126.72700741440487,125.339056497871,125.37095823906851,135711100
2013-04-11,126.98233032226562,127.39712618432944,126.46383245178654,126.5914638203596,110142500
2013-04-12,126.67120361328125,126.86263844489021,125.96924343979755,126.5754740258827,116359900
2013-04-15,123.73573303222656,126.1367501577261,123.71978824537035,126.0330481851956,217259000
2013-04-16,125.56242370605469,125.62623936944615,124.36590740354971,124.66901659016757,147507800
2013-04-17,123.72774505615234,124.69294008948665,123.0656713372124,124.66899856903156,226834800
2013-04-18,122.95397186279297,123.9670253868627,122.48334520251399,123.93511148050436,167583200
2013-04-19,124.02294921875,124.07879251084616,122.93810685143558,123.24122833059049,149687600
2013-04-22,124.57331085205078,124.8684476727433,123.44061010681544,124.26221707111709,106553500
2013-04-23,125.85752868652344,125.97717541789395,124.57326769292257,125.19545503922956,166141300
2013-04-24,125.93730926513672,126.27233230578406,125.6660897042014,125.89742296162349,96781200
2013-04-25,126.44784545898438,127.04610360646232,126.1128223569879,126.30425717436123,131060600
2013-04-26,126.2245101928711,126.51167462116557,125.81768681935714,126.29629825704609,95918800
2013-04-29,127.07003784179688,127.34921768505926,126.36807769353737,126.5674970836935,88572800
2013-04-30,127.37319946289062,127.40511339454329,126.51969045096068,127.04616077884194,116010700
2013-05-01,126.25637817382812,127.15775753270458,126.11280208387855,127.09394187997435,138874200
2013-05-02,127.42898559570312,127.54065996319557,126.45581803401475,126.5754647950448,96407600
2013-05-03,128.72122192382812,129.1280452628055,127.45291754469578,128.53775949597969,144202300
2013-05-06,129.0482635498047,129.23172596473077,128.76109916611523,128.81694243286245,66882100
2013-05-07,129.70233154296875,129.74220566998818,128.96048533792964,129.3274222449062,90359200
2013-05-08,130.2926483154297,130.3325346273156,129.4869983703454,129.55878642878395,97419200
2013-05-09,129.92579650878906,130.57988613942538,129.59874560767074,130.2368904418625,106738600
2013-05-10,130.3485107421875,130.46018512892348,129.63059353751743,130.01348758197958,103203000
2013-05-13,130.4521942138672,130.66757058194628,129.87787751831408,130.1809867409348,81843200
2013-05-14,131.80032348632812,131.89605311644632,130.55594783918727,130.55594783918727,119000900
2013-05-15,132.51022338867188,132.77345850567798,131.54504013124594,131.58492645290076,120718500
2013-05-16,131.88803100585938,132.70166568646937,131.6886115763096,132.23901114932235,109913600
2013-05-17,133.164306640625,133.2440671013516,132.19911134455342,132.3746013983846,129801000
2013-05-20,133.15626525878906,133.67476280445382,132.90101485314253,133.03661853295313,85071200
2013-05-21,133.3477325439453,133.85027321233582,132.81329013432608,133.27594449748707,95804200
2013-05-22,132.358642578125,134.86336200732845,131.75241196442164,133.4833709514435,244031800
2013-05-23,131.9757537841797,132.34269082817005,130.7712650146091,130.94675505674442,211064400
2013-05-24,131.86407470703125,131.919917978262,130.80316209798883,131.19402848182347,151573900
2013-05-28,132.65377807617188,133.83433743391012,132.2629116976183,133.2440516692443,143679800
2013-05-29,131.79234313964844,132.25499778058307,131.09038269525124,131.95187628475725,160363400
2013-05-30,132.27886962890625,132.88510018537005,131.7922858363519,131.89598781280245,107793800
2013-05-31,130.38040161132812,132.66176003988997,130.1251511079196,131.9119411465621,176850100
2013-06-03,131.09828186035156,131.18602685873992,129.75020514492624,130.68348621600742,168390700
2013-06-04,130.4680938720703,131.69652369844445,129.80602026957322,131.17005377285554,157631500
2013-06-05,128.6414794921875,130.3564815906289,128.52980510677637,130.09324650253228,211737800
2013-06-06,129.80609130859375,129.8140758755747,127.82785398108315,128.58564537691703,200225500
2013-06-07,131.45729064941406,131.5769374387384,130.13314271344305,130.69949924996908,188337800
2013-06-10,131.45729064941406,131.9358899783075,131.11428290069085,131.8641019047129,105667100
2013-06-11,130.10121154785156,131.24985698047632,129.81404714679704,130.26074462141668,159505400
2013-06-12,129.02435302734375,131.13022142451206,128.90470625484332,130.99461769181343,177361500
2013-06-13,130.98666381835938,131.21798500176598,128.6654187308837,128.9525831970827,163587800
2013-06-14,130.1649932861328,131.3535370030047,129.94962915002972,130.84302394996004,141197500
2013-06-17,131.1700897216797,131.792277196407,130.19692220036924,131.05043079402125,136295600
2013-06-18,132.20700073242188,132.40641999806482,131.23383374235738,131.24180613121212,114695600
2013-06-19,130.38040161132812,132.32673690764452,130.32457050841768,132.0954157585682,206149500
2013-06-20,127.14977264404297,130.39632550319848,126.81474959675859,129.1120644028128,321255900
2013-06-21,127.55797576904297,128.11127534953422,126.27493352106859,128.01505146353534,271956800
2013-06-24,125.94618225097656,127.04477933103747,124.87965572855221,126.226851633299,222329000
2013-06-25,127.156982421875,128.38388548612699,126.2347923027618,127.0848022964534,162262200
2013-06-26,128.41598510742188,128.70466896650623,127.7022961552406,128.19946915410955,134848000
2013-06-27,129.1698455810547,129.76325503098371,129.06559483330958,129.18588698132393,129483700
2013-06-28,128.64051818847656,129.42637506200893,128.1914571178866,128.808922207946,160402900
2013-07-01,129.394287109375,130.29240912974117,129.16975660428346,129.31409239927308,131954800
2013-07-02,129.27406311035156,130.1481295423729,128.7047097891266,129.20188294568916,154863700
2013-07-03,129.3302001953125,129.72313489897923,128.480189670157,128.68867889308154,75216400
2013-07-05,130.7255096435547,130.77362160048625,129.34624311017788,130.28446297834677,122416900
2013-07-08,131.47125244140625,131.82408972793098,130.77360468414122,131.39908451534427,108092500
2013-07-09,132.41754150390625,132.57791880307312,131.72790810508556,132.2972493525284,119298000
2013-07-10,132.46556091308594,132.9146219313845,132.01649989478736,132.28914233646935,121410100
2013-07-11,134.26986694335938,134.40618819988163,132.45756877030271,134.00523900916974,135592200
2013-07-12,134.3260498046875,134.66284579782047,134.0213366124263,134.22982587407907,104212700
2013-07-15,134.83920288085938,135.03166289013652,134.46230967685693,134.69486705089986,69450600
2013-07-16,134.33401489257812,135.00760656930936,133.9731630826148,134.92741183998515,88702100
2013-07-17,134.67880249023438,135.10380756444695,134.50238390441078,134.84720649888263,92873900
2013-07-18,135.4166259765625,135.73739278969157,134.87935533007442,134.96756467418456,103620100
2013-07-19,135.65719604492188,135.70530800718743,134.9675627017761,135.13596680570816,103831700
2013-07-22,135.92172241210938,136.11418235322574,135.52878795416098,135.84955452268827,79428600
2013-07-23,135.63308715820312,136.18639898043526,135.5609192429549,136.16234300868584,80829700
2013-07-24,135.13587951660156,136.21042009979016,134.86322484654312,136.15428135607394,112914000
2013-07-25,135.46470642089844,135.58499853633447,134.67083474462035,134.89536534356768,111088600
2013-07-26,135.6090087890625,135.64910614735493,134.33399355293585,134.8953198610423,107814600
2013-07-29,135.19204711914062,135.5689403426745,134.80713931663738,135.26421503786028,79695000
2013-07-30,135.19204711914062,135.74535896798815,134.87129265638765,135.60102313054884,85209600
2013-07-31,135.28826904296875,136.20243262543573,135.11185043617712,135.4727022278883,142388700
2013-08-01,136.8519744873047,136.97225434464943,136.2425239140975,136.31470406450202,110438400
2013-08-02,137.08453369140625,137.10057508603097,136.36283000127966,136.54726321346777,91116700
2013-08-05,136.8840789794922,137.0925804319207,136.60342183076256,136.77984048927866,54072700
2013-08-06,136.106201171875,136.9161263224441,135.80148812460914,136.61941561758323,87495000
2013-08-07,135.66519165039062,135.86566628912405,135.16000388126307,135.67321846698053,84854700
2013-08-08,136.1623077392578,136.46702071448806,135.46464803124263,136.30664353236773,102181300
2013-08-09,135.7693634033203,136.4028697453785,135.29624646775378,135.98587931328902,91757700
2013-08-12,135.6090087890625,135.7693859862364,135.02362651317975,135.08777983924847,68593300
2013-08-13,136.010009765625,136.2425549548058,135.0477339796347,135.84963250729336,80806000
2013-08-14,135.31231689453125,136.16232709298225,135.28023411195022,135.94581113654777,79829200
2013-08-15,133.4198455810547,134.26182902310683,133.18728821751864,134.24579986672296,152931800
2013-08-16,132.97879028320312,133.62031134013472,132.71416238836898,133.16322345742216,130868200
2013-08-19,132.12881469726562,133.28355045505293,132.12078788150345,132.8264624525956,96437600
2013-08-20,132.7782745361328,133.27544738895702,132.20090698756607,132.34524275671146,89294400
2013-08-21,131.96041870117188,133.13921050630756,131.66372016382493,132.40947991531874,159530500
2013-08-22,133.1632537841797,133.35571381588917,132.2250340720945,132.2330486515827,101471400
2013-08-23,133.61231994628906,133.78072400982512,132.93071358435665,133.55619341577685,90888900
2013-08-26,133.1151123046875,134.15758249885124,133.02690300588912,133.74860655169667,89702100
2013-08-27,130.97402954101562,133.11509618605015,130.87780567615857,131.79998367702538,158619400
2013-08-28,131.43917846679688,131.90428103820685,130.74954530725785,130.91793713035497,108113000
2013-08-29,131.64768981933594,132.34533767588263,131.0302244800467,131.15051660993498,119200500
2013-08-30,131.2306671142578,131.93634161558617,130.84575931171437,131.9203002216473,134928900
2013-09-03,131.82412719726562,132.77838861087614,131.2708151348526,132.49771917063663,142375100
2013-09-04,132.91464233398438,133.13917287759944,131.61557101221197,131.8561307118017,97389400
2013-09-05,133.0830535888672,133.4358785794302,132.89860816116658,132.99484428222704,63090500
2013-09-06,133.14720153808594,133.9009879725176,131.896242023922,133.52409475530177,159756500
2013-09-09,134.42221069335938,134.50239317862886,133.47596437360573,133.47596437360573,87559300
2013-09-10,135.4166259765625,135.44068195804684,134.9274672930431,135.232192706515,105847200
2013-09-11,135.84153747558594,135.84153747558594,134.9995542331625,135.2320993055664,94545900
2013-09-12,135.48072814941406,135.9698866481108,135.29629494905248,135.79346802654817,83209000
2013-09-13,135.78549194335938,135.8897426772922,135.31237470412853,135.62511466992538,72727800
2013-09-16,136.57125854492188,137.31703011383598,136.35474263962507,137.25287679982236,106299200
2013-09-17,137.1808624267578,137.2129330016575,136.69170356648908,136.69170356648908,82523300
2013-09-18,138.76853942871094,139.1454327068184,136.78784913261433,137.1326596182019,203460600
2013-09-19,138.5359649658203,139.20956892986706,138.39964370438193,139.14541558871983,146616900
2013-09-20,137.56739807128906,138.86474807876078,137.4545855617542,138.86474807876078,132867100
2013-09-23,136.9307861328125,137.51096819258325,136.49565573580432,137.3820484092429,104616500
2013-09-24,136.6084442138672,137.41425112236433,136.35059239687968,136.9065888354071,106333100
2013-09-25,136.21359252929688,136.9710529801709,136.0927264129393,136.6970815860021,117306500
2013-09-26,136.7374267578125,137.12421077392506,136.2217106377817,136.43928202618847,77146900
2013-09-27,136.10885620117188,136.2941883586983,135.75429917241632,136.05244381221604,99141800
2013-09-30,135.38363647460938,135.81071322250722,134.69064192781744,134.95655972671153,143937000
2013-10-01,136.4553680419922,136.58430012580797,135.3514162764652,135.48840200465435,127160000
2013-10-02,136.32644653320312,136.45537862702034,135.2386142676785,135.6576374247639,113350000
2013-10-03,135.06939697265625,136.13306836315513,134.44086834941305,136.01218990752105,176698000
2013-10-04,136.09278869628906,136.22977445606548,134.99689032243458,135.17416890464952,96878000
2013-10-07,134.91627502441406,135.73820169806507,134.77123565028526,134.9082213799537,96295000
2013-10-08,133.344970703125,135.06939760235707,133.24827777468045,134.89211903644744,178015000
2013-10-09,133.44163513183594,133.92511192189352,132.57941579799402,133.60279406185512,168973000
2013-10-10,136.31846618652344,136.39098591742396,134.75519752143484,134.80354400870183,195955000
2013-10-11,137.1966552734375,137.24501400763285,135.99601106374837,136.1088235189333,105040000
2013-10-14,137.74468994140625,137.85750246184435,136.24588800093287,136.35064687549774,112106000
2013-10-15,136.7454376220703,137.91385524613497,136.56010546544613,137.39813928744803,155485000
2013-10-16,138.65524291992188,138.72776261284324,137.5029322957254,137.56739834353596,161676000
2013-10-17,139.5819091796875,139.66249480929125,138.06698787175057,138.09116110150356,129389000
2013-10-18,140.52474975585938,140.6214427077128,139.8156353205479,140.09767282431358,138316000
2013-10-21,140.53277587890625,140.8148133274328,140.21851155128874,140.57306869950185,104104000
2013-10-22,141.34661865234375,141.76562946862802,140.55691888455593,140.9437151243197,126663000
2013-10-23,140.66976928710938,140.92762119825755,140.17822640160222,140.86315514655996,105484000
2013-10-24,141.1370849609375,141.31436347683763,140.62136899531123,140.95175280181954,70350000
2013-10-25,141.78172302246094,141.82201582699386,141.15319461778776,141.42716601559144,93625000
2013-10-28,142.00738525390625,142.200783389054,141.58030846414073,141.73341378417757,84979000
2013-10-29,142.76487731933594,142.82128973202904,142.12829496485455,142.32974678908383,87401000
2013-10-30,142.05577087402344,143.0388568146584,141.548120609734,142.93411022126384,140002000
2013-10-31,141.6528778076172,142.53927086820116,141.4433723094997,141.9429689642042,133795000
2013-11-01,141.9912872314453,142.3136051820868,141.19353370449136,141.83818190141602,142805000
2013-11-04,142.49090576171875,142.54730587875736,141.8059646412145,142.37809323199795,85677000
2013-11-05,142.03958129882812,142.42636515604917,141.47551894545634,141.9348224704744,85825000
2013-11-06,142.76487731933594,143.03079520279582,142.25721478767218,142.65206478959328,87348000
2013-11-07,140.9598388671875,143.14358165407327,140.82285312714544,143.03076914488324,157000000
2013-11-08,142.8615264892578,142.8776460730375,140.89536761552864,140.91147490366853,136713000
2013-11-11,142.88572692871094,143.05493954132263,142.55534305275714,142.72455566536883,62614000
2013-11-12,142.59568786621094,142.91800591914648,142.1202521390095,142.5795682748705,83990000
2013-11-13,143.73983764648438,143.78011815466328,141.89453297417887,141.89453297417887,103844000
2013-11-14,144.45703125,144.57789738753198,143.6351046278637,143.86878325897206,103435000
2013-11-15,145.08555603027344,145.14195612779332,144.50537399374127,144.69070616507705,102818000
2013-11-18,144.5779266357422,145.44819988894812,144.2556086733587,145.32733372696484,104796000
2013-11-19,144.26365661621094,144.9405316878447,144.01385836089193,144.50540122626344,93891000
2013-11-20,143.81243896484375,144.98891081213736,143.41758893628938,144.553780252535,124909000
2013-11-21,144.97276306152344,145.08557556739376,144.12666311967556,144.21530239540516,92841000
2013-11-22,145.697998046875,145.71411763367496,144.85996396790966,145.02917659456168,81296000
2013-11-25,145.5529327392578,145.98806314025146,145.34341503508614,145.95583626803113,79486000
2013-11-26,145.59320068359375,146.02834334265256,145.3756416497032,145.6254398486701,86994000
2013-11-27,145.94775390625,146.0444591033095,145.56902364816648,145.74630216453062,58800000
2013-11-29,145.85108947753906,146.45544482067803,145.68993051183017,146.108953659186,55870900
2013-12-02,145.47239685058594,146.1976185320669,145.24677178098545,145.9236469897869,99726000
2013-12-03,144.84384155273438,145.3595576594831,144.3764719097993,144.99694688523886,116563000
2013-12-04,144.82772827148438,145.43208368675005,143.7157226684324,144.32007808369804,123033000
2013-12-05,144.19113159179688,144.83577976289334,144.05414585348058,144.5698619312295,106934000
2013-12-06,145.802734375,145.93972010251483,145.16613989906853,145.58516302158694,127728000
2013-12-09,146.17343139648438,146.39100279849802,145.98004552415486,146.22984380634244,70124000
2013-12-10,145.6496124267578,146.14115517905543,145.56097316665043,145.83494459038644,80976000
2013-12-11,144.01385498046875,145.7302281463476,143.83657642363426,145.7060549154739,130591000
2013-12-12,143.53843688964844,144.1266726881935,143.24027987205014,143.94939412496484,115565000
2013-12-13,143.52230834960938,143.96550473003217,143.24833687649019,143.83657263833808,107808000
2013-12-16,144.4168243408203,144.89224782542317,144.15896003318332,144.19925286820748,96195000
2013-12-17,143.95745849609375,144.56987986765552,143.63514051837691,144.54570663410888,89886000
2013-12-18,146.4151611328125,146.43933436439374,142.88573406989343,144.1750181715789,234906000
2013-12-19,146.24598693847656,146.41519960400652,145.61745816093253,145.99617632042884,136531200
2013-12-20,147.09664916992188,147.44503387548656,146.29457686244396,146.39179475125417,197087000
2013-12-23,147.88243103027344,147.971551491471,147.50975445609367,147.81761502554895,85598000
2013-12-24,148.2065887451172,148.27140478922536,147.88252088697277,147.89061825658763,45368800
2013-12-26,148.96005249023438,149.04107562946845,148.52255968059828,148.53875441852878,63365000
2013-12-27,148.9519500732422,149.21929922638432,148.79801353135161,149.15449555206771,61814000
2013-12-30,148.92762756347656,149.08966145442898,148.7331794768976,148.96812676441957,56857000
2013-12-31,149.63250732421875,149.63250732421875,149.01676112616758,149.1301984678259,86119900
2014-01-02,148.19847106933594,149.1301876680309,147.84198905678443,149.05726190190381,119636900
2014-01-03,148.17417907714844,148.74941371172457,147.96353621672114,148.44963797826006,81390600
2014-01-06,147.74468994140625,148.71690521040867,147.51784012405196,148.66019893726403,108028200
2014-01-07,148.6521453857422,148.90329975255247,148.22275004331314,148.33617499485302,86144200
2014-01-08,148.6845703125,148.9357246974411,148.17415181252719,148.62785165143927,96582300
2014-01-09,148.78175354003906,149.1787469878691,148.10120394009377,149.16253989385405,90683400
2014-01-10,149.18690490722656,149.2517209472044,148.27139534083344,149.03296835757862,102026400
2014-01-13,147.20201110839844,149.219356945897,146.91844238339758,148.80616845972978,149892000
2014-01-14,148.8060760498047,148.88709916731733,147.41256249285306,147.68802131256876,105016100
2014-01-15,149.60821533203125,149.8350653094763,148.8385448826715,149.15451537714114,98525800
2014-01-16,149.41371154785156,149.6081596114106,148.9357072992932,149.30028660137344,72290600
2014-01-17,148.78175354003906,149.43799868015705,148.5225018477511,149.15444252804178,107848700
2014-01-21,149.2193145751953,149.69733134981286,148.3038173231638,149.640612675958,88621200
2014-01-22,149.31654357910156,149.53529617838467,149.00057309675756,149.4704801355454,61270900
2014-01-23,148.0931396484375,148.58735108720603,147.30727460225907,148.56304661992186,132496900
2014-01-24,144.9334259033203,147.1776330157601,144.884816971896,147.12902408433578,208677100
2014-01-27,144.22047424316406,145.44385681285388,143.49941285328634,145.0711677028252,180843100
2014-01-28,145.07928466796875,145.26562305107743,144.30960194174656,144.32580904187628,110463200
2014-01-29,143.68569946289062,144.65791482757956,143.30491315434253,143.8720377535453,216597300
2014-01-30,145.20892333984375,145.67883040579392,144.42304577328534,144.88485546931108,118938100
2014-01-31,144.3582000732422,145.25750244599578,143.33737536460063,143.4102887661334,194677900
2014-02-03,141.10939025878906,144.51215201274135,140.83393135981478,144.18808417422994,254837100
2014-02-04,142.0978240966797,142.46240353346562,141.06079209931698,141.7413420296369,165012400
2014-02-05,141.91961669921875,142.23558726764026,140.73675759175342,141.60364613079724,164230500
2014-02-06,143.7910919189453,143.7910919189453,141.96008512555076,142.25175112791763,132877600
2014-02-07,145.57351684570312,145.72745342591375,143.99366419006427,144.46357130140265,170787200
2014-02-10,145.8408966064453,145.8895179239392,145.1927607219884,145.58974209685832,92218800
2014-02-11,147.43695068359375,147.80963992844954,145.8651952654438,145.96242553415348,117814100
2014-02-12,147.5098419189453,148.12557578533114,147.2181759059423,147.65566874424871,94717700
2014-02-13,148.27139282226562,148.42532936929877,146.50520212185364,146.51329949081497,100542200
2014-02-14,149.08966064453125,149.36511949389333,147.9959102523555,148.1336396770365,96498400
2014-02-18,149.26791381835938,149.4704592880835,148.78989711439067,149.2192925212143,80460900
2014-02-19,148.27947998046875,149.84312495724913,148.15794529017805,148.87900661461964,126524300
2014-02-20,149.1544952392578,149.49477015948366,147.93922236885342,148.48204276747998,104998100
2014-02-21,148.9843292236328,149.79451101556347,148.91141582933338,149.43802904913107,118116400
2014-02-24,149.8107452392578,150.8153629312274,149.23551062337577,149.3003266619537,114063900
2014-02-25,149.7540283203125,150.36166478138946,149.2598168374741,149.9322693378867,117085000
2014-02-26,149.7621307373047,150.36976716870453,149.3408326833969,149.97277358306116,98677200
2014-02-27,150.54798889160156,150.58848809192418,149.3732153848072,149.5433590032566,93880800
2014-02-28,150.9287872314453,151.62554419003996,149.92416954397996,150.523696263946,150842000
2014-03-03,149.86740112304688,150.2481874950781,148.8708811352843,149.60003968976596,167748500
2014-03-04,151.9739227294922,152.2979905454811,151.3014702670402,151.3338721036812,167545900
2014-03-05,152.11167907714844,152.3709432657178,151.8686219909639,152.1035817071545,88376900
2014-03-06,152.46006774902344,152.8084524944207,152.13599984100586,152.4843845864031,82516500
2014-03-07,152.5248260498047,153.09196321768718,151.85237365101298,153.09196321768718,114513500
2014-03-10,152.44383239746094,152.50053870317868,151.56883444402814,152.28989585532068,74939200
2014-03-11,151.69033813476562,152.88941612484356,151.34196588740602,152.67066357278438,99009100
2014-03-12,151.7309112548828,151.787629939032,150.61285593787008,150.9531433179684,104824400
2014-03-13,150.0294952392578,152.30611701959188,149.60820950463884,152.18458230343956,155014300
2014-03-14,149.60821533203125,150.53182234374228,149.42997429798206,149.76215189438253,153919600
2014-03-17,150.96115112304688,151.31763303362973,150.29679622379865,150.36161224048564,98359500
2014-03-18,152.03872680664062,152.24127226630128,151.1070102747654,151.26905653240894,101804600
2014-03-19,151.22853088378906,152.26556255167927,150.2644126076116,152.0549073813189,176267300
2014-03-20,152.11167907714844,152.2251040690483,150.6290444500593,150.89640600862262,117241000
2014-03-21,151.52163696289062,153.81643896619968,151.38329968436506,152.75041867753828,163128000
2014-03-24,150.8950958251953,152.2296704749576,150.23595402478614,152.0424972495155,121411000
2014-03-25,151.61119079589844,152.12386210576946,150.7648882753869,151.66001426979915,103852000
2014-03-26,150.52076721191406,152.44936904449938,150.4800768423198,152.2052392438912,119843000
2014-03-27,150.20338439941406,150.82183572631462,149.65002275580326,150.34172170607778,142383000
2014-03-28,150.94390869140625,151.70069733435002,150.54516297881761,150.63467681564543,101642000
2014-03-31,152.18081665039062,152.41681332702916,150.9683256748882,151.90414202401686,99745000
2014-04-01,153.1898651123047,153.27937894317867,152.1726681328073,152.67719386121232,89193000
2014-04-02,153.70254516601562,153.90598457356617,153.10036004956183,153.38518018691502,78774000
2014-04-03,153.49908447265625,153.9791984278284,153.02710362255414,153.93850806856966,77435000
2014-04-04,151.6844024658203,154.36980486620476,151.44028513420295,154.33726002764072,169381000
2014-04-07,150.00808715820312,151.57050040759265,149.69886768455598,151.31823751450284,140803000
2014-04-08,150.6265869140625,150.87070434183556,149.39780458179288,149.94302086541887,112660000
2014-04-09,152.24586486816406,152.29468832413113,150.59393838419962,151.03337432180768,100254000
2014-04-10,149.04783630371094,152.31099961930167,148.86066312641873,152.23776441964205,172959000
2014-04-11,147.7051544189453,149.25943459298824,147.54240536370077,148.21782573907478,167251000
2014-04-14,148.8688507080078,149.21876059432105,147.6482140343337,148.86070518332997,132382000
2014-04-15,149.8942108154297,150.00000332158706,147.7051999591512,149.17811226817605,157093000
2014-04-16,151.46470642089844,151.47283952681371,150.26033622983206,150.92762342355442,105197000
2014-04-17,151.67626953125,152.09942693478808,151.00084927345333,151.26125765007822,105255000
2014-04-21,152.2052001953125,152.25403607647112,151.52979238454628,151.7169531363145,68329000
2014-04-22,152.8969268798828,153.31193881811336,152.2784755258018,152.35984384196806,85790000
2014-04-23,152.53887939453125,152.92134650942756,152.41682070550357,152.8399781890615,73869000
2014-04-24,152.8480987548828,153.30380104580553,152.11570942993745,153.2875224162851,88170000
2014-04-25,151.5949249267578,152.44123993546825,151.25314816372554,152.35172608679613,100380000
2014-04-28,152.07508850097656,152.73423044869838,150.5126747390165,152.21342586137837,135121000
2014-04-29,152.7830047607422,153.0189890250075,152.23778860396104,152.56328670990428,84098000
2014-04-30,153.23870849609375,153.39332444378468,152.3191583336942,152.53074327977941,101508000
2014-05-01,153.25494384765625,153.66995568192505,152.76668440514305,153.16543003042727,93019000
2014-05-02,153.03524780273438,153.91410747511827,152.80739667474097,153.2386871967967,98122000
2014-05-05,153.32823181152344,153.43402429110213,151.86346539679337,152.28662289815043,75883000
2014-05-06,151.99365234375,153.09223013420257,151.96110750132425,152.98643766664537,85454000
2014-05-07,152.8887939453125,152.96202915503147,151.3670586695092,152.50632684972697,106500000
2014-05-08,152.7260284423828,153.84088485656233,152.23778130687074,152.75045259526684,93618000
2014-05-09,152.9539031982422,153.01899288750838,152.03435302115395,152.75046377265326,83679000
2014-05-12,154.4430694580078,154.51631708838772,152.98644862867468,153.63745727644346,86940000
2014-05-13,154.58140563964844,154.95572719784522,154.4267897024539,154.64649532345615,66454000
2014-05-14,153.8490447998047,154.516332143447,153.62932672117142,154.44308450593033,72367000
2014-05-15,152.4981689453125,153.57233493514147,151.74951344495696,153.53977767771636,154956000
2014-05-16,153.02719116210938,153.09229329077434,151.9448915548568,152.58775489786115,97458000
2014-05-19,153.58860778808594,153.71066645645118,152.59582256219832,152.734159858664,63839000
2014-05-20,152.62020874023438,153.5316130899641,152.2296086499149,153.51533446458953,111644000
2014-05-21,153.906005859375,153.97924107615248,153.0352791144948,153.05969085342065,89093000
2014-05-22,154.28033447265625,154.5976995100597,153.68629477022586,153.94669080291055,61549000
2014-05-23,154.8987579345703,155.00453797481188,154.28029423644236,154.41863153287755,61092800
2014-05-27,155.85089111328125,155.89971459261952,155.38704322565167,155.47655707675784,72010000
2014-05-28,155.73695373535156,156.0950091126763,155.47654530931277,155.85087931750422,66723000
2014-05-29,156.54254150390625,156.56695323792064,155.69623908517897,156.09498476900586,64377000
2014-05-30,156.79476928710938,156.89242861827287,156.26583194586303,156.39603610944604,76316000
2014-06-02,156.97386169433594,157.04710932717757,156.2170729629523,157.0145520643685,64656000
2014-06-03,156.8925018310547,156.9738701585497,156.44493257047833,156.59140301014426,65047000
2014-06-04,157.2098846435547,157.2993985057916,156.46122889437305,156.6239779847239,55529000
2014-06-05,158.23516845703125,158.39791749942088,156.81109260644888,157.3888659864315,92103000
2014-06-06,158.9919891357422,159.03266708864416,158.5037295313433,158.57696474691588,78696000
2014-06-09,159.15475463867188,159.53722180433587,158.82111095509967,158.9675938183338,65119000
2014-06-10,159.17105102539062,159.20359587809554,158.61768919372545,158.959466023448,57129000
2014-06-11,158.61766052246094,158.78040959048786,158.2596051226269,158.60138189057085,68772000
2014-06-12,157.49464416503906,158.51998671213835,157.14473434890292,158.43047287734328,106350000
2014-06-13,157.97476196289062,158.12937788880913,157.29934168579962,157.80386740872933,82017000
2014-06-16,158.10498046875,158.43862411088267,157.59232155350134,157.77948235059347,87424000
2014-06-17,158.54440307617188,158.65832864951395,157.71436680356177,157.885261372053,84834000
2014-06-18,159.7080841064453,159.7975979514545,158.19449426526288,158.54441653828323,105267000
2014-06-19,159.88711547851562,159.98477484974745,159.33376618168467,159.84642510858217,85929000
2014-06-20,160.2117156982422,160.34254381350777,160.0154735253438,160.28530183440816,100587000
2014-06-23,160.1626434326172,160.30164361353548,159.86828643877416,160.25258619397073,70611000
2014-06-24,159.19776916503906,160.6695538328441,159.01788367917112,159.87642577509504,96237000
2014-06-25,159.9173583984375,160.08088730400664,158.82987308554198,158.8625738760735,82782000
2014-06-26,159.80288696289062,159.95824378998552,158.73175828318043,159.94188715648718,84312000
2014-06-27,160.1136016845703,160.16265910893665,159.35317417752432,159.42676031407385,71445100
2014-06-30,160.0318145751953,160.3997576966512,159.8764577630028,160.01545794326594,70201200
2014-07-01,161.1029510498047,161.59355022009925,160.36706477081802,160.42429427069445,90470000
2014-07-02,161.2665252685547,161.4709395675482,161.04576680869195,161.11935296197953,52475000
2014-07-03,162.0596466064453,162.13323275649068,161.6017605931076,161.7244041765166,52938800
2014-07-07,161.49546813964844,161.87976801952632,161.25835304267164,161.74895235039705,61696000
2014-07-08,160.45697021484375,161.2582703619225,160.06448597931546,161.20102839890504,108143000
2014-07-09,161.1765594482422,161.32374421024554,160.5142592103693,160.8576736864346,72992000
2014-07-10,160.5387725830078,160.9639577169381,159.49217261983762,159.62300073434784,99040000
2014-07-11,160.75953674316406,160.87400821945897,160.08087996353885,160.44065102516717,64243000
2014-07-14,161.56903076171875,161.7816170935777,161.43820264528745,161.57720284032473,58658000
2014-07-15,161.2665252685547,161.97789551304402,160.55516750052405,161.6671817861071,111307000
2014-07-16,161.86337280273438,162.10865990276847,161.42183106976358,161.98601635275142,79986400
2014-07-17,160.02366638183594,161.97786622784102,159.7947109300158,161.36462344173327,145398000
2014-07-18,161.65895080566406,161.82247968998584,160.4569941673952,160.54693692524032,124330000
2014-07-21,161.3564453125,161.48727343976287,160.61237437470638,161.15203104232307,67592000
2014-07-22,162.0596466064453,162.35400368308498,161.7898182464874,161.90428974982186,67678000
2014-07-23,162.4193878173828,162.59110127896483,161.97785852203103,162.30491633514671,65612000
2014-07-24,162.42755126953125,162.76279361986664,162.2640223716583,162.5747360111355,56888000
2014-07-25,161.66712951660156,162.10865877003243,161.34824381233076,161.96965858883283,76837000
2014-07-28,161.73255920410156,161.96967424755277,160.76771744376416,161.69984593685984,69259000
2014-07-29,161.0375213623047,162.26400669252246,161.01299265381664,162.03506376233148,80466000
2014-07-30,161.0620880126953,161.82251558432273,160.39161569532038,161.60991675873854,104222000
2014-07-31,157.88136291503906,160.0808619038464,157.7832480825567,159.94186173234513,183479000
2014-08-01,157.39895629882812,158.4291995212605,156.63854135579683,157.4480137175457,189261000
2014-08-04,158.53555297851562,158.87079542268677,157.03106673464436,157.70153914652798,91340000
2014-08-05,156.99830627441406,158.29839030533412,156.42594890544714,157.8895618308642,152690000
2014-08-06,157.04737854003906,157.71785076052473,156.23789365685684,156.26242236757858,94818000
2014-08-07,156.19703674316406,157.91412166494467,155.80456482372696,157.7587648177936,135733000
2014-08-08,158.00401306152344,158.11029996727902,156.13157190152958,156.54858487699323,117014000
2014-08-11,158.46189880371094,159.16508418834823,158.38831268212704,158.600898969965,74544000
2014-08-12,158.2411651611328,158.7481085309297,157.75875050429667,158.3065792211802,73632000
2014-08-13,159.31228637695312,159.4921719144952,158.59275670324052,158.86257253309796,69047000
2014-08-14,160.0645294189453,160.0645294189453,159.42675795869354,159.57394270607392,57371000
2014-08-15,160.0318145751953,160.79222952777386,158.87891531503954,160.64505726977333,139951000
2014-08-18,161.37274169921875,161.4463278146595,160.82491315685053,160.91485590120664,75424000
2014-08-19,162.21498107910156,162.337624645587,161.43820937962872,161.7652672078942,59135000
2014-08-20,162.6483154296875,162.84455758490736,161.96148660109995,161.9941873887426,72763000
2014-08-21,163.12255859375,163.33514490540614,162.65648815192674,162.787316255925,67791000
2014-08-22,162.86911010742188,163.27793863322938,162.50116692948643,162.99175367458153,76107000
2014-08-25,163.6949005126953,164.01378618832806,162.83635831631378,163.64584309743697,63855000
2014-08-26,163.8012237548828,164.20188016527197,163.76033841072794,163.8012237548828,47298000
2014-08-27,163.73580932617188,163.99746554700212,163.48233766002713,163.88298159304742,47874000
2014-08-28,163.64585876464844,163.75215815885414,163.0326160623012,163.19614495430284,58330000
2014-08-29,164.11196899414062,164.12831315378494,163.384254643321,163.89937015418715,65907000
2014-09-02,164.0301971435547,164.34908292479824,163.41695429682036,164.3245542090455,72426000
2014-09-03,163.94021606445312,164.6842868723616,163.71127311993584,164.65975816233868,57462000
2014-09-04,163.70306396484375,164.82324972369543,163.2533502555213,164.2181792351114,85236000
2014-09-05,164.43896484375,164.50437888703135,163.0489507342672,163.67036543076046,102177000
2014-09-08,164.0138397216797,164.5207956232088,163.5314250122434,164.2836680701248,64146000
2014-09-09,162.97537231445312,163.9810867649588,162.6401300054667,163.8666153029212,88591000
2014-09-10,163.58868408203125,163.6949710353968,162.52572721316358,163.06537148994718,67251000
2014-09-11,163.7766571044922,163.8011858100119,162.81181560705713,162.93447161110825,66774400
2014-09-12,162.8200225830078,163.6294949295422,162.35395216104206,163.6131507745798,117409300
2014-09-15,162.6973419189453,162.9753547051007,162.20675533884315,162.84452662649255,76401000
2014-09-16,163.92384338378906,164.21820035170092,162.30488629850066,162.39482905193077,116201000
2014-09-17,164.14466857910156,164.9050837200585,163.32701145043856,164.161025215083,151266000
2014-09-18,165.01953125,165.044059960326,164.43081724926674,164.64340356424353,94990000
2014-09-19,164.87083435058594,165.8566066529436,164.53402494905814,165.54445315364154,121649000
2014-09-22,163.59751892089844,164.6079469991103,163.25249928496268,164.58330363474155,125553000
2014-09-23,162.6610107421875,163.68785922998296,162.61172402033677,163.00603032991418,111393000
2014-09-24,163.9343719482422,164.04116824547012,162.2585600509073,162.68572017026568,107276000
2014-09-25,161.28919982910156,163.51541365493313,161.23170281148873,163.50719084186272,150300000
2014-09-26,162.5706787109375,162.9732079077673,161.35489337826505,161.5849064808038,103547000
2014-09-29,162.27496337890625,162.5624860556339,161.05096763659645,161.17418447817954,95112000
2014-09-30,161.8478240966797,162.8993163958531,161.51101464005058,162.39821361774884,131302000
2014-10-01,159.65438842773438,161.64236535351546,159.29293579854325,161.58485582852137,177798000
2014-10-02,159.67913818359375,160.2377380483554,158.01153633438454,159.51483230828418,157285000
2014-10-03,161.43711853027344,161.7821383384784,160.25418631083951,160.74706637908392,121569000
2014-10-06,161.2480926513672,162.32424057218302,160.6648496341685,162.11064802945648,104778000
2014-10-07,158.75904846191406,160.7798925900539,158.7261948127793,160.41843977568934,147913000
2014-10-08,161.53562927246094,161.76564238855954,158.01970017235396,158.84938944579716,186461000
2014-10-09,158.33187866210938,161.50278833760757,158.2004390040593,161.280985481495,210705000
2014-10-10,156.5245819091797,159.07938175396376,156.4835179925706,158.29076904042788,221909000
2014-10-13,153.953369140625,157.0256923137955,153.86300595701567,156.45888238181726,230939000
2014-10-14,154.19161987304688,155.93316403572277,153.64944067519184,154.78308580983855,215847000
2014-10-15,153.1483612060547,154.18343302008776,149.44349452737913,152.10509164732125,380715000
2014-10-16,153.0169219970703,154.09305765843254,150.24031850944425,150.37996845823096,270391000
2014-10-17,154.8241729736328,155.8756652595581,154.12591069768982,154.78309651008732,214625000
2014-10-20,156.32749938964844,156.450716259775,154.4956042233569,154.5448909714075,130011000
2014-10-21,159.42442321777344,159.53120695586858,157.2967832458834,157.461076526223,154949000
2014-10-22,158.29078674316406,160.11447108248385,158.22506692055734,159.70373159227262,151822000
2014-10-23,160.13095092773438,161.17423312889727,159.580561311235,159.87629435507725,154944000
2014-10-24,161.36312866210938,161.41242793581398,159.76946978605272,160.39378937044268,117927000
2014-10-27,161.1413116455078,161.3795350224625,160.21303643352377,160.7880691837367,82954000
2014-10-28,162.98965454101562,162.99786481865502,161.60956327632263,161.6835059141772,106736000
2014-10-29,162.74319458007812,163.57288380346114,161.66705916580915,163.10464732207436,142557000
2014-10-30,163.78652954101562,164.25476617446097,162.15999167381887,162.3078644502813,113330000
2014-10-31,165.65951538085938,165.79095507461548,164.92839931966233,165.75808888378688,146903000
2014-11-03,165.74986267089844,166.30846251349826,165.3719767213684,165.87307953771372,93600000
2014-11-04,165.17481994628906,165.61020289627302,164.34511797630753,165.30624708484441,93343000
2014-11-05,166.2180633544922,166.4234331112912,165.48694752167876,166.38235665297634,91709000
2014-11-06,166.88348388671875,166.9738470943814,165.64305488587422,166.25916424681674,107089000
2014-11-07,167.03956604003906,167.25315863961796,166.43988977498898,166.8999160898097,89540000
2014-11-10,167.56529235839844,167.6145790956135,166.86704268989263,167.07241245147236,66319000
2014-11-11,167.72959899902344,167.83639529466578,167.29421607263362,167.63102551675448,54499400
2014-11-12,167.5488739013672,167.7788870344358,167.01490499370564,167.04777117544438,90120300
2014-11-13,167.73779296875,168.26353900840627,166.9327470875082,167.71314960242034,85357900
2014-11-14,167.77890014648438,167.98426992668655,167.3517274939264,167.66389357096222,80417500
2014-11-17,167.88565063476562,168.05816673124568,167.2941847822257,167.45849060164446,80441000
2014-11-18,168.8550567626953,169.15900006401884,167.9432143239465,167.9432143239465,76068100
2014-11-19,168.58392333984375,168.85501291716375,167.82816415524326,168.65785344235604,82373000
2014-11-20,168.87962341308594,168.98641967466628,167.72954550272698,167.79526531487085,72840300
2014-11-21,169.7833251953125,170.73624413266037,169.20829222787106,170.57195078978833,142327300
2014-11-24,170.25970458984375,170.36650085313403,169.97219450873,170.18577450053786,65880800
2014-11-25,170.13653564453125,170.69513541170875,169.8818791309782,170.4897656382271,79108300
2014-11-26,170.57192993164062,170.6705034183542,170.07082714955146,170.28440721568992,62167800
2014-11-28,170.21043395996094,170.76082334590794,169.972210582523,170.44866987217276,57890100
2014-12-01,169.02757263183594,169.668325469317,168.7154190281779,169.55331887117373,103968400
2014-12-02,170.12010192871094,170.32547170143906,169.04396632517984,169.0686096951251,74507200
2014-12-03,170.77728271484375,170.99086275971644,170.1283197673002,170.2926130737235,68952000
2014-12-04,170.58834838867188,171.08945112776877,169.79972295829236,170.48976237563946,91316600
2014-12-05,170.86764526367188,171.25374142642474,170.49798219193158,170.76084897425383,91025500
2014-12-08,169.7257843017578,170.96621313485872,169.1671720386272,170.47333323362324,108588200
2014-12-09,169.61077880859375,169.71757509518446,167.50779446658734,167.88566780644217,125180100
2014-12-10,166.89169311523438,169.20825760572254,166.70274390155328,169.1507605881323,159856400
2014-12-11,167.73779296875,169.38075090952267,167.34348657270138,167.48313649349413,159012800
2014-12-12,165.0269317626953,167.4338719834707,164.99407811482007,166.46452015167512,202330200
2014-12-15,163.89328002929688,166.37415025907953,163.29360383518193,165.92233427661947,189965800
2014-12-16,162.5789031982422,166.2673356886068,162.53782674348534,163.12929259461615,259543800
2014-12-17,165.76626586914062,166.21808189144082,162.89108895330958,163.01431834199687,253910100
2014-12-18,169.865478515625,174.9504370847786,167.5160473564205,168.18966635892085,257633900
2014-12-19,170.58822631835938,171.25729490243907,169.83655138396585,170.51387556149317,245084600
2014-12-22,171.37295532226562,171.37295532226562,170.53868654857624,170.77822482483685,148318900
2014-12-23,171.6041717529297,172.00065439682518,171.31506221019916,171.95109564183275,122167900
2014-12-24,171.62075805664062,172.0915790045337,171.57945487778247,171.82726134697072,42963400
2014-12-26,172.1741180419922,172.51278633066443,172.01717358607308,172.06673233974107,57326700
2014-12-29,172.40541076660156,172.61191398833196,171.92632177971223,171.99240432314073,79643900
2014-12-30,171.4803009033203,172.11632182757245,171.4059501555861,171.984169328845,73540800
2014-12-31,169.77871704101562,171.96765918962677,169.65482012488775,171.80245910013662,130333800
2015-01-02,169.68783569335938,170.88556456408185,168.65531949719002,170.47255808561408,121465900
2015-01-05,166.62335205078125,168.81228157325947,166.31773125812248,168.64708148544278,169632600
2015-01-06,165.05392456054688,167.44935723130908,164.26094653071848,166.9289650053605,209151400
2015-01-07,167.11070251464844,167.44937089898684,165.92950987204858,166.37555138501293,125346700
2015-01-08,170.07606506347656,170.2908365016817,168.49838987366132,168.51490105817123,147217800
2015-01-09,168.71315002441406,170.5055966664213,168.10189588592164,170.4890728778248,158567300
2015-01-12,167.3915252685547,169.00226066188512,166.7885393225758,168.8453161791333,144396100
2015-01-13,166.9207305908203,169.729170120032,165.6238839596993,168.60579178755538,214553300
2015-01-14,165.91297912597656,166.11122679229365,164.0214148168744,164.91349780540452,192991100
2015-01-15,164.3931427001953,166.86291398308043,164.277501361906,166.54903755284403,176613900
2015-01-16,166.54898071289062,166.70592517642703,164.00485953482422,164.18658337639727,211879600
2015-01-20,166.90419006347656,167.44936168573867,165.3430259480595,167.18503146744484,130991100
2015-01-21,167.74673461914062,168.22582370893434,165.97906716560615,166.44163246500446,122942700
2015-01-22,170.24127197265625,170.3734244640465,167.12719965980176,168.49838416512793,174356000
2015-01-23,169.307861328125,170.24125991747914,169.17569624213647,169.98518533689273,117516800
2015-01-26,169.70436096191406,169.79522289212784,168.3827477816635,169.0931194349828,92009700
2015-01-27,167.46588134765625,168.60577072506626,166.63986834178553,167.6558608098982,134044600
2015-01-28,165.3182373046875,168.74618612993115,165.1282578484053,168.64706860560267,168514300
2015-01-29,166.84637451171875,167.10243653138437,164.1122608271368,165.51649304484636,173585400
2015-01-30,164.74835205078125,166.99510926082644,164.4840343458151,165.67349552806994,197729700
2015-02-02,166.78854370117188,166.87940563546837,163.4349329327051,165.24390342208943,163107000
2015-02-03,169.2005157470703,169.20878394437813,167.3089513455954,167.68065470962785,124212900
2015-02-04,168.55621337890625,169.64655660572535,168.10190370106497,168.44057206127013,134306700
2015-02-05,170.25779724121094,170.40648613676643,169.14268724235677,169.2170253881554,97953200
2015-02-06,169.78697204589844,171.18293601095024,169.26657983067707,170.6212406255758,125672000
2015-02-09,169.02706909179688,169.8613378071158,168.62231812482196,169.14271042465256,87219000
2015-02-10,170.82774353027344,171.08380553916865,169.0683318377307,170.05955750358785,96164200
2015-02-11,170.92684936523438,171.35637961746548,170.01824270561735,170.6625317819855,91087800
2015-02-12,172.57066345214844,172.62849042176754,170.95994035221958,171.7198709274691,97545900
2015-02-13,173.28097534179688,173.33053409635758,172.43843870239692,172.69451327422047,93670400
2015-02-17,173.5535430908203,173.72701131774258,172.71927473303418,172.96706848013085,76968200
2015-02-18,173.57012939453125,173.64446754543653,172.91757201491595,173.18190224563585,80652900
2015-02-19,173.4461669921875,173.80961464663997,172.83492557693128,172.97534624270514,91462500
2015-02-20,174.48695373535156,174.56129186467138,172.41365347753623,173.03316309644572,140896400
2015-02-23,174.46221923828125,174.46221923828125,173.85922064591023,174.2391921889939,74411100
2015-02-24,174.9578857421875,175.15613348372236,174.09056920342226,174.3879345137428,72472300
2015-02-25,174.8091583251953,175.31302682594247,174.4704899254886,174.8339377101534,73061700
2015-02-26,174.60267639160156,174.8752622634215,173.99967767335087,174.71831773686202,72697900
2015-02-27,174.00787353515625,174.76780386009438,173.95831477978405,174.50347369283446,108076000
2015-03-02,175.10650634765625,175.16432070555928,174.05746627296082,174.10702503800874,87491400
2015-03-03,174.38784790039062,175.15604648882834,173.52879998833052,174.67695747104125,110325800
2015-03-04,173.65264892578125,173.8674202974454,172.68621556515376,173.7930695743558,114497200
2015-03-05,173.84271240234375,174.12355381496485,173.3388439366605,173.9748649116038,76873000
2015-03-06,171.39767456054688,173.41314802743403,171.06727444635007,172.98361779581307,188128000
2015-03-09,172.10801696777344,172.46319640011455,171.43894865739745,171.5958930964149,89818900
2015-03-10,169.31613159179688,170.82773680839537,169.27482842335175,170.74514307546252,157121300
2015-03-11,168.91964721679688,169.74566016162228,168.83704088073142,169.57219189746775,110145700
2015-03-12,171.06724548339844,171.1333154118865,169.497813696789,169.5473724451322,93993500
2015-03-13,170.0182342529297,171.75285375539067,168.98571814290895,170.79468838429833,162410900
2015-03-16,172.28976440429688,172.38062632334677,170.04300840956867,170.74512438440473,136099200
2015-03-17,171.77764892578125,172.15760780310515,170.96814720565243,171.5546219127697,94510400
2015-03-18,173.84271240234375,174.51178095757123,170.67081270488325,171.30684628378546,228808500
2015-03-19,173.04969787597656,173.850931375652,172.66147081514595,173.42966934545456,117917300
2015-03-20,174.5772247314453,175.08334236742368,173.81390205525543,173.9964371148031,177715100
2015-03-23,174.2370147705078,175.15798235498923,174.2370147705078,174.5854872808226,71784500
2015-03-24,173.25802612304688,174.56894148177798,173.1916485785176,174.11261643600022,77805300
2015-03-25,170.7190704345703,173.69770310854292,170.67759556201722,173.46538811728843,159521700
2015-03-26,170.3125457763672,171.22520830472868,169.35838305008411,170.05534076691788,153067200
2015-03-27,170.7025146484375,170.8767445914697,170.00555689564965,170.1963970468826,118939000
2015-03-30,172.78501892089844,173.08371141679822,171.7147115290507,171.73129641311075,96180400
2015-03-31,171.27499389648438,172.66060427186957,171.21692146997367,171.963646532205,126768700
2015-04-01,170.66928100585938,171.2666659960578,169.68193601760873,171.2417760098176,137303600
2015-04-02,171.2832794189453,171.73131187302016,170.4203842819018,170.6029193047295,86900900
2015-04-06,172.4365997314453,172.95100982101852,170.26278918753715,170.39553160211617,114368200
2015-04-07,171.98023986816406,173.20819250095542,171.94705743385904,172.461467457011,81236300
2015-04-08,172.5610809326172,173.00082111978523,171.81435565710774,172.20431584727154,89351900
2015-04-09,173.32435607910156,173.5566711080269,171.90557591389464,172.3950959634002,85548900
2015-04-10,174.270263671875,174.3117512232594,173.37419839513305,173.57331838542098,72722900
2015-04-13,173.4819793701172,174.75972452913572,173.4321993930522,174.12914439239796,74436600
2015-04-14,173.81390380859375,173.9964388699827,172.6606210081203,173.28289617370427,75099900
2015-04-15,174.5938262939453,175.0999439782576,174.1955736988178,174.278548792071,99529300
2015-04-16,174.54405212402344,175.05016982521738,174.06282441959135,174.26195705390805,68934900
2015-04-17,172.53616333007812,173.5981786303334,171.75624307452983,173.35757112990004,191113200
2015-04-20,174.112548828125,174.44442376168223,173.37411633977555,173.45707874305626,92189500
2015-04-21,173.90516662597656,174.95058431814448,173.60647404818283,174.79293925483387,72559800
2015-04-22,174.75979614257812,174.94233124009466,173.32440536117767,174.24537329493003,78264600
2015-04-23,175.19947814941406,175.8466432219657,174.24531542741792,174.36147293633184,102585900
2015-04-24,175.6060333251953,175.87154345258304,175.15800081050318,175.6143384293135,61327400
2015-04-27,174.8759002685547,176.29468040375724,174.68506012294367,176.17023044811464,79358100
2015-04-28,175.4317626953125,175.4815426675977,173.6810952620545,174.85097525162385,86863500
2015-04-29,174.70999145507812,175.3073640004478,173.90518118255187,174.54404127335286,125684900
2015-04-30,172.95928955078125,174.52742224365647,172.26233184044423,174.13746218128156,161304900
2015-05-01,174.8344268798828,174.87591442186115,173.63965656814005,173.73921654071185,103399700
2015-05-04,175.3322296142578,175.9130171469318,175.14969458110048,175.25754698417074,70927200
2015-05-05,173.32435607910156,175.44839909533542,173.183308572984,175.09162144791608,113326200
2015-05-06,172.61083984375,174.1789728589376,171.5488245033172,173.871987808097,135060200
2015-05-07,173.2995147705078,173.72267006795227,172.17942685072555,172.51130193950033,88244900
2015-05-08,175.5811309814453,175.78026356297747,174.884185936411,174.96716101043745,155877300
2015-05-11,174.74317932128906,175.80519468415648,174.66850933332694,175.5396971735505,75708100
2015-05-12,174.22042846679688,174.7597411434483,173.0920357919156,173.91344347223256,119727600
2015-05-13,174.25360107421875,175.24923856234108,174.0212860823308,174.6269635497374,94667900
2015-05-14,176.07070922851562,176.16197676947698,174.99209628812372,175.2658989110078,95934000
2015-05-15,176.261474609375,176.4025220938169,175.78024707763444,176.261474609375,76510100
2015-05-18,176.80911254882812,177.0580124734228,176.02919235784495,176.0955698911435,74549700
2015-05-19,176.75100708007812,177.1990522131285,176.46891209125,176.92524966742405,72114600
2015-05-20,176.62652587890625,177.37325075490276,176.31123585293534,176.85053574557546,76857500
2015-05-21,177.1409454345703,177.3483704292244,176.31953789806212,176.48548802195896,64764600
2015-05-22,176.71786499023438,177.17419001036424,176.65148744943588,176.75933987553972,57433500
2015-05-26,174.81777954101562,176.6514220283665,174.4029295598266,176.228266945015,124308600
2015-05-27,176.47723388671875,176.70954893500715,174.86761343770593,175.2741711023209,93214000
2015-05-28,176.278076171875,176.38592856818985,175.58942361904656,176.17021111534228,74974600
2015-05-29,175.18289184570312,176.2531994850872,174.91739437695398,176.2117246051281,124919600
2015-06-01,175.53968811035156,176.17854818800532,174.7514627440418,175.8466731518273,93338800
2015-06-02,175.36538696289062,176.05403946034752,174.46101702993104,175.08329201026015,91531000
2015-06-03,175.83004760742188,176.45232269634687,175.34052757592013,175.8964251361335,87820900
2015-06-04,174.34483337402344,175.78021056836454,174.0295433800399,175.1247532579522,151882800
2015-06-05,174.0462188720703,174.7182740253216,173.3907486078771,174.19555883491697,121704700
2015-06-08,172.97586059570312,174.08766826979198,172.90119063064117,173.93831567945017,89063300
2015-06-09,172.95103454589844,173.4903473667893,172.3204668407854,172.95103454589844,105034700
2015-06-10,175.02523803710938,175.40690566336218,173.65623790120128,173.71431032637201,134551300
2015-06-11,175.58941650390625,175.971071417342,175.23263891764168,175.46495390674622,73876400
2015-06-12,174.24533081054688,175.46499109192928,173.97152823103042,174.7680459769165,135382400
2015-06-15,173.49859619140625,173.78069119959363,172.40338593342784,173.1086361141157,124384200
2015-06-16,174.44447326660156,174.52744835364663,173.17503292818068,173.34926288666625,85308200
2015-06-17,174.72657775878906,175.33226807449984,173.70604996607278,174.72657775878906,126708600
2015-06-18,176.5435791015625,177.00820911307417,174.75972902303343,175.32391899123522,165867900
2015-06-19,175.75987243652344,176.37684161534378,175.38469380583308,176.3018084335659,130478700
2015-06-22,176.66033935546875,177.24395207329624,176.4519053332587,176.67701763935042,70696000
2015-06-23,176.7853546142578,177.1188566072924,176.39351044536755,176.8687332929665,68476800
2015-06-24,175.50144958496094,176.89378734958865,175.47643851962894,176.51860864780568,92307300
2015-06-25,174.9678192138672,176.1267116240838,174.8927860349281,176.00165632585197,97107400
2015-06-26,174.9345245361328,175.5681594282429,174.38425562567184,175.32636882131126,104174800
2015-06-29,171.26605224609375,174.9428311592116,171.19101905728778,173.45878205663925,202621300
2015-06-30,171.62454223632812,172.8501350423014,171.14930666095873,172.80010020136746,182925100
2015-07-01,173.00022888183594,173.44210796677788,172.21651496611176,173.19198460957617,135979900
2015-07-02,172.841796875,173.6421889804988,172.4249289021321,173.4754443357118,104373700
2015-07-06,172.3498992919922,173.1252676311306,171.35775146051736,171.55785267148914,117975400
2015-07-07,173.43377685546875,173.55883217437201,170.17386584349634,172.55001867707884,173820200
2015-07-08,170.52403259277344,172.38326041458043,170.29058751747044,172.09979321197,164020100
2015-07-09,170.83248901367188,172.87515224406943,170.72411199229873,172.61668341636218,144113100
2015-07-10,172.9835662841797,173.40043434338125,170.87421492236402,172.82515438619453,129456900
2015-07-13,174.89280700683594,175.0011840376992,174.20080458943872,174.24249393444856,106069400
2015-07-14,175.65145874023438,175.959949648478,174.79271185218707,174.85107946681126,81709600
2015-07-15,175.5931854248047,176.15178716438473,175.11794967396202,175.69322970001156,97914100
2015-07-16,177.00216674804688,177.00216674804688,176.40187577162789,176.6436536296121,106683300
2015-07-17,177.1522216796875,177.21058930613975,176.5852873062746,176.99380980423336,89030000
2015-07-20,177.2438507080078,177.73575166587392,176.92703982625798,177.37725145916346,70446800
2015-07-21,176.5435791015625,177.3689822330543,176.24343366482006,177.1105134144091,77965000
2015-07-22,176.22679138183594,176.56029344734014,175.8266016250339,175.85994547068282,88667900
2015-07-23,175.23463439941406,176.4602273932913,174.87613400945932,176.36018313968574,90509100
2015-07-24,173.41708374023438,175.39303394072115,173.08359443714681,175.3346790374915,117755000
2015-07-27,172.4082489013672,173.04189635575844,171.96636987227896,172.53331692506057,132361100
2015-07-28,174.52593994140625,174.66767351979433,172.41658910232414,173.24197951304296,123544800
2015-07-29,175.72659301757812,175.95169264543316,174.509332494686,174.651066130604,105791300
2015-07-30,175.76821899414062,175.9349636396938,174.6009810316665,175.21795021419427,91304400
2015-07-31,175.50144958496094,176.29349633801456,175.21798236332967,176.2684852726826,103266900
2015-08-03,174.90943908691406,175.5264081982769,173.95898072291158,175.46805330387474,113965700
2015-08-04,174.56761169433594,175.29295779354038,174.08404338759993,174.83440054389425,81820800
2015-08-05,175.1429443359375,176.17676893261617,174.85946440032282,175.4597553953376,85786800
2015-08-06,173.70887756347656,175.4347042383865,173.1252522637311,175.32631450183948,116030800
2015-08-07,173.3754119873047,173.70056854343548,172.47497551144963,173.55050215836098,117858000
2015-08-10,175.55979919433594,175.64316516294912,174.4842726082692,174.4842726082692,80270700
2015-08-11,173.97573852539062,174.64273005734745,173.2170354987672,174.22586194010012,126081400
2015-08-12,174.1841583251953,174.36758129951346,171.2160596088534,172.67509789978138,172123700
2015-08-13,173.96737670898438,174.70940132497384,173.42544061392488,174.0257316203212,89383300
2015-08-14,174.60098266601562,174.67601584894675,173.63384590223302,173.77557948836994,72786500
2015-08-17,175.5764923095703,175.5764923095703,173.55051957690992,174.00907700255445,79072600
2015-08-18,175.06790161132812,175.65151433328523,174.83445652254528,175.30134670011097,71692700
2015-08-19,173.68386840820312,175.09287138975742,172.87514356925766,174.32583589007928,172946000
2015-08-20,170.05712890625,173.65886172552786,169.99876128116887,172.1748126984539,194327900
2015-08-21,164.93798828125,170.0321155609395,164.67953216633668,168.18955347177467,346588500
2015-08-24,157.9929962158203,164.6462069534633,152.07346461980424,156.31719117881585,507244300
2015-08-25,156.13372802734375,162.95368169086757,155.84191536900306,162.93700341049941,369833100
2015-08-26,162.12831115722656,162.4034328471312,157.05084915471605,160.14401536953736,339257000
2015-08-27,166.13858032226562,166.26363563658603,162.75361411543824,164.26267427664732,274143900
2015-08-28,166.1468963623047,166.61378645112822,165.01301498010434,165.49658334975751,160414400
2015-08-31,164.80458068847656,166.02184075075263,164.25431191833255,165.17142653523922,163298800
2015-09-01,159.885498046875,162.38670513585825,159.01840579848775,161.0110336038392,256000400
2015-09-02,162.92037963867188,162.96206898938476,160.42750403896449,162.26172097409798,160269300
2015-09-03,163.0370635986328,165.1214034229012,162.54516245333764,163.62900898451664,152087800
2015-09-04,160.56918334960938,161.62803143495745,159.7521257835405,160.78596281128029,207081000
2015-09-08,164.6044921875,164.75457128266729,162.72025340947818,163.3622336908571,116025700
2015-09-09,162.4033966064453,166.3052869032578,162.03656352783142,166.18023161757117,149347700
2015-09-10,163.2871856689453,164.42939981290357,161.9532031029294,162.21165920366735,158611100
2015-09-11,164.02926635742188,164.09596678076616,162.18670373772525,162.89538460417893,119691200
2015-09-14,163.42056274414062,164.25429861131062,162.93699441456607,164.20427649476838,79452000
2015-09-15,165.46324157714844,165.90512061114862,163.37890171043026,163.92082498705662,113806200
2015-09-16,166.89730834960938,167.08907683753802,165.42160441815471,165.76343931736147,99581600
2015-09-17,166.5220489501953,169.15665715006932,166.14687038190033,166.7638394581135,276046600
2015-09-18,163.80084228515625,166.50780585133356,163.39019601063427,164.0187487536993,223657500
2015-09-21,164.6472930908203,165.66972706910326,163.59970523919577,164.6305281045718,105726200
2015-09-22,162.51025390625,162.97119523935484,161.37885361480554,162.4851128142571,153890900
2015-09-23,162.25045776367188,163.14718657021248,161.67218705888504,162.6778691251511,92790600
2015-09-24,161.66378784179688,162.12472915587193,159.70270601966715,161.03523499204192,159378800
2015-09-25,161.6218719482422,163.42371808373352,160.75027162388326,163.12201224652293,155054800
2015-09-28,157.56561279296875,160.83409505669493,157.25553083417196,160.72514181152218,178515900
2015-09-29,157.65782165527344,159.01550458938314,156.6605156934075,157.78353990565944,159045600
2015-09-30,160.59945678710938,160.76706833242253,158.76408031426854,159.54347975454826,163452000
2015-10-01,161.0185089111328,161.32021483947682,159.08256786590152,160.97660282342954,131079000
2015-10-02,163.42373657226562,163.44887766254922,158.495878269638,159.04063173097632,211003300
2015-10-05,166.33181762695312,166.5581001942391,164.53834765158405,164.64730088545105,126320800
2015-10-06,165.76193237304688,166.7592381565138,165.09986240936743,166.1977325448011,110274500
2015-10-07,167.1195831298828,167.47157108244505,165.5021009798434,166.6921591398214,124307300
2015-10-08,168.62814331054688,168.91308416476795,166.4323902644095,166.73409610650796,153055200
2015-10-09,168.72869873046875,169.2063921622075,168.1001459916969,168.77060480397452,107069200
2015-10-12,168.88796997070312,169.089098705504,168.37674645651603,168.8041578059088,56395600
2015-10-13,167.8236083984375,169.4243260345395,167.6559968652406,168.1588314648313,88038700
2015-10-14,167.01901245117188,168.34316496451413,166.72569554002493,167.76489445302335,99106200
2015-10-15,169.5835723876953,169.59194848911545,167.31239568460623,167.68114875415054,134142200
2015-10-16,170.3545379638672,170.37129016102787,169.22313804661948,169.9857850193439,114580100
2015-10-19,170.43836975097656,170.43836975097656,169.3991706600181,169.7092526096829,76523900
2015-10-20,170.22048950195312,170.83227734943787,169.75117209632427,170.00259578875122,78448500
2015-10-21,169.1645050048828,170.79035073953665,168.99688070478732,170.6395042149771,102038000
2015-10-22,172.02230834960938,172.23182592847675,169.16449829269143,170.111509053374,174911700
2015-10-23,173.90802001953125,174.2767731177643,172.89396178733242,173.6901262741854,144442300
2015-10-26,173.4805908203125,173.79067280838166,173.1118377599379,173.73201452401705,69033000
2015-10-27,173.1453857421875,173.4806088566854,172.46653783522476,172.81014983974748,77905800
2015-10-28,175.11480712890625,175.1399482178146,172.81850242234762,173.4805724101665,135906700
2015-10-29,175.01426696777344,175.38302003999266,174.49466734125065,174.61199670168938,90525500
2015-10-30,174.25997924804688,175.5254737879926,174.10075660741566,175.20700293085025,131076900
2015-11-02,176.3216094970703,176.51436208500124,174.46109241234478,174.58681062981634,86270800
2015-11-03,176.8328399658203,177.38596945377594,175.74334597716359,175.96962854731606,95246100
2015-11-04,176.29652404785156,177.25192397763175,175.76015939934234,177.12621850842723,96224500
2015-11-05,176.12046813964844,176.8160680220549,175.23211566918215,176.35512680022677,78408700
2015-11-06,176.02828979492188,176.2629612566358,174.70414990202073,175.77687892154736,110471500
2015-11-09,174.38571166992188,175.56739414738445,173.43868791009058,175.4165348072266,131008700
2015-11-10,174.78799438476562,174.82152436849697,173.6398418068349,173.90801773697598,75874600
2015-11-11,174.1007537841797,175.10643573134107,174.03370661597697,175.05615355217398,67846000
2015-11-12,171.67031860351562,173.53083570794695,171.6535664046923,173.0615183821333,121315200
2015-11-13,169.74278259277344,171.52787673580528,169.65898322089475,171.25970084267732,153577100
2015-11-16,172.3240509033203,172.3827219761185,169.44108635756888,169.5584285031652,117645200
2015-11-17,172.19833374023438,173.51409767680042,171.703875251433,172.63413394816544,121123700
2015-11-18,174.93045043945312,175.07292088872342,172.6341454727028,172.67603876700397,121342500
2015-11-19,174.77955627441406,175.19859140679677,174.48622656657122,174.81307345831223,88220500
2015-11-20,175.41648864746094,176.0953235296875,175.03935957821705,175.53381797540212,94011500
2015-11-23,175.21542358398438,175.97805809854208,174.754482204015,175.4752234196192,64931200
2015-11-24,175.4500274658203,175.8522976407663,173.82416899099331,174.20967417883455,98874400
2015-11-25,175.4249267578125,175.77691484040187,175.16511415567015,175.5757733126617,51980100
2015-11-27,175.62603759765625,175.82717910489592,175.03939085313215,175.51708434940895,37317800
2015-11-30,174.8968963623047,175.90257818432067,174.78794312904074,175.7852488515511,112822700
2015-12-01,176.56466674804688,176.6820088811428,175.2489028622171,175.52546763035855,97858400
2015-12-02,174.76283264160156,176.8328677084274,174.51140894509155,176.51439684031868,108441300
2015-12-03,172.31564331054688,175.2824066907532,171.59490230582782,175.014230831383,166224200
2015-12-04,175.6763153076172,175.9696450663858,172.31565756611263,172.31565756611263,192913900
2015-12-07,174.61195373535156,175.76848206425177,173.64816520867367,175.34944691037563,102027100
2015-12-08,173.43865966796875,174.5616708891859,172.458118874404,173.05315446089486,103372400
2015-12-09,172.08941650390625,174.8885692805868,171.11725152428724,172.8017816397177,162401500
2015-12-10,172.5336151123047,173.841003390025,171.92182706705236,172.15648584572295,116128900
2015-12-11,169.189697265625,171.08373222295276,168.8796024470076,170.4216620739042,211173300
2015-12-14,170.0444793701172,170.17019760312135,167.5721742429756,169.34889219017325,182385200
2015-12-15,171.82955932617188,172.73467682022866,170.01932433805825,171.55299458177075,154069600
2015-12-16,174.34378051757812,174.64548636656923,171.63681676475792,172.95258061456695,197017000
2015-12-17,171.6871337890625,174.72094509506968,171.6703687973993,174.6538979163587,173092500
2015-12-18,168.6284942626953,171.08178369521318,168.46831115642496,170.94690416829022,251393500
2015-12-21,170.01954650878906,170.1965943918638,168.6875130023776,169.80035600673932,99094300
2015-12-22,171.56231689453125,171.85739236404658,169.9183562341986,170.9047326303982,111026200
2015-12-23,173.6868438720703,173.7289993524299,172.47283807637507,172.56557498754754,110987200
2015-12-24,173.40023803710938,173.9482336918369,173.1810474936482,173.4339675755186,48539600
2015-12-28,173.00392150878906,173.04606411357548,171.93323434792845,172.7088460910262,65899900
2015-12-29,174.85020446777344,175.17899653638057,174.06616679034204,174.0998834463857,92640700
2015-12-30,173.6109619140625,174.69008820124438,173.46764356955748,174.60577723904296,63317700
2015-12-31,171.874267578125,173.577248708989,171.874267578125,172.93652912124026,114877900
2016-01-04,169.47154235839844,169.47996830831684,167.42290449220576,169.02472259585497,222353500
2016-01-05,169.75823974609375,170.21348562139548,168.65383530159394,169.7919564218734,110845800
2016-01-06,167.6168670654297,168.66225118483942,166.58833485087854,167.21218979593286,152112600
2016-01-07,163.59544372558594,166.45341046435007,163.2076312994672,164.67455717559412,213436100
2016-01-08,161.7997283935547,165.1129538128163,161.51309169258369,164.55653231278043,209817200
2016-01-11,161.95986938476562,163.05584733382375,160.02927226678258,162.7186164227053,187941300
2016-01-12,163.26663208007812,164.0169532623226,161.14212210067134,163.4015244612569,172330500
2016-01-13,159.19468688964844,164.27832698024162,158.81531325949402,163.93267001905855,221168900
2016-01-14,161.80813598632812,162.92940481013775,158.20828713856892,159.80166644313084,240795600
2016-01-15,158.3347625732422,159.13566531111854,156.40416490555924,157.4579876827775,324846400
2016-01-19,158.5455322265625,160.27380420958087,156.97744336907945,160.14735061786772,195244400
2016-01-20,156.51376342773438,158.07342638030607,152.61041236653622,155.9910714143323,286547800
2016-01-21,157.39053344726562,159.22839410217688,155.66226160803873,156.98586912340346,195772900
2016-01-22,160.61949157714844,160.8218173621808,159.23687630187553,159.9956237238477,168319600
2016-01-25,158.19137573242188,160.30744632189504,157.9974760272933,160.11354661676646,130371700
2016-01-26,160.34967041015625,160.62788116564204,158.51180967058326,158.84902781199466,141036800
2016-01-27,158.6044921875,161.4961747071916,157.70241402936497,159.82692361087996,185681700
2016-01-28,159.43075561523438,160.3496860747916,157.78679450317122,160.14736031579847,143798800
2016-01-29,163.31723022460938,163.45212261959614,160.07988992920824,160.19791755880993,210529300
2016-02-01,163.2582244873047,164.0422753468065,161.73229111753486,162.31400336657373,136061600
2016-02-02,160.31594848632812,161.84188175187165,159.7932436610134,161.83345580102923,182564900
2016-02-03,161.27703857421875,161.6817029141604,157.7361966556225,161.369775492127,205054900
2016-02-04,161.52993774414062,162.49944941735478,160.14732296923702,160.77961654673646,139531800
2016-02-05,158.45277404785156,161.58895134209288,157.82048044601333,161.01567798450176,180788300
2016-02-08,156.31988525390625,156.91002355456357,154.11107638685309,156.61496083625997,191526700
2016-02-09,156.32827758789062,157.60130371702277,154.44826138293897,154.5831537838088,184513100
2016-02-10,156.19337463378906,158.7815562592034,156.0669082029163,157.15446033381306,148214100
2016-02-11,154.16165161132812,155.20704860463027,152.66943471812618,153.72325766393695,219058900
2016-02-12,157.3399658203125,157.35681772325216,155.0890018292547,155.93206008196765,127632400
2016-02-16,159.9955596923828,160.02085040539032,158.18298998527018,159.14407567169118,120250700
2016-02-17,162.6090545654297,162.98000219707777,161.0325271309253,161.15899356755773,136009500
2016-02-18,161.94302368164062,162.9378389064611,161.63109630818496,162.87881866605304,102343000
2016-02-19,161.8671875,162.01893181353807,160.56044461143512,161.167447593684,114793000
2016-02-22,164.2108917236328,164.3542100883974,163.37625939042303,163.44370559690904,103640300
2016-02-23,162.13697814941406,163.8230947464884,162.01893763813206,163.55330991621312,111455300
2016-02-24,162.87887573242188,163.15708654029385,159.60781797985007,160.71222239458268,150812200
2016-02-25,164.85159301757812,164.86003183247877,162.5669125237012,163.32565975002663,110728300
2016-02-26,164.47227478027344,165.81273466798723,164.31209161179478,165.72001058523796,129833700
2016-02-29,163.1823272705078,165.43329090200194,162.9884275052904,164.48906992628648,125918100
2016-03-01,167.0182342529297,167.10254520529068,163.93263863876854,164.40474909828157,141799700
2016-03-02,167.76856994628906,167.81915137646766,166.29321820053025,166.70632132039938,102415000
2016-03-03,168.4261474609375,168.44301222499766,167.0182419669896,167.59151530457737,95172200
2016-03-04,168.97412109375,169.7497458306991,167.79384495325377,168.62003825160113,129293600
2016-03-07,169.10903930664062,169.5137165001027,167.97934441899835,168.05521656875482,100219000
2016-03-08,167.2627410888672,168.54419314985492,167.10257083728501,168.0383659502354,123974900
2016-03-09,168.08895874023438,168.43460284757697,167.288043107976,168.07209397322683,94801200
2016-03-10,168.223876953125,169.51376821272046,166.4028804832129,168.57797282143812,156838700
2016-03-11,170.93844604492188,170.9806015203438,168.2069461885924,169.6738589665338,137964500
2016-03-14,170.71922302246094,171.17446862367547,170.10379436362052,170.43258642673172,73612000
2016-03-15,170.44102478027344,170.74452615785452,169.49680398959597,169.75814989672682,93169100
2016-03-16,171.42745971679688,171.83213693477836,169.9183911248905,169.96054660976955,129303200
2016-03-17,172.5149688720703,173.02079597186835,170.94688042101157,171.34311872441126,134278500
2016-03-18,173.19288635253906,173.53184366636853,172.7013891962115,173.01492535802336,138372400
2016-03-21,173.43865966796875,173.66746300768244,172.70142026604074,172.93022360575443,72926700
2016-03-22,173.34542846679688,173.913189128969,172.5065045158591,172.667500849292,97471900
2016-03-23,172.20144653320312,173.15053748796785,172.0319549223713,172.96410706036843,81052500
2016-03-24,172.1251220703125,172.1590255551691,170.9557104505763,171.1760313805809,84360900
2016-03-28,172.22683715820312,172.7522248535421,171.77771291598262,172.54037330795157,62408200
2016-03-29,173.8200225830078,173.9301895691832,171.515075796429,171.82014266319376,92922900
2016-03-30,174.58262634277344,175.3029138438038,174.21823495839973,174.81989904080604,86365300
2016-03-31,174.15896606445312,174.91315723940892,173.99795678040715,174.4894540415597,94584100
2016-04-01,175.34532165527344,175.5317520880499,172.85394489943778,173.16749404386812,114423500
2016-04-04,174.777587890625,175.47246741634427,174.47252103818187,175.26908520458323,63497000
2016-04-05,173.0318603515625,174.78598432292125,172.77763592560564,173.43861167485866,99662200
2016-04-06,174.9217071533203,174.98103183491224,172.85403252733894,173.03199364171334,91839800
2016-04-07,172.82850646972656,174.1928310839261,172.0997365590909,173.83692200157756,113859000
2016-04-08,173.29458618164062,174.4385898444838,172.76071608159464,174.0064043614394,95040600
2016-04-11,172.88783264160156,174.6250180994244,172.79461743370686,173.93013874413782,83757500
2016-04-12,174.4979248046875,174.7775704690855,172.6166815572068,173.0573365069002,115350600
2016-04-13,176.26052856445312,176.34527437534416,175.2775340518565,175.41312217712402,96336400
2016-04-14,176.26901245117188,176.76899208786213,175.92158563093162,176.31986770012065,65212900
2016-04-15,176.07406616210938,176.4045540759585,175.7520476556538,176.26896597530424,75761600
2016-04-18,177.311279296875,177.3451698557611,175.41308473943926,176.07406054605502,82531000
2016-04-19,177.87059020996094,178.12481470463754,177.0570873434698,177.73501501914237,88316100
2016-04-20,178.0400848388672,178.73495134365143,177.4384206222998,177.91296612418077,81100300
2016-04-21,177.0824737548828,178.16715265097818,176.81129756566278,178.0569857078085,85695000
2016-04-22,177.0824737548828,177.35363701371045,176.18422525627813,176.7265647043258,99251700
2016-04-25,176.77748107910156,176.81985399272102,175.87074986315722,176.4808836141633,66166500
2016-04-26,177.04013061523438,177.54857959028388,176.56558513473195,177.14181523808645,75864200
2016-04-27,177.40447998046875,177.79427956252962,176.30284941612052,176.65875844206843,77329400
2016-04-28,175.79444885253906,177.75195549817673,175.37922800673414,176.65033756160483,97216200
2016-04-29,174.8453369140625,175.52326451487454,173.7437061790421,175.17582484152928,142424100
2016-05-02,176.2351531982422,176.413101344796,174.9132009593907,175.34537367427717,62188000
2016-05-03,174.70130920410156,175.24364879119557,173.9555874229489,175.00637602999169,106422100
2016-05-04,173.72677612304688,174.43860730448847,173.22680946555437,173.70983730544705,92243800
2016-05-05,173.6929473876953,174.54882347538106,173.26924404975986,174.19291422316323,67619200
2016-05-06,174.32843017578125,174.37080307810095,172.76920564141264,172.9217325732904,89315000
2016-05-09,174.47247314453125,174.9046456791933,174.02334886427658,174.20130986701582,74374900
2016-05-10,176.6418914794922,176.65884323088056,175.108087703987,175.1758817791427,77472200
2016-05-11,174.98941040039062,176.71811365637674,174.98941040039062,176.18425645121343,81727000
2016-05-12,175.04029846191406,175.82839329326183,174.03188257802506,175.65890163549375,89586300
2016-05-13,173.51498413085938,175.29454330013868,173.19297839071896,174.74373413985677,96474600
2016-05-16,175.2266845703125,175.70123005894357,173.62508708098525,173.68441173226154,77486800
2016-05-17,173.59117126464844,175.2436108258989,173.06577060975354,174.95549581119738,114924900
2016-05-18,173.6420440673828,174.81993841591333,172.5573649376739,173.24376203518085,120062100
2016-05-19,173.04034423828125,173.32845924429304,171.83702898047395,172.9217078869592,115430500
2016-05-20,174.13357543945312,174.65049394868106,173.59970517882817,173.65054750262146,104990400
2016-05-23,173.89622497558594,174.4300820673808,173.70979458467602,174.1504364810159,58682600
2016-05-24,176.15036010742188,176.4639092607521,174.684350690245,174.70977184721838,93537800
2016-05-25,177.34521484375,177.76044864519628,176.15036868622988,176.82829640945806,76621400
2016-05-26,177.39601135253906,177.70956044017424,177.08247519529638,177.48075714495775,55280700
2016-05-27,178.15872192382812,178.16719133268288,177.5062153909457,177.55705770486466,64211200
2016-05-31,177.81976318359375,178.54006382536642,177.2604718333041,178.42989685111044,109879400
2016-06-01,178.18414306640625,178.36209116510832,177.0147181247832,177.20961797158864,69936200
2016-06-02,178.7264862060547,178.74342502410155,177.31131907541297,177.78586458863467,63044700
2016-06-03,178.192626953125,178.5400667002992,176.98931134792298,178.16720579410213,101757100
2016-06-06,179.09933471679688,179.45524382712608,178.38750356574386,178.54851283883448,64887000
2016-06-07,179.37896728515625,179.93825857110662,179.22644035102138,179.25186150671053,60974800
2016-06-08,179.96368408203125,180.0908027939479,179.38745396527267,179.51455974679448,66170900
2016-06-09,179.71798706054688,179.83662346322555,178.96379572986143,179.23495910867064,73786900
2016-06-10,178.0146942138672,178.68413967661186,177.47234162681673,178.3451822401027,113829200
2016-06-13,176.6418914794922,178.26891049203684,176.5571585833458,177.41303453769132,117751200
2016-06-14,176.29441833496094,176.8876131477305,175.34532732316208,176.26052776899468,125059300
2016-06-15,176.04867553710938,177.413000326839,175.86224509898022,176.29441769806408,109124500
2016-06-16,176.57408142089844,176.7435730586443,174.2182924766721,176.04869354899654,149533100
2016-06-17,175.91647338867188,176.49570015111058,175.2605735566787,176.47014679380524,117055700
2016-06-20,177.04940795898438,178.54859475858052,176.96422142590865,177.8756679387866,82789600
2016-06-21,177.55198669433594,177.96085348588815,176.98978673242604,177.43273333856484,72461700
2016-06-22,177.2623291015625,178.45486236220714,177.11750942210634,177.7308159554772,95560500
2016-06-23,179.57073974609375,179.62184645879435,178.2589531287725,178.71892654071584,102731400
2016-06-24,173.1225128173828,179.60481154104718,172.67956633100692,173.45471943275535,333444400
2016-06-27,170.02197265625,171.7255995846788,169.21273946713276,171.7170731315458,230775800
2016-06-28,173.0884246826172,173.1139780365979,171.31665182001268,171.623305065418,159382400
2016-06-29,176.0356903076172,176.26567047579192,174.3831708896374,174.48538429771506,137328600
2016-06-30,178.43783569335938,178.48894240865778,175.9505425669414,176.5042289771642,165021900
2016-07-01,178.8126220703125,179.29816182418008,178.27597560501414,178.43782218963668,106055300
2016-07-05,177.52630615234375,178.09701916022092,176.93003980065353,177.98627933861002,109803700
2016-07-06,178.5911407470703,178.71039406322262,176.37642144980018,177.0323211874561,96021500
2016-07-07,178.48043823242188,179.43446496128354,177.71381146782082,178.77005163259213,85593800
2016-07-08,181.13807678222656,181.38510989572447,179.54519021349057,179.77518342317939,133971000
2016-07-11,181.77694702148438,182.34767335157056,181.39363364866333,181.5980735130661,73633900
2016-07-12,183.09722900390625,183.39536879733734,181.80246941184768,182.739469050371,101275600
2016-07-13,183.07167053222656,183.52313043699377,182.5861438223003,183.51461698511312,87324100
2016-07-14,184.09388732910156,184.56238724640937,183.70206048745473,184.33239401470564,91230900
2016-07-15,183.84686279296875,184.8519962300285,183.4039162455943,184.65608281389027,107155400
2016-07-18,184.34095764160156,184.50280428182324,183.71061098959146,183.96615763217082,58725900
2016-07-19,184.15357971191406,184.18764653610864,183.6765661873274,183.92358640625847,54345700
2016-07-20,184.92013549804688,185.15864216846145,184.15350877137692,184.15350877137692,58159500
2016-07-21,184.2216339111328,185.03085380551673,183.7786874330219,184.80938706527985,67777300
2016-07-22,185.04788208007812,185.09898878633393,184.07681566830865,184.3408756490546,62787500
2016-07-25,184.5452880859375,184.8945345483049,183.9660614633495,184.84342784603365,55873100
2016-07-26,184.63050842285156,184.98826840194747,183.78720868792976,184.44310848175783,70080500
2016-07-27,184.43460083007812,185.07346074090879,183.6679611384984,185.00531412403691,84083900
2016-07-28,184.64752197265625,184.9371352956895,183.77866900592056,184.23864234264187,65035700
2016-07-29,184.9456787109375,185.3034386969352,184.1023919573851,184.38349187444857,79519400
2016-08-01,184.7923583984375,185.3971384940866,184.34089844051198,185.00531169925665,73311400
2016-08-02,183.60833740234375,184.69865725581784,182.77356410776096,184.5453241214279,92295500
2016-08-03,184.14495849609375,184.20459165480156,183.25056509657313,183.548691897201,53993600
2016-08-04,184.34095764160156,184.65612446878555,182.50103741220082,184.25577109486107,46585500
2016-08-05,185.8485870361328,185.89118029320792,184.3408871172442,184.3408871172442,71892200
2016-08-08,185.7378692626953,186.1382225030644,185.47380925258756,186.03599608154948,39906500
2016-08-09,185.8485870361328,186.3426402234022,185.52490687716386,185.80600677669491,51251700
2016-08-10,185.38864135742188,186.0360147697383,185.0393947939079,185.95935469412962,57941100
2016-08-11,186.2489471435547,186.49598024514216,185.65268051536748,185.91674052230485,72504300
2016-08-12,186.08714294433594,186.30009627357856,185.68678964554863,185.942323242528,61313500
2016-08-15,186.62379455566406,186.97304116885294,186.44492102046848,186.45343447531178,49813500
2016-08-16,185.6612091064453,186.27450264705396,185.6612091064453,186.20636902959353,53213600
2016-08-17,186.0104217529297,186.146714967824,184.86048187105433,185.69525506641838,75134300
2016-08-18,186.4278106689453,186.4618774730868,185.87413736760277,185.98486422928966,52989300
2016-08-19,186.15524291992188,186.3341294031093,185.47380278764328,185.95932953177365,75443000
2016-08-22,186.14671325683594,186.37670643015156,185.5504466941994,185.91672008352035,61368800
2016-08-23,186.5215606689453,187.05820721101114,186.46192749865375,186.76006735483244,53399200
2016-08-24,185.56753540039062,186.47045543237448,185.15014219795066,186.37675544805694,71728900
2016-08-25,185.43972778320312,185.85712092302123,185.03086109372353,185.18418122816422,69224800
2016-08-26,185.0904541015625,186.64927356118932,184.20457423805945,185.627100488644,122506300
2016-08-29,186.00189208984375,186.26595204716423,185.18414586938607,185.21822566895756,70502200
2016-08-30,185.69529724121094,186.19786396293492,185.14162380170342,185.9167640174861,58114500
2016-08-31,185.16714477539062,185.4823114783603,184.3919916975407,185.36305815850932,85269500
2016-09-01,185.17568969726562,185.46530309503095,184.01722310856502,185.15864979220905,97844200
2016-09-02,186.0104217529297,186.43632830124716,185.43970853790063,186.02746165420058,79293900
2016-09-06,186.57266235351562,186.64932242955953,185.57604237202705,186.29156241038206,56702100
2016-09-07,186.55563354492188,186.73452006397048,185.95085335663944,186.41082683790157,76554900
2016-09-08,186.1297149658203,186.4960014346624,185.82306166539124,186.22341494644138,74102900
2016-09-09,181.67474365234375,184.86904359887217,181.64919029258272,184.81793687935007,221589100
2016-09-12,184.28126525878906,184.68161850409962,180.8484590897426,180.91660570571437,168110900
2016-09-13,181.63214111328125,183.26762104268442,181.01032106144442,183.00356100687588,182828800
2016-09-14,181.5640106201172,182.88432391408446,181.0103371408601,181.68326396938673,134185500
2016-09-15,183.3782958984375,183.76160913699223,181.22321011525602,181.40209655865328,134427900
2016-09-16,182.6694793701172,182.9434427794408,181.98459697339692,182.76365265916039,155236400
2016-09-19,182.7037353515625,183.96222703135763,182.3784070616497,183.32013997282112,80250500
2016-09-20,182.71231079101562,183.71396513879625,182.67807189218635,183.55987049912048,69665300
2016-09-21,184.7670440673828,184.94682119238266,182.7294828953892,183.41437861451556,110284400
2016-09-22,185.93133544921875,186.23098138547766,185.52897279847716,185.7772407825473,76678700
2016-09-23,184.91250610351562,185.67444884801776,184.81833281764258,185.5374671479672,73630900
2016-09-26,183.41433715820312,184.2618838253767,183.21742102902655,184.08210674101107,89827300
2016-09-27,184.5529327392578,184.6470929586741,182.88349608546716,183.25163275907568,78494800
2016-09-28,185.468994140625,185.623101833831,183.81669631342595,184.77554217943597,87411000
2016-09-29,183.791015625,185.66591215313227,183.24310179121994,185.26353650265202,128070600
2016-09-30,185.1779327392578,185.87994121543213,184.37318143822424,184.62144938310027,117202900
2016-10-03,184.73275756835938,184.95534308356997,184.09922686050285,184.7670095327283,83512100
2016-10-04,183.791015625,185.06663343857537,183.20030643277005,184.84404793411028,119948100
2016-10-05,184.60426330566406,185.0323212269306,184.34742594024593,184.4159167752435,72816000
2016-10-06,184.73275756835938,184.95534308356997,183.8424024442202,184.3817467817106,62927400
2016-10-07,184.09922790527344,185.17794271296975,183.37153694951482,185.00672208004403,89788300
2016-10-10,185.05801391601562,185.5203107487633,184.91247578231187,185.05801391601562,51855000
2016-10-11,182.72085571289062,184.6984949069336,181.99316485487475,184.63000405030357,130367400
2016-10-12,182.96054077148438,183.48277201024095,182.36124917108424,182.85779797705706,73866100
2016-10-13,182.3612518310547,182.8578006442703,180.82025358838365,181.63356111941394,101357000
2016-10-14,182.45545959472656,183.79956814610816,182.37841228068805,183.33725813528716,93346200
2016-10-17,181.82188415527344,182.68655644078692,181.64209408312584,182.42971907912928,58275700
2016-10-18,182.96054077148438,183.47420249045146,182.5838476729331,183.41428116838685,76869700
2016-10-19,183.44854736328125,183.75674966585316,182.8663947158089,183.22596189159376,66519200
2016-10-20,183.10614013671875,183.66261045082263,182.44692699383353,183.09757061406387,73639800
2016-10-21,183.1916961669922,183.2773129914425,182.14723361250657,183.10609240583523,89089100
2016-10-24,183.9707489013672,184.3388855386287,183.61973824016934,184.06492217477899,60146600
2016-10-25,183.35440063476562,184.04785265018015,183.19173647049877,183.7910151836165,66542300
2016-10-26,182.9862518310547,183.56840448294915,182.29278684752947,182.532511363168,75705500
2016-10-27,182.49826049804688,183.73962618296824,182.42121318718085,183.70538728812593,77220200
2016-10-28,181.95889282226562,183.1488935654366,181.24832802261642,182.4725676586778,140623200
2016-10-31,181.96742248535156,182.5153360946408,181.8047583873407,182.2927376180824,61272500
2016-11-01,180.6490020751953,182.3441208756771,179.44188864631383,182.29274295115147,122781800
2016-11-02,179.5618133544922,180.72613188868763,179.12518573960872,180.34086915477957,103330800
2016-11-03,178.73992919921875,179.98986452919675,178.465978823447,179.77583549116116,88939300
2016-11-04,178.54298400878906,179.69017624675064,178.39744586486492,178.85118627336155,109122100
2016-11-07,182.4811248779297,182.51537683425684,178.54299901440498,178.54299901440498,109794900
2016-11-08,183.30307006835938,183.86810998791537,181.8219924579765,182.08738643323196,106772100
2016-11-09,185.24639892578125,185.86280353964403,181.78768269651837,181.81336513348813,258429000
2016-11-10,185.70867919921875,186.89867990417122,184.2532846271845,186.03400745605103,172113300
2016-11-11,185.28060913085938,185.52032054765516,184.3388894401023,184.9895328480777,100552700
2016-11-14,185.42617797851562,186.00834370377714,184.68136117179486,185.80287114251522,94580000
2016-11-15,186.8730010986328,186.8730010986328,185.6059530650747,185.81141254639604,91652600
2016-11-16,186.52198791503906,186.75314289173917,186.13673832940114,186.25659404633944,65617700
2016-11-17,187.4809112548828,187.54083260233344,186.5648605531982,186.6761598512752,69797200
2016-11-18,187.0613555908203,187.720568602341,186.88156547375317,187.54934800622104,86265800
2016-11-21,188.4739532470703,188.49963568487826,187.4894249623122,187.63496313098892,72402600
2016-11-22,188.84207153320312,189.02184858031546,188.11436769753672,188.7821371419699,67429000
2016-11-23,188.94482421875,188.99618909559098,188.13151652107902,188.32841957006784,56620200
2016-11-25,189.6468048095703,189.68104369898273,189.21017732398442,189.28723768592408,37872300
2016-11-28,188.75645446777344,189.61257047886514,188.6537247266964,189.33862014822847,76572500
2016-11-29,189.12457275390625,189.57831315059707,188.49104226452081,188.79068806458108,69886700
2016-11-30,188.6708526611328,189.9036618200159,188.61091826935393,189.7409976860947,113291800
2016-12-01,187.97740173339844,188.97048639352258,187.6178215074796,188.97048639352258,79040500
2016-12-02,188.0715789794922,188.55957142791652,187.71201178431926,188.0630225212601,74840300
2016-12-05,189.20164489746094,189.5440860882473,188.70509602651484,188.9019990580523,67837800
2016-12-06,189.80088806152344,189.83514001218086,188.910533293805,189.38995609667583,59877400
2016-12-07,192.2836456298828,192.3435669528581,189.52695125399703,189.6468069632402,110738100
2016-12-08,192.75448608398438,193.22535243290795,191.9925434696505,192.2579503668923,99714400
2016-12-09,193.91885375976562,193.93597973954576,192.94288192501824,192.9771338845785,88005800
2016-12-12,193.69630432128906,194.30415261529737,193.27680265002715,193.82471653529913,102016100
2016-12-13,194.989013671875,195.48556261678567,194.33837008714514,194.35549606822372,110477500
2016-12-14,193.3795166015625,195.3913816792487,192.94288901254768,194.68937324201593,142501800
2016-12-15,194.17567443847656,195.0317904674374,193.3880492594279,193.6192042449696,124972600
2016-12-16,193.79592895507812,194.6915449704416,193.47730315707153,194.6312573112015,156420200
2016-12-19,194.21786499023438,194.63983910113276,193.83034471793016,193.97674068123223,90341100
2016-12-20,194.96705627441406,195.11346536640215,194.51926153049286,194.75176579127523,89838800
2016-12-21,194.424560546875,195.010144436063,194.424560546875,194.8379146533777,67909000
2016-12-22,194.0886993408203,194.39871819214375,193.69255903179445,194.27815603553404,56219100
2016-12-23,194.3729248046875,194.38153169613182,193.94234370721074,194.1317873010316,36697800
2016-12-27,194.85516357421875,195.2512908050914,194.62264611418124,194.63987303648184,42672500
2016-12-28,193.2447509765625,195.13069789250957,193.13280884997076,195.11348411321208,64095000
2016-12-29,193.20176696777344,193.66678882733805,192.76256578565219,193.31370913120364,48696100
2016-12-30,192.49554443359375,193.61505768273278,191.80661219256285,193.52893622499533,108998300
2017-01-03,193.9681396484375,194.4762220905839,192.79695876636885,193.7958967308444,91366500
2017-01-04,195.12213134765625,195.26852734369186,194.2868029688766,194.29540986030497,78744400
2017-01-05,194.96705627441406,195.12207225522394,194.17478887329776,194.8551141585779,78379000
2017-01-06,195.6646270751953,196.12964878124782,194.53649379847863,195.07903007244784,71559900
2017-01-09,195.01876831054688,195.54407769928036,194.9843144691566,195.40628861430002,46939700
2017-01-10,195.01876831054688,195.87131035074572,194.63123486650335,195.03598209095162,63771900
2017-01-11,195.5699005126953,195.5699005126953,194.2695374492885,194.9326358857143,74650000
2017-01-12,195.07904052734375,195.26849723189008,193.7270229252161,195.05320671675017,72113200
2017-01-13,195.52685546875,195.82825431654757,195.21683659025288,195.25127729217894,62717900
2017-01-17,194.8379669189453,195.29438187862587,194.45044651887798,194.8896345535818,61240800
2017-01-18,195.26844787597656,195.31150859617858,194.5364550534028,195.0875981072428,54793300
2017-01-19,194.54513549804688,195.48379904463542,194.11455444288248,195.34600995331297,66608800
2017-01-20,195.25990295410156,195.75075852737518,194.59680444535826,195.2254491108912,129168600
2017-01-23,194.75181579589844,195.32018597098931,193.99400203606893,195.2599114531842,75061600
2017-01-24,196.00047302246094,196.41382709593856,194.8551260056911,194.9670681283333,95555300
2017-01-25,197.69699096679688,197.69699096679688,196.7841480966616,196.94777099923576,84437700
2017-01-26,197.49026489257812,197.81751062740526,197.21468677055776,197.55053939409,59970700
2017-01-27,197.1802520751953,197.71416827749547,196.99940228458058,197.5677723233257,59711100
2017-01-30,195.95741271972656,196.51716275501758,194.97568858040952,196.49132894663734,79737300
2017-01-31,195.940185546875,196.00047319321024,194.8981869027836,195.46654382670206,75880800
2017-02-01,196.01763916015625,196.8529671337238,195.43205546007658,195.9401377540197,79117700
2017-02-02,196.14691162109375,196.43109671472556,195.32881018564632,196.0177294111019,69657600
2017-02-03,197.49888610839844,197.67973590662965,196.74107249844477,197.05109133806323,80563200
2017-02-06,197.14585876464844,197.49033153341225,196.81000602778656,197.094191134407,57790100
2017-02-07,197.15443420410156,197.77447190734355,196.96497750920597,197.53334759389273,57931200
2017-02-08,197.41282653808594,197.54199561136676,196.61193886286796,197.15447525123201,51566200
2017-02-09,198.583984375,198.8853832240936,197.4128034001183,197.4128034001183,65955200
2017-02-10,199.3675994873047,199.5915100054071,198.60116587290565,198.92841162072386,66015900
2017-02-13,200.4526824951172,200.7110337232728,199.8326448036595,199.8584786124461,55182100
2017-02-14,201.2536163330078,201.26223636534405,199.92743224225052,200.27189188807773,71109000
2017-02-15,202.30418395996094,202.49364065914128,200.98660709584573,201.03827471556946,86785800
2017-02-16,202.13197326660156,202.51088670074023,201.38276642928537,202.33003687434092,84722400
2017-02-17,202.45059204101562,202.45059204101562,201.4516408656272,201.46886778666237,77204100
2017-02-21,203.65621948242188,203.8284492656725,202.81227120600053,202.82089123635168,88946100
2017-02-22,203.47537231445312,203.69926972156108,203.08785201202807,203.25147490734517,62115200
2017-02-23,203.6131591796875,204.00928636796786,202.85533236344304,203.99207258780973,74615900
2017-02-24,203.87155151367188,203.91459911303326,202.72620416839197,202.7692649080462,82381600
2017-02-27,204.1901397705078,204.36236955714747,203.535661325161,203.78539254474492,56515400
2017-02-28,203.6389923095703,204.05234641691743,203.25147201266427,203.81122209260744,96961900
2017-03-01,206.48944091796875,206.95447579618843,205.27519924075014,205.29242616150023,149158200
2017-03-02,205.1890869140625,206.308600215748,205.13741929311072,206.29998018539592,70246000
2017-03-03,205.3182373046875,205.48186018302286,204.72403343717016,205.1029468100965,81974300
2017-03-06,204.70681762695312,205.05988404795863,204.10399373585008,204.52596783156446,55391500
2017-03-07,204.09539794921875,204.75849638133062,203.8887143347153,204.40541680082913,65103700
2017-03-08,203.71649169921875,204.6465482866462,203.57870261805394,204.38819704453468,78168800
2017-03-09,203.97483825683594,204.30208403201433,203.010340991413,203.8370491788356,90683900
2017-03-10,204.6896514892578,204.97383660051867,203.742367785055,204.9307758611835,81991700
2017-03-13,204.79290771484375,204.83596843756033,204.30205226868037,204.62928485269342,57256800
2017-03-14,204.00929260253906,204.3020976979482,203.3978748809851,204.25041693502382,59880800
2017-03-15,205.77468872070312,206.196662895698,204.34515642855678,204.57767388337365,96081800
2017-03-16,205.369873046875,205.9899106262883,205.04264048128076,205.91240921393336,78344000
2017-03-17,205.00930786132812,205.82232414995448,205.00930786132812,205.6320431803841,89002100
2017-03-20,204.78436279296875,205.29465557467637,204.3951566577249,205.00923422284296,52537000
2017-03-21,202.15505981445312,205.51090901439778,202.02532881856098,205.38982235241298,131809300
2017-03-22,202.6307373046875,202.91615865814032,201.5669036763305,202.18963877523575,97569200
2017-03-23,202.41452026367188,203.54754820347628,202.04261597089257,202.63074737271714,100410300
2017-03-24,202.26748657226562,203.2880721879376,201.4890742619211,202.71724265249742,112504900
2017-03-27,202.0599365234375,202.3194117347293,200.32147504346014,200.5982389240359,87454500
2017-03-28,203.53025817871094,203.95405486324012,201.64475093774175,201.75719325688067,93483900
2017-03-29,203.72059631347656,203.95412536570043,203.0200223542648,203.24490707028033,61950400
2017-03-30,204.3692169189453,204.5681553695538,203.48701978020478,203.65999883500942,56737900
2017-03-31,203.8935546875,204.55952479613492,203.84164908650794,204.03193003110582,73733100
2017-04-03,203.53895568847656,204.14438910844746,202.3107869801188,203.94546381276962,85546500
2017-04-04,203.6686553955078,203.75515152683073,202.8729411376724,203.25350299956253,56466200
2017-04-05,203.06324768066406,205.3206597393664,202.85566485778097,204.34330876146382,108800600
2017-04-06,203.63404846191406,204.1529856156892,202.76048247725743,203.2015942350403,69135800
2017-04-07,203.42649841308594,204.11842792690598,202.94215171264923,203.38325034394884,74412300
2017-04-10,203.5475616455078,204.3432758756478,203.01996693669741,203.56486351066155,67615300
2017-04-11,203.30538940429688,203.4091742008586,201.8177457321159,203.16700087724368,88045300
2017-04-12,202.41452026367188,203.21889197199712,202.1896488213487,203.02861106024082,81864400
2017-04-13,201.0998992919922,202.81242786863328,201.0998992919922,202.07725025970024,92880400
2017-04-17,202.88160705566406,202.88160705566406,201.4199094790997,201.6188347524172,68405400
2017-04-18,202.27610778808594,202.81235992927202,201.59283601131273,202.1463768170068,83225800
2017-04-19,201.9042205810547,203.21022752414882,201.67933594893105,202.83832324402883,68699900
2017-04-20,203.5475616455078,203.98867342346213,202.19830650755497,202.51831842688946,92572200
2017-04-21,202.89886474609375,203.52159986940245,202.5010142602025,203.46970747536926,110389800
2017-04-24,205.13040161132812,205.33798445731102,202.872989301421,205.13904594752995,119209900
2017-04-25,206.32391357421875,206.66987167555047,205.68387656955395,205.7703726936147,76698300
2017-04-26,206.1941680908203,207.17151885724383,206.15093322651757,206.28930854770627,84702500
2017-04-27,206.36720275878906,206.66991285841107,205.83095043817428,206.5142356410269,57410300
2017-04-28,205.91738891601562,206.65255312133522,205.78764474040307,206.6266069257036,63532800
2017-05-01,206.43634033203125,206.86015021914145,206.02118797570128,206.43634033203125,66882500
2017-05-02,206.51419067382812,206.6958140545623,206.10768265367307,206.57472740158775,57375700
2017-05-03,206.2633819580078,206.60935328750722,205.588754362305,206.51421282157696,73137700
2017-05-04,206.50555419921875,206.64394273028756,205.65794754197145,206.5661041306076,61462700
2017-05-05,207.31854248046875,207.33584434389297,206.43633221020283,206.87744394406326,62001300
2017-05-08,207.28399658203125,207.50886806514407,206.8601866203432,207.36183518801747,48385700
2017-05-09,207.0936737060547,207.74235501951878,206.74770242040077,207.54342977867722,51363200
2017-05-10,207.46560668945312,207.46560668945312,206.842871486589,207.05045428669604,54293800
2017-05-11,207.04176330566406,207.20609800237523,205.96062787725276,207.0158171111785,62358300
2017-05-12,206.69583129882812,207.08503748747037,206.4277117732625,206.79097176249238,53912700
2017-05-15,207.83753967285156,207.95862634921738,207.10236208226476,207.11966394959072,61918900
2017-05-16,207.64724731445312,208.15754019413583,207.25804110448254,208.1315939933016,51241800
2017-05-17,203.9627227783203,207.64722812837044,203.90217285033032,207.64722812837044,172174100
2017-05-18,204.78436279296875,205.631969318215,203.62537552258183,203.88485067856263,107047700
2017-05-19,206.11634826660156,206.78233152544618,205.21684920841886,205.26874160827177,115011400
2017-05-22,207.16285705566406,207.32719175801526,206.55742383446582,206.62660489049898,61010600
2017-05-23,207.62132263183594,207.78565738578942,207.15426457349884,207.53482648845247,48341700
2017-05-24,208.1056671142578,208.20945192723073,207.51752238000833,207.85484941708714,46927700
2017-05-25,209.10028076171875,209.37705782517145,208.4083644980005,208.61593409813327,64071700
2017-05-26,209.05702209472656,209.22134361030675,208.83213745690742,208.90997604809624,46629900
2017-05-30,208.8754119873047,209.12622965651605,208.58134625168944,208.73702345379505,35201900
2017-05-31,208.8235321044922,209.2040939957279,208.13160259292346,209.1694902615477,91796000
2017-06-01,210.484130859375,210.5014327244796,208.9964871993291,209.28190858500193,68962000
2017-06-02,211.18475341796875,211.34044384496872,210.24200611252522,210.53607189996387,88666100
2017-06-05,211.02903747558594,211.29715700891515,210.83009901105527,211.01173560965785,44698800
2017-06-06,210.35440063476562,211.0203706729839,210.27654884023806,210.4668297647165,50375400
2017-06-07,210.7436065673828,210.96847802447388,210.025730934513,210.6917141693969,54144300
2017-06-08,210.84739685058594,211.32309917359729,210.3198021282382,210.83875251651543,65950700
2017-06-09,210.52737426757812,211.91121990384883,209.26460209199337,211.11550569356558,132256400
2017-06-12,210.484130859375,210.53602325723256,209.63652423363692,210.28520560176892,86108100
2017-06-13,211.5133819580078,211.56527435779938,210.67441963482645,211.0203777650746,60067000
2017-06-14,211.2451934814453,211.7900766988749,210.42352009473362,211.78143236754988,78602300
2017-06-15,210.8387451171875,210.95983177720848,209.61922098575457,209.89598483832128,66464900
2017-06-16,210.8848114013672,211.04994752534736,210.00699858556482,210.99780206763052,84553100
2017-06-19,212.64047241210938,212.70130436516789,211.61489634368257,211.71050078004595,65123800
2017-06-20,211.2063751220703,212.29278298541092,211.18900214476346,212.2840964967575,56906400
2017-06-21,211.15423583984375,211.71047615166384,210.68491346435795,211.59749874860742,55977600
2017-06-22,211.05862426757812,211.65832352725792,210.8848016626108,211.1629284400103,44148100
2017-06-23,211.3107147216797,211.64097374946985,210.73708809083058,211.11950584472999,66986800
2017-06-26,211.44970703125,212.3970646667427,211.2411252311376,211.97987454289122,56700500
2017-06-27,209.74623107910156,211.5279424723989,209.72884484149196,211.23242948028994,82247700
2017-06-28,211.62356567382812,211.82346100773714,210.52845805803364,210.76312587024884,70042600
2017-06-29,209.76365661621094,211.82348188810502,208.55557148137194,211.77133642732028,106949700
2017-06-30,210.1547393798828,210.9456474858864,209.96353053531456,210.57191628538862,86820700
2017-07-03,210.51109313964844,211.52796934909023,210.51109313964844,211.0934061863297,39153800
2017-07-05,210.9978485107422,211.20643038752084,210.06787677070994,210.8761713286819,54427600
2017-07-06,209.06832885742188,210.35463203575168,208.88580650381542,210.23295488728553,65400800
2017-07-07,210.42416381835938,210.5719136942868,209.07701543431983,209.64195547243426,57972300
2017-07-10,210.65013122558594,211.0238624203301,210.119963666866,210.42416316812717,36663300
2017-07-11,210.49374389648438,210.80662995913784,209.32911759842563,210.6501802969023,50354600
2017-07-12,212.07550048828125,212.24063660467954,211.45842825120994,211.45842825120994,59610400
2017-07-13,212.43186950683594,212.54486018070784,211.85824290969333,212.08422425743714,39471600
2017-07-14,213.4226531982422,213.77899816590127,212.3362453176828,212.4318497416446,60262700
2017-07-17,213.39657592773438,213.7268481601751,213.22275332290783,213.34443047246788,33531900
2017-07-18,213.509521484375,213.56166692862567,212.64908186880334,212.98804051824456,42742500
2017-07-19,214.66555786132812,214.67424435202722,213.81380434737397,213.82250409989092,51034300
2017-07-20,214.7611083984375,215.03922191099483,214.21355460002698,214.91754476266078,47135200
2017-07-21,214.5699005126953,214.59597324018205,213.9615015064993,214.1874828271371,82340800
2017-07-24,214.5177459716797,214.65679609178116,214.04841037316834,214.49165998348326,46622300
2017-07-25,215.0392303466797,215.36950258874876,214.81326227999904,215.26519841336034,54915600
2017-07-26,215.04794311523438,215.36082915600542,214.78721579943908,215.32606993450494,47575400
2017-07-27,214.8480682373047,215.54337208995847,213.5269922434443,215.50861286514385,70766600
2017-07-28,214.5959930419922,214.72635669145512,213.91807554115323,214.37001170050198,50088400
2017-07-31,214.4742889404297,215.09136115279443,214.2656938656761,214.99575673459248,65838700
2017-08-01,214.952392578125,215.10882899717703,214.43091132431326,215.0740697691052,55050400
2017-08-02,215.0565948486328,215.19565822721768,214.12662342388683,215.08266757439077,47211200
2017-08-03,214.63943481445312,214.9696937872359,214.36130803546263,214.9436210594324,40856000
2017-08-04,215.03057861328125,215.36083764691514,214.6481608526152,215.12618305344776,60191800
2017-08-07,215.43035888671875,215.43035888671875,214.99579568195313,215.10009986913212,31995000
2017-08-08,214.90017700195312,216.33424343971365,214.52645903629823,215.11745858993362,61719400
2017-08-09,214.89146423339844,214.9436096862463,213.85720187920182,214.2135468227478,62632600
2017-08-10,211.85826110839844,214.18752691726706,211.8061156426909,214.05714999118095,120479500
2017-08-11,212.171142578125,212.76215545427516,211.84957003866828,212.0842378910968,74869900
2017-08-14,214.2743682861328,214.491649836917,213.41394183258802,213.4487010455156,73291900
2017-08-15,214.24832153320312,214.6741981986198,213.94413528231837,214.65681195914163,55242700
2017-08-16,214.6220703125,215.16962417546023,214.19619361221802,214.76982020562247,56715500
2017-08-17,211.2759246826172,214.32656670840692,211.2759246826172,214.013680686834,128490400
2017-08-18,210.94564819335938,212.2319513923749,210.50238529682153,211.110771048936,136748000
2017-08-21,211.11077880859375,211.37151935817374,210.18082053799722,210.88481073859253,65469700
2017-08-22,213.31834411621094,213.47478047201594,211.6756960711894,211.69308230910568,63140100
2017-08-23,212.55349731445312,212.97937391862,212.20585214577906,212.35360200555618,50203800
2017-08-24,212.0581512451172,213.09240050234038,211.8495561386653,212.93596411886358,50741700
2017-08-25,212.55349731445312,213.46608245948897,212.405747454676,212.84899703400743,64445900
2017-08-28,212.56222534179688,213.10976589220928,212.1450351697119,213.08369316418083,40565600
2017-08-29,212.8056182861328,213.06634561376057,211.13688381841158,211.24987450159514,51135700
2017-08-30,213.81373596191406,214.08317622922343,212.60565105023682,212.78817339108335,62030800
2017-08-31,215.10008239746094,215.3434367114177,213.848538347503,214.43085140317208,103803900
2017-09-01,215.4042510986328,215.83012774424623,215.25650122447658,215.47378279149711,62007000
2017-09-05,213.85720825195312,215.12613844359225,212.89247756007697,214.90015712543195,91398800
2017-09-06,214.5872802734375,214.91755251446293,214.00496723813447,214.53513481681557,57916900
2017-09-07,214.5612335205078,214.90889204310074,214.1527430450965,214.89150580151696,58034700
2017-09-08,214.30914306640625,214.76977889807915,214.06578878785504,214.2743705912912,63832800
2017-09-11,216.594970703125,216.67318888716122,215.56070828593013,215.57808126339495,71364800
2017-09-12,217.3250732421875,217.3598324652706,216.7775193304532,216.96004172163705,56896000
2017-09-13,217.42930603027344,217.46407850587528,216.92521122855646,217.03820188154188,59228000
2017-09-14,217.3597869873047,217.55969557911206,216.93392360000743,217.10774620268882,95446300
2017-09-15,217.65245056152344,217.73978653879072,217.1109221885151,217.21573069228893,95432400
2017-09-18,218.1153106689453,218.4646811341499,217.7309951606429,218.01923179186971,46235200
2017-09-19,218.33367919921875,218.42102848279805,218.01051083970842,218.35988131876667,47108100
2017-09-20,218.41229248046875,218.52584388719498,217.41657192320085,218.42103540568147,59574100
2017-09-21,217.82708740234375,218.34241353480814,217.65240215902375,218.25507757696303,48211400
2017-09-22,217.87074279785156,218.03669842901505,217.50389982099844,217.53010193880021,51214000
2017-09-25,217.42526245117188,217.96680393948392,216.68284696114102,217.61742018450397,57064400
2017-09-26,217.5563507080078,218.0978790288707,217.32051826959304,217.85331699185963,54082000
2017-09-27,218.403564453125,218.78787999161077,217.37289884285593,218.25508132737005,81001400
2017-09-28,218.6655731201172,218.744179472519,218.03669564564598,218.12403159466072,44778800
2017-09-29,219.4342041015625,219.51282378636614,218.47342863829596,218.65684347170293,85578000
2017-10-02,220.38629150390625,220.38629150390625,219.48663643311738,219.66133501937134,59023000
2017-10-03,220.85794067382812,220.8841427959599,220.30766945379898,220.38628914782512,66810200
2017-10-04,221.11996459960938,221.36452661284386,220.59589552688965,220.70944693575927,55953600
2017-10-05,222.4301300048828,222.447589200853,221.15490233464226,221.45186859770155,63522800
2017-10-06,222.17677307128906,222.46500966891753,221.72259418499033,221.98461533953676,80646000
2017-10-09,221.8099365234375,222.4650160839483,221.5479020337076,222.40388225533374,35803100
2017-10-10,222.39517211914062,222.77075805290576,221.83617134486326,222.37771292417833,43057400
2017-10-11,222.7445526123047,222.7445526123047,222.13314760699538,222.29908992244182,47674300
2017-10-12,222.4126739501953,222.77951700719035,222.17684151083012,222.4301464750898,47065100
2017-10-13,222.6834259033203,222.96293297578225,222.41266175664202,222.84938156164074,54800400
2017-10-16,222.9803924560547,223.1725502367093,222.56988810025342,222.91052901548102,38221700
2017-10-17,223.13763427734375,223.18130892651027,222.70964403972255,222.92800395792347,31561000
2017-10-18,223.35598754882812,223.55687493585796,223.1638297603191,223.51320028799114,40888300
2017-10-19,223.4170684814453,223.4520135225152,222.1593268831205,222.5785740825621,61903800
2017-10-20,224.57003784179688,224.59626661827306,223.39964532969876,224.2119510702714,89176400
2017-10-23,223.6965789794922,224.91941561151043,223.617972622621,224.89321349255337,63915300
2017-10-24,224.0896759033203,224.32549501443242,223.73156244590075,224.12462095301717,66935900
2017-10-25,222.9803924560547,223.87130459112328,221.85366122188066,223.75775317683716,103715300
2017-10-26,223.26861572265625,223.86254822529017,223.1463347175475,223.59179742215292,69798000
2017-10-27,225.0940704345703,225.25130979163634,223.27732812917105,224.01101405953938,85562500
2017-10-30,224.25559997558594,224.99802890928333,223.95863373315882,224.01103797268954,54285700
2017-10-31,224.60494995117188,224.8582548559498,224.3079837358577,224.631152068545,60304800
2017-11-01,224.90199279785156,225.72302829563802,224.53516302963726,225.38240065372474,54202700
2017-11-02,224.98928833007812,225.1290418553702,223.7664783028467,224.8320756098468,56449500
2017-11-03,225.74044799804688,225.7841093106653,224.7359712552437,225.14648888383707,59589700
2017-11-06,226.08985900878906,226.220869625396,225.53958776377712,225.60945120754656,49652600
2017-11-07,225.93264770507812,226.52658027431363,225.4260377772938,226.1946689399576,57502200
2017-11-08,226.31687927246094,226.41297147107142,225.47838487809508,225.75789189463578,50469600
2017-11-09,225.49588012695312,225.68803787692877,223.91493016041056,225.11156462700185,95085500
2017-11-10,225.42605590820312,225.60075451568235,224.79717823864902,225.11163040105865,59984700
2017-11-13,225.6356201171875,225.8627229227184,224.7097763557661,224.7447214001383,50228600
2017-11-14,225.11158752441406,225.21639600683287,224.05470646441782,224.8320804677906,61315200
2017-11-15,223.98483276367188,224.66611452343398,223.2773488845058,224.1420454800957,80811500
2017-11-16,225.88894653320312,226.2558028958665,224.8844963178253,224.9281576360003,67777000
2017-11-17,225.22511291503906,225.86273339190677,225.1465065530022,225.53956501844647,75756800
2017-11-20,225.6094512939453,225.80160908346332,225.22513571490924,225.46972440635292,48075500
2017-11-21,227.08554077148438,227.26898226933415,225.57450740471495,226.3780568662347,69176800
2017-11-22,226.88467407226562,227.22530164809308,226.7187184194679,227.0942910420056,45033400
2017-11-24,227.40867614746094,227.51351126899064,227.2340042554232,227.37375776220694,27856500
2017-11-27,227.29515075683594,227.74932966113093,227.09425009355337,227.45236345579315,52274900
2017-11-28,229.60107421875,229.62727634177566,227.6620371490641,227.75812937033317,98971700
2017-11-29,229.4613494873047,230.26492578642106,229.01591333994227,229.7321136776528,77512100
2017-11-30,231.47021484375,232.37857274930585,230.2998090900364,230.37841544790612,127894400
2017-12-01,230.98983764648438,231.73226666483723,227.75812700080465,231.25188552927713,164390900
2017-12-04,230.71034240722656,233.03366822283851,230.65791150982508,232.60569136026692,94040600
2017-12-05,229.8805694580078,231.59250360309943,229.74955884962907,229.8805694580078,77994500
2017-12-06,229.9242401123047,230.35224365740348,229.4613181737277,229.97664435778418,75898600
2017-12-07,230.6492156982422,230.9636411789777,229.66222462493982,230.6492156982422,77218600
2017-12-08,231.90695190429688,231.91566817453804,230.61425172727832,231.60124271960038,76563900
2017-12-11,232.60572814941406,232.6668753266698,231.88078491496563,232.60572814941406,83077500
2017-12-12,233.01625061035156,233.4879155290524,232.64067792289777,233.39182329780536,85195800
2017-12-13,232.989990234375,233.69747410791436,232.9026409519702,233.2607543511489,102905400
2017-12-14,232.03794860839844,233.40051214201415,231.98554436904854,233.28696073833632,100666700
2017-12-15,233.9702606201172,234.43554878182445,232.9870121871894,233.03968429670263,144610300
2017-12-18,235.45387268066406,235.80502893603057,235.26073272148673,235.3660769189462,83653600
2017-12-19,234.5496368408203,235.74357348896925,234.47938951357304,235.69968900306878,82382900
2017-12-20,234.42672729492188,235.56799189149214,234.1282431203036,235.5153197895893,76751500
2017-12-21,234.90957641601562,235.6207034128294,234.66376433012604,235.05004429245363,67032300
2017-12-22,234.84820556640625,234.96233742065027,234.312669971457,234.9272137443794,78720900
2017-12-26,234.5672149658203,234.78669100611233,234.3038544340734,234.44429552333253,45244400
2017-12-27,234.68136596679688,235.04130991726413,234.40921779792106,234.73403807744953,57751000
2017-12-28,235.1642303466797,235.20814163841598,234.795525528574,235.18180557997988,45116100
2017-12-29,234.27745056152344,235.76111047739207,234.0843373997339,235.74356204218506,96007400
2018-01-02,235.95431518554688,235.98943885710432,234.75159065194177,235.13787066453907,86655700
2018-01-03,237.44674682617188,237.59600232641256,236.12110292886277,236.12110292886277,90070400
2018-01-04,238.44752502441406,238.93038836501717,237.50818797814625,238.08760791196542,80636400
2018-01-05,240.03651428222656,240.1594069059415,238.74599437995371,239.23761845781928,83524000
2018-01-08,240.47549438476562,240.6335106872347,239.65026241653015,239.9399589710568,57319200
2018-01-09,241.01991271972656,241.64321742289766,240.6160573534854,240.89699322786544,57254000
2018-01-10,240.65110778808594,240.91449513696924,239.5976387670871,240.26482777626626,69574300
2018-01-11,242.40692138671875,242.40692138671875,241.03739287651788,241.2041968302037,62361500
2018-01-12,243.98715209960938,244.15392925287028,242.37178476166358,242.67029577236767,90816100
2018-01-16,243.15318298339844,245.8922404275015,242.4596310050787,245.24259974413545,106555100
2018-01-17,245.47076416015625,245.85704412576092,243.1531111580364,244.08368740476362,113258800
2018-01-18,245.05816650390625,245.7780275136728,244.56651555336,245.35665068678648,100728000
2018-01-19,246.17300415039062,246.17300415039062,245.05807598573668,245.63746890869248,140920100
2018-01-22,248.17469787597656,248.17469787597653,245.9096904252106,245.96238931636123,91322400
2018-01-23,248.70152282714844,248.99121946507964,247.89383906281728,248.21865937524475,97084700
2018-01-24,248.6048126220703,249.93924365717857,247.42842464583018,249.342248661288,134816100
2018-01-25,248.71023559570312,249.56180369497707,247.92012721704376,249.46524709816148,84587300
2018-01-26,251.58984375,251.6337550471064,249.28973839357536,249.54433818393673,107743100
2018-01-29,249.92172241210938,251.45805452351033,249.7637061106124,251.01910249168148,90118300
2018-01-30,247.35829162597656,249.97442894951632,246.88421586467027,248.0957279260588,131796400
2018-01-31,247.48117065429688,248.71023108676374,246.41012653639544,248.20984609063984,108364800
2018-02-01,247.20028686523438,248.49959490497716,246.41017833480868,246.7525738798509,90102500
2018-02-02,241.81869506835938,246.01507559481632,241.78357140273644,245.88336854660707,173174800
2018-02-05,231.70521545410156,242.16984378788024,231.16091921572408,240.0628793719165,294681800
2018-02-06,236.27032470703125,236.7707364527866,227.11379176202638,228.20238422661203,355026800
2018-02-07,234.9886474609375,239.10599383417136,234.90961250020038,235.7172962159094,167376100
2018-02-08,226.1744384765625,235.4275552292879,226.1393148107997,235.2870873577438,246449500
2018-02-09,229.5719757080078,231.42434093123214,222.0395551652409,228.957431978035,283565300
2018-02-12,232.9430694580078,234.409181085586,229.71238881690365,231.61742570067418,143736000
2018-02-13,233.52252197265625,234.0668183011388,231.16095748307058,231.74037748189377,81223600
2018-02-14,236.67413330078125,237.03407715143607,232.030013694971,232.03880130814662,120735700
2018-02-15,239.69415283203125,239.7029404462211,235.9542728320571,238.41242036112484,111200300
2018-02-16,239.764404296875,241.70459187762137,239.02696798048893,239.07087926559547,160420100
2018-02-20,238.26315307617188,240.25601241008334,237.47304479191206,238.81623691260538,86369700
2018-02-21,237.07797241210938,241.17779601748344,236.98141582880206,238.70210022472662,98883700
2018-02-22,237.38522338867188,239.7116635044079,236.7180346030189,237.9997668719995,110511300
2018-02-23,241.1690216064453,241.1690216064453,238.13148100019365,238.60555670362223,92766400
2018-02-26,243.96957397460938,244.0661573690469,241.65192079774243,242.24010161368724,86491400
2018-02-27,240.9232940673828,244.8651029762562,240.861834330438,244.1539757758523,99099200
2018-02-28,238.482666015625,242.46835850910344,238.1666333695874,242.02061880237406,121907800
2018-03-01,235.0149383544922,239.81707485453967,233.52249066745827,238.2719550648111,176855100
2018-03-02,236.22642517089844,236.7882966589394,232.48657189571603,233.3469007734564,139083200
2018-03-05,238.95677185058594,239.5713155727941,234.93595518210756,235.0413262022246,97307400
2018-03-06,239.56251525878906,240.01025499813764,238.07006732196808,239.93122003936082,79213200
2018-03-07,239.4747314453125,239.8258878034363,237.20975016262793,237.40289017832296,87063500
2018-03-08,240.63365173339844,240.75654444351645,239.15877846285233,240.15078813748468,66901200
2018-03-09,244.821044921875,244.821044921875,241.72204537064238,242.0381046915257,113625300
2018-03-12,244.51385498046875,245.73415461272276,244.12757500993573,245.11085016588888,71924800
2018-03-13,242.9336395263672,246.17310801074694,242.32788351439316,245.67269621102778,91968900
2018-03-14,241.68704223632812,244.0749429957183,241.13398503411454,243.89059059498044,105895100
2018-03-15,241.42364501953125,242.83705786317586,240.92323321625588,242.19620497023516,83433000
2018-03-16,241.68544006347656,242.73433229879393,241.63255700109175,241.9498553754007,100343700
2018-03-19,238.4153594970703,241.86171597010994,236.76710790101043,240.93623544895917,109208400
2018-03-20,238.82081604003906,239.45543966554663,238.1421052648597,238.8119932303427,59757300
2018-03-21,238.3624267578125,240.86565656743832,238.15089454536155,238.77669527306645,78709600
2018-03-22,232.404052734375,236.98742117685686,232.1307877527902,236.14126540111988,148785900
2018-03-23,227.45045471191406,233.17088967006566,227.2565412065732,232.8447685244487,183534800
2018-03-26,233.67333984375,233.95540081601212,228.64925990705333,231.04672437365164,141956100
2018-03-27,229.69805908203125,235.13640545900424,228.14675126291746,234.60757497412808,129941400
2018-03-28,229.0194091796875,231.49622480159888,227.91763387941825,229.8303276361625,146452300
2018-03-29,231.9457550048828,233.80556589293712,229.02825585763088,230.15647280673,111601600
2018-04-02,226.93927001953125,231.9281118003099,224.47129066036044,231.41687299833714,186286300
2018-04-03,229.8479461669922,230.3239206279813,226.38397108152986,228.17325309173245,119956900
2018-04-04,232.30706787109375,233.01219315656473,226.17239181131873,226.30459943999386,123715300
2018-04-05,234.1405029296875,235.0219232354331,232.9770216703882,234.0611514312149,82652600
2018-04-06,228.92242431640625,233.67326456153145,227.40638070243776,232.18368937282415,179521200
2018-04-09,230.05068969726562,233.43534029483922,229.11638636610888,230.37681089226027,105442900
2018-04-10,233.70860290527344,234.49307993653733,231.79593578879246,232.93294868522386,103529000
2018-04-11,232.48336791992188,234.14044196708517,232.1572467955175,232.22774856614302,91140200
2018-04-12,234.39608764648438,235.33921379794384,233.6292563098291,233.80555112463333,68890500
2018-04-13,233.70860290527344,235.81521047558147,232.70379768298352,235.70062152505398,85079200
2018-04-16,235.63006591796875,236.3969241380238,234.51949468322138,235.3392090680808,63405300
2018-04-17,238.1509246826172,238.75028395961277,236.88167744967973,237.3928893273972,64682000
2018-04-18,238.32728576660156,239.12935469632373,237.86892992239788,238.59170113916744,57303900
2018-04-19,237.00511169433594,237.8777091627883,235.9738381325913,237.6749728150779,77655900
2018-04-20,234.99545288085938,237.15494337179408,234.11403258232485,236.93458829716045,99953100
2018-04-23,234.96023559570312,236.12371694531072,233.8849016632746,235.56841780577912,65558000
2018-04-24,231.79586791992188,236.20296842635491,230.29744298821194,235.98261340103326,112885500
2018-04-25,232.36883544921875,232.8095455943946,229.91848811799363,231.73421176421306,103840900
2018-04-26,234.73106384277344,235.5596011681044,232.95060432387913,233.39131452250984,67731900
2018-04-27,234.9513397216797,235.6388463237789,234.0170365675143,235.33916671761327,57053600
2018-04-30,233.1444549560547,236.1236593984513,233.07392627997427,235.56836039425437,82182300
2018-05-01,233.5586700439453,233.6644361350469,231.02897217068772,232.5802799036508,74203400
2018-05-02,231.98980712890625,234.17571200711808,231.60198008945386,233.36482048739748,86368900
2018-05-03,231.47857666015625,232.1308190231915,228.3318999811481,231.1612782885642,136311500
2018-05-04,234.47540283203125,235.15411363285418,230.18289056208346,230.50901174745036,91222100
2018-05-07,235.26869201660156,236.23823271919028,234.55471690649136,235.24225048650933,55304900
2018-05-08,235.26869201660156,235.63005062825889,233.70856104472983,234.89848369650036,67499200
2018-05-09,237.5427703857422,237.86889159229474,235.41854423903627,235.93857898716234,59666100
2018-05-10,239.76394653320312,240.09009464765438,238.17740071163087,238.28316684656053,72063900
2018-05-11,240.49549865722656,240.75991394858534,239.37607782658708,239.88731658829252,59871500
2018-05-14,240.61013793945312,241.57967880988596,240.06363472492131,240.9274363554898,54790600
2018-05-15,238.9530487060547,239.40255476785495,238.0099225293542,239.38493604542785,87036100
2018-05-16,239.9578399658203,240.4161957105122,238.96183078069996,238.98829921102723,53942600
2018-05-17,239.7550811767578,240.830414735098,238.9794272135215,239.69337531631723,56536400
2018-05-18,239.15576171875,239.7727666974474,238.8031989732715,239.4113811412176,64368000
2018-05-21,240.95384216308594,241.49152248673255,240.24871674390172,240.6365437940962,58025900
2018-05-22,240.28392028808594,241.7294621619401,239.95779915524992,241.47384280155237,52966400
2018-05-23,240.94505310058594,240.97152153385284,238.85609118238685,239.0147672879168,64694200
2018-05-24,240.451416015625,240.82162432927402,238.67095692322204,240.54838622347975,76043800
2018-05-25,239.8785858154297,240.5043868442916,239.37616967027247,239.8785858154297,56374800
2018-05-29,237.11959838867188,239.01467290509535,236.00902748139347,238.25663771876523,115908600
2018-05-30,240.28392028808594,240.72463033760636,238.3536350180888,238.4241367905371,69678400
2018-05-31,238.81198120117188,240.17817169479065,238.21262194583,239.8784920671197,93519900
2018-06-01,241.15660095214844,241.45628062814544,240.0371799489807,240.1077086367524,71258400
2018-06-04,242.3023681640625,242.55798751212566,241.73827331525345,241.97624704695025,45385200
2018-06-05,242.4786834716797,242.85768767237997,241.66776511550432,242.4345963258353,51135000
2018-06-06,244.5060272216797,244.61179337177003,242.46994813598835,243.08695320993857,62732200
2018-06-07,244.4794921875,245.28158771736173,243.57163054799622,244.99073091584611,72969400
2018-06-08,245.2023162841797,245.2551993504634,243.85374429631833,244.02121630582116,72139700
2018-06-11,245.52838134765625,246.2423294780415,245.30802632225817,245.42261523927425,58892500
2018-06-12,245.84573364257812,246.2070922530715,245.20228721399303,245.94267695300078,72329000
2018-06-13,245.061279296875,246.33934946200577,244.85854294896512,246.08373004921717,79070600
2018-06-14,245.6783447265625,246.20717550552266,245.0877811582985,245.92514138968352,77097600
2018-06-15,245.3648223876953,245.70127036855243,243.78885054546487,244.89557310376134,120041600
2018-06-18,244.860107421875,244.98407329604225,243.43466198648548,243.91274659361608,52917600
2018-06-19,243.9216766357422,244.1430211698944,242.17748062583885,242.59360943082888,97531500
2018-06-20,244.3378143310547,245.00184795767245,244.0013663037661,244.60341697386283,53785500
2018-06-21,242.80609130859375,244.34666763816736,242.3102817141276,244.32894278291016,71061400
2018-06-22,243.24888610839844,244.17854976681258,243.02754147824388,244.0634462359949,54898500
2018-06-25,239.93746948242188,242.25715582365535,238.2552564656156,242.09779424744752,137854200
2018-06-26,240.46873474121094,241.3186902838372,239.7515805303076,240.50415743620357,68547400
2018-06-27,238.4765625,242.4784612120571,238.3260363559265,241.0530156445214,105110700
2018-06-28,239.84014892578125,240.60156132062505,237.71521931683532,238.4235381930181,76650500
2018-06-29,240.185302734375,242.2925063463622,240.07019929042124,240.92901688809027,97592500
2018-07-02,240.69886779785156,240.85825638445402,238.379181590529,238.61825096063558,63554800
2018-07-03,239.8489227294922,241.69052431494146,239.42395853253888,241.59311867340935,42187100
2018-07-05,241.8056182861328,241.86760124254315,239.90206063048137,240.97338766695466,56925900
2018-07-06,243.85081481933594,244.22265843947528,241.4514210425873,241.83215410837596,66493700
2018-07-09,246.0465850830078,246.0997056110018,244.80706106381928,244.85131916394857,50550400
2018-07-10,246.9319305419922,247.02933617681353,246.20591406275534,246.49810394762574,51966800
2018-07-11,245.1256866455078,246.17045299252086,244.82466143351638,245.38245377498941,77054700
2018-07-12,247.34805297851562,247.4011734981169,245.78094361109248,246.38299417963543,60124700
2018-07-13,247.5428466796875,247.84387197545811,246.71945157482142,247.17100302827427,48216000
2018-07-16,247.32156372070312,247.7288301610967,246.87887458387516,247.58719341456032,48201000
2018-07-17,248.32192993164062,248.71149835232407,246.4980536982536,246.55117420838425,52315500
2018-07-18,248.84432983398438,248.9505708671419,247.9589518648833,248.40164084943382,44593500
2018-07-19,247.9059295654297,248.56110087586566,247.4278177072078,248.18039468302325,61412100
2018-07-20,247.62255859375,248.33087733719734,247.46319700882336,247.70223938621334,82337700
2018-07-23,248.08297729492188,248.28659698414955,247.07363319847968,247.41894365871448,47047600
2018-07-24,249.33132934570312,250.17244940108057,248.46367604604748,249.49071794855155,68026900
2018-07-25,251.4561767578125,251.77489982066308,249.03908545284267,249.08334353837583,78882900
2018-07-26,250.86297607421875,251.54470734410916,250.6416315946919,250.73903721587038,57919500
2018-07-27,249.16307067871094,251.28797232154227,248.24227005963422,251.19056669837929,76768700
2018-07-30,247.86160278320312,249.40215198668153,247.33920594196468,249.24279041796194,63742500
2018-07-31,249.08335876464844,249.69427169204494,248.24226595098523,248.6229719725251,68570500
2018-08-01,248.66725158691406,249.79169893708507,248.02094294081422,249.28702699344575,53853300
2018-08-02,250.02197265625,250.19016966280472,247.16219123122863,247.3658379522572,63426400
2018-08-03,251.0931854248047,251.14630593884132,249.9687381653188,250.145824558501,53935400
2018-08-06,252.01402282714844,252.3238835310707,250.73907626495154,251.12864477115582,39400900
2018-08-07,252.8463134765625,253.2270466660811,252.545288108283,252.67811646394784,43196600
2018-08-08,252.74002075195312,253.13845169831436,252.27963387449154,252.67806482085274,42114600
2018-08-09,252.394775390625,253.19161038385442,252.2619740616866,252.80204180590246,35717000
2018-08-10,250.70362854003906,251.5004633069356,249.99530995422668,250.9603957161205,77076000
2018-08-13,249.7651824951172,251.589059329678,249.47299257350093,250.97814624222252,65732900
2018-08-14,251.35879516601562,251.59786450559102,250.1015736051608,250.49114206560364,43842000
2018-08-15,249.48178100585938,250.15467684918175,248.04747314579978,250.0130131442934,102925400
2018-08-16,251.5005645751953,252.36824505984566,250.8807889405019,250.9162116389535,69967900
2018-08-17,252.38595581054688,252.828644995231,250.88966420474623,251.29693068916663,65618500
2018-08-20,252.92601013183594,253.1916127922392,252.38591536288368,252.83746690516844,39807500
2018-08-21,253.5192108154297,254.37802881887922,252.9614181816964,253.43953001341072,67272000
2018-08-22,253.36866760253906,253.89103744915988,252.84627073632237,253.11190038315056,44993300
2018-08-23,253.03221130371094,254.05039070086602,252.71346114188097,253.19157287482844,49204900
2018-08-24,254.55508422851562,254.69674797691286,253.55460258143327,253.6077231096326,57487400
2018-08-27,256.56488037109375,256.6711214264323,255.5909589978284,255.75032058083627,57072400
2018-08-28,256.6888122558594,257.13150127415275,256.22839838429445,257.02523321330386,46943500
2018-08-29,258.07000732421875,258.3001872470909,256.66225944752415,256.90130179728936,61485500
2018-08-30,257.0252990722656,257.9637978699567,256.432110766729,257.59195413028306,61229500
2018-08-31,257.0340576171875,257.4767465699944,256.13098188051356,256.61792892076545,66140800
2018-09-04,256.5914001464844,256.94554594826343,255.59091866725385,256.617960406128,57594400
2018-09-05,255.9008026123047,256.4408972432379,254.8914857411,256.23725057590366,72452400
2018-09-06,255.13058471679688,256.308125831231,254.10354276501158,256.00710048633505,65909900
2018-09-07,254.63473510742188,255.6086563759925,253.84673566570757,254.08580503411685,73524800
2018-09-10,255.07733154296875,255.90958877767227,254.88254735996188,255.64395924470784,50210900
2018-09-11,255.91851806640625,256.36120709749815,254.08580601257725,254.43108940663996,50530500
2018-09-12,255.98048400878906,256.58253456637283,255.1925116359852,255.92736349015473,59810800
2018-09-13,257.4945068359375,257.68045569530796,256.75965488471724,257.0429823679138,51034200
2018-09-14,257.5387878417969,257.8840712530081,256.75965078524433,257.69814941620206,55079900
2018-09-17,256.17529296875,257.52105793665976,255.90082792279205,257.48566226721647,68244000
2018-09-18,257.56536865234375,258.1585568998184,256.3612402817185,256.3878005462383,61930400
2018-09-19,257.83978271484375,258.25591145639254,257.4944723248046,257.61843821443676,49080600
2018-09-20,259.9293212890625,260.2480714927518,257.8575395336768,259.0970906351815,100360600
2018-09-21,259.6918029785156,260.78575750232153,259.5317200165653,260.6701329824998,105479700
2018-09-24,258.8291015625,259.25601660965026,258.2510060962114,259.1137115939335,53409600
2018-09-25,258.5889892578125,259.38943125963567,258.3488647998379,259.28270927831363,44370000
2018-09-26,257.81524658203125,259.9141847464246,257.3972340300499,258.7313131778317,79739700
2018-09-27,258.5356750488281,259.6207272917874,258.01094045110614,258.2866480000463,59249500
2018-09-28,258.5623474121094,259.0604014939994,257.8775298349885,257.9130857394722,70091400
2018-10-01,259.46051025390625,260.52775685081343,258.7934709526273,259.79845403402607,62078900
2018-10-02,259.30938720703125,260.0208851700745,258.93586027610115,259.30938720703125,47258200
2018-10-03,259.45172119140625,260.7768978308185,259.0959721701713,260.358885266842,64694600
2018-10-04,257.42388916015625,259.02477312297555,255.840783146468,258.97141213367536,111545900
2018-10-05,255.98306274414062,258.1620419692603,254.56003983967008,257.6462100766158,105951700
2018-10-08,255.98306274414062,256.3388116847822,253.91968088975355,255.29821821295369,87742200
2018-10-09,255.60960388183594,256.9081002124858,255.04928619930556,255.6007284758009,74339000
2018-10-10,247.51614379882812,255.17377232722666,247.1426168317317,255.10260623888726,214731000
2018-10-11,242.06417846679688,248.04972835434208,240.45436497653625,246.43103946135153,274840500
2018-10-12,245.42608642578125,246.43997238862877,242.24206923125192,246.15536234428615,183186500
2018-10-15,244.04754638671875,246.39553877632216,243.95860234615915,245.0703349983781,102263700
2018-10-16,249.38388061523438,249.75743475503074,245.53285038018345,246.00422397212148,118255800
2018-10-17,249.42828369140625,250.05083752922465,246.857945441356,249.4193811470977,110626000
2018-10-18,245.8262939453125,249.09035262690333,244.55447843294348,248.4944520427115,134557500
2018-10-19,245.69285583496094,248.4054719837981,244.99913591592662,246.47551977272352,139901600
2018-10-22,244.590087890625,246.68012357912642,244.05645078512885,246.35995760097512,82415800
2018-10-23,243.3449249267578,244.46556013102136,238.89799429639206,240.97918171628453,146352700
2018-10-24,235.97190856933594,243.47832885220126,235.42049357209595,243.0958722305184,177806700
2018-10-25,240.2053680419922,241.74401565139752,236.78125352573443,237.8040420361195,138061500
2018-10-26,235.9807891845703,241.02362004077827,233.27707512923888,236.50555084001812,201574600
2018-10-29,234.67337036132812,240.35655977032127,231.10695105767994,239.06693924966632,160749100
2018-10-30,238.15086364746094,238.46215415518796,234.01522445024443,234.50440300293118,157116000
2018-10-31,240.69456481933594,243.0069741099624,240.24096922248452,240.71234277026565,128296300
2018-11-01,243.25596618652344,243.4516321862805,240.47218374803228,241.55723572088397,99495000
2018-11-02,241.81512451171875,244.7856699043476,239.76952083310158,244.35875493810283,122634100
2018-11-05,243.14923095703125,243.70064588758427,241.33487607109518,242.3043034718907,65622500
2018-11-06,244.68788146972656,244.8479644418792,243.02473392791143,243.0869974643845,60085900
2018-11-07,249.92636108398438,250.00640256456597,246.43105358048592,246.85796861882702,102752100
2018-11-08,249.47274780273438,250.11310674373306,248.3343349233927,249.12587426965408,65584900
2018-11-09,247.03590393066406,248.35217805236317,245.630658624312,248.1654145619431,98812600
2018-11-12,242.41993713378906,246.7690203554735,241.90407807858057,246.52889591785222,99673600
2018-11-13,241.96633911132812,244.8746213934451,241.24593866399726,242.88240555311336,98176600
2018-11-14,240.31210327148438,244.23427156850525,238.75567780247712,243.83406416161853,125335900
2018-11-15,242.82020568847656,243.28270387403552,237.47501319005792,239.04921696143316,135101400
2018-11-16,243.45169067382812,244.35885481323828,241.21042011236045,241.72627930015418,126668000
2018-11-19,239.33380126953125,243.1403726335023,238.4177346862504,242.84686002553218,103061700
2018-11-20,234.90464782714844,237.46608408810766,234.0419422412269,236.00747788431894,136021300
2018-11-21,235.7051544189453,237.59955163662283,235.69627901218587,236.4522356759883,75563700
2018-11-23,234.130859375,235.5272018784924,233.97077641256175,234.06859584230529,42807900
2018-11-26,237.9107666015625,238.13311311240508,235.98968949085364,236.38102152128923,79981400
2018-11-27,238.711181640625,238.711181640625,236.27427284254324,236.87904876964447,75502400
2018-11-28,244.20755004882812,244.20755004882812,238.6488885933492,239.77842597191955,127629600
2018-11-29,243.6740264892578,245.07034211312993,242.2954616753383,243.43387485858386,82346400
2018-11-30,245.15927124023438,245.71958882183426,243.2026381197173,243.52280408525462,98204200
2018-12-03,248.40548706054688,249.38381704212895,246.81350573887352,249.27709506993918,103176300
2018-12-04,240.35658264160156,248.00530818364757,240.04529209231492,247.57839310389085,177986000
2018-12-06,239.99191284179688,240.10753736347036,233.410461928897,236.50553495236963,204185400
2018-12-07,234.41546630859375,241.21926354147223,233.5794413265767,239.65393555098828,161018900
2018-12-10,234.8601837158203,235.82961126558462,230.01301882509009,234.23760261616204,151445900
2018-12-11,234.91355895996094,238.23985434553188,233.44607729820376,238.0530908610672,121504400
2018-12-12,236.0963897705078,239.24482367435746,236.01634829099115,237.88406423876316,97976700
2018-12-13,236.01634216308594,237.90183601004946,234.90460973993248,237.03913056400617,96662700
2018-12-14,231.6584014892578,234.82461387404103,231.10698644297347,233.87296422091924,116961100
2018-12-17,227.11358642578125,231.81843191650148,225.48600858264535,230.70669952946483,165492300
2018-12-18,226.86460876464844,229.41715610831534,225.26371106517817,228.75011653111562,134515100
2018-12-19,223.4671630859375,230.7067659311748,221.7684458235465,226.94466625050688,214992800
2018-12-20,219.8295440673828,223.7873091985889,217.58828746517864,222.22199466662704,252053400
2018-12-21,215.32533264160156,223.3855045339363,214.6812341608542,220.72860171340417,255345600
2018-12-24,209.6358184814453,215.45058694361018,209.57320499611265,213.84034063943142,147311600
2018-12-26,220.22764587402344,220.22764587402344,209.11696653417636,211.09399387368785,218485400
2018-12-27,221.91839599609375,222.1151909748024,213.76877426318353,216.998207573705,186267300
2018-12-28,221.63211059570312,224.89732089212802,220.469154308551,223.2691930102769,153100200
2018-12-31,223.5734100341797,223.81495043254782,221.3816919791821,223.25136071975757,144299400
2019-01-02,223.80593872070312,224.72736835312008,220.02187048062882,220.0487067791242,126925200
2019-01-03,218.46531677246094,222.36568485027112,217.9822360854176,222.06151737501295,144140700
2019-01-04,225.78297424316406,226.42707273146465,221.11326702808634,221.48898887122783,142628800
2019-01-07,227.56320190429688,228.967685018204,225.1567801850317,226.05135993790628,103139100
2019-01-08,229.70118713378906,230.18426774732734,227.2232115446944,229.7459324926808,102512600
2019-01-09,230.7747039794922,231.61561100018852,229.18235335952744,230.40792306192012,95006600
2019-01-10,231.58883666992188,231.8393179366992,228.56515239927478,229.24504182356054,96823900
2019-01-11,231.67822265625,231.70505895084622,229.9337816062925,230.51525285614454,73858100
2019-01-14,230.26478576660156,231.06990195416668,229.37916069032022,229.78170513390126,70908200
2019-01-15,232.90386962890625,233.2169780367859,230.63162916363206,230.6405836982719,85208300
2019-01-16,233.46742248535156,234.35304766189932,233.12747782757188,233.3332136885603,77636700
2019-01-17,235.23863220214844,236.09744823146917,232.55489353642443,232.5996388944274,96118400
2019-01-18,238.3696746826172,238.83487355099425,235.27443688332207,237.0457143351515,127900300
2019-01-22,235.14920043945312,237.11728664606434,233.53896794342953,236.9025962600359,115531200
2019-01-23,235.64129638671875,236.87582102543777,233.18120164447532,236.1780497905634,86030300
2019-01-24,235.76646423339844,236.34796286693012,234.45143100905162,235.46231041761553,59204100
2019-01-25,237.76141357421875,238.58443898655247,235.86490880279874,237.60932299896712,96883400
2019-01-28,235.95437622070312,236.01697605824288,234.19205292689497,235.62338606355894,85613700
2019-01-29,235.64129638671875,236.6611032836526,234.80934362598626,236.09754087504854,66136300
2019-01-30,239.3716278076172,240.21253492262588,236.3926893728271,237.15308758964215,92473700
2019-01-31,241.4739227294922,241.957003473344,239.09433714733026,239.30905486704737,104012100
2019-02-01,241.59027099609375,242.61010529345495,240.8030362333058,241.67077991950413,85782500
2019-02-04,243.28990173339844,243.35252886814231,240.96398891789138,241.63492373195646,60744800
2019-02-05,244.30970764160156,244.61386144626238,243.21831937762838,243.71928179711728,79552800
2019-02-06,243.9876251220703,244.52437832841062,243.25409061715408,244.03237048116657,58347800
2019-02-07,241.66175842285156,242.92309169804167,240.006780619395,242.37741121874424,95482000
2019-02-08,241.95700073242188,242.0553914066869,239.59529694515285,240.4183223771915,75788900
2019-02-11,242.0911407470703,242.8694206752519,241.56334202911273,242.61001223279428,68021400
2019-02-12,245.20433044433594,245.58003867487145,243.62986124861985,243.7014429213756,72270200
2019-02-13,246.00047302246094,246.84138015886657,245.61581028783473,246.03626385603758,65277200
2019-02-14,245.45480346679688,246.58198272142158,244.10397926802654,244.91805014076567,83234400
2019-02-15,248.12954711914062,248.16533794838358,247.02027711624203,247.22601295848074,97088700
2019-02-19,248.55899047851562,249.21201622764568,247.32446604809505,247.33342058177877,59120800
2019-02-20,249.05996704101562,249.5162114781635,248.0222511901044,248.52321369738445,76610800
2019-02-21,248.17437744140625,248.78268524476772,247.21717035939122,248.42485873104997,64214700
2019-02-22,249.71295166015625,249.90973295511063,248.1563646603763,248.7915085043155,78114600
2019-02-25,250.0529022216797,251.6542074923286,249.97239332656173,251.13536329032226,69030700
2019-02-26,249.87400817871094,250.75067881182883,249.4982726927991,249.70403585179915,56844100
2019-02-27,249.76670837402344,250.1155803239667,248.2280299194689,249.1583733195915,56921600
2019-02-28,249.30137634277344,249.99021994115395,248.97934086851467,249.5518574784401,69268300
2019-03-01,250.8580780029297,251.2695770643132,249.4267448715506,250.87595977067375,78880500
2019-03-04,249.94557189941406,252.1551849315805,247.65544996733956,251.9136582318563,106494600
2019-03-05,249.60562133789062,250.26762888884477,249.05994081793222,250.0708202602486,59114600
2019-03-06,248.09381103515625,249.730907404324,247.77177540211915,249.72195286993642,75039800
2019-03-07,246.0184326171875,247.78968338711277,245.1775253080747,247.64654732381564,94885100
2019-03-08,245.52638244628906,245.69635480490905,243.7014591754392,244.16663087774018,85795800
2019-03-11,249.0867156982422,249.24773345455228,246.21512317578097,246.24195946849932,65098900
2019-03-12,250.02603149414062,250.54490292510243,249.45351477422585,249.64136883696645,79667500
2019-03-13,251.68112182617188,252.61149262556714,250.7507510267766,250.91179616735096,80639200
2019-03-14,251.52005004882812,252.12835773703998,251.08171470002955,251.7079041553978,67518400
2019-03-15,252.76266479492188,253.57132732931038,251.88210530332043,252.0708142505132,81309000
2019-03-18,253.67916870117188,253.9756956908309,252.75369409159345,252.97832411741985,62199800
2019-03-19,253.74203491210938,255.50312638155242,252.85250891337472,254.7394063409619,90268100
2019-03-20,252.97837829589844,254.73050384084684,251.87321588136902,253.52648993504164,84609200
2019-03-21,255.8356170654297,256.23993462503853,252.11573099309788,252.1606734468245,79550400
2019-03-22,250.9116973876953,254.99995221393374,250.84879440990014,254.4788227052167,122659300
2019-03-25,250.7230987548828,251.75639156038153,249.46517588642084,250.57033824697652,85575200
2019-03-26,252.59202575683594,253.54445509403368,251.19033626357648,252.4752137289537,68125900
2019-03-27,251.27117919921875,253.16707116109836,249.7257232922533,252.58301106957472,72224700
2019-03-28,252.2235870361328,252.67284711720208,250.75002822896835,251.90013293967937,56238500
2019-03-29,253.81396484375,254.13741891416976,252.60995121387023,253.73310132614503,82186800
2019-04-01,256.8240051269531,257.12053213515975,255.53912787981554,255.8087003800633,77617900
2019-04-02,256.9498596191406,257.18348367932794,256.1591573421968,257.0127626231394,40070400
2019-04-03,257.354248046875,258.55826220006344,256.7522272599463,258.162910995056,68243200
2019-04-04,258.0370178222656,258.2886023749723,256.98576457085767,257.67761523563604,48997500
2019-04-05,259.2860107421875,259.33991976678186,258.4144449503601,258.70197802863925,58621700
2019-04-08,259.4835510253906,259.591369018369,258.2076407936316,258.8635701451157,53566300
2019-04-09,258.15374755859375,258.84559800287843,257.6056635872743,258.522144004195,66142300
2019-04-10,259.0344543457031,259.1243118700279,258.153894480387,258.567206187481,52601500
2019-04-11,258.9625244140625,259.5285965825624,258.3964522455626,259.5196026050741,55093100
2019-04-12,260.714599609375,260.9931386511058,259.0074168766403,260.57083310063365,69727800
2019-04-15,260.5439147949219,260.88535687304153,259.74421862030886,260.7865053880093,49596700
2019-04-16,260.714599609375,261.47834719052565,260.12157304356356,261.4244381773299,52153200
2019-04-17,260.07666015625,261.8557124477344,259.6633211574548,261.8287579409137,58268300
2019-04-18,260.58880615234375,260.858378651933,259.36683190031505,260.66070312049783,68708500
2019-04-22,260.81341552734375,260.9661760070736,259.7352078763909,259.8250653691345,40160100
2019-04-23,263.1585388183594,263.39216279015545,260.94818732275957,261.1817838739017,52246600
2019-04-24,262.5745849609375,263.41020222021825,262.4308184291265,263.07775411194496,50392900
2019-04-25,262.41278076171875,263.06871029746924,261.22675508512435,262.47568374884355,57770900
2019-04-26,263.63482666015625,263.70669621419734,261.68502567610466,262.45776734051964,50916400
2019-04-29,264.048095703125,264.56925271334455,263.6347841375647,263.7246416311188,57197700
2019-04-30,264.18292236328125,264.4704554333061,262.29605171531756,263.7067077125926,81111700
2019-05-01,262.19720458984375,265.018571472677,262.18821061229863,264.8119019337827,71671900
2019-05-02,261.63104248046875,262.9968104059952,260.13949601586444,262.0803024726753,65030200
2019-05-03,264.1919250488281,264.4704641506386,261.7389547366939,263.1047231539981,56543700
2019-05-06,263.10467529296875,263.54494138916215,259.58246426144535,259.8969517961515,107198100
2019-05-07,258.7108459472656,261.2985878238254,256.8059880160905,260.705561358726,144729900
2019-05-08,258.35150146484375,260.0586842910349,257.75847486656824,258.35150146484375,91568300
2019-05-09,257.5697937011719,258.1717868559465,254.5507516890629,256.2849164466201,103471100
2019-05-10,258.8636169433594,259.61837045130414,253.65218450185358,256.6352774765789,112429300
2019-05-13,252.3582763671875,254.72138800173758,251.52265947288163,253.7599925849476,127290500
2019-05-14,254.640625,256.168120343081,253.24792962651986,253.37370819864339,77003200
2019-05-15,256.1321716308594,256.7701133090534,252.8076358497461,253.0143053717125,73956400
2019-05-16,258.5042419433594,259.8609886388919,256.76111076781007,256.83298031022184,76749600
2019-05-17,256.8330383300781,259.3129631236966,256.18610261959776,256.2040905747572,100353000
2019-05-20,255.1348114013672,256.9408182840054,254.3890243100717,255.23363545743854,62877600
2019-05-21,257.43505859375,257.8124217622232,256.57245936734176,256.8240439532116,46847100
2019-05-22,256.64434814453125,257.59677743350494,256.1681335000444,256.482621077497,49482500
2019-05-23,253.50852966308594,254.46992554081373,252.09784621636211,254.4250104942458,98733800
2019-05-24,254.08348083496094,255.35939128162846,253.46349985025927,254.94605234472476,55268100
2019-05-28,251.7204132080078,255.31449378901283,251.70245267653993,254.36206462869922,70029400
2019-05-29,250.03115844726562,251.01054198780503,248.62946939652528,250.6062244273925,104972900
2019-05-30,250.71408081054688,251.62159495277587,249.61788511125124,250.78595035873343,62523800
2019-05-31,247.3355255126953,248.99779255987423,247.3085710166069,248.1711697327309,86862800
2019-06-03,246.70669555664062,248.48574798655588,245.37687580180707,247.37159172372733,96428000
2019-06-04,252.0618133544922,252.19658586974714,248.5485968800239,248.99785687797655,77231900
2019-06-05,254.24526977539062,254.2722242847403,251.87319069063545,253.67919765838639,71169700
2019-06-06,255.89849853515625,256.5723885707165,253.8948163786434,254.54175190960748,69430400
2019-06-07,258.45941162109375,259.53764716967174,256.7432342069528,256.9139552924888,74272200
2019-06-10,259.64532470703125,261.3075921861058,259.5554672231737,260.0047272218072,60799100
2019-06-11,259.5824279785156,261.8287280257867,258.9354924680753,261.46033152755564,58641300
2019-06-12,259.1242370605469,259.9059451972257,258.61207399835774,259.3488670961745,47096300
2019-06-13,260.1933898925781,260.5528198019677,259.33081843547797,260.03166288574414,48945200
2019-06-14,259.90594482421875,260.50793796326803,259.1421972200491,259.90594482421875,52324700
2019-06-17,260.0047302246094,260.7684777152376,259.83400922950466,260.13950274162505,39205700
2019-06-18,262.72723388671875,263.7785143172778,261.46031743785153,261.8197473625696,85434800
2019-06-19,263.3203430175781,263.85046667610106,261.8916991065089,262.86208891416766,78674400
2019-06-20,265.8361511230469,266.240496147716,263.3832087300726,265.9979055853094,116570000
2019-06-21,265.4497375488281,266.82212083031214,265.2330527028107,265.5671176917623,83309500
2019-06-24,265.1246337890625,265.97332504245077,264.97113036473775,265.65733558451575,47582700
2019-06-25,262.5242919921875,265.2058762592589,262.415949606288,265.178790662784,82028700
2019-06-26,262.2626037597656,263.9239189677239,262.1542613087731,263.418302493738,51584900
2019-06-27,263.19244384765625,263.6980600603321,262.6416941550696,263.020892537568,40355200
2019-06-28,264.54681396484375,265.04339252576335,263.65296153358025,264.1675879780534,59350900
2019-07-01,266.948486328125,268.08613665460155,265.74762708261784,267.86942429707057,78705600
2019-07-02,267.64373779296875,267.69790900113674,266.06367992868246,266.9033612093092,61504500
2019-07-03,269.78363037109375,269.80170581299336,268.1764866215848,268.32095238664516,40898900
2019-07-05,269.47662353515625,269.63916472557844,267.2645588956779,268.5556853748782,51677300
2019-07-08,267.995849609375,269.2960135747465,267.454110031467,268.1674009349462,45841800
2019-07-09,268.32989501953125,268.6278366109929,266.7859607557403,266.8401319541879,41101300
2019-07-10,269.61199951171875,270.56005064904815,268.8626128525521,269.3953147050236,58448500
2019-07-11,270.2441101074219,270.4878805839635,269.2419150387237,270.25314782826575,50826100
2019-07-12,271.4539489746094,271.5261956250817,270.42466841458145,270.73164779402924,40326000
2019-07-15,271.5442199707031,271.8873226456437,271.03860367732375,271.8873226456437,33900000
2019-07-16,270.66845703125,271.66164188673037,270.3614776311971,271.45396719521267,36650100
2019-07-17,268.8265075683594,270.8038392241641,268.8265075683594,270.64132560824015,36036300
2019-07-18,269.8106689453125,270.18989495674094,267.8875359461371,268.3299433311183,51392600
2019-07-19,268.3118896484375,270.93026568631416,268.1403383081677,270.903180082799,58678600
2019-07-22,268.9709777832031,269.5127173993327,268.19450545816716,268.7091319171699,43638100
2019-07-23,270.8940734863281,270.8940734863281,269.2598448637148,270.0905157503431,44564500
2019-07-24,272.167236328125,272.167236328125,270.04543875193104,270.13573328679485,47213200
2019-07-25,270.8670654296875,271.76995564778645,270.0634799096485,271.71578443902234,55394100
2019-07-26,272.6819152832031,272.8805522564363,271.42688450822385,271.55330237938404,45084100
2019-07-29,272.1852722167969,272.68187835964795,271.6345224202421,272.56449822490094,38126500
2019-07-30,271.51715087890625,271.9234625037329,270.4065859773304,270.7858119974368,45849000
2019-07-31,268.54656982421875,271.9504828061591,266.53314273076955,271.76085606462857,104245200
2019-08-01,266.2081604003906,271.65258755474997,265.4136125645929,268.70014633011544,142646600
2019-08-02,264.2037658691406,265.5581013739478,262.650793388134,265.314330902532,116749700
2019-08-05,256.2583312988281,260.2220053837113,254.36225615994783,260.1136629564653,178745400
2019-08-06,259.8517761230469,260.0684884974278,256.67361269034296,258.1453280546701,120711700
2019-08-07,260.0053405761719,260.7728029003708,254.65120730275834,256.78201534695285,140572300
2019-08-08,265.10662841796875,265.10662841796875,260.94431762874206,261.4950674503696,87713900
2019-08-09,263.3008728027344,264.76355072411707,261.52217775603447,264.167639801697,93730000
2019-08-12,260.0956115722656,263.2918233491414,259.1475602385619,261.80205988649254,65527600
2019-08-13,264.1405334472656,265.58516336808646,259.4545308129541,259.79763351897674,94299800
2019-08-14,256.33056640625,260.7005524202266,256.20417608457865,260.09563131231886,135622100
2019-08-15,257.00762939453125,257.9015092187599,254.96711675980208,257.2153040110724,99556600
2019-08-16,260.7997741699219,261.23314372232244,257.06179645637553,258.65992934289835,83018300
2019-08-19,263.94189453125,264.6190622184229,263.13833653723043,263.81550422440336,53571800
2019-08-20,261.9195251464844,263.9690768444207,261.79313479333337,263.43637470849984,51596400
2019-08-21,264.0502624511719,264.4204232030708,263.39114265467236,264.077348056287,49524700
2019-08-22,263.96893310546875,265.38647715768724,262.1992762467483,264.7544706280108,51666400
2019-08-23,257.18829345703125,264.33015864750445,255.94230050225514,262.6688438924776,149161500
2019-08-26,260.0323791503906,260.0323791503906,257.8473727295932,259.37325938101276,72423800
2019-08-27,259.01220703125,261.793125348652,258.2537822776039,261.4229369175807,66668900
2019-08-28,260.8359680175781,260.99848164367427,257.5494344017355,258.3530199208042,59696700
2019-08-29,264.1675109863281,264.69120255097897,262.38881680696863,263.3910389095176,57899400
2019-08-30,264.0502624511719,265.66641614641384,263.12028660352104,265.64836826101157,62901200
2019-09-03,262.5062255859375,263.2646498673304,261.17897620499605,262.3527497186402,69101400
2019-09-04,265.4858703613281,265.5039182477998,263.9238602297381,264.6732746057014,46887300
2019-09-05,268.8988342285156,269.81073482523794,265.4497861761174,267.9688581886312,83258100
2019-09-06,269.10638427734375,269.74745608960535,268.537586657619,269.2147542351201,49584300
2019-09-09,269.24188232421875,270.18086834097136,268.3028687534425,270.0906013596085,51260300
2019-09-10,269.17864990234375,269.2418588270002,267.22840383509777,268.4834068391647,57947100
2019-09-11,271.09283447265625,271.17409129973674,268.8356085403277,269.48569071099945,68821100
2019-09-12,272.03173828125,273.08810416057753,271.2371906654044,271.995614965798,72908700
2019-09-13,271.8512268066406,272.8263637238987,271.4810384912023,272.4742232943265,62104800
2019-09-16,271.0115966796875,271.89643922675583,270.37055218501104,270.7226651270901,58191200
2019-09-17,271.6977233886719,271.78799036288956,270.6413297609149,270.8128810983628,41475500
2019-09-18,271.8601989746094,271.96854137173096,269.27791910913567,271.30942171721796,73375800
2019-09-19,271.8421630859375,273.2416593963996,271.5080981282079,272.2484746882701,76560500
2019-09-20,270.5577697753906,272.7256557739762,269.7686322549902,272.44444179650503,89565000
2019-09-23,270.4942932128906,271.21087820036234,269.64165479267564,269.89563042755236,43476800
2019-09-24,268.371826171875,271.97285532348826,267.4103448279325,271.58282618385135,94869400
2019-09-25,269.95916748046875,270.4036179808236,266.97493260928337,268.4534446997761,71854000
2019-09-26,269.3967590332031,270.17681716965757,267.99082742388725,269.9682111328825,56179700
2019-09-27,267.9454650878906,270.2584842358922,266.394400547626,270.1496138053091,84746600
2019-09-30,269.1881103515625,269.8956158448682,268.4171317139182,268.4624736286267,51662400
2019-10-01,265.9862976074219,270.7211524854735,265.768612039187,270.0680680994913,88242400
2019-10-02,261.28759765625,264.41696448642426,259.99958846909385,264.4078850320209,122539500
2019-10-03,263.4283752441406,263.455585936669,258.3488337490657,261.0609342690708,85278800
2019-10-04,266.9930419921875,267.2470176140269,264.0269389043035,264.0813879558739,65091200
2019-10-07,265.8410949707031,267.81850652842235,265.5599086250279,266.19486160761295,59610500
2019-10-08,261.7140197753906,264.7254656083408,261.677729624761,263.9907492254181,95708100
2019-10-09,264.19927978515625,265.13355020756165,263.10174525349936,263.72761868689645,62359400
2019-10-10,265.9862976074219,266.86614702074127,263.9544918204895,264.11775599666566,55296300
2019-10-11,268.74371337890625,270.97507304287916,268.6167393837116,268.7346339216523,98720400
2019-10-14,268.4443359375,269.09742004492904,268.0996488139588,268.42617702704035,40394800
2019-10-15,271.10211181640625,271.8459076999341,269.369623801432,269.48754603678105,46754500
2019-10-16,270.6666564941406,271.35603084525394,270.2312854776649,270.6394458056109,48928200
2019-10-17,271.46490478515625,272.33567459941145,270.77553035484783,271.8277232343232,45736600
2019-10-18,270.276611328125,271.5737002063706,269.4239728965291,270.9296954952778,64304000
2019-10-21,272.10888671875,272.3084410011963,271.15648490964367,271.59188362078226,39048600
2019-10-22,271.2198791503906,272.93420726927076,271.12916766106264,272.64394157592534,48594700
2019-10-23,272.0091247558594,272.0635461348605,270.75737767629226,270.9660114166438,34352200
2019-10-24,272.4536437988281,273.0885969553007,271.6282157679249,272.9434640143562,35453100
2019-10-25,273.5691833496094,274.11342465074256,271.8276167222357,271.88203808422276,45205400
2019-10-28,275.11126708984375,275.6101666626339,274.75752810961376,274.7847388004007,42147000
2019-10-29,275.0295715332031,275.9547901689378,274.7120950931229,274.8390967416614,44284900
2019-10-30,275.8731689453125,276.24503908773704,273.9229683145181,275.22913658461215,49643900
2019-10-31,275.1385192871094,275.86418395301934,273.6872453178426,275.86418395301934,69053800
2019-11-01,277.687255859375,277.73259776958525,276.41735019832123,276.58064197385863,71141500
2019-11-04,278.8030700683594,279.3745223840586,278.4311720901856,279.23846889967274,60606900
2019-11-05,278.4945983886719,279.30189498204095,278.2043325788355,279.0025497152499,42933200
2019-11-06,278.5580139160156,278.83012072860964,277.61466416358525,278.4945130993228,46487100
2019-11-07,279.5376892089844,280.87106825413883,279.06602806695554,279.89145582645773,54272300
2019-11-08,280.22698974609375,280.281411106565,278.4945026210623,279.1929285346173,49032100
2019-11-11,279.6918640136719,279.8642075711623,278.71222403622494,278.8483051362286,35797300
2019-11-12,280.281494140625,281.17947453569053,279.5104877305214,280.05472917772806,46484600
2019-11-13,280.3721923828125,280.77130091310977,279.0660240438884,279.29278899604503,53917700
2019-11-14,280.78033447265625,280.8619942096514,279.45603498872856,280.090987886083,51219900
2019-11-15,282.81219482421875,282.85753674364037,281.4243943784293,282.11374103249324,62023600
2019-11-18,283.0209045410156,283.2567490434442,282.122923829891,282.5764539153123,49228000
2019-11-19,282.9391174316406,283.62849164179835,282.2951128139359,283.6194121870548,67804700
2019-11-20,281.8869323730469,282.86657234836355,280.3358680402715,282.3495416770167,79406200
2019-11-21,281.4334411621094,282.10468425402297,280.6352517705745,281.9958415043259,54664700
2019-11-22,282.05926513671875,282.3132407351811,281.0524421975064,282.17718732194487,44850200
2019-11-25,284.2453308105469,284.2453308105469,282.98453205746335,282.98453205746335,48647200
2019-11-26,284.8893127441406,285.07073576578375,283.9641217688007,284.2815982160428,37569000
2019-11-27,286.1592102050781,286.1592102050781,285.15235952241426,285.37004499703744,44444600
2019-11-29,285.0979309082031,285.84172650261706,284.87116598414514,285.5968026686247,36592700
2019-12-02,282.6760559082031,285.41536582716174,282.24973680572754,285.35186501415745,75767800
2019-12-03,280.78033447265625,280.8619942096514,278.5852653796921,279.9639862341054,73941700
2019-12-04,282.5128479003906,283.11151071206064,281.4788140847929,281.82350125041523,49080000
2019-12-05,283.0209045410156,283.22953834557006,281.71473568050004,283.2114071074139,40709000
2019-12-06,285.60589599609375,286.00500449632267,284.9165217354681,284.9256011908763,48927000
2019-12-09,284.70794677734375,285.88711349587976,284.63536648869166,285.21589807283027,34838500
2019-12-10,284.3905029296875,285.31569410664116,283.73741866322825,284.6535580640139,52649800
2019-12-11,285.19775390625,285.4517295424743,284.30882533883084,284.84398729797243,53429100
2019-12-12,287.6558532714844,288.43591134323987,284.9709642525427,285.2067809563498,96389600
2019-12-13,287.82818603515625,289.05272214678655,286.64899183529326,287.4199981041912,81503900
2019-12-16,289.80560302734375,290.39518635483904,287.7647184989822,289.5516273932872,82749700
2019-12-17,289.8691101074219,290.4859041346796,289.78747804627915,290.1865865771561,61097700
2019-12-18,289.8872375488281,290.4859003373177,289.8328161754444,290.25913538779594,48133000
2019-12-19,291.07550048828125,291.14808077783215,289.823753465592,290.07772911648044,85310500
2019-12-20,292.3516540527344,293.4819293110863,291.1302212825293,292.10552598899403,147142100
2019-12-23,292.79833984375,293.1902866127409,292.6524933632802,293.1355976597362,52990000
2019-12-24,292.8074035644531,293.0717241770153,292.5065865675843,293.0261593313642,20270000
2019-12-26,294.3660888671875,294.3752129631039,293.18112472741444,293.1902210059652,30911200
2019-12-27,294.2931823730469,295.1500129574212,293.7645132848047,295.0953240109606,42528800
2019-12-30,292.6706848144531,294.5119721081925,292.18758056574677,294.37524973919426,49729100
2019-12-31,293.3816223144531,293.62775035689424,291.82293192090606,292.16931374555315,57077300
2020-01-02,296.12530517578125,296.1435533670269,293.9923531023892,294.9129966046256,59151200
2020-01-03,293.8829650878906,295.0041439336054,292.688876931802,292.74356586892327,77709700
2020-01-06,295.00408935546875,295.0861227459739,292.0142796533682,292.13278160099514,55653900
2020-01-07,294.1747131347656,294.9130417417363,293.7280496413541,294.43903377463585,40496400
2020-01-08,295.7424621582031,296.95477064555246,294.11995883928836,294.3660590478099,68296000
2020-01-09,297.7477722167969,297.820709338136,296.71775096243204,297.3011366636997,48473300
2020-01-10,296.8909912109375,298.48615024274386,296.4261352089056,298.33120751452185,53029300
2020-01-13,298.9327697753906,298.94186605271307,297.082386683004,297.510801872737,47086800
2020-01-14,298.4769592285156,299.54342106499274,297.92091807745555,298.49517959741576,62832800
2020-01-15,299.15155029296875,299.90809914567166,298.30384393795646,298.38587734482564,72056600
2020-01-16,301.6400146484375,301.6400146484375,300.30008000636747,300.52795985830204,54050300
2020-01-17,302.5788879394531,302.7885196066415,301.57621099627295,302.3510080804288,95846000
2020-01-21,301.986328125,302.78846954692693,301.5488166711206,301.6217259743135,77742400
2020-01-22,302.0227966308594,303.49035714511143,301.867853930092,302.84315842409643,48914900
2020-01-23,302.3692321777344,302.77942705597485,300.2636244798141,301.37567931823935,51963000
2020-01-24,299.6802062988281,303.1075279519649,298.39496067890184,303.0254945486543,87578400
2020-01-27,294.87640380859375,296.3530601744167,294.1107311676986,294.44798875528124,84062500
2020-01-28,297.9666442871094,298.8416952816207,294.9677371260553,296.2985479035743,63834000
2020-01-29,297.7205505371094,299.5527139776609,297.5200150967636,299.32483405987585,53888900
2020-01-30,298.6866149902344,298.89627442765044,294.9129398382602,295.66036446661803,75491800
2020-01-31,293.2631530761719,298.2218209474655,292.35163365596884,298.06685040639036,113845600
2020-02-03,295.44158935546875,297.30109625380913,294.6212276647578,294.73972960780577,69083000
2020-02-04,299.944580078125,300.8105346597248,298.7231473854342,299.0421847479902,62573200
2020-02-05,303.40826416015625,303.61792358805616,301.41206272649225,302.8704711762649,65951100
2020-02-06,304.42919921875,304.6206104661579,303.3535853975724,304.365386197161,50359700
2020-02-07,302.8067321777344,304.4383317479117,302.25981501693957,303.3718697108561,64139400
2020-02-10,305.06732177734375,305.1311348147873,301.88612780958465,301.9225963763189,42070000
2020-02-11,305.5960693359375,307.20032491265226,305.0673723913546,306.41643141068727,54864500
2020-02-12,307.5649108886719,307.7745425630313,306.66248770025715,307.02708992369514,43992700
2020-02-13,307.23675537109375,308.202963799749,305.86947614367216,306.1429208622096,54501900
2020-02-14,307.7289733886719,307.84747536853007,306.4528517159032,307.64693997585454,64582200
2020-02-18,306.9359130859375,307.79274347896046,305.550385905375,306.7353777212436,57226200
2020-02-19,308.40338134765625,309.07789660720476,307.61948824248975,307.902056949455,48814700
2020-02-20,307.136474609375,308.67694462905206,304.1557883522253,307.85655491074664,74163400
2020-02-21,303.9734802246094,306.09730805211063,303.1530905628107,305.78739481387316,113788200
2020-02-24,293.8921203613281,304.04643281297626,292.81650624331786,294.5484154937722,161088400
2020-02-25,284.9864501953125,295.88821119223576,284.11139962009605,295.2775089533604,218913200
2020-02-26,283.93829345703125,289.9634233462724,283.2090890630601,286.3811587759355,194773800
2020-02-27,271.18609619140625,283.99293030133657,271.18609619140625,278.43265741082325,284353500
2020-02-28,270.0467224121094,271.5325033532073,260.27523419743306,263.155638584235,384975800
2020-03-02,281.74151611328125,281.80532914475464,268.40598340350584,271.8241810091955,238703600
2020-03-03,273.6745910644531,286.07126116142535,271.24084970802795,282.1152700822015,300139100
2020-03-04,285.17791748046875,285.3967010302959,276.4911395839047,279.0342862432625,176613400
2020-03-05,275.6981506347656,281.17639114422417,273.46494478951723,277.995197331708,186366800
2020-03-06,271.14056396484375,272.3437762979566,264.55029623787203,267.2119174164198,228667200
2020-03-09,249.9659423828125,259.04466663052983,249.2549584564978,250.94124687205388,309417300
2020-03-10,262.900390625,262.9915202948296,249.3005113667445,259.4548490211814,276444100
2020-03-11,250.0843963623047,256.99372753135424,246.91232732401264,255.86345261585788,255316300
2020-03-12,226.15707397460938,243.06576125881952,225.76511340861424,233.3489613279396,392220700
2020-03-13,245.4904327392578,247.45931815181189,226.53082479595767,239.8116563713259,329566100
2020-03-16,218.62794494628906,234.16934039210489,216.35825651592697,219.84025357126822,297240000
2020-03-17,230.43211364746094,233.5039435706242,216.0939169725968,223.35871400097514,262070500
2020-03-18,218.7646484375,226.39406110097966,207.8446502974257,215.34645080566406,327597100
2020-03-19,219.22950744628906,225.49165465544974,211.6730183757266,218.08099810602204,289322000
2020-03-20,209.78199768066406,224.14949538908877,209.50693107809147,222.37074721498362,347158800
2020-03-23,204.4182586669922,210.58885308857097,200.1180920586079,209.22271174158334,326025200
2020-03-24,222.939208984375,223.81025556170377,214.3663954320049,214.9348561536564,235494500
2020-03-25,226.2766876220703,235.04206747049008,219.8218620415987,224.51628064557806,299430300
2020-03-26,239.4888916015625,240.95587614121874,228.34879937507776,228.77973377835932,257632800
2020-03-27,232.3555450439453,239.13128235143066,230.18254563117415,232.21801874837786,224341200
2020-03-30,239.90145874023438,240.61662346155654,232.45640344110245,234.44602980585432,171369500
2020-03-31,236.3256378173828,241.44181196172076,234.92281361805342,238.90206639274638,194881100
2020-04-01,225.6898193359375,236.2431083425227,223.62684104588152,227.36771002403904,189554600
2020-04-02,230.89772033691406,231.67705936295383,224.25950903784965,224.80964222485147,177660400
2020-04-03,227.560302734375,232.2638985790031,224.83716977069236,229.9166755402143,135561200
2020-04-06,242.8446502685547,244.80678550079665,227.5419457283824,236.40816732964865,188061200
2020-04-07,243.09222412109375,252.16932399949252,242.87218203318542,251.41747622455648,201427200
2020-04-08,251.25247192382812,253.05872554058368,243.202271556666,245.68700700539043,153774500
2020-04-09,255.0758514404297,257.8264895451894,252.57276069196072,254.50736272812495,189999200
2020-04-13,252.74696350097656,254.44319588474661,248.8502262862596,254.10395500418002,114839100
2020-04-14,260.2012023925781,261.21892505517496,252.60944238232008,257.6247736197147,134143400
2020-04-15,254.67239379882812,260.338700945521,252.56355469912342,254.49818449986756,121775000
2020-04-16,255.90101623535156,256.75370726229335,252.83864275488824,255.94684900762073,131798300
2020-04-17,262.8143005371094,263.4194162623719,258.9267132107058,261.65902364519036,146684800
2020-04-20,258.18402099609375,262.95180422099605,257.9639789331066,259.1192277447229,100109300
2020-04-21,250.34478759765625,254.92918511748837,249.40955259580767,253.7280752057677,126385700
2020-04-22,255.90101623535156,257.6430812956117,253.89304834549813,255.21335676570135,92951600
2020-04-23,255.8826904296875,260.33873886010645,255.58013253954968,257.17549374033564,104709700
2020-04-24,259.4493713378906,260.11870338954105,255.35091919954365,257.39557038512345,85063200
2020-04-27,263.19024658203125,264.30884067979105,260.9622361353189,261.42067588061485,77896600
2020-04-28,261.9799499511719,267.1786402598977,261.67736409264813,266.8302216256885,105270000
2020-04-29,268.8381652832031,270.36936598916276,266.27091449702925,267.2978148114988,118745600
2020-04-30,266.33514404296875,268.93907823852754,264.60222850800403,267.4628878219718,122901700
2020-05-01,259.28424072265625,266.500074545607,258.1197863928959,261.5947659120055,125180000
2020-05-04,259.9994812011719,260.30203907180845,255.92853469244014,257.4046969992286,80873200
2020-05-05,262.40167236328125,265.2073206037957,260.12780177122573,262.8142792143297,79569900
2020-05-06,260.62298583984375,264.48304052192884,260.1920513755059,264.09796681903833,73632600
2020-05-07,263.7678527832031,265.6933050734505,263.2635803176103,263.8320410550969,75250400
2020-05-08,268.1322326660156,268.5998501465137,265.76666797978606,266.89443979354115,76452400
2020-05-11,268.18719482421875,269.56251377203523,265.7849755389823,266.2067321816507,79514200
2020-05-12,262.84185791015625,269.7826144420416,262.7043036007516,269.37003545665283,95870800
2020-05-13,258.1932373046875,263.31858964743844,255.7726623265701,262.2825114779081,144721100
2020-05-14,261.2831115722656,261.41146013220174,250.29888679853764,255.7635079143885,121977900
2020-05-15,262.4842529296875,262.53008571070245,257.954866120157,258.89925085277906,111146300
2020-05-18,270.4794616699219,272.0840008493197,268.37064994080464,268.6915353919301,119703800
2020-05-19,267.7012634277344,271.58882289589167,267.6829359139752,269.88344074536735,95189300
2020-05-20,272.2490234375,273.11089240666524,271.0020807473539,271.2313006225374,85861700
2020-05-21,270.369384765625,272.92748596370774,269.278296110494,272.1206276660374,78293900
2020-05-22,270.8828430175781,271.0570523361643,268.8473696991475,270.08516244349306,63958200
2020-05-26,274.2203063964844,277.0718161691973,270.90120710948116,276.83341854716673,88951400
2020-05-27,278.3004150390625,278.33709805129075,272.1939946167621,277.00761167218025,104817400
2020-05-28,277.78692626953125,281.3352447299404,277.1175942986496,279.3272767982314,90405200
2020-05-29,279.0248107910156,279.61159919376445,274.57793906783326,277.3194001592318,119090800
2020-06-01,280.1524658203125,280.7576095309241,277.86944526100126,278.38289544316814,55758300
2020-06-02,282.4722595214844,282.51812029080867,279.7399761761647,281.06943482955415,74267200
2020-06-03,286.2313537597656,287.1849160018017,284.17755322085765,284.4526057998422,92567600
2020-06-04,285.4795837402344,286.98327953028644,283.3890996283888,285.2503638684051,75794400
2020-06-05,292.7962341308594,294.56580447547407,290.79744395981476,290.86163222663976,150524700
2020-06-08,296.33544921875,296.52798606844794,293.062182869184,293.60313838658124,73641200
2020-06-09,294.12579345703125,296.4088145420949,292.81463445829365,293.67650345846687,77479200
2020-06-10,292.48455810546875,295.5927930158741,291.76939322056137,294.7034187889176,95000800
2020-06-11,275.62310791015625,286.2039042091924,275.07300264511355,285.57125517345406,209243600
2020-06-12,278.9238586425781,283.38905659074294,273.7801789307393,282.6188812960742,194678900
2020-06-15,281.5277099609375,282.655481301027,272.07468889672293,273.24829299838217,135782700
2020-06-16,286.94659423828125,289.4038525103005,282.0963219351536,289.2571484357814,137627500
2020-06-17,285.7545166015625,288.25760638064406,285.02099660247217,287.9641983810079,83398900
2020-06-18,285.8646240234375,286.34139118127837,283.78331810749904,284.2417577526698,80828700
2020-06-19,284.23095703125,289.5169952642536,282.2878135586834,289.323611161699,135549600
2020-06-22,286.0543518066406,286.4503381503588,282.49041850503755,283.6323430698322,74649400
2020-06-23,287.3712463378906,289.6274972240298,286.9660418676936,288.69736494870455,68471200
2020-06-24,280.040771484375,285.95305250280444,278.20816137818287,285.3360276763805,132813500
2020-06-25,283.04296875,283.3100417218154,277.45301313177083,279.46981736237365,89468000
2020-06-26,276.3203125,282.15893364058905,275.7401601235611,281.94711324330086,127961000
2020-06-29,280.3814697265625,280.51960120631884,275.2888164097337,277.572693256611,79773300
2020-06-30,283.9730529785156,285.667559621828,279.7921232790596,279.9486629348006,113394800
2020-07-01,285.96221923828125,287.2238950877985,284.62691073499315,285.08736775765794,72396500
2020-07-02,287.5369873046875,290.7325599973722,286.87392810290646,289.3880053272748,69344200
2020-07-06,291.97576904296875,292.55594935283244,290.6036161923204,291.34955427526955,61713800
2020-07-07,288.9644470214844,292.408657022588,288.5868688394488,290.43791531370204,82910000
2020-07-08,291.1745910644531,291.2850962513282,287.96982822881216,289.7287492933504,54638600
2020-07-09,289.51690673828125,292.0217935870357,286.10951418011626,291.782346987709,83354200
2020-07-10,292.4731140136719,292.74018697945144,288.02511114921197,289.45251680342045,57550400
2020-07-13,289.9406433105469,297.1882340667077,289.2868020526864,294.81228763297554,102997500
2020-07-14,293.69793701171875,294.47150148289853,287.3251990766644,288.5223761645233,93657000
2020-07-15,296.396240234375,297.4921303782736,294.0202658653574,296.91194993690715,87196500
2020-07-16,295.4200744628906,295.87131342816184,293.85450907927094,294.4991602617193,54622500
2020-07-17,296.27655029296875,297.059333070297,294.45312985797676,296.42389995374253,62774900
2020-07-20,298.67095947265625,299.4168978746428,295.26356501354775,296.0095034155343,56308800
2020-07-21,299.3062744140625,301.07441359288947,298.3208896684092,300.6323928502155,57292200
2020-07-22,301.00994873046875,301.323084234717,298.8366050924752,298.94711028029644,57792900
2020-07-23,297.4184265136719,301.3507479273714,296.05549155599056,300.65084417889534,75738000
2020-07-24,295.50286865234375,296.52506963264034,294.0017744381239,295.56733937292,73766600
2020-07-27,297.6578674316406,297.83284336537673,295.4016165623497,296.19361733148213,48293000
2020-07-28,295.77001953125,298.04467867981947,295.47532024869815,296.9303522871835,57495000
2020-07-29,299.4075622558594,299.96933442324314,296.60797576059025,296.64482019059875,48454200
2020-07-30,298.33935546875,298.7537780991364,294.36102749576685,296.44227447076116,61861700
2020-07-31,300.6968688964844,300.7981840639859,295.9173223565921,300.12590663768805,84986800
2020-08-03,302.7873229980469,303.5516692549566,301.811156402926,302.3544922923563,53077900
2020-08-04,303.95697021484375,303.95697021484375,301.9309475225113,301.9309475225113,41917900
2020-08-05,305.8447570800781,306.1026399985558,304.988313743364,305.2553866917395,42697700
2020-08-06,307.8892822265625,308.00900558869785,304.9423731694208,305.2646988126908,43679400
2020-08-07,308.1102294921875,308.39571060773704,306.0197365507583,306.9222424636981,57308300
2020-08-10,309.0311279296875,309.21529387333,306.62752769620295,308.5614527808773,44282100
2020-08-11,306.480224609375,310.84537688701096,305.7527226498275,310.2099438612299,69601100
2020-08-12,310.7532958984375,311.52686046889016,308.88384116049235,308.91146746286313,53774400
2020-08-13,310.1914978027344,311.4992082489788,309.2705836615696,309.9888955675153,41816100
2020-08-14,310.2007141113281,310.734860048338,309.0771977415584,309.80472777793506,47260400
2020-08-17,311.1861572265625,311.58214363407274,310.2099903082899,311.2137835316429,35481000
2020-08-18,311.8583679199219,312.281980541681,309.98888529540005,311.58207682428633,38733900
2020-08-19,310.5599670410156,312.7517196619163,309.9981946540898,312.2360098565189,68054200
2020-08-20,311.52679443359375,312.0056596078708,308.7087997728297,308.8377131218765,42207800
2020-08-21,312.63189697265625,312.8529073408649,310.8545115814278,311.19527337116966,55106600
2020-08-24,315.79986572265625,315.87352648257695,312.6042927708127,315.06311760311377,48588700
2020-08-25,316.9049987792969,316.9878776871024,315.2013018413242,316.3616627587458,38463400
2020-08-26,320.08221435546875,320.34925928785856,316.9511111179945,317.4944472238556,50790200
2020-08-27,320.7821350097656,322.22797751789943,319.12450015351345,320.94792097865496,58034100
2020-08-28,322.8540344238281,322.9829758804368,320.61622003326073,321.80420702373715,48588900
2020-08-31,321.68450927734375,323.51711938437126,321.4542807471516,322.64226783208227,66099200
2020-09-01,324.7143859863281,324.8156730688066,321.62009934150035,322.51338733167165,54908700
2020-09-02,329.4110107421875,330.37795938167653,325.4786892390397,326.6206419236981,69540000
2020-09-03,318.0745849609375,328.19542353260755,315.49600820932886,327.7257482737778,148011100
2020-09-04,315.4775695800781,320.32155893623025,308.3865193279406,318.7560217314167,139156300
2020-09-08,306.85772705078125,315.54196689159204,306.5538378154059,310.0809258509965,114465300
2020-09-09,312.9174499511719,315.37627517454166,309.98892137932586,310.8545829924272,91462300
2020-09-10,307.4839782714844,315.44066034104674,306.52621987560775,314.78681929289183,90569500
2020-09-11,307.6405334472656,310.32039660205055,304.8225388111135,309.2613511061483,84680200
2020-09-14,311.6925048828125,313.460671903459,307.7878390132974,310.7992172923929,65605700
2020-09-15,313.2674255371094,314.97109448568426,311.7018600067676,314.142277247769,52920900
2020-09-16,312.0240783691406,315.92874461250403,311.7477873154288,314.5013391992171,82096000
2020-09-17,309.27978515625,310.99269998077335,306.6551743743273,307.1801021515254,91523300
2020-09-18,305.7191467285156,310.19420971929947,303.24122418442806,310.08326217502207,105877900
2020-09-21,302.3166198730469,302.4645593357365,297.4717223903731,301.14238742219266,99450800
2020-09-22,305.3955383300781,305.95030428150574,301.29030979270976,303.79599750028683,63612100
2020-09-23,298.31317138671875,306.22775080288056,297.8138791281714,305.9503536740996,93112200
2020-09-24,299.10821533203125,302.15938522189947,295.68718272630684,297.0001276478436,76681300
2020-09-25,303.9439697265625,304.729857674503,297.3885547651494,298.257653382287,71069400
2020-09-28,308.9922790527344,309.70421136202526,307.106085914168,308.0954153354496,64584600
2020-09-29,307.3094482421875,309.5284836874694,306.6159979020015,308.788814611231,51304000
2020-09-30,309.63946533203125,312.78310129067506,307.78100935569034,307.97516755399596,104081100
2020-10-01,311.6273498535156,313.1991537202758,309.75041203082435,312.22833451482296,88698700
2020-10-02,308.668701171875,311.59969787140113,306.2185149056574,306.69007030245626,89431100
2020-10-05,314.1422424316406,314.32714558258357,310.67499091510314,310.7212096486976,45713100
2020-10-06,309.676513671875,316.37064209992303,309.16799456037955,314.28103543468586,90128900
2020-10-07,315.0669860839844,315.87138428689724,312.59828946650674,312.62602636258725,56999600
2020-10-08,317.859130859375,317.92385966066934,316.0838856399177,316.9992592418316,45242500
2020-10-09,320.6976623535156,321.15996256500506,318.88545342511554,319.5049199072346,59528600
2020-10-12,325.85699462890625,327.32710625079835,322.7410950073578,323.23113221465513,80388500
2020-10-13,323.7303771972656,325.8939389787219,322.7687847777624,325.718262626604,73255500
2020-10-14,321.69622802734375,325.39462982999737,320.96581398724754,324.30360807019053,57727900
2020-10-15,321.2987060546875,321.7794882050628,317.25820597808996,317.7944619067174,60357700
2020-10-16,321.1045837402344,324.3036942490065,320.9289073505997,322.64865110187765,89501900
2020-10-19,316.2226257324219,322.99067994136914,315.3257621196153,322.36195837394564,68425600
2020-10-20,317.4893798828125,320.72548220032826,316.8051844221268,317.5633355204922,60051900
2020-10-21,316.8883361816406,319.6066638803036,316.5832022185799,317.443073902537,63575000
2020-10-22,318.6264953613281,319.20899806410466,314.9650860794551,317.10091051192785,55399300
2020-10-23,319.7083740234375,319.9025322364598,317.258188232449,319.84705846131055,49143900
2020-10-26,313.8002014160156,317.1195140807674,310.31443920384794,316.33359795190205,91473000
2020-10-27,312.7183837890625,314.4751191044585,312.5057155150436,314.1422764667609,65994100
2020-10-28,302.0299987792969,312.7461150486337,301.5399616493468,307.059827691063,127094300
2020-10-29,305.09967041015625,308.2617881868608,300.57836060996675,302.26114022168764,90597700
2020-10-30,301.9190368652344,304.8315226203362,298.2761088587803,303.52783260839107,120287300
2020-11-02,305.3030700683594,307.300182145621,302.56623250835605,305.3030700683594,86068300
2020-11-03,310.69354248046875,312.7461569674992,305.3863439975958,308.5299804346644,93294200
2020-11-04,317.63726806640625,321.7055046793928,313.98508475423665,315.1593172475223,126959700
2020-11-05,323.8321228027344,325.63510535784354,322.5561693903892,322.90752215223176,82039700
2020-11-06,323.7581481933594,325.0063646417054,321.43739166729375,323.5454798982403,74973000
2020-11-09,327.8264465332031,336.9060328604697,327.36414614851435,336.5269431590357,172304200
2020-11-10,327.34552001953125,328.3995497594577,324.08168187076836,326.8369728905607,85552000
2020-11-11,329.77734375,330.6002236995473,328.28872195189047,329.52768350264563,58649000
2020-11-12,326.5781555175781,329.8235125087104,324.7752013576145,328.76945432758134,67546200
2020-11-13,331.09942626953125,331.83909534174575,327.9650172049905,328.48279119885393,62892200
2020-11-16,335.232421875,335.42658008620566,332.4771021299016,333.762310414162,74541100
2020-11-17,333.42950439453125,334.63150225060855,331.3214158989001,332.8285195747798,66111000
2020-11-18,329.4165954589844,334.2430101786077,329.37960354615575,333.69749938477383,70591300
2020-11-19,330.8035888671875,331.173423449706,327.44728430310664,328.7879664083773,59940900
2020-11-20,328.53826904296875,330.74807768636424,328.46431342145667,330.54466445649757,70417300
2020-11-23,330.50775146484375,331.7652230633756,328.11303908751194,330.341330114274,63230600
2020-11-24,335.8333740234375,336.37888489880055,332.1997010545498,333.0503176608031,62415900
2020-11-25,335.31561279296875,335.77791303204526,334.22459100072433,335.75017614636334,45330900
2020-11-27,336.2494812011719,336.7210082758483,335.24164181075275,336.40664748720786,28514100
2020-11-30,334.7608947753906,335.74096916518056,332.08881368370197,335.47282708749947,83872700
2020-12-01,338.4222717285156,339.95711197569057,337.4144605490259,338.00621842500254,74231400
2020-12-02,339.1341857910156,339.2913520564298,336.73947416095587,337.3127218895292,45927000
2020-12-03,339.041748046875,340.4286487496057,337.94147123204993,339.03249301288866,62882000
2020-12-04,341.9635009765625,341.9635009765625,339.5317971440086,339.6242628374325,50749900
2020-12-07,341.2608337402344,341.75087093197277,339.9941354266788,341.1961049259402,48944300
2020-12-08,342.2593078613281,342.82330050432506,339.9478070951528,339.99402582385153,42458900
2020-12-09,339.1897277832031,343.0730332820125,338.3575929060704,342.9158669849853,74098300
2020-12-10,339.0787353515625,340.1235101648178,336.9521373730438,337.8212640589187,57735400
2020-12-11,338.6812744140625,339.0881010385968,335.87050819292506,337.3868388889889,57698600
2020-12-14,337.16485595703125,341.9172883370529,336.98917958686485,340.84477647871296,69216200
2020-12-15,341.72308349609375,341.72308349609375,338.32981558066564,339.6982062143582,63865300
2020-12-16,342.2593078613281,343.1746531354337,341.0573105329797,341.9356921107512,58420500
2020-12-17,344.17327880859375,344.3766920459077,343.0730019635639,343.8959099470601,64119500
2020-12-18,342.799072265625,344.62830083764095,340.79341847573585,344.461170106029,136542300
2020-12-21,341.57342529296875,351.4159755487242,336.1600382375715,338.88995381488303,96386700
2020-12-22,340.9976501464844,342.0097572148125,339.87412260631737,341.8983367429737,47949000
2020-12-23,341.3041076660156,343.20760697353194,340.979112376798,341.9633643931626,46201400
2020-12-24,342.63189697265625,342.6597520909689,341.1926686317637,341.77762611632846,26457900
2020-12-28,345.575439453125,345.9654111690172,344.5540377310399,345.1761449139129,39000400
2020-12-29,344.91607666015625,347.27458040793783,344.3310908811892,347.09815522580993,53680500
2020-12-30,345.408203125,346.43889910302494,345.018231496331,345.73319837345264,49455300
2020-12-31,347.1632080078125,347.8874694685123,344.7025779385661,345.2132645868987,78520700
2021-01-04,342.43695068359375,348.6210426946345,338.7506384714175,348.4910332362678,110210800
2021-01-05,344.7953796386719,345.88178590422,341.74976397277425,341.79620806023695,66426200
2021-01-06,346.8568115234375,350.04173174075373,342.74337775337597,343.291214067815,107997700
2021-01-07,352.01019287109375,352.7530149569909,349.04814233936133,349.22456754371,68766800
2021-01-08,354.0157775878906,354.22932401916887,350.1530411521562,353.39364225101247,71677200
2021-01-11,351.62945556640625,353.38438462890787,350.7287689918053,350.84948394564515,51034700
2021-01-12,351.7037353515625,352.71584242095815,349.4659464169587,351.8151841603632,52547700
2021-01-13,352.65087890625,353.6443970420134,350.84950564563337,351.6294773146356,45303600
2021-01-14,351.41595458984375,353.8951738961369,351.08169311224,353.39375334288167,49989100
2021-01-15,348.8531799316406,350.59881478443,346.9960962553196,349.800282405299,107160000
2021-01-19,351.59228515625,352.13085517430096,349.828061713451,351.304439515749,51233300
2021-01-20,356.4578552246094,357.2935370131807,353.4865107131989,353.8764823240062,61836100
2021-01-21,356.7828063964844,357.44209131852733,355.86355930325504,357.0149417906809,47840100
2021-01-22,355.52008056640625,356.68075778914084,354.55438918277406,354.9350947122526,52860500
2021-01-25,356.9222106933594,357.27503278883,351.4159360582794,356.25365943655754,70402000
2021-01-26,356.36505126953125,358.2778450349725,356.1329158287073,357.86928439217473,42665300
2021-01-27,347.6553039550781,353.1429888444501,345.4268095254111,353.05012900637144,123351100
2021-01-28,350.64520263671875,354.6379205656578,349.02954916525357,349.46593655582046,94198100
2021-01-29,343.62548828125,349.75387014169314,341.95409595375736,348.7881786860428,126765100
2021-02-01,349.3453369140625,350.3760048440203,343.91336101234145,347.01468762606163,75817600
2021-02-02,354.28515625,355.8358337158987,349.42890017127894,352.52093227928594,64450700
2021-02-03,354.5635986328125,356.2814061778446,353.2915012356798,355.1114347501333,52427100
2021-02-04,358.5935974121094,358.64001317221204,354.6751494739212,355.59439688401244,47142600
2021-02-05,360.0049743652344,360.710675281438,358.54718510912704,360.4599791681368,48669800
2021-02-08,362.6048889160156,362.6513046740329,360.59923510850524,361.4534777465929,38365200
2021-02-09,362.3634338378906,362.95771418565323,361.3606211720995,361.769153490128,35551100
2021-02-10,362.2055358886719,364.24833897480704,359.80991075751706,364.09976890155684,59154400
2021-02-11,362.7906188964844,363.70060021262947,360.3671379983436,363.2827449986079,42913300
2021-02-12,364.5826721191406,364.82407372216704,361.91773330512245,361.9920325190132,50593300
2021-02-16,364.2669372558594,366.0033342269587,363.55197027023985,365.8083200461877,50972400
2021-02-17,364.35052490234375,364.6012209832248,361.5091609681263,362.52129645099154,52290600
2021-02-18,362.7999267578125,363.54274901362083,360.0328614317489,361.750669777265,59712800
2021-02-19,362.1591491699219,364.34122801938736,361.71343891444184,364.05338233465426,83241000
2021-02-22,359.37347412109375,361.7783935972179,359.10418910793686,359.4013292371553,67414200
2021-02-23,359.8099060058594,361.15630279532843,353.0315629822929,357.1728509983925,107284100
2021-02-24,363.7747802734375,364.2019298681405,357.7392590796617,358.7235110381606,72433900
2021-02-25,355.0093688964844,363.8769599629682,353.5701404616122,362.51200240283123,146670500
2021-02-26,353.1801452636719,358.0271345906392,351.20237503364604,356.8850463128118,152701600
2021-03-01,361.7413330078125,362.98560406297776,353.3751899411778,358.03645997578053,105348800
2021-03-02,358.91851806640625,362.19626914684636,358.41709761211445,361.9641337209318,79595300
2021-03-03,354.16448974609375,359.18787685432164,354.0623353944959,358.22221361056233,119940200
2021-03-04,349.7817687988281,356.5601137940259,345.3061897362982,353.97876827034526,183433000
2021-03-05,356.2164611816406,357.26571784913307,346.01179684391315,353.27297148908974,152039600
2021-03-08,354.4430236816406,359.97712560372787,354.1644724397162,357.17293919990277,123149200
2021-03-09,359.50347900390625,362.04767402813786,357.7763768194202,358.2777972390248,113633600
2021-03-10,361.7413330078125,363.4312860296286,360.43211389392627,361.8434873497362,109899400
2021-03-11,365.4090881347656,367.37759240388004,363.7469902205475,364.2019950148293,86245000
2021-03-12,365.90118408203125,366.0404596864284,363.2455681020347,364.05339494438545,64653600
2021-03-15,368.0832824707031,368.34327305827475,364.01626458616573,366.15189953144346,73427200
2021-03-16,367.6189880371094,369.40177242737843,366.84828247321997,368.6960999272851,73722500
2021-03-17,368.8724670410156,369.6709992628649,365.1954216836132,366.33753812086064,97959300
2021-03-18,363.5055847167969,368.371135091279,362.82773894437463,366.2912103516865,115349100
2021-03-19,362.8329772949219,364.7799824618673,360.6623728633488,363.20560482975657,113624500
2021-03-22,365.730224609375,367.1089779028957,363.2894813107104,363.34537402520954,73778600
2021-03-23,362.8515625,366.5406230570263,362.0690362260645,365.09668084256,90686600
2021-03-24,361.0070495605469,365.87923909623805,360.9604817803928,364.248968775631,97588600
2021-03-25,363.03790283203125,363.82972563036685,357.63470442840975,359.5724129695901,116128600
2021-03-26,368.88818359375,369.2887573922417,363.5874749543767,364.1836731891651,114409100
2021-03-29,368.70196533203125,369.60560209374427,365.9351623341809,367.4163760803508,108107600
2021-03-30,367.7237548828125,368.39449575639236,366.1307275395253,367.4349664373488,76262200
2021-03-31,369.21429443359375,370.7700506223906,368.2640899656706,368.29203631973724,112734200
2021-04-01,373.2014465332031,373.25736766767085,370.93770669938243,371.14265609357545,99682900
2021-04-05,378.5580139160156,379.0983479190761,375.7819150666603,375.8564291896752,91684800
2021-04-06,378.3344421386719,379.3778104361055,377.66370131465686,377.9990859414913,62021000
2021-04-07,378.7723083496094,379.1169894924743,377.7103185696919,378.16678511784755,55836300
2021-04-08,380.5703125,380.6262052108521,379.089098803099,380.02068189018087,57863100
2021-04-09,383.3371276855469,383.5048342531352,380.3281324128653,380.44924276681104,61104600
2021-04-12,383.47686767578125,383.74700629608895,382.1353857837753,382.74090909191403,56704900
2021-04-13,384.61334228515625,385.2375154018544,382.9923969687516,383.37434940887186,56551000
2021-04-14,383.2998352050781,385.63808919365846,382.7595011466084,384.58539585907903,61659900
2021-04-15,387.4173583984375,387.68752538741427,385.38651459221114,385.4330823632249,60229800
2021-04-16,388.7122802734375,389.31780345743056,387.28695960911085,388.70295534718036,82037300
2021-04-19,386.80255126953125,388.2278720552796,385.4797193923822,387.78073043129933,78498500
2021-04-20,383.9705810546875,386.6907875184191,382.4986639809094,385.59152639170094,81851800
2021-04-21,387.6037902832031,387.8087397039986,383.21601337839934,383.3557735882246,66793000
2021-04-22,384.063720703125,388.2651692129653,383.00173084573123,387.43607511013636,97582800
2021-04-23,388.2279052734375,389.6346047551007,384.54816933952253,384.62268347334305,73209200
2021-04-26,389.038330078125,389.60661044348035,388.29307511302295,388.87997690212677,52182400
2021-04-27,388.9544982910156,389.53210359386003,387.8179659687333,389.33645070740164,51303100
2021-04-28,388.8427429199219,390.342606350338,388.3769514146441,389.2246953658085,51238900
2021-04-29,391.3207092285156,391.93555735176267,387.94838369193803,391.56292987909427,78544300
2021-04-30,388.74957275390625,389.90475500080083,387.8552610382918,389.057011063111,85527000
2021-05-03,389.5880126953125,391.1157939955126,389.0942748542552,390.7338415630485,68128300
2021-05-04,387.1844482421875,388.0974096431561,383.50471315012,387.6036718842852,101591200
2021-05-05,387.3056335449219,389.0570141395226,386.7466780571217,388.8241183887439,60162200
2021-05-06,390.3984680175781,390.528874845266,385.3772223436678,387.3801199711882,74321400
2021-05-07,393.23980712890625,393.8919265936675,390.4823294392389,391.16239525650957,67733800
2021-05-10,389.3458251953125,393.81741249794896,389.22471484913274,393.59384166171475,81852400
2021-05-11,385.8709716796875,386.8584473474661,382.0049080638009,384.8369282355566,116888000
2021-05-12,377.67303466796875,384.36179320441613,376.3594993403955,383.0948540805935,134811000
2021-05-13,382.2099304199219,384.13831434726995,379.17296027905456,379.21955649395835,106394000
2021-05-14,388.0788269042969,388.9265708311616,384.9114504451291,384.9393967974584,82201600
2021-05-17,387.09136962890625,387.90187074432333,385.0791468765085,386.97028771615726,65129200
2021-05-18,383.7563781738281,387.5944963339857,383.5979965238752,387.35227560923283,59810200
2021-05-19,382.75018310546875,382.9271861523255,377.5985301803542,379.0797721892408,106467100
2021-05-20,386.8678283691406,388.12547123922195,383.5048270266521,383.6259089486558,78022200
2021-05-21,386.55108642578125,389.5880563714277,386.09461981296676,388.34903495141754,76578700
2021-05-24,390.49163818359375,391.56295289159766,388.544604797389,388.7868254622032,51376700
2021-05-25,389.6252746582031,391.9262858634761,389.0476977323679,391.57227976579446,57451400
2021-05-26,390.3984680175781,390.9015023339306,389.1780966451499,390.2121400584183,43088600
2021-05-27,390.60345458984375,391.9356114927395,390.3239626244938,391.4232522007512,56707700
2021-05-28,391.3021240234375,392.42933147222897,391.0692282777566,392.1684893742527,58520200
2021-06-01,390.95745849609375,393.7987753351119,390.5196133395258,393.65904356804924,54216600
2021-06-02,391.5722351074219,392.41068247668926,390.6034093428114,391.60950638441597,49097100
2021-06-03,390.1189270019531,391.25545917868044,387.7992948793943,389.2618867288055,58138800
2021-06-04,393.6870422363281,393.98515566544813,390.1842805183219,391.96360773445116,55938800
2021-06-07,393.3050231933594,393.85465374362394,392.3734402072181,393.6776507018846,51555000
2021-06-08,393.3887939453125,394.2551591488768,391.5628995698148,394.1619951805077,47134300
2021-06-09,392.80194091796875,394.30180423460956,392.5783701098852,394.2272616788116,48436300
2021-06-10,394.62786865234375,395.5781015257895,392.7088099094243,394.0223453765083,51020100
2021-06-11,395.2799377441406,395.39172314331665,393.89188832161483,395.17747727144723,45570800
2021-06-14,396.1650085449219,396.26746903201445,394.1527857880061,395.3917787091995,42358500
2021-06-15,395.4383850097656,396.3513182077345,394.5626946646038,396.31407535492747,51508500
2021-06-16,393.2304992675781,395.8016775286566,391.19035858653814,395.5781066988787,80386100
2021-06-17,393.1000671386719,394.0782178856841,390.63137795315737,392.82060361942723,90949700
2021-06-18,387.7970275878906,390.5167781405025,387.5914076691271,389.8251604695109,118676300
2021-06-21,393.34869384765625,393.53563141151994,388.74097097735967,389.5540951870982,72822000
2021-06-22,395.4515686035156,396.28340358966534,392.6196388178262,393.33932268734105,57700300
2021-06-23,394.9750061035156,396.33020373335535,394.8908927490569,395.5264348867474,49445400
2021-06-24,397.3115234375,397.73209014648296,396.8628904252522,397.1152589733079,45110300
2021-06-25,398.7228088378906,399.1714418641056,397.73210252899935,398.05922899461444,58129500
2021-06-28,399.5265808105469,399.6948074887242,398.0498768754374,399.2462030135846,53159600
2021-06-29,399.7416076660156,400.5453764693619,399.2088612604478,399.9098343658785,35970500
2021-06-30,400.07806396484375,400.7509992918403,399.2555842848848,399.2836220683984,64827900
2021-07-01,402.2930908203125,402.4519905914438,400.76963819499144,400.83506919032,53441000
2021-07-02,405.3680114746094,405.7231756894549,402.37718195001327,403.4520300284134,57697700
2021-07-06,404.6296081542969,405.63902514839896,401.9005028468746,405.4240498479031,68710400
2021-07-07,406.0596923828125,406.34009873848606,403.3025486160357,405.31199914635374,63549500
2021-07-08,402.7510986328125,403.50814726468866,399.57333123869796,400.7509751205796,97595200
2021-07-09,407.0503234863281,407.3494121346729,402.55475241821676,404.2557870176814,76238600
2021-07-12,408.5083312988281,408.7606998160739,406.5362744179092,406.9661965088275,52889600
2021-07-13,407.1158142089844,409.2187334442086,406.854118733952,407.72331850573784,52911300
2021-07-14,407.7232971191406,409.29349840963926,406.4802508086064,408.8074721795963,64130400
2021-07-15,406.3306579589844,407.059668694347,404.4333589603699,406.3867335138074,55126400
2021-07-16,403.1435852050781,407.5550430583768,402.7510563008199,407.5083229344722,75874700
2021-07-19,397.1900329589844,403.20905730096297,394.38614069493224,398.3302836206056,147987000
2021-07-20,402.8818664550781,404.152978910122,397.05910751566546,397.85354923473506,99608200
2021-07-21,406.1437072753906,406.28392468057024,402.8351355573222,404.0781816791962,64724400
2021-07-22,406.99432373046875,407.23733686784163,405.34003746820474,406.3213884076943,47878500
2021-07-23,411.18145751953125,411.5179109011736,408.2373763394922,408.91963853760046,63766600
2021-07-26,412.1908264160156,412.20018185039044,410.5458957579973,410.59261588453984,43719200
2021-07-27,410.3122253417969,411.18142503169713,407.4896224241449,411.15338725210887,67397100
2021-07-28,410.1440124511719,411.51792083805464,408.7233839343774,410.93845431834467,52472400
2021-07-29,411.844970703125,412.919790195163,411.0598844170451,411.0692398503543,47435300
2021-07-30,409.8449401855469,411.29360644207577,409.1532940336554,409.28415602981516,68951200
2021-08-02,408.9849853515625,412.10664801469085,408.6298211733792,411.55521940428144,58783300
2021-08-03,412.3123474121094,412.43385397257424,407.5924735593852,409.7795060797524,58053900
2021-08-04,410.2842102050781,412.2843051456388,410.0505525213927,411.0319033838049,46732200
2021-08-05,412.8825378417969,412.9666511964766,411.12542726136564,411.4431983310459,38969700
2021-08-06,413.5647888183594,413.9853841029397,412.91989126076,413.20029762470335,46930000
2021-08-09,413.22833251953125,413.8545192015544,412.46192839518204,413.53674814277605,41222600
2021-08-10,413.7423400878906,414.4526685963435,412.9946468851688,413.67690908891893,43339300
2021-08-11,414.7704772949219,414.86394608441594,413.6863020866646,414.8078705152535,44034300
2021-08-12,416.01348876953125,416.15370620330873,413.72366049428854,414.62089804805976,38909400
2021-08-13,416.77056884765625,416.7892511950456,415.9761269822574,416.46212471839107,39470300
2021-08-16,417.7519226074219,417.8827560853764,413.91993068902,415.47142121296486,73740000
2021-08-17,415.01348876953125,415.87333317500145,412.032014089514,415.2003978250957,92673900
2021-08-18,410.47113037109375,415.5648794226537,410.2281457688839,414.004033503329,89351900
2021-08-19,411.10662841796875,412.30298304453,407.6111188768107,407.7513077712783,92812200
2021-08-20,414.37786865234375,414.7049951138694,410.96647217681397,411.4524984131377,72008700
2021-08-23,418.0229797363281,418.92957275106846,414.4526832434195,416.0602493564847,54973000
2021-08-24,418.68658447265625,419.2193309044513,418.1725489124351,418.68658447265625,38744700
2021-08-25,419.56512451171875,420.0791600532625,418.49963168684314,418.87350683269574,40529700
2021-08-26,417.0882873535156,419.5183042507706,416.9948185830064,419.2846465858296,57829600
2021-08-27,420.81744384765625,421.1912903975135,417.83596983708355,417.89204539342893,77235100
2021-08-30,422.6680908203125,423.4531772582027,421.24743377041483,421.4904469021432,48357400
2021-08-31,422.0418701171875,422.9110698917558,421.4437212534849,422.5746165039233,59300200
2021-09-01,422.26611328125,423.49047714229727,422.03245562039876,422.97644169749003,48721400
2021-09-02,423.5652770996094,424.3690457877398,422.3689509787344,423.6867836507604,42501000
2021-09-03,423.4624328613281,423.97649682090514,422.03244913978364,422.4343619875005,47170500
2021-09-07,421.9483947753906,423.2101520054819,421.27545948751975,423.1166832249812,51671500
2021-09-08,421.434326171875,422.1446546206983,419.51831615140816,421.41564382630884,56181900
2021-09-09,419.6304931640625,422.98581388405796,419.38748005990004,421.23805907529504,57970400
2021-09-10,416.32196044921875,421.9764655786585,416.2004538773262,421.5558988174952,89948200
2021-09-13,417.3873291015625,419.5743898490149,415.0787903327298,419.3126944167152,83738600
2021-09-14,415.1349182128906,419.03231214319595,414.2470076652523,418.8266922544094,78197100
2021-09-15,418.6023864746094,419.09773958576324,414.4526240434599,415.55548138185304,78792200
2021-09-16,417.93878173828125,419.0509659215077,414.99467250347925,418.0789706250188,77786700
2021-09-17,413.8677062988281,417.59007902636665,413.5114041887088,417.1681649070518,118425000
2021-09-20,406.9667663574219,409.3295710757895,402.10984707082173,407.75436793021106,166445500
2021-09-21,406.58233642578125,410.59537031179264,406.05726871090457,409.30144322368784,92526100
2021-09-22,410.5484313964844,412.58309005146594,406.69480673198865,408.8513325900805,102350100
2021-09-23,415.5365905761719,417.1399497351395,412.179906070705,412.41431229246786,76396000
2021-09-24,416.2210693359375,416.9336734105124,413.68947068134617,413.9051347076099,62094800
2021-09-27,415.03033447265625,416.3523605127942,414.33647253059087,415.18971469523467,61371100
2021-09-28,406.6666259765625,412.5924215300384,405.9352797832817,412.26424712999386,130436300
2021-09-29,407.3511657714844,409.77961092728947,406.78858508585967,408.0449990691309,82329200
2021-09-30,402.3724060058594,409.5264607159928,402.03484612674845,408.82324196639286,140506000
2021-10-01,407.154296875,408.8326537442385,400.58156466232106,404.0976586371233,129240100
2021-10-04,401.90362548828125,406.89176913571015,399.76581284989487,405.9916570765266,128570000
2021-10-05,406.08538818359375,408.3262970264828,402.6068074886927,403.4037658375677,90682500
2021-10-06,407.7731018066406,407.97938044868795,400.8721956255004,402.49426854273986,113032200
2021-10-07,411.298583984375,414.13020116989895,410.86728449835147,411.0454355366307,72437500
2021-10-08,410.5484313964844,412.4518374427157,409.9202387275282,412.0674077940218,74557400
2021-10-11,407.5762634277344,412.79884218436496,407.5106228023292,409.89219860577384,65233300
2021-10-12,406.5729675292969,408.89828794249456,405.785365924999,408.49511604042164,71181200
2021-10-13,408.03564453125,408.8513737107969,404.62270437794365,407.59495963247764,72974000
2021-10-14,414.8990783691406,415.04910180856405,411.2235756383798,411.6923881563111,70236800
2021-10-15,418.05889892578125,418.42458644967,416.38992739167634,417.00876339160925,66260200
2021-10-18,419.2965393066406,419.6340705825797,415.6210366001597,416.2773855665458,62213200
2021-10-19,422.53131103515625,422.59692303340495,420.30911592133424,420.91859501540216,46996800
2021-10-20,424.1909484863281,424.49099536699856,422.8782791509517,422.99078957769177,49571600
2021-10-21,425.2972717285156,425.52229254631413,423.15948811730703,423.5907875561012,41305400
2021-10-22,424.85662841796875,426.30996431243693,422.91573783259383,424.86601382430814,58845100
2021-10-25,427.135009765625,427.4631842019091,424.1721402757418,425.94423644921017,45214500
2021-10-26,427.5195007324219,429.89169091412384,427.1444564431734,428.68217522735085,56075100
2021-10-27,425.62548828125,428.6446418796485,425.55046225853243,427.9789361517596,72438000
2021-10-28,429.7323303222656,429.80732773792477,427.0413509410185,427.05070773419686,51437900
2021-10-29,430.60418701171875,430.8948484089836,427.1443492297852,427.43501062705,70162400
2021-11-01,431.344970703125,431.96380657611127,429.61974430603044,431.5887337216653,48433600
2021-11-02,433.08905029296875,433.39848261578646,431.382565655628,431.5138469111382,48908400
2021-11-03,435.73309326171875,436.1362651463071,432.08571825925554,432.5264031559585,52509800
2021-11-04,437.7864685058594,437.87085131761023,435.9862160130472,436.33313266603705,52847100
2021-11-05,439.3053894042969,441.29314959663833,437.7958270632598,440.00860807313694,66390600
2021-11-08,439.68048095703125,440.89941061596096,438.9960330253521,440.4024705143944,50405200
2021-11-09,438.2271423339844,440.28054321030675,436.8207049454919,440.0461369788913,51149100
2021-11-10,434.7017822265625,438.22726206677805,433.2203470294367,436.5395195710356,69429700
2021-11-11,434.8423767089844,436.26758515556486,434.8236345082835,436.1925591246675,34848500
2021-11-12,438.1240539550781,438.67724930991125,435.16115531508916,436.1081657875227,53466700
2021-11-15,438.2740783691406,439.56800554034606,437.14894545673525,439.40862530276064,46980500
2021-11-16,440.0086669921875,441.1431852512349,437.9365237158013,438.01152112700873,48857500
2021-11-17,438.93975830078125,439.9242530537252,438.32092239942926,439.74610202390977,47858300
2021-11-18,440.4305725097656,440.6931063478928,437.25201023461375,439.9711168325113,50625600
2021-11-19,439.64300537109375,441.5651251990252,439.27731788187225,440.31806790988196,57315600
2021-11-22,438.4053955078125,444.00301876282515,438.1991168315422,441.5183178536928,72762000
2021-11-23,438.9866943359375,439.83993660377723,435.47998564656854,438.0771968516729,73206500
2021-11-24,440.1587219238281,440.2806177630515,436.17381531500166,436.98954456020806,61858800
2021-11-26,430.34173583984375,434.96422009835896,429.21657442443677,433.50152742675596,112669600
2021-11-29,435.6205749511719,437.4583119148909,432.92959581507233,435.1236348523177,86268800
2021-11-30,427.1444091796875,435.0860934508205,426.9006175423312,433.18271599479897,148559600
2021-12-01,422.4000244140625,435.68618205628803,422.2031311937479,432.8451797070104,131939200
2021-12-02,428.8697204589844,430.4355669860337,422.22196184931875,422.6157769864965,127637800
2021-12-03,425.1379089355469,431.58874442702455,420.9185967447433,430.5292522904625,137331600
2021-12-06,430.1729736328125,432.0482235973753,425.2691846744251,427.6788877462588,98977500
2021-12-07,439.071044921875,439.63362565886325,430.0417113660508,435.442440658666,95484700
2021-12-08,440.2336730957031,440.68374339000826,437.7114595944113,439.46484235390875,72238800
2021-12-09,437.26141357421875,440.3368223530035,437.06452034105865,438.94912708653544,61272600
2021-12-10,441.3775634765625,441.52758690349503,437.41142821807136,439.9617692478392,77159800
2021-12-13,437.4676818847656,441.20879629669554,437.1863772299923,440.86187964178026,87724700
2021-12-14,434.4579162597656,436.6894683893485,431.5419161774256,434.20476780499797,97264100
2021-12-15,441.246337890625,441.49010093703475,432.00134036114184,434.5141971486355,116899300
2021-12-16,437.355224609375,443.3747615247552,435.80812035524764,443.0934854498481,116568600
2021-12-17,432.7004699707031,437.2827414785998,430.9974086651927,434.28120719660683,135511600
2021-12-20,428.0993347167969,428.4945046145701,424.4862092214544,427.62887521925904,107134800
2021-12-21,435.7019958496094,435.84312797159805,429.3507919289712,431.5148943716561,69806300
2021-12-22,440.0584411621094,440.17134685592566,435.25032979357655,435.44794347232624,58890200
2021-12-23,442.7965393066406,444.2925972471357,440.9523458894644,441.0558332086626,56439700
2021-12-27,449.0631103515625,449.1101448261274,444.12328451008153,444.17031898464637,56808600
2021-12-28,448.69610595703125,450.5214913868531,447.93396375035627,449.4958929694086,47274600
2021-12-29,449.27008056640625,450.28626060152465,447.8022490075834,448.7996209971791,54503000
2021-12-30,448.02801513671875,450.7002217741406,447.56697399413,449.69343150623797,55329000
2021-12-31,446.8990173339844,448.6867582396512,446.6261714147494,447.53886427339836,65237400
2022-01-03,449.4864196777344,449.6181621243115,445.8544860219246,448.15972040589463,72668200
2022-01-04,449.33587646484375,451.62233155714586,447.4822648058163,450.9072238974489,71178700
2022-01-05,440.7076416015625,449.7404696581306,440.61354395954817,448.9689091940095,104538900
2022-01-06,440.2936706542969,443.0035221624816,437.9319546066855,440.2466361867598,86858900
2022-01-07,438.552978515625,441.47925183914367,437.1980527186537,440.3031029677847,85111600
2022-01-10,438.0072326660156,438.22362566846715,429.62364055153137,435.36325245373706,119362000
2022-01-11,441.9967346191406,442.0908322693714,434.75164626994354,437.7437907456816,74303100
2022-01-12,443.1916809082031,445.2429062617321,441.2345819172256,443.7280116585806,67605400
2022-01-13,437.0850830078125,444.94176206075105,436.0594847879406,444.29252568167936,91173100
2022-01-14,437.263916015625,437.6120514809011,432.7286791584299,433.94247281173614,95890900
2022-01-18,429.5201721191406,432.7851627070061,428.4098944174529,432.5781593461344,109709100
2022-01-19,425.0602111816406,432.45582165960354,424.7873365975809,431.0632797435182,109357600
2022-01-20,420.3556213378906,431.6372325182061,418.2385532953383,426.9420552480534,122379700
2022-01-21,412.103759765625,421.58821170548157,412.0755333410702,419.2359139440063,202271200
2022-01-24,413.8538818359375,414.36198622480896,395.90115681307793,406.5053054589265,251783900
2022-01-25,408.80108642578125,413.7409112645625,401.9135523304981,407.47438716618876,167997300
2022-01-26,407.7755126953125,417.80571346524874,403.5225401054795,414.6818552495206,186391100
2022-01-27,405.7619323730469,415.50045053402,404.0777079047049,412.3672026513168,149878300
2022-01-28,415.8391418457031,415.88617630742215,402.5439524748477,407.11680479333506,164457400
2022-01-31,423.32891845703125,423.677053931945,413.82562974282484,415.17113717300543,152251400
2022-02-01,426.1893310546875,426.82914917104256,420.5343978995624,424.0534262540882,123155400
2022-02-02,430.329345703125,431.05384305532795,426.2833764423959,428.5886396673794,117361000
2022-02-03,420.21453857421875,426.20818954221386,419.3771066671292,424.30754301354284,118024400
2022-02-04,422.1903991699219,426.0293363499769,417.6080991681987,419.97923360740066,118454400
2022-02-07,420.83544921875,424.3450587788941,419.5087499574974,422.95251700944823,84472900
2022-02-08,424.2980651855469,425.2201762493433,418.91600673505786,420.33680377789557,81012000
2022-02-09,430.50811767578125,430.82802671260504,428.1275935863995,428.32517855026134,92589900
2022-02-10,422.7738037109375,430.66810052892527,420.7790596867854,424.6744500762086,140103700
2022-02-11,414.4372253417969,424.92846773085336,413.00703862428105,422.85846290665194,153214600
2022-02-14,413.0823059082031,415.50989334254666,409.61973040303707,413.9291560964369,123006300
2022-02-15,419.7440185546875,419.9133771021189,416.99652213320917,417.5140448697904,88482700
2022-02-16,420.21453857421875,421.5882726253458,415.8298514674891,417.7022715675266,84863600
2022-02-17,411.2381591796875,420.18631030686123,410.63598579994795,417.03422512188433,102259100
2022-02-18,408.5753173828125,412.74358216810356,406.3076988713617,411.49214366579196,132642900
2022-02-22,404.19061279296875,409.7702560003978,400.6997823601273,406.37355193227506,124391800
2022-02-23,397.0208435058594,407.6626367061376,396.45628627766916,407.0980794779474,132578000
2022-02-24,402.9956359863281,403.42847944353576,386.3790300752348,386.7365552102814,213942900
2022-02-25,411.88726806640625,411.9719473256861,402.5815659197891,404.22817407311,121804500
2022-02-28,410.83349609375,412.3107459178309,405.25385292778066,406.5052626502716,145615000
2022-03-01,404.576416015625,411.3416268267393,401.8759540045587,409.3374644946176,137785900
2022-03-02,412.01910400390625,413.7409734291532,406.07248803205465,406.82521187285215,117726500
2022-03-03,409.96783447265625,415.04879163986294,408.17067562721684,414.4466183746847,105501700
2022-03-04,406.63702392578125,407.7661096277124,402.60047290853925,406.2418252656333,113978200
2022-03-07,394.64971923828125,406.75934432063025,394.58384800510765,406.05365494553234,137896600
2022-03-08,391.6575927734375,401.97005852746355,390.59434954887394,394.82848568696517,164772700
2022-03-09,402.1582946777344,404.1342308190661,397.8394788240876,400.0224183462174,116990800
2022-03-10,400.3421936035156,401.2360493514207,395.599954192604,397.557052917586,93972700
2022-03-11,395.2518615722656,403.43783985789673,394.7437572588801,402.8262482347944,95636300
2022-03-14,392.36328125,399.46720926881693,391.22477713105775,396.0234704863825,95729200
2022-03-15,400.9915466308594,401.6219464123901,393.6994228575472,394.96964080123826,106219100
2022-03-16,409.8831787109375,409.9396315604553,399.7024270341616,404.4917305799787,144954800
2022-03-17,415.01123046875,415.01123046875,407.5967827207491,407.9731446506093,102676900
2022-03-18,419.55670166015625,419.8776045343294,412.6666654946888,413.40286121868064,106345500
2022-03-21,419.43402099609375,421.3877523283893,415.93234592986585,419.3868116069883,88349800
2022-03-22,424.342041015625,425.2764356419781,420.8214989932451,420.8214989932451,74650400
2022-03-23,418.877197265625,423.30381991515435,418.79225491588033,421.81256176889076,79426100
2022-03-24,425.1914367675781,425.200884406194,419.7832397355188,420.8969665486931,64736900
2022-03-25,427.2679138183594,427.5416361124458,423.2471369609336,425.8238364518409,77101300
2022-03-28,430.3070373535156,430.3070373535156,424.7855555376232,426.6732396590378,68529800
2022-03-29,435.6303405761719,436.12115693733773,431.5057549157547,434.18626321308204,86581500
2022-03-30,432.9403991699219,435.30000450918726,430.83562083793777,434.4882852945164,79666900
2022-03-31,426.2768859863281,432.9970375414447,425.823831381212,432.17589947274035,121699900
2022-04-01,427.4849853515625,427.99463935727147,423.9172632927216,427.8530688001301,89048800
2022-04-04,431.1471252441406,431.2509628688752,426.8621021980193,427.6832403411355,59601000
2022-04-05,425.70111083984375,432.119225743506,424.5590699380688,429.6558116325977,74214500
2022-04-06,421.44439697265625,423.71906006741074,418.5656898647818,421.7936427720497,106898000
2022-04-07,423.56805419921875,425.38024389891154,418.6223302828864,420.56664291276263,78097200
2022-04-08,422.43548583984375,425.3236408416978,420.8970183524694,422.8130169818533,79272700
2022-04-11,415.21502685546875,420.0097320215141,414.7147916975716,419.16969873165914,89770500
2022-04-12,413.6766357421875,420.71769099701174,412.12872059672054,418.19761946757274,84363600
2022-04-13,418.4146728515625,419.16973507105604,413.25185499529334,413.4311873130841,74070400
2022-04-14,413.20465087890625,419.7549175134308,413.1008132674667,418.64116191799894,97869500
2022-04-18,413.3745422363281,415.0545800894282,411.14705981320014,412.27968190004844,66002500
2022-04-19,420.0474853515625,420.7647857423862,413.10079269782085,413.27067735850744,77821000
2022-04-20,419.7360534667969,422.4354571159878,418.5751460041488,421.8219654514646,65224400
2022-04-21,413.45953369140625,424.73846009934624,412.55345319655066,423.3510108398269,85417300
2022-04-22,402.11456298828125,413.4784030168014,401.54825187367607,412.37412370691203,132471800
2022-04-25,404.4458312988281,404.61571598232445,395.31886452951045,399.87763849644267,119647700
2022-04-26,392.7327575683594,402.11455163658286,392.70444345361744,401.9163240296101,103996300
2022-04-27,393.8370361328125,399.1697677643689,391.7039722839688,393.8087220181219,122030000
2022-04-28,403.7851257324219,405.51237307337215,394.1485050200903,398.5751272035263,105449100
2022-04-29,388.8629455566406,401.95403088704296,388.11730223189977,399.80207204922027,145491100
2022-05-02,391.20361328125,392.56274796393683,382.2748478900881,388.92895077486116,158312500
2022-05-03,392.9970397949219,395.4038260055901,390.14661777180356,391.7039805238848,100028200
2022-05-04,404.9648742675781,405.53118526756083,390.47689280324255,393.65763595496884,144247900
2022-05-05,390.5712890625,401.132884248546,386.4467037789483,400.7081437907731,172929100
2022-05-06,388.2401123046875,391.5057988001708,382.9451704991035,388.01359935584884,151770800
2022-05-09,375.8096618652344,383.5869123846669,374.23343271582064,382.3504814055953,155586100
2022-05-10,376.6780090332031,383.27545730002635,372.64781289944233,381.7747515433738,132497200
2022-05-11,370.69403076171875,381.35001745771194,369.94838734516037,375.7152782695393,142361000
2022-05-12,370.3070068359375,373.57269244374504,363.5207798183708,367.5037946408941,125090800
2022-05-13,379.16021728515625,380.538218568786,373.39332756714504,374.43155954951243,104174400
2022-05-16,377.621826171875,381.2839385536254,375.27166828724563,377.5180173546355,78622400
2022-05-17,385.3896179199219,385.62557844782094,379.9719446127917,383.70013247510735,83029700
2022-05-18,369.85400390625,381.12348248197793,368.6175728842904,380.84034133335325,117674500
2022-05-19,367.5887451171875,372.0059481432004,365.3707103676318,366.7959211904098,98510700
2022-05-20,367.74920654296875,374.7336324078952,359.1696852051724,371.16591037827914,131432200
2022-05-23,374.6299133300781,375.39442331926466,368.4571763768478,370.7695728217986,76414900
2022-05-24,371.77001953125,372.95924112163084,365.22917116715337,370.5146932699092,91448800
2022-05-25,375.0545349121094,377.0177426324369,369.88229858000193,370.2786961363731,91472900
2022-05-26,382.5487365722656,384.1815941900457,376.07399194481513,376.2816384117942,82168300
2022-05-27,391.93988037109375,392.0531368146943,384.80443638650837,385.0026351628093,84768700
2022-05-31,389.74078369140625,393.07254576990726,387.0036468547426,390.3259612932842,95937000
2022-06-01,386.5882873535156,392.86483164009155,384.0776638781302,391.8549424707136,86585800
2022-06-02,393.95037841796875,393.99755901468933,384.1816041828146,386.427953619349,79609600
2022-06-03,387.4849548339844,390.7884022780611,386.51279859544996,389.240487364167,71874300
2022-06-06,388.664794921875,393.21409252066996,387.49441098526677,391.48687393580764,57508900
2022-06-07,392.3929138183594,392.8459684053957,384.7194727728496,385.1819749982957,59272400
2022-06-08,388.1267395019531,392.46841881070924,387.333915614858,390.6845434619145,64350000
2022-06-09,378.8960266113281,388.61759004588066,378.8960266113281,386.3523744576506,86289800
2022-06-10,367.9096984863281,373.55388552538324,367.86251789521714,372.7044332589276,132893900
2022-06-13,353.94085693359375,360.3684205912054,352.33631352731584,358.5184977773577,170004900
2022-06-14,352.874267578125,356.7157121238985,349.7784664118968,355.6869276147928,104011800
2022-06-15,357.9049072265625,362.3409474596305,351.2224895627162,356.1682125540914,125666800
2022-06-16,346.0596618652344,350.10875209070366,343.63398102406296,349.7029069455722,134473300
2022-06-17,346.8057861328125,350.1424810150499,343.3079900767023,346.47403747740344,111113900
2022-06-21,355.5361022949219,356.92005638665404,352.44587608946637,352.521725834006,76811900
2022-06-22,354.8914794921875,358.99595685720385,350.90071887328156,351.3178056312109,90059400
2022-06-23,358.370361328125,359.1002487608876,353.46963484148904,357.0243321478926,79292100
2022-06-24,369.7642822265625,369.77377067490386,361.5079146879787,361.5363511048066,98050300
2022-06-27,368.35198974609375,370.97771602411575,367.2618882407592,370.6838633295004,66009600
2022-06-28,360.825439453125,372.68391795995,360.7116937770823,369.9065216331798,86548900
2022-06-29,360.5316162109375,362.36109348225904,358.7116273894593,361.3752782573753,65676000
2022-06-30,357.6025390625,360.8349471944622,353.1567954408799,356.6451313576215,112508300
2022-07-01,361.384765625,361.8208293565842,354.33224330989844,356.94850998659183,74839700
2022-07-05,362.0672302246094,362.0862071237408,353.4790840960441,356.30389388763615,81438000
2022-07-06,363.29010009765625,365.7736442291068,359.8302001680812,362.2094581257224,70426200
2022-07-07,368.73114013671875,369.52738892243804,363.3090402764563,365.0626968664323,64525900
2022-07-08,368.4277648925781,370.29516685698064,365.5745188691098,367.1006548819058,72397800
2022-07-11,364.218994140625,366.72148571389,363.527002730403,365.7546185718872,58366900
2022-07-12,360.99609375,366.0485198112267,359.251925711996,363.6692331147653,62219200
2022-07-13,359.10028076171875,362.02937706003513,355.14747320454023,355.5645600399159,84224600
2022-07-14,358.2281188964844,359.30873165299323,351.71591915630887,354.15204931462455,89704800
2022-07-15,365.0721740722656,365.185919762693,360.72122784420594,362.6265260152687,79060400
2022-07-18,362.05780029296875,368.82592927824663,360.83497625525047,368.1529146526756,63203600
2022-07-19,371.8403015136719,372.40905889172745,365.31864088700104,365.97267860433266,78506000
2022-07-20,374.2101135253906,375.62253303614597,370.6649043931411,372.02991057920354,71843800
2022-07-21,378.0207214355469,378.068105826219,371.2336162126565,373.6318507302927,64903900
2022-07-22,374.513427734375,379.33833343517273,372.29530007355766,378.1439748043947,72197300
2022-07-25,374.9684143066406,375.8215358224329,372.7313098957775,375.1390328241593,53631500
2022-07-26,370.53216552734375,373.53705331768873,369.6411191276845,373.3285099278068,52946400
2022-07-27,380.153564453125,381.8977324950311,373.5275888700464,373.82144153900765,82342100
2022-07-28,384.92156982421875,385.61353235014826,377.4140367716771,380.95927437369363,73966600
2022-07-29,390.5332946777344,391.51913892921795,385.58515437514285,386.3529667558723,87003700
2022-08-01,389.3768005371094,391.8793213752261,387.1302364241008,387.8411758992656,69997500
2022-08-02,386.8079528808594,391.4906766053588,385.63254218875403,387.8127450392465,63435400
2022-08-03,392.8651123046875,394.03103437189844,388.64686041910363,388.93122459935086,67820600
2022-08-04,392.5997009277344,393.4717703766951,390.9597903262571,392.7892674075008,45656600
2022-08-05,391.9361572265625,392.5807353471059,388.26771450946586,388.3245873478551,56814900
2022-08-08,391.48114013671875,395.8700106498597,390.3815503961838,393.6234467801919,53886100
2022-08-09,389.9265441894531,391.25362520037476,388.85539093228897,390.75122921309026,44931800
2022-08-10,398.1166076660156,398.258818700046,395.01692204612334,396.96963344138766,68665700
2022-08-11,398.1166076660156,402.8183081055924,397.3772317875,400.96036549541424,59489700
2022-08-12,404.8563232421875,404.9605804756404,399.10244636975136,400.0503656332881,61694500
2022-08-15,406.5246276855469,407.04600061972724,402.5907686609456,402.64764150057266,54048300
2022-08-16,407.32098388671875,409.24525914057574,404.64784419568446,405.4535814834621,59289000
2022-08-17,404.4297790527344,407.1313549468698,402.42968313864895,403.7283280008868,63563400
2022-08-18,405.605224609375,406.2876987703884,403.3396834770453,404.6288399076743,49023200
2022-08-19,400.1546630859375,403.11216664311075,399.28256461046794,402.84675039895933,68016900
2022-08-22,391.8224182128906,395.5003494416631,390.92188337608326,395.329701995395,77695600
2022-08-23,390.8745422363281,393.7846615275958,390.32473282411485,391.3958862975145,49105200
2022-08-24,392.1257629394531,393.49074002484474,389.9645082393007,390.64698231789686,49177800
2022-08-25,397.6616516113281,397.7090360070508,392.52391605971974,393.614017515164,50942300
2022-08-26,384.2012023925781,398.0882155528186,384.1443295439162,397.5479234905298,103087000
2022-08-29,381.6607971191406,384.70361032886984,380.3052793040388,381.2531987151374,65370800
2022-08-30,377.4709167480469,383.0541750206006,375.3760233037477,382.81719520790887,85652400
2022-08-31,374.5987548828125,380.3431437236325,374.4660612189248,379.10137171228644,76029700
2022-09-01,375.7741394042969,376.1153764284115,369.7264103214383,372.42798580847113,78740100
2022-09-02,371.8118591308594,380.64647400085363,370.0013297859772,379.4331384469464,99632100
2022-09-06,370.40899658203125,373.5939919026862,368.19086864195987,372.6555609471726,76637400
2022-09-07,377.0633239746094,377.8311362647998,369.8781086762223,370.0961115930664,70964200
2022-09-08,379.52789306640625,379.98287576733065,373.59390963079943,374.79778552612436,80821700
2022-09-09,385.4239501953125,386.2865601335256,381.49955084530114,381.7649670625823,76706900
2022-09-12,389.5663757324219,390.2868036201907,387.1870891554379,387.49043025851944,69256300
2022-09-13,372.6270751953125,382.10626800654813,371.5085373863549,380.90239200547273,122947100
2022-09-14,374.0489501953125,375.5656268148488,370.7501807174359,373.9257160615463,85023700
2022-09-15,369.80218505859375,375.3380289874275,368.53197696896837,372.4942717612886,87633800
2022-09-16,366.98101806640625,367.6377713603656,363.6972515966094,365.629459872336,103084800
2022-09-19,369.8270263671875,369.8270263671875,363.763980617156,363.84014194343365,73278500
2022-09-20,365.5819091796875,367.51408871168167,362.83118428153335,366.5051690967704,77274900
2022-09-21,359.20477294921875,370.55036925173334,359.1952455228189,367.504555601014,106746600
2022-09-22,356.1875,360.0708846733697,355.44508694272207,358.4337649769324,89472600
2022-09-23,350.21966552734375,352.7609904104437,345.78421269474035,352.7229097506912,122346900
2022-09-26,346.7549743652344,352.3706649749916,345.5366549480429,348.7537873746805,92581200
2022-09-27,345.8699035644531,352.5516221250691,343.48084301099055,350.28630194167937,108294100
2022-09-28,352.6753234863281,354.3600222961964,345.1274522170946,346.821678453464,110802200
2022-09-29,345.30828857421875,349.4200991606359,342.367189530678,349.1345668445761,112952300
2022-09-30,339.9686279296875,348.2779675279083,339.8353891876637,344.36600021604005,153711200
2022-10-03,348.9442138671875,350.7907337489844,341.90080218718504,343.6806881754969,89756500
2022-10-04,359.75677490234375,359.78532813158415,348.90611208555885,354.45516931282157,103602800
2022-10-05,358.9192810058594,361.17507392455065,353.07516233117366,355.39758915348943,88065700
2022-10-06,355.2166748046875,360.4706728707626,354.7217133827097,357.52004633285617,82333500
2022-10-07,345.30828857421875,355.3023262947486,343.5474284997668,351.19048666130027,107789500
2022-10-10,342.6717834472656,346.65988314467035,340.43504562807703,346.42192984075376,76042800
2022-10-11,340.5015869140625,345.5366860181765,338.5694076088321,340.9774934330555,92482800
2022-10-12,339.37847900390625,342.48139902682294,339.1309983011124,340.91091321016154,76991800
2022-10-13,348.3350830078125,349.8008834901985,331.3356839052994,332.3826842498608,147254500
2022-10-14,340.39697265625,352.41837848921915,339.7592450066515,350.7907569397952,123737000
2022-10-17,349.14410400390625,350.24821073516875,340.0637984886666,346.4695113964719,93168200
2022-10-18,353.2464599609375,357.3583002169347,349.8103989866183,357.05371300233446,97162900
2022-10-19,350.7431335449219,353.9317132956456,347.9352732315164,351.2095126771094,79746900
2022-10-20,347.80206298828125,354.7122360773966,347.0405950042413,350.2958089110657,88283100
2022-10-21,356.254150390625,356.7395553428867,346.0221590756883,347.5260110650035,131038400
2022-10-24,360.6134948730469,361.74615500669046,355.1310410528587,357.77710987202045,85436900
2022-10-25,366.3719787597656,366.6860643599622,360.4231457883191,360.53735873384517,78846300
2022-10-26,363.61163330078125,368.90371186098525,362.9739347843384,363.2309138667366,104087300
2022-10-27,361.6700134277344,366.44810554176166,361.0513115703601,364.6111129190357,81971800
2022-10-28,370.27435302734375,370.75025961760167,361.3844214069697,361.5652682350303,100302000
2022-10-31,367.59979248046875,369.68426585196175,366.6955873080766,367.81871998807645,96631300
2022-11-01,365.9912109375,371.57837896955164,364.8204992604764,371.3404256632253,85407600
2022-11-02,356.80621337890625,369.90317244332704,356.7015278683844,365.4010855031739,126990400
2022-11-03,353.1322326660156,356.1685191668986,351.01920615203176,353.5700586148132,87100100
2022-11-04,358.21490478515625,360.61346359996287,352.170885136249,358.8335775577456,103505200
2022-11-07,361.64141845703125,362.231537963315,357.4343915475703,359.50933724612685,68286900
2022-11-08,363.5926513671875,366.5623039769019,359.5188919325988,362.74552365571884,84641100
2022-11-09,356.10186767578125,362.77408732506177,355.6069062348671,361.6223724698831,78495500
2022-11-10,375.6711120605469,376.00425245255667,367.0572151863192,369.3510591794325,141455800
2022-11-11,379.3070983886719,380.1066180137116,374.64319033872147,376.5277909851231,93839900
2022-11-14,376.0803527832031,380.89652430181656,375.8043188764604,377.54615295535484,71903500
2022-11-15,379.28802490234375,382.9239582221826,375.4807721813481,381.8198514474499,93194500
2022-11-16,376.3945617675781,378.6122738619531,375.76636153620575,377.66046061084984,68508500
2022-11-17,375.2427978515625,375.91860608551974,371.34038726892305,371.6449453937852,74496300
2022-11-18,376.946533203125,378.640759324959,374.10062138676545,378.57412543802,92922500
2022-11-21,375.575927734375,376.7466683045898,373.73893542221714,375.62353581760493,51243200
2022-11-22,380.630126953125,380.79194799230964,376.1090138482937,377.51770796736366,60429000
2022-11-23,383.0286865234375,383.51409151080327,380.06853232216565,380.29695819857307,68261600
2022-11-25,382.9429626464844,383.4950305265415,382.191051189936,382.4670560829331,30545400
2022-11-28,376.8323974609375,381.49627670237254,376.07092941217024,379.8591567063179,67881600
2022-11-29,376.18511962890625,378.1553507626501,374.34809818392904,376.96558433179973,52310000
2022-11-30,388.0351867675781,388.0351867675781,374.51945716113363,376.4325818837763,144566700
2022-12-01,387.7496643066406,390.24341023181614,385.2463909544575,389.0726695441886,76398200
2022-12-02,387.30230712890625,388.20651222768515,382.76216868711776,382.86685419503635,85342700
2022-12-05,380.3350524902344,385.4177317516839,378.9834939436765,384.48497335823737,77289800
2022-12-06,374.8525695800781,380.7157422182558,372.7681254520418,380.17323078475664,77972200
2022-12-07,374.2148742675781,376.5753814167961,373.0822142567911,374.0054742055746,65927900
2022-12-08,377.1464538574219,378.2124799961138,374.3195674856605,376.09948257287107,60737900
2022-12-09,374.3291015625,378.459967446831,374.20536119651905,375.90911499149865,81447700
2022-12-12,379.7258605957031,379.7258605957031,374.4528077117335,375.119059475854,75405800
2022-12-13,382.600341796875,390.70977956297014,379.8400894083029,390.45280046353844,123782500
2022-12-14,380.1542053222656,385.9602719426471,377.2131058725146,382.2577044665144,108111300
2022-12-15,370.85498046875,376.20416598654884,369.1988348015829,375.2999318308924,117705900
2022-12-16,366.4766540527344,369.6416209558771,364.34438227509384,368.3029691083944,119858000
2022-12-19,363.3690185546875,367.0025351167428,361.70526779936387,366.6678648941245,79878100
2022-12-20,363.86627197265625,365.48222528681765,361.2941346468216,362.61367325179793,74427200
2022-12-21,369.3069763183594,370.435266494614,365.92207660917404,366.4575373430041,78167400
2022-12-22,364.038330078125,369.28777027212345,358.34902428686854,366.2662256920997,100120900
2022-12-23,366.13238525390625,366.2758070046261,361.4662030943732,363.01521636298173,59857300
2022-12-27,364.6885986328125,366.36192075609665,363.0152765095284,366.01770849733794,51638200
2022-12-28,360.15625,366.59137848650926,359.9267751898031,364.6216127041186,70911500
2022-12-29,366.63916015625,367.5092910145083,362.47018314198056,362.9961017998292,66970900
2022-12-30,365.6734313964844,365.8168531569802,361.84869548769285,363.961883087202,84022200
2023-01-03,364.1339111328125,369.49808808826083,361.27490181125125,367.52835185196017,74850700
2023-01-04,366.94512939453125,368.9722345195995,363.34986872415914,366.3905264117615,85934100
2023-01-05,362.75701904296875,365.1092230485303,362.16418974875853,364.99448566002695,76970500
2023-01-06,371.0758361816406,372.19458418736764,362.7857380848977,365.8455090657922,104189600
2023-01-09,370.865478515625,376.44961824670435,370.6838304181261,373.26550947515705,73978100
2023-01-10,373.46624755859375,373.5331874264222,369.3450978055792,370.28216841393834,65358100
2023-01-11,378.18988037109375,378.26639143115705,374.231293835196,375.04405606095594,68881100
2023-01-12,379.5667419433594,381.0297021014003,375.2256881711222,379.2894696301709,90157700
2023-01-13,381.039306640625,381.6130228505716,376.10539392375364,376.3731242643396,63903900
2023-01-17,380.34124755859375,382.69348088927234,379.66236518124305,381.0201591163604,62677300
2023-01-18,374.33648681640625,382.58835989011226,374.1356963351264,381.5270095943542,99632300
2023-01-19,371.611328125,373.94439001524745,370.29178966269103,372.2997525257694,86958900
2023-01-20,378.53411865234375,378.6871115907864,371.36273880270227,373.0073764154368,91806400
2023-01-23,383.0760192871094,385.00750055643533,378.38115211629884,379.3373361629709,84178800
2023-01-24,382.664794921875,383.57315208650715,380.21696655885887,381.4026252152029,59524900
2023-01-25,382.8082580566406,383.14292828207675,376.3157607326886,378.6010544265812,84800300
2023-01-26,387.01544189453125,387.17800600043023,382.5022526217131,385.46642861189923,72287400
2023-01-27,387.9046936035156,390.2760402786123,385.7628509166012,385.97321255052447,68346200
2023-01-30,383.0376892089844,387.37877210654403,382.7412745466371,385.1508473703547,74202000
2023-01-31,388.6695861816406,388.7173836975877,383.2097558893338,383.553997217556,86811800
2023-02-01,392.8004150390625,395.5446879066577,384.7206769345852,387.4553494430604,101459200
2023-02-02,398.5183410644531,399.9813013244029,394.78922953717114,396.68245506156615,101654500
2023-02-03,394.2824401855469,398.7000051703591,393.0776391240828,393.55573107794413,94736800
2023-02-06,391.87286376953125,393.2689133762878,390.2186841761235,391.834637420615,60295300
2023-02-07,396.99798583984375,398.241013206568,389.7118693730586,390.9548967397829,90990700
2023-02-08,392.6569519042969,396.36695047559357,391.9684982603406,395.02829871801737,76227500
2023-02-09,389.2528991699219,396.40516522520073,388.028984948847,396.25217230001425,78694900
2023-02-10,390.1612548828125,390.54372257551336,387.26401906949224,388.0767519738261,70769700
2023-02-13,394.7414245605469,394.8753043260224,390.352543539111,390.8115223602018,64913500
2023-02-14,394.5596923828125,396.8640696336887,390.61064866854656,393.22101173495633,88389300
2023-02-15,395.841064453125,395.9175463340548,391.52866525765285,392.3701118499811,61555700
2023-02-16,390.3907775878906,394.8179138959173,390.25692701019995,390.8784407346895,76431500
2023-02-17,389.4154357910156,389.65448174842203,386.34606468801917,388.26800352329917,89257800
2023-02-21,381.60345458984375,386.4513142893378,381.34529542458307,385.39950609313314,82655900
2023-02-22,381.0775146484375,383.55402728513724,379.62409654042705,382.0145561334285,83742300
2023-02-23,383.1047058105469,384.5772374212778,378.8879306391957,383.9652656213402,96242400
2023-02-24,379.01220703125,379.84408241701556,376.39227228887677,378.0942785897589,108194400
2023-02-27,380.30303955078125,383.7070519585176,379.365968807818,382.3492579579314,80444700
2023-02-28,378.8974609375,381.78512595829335,378.79226552930106,379.82496053517093,96438600
2023-03-01,377.4440612792969,379.30863174384257,376.1436650512144,378.0847173960627,99706800
2023-03-02,380.3795471191406,381.2209936912257,375.1396483986959,375.4743186281051,85127800
2023-03-03,386.4799499511719,386.7285670881584,381.54603781817946,382.1962358283126,90120000
2023-03-06,386.74774169921875,389.5971805098177,386.30790523195174,387.3023155770407,72795900
2023-03-07,380.8193359375,386.9389359941927,380.2073934400801,386.69989002886615,108310600
2023-03-08,381.4408874511719,382.19625170885286,379.212962662717,380.9341111603913,74746600
2023-03-09,374.40338134765625,383.88873887527785,373.41851305631604,382.2249589763906,111945300
2023-03-10,369.0009460449219,375.93327957719293,367.4806170891498,373.8583475978051,189253000
2023-03-13,368.4749755859375,373.28460811867615,363.9713580532645,365.0805347641921,157790000
2023-03-14,374.56597900390625,376.2106166958166,370.09101558517847,373.3898621469937,149752400
2023-03-15,372.2232360839844,372.4240265155613,366.8972852061237,368.98178810972763,172996900
2023-03-16,378.7539978027344,379.0982391870772,369.36429390384325,369.87107021323396,143254200
2023-03-17,374.3253479003906,378.55821591341066,372.94318572096427,377.4256197444262,140553400
2023-03-20,377.9247131347656,378.33746367070916,374.40214170963634,375.1028011958168,93055800
2023-03-21,382.8870544433594,383.36697102971766,379.69079357481445,381.28412015653794,91524200
2023-03-22,376.3601379394531,386.32321007597335,376.3217657060295,382.7142575848104,111746600
2023-03-23,377.3776550292969,383.25182988301947,374.6709182110407,379.2205184817109,119351300
2023-03-24,379.8540344238281,379.9404159071664,373.7590870150187,376.1010826470393,107682400
2023-03-27,380.5642395019531,382.89665633801565,379.67160169490063,382.1287722364247,74010400
2023-03-28,379.71002197265625,380.5642582938647,377.8767370350477,379.8731772141997,62871700
2023-03-29,385.2290954589844,385.4690537806492,382.6663276952182,383.86611930354206,77497900
2023-03-30,387.4847106933594,388.10859647318574,385.62263176835995,387.8590304445402,69840000
2023-03-31,392.9460754394531,393.24362134845586,388.30045759381215,388.4060544634671,112062600
2023-04-03,394.4434814453125,394.84659500245755,392.03429064106433,392.4278257842298,67391100
2023-04-04,392.25506591796875,395.37452397054454,390.88248211307797,395.08655642138893,66601500
2023-04-05,391.22796630859375,392.28378854696774,389.57705225180376,391.52551221780175,65200200
2023-04-06,392.7541809082031,393.0325407601975,389.3851567329968,390.4313714897771,63743300
2023-04-10,393.1572265625,393.23402961478297,389.66344926995697,390.2777272293107,63681000
2023-04-11,393.2628173828125,394.66416550169424,392.49496262249465,393.78113545650683,59297900
2023-04-12,391.6599426269531,395.6144801885437,391.07445840947173,395.32651264091214,86420400
2023-04-13,396.86224365234375,397.21737725795947,391.60234704835096,392.7445509263928,85814800
2023-04-14,395.892822265625,398.4171884519207,393.5892282764297,396.2287697684171,78161500
2023-04-17,397.3133850097656,397.3325711300684,394.5778543396015,395.80643975007484,66436400
2023-04-18,397.57244873046875,399.0218060432113,396.199894466918,398.887415353016,63560000
2023-04-19,397.50531005859375,398.4075262603893,395.60482989922565,395.66241754419593,55227300
2023-04-20,395.33612060546875,397.08302413683805,393.79077385332334,394.69301944461137,75840400
2023-04-21,395.64324951171875,396.10395069254025,393.6947893230702,395.6336418065236,73457400
2023-04-24,396.0560302734375,396.4783592805185,394.10756979195463,395.4417228843057,64332100
2023-04-25,389.7690124511719,394.6449810037149,389.71142480850085,394.08826140218645,97766700
2023-04-26,388.11810302734375,391.4583328014488,387.56141271088387,390.3833244029181,80447000
2023-04-27,395.8448181152344,396.11357024267807,390.40255091976803,390.65211692803183,92968400
2023-04-28,399.2234191894531,399.23302689490464,394.9041697532796,394.9617574024191,89433100
2023-05-01,398.82037353515625,400.84560788880884,398.58999360759657,398.78197199859795,62122300
2023-05-02,394.337890625,398.1580375216088,391.4392047424731,398.11002828382885,103998500
2023-05-03,391.63116455078125,397.24619509986604,391.3912062306647,394.837004192524,91531800
2023-05-04,388.857177734375,390.9112052798367,387.52299570222164,390.5848655498766,94901900
2023-05-05,396.0560302734375,397.10224508450085,392.2263046733684,392.4854491265273,87891800
2023-05-08,396.16156005859375,396.64147667611564,394.76021173712985,396.3823322476967,50046800
2023-05-09,394.4242858886719,395.53769601743005,394.19393527299343,394.61626426292884,49220100
2023-05-10,396.26715087890625,397.88927136463667,392.44700411687967,397.25577792419296,96142900
2023-05-11,395.57611083984375,395.86404911911495,393.5028673537258,395.40334787228096,70157100
2023-05-12,395.0577392578125,397.0254148728848,392.63897016343816,396.8142503993596,70481500
2023-05-15,396.4207458496094,396.82385941720236,393.75241054660967,395.66246936913564,54289400
2023-05-16,393.7715759277344,396.2383543170176,393.761968222226,395.31689334176326,57705500
2023-05-17,398.5515441894531,399.1562144912637,394.14591338269895,395.78721992832476,87287000
2023-05-18,402.3908996582031,402.8132286270494,398.0140624281471,398.23480532655367,97177200
2023-05-19,401.80535888671875,403.82101441184767,400.58638129995114,403.29311788250186,103793300
2023-05-22,401.96856689453125,403.50430592203884,400.58640469895295,401.8245977682805,60745400
2023-05-23,397.4573669433594,401.9013998007867,397.0638317760762,400.32725913165393,86383500
2023-05-24,394.5778503417969,396.238372422446,393.4164603018304,395.85444497777297,89213700
2023-05-25,397.994873046875,399.44423070710803,395.84485582251955,398.0812545290906,90961600
2023-05-26,403.1492004394531,403.8690754650195,398.57080582189553,398.64757960290177,93830000
2023-05-30,403.3026428222656,405.6062362776454,401.92048089068174,405.07833981829293,72216000
2023-05-31,401.0663146972656,402.3812815149699,399.50178187032054,401.4790359496369,110811800
2023-06-01,404.8768615722656,405.9326839874396,400.0489015795839,401.2966730663804,88865000
2023-06-02,410.7318420410156,411.5188830151562,406.92130300774403,407.44919955900986,91426200
2023-06-05,409.9447937011719,412.3635629860605,409.2441048720611,411.0773899248413,65460200
2023-06-06,410.83740234375,411.3652988856477,408.8793344192004,409.53204325524,64022200
2023-06-07,409.4167785644531,412.36347307815913,408.9944496762186,411.2308771014304,85373300
2023-06-08,411.8931884765625,412.34431121135276,408.71614321581194,409.48399798951436,61952800
2023-06-09,412.63226318359375,414.63831094166113,411.6436362158996,412.689850828952,85742800
2023-06-12,416.3756103515625,416.45241340725585,412.8914406087862,413.61131547404943,76104300
2023-06-13,419.1208190917969,419.7638910098273,417.17235863286135,417.83464596394765,95899700
2023-06-14,419.619873046875,421.4243641568749,416.1740753599218,419.45671780561304,100612100
2023-06-15,424.8221740722656,426.0699454976172,418.7080413628314,418.8040012480244,110303100
2023-06-16,423.37518310546875,427.3732818174655,422.90312715218045,426.80488011436864,114165800
2023-06-20,421.1785888671875,422.32503554227975,419.1072877770987,421.4387253030806,76160400
2023-06-21,419.02056884765625,420.9955241203809,418.43288044222425,420.19591625792975,76982300
2023-06-22,420.5331115722656,420.6390713007603,417.72961825633774,418.06681362984074,70637200
2023-06-23,417.3539123535156,419.1362056994903,416.64100677536294,417.08416191308544,92074500
2023-06-26,415.648681640625,418.70263864501453,415.4078319979814,416.7854848977608,72823600
2023-06-27,420.2055969238281,420.8221567639146,416.0726085341393,416.52540707007813,72813700
2023-06-28,420.41754150390625,421.4290983033547,418.5100016357142,419.1265614695,75636000
2023-06-29,422.0745544433594,422.2383451446893,419.5986423394109,420.00325329466176,67882300
2023-06-30,427.0553283691406,428.0379843526411,424.96474047999936,425.28267848094407,104964000
2023-07-03,427.546630859375,427.8259952574617,426.4290850652605,426.7084788639364,32793400
2023-07-05,426.91082763671875,427.6430199831629,425.7258367708566,425.7354801650757,58418400
2023-07-06,423.5678405761719,423.991738320798,421.06299828536083,423.3366343156822,80658300
2023-07-07,422.4984436035156,426.438769743823,422.2575939538954,422.5755319557256,86134200
2023-07-10,423.5678405761719,423.7412452715391,421.57359837767063,422.1420000351028,62443500
2023-07-11,426.2653503417969,426.7566930521444,423.3558970583311,424.32893908451956,64463800
2023-07-12,429.6950378417969,431.1016209821125,428.62567949600117,430.0515200243212,91924500
2023-07-13,433.1054382324219,433.8954320784897,431.0726814584312,431.5061931540125,72425200
2023-07-14,432.8357238769531,434.83958003816,432.07463074719146,433.991813962652,69815800
2023-07-17,434.3385925292969,435.3886934056767,432.6430016974079,432.6911892645716,52680200
2023-07-18,437.5660095214844,438.2114701147798,433.5775252322227,434.0110663595222,80668200
2023-07-19,438.5390930175781,439.72405458332963,437.48896257877516,438.35604491544507,65891700
2023-07-20,435.6295471191406,438.44268380742795,434.9166416038705,437.54673021651973,70591600
2023-07-21,435.6295471191406,437.54673021651973,435.6199331260899,437.34439535359957,71275600
2023-07-24,437.57562255859375,438.38487379289774,435.7451418375123,436.77598531715506,54023400
2023-07-25,438.77020263671875,440.02260889064576,437.2576599788585,437.305847542833,55191200
2023-07-26,438.8376770019531,440.26348802035136,436.7856334140258,437.8357342912967,71052900
2023-07-27,435.92828369140625,442.62391665220645,435.0226865294984,442.21927624770876,92194400
2023-07-28,440.1960754394531,441.0245840745933,435.92819754722996,439.1941327220315,80011800
2023-07-31,441.0342102050781,441.39066294813205,439.3578768125751,440.6681140687776,62040400
2023-08-01,439.77215576171875,440.5139620189602,438.81837125887813,439.569820909262,55291500
2023-08-02,433.65460205078125,436.9205079074881,432.90315234388123,436.6604008783812,93933400
2023-08-03,432.41180419921875,434.29044314301314,430.995607146359,431.6410971149184,64276100
2023-08-04,430.4561462402344,436.3232404604835,429.9359027397443,434.2230384704291,100128900
2023-08-07,434.2134094238281,434.36755674020003,431.5929638466943,432.28661207007076,58357500
2023-08-08,432.32513427734375,434.2037733620173,428.9724964679823,431.67964426037906,71361300
2023-08-09,429.43487548828125,432.7586120279548,428.6737824515494,432.59482134894097,78789600
2023-08-10,429.5890808105469,435.16716703483127,428.42337671620794,431.7856284811605,93005500
2023-08-11,429.3385314941406,430.35011754971424,427.1227267257981,427.7200290859293,68690900
2023-08-14,431.7085266113281,431.7085266113281,428.1150686990038,428.4233633029166,47867400
2023-08-15,426.67962646484375,430.2923712690211,426.1111954097984,429.9358890851779,75707500
2023-08-16,423.5486145019531,427.9224233894094,423.4426253576642,426.26537646534126,80107200
2023-08-17,420.32122802734375,425.2730820684876,419.8009844959738,425.0129750031002,95711300
2023-08-18,420.5234680175781,421.5543115245304,417.1612164787308,417.5080258452247,98852000
2023-08-21,423.25958251953125,424.00138893640195,419.38673031886054,421.5350906095178,68719000
2023-08-22,422.11309814453125,425.0321947779214,421.55433988295033,425.0321947779214,64994200
2023-08-23,426.8145446777344,427.43113398661325,423.0283946673013,423.17289859888336,68441000
2023-08-24,420.8992919921875,428.924390605147,420.87036180525274,428.4137904461063,88517300
2023-08-25,423.8664855957031,425.1477928046301,419.0783933508206,422.62369316256587,102325100
2023-08-28,426.55438232421875,427.1709421526019,423.8664919427265,426.05339622552776,61595400
2023-08-29,432.7200927734375,432.9994865828607,426.26531078000176,426.44835885508,83081900
2023-08-30,434.5024108886719,435.1382574911251,432.35402143192493,433.05731299234867,69053900
2023-08-31,433.8665466308594,436.2557562391773,433.6834985527266,435.1189529964718,66084600
2023-09-01,434.6758117675781,437.06505085275637,433.2210704898494,436.5833515582069,58944100
2023-09-05,432.79718017578125,434.55057269413254,432.72976461783867,434.23266409054196,55166200
2023-09-06,429.8877258300781,432.093916863234,427.56593166865076,431.9879277285903,70758500
2023-09-07,428.56793212890625,429.2422936014499,426.54478891008307,426.89159834157476,70355400
2023-09-08,429.2133483886719,430.74514868706615,428.25959315019446,428.61604594030854,61659700
2023-09-11,432.0361022949219,432.34436749416994,430.12856253408137,431.83376742594476,60180100
2023-09-12,429.6661071777344,432.1131477113599,429.08809157187744,430.5909909482861,67565400
2023-09-13,430.1671142578125,431.3231749266096,428.78943192828973,429.8877204342684,60199300
2023-09-14,433.87615966796875,434.56980780447236,431.33280276784916,432.63339669886733,83430800
2023-09-15,428.64874267578125,432.62229333118586,428.21370176743056,432.2935859212208,111848900
2023-09-18,428.90008544921875,430.1955896700722,427.86560575276553,428.3393267614431,55752200
2023-09-19,428.0106506347656,428.57140936349316,425.33263382268484,427.9816479077142,66514600
2023-09-20,424.0757751464844,429.68318495179983,423.8727265693422,429.2674693964477,82562600
2023-09-21,417.0665283203125,421.4944451347644,416.9118372759941,421.2334205936458,104095800
2023-09-22,416.128662109375,419.6864669998817,415.7129170916107,418.0912582939372,100829700
2023-09-25,417.8786315917969,417.91728222441265,414.4851650567311,414.92023546020613,70874500
2023-09-26,411.73944091796875,415.54862280920696,410.90798029741677,414.84285049792544,96168400
2023-09-27,411.9037780761719,413.4700137261174,408.2686420542666,412.90925504168933,104705800
2023-09-28,414.2917175292969,415.96428646714304,410.7629154217767,411.35267675993066,92258300
2023-09-29,413.2863464355469,417.5112441372113,411.76846823252566,417.3372277775056,115111300
2023-10-02,413.1219482421875,414.3691244055631,410.36657139466814,412.454856073705,83798600
2023-10-03,407.5918884277344,413.1799731499237,406.2287013020404,410.94667474306095,103760600
2023-10-04,410.5599670410156,411.3043900178651,406.59609392791054,408.0559666596498,87453000
2023-10-05,410.4052429199219,411.2463514179395,407.1858225474584,410.269877205424,70142700
2023-10-06,415.27789306640625,416.8150963910029,406.63472757769614,407.9592344326086,113273300
2023-10-09,417.93658447265625,418.5069910271343,412.8318987010215,413.3829504373266,80374400
2023-10-10,420.1119079589844,422.70291641435927,418.16863686530417,418.56502711101643,78607300
2023-10-11,421.832763671875,422.0841107631383,418.79700772466646,421.17534896503963,62451700
2023-10-12,419.2611389160156,422.8189443567332,416.91182957643576,422.4419089154139,81154200
2023-10-13,417.1728210449219,421.9584770278049,415.60661494268294,420.7596289275812,95143100
2023-10-16,421.5620422363281,422.62552450947527,419.17405320201783,419.4157523775379,75433200
2023-10-17,421.542724609375,423.59235858221746,418.09128250171426,418.43931518310666,75324700
2023-10-18,415.9256286621094,420.7306097718711,414.8428210042976,419.77349041439385,93559800
2023-10-19,412.2711486816406,418.44899434083845,411.5944086302288,416.64108906158174,121323000
2023-10-20,407.2051696777344,412.3775387523352,407.09880668145956,411.8361348739324,123919900
2023-10-23,406.4993591308594,410.3568982821464,403.9276761980999,405.67757598059893,92035100
2023-10-24,409.5641174316406,410.71460793995783,406.77006062450005,408.61664598235126,78564200
2023-10-25,403.68597412109375,407.9109007331841,403.17357302000806,407.8818980106432,94223200
2023-10-26,398.85205078125,403.47333880031834,397.93361142540357,402.6225823087564,115156800
2023-10-27,397.0440979003906,400.83395429205797,395.6229054415524,400.43756406837696,107367700
2023-10-30,401.7911071777344,402.84491222424634,398.53300645045545,399.82851071417565,86562700
2023-10-31,404.314453125,404.63348310254605,400.45691364342605,402.361504611754,79665200
2023-11-01,408.6263427734375,409.43844855236455,404.74947812853236,405.28123407598383,98068100
2023-11-02,416.4574279785156,416.61211901779166,412.39686933434086,412.41619465013827,94938900
2023-11-03,420.25689697265625,421.8037777300333,418.6326854543438,418.75837375712325,100167800
2023-11-06,421.22369384765625,421.66841210779677,419.2804228673673,421.0109973746679,67831700
2023-11-07,422.4225158691406,423.0606052933152,420.0828841514639,421.22369728667144,64256100
2023-11-08,422.73193359375,423.5440394282341,420.43095231056213,423.02196085453033,61746000
2023-11-09,419.4351501464844,423.91142437106953,419.00975716373983,423.8727442351021,83174400
2023-11-10,425.9803466796875,426.28972875327344,419.42546520511473,421.5041020397778,89462200
2023-11-13,425.5742492675781,426.67638218285714,423.863029699829,424.6461326803493,52236100
2023-11-14,433.83074951171875,435.1165763059157,431.2783917339626,431.50076562505876,97176900
2023-11-15,434.7491760253906,436.39274237985995,433.8983901244557,435.16489156652574,77327600
2023-11-16,435.28094482421875,435.59997479434537,433.24098818272,434.30447059030485,66665800
2023-11-17,435.82232666015625,436.43141334936854,434.3721314970017,435.29057073108856,83133200
2023-11-20,439.1771240234375,440.01823251915994,435.56128392675316,435.5709613361329,69936200
2023-11-21,438.2200012207031,439.0514618608499,436.9534996970191,438.13299304399567,49244600
2023-11-22,439.91192626953125,441.2267854299995,438.8194705277012,439.8732756356209,59394900
2023-11-24,440.1826171875,440.3759883694041,439.63156537724313,439.96027278304024,29737400
2023-11-27,439.3898620605469,440.3663068584605,439.0031197003399,439.55420100976517,50506000
2023-11-28,439.8248291015625,441.1203331786689,438.44231685931027,439.00304598057033,62115000
2023-11-29,439.5154724121094,443.10230972873876,439.1191116939092,441.97114450802434,63146000
2023-11-30,441.2460632324219,441.59412543023933,438.28766732031204,440.35662667945024,79752700
2023-12-01,443.8564758300781,444.38820233909854,440.0472935709732,440.6370255353667,89183400
2023-12-04,441.5263977050781,443.87570666050044,439.2544195055919,440.47259281771954,72430900
2023-12-05,441.4394836425781,442.3966031608258,439.76691433401015,440.14397929835064,69793500
2023-12-06,439.6605224609375,443.60504042530386,439.2254520989698,443.57603770145914,69124700
2023-12-07,443.0152587890625,443.6629960502869,441.1396708462714,441.73908007461404,66995400
2023-12-08,444.9198913574219,445.4516177863762,442.02914891320626,442.2708481089666,83194400
2023-12-11,446.6505126953125,446.8245585692723,444.214195007191,444.42689151598506,65002200
2023-12-12,448.6904296875,448.7871152745883,445.30664066950123,446.3024402574832,68327600
2023-12-13,454.8778991699219,455.12927578193285,448.709730800554,449.0674408996175,93278000
2023-12-14,456.3377685546875,458.0006602364905,453.6693999362765,456.8114895469167,119026000
2023-12-15,455.5863952636719,456.9163018501235,453.7420397034311,455.7417134699126,141553700
2023-12-18,458.149169921875,459.1296032853033,456.13009218585904,457.1881698520897,70375300
2023-12-19,460.9350891113281,461.0127630324847,458.61509172941334,458.69273602664884,55761800
2023-12-20,454.54779052734375,461.96405036999886,454.1206728290634,460.0808576886502,102921000
2023-12-21,458.8577575683594,459.1295570366737,455.1107760152546,457.5278509164755,86667500
2023-12-22,459.7799377441406,461.4592882220052,457.8870580411275,459.98377994700513,67160400
2023-12-26,461.7214050292969,462.62416447518916,460.1100117084557,460.18768563597195,55387000
2023-12-27,462.5561828613281,462.7017844285322,460.98362668768385,461.5175089754055,68000300
2023-12-28,462.7308654785156,463.56566747559816,462.31346447997436,462.91530398929757,77158100
2023-12-29,461.3913269042969,463.06096072132885,459.4401769650659,462.5367654374911,122283100
2024-01-02,458.8091735839844,459.7993234289346,456.71242227128295,458.333531951908,123623700
2024-01-03,455.062255859375,457.3919698393569,454.4604162904711,456.6542157231931,103585900
2024-01-04,453.596435546875,457.1686653982138,453.3731600721968,454.5865557790852,84232200
2024-01-05,454.2177429199219,456.66393818647634,452.7713549830218,453.8003122508208,86118900
2024-01-08,460.7021179199219,460.84771948944723,454.5865853845721,454.71278328613425,74879100
2024-01-09,460.0032043457031,461.02244496424106,457.54729244084217,458.05205442710235,65931400
2024-01-10,462.604736328125,463.4686883884697,459.99350610212235,460.275022232607,67310600
2024-01-11,462.4008483886719,464.1190060691037,458.43062113494074,463.6045274671268,77940700
2024-01-12,462.7211608886719,464.58494971105563,461.31363965656635,463.84719564870727,58026400
2024-01-16,461.0224304199219,462.6532272077025,459.2071951071508,461.34278348918724,85014900
2024-01-17,458.45977783203125,458.94513616011074,456.110630489601,458.00353981867966,68843900
2024-01-18,462.5367736816406,463.0900892897804,458.58597937392244,460.1294153145847,91856200
2024-01-19,468.3028259277344,468.58434205067863,462.5853202688259,463.6628015298727,110834500
2024-01-22,469.29290771484375,471.01106526965975,468.64251461985964,469.8365065894946,75844900
2024-01-23,470.66168212890625,470.9043613024555,468.74939868030367,469.8365966379768,49945300
2024-01-24,471.17608642578125,474.4570832439463,470.6810115413501,473.5252037178841,81765000
2024-01-25,473.73883056640625,474.0106300348732,471.1761540957068,473.30199623812143,72525000
2024-01-26,473.13702392578125,474.7969411657135,472.2925051479898,473.3117458196852,76641600
2024-01-29,476.8839111328125,477.029542315143,472.9039969579279,473.4475958586122,61322800
2024-01-30,476.51507568359375,477.2236798269538,475.7578883130134,476.1947226231299,58618400
2024-01-31,468.7396240234375,474.7580490082776,468.7201907326481,474.31152767890586,126011100
2024-02-01,474.8746032714844,474.90372358641025,469.6327095934461,470.43842101293257,91891600
2024-02-02,479.873779296875,481.5239798187347,474.971642466127,475.31139921660196,99228200
2024-02-05,478.1264343261719,479.9028622372628,475.8743943997294,479.24278207992484,75757100
2024-02-06,479.5146179199219,479.84465802363434,477.6411122849623,479.0680669349689,55918600
2024-02-07,483.5139465332031,483.93134756331705,480.8541628931194,481.75695184930976,70556500
2024-02-08,483.7275085449219,484.1060726186496,482.69855130751233,483.513949705615,52343600
2024-02-09,486.5231628417969,486.95996752942966,483.89249957484776,484.2322563033971,63979400
2024-02-12,486.30963134765625,488.75582660767503,485.59128089218916,486.49406987855394,56502300
2024-02-13,479.61163330078125,482.5334996770295,476.35003982173856,480.04846760997253,113099200
2024-02-14,483.97021484375,484.4555731763151,479.92231331563113,482.2423403647749,68387800
2024-02-15,487.3094482421875,487.4938867654942,484.19342663721847,484.6690979139186,61683000
2024-02-16,484.8825988769531,488.14419203345176,484.1448448717811,487.008470340138,75532900
2024-02-20,482.2132263183594,483.8149029118612,479.97087316267243,483.14510603430045,71736700
2024-02-21,482.6500244140625,482.8053426352379,479.1069145137689,480.9124629140013,59293400
2024-02-22,492.6386413574219,493.5996412471157,488.2898206173805,489.250850130992,76402500
2024-02-23,492.9784240722656,495.1916567031526,492.25038663284334,494.3568250348437,61321800
2024-02-26,491.1728820800781,493.8520693709636,491.0466841824756,493.4152350521733,50386700
2024-02-27,492.08538818359375,492.30866367947897,489.9692329795254,491.86214231163,48854500
2024-02-28,491.4350280761719,492.01743437576624,490.17307863790023,490.5322390639573,56506600
2024-02-29,493.2016906738281,494.8130838290683,490.5516532421677,493.1920036518268,83924800
2024-03-01,497.8320007324219,498.25911842016706,493.6676477127876,494.0753617325155,76844800
2024-03-04,497.2980651855469,499.1424502869192,497.0068620768657,497.0360120116513,49799300
2024-03-05,492.3280944824219,495.7450362651965,490.1245782125844,495.2984852488147,72855600
2024-03-06,494.82281494140625,497.07488469099843,493.53177482463775,495.59937641592427,68382400
2024-03-07,499.7345886230469,500.78297909459656,494.88100583529064,498.1135085613306,58652100
2024-03-08,496.7351379394531,503.0447667007892,496.1624186562773,500.36563844693006,86532500
2024-03-11,496.3079833984375,496.89041928478855,493.6093924281333,495.5314219659159,62557200
2024-03-12,501.64697265625,502.22937893995004,495.90028750048145,498.41446966211043,73114400
2024-03-13,500.860595703125,502.1419486738022,499.4239541516855,501.9672268025058,55104100
2024-03-14,499.87054443359375,501.9866995940405,496.8321966177629,501.831351753217,110171800
2024-03-15,496.4381103515625,498.2590153922283,494.7730358188075,496.80813351794416,107646300
2024-03-18,499.3885192871094,501.93969410963876,498.97956820958467,500.4985887866016,88893300
2024-03-19,502.1636657714844,502.44602683293346,497.69420694088996,498.6971800566581,60755300
2024-03-20,506.808349609375,506.9446864437559,501.5502289693654,502.22210687375775,69594600
2024-03-21,508.48321533203125,510.34301859328446,508.20079481953724,509.6419595938359,60256100
2024-03-22,507.5191955566406,508.8823855528386,507.2854498071945,508.39551924735605,79070800
2024-03-25,506.1170654296875,507.2660628859731,505.961234915521,506.14624650613894,48512100
2024-03-26,505.1822509765625,507.87950952715136,504.78304672651166,507.53866742888704,65463700
2024-03-27,509.4277038574219,509.4666912006187,505.8443747669276,508.00609219695343,82999800
2024-03-28,509.330322265625,510.8298490860622,509.0479612048705,509.4666590943707,96294900
2024-04-01,508.4442138671875,510.60593125263364,507.2854696375655,510.07039018205234,62477500
2024-04-02,505.21148681640625,505.3477642225264,502.9134325371014,504.62721155274875,74230300
2024-04-03,505.76654052734375,507.2661271144131,504.07225492080545,504.1209296756727,59155800
2024-04-04,499.5930480957031,510.10934946561747,499.2911933332161,509.76856679026787,96858100
2024-04-05,504.8121643066406,506.7693762627344,500.50828302932854,500.9464745680228,74546500
2024-04-08,505.0946044921875,506.5162756490336,504.2864491311744,505.51336185898396,48401800
2024-04-09,505.67889404296875,507.0713247303679,500.83941141698267,506.8278915451877,68049200
2024-04-10,500.6154479980469,502.6018412987628,498.6388015333815,499.9922448100833,82652800
2024-04-11,504.3935546875,505.8346601112469,498.6290735605831,502.1344876196163,70099000
2024-04-12,497.43133544921875,502.2707879594682,495.70780962230026,500.85886371567153,92561100
2024-04-15,491.1994934082031,501.7644698822578,490.3523209615631,501.5989519571189,92101400
2024-04-16,490.3035888671875,493.19557596027215,489.018254666714,491.676555438244,73484000
2024-04-17,487.40191650390625,492.92299427571044,486.0094858021586,492.7574466330574,75910300
2024-04-18,486.39892578125,490.88784877913054,485.46415075166374,488.7943295112607,74548100
2024-04-19,482.1534729003906,487.3142441699,480.8876025986124,486.32104754330464,102212600
2024-04-22,486.5936584472656,489.18379074188493,482.41633725230787,484.7532895605779,67961000
2024-04-23,492.36798095703125,492.79642576333276,486.40874101697625,488.59963980175917,64633600
2024-04-24,492.13421630859375,494.04272395926796,489.91410708182036,493.25400289949073,55928100
2024-04-25,490.2646789550781,491.0241892900092,484.4222826199273,486.0678932982719,69122400
2024-04-26,494.90936279296875,496.4868049205615,492.4166096033967,493.0495298783495,64306100
2024-04-29,496.662109375,497.33398732987405,493.9259228058318,496.6913201679961,46415400
2024-04-30,488.79437255859375,496.1752536684076,488.79437255859375,495.2015209263445,77483600
2024-05-01,487.2071838378906,494.84124497607075,486.7397814235659,488.2101273744075,80242800
2024-05-02,491.7641906738281,492.60161619088024,486.4281251448712,490.90730120185356,62550200
2024-05-03,497.8597717285156,499.08665465274976,495.20147091341136,497.73318173027803,72756700
2024-05-06,503.0010681152344,503.039996024656,499.81694342031363,500.25513498697876,47264700
2024-05-07,503.55615234375,504.9485829994704,502.8842743906612,503.9651034446084,52561300
2024-05-08,503.6048583984375,504.14039954055437,501.60871808767513,501.7255612666122,42047200
2024-05-09,506.5064697265625,506.5454570669787,503.1373929681529,503.7897771689901,43643700
2024-05-10,507.1589050292969,508.91161179352076,505.941739299708,508.103397108136,52233200
2024-05-13,507.2270812988281,508.9408603825465,506.0878306657376,508.83376404779614,36716400
2024-05-14,509.5543212890625,510.070428158798,506.8863031411852,507.42184425163964,57535900
2024-05-15,515.8641967773438,516.1563047340521,511.38499019072265,512.0179402902028,59504900
2024-05-16,514.8027954101562,517.5584758697495,514.6567117176663,515.9615398171848,50244800
2024-05-17,515.5427856445312,515.6109540647997,513.4687302561026,514.9195824580145,59187600
2024-05-20,516.13671875,517.5973177042522,515.2700824401487,515.6595992673854,37764200
2024-05-21,517.402587890625,517.5584184029028,515.1727614260365,515.3772666864285,33437000
2024-05-22,515.9127197265625,517.4219932520712,513.7412557847823,516.7111875279095,48390000
2024-05-23,512.14453125,519.0677572803991,510.9370526401655,518.9606609347318,57211200
2024-05-24,515.5331420898438,516.3413570270269,513.040388276308,513.9848806494027,41291100
2024-05-28,515.8932495117188,516.5748741957514,513.2641596915468,516.3411878885217,36269600
2024-05-29,512.2806396484375,513.4588773578208,511.5698339483505,511.8716886432286,45190300
2024-05-30,508.8824768066406,511.40447087133504,507.6361297457073,510.7423397089747,46377600
2024-05-31,513.5175170898438,513.6441071219834,504.7441741112185,509.8368376154552,90785800
2024-06-03,513.9360961914062,515.4064420460951,508.87267437322015,515.1240809646227,46835700
2024-06-04,514.5105590820312,515.250605333056,511.17066354967966,512.6312623824123,34632700
2024-06-05,520.6255493164062,520.6450429850004,514.8415757760073,516.8280281512839,47610400
2024-06-06,520.6159057617188,521.3559521321091,518.6879340097541,520.9275073614583,30808500
2024-06-07,519.9829711914062,522.787325920015,518.5515533208824,519.6421291117942,43224500
2024-06-10,521.5896606445312,521.9110090941606,518.5808597177815,519.1748224338155,35686100
2024-06-11,522.8457641601562,522.9041857425336,518.0744503489441,520.0414093421914,36383400
2024-06-12,527.1398315429688,529.8273428520355,526.107677431855,527.402758345961,63251300
2024-06-13,528.2012939453125,529.0581834417079,525.4164327979901,528.8829186945259,44760900
2024-06-14,528.522705078125,528.551886156822,525.6696157422205,526.6725890295746,40089900
2024-06-17,532.7291259765625,534.1216160104203,527.3833430672393,527.8410283318889,55839500
2024-06-18,534.0826416015625,534.2092316077063,532.3688625324717,532.7875604635906,41376400
2024-06-20,532.6317138671875,535.6697547200665,530.8595134643548,535.0076237066871,70328200
2024-06-21,531.9176025390625,533.031253064821,530.4620700069489,531.8101607226251,64338600
2024-06-24,530.1885986328125,534.3012597413704,530.0713785197397,531.7418545665156,45528700
2024-06-25,532.2302856445312,532.5917242597523,529.8955424418219,531.4096852385123,37936200
2024-06-26,532.8946533203125,533.6077524053179,530.4720243887124,531.1167351250136,38550600
2024-06-27,533.734619140625,534.3110010096894,532.0153114364416,532.7577451835803,35041500
2024-06-28,531.6343994140625,537.5543137581463,530.3938098387125,534.5064116818106,76144500
2024-07-01,532.728515625,533.2560061424955,529.9737236752046,533.0117876323043,40297800
2024-07-02,536.313720703125,536.313720703125,531.0776892361615,531.1265210220305,40434800
2024-07-03,538.7069091796875,539.068347757372,535.9618958708759,536.000949362856,32789900
2024-07-05,541.8133544921875,542.2138465569928,538.3747392828008,539.009731167597,41488400
2024-07-08,542.438720703125,543.3862600338458,541.3739016175886,542.5949943367658,36110500
2024-07-09,542.9661254882812,544.2946598471173,542.6730752067231,543.3959524424528,27289700
2024-07-10,548.3389892578125,548.6808713510104,543.8942239279161,544.1872742397521,38701200
2024-07-11,543.6107788085938,549.3255270030801,542.9758465360856,548.4560949063842,53054200
2024-07-12,547.039794921875,550.6346849623752,544.2655054755963,544.7343860301963,53084400
2024-07-15,548.5441284179688,551.7775792240066,546.6880438244344,549.0325654558818,40584300
2024-07-16,551.7970581054688,552.090108393895,549.1008762046278,549.8530882979716,36475300
2024-07-17,544.0602416992188,547.5476892504238,543.7378565645935,545.8772131422685,57119000
2024-07-18,539.8792114257812,546.5806130354061,537.7008012722223,545.5939606590898,56270400
2024-07-19,536.2941284179688,541.2664440605769,535.2390876445896,539.6447995873152,65509100
2024-07-22,541.8232421875,542.4288993582354,538.277184442637,540.2113760766848,43346700
2024-07-23,540.9733276367188,543.8648365993427,540.484890622907,541.7157018138391,34439600
2024-07-24,528.7135620117188,536.4699449259502,527.7952979520205,536.1671163330532,74515300
2024-07-25,525.9586791992188,534.7994361794972,525.0209183627663,528.8306910081631,61158300
2024-07-26,531.8493041992188,534.5357078065754,528.9675138593225,529.7392825093052,53763800
2024-07-29,532.1619262695312,534.3989464184045,530.1690650137424,533.3927971337158,39515800
2024-07-30,529.4657592773438,534.6822931769603,526.0662565076813,533.6272524601584,46853600
2024-07-31,538.0718994140625,540.6996925359946,534.9166158614872,536.284203519186,65663400
2024-08-01,530.4524536132812,542.0381669821182,526.9552273833177,539.7913683115238,76428700
2024-08-02,520.5762329101562,524.5716145988897,516.3756265717791,523.3603002519518,82789100
2024-08-05,505.4151306152344,511.47176200774925,498.4695402072865,499.8078827767836,146267400
2024-08-06,510.0747985839844,517.4990173620844,505.89374911647377,507.2125052074326,84826300
2024-08-07,506.6654357910156,519.2964689099484,506.06955696870784,516.2485672171777,70698300
2024-08-08,518.378173828125,519.0033278281719,509.7719169059722,511.79399346845105,63276600
2024-08-09,520.6641235351562,522.1489912653111,516.3365783728381,517.5576710131196,45619600
2024-08-12,520.9376831054688,523.3407552909962,518.6713279832952,521.8559471668351,42542100
2024-08-13,529.5048828125,529.7393827100993,523.8781373672056,524.1223559231595,52333100
2024-08-14,531.1752319335938,532.3572709257232,527.6291745808618,530.2960214933445,42446900
2024-08-15,540.27978515625,540.5630571909627,536.1866801444643,536.7923373384469,60846800
2024-08-16,541.4910278320312,542.1846298407453,538.5115740387317,538.6678476452682,44430700
2024-08-19,546.66845703125,546.66845703125,541.0514314058853,541.9013070349608,39121800
2024-08-20,545.779541015625,547.8700657821756,544.4412283435015,546.2191462607274,33732300
2024-08-21,547.6550903320312,549.1106230342316,541.9012882335657,546.8247712917706,41514600
2024-08-22,543.35693359375,550.1559994238155,542.1456191373768,549.5503421956289,56121500
2024-08-23,549.1302490234375,550.0680696349215,544.4021520897437,546.5904001832064,50639400
2024-08-26,547.8211059570312,550.8689478276912,546.1213548703539,550.1558489432847,35788600
2024-08-27,548.5733032226562,549.0617401711636,545.4082413361126,546.5511671009976,32693900
2024-08-28,545.388916015625,548.6614807323351,542.20429622134,548.2316536504621,41066000
2024-08-29,545.4375610351562,550.6443160255352,544.294635177053,547.3522554939839,38715200
2024-08-30,550.6444091796875,551.1524028130747,544.2556737558524,547.8017316610252,62700100
2024-09-03,539.312744140625,547.8408371292351,536.8021702028251,547.5086736550506,60600100
2024-09-04,538.208740234375,541.608242662233,536.7532075195429,537.4760847370844,47224900
2024-09-05,536.8997802734375,540.9928852935313,534.4478166491117,538.1502077884983,44264300
2024-09-06,527.8637084960938,538.8437645502386,526.9650009606123,537.2221796738046,68493800
2024-09-09,533.7737426757812,535.0437266855093,530.1300214174476,532.054494369654,40445800
2024-09-10,536.0986938476562,536.4504138231891,530.8138314182086,535.6786451567546,36394600
2024-09-11,541.5985717773438,542.5168359009789,527.4730091477311,536.0108800293665,75248600
2024-09-12,546.1605834960938,546.4634120914028,539.9573969973035,542.1749203516514,51819600
2024-09-13,549.0130004882812,550.0094311099382,546.5122052774053,546.7662020730168,39310500
2024-09-16,549.8238525390625,550.0875680057417,546.9518402590558,548.7492552395013,36656100
2024-09-17,550.0485229492188,553.4773606816602,547.8212213158272,552.0315464267048,49321000
2024-09-18,548.4171752929688,555.5385664291312,547.8603498689396,550.7030274298603,59044900
2024-09-19,557.7755126953125,559.6315971955383,554.9426137920285,557.8048475354702,75315500
2024-09-20,556.8113403320312,557.8500005367814,553.7933228326182,556.4096197933483,77503100
2024-09-23,558.2028198242188,558.8495678561227,556.6644159380835,557.8795056148167,44116900
2024-09-24,559.7999877929688,559.8587776289324,556.1744550910837,558.9964868304339,46805700
2024-09-25,558.5652465820312,560.3780425284191,557.4579883539482,559.6431398003925,38428600
2024-09-26,560.77978515625,563.1413061737785,558.4281322177342,562.817932214862,48336000
2024-09-27,559.9664916992188,562.6611352170194,558.9376397719122,561.8478858705382,42100900
2024-09-30,562.21044921875,562.8179640810873,556.6447925339722,558.9376557740085,63557400
2024-10-01,557.173828125,562.5043247858904,554.6065728022052,561.8576367225866,72668800
2024-10-02,557.4091186523438,558.4282222492225,553.8914170466389,556.2823034605133,38097800
2024-10-03,556.3900756835938,558.3302001396713,554.106960667849,555.9393137222664,40846500
2024-10-04,561.4461059570312,561.8184614824812,556.6643337627131,560.8287828388663,42939100
2024-10-07,556.3704223632812,560.4467168743025,555.22399069742,559.7999688939893,49964700
2024-10-08,561.63232421875,562.2300906410503,558.0656412646009,558.9376805045769,37398700
2024-10-09,565.5223388671875,566.0808720947961,561.0247080377793,561.6224145456196,37912200
2024-10-10,564.5326538085938,565.9534776371613,562.9256522396411,564.1799148709799,44138100
2024-10-11,567.9131469726562,568.6480495705204,564.316980533075,564.4541767049094,42268000
2024-10-14,572.557861328125,573.4887501402064,569.0401003876937,569.5202272995722,36217200
2024-10-15,568.1093139648438,573.1262458468478,566.8942243784207,572.8224884018784,54203600
2024-10-16,570.5784912109375,571.0978512020905,567.305757742965,568.1092586044506,30725400
2024-10-17,570.6275024414062,574.3216329805343,570.4413246734956,574.1158386665669,34393700
2024-10-18,572.822509765625,573.6063941876963,570.852960533333,572.3129579783322,37416800
2024-10-21,571.8817749023438,573.0771881011084,568.912738838732,572.0973176864316,36439000
2024-10-22,571.5779418945312,572.7341816541917,568.6971208640092,569.3536172092114,34183800
2024-10-23,566.3552856445312,570.0004346494243,562.8571411229607,569.5594810059998,49314600
2024-10-24,567.5802001953125,568.3837012123148,564.9639626077603,568.3052948235324,34979900
2024-10-25,567.3840942382812,572.6950344865168,566.443456997856,569.8044050522926,47268200
2024-10-28,569.13818359375,570.9803448675634,568.8344261393737,570.8529569215461,30174700
2024-10-29,570.0592041015625,571.1762108700161,566.7864107519835,568.1778099310847,42899700
2024-10-30,568.334716796875,571.578085865319,567.629178914475,569.5889199783458,41435800
2024-10-31,557.1935424804688,564.0428273008541,556.9975564307639,563.9742291931302,60182500
2024-11-01,559.545166015625,563.9643910438907,559.1336371976272,559.8195584319851,45667500
2024-11-04,558.3399047851562,560.9757583388703,556.4585705161212,559.6823223393656,38217000
2024-11-05,565.0912475585938,565.1304208425688,559.0356559214524,559.251198693126,39478300
2024-11-06,579.1425170898438,580.0146160051545,573.6062858121453,577.3395892403747,68182000
2024-11-07,583.6206665039062,584.6397701216673,581.063218798349,581.1416251858423,47233200
2024-11-08,586.1486206054688,587.569444510154,584.1692634497057,584.1692634497057,46444900
2024-11-11,586.707275390625,588.0888664930864,584.9826937261699,587.7361274635068,37586800
2024-11-12,584.8847045898438,587.2265495486535,582.4056036057904,586.6288429184635,43006100
2024-11-13,585.1688842773438,587.1677986284395,582.9837921332622,585.34525379598,47388600
2024-11-14,581.4060668945312,585.7763103260314,580.7202054727688,585.296183408181,38904100
2024-11-15,573.9591064453125,578.3195418358689,572.1071369723535,577.8491633593196,75988800
2024-11-18,576.310791015625,577.6237838402152,573.5573576252949,574.4195885423085,37001700
2024-11-19,578.41748046875,579.142574989824,572.2737337790142,572.9400384688264,49412000
2024-11-20,578.6134643554688,578.8976052377521,572.8616299600318,578.495884693383,50032600
2024-11-21,581.7196044921875,583.1404284379229,575.6248397212988,581.4550801704302,46750300
2024-11-22,583.522705078125,584.1498365668012,581.210224996001,581.7099087255345,38226400
2024-11-25,585.5018920898438,588.7648169220731,583.2187776891993,587.4518242946534,42441400
2024-11-26,588.5591430664062,589.2254477201681,586.0310608458545,586.7463470552605,45621300
2024-11-27,586.7758178710938,588.755115442667,585.2570306878304,588.3730114334577,34000200
2024-11-29,590.4208984375,591.2047827973582,587.3147260107087,587.5890586237147,30177400
2024-12-02,591.4791259765625,592.1552388895445,590.3424429138348,590.8323780737772,31746000
2024-12-03,591.7535400390625,591.9985076527607,590.2151960547985,591.2440480710218,26906600
2024-12-04,595.427978515625,595.6729460981672,592.7725681970518,593.438872844782,42787600
2024-12-05,594.4481201171875,596.2314913306755,594.0953811448159,595.4279904670244,28762200
2024-12-06,595.5750122070312,596.8096584526629,594.800936138575,595.212464951605,31241500
2024-12-09,592.5079345703125,595.6239147831491,591.920036343941,595.4573535867661,34742700
2024-12-10,590.6659545898438,593.6055662349224,590.0094580682774,593.1842290759141,37234500
2024-12-11,595.2321166992188,596.1825623151827,593.3115491139272,593.5859415432025,28677700
2024-12-12,592.1651000976562,594.9380902901107,592.1651000976562,594.3698085144841,31543800
2024-12-13,592.0474853515625,594.9086900260288,590.6756429397628,594.1934038090473,35904700
2024-12-16,594.5755004882812,595.54562235978,593.0273484159295,593.8014244521054,43695200
2024-12-17,592.1259155273438,592.9882063411098,590.7541327283874,592.0279524011855,55773500
2024-12-18,574.4784545898438,594.2031909866316,574.0962907751041,591.822113059209,108248700
2024-12-19,574.3019409179688,581.0630696987981,574.0569733506421,579.456068103567,85919500
2024-12-20,581.1998901367188,585.7224397345614,571.1321976271144,571.9777678628068,125716700
2024-12-23,584.6803588867188,585.2800771480029,577.7686569320756,580.9443313472664,57635800
2024-12-24,591.1791381835938,591.2185033240278,585.4472496940897,586.0273454449668,33160100
2024-12-26,591.2184448242188,592.3392110668057,588.0133066034633,589.4093887705021,41219100
2024-12-27,584.9949951171875,587.7183905820746,580.8165297326684,587.4823797773107,64969300
2024-12-30,578.3192138671875,581.7799853973963,574.5733451400716,577.9948115421023,56578800
2024-12-31,576.2152709960938,580.6985158642835,574.583178079053,579.9807622286955,57052700
2025-01-02,574.799560546875,581.1803135593343,570.7292291618253,579.4696102256324,50204000
2025-01-03,581.9864501953125,582.6254735449975,576.5593423217554,577.6408633877121,37888500
2025-01-06,585.3390502929688,589.6060270134918,583.608664526265,586.2337670283534,47679400
2025-01-07,578.722412109375,587.6889029930588,576.9035745975999,587.3644406233403,60393100
2025-01-08,579.56787109375,580.6395509433228,575.350100693004,578.7911897402016,47304700
2025-01-10,570.7193603515625,576.0874809051687,568.8120114375996,576.0186519228087,73105000
2025-01-13,571.604248046875,571.9581742427216,565.6658729466735,566.0788468496604,47910100
2025-01-14,572.3907470703125,575.1534475548353,568.6153544470202,574.5242054496483,48420600
2025-01-15,582.802490234375,583.9429389739179,579.2827311805529,580.3937160773642,56900200
2025-01-16,581.6817016601562,584.34604932179,580.9836305712422,584.1690862304802,43319700
2025-01-17,587.521728515625,589.2717368825727,585.5848557638515,586.9121689712896,58070600
2025-01-21,592.8995971679688,592.9094384516549,588.5933154613438,590.5596519481012,42532900
2025-01-22,596.2325439453125,597.5893209036658,595.170705454465,595.7212772630847,48196000
2025-01-23,599.48681640625,599.48681640625,595.3280340779654,595.6032899728609,41152100
2025-01-24,597.7367553710938,600.4995156835615,596.5864653530726,599.5458113037603,34604700
2025-01-27,589.2815551757812,589.5961762199101,584.6311885086425,584.798310310645,70361100
2025-01-28,594.3448486328125,595.1805175844501,587.1971967465958,590.5104687195756,44433300
2025-01-29,591.680419921875,593.9613772229904,589.1339880186671,593.558244678493,37177400
2025-01-30,594.8561401367188,596.3898803192325,590.6088457833347,593.7943615542468,39281300
2025-01-31,591.6903076171875,599.6933113603776,590.9332488823969,597.2746959271392,66566900
2025-02-03,587.7085571289062,590.1861005375324,580.5510628181718,582.6943625959686,65857200
2025-02-04,591.6510620117188,592.1622687341741,587.2268045597665,587.767535135661,33457800
2025-02-05,594.0499267578125,594.1974260072697,588.5049031019603,590.5302274178379,30653100
2025-02-06,596.1145629882812,596.2423796576439,592.4866698522919,595.7901006731433,35771500
2025-02-07,590.6580200195312,597.8941240756534,589.9501076619601,596.6750050236558,50788500
2025-02-10,594.6693725585938,595.30845601079,592.5949016719809,593.863227291288,26048700
2025-02-11,595.1215209960938,595.6622514865878,592.2899918734154,592.407967252875,30056700
2025-02-12,593.2044067382812,594.3743794070193,588.4360645213627,589.1144530437037,45076100
2025-02-13,599.4671630859375,599.6736500230521,593.0471055616473,594.3055297285264,40921300
2025-02-14,599.4376831054688,600.7059485220444,598.8182823186273,599.6736338799176,26910400
2025-02-18,601.197509765625,601.197509765625,598.1398710820379,600.5977915687461,26749000
2025-02-19,602.61328125,602.9082197102092,599.3000091966954,599.8112758662747,31011100
2025-02-20,600.1062622070312,601.3843689751305,596.8028311734677,601.2467110134413,36554000
2025-02-21,589.842041015625,600.0276510429451,589.3799206723878,599.8899930676969,76519800
2025-02-24,587.157958984375,592.8800056614799,586.4500466079941,591.8869960824046,50737200
2025-02-25,584.2379150390625,587.8265033006376,579.6366946428752,587.098968367302,58266500
2025-02-26,584.5328979492188,589.4881049123491,581.8980139327481,585.8995163780398,43321600
2025-02-27,575.2025146484375,587.9542367689231,574.8092833927938,586.8038868268065,74196700
2025-02-28,584.178955078125,584.7098443771037,572.6365684069419,575.7040488167072,88744100
2025-03-03,573.9441528320312,587.2857532860544,570.1392964764723,586.1452445030724,74249200
2025-03-04,567.1504516601562,575.5369060706639,562.6180601948478,569.9525173224438,109648200
2025-03-05,573.2460327148438,575.03540599116,563.4340335479696,566.9832562516485,71230500
2025-03-06,563.0702514648438,570.4046474415857,560.523819558892,565.793586428619,80094900
2025-03-07,566.2262573242188,567.6715458955733,556.1094773560538,561.2907933786839,81158800
2025-03-10,551.1444702148438,559.9536192631458,546.2384702857362,558.0364891964213,99326600
2025-03-11,546.5629272460938,554.5266268117218,542.728606721458,549.9843938775969,88102100
2025-03-12,549.4632568359375,553.631880779765,544.3704523001988,552.7077001878538,69588200
2025-03-13,542.138671875,549.6992388466521,540.4279685563406,549.0896792735167,74079400
2025-03-14,553.3369750976562,554.3398260143258,542.2075022062043,546.7497351697265,62660300
2025-03-17,557.6039428710938,560.1208513978755,552.8846868765244,553.3172833424321,49008700
2025-03-18,551.5770263671875,555.5096990502625,549.6499951496645,555.2933708486255,66041400
2025-03-19,557.5842895507812,561.3399999727566,552.1768634471969,553.3566775077279,66556000
2025-03-20,555.9718017578125,560.9663132490421,553.1304311253591,553.8481847501696,62958200
2025-03-21,556.1552734375,557.0526817242638,550.2878724028328,551.5205297947124,83763000
2025-03-24,566.1151733398438,567.1703352751009,562.2890000340255,562.880651498493,58766800
2025-03-25,567.4760131835938,568.4127846067184,565.73055113845,567.3181993393742,38355700
2025-03-26,560.7013549804688,568.3339598573967,559.3207546377017,567.2097618801449,51848300
2025-03-27,559.2123413085938,562.9793497998379,557.1020172521603,559.3109298319079,42164200
2025-03-28,547.95068359375,558.4135249923543,547.3689030262066,557.6838014665011,71662700
2025-03-31,551.6289672851562,552.93066066187,539.2826520783074,542.201606334121,95328200
2025-04-01,553.18701171875,555.1297110203275,545.9981756472096,549.715889513425,54609600
2025-04-02,556.687744140625,559.547472787333,547.1124411566806,547.3491017135567,76014500
2025-04-03,529.2537841796875,540.3673821784607,529.2537841796875,537.5470765410741,125986000
2025-04-04,498.26971435546875,518.574043873056,498.0527654446422,516.4045547647906,217965100
2025-04-07,497.3821716308594,515.9114550791749,475.115432610906,482.40291724281104,256611400
2025-04-08,489.591796875,517.6963548854247,482.3733480760591,514.6196468974629,165816600
2025-04-09,541.0084228515625,541.0084228515625,486.20939567811143,486.59399925019795,241867300
2025-04-10,517.3018798828125,526.098105010763,502.2535908103832,524.7865408671853,162331200
2025-04-11,526.5320434570312,528.9874872153164,512.8544826104954,515.7536950429114,97866300
2025-04-14,531.64013671875,536.7285795544979,526.4531053782949,536.5017296923237,68034000
2025-04-15,530.151123046875,535.6931457102869,529.3622343758641,532.1825399641931,56892900
2025-04-16,518.3668823242188,530.4272422697393,513.0713913810127,524.3033791384568,83484800
2025-04-17,519.1064453125,523.8004136549424,516.6411308627585,520.3194209498447,79868100
2025-04-21,506.7503662109375,514.4618777265953,501.4055507612705,513.9293312369678,69368100
2025-04-22,519.9348754882812,521.9564215250564,511.9867032226325,512.9235348557764,75948100
2025-04-23,527.991455078125,537.8625838932508,526.4728430251603,532.9319549297188,90590700
2025-04-24,539.1051635742188,539.8348871004667,528.0211182344198,529.2734571828396,64150400
2025-04-25,543.0003662109375,543.4046513367819,536.1467793425768,539.0657336001437,61119600
2025-04-28,543.2073974609375,545.8699492792146,537.4583271221219,543.7399439376,47613800
2025-04-29,546.6293334960938,547.7436606136026,540.9393676118534,541.2943585019403,47775100
2025-04-30,546.8462524414062,548.7988227140515,534.0069337400583,539.9729835885655,93101500
2025-05-01,550.7216186523438,556.2439589647481,550.1200963901105,552.5952816524762,63186100
2025-05-02,558.8966674804688,560.4941864598073,554.5774316657111,556.894803218062,60717300
2025-05-05,555.6918334960938,558.788283367358,553.9069479669498,554.7648727126054,38659200
2025-05-06,551.047119140625,555.533979770925,549.2326812616892,550.1891944565425,48264700
2025-05-07,553.3645629882812,555.9975022415719,548.3254139860352,552.3784371058738,55588000
2025-05-08,557.22021484375,562.3973750401349,553.9068467632651,557.3977102564539,65130800
2025-05-09,556.5103149414062,559.6264462916283,554.9522191721212,558.6205786168767,37603400
2025-05-12,574.9014892578125,574.9113601462691,569.0340285188223,573.402558732667,78993600
2025-05-13,578.6981811523438,580.907093658496,574.7536773375426,575.3157161654024,67947200
2025-05-14,579.437744140625,580.8084133986617,577.4161378946785,579.6546629482465,66283500
2025-05-15,582.2678833007812,582.770756919371,576.9822030720642,577.4358426248243,71268100
2025-05-16,585.9559936523438,586.2518193704545,581.1042713102905,583.0469103495059,76052100
2025-05-19,586.596923828125,587.2773530559552,579.9405744991373,579.9405744991373,68168500
2025-05-20,584.6246337890625,585.8079967408526,581.4197250633151,584.8613545300925,60614500
2025-05-21,574.7733154296875,584.3584902721909,573.7477661832594,580.2759146876367,95197700
2025-05-22,575.000244140625,578.4812376730355,573.3434994709072,574.5761569887384,70860400
2025-05-23,571.0753173828125,573.7378691727489,567.6140060747297,567.988738706783,76029000
2025-05-27,582.9482421875,583.105995819489,570.4046917584021,577.9387066880435,72588500
2025-05-28,579.5757446289062,584.545857588394,578.8460211072919,583.3526236048898,68445500
2025-05-29,581.863525390625,584.9698457847473,577.9387639052553,584.8317737253767,69973300
2025-05-30,581.2127685546875,582.9286180198035,575.1480700909575,580.7591289651484,90601200
2025-06-02,584.4866943359375,584.5655410710423,576.9428072484826,579.6053591727813,61630500
2025-06-03,587.8197631835938,588.7960181097066,583.6385391723649,584.121791379625,63606200
2025-06-04,587.6619873046875,589.6539808386906,587.2280895107962,588.6777258495218,57314200
2025-06-05,584.8218994140625,590.6893600195378,582.8496477946317,589.3383724752952,92278700
2025-06-06,590.8275756835938,592.4941311146165,588.5791794005468,590.3541942517979,66588700
2025-06-09,591.3599243164062,592.9081490758875,590.1864321834666,591.3993476813894,53016400
2025-06-10,594.7128295898438,595.0973729509094,590.7781968461302,591.8924637491524,66247000
2025-06-11,593.0166625976562,596.6653405011278,590.9556931519085,595.8074157747775,73658200
2025-06-12,595.37353515625,595.37353515625,591.2022416981604,591.6854337777163,64129000
2025-06-13,588.7171020507812,593.4997881009825,587.2181715759101,590.1962907494013,89506000
2025-06-16,594.318359375,596.0638215052488,591.8924679557008,592.0700235861916,79984100
2025-06-17,589.2398071289062,593.4012293190596,588.4804709653109,591.8826171802143,82209400
2025-06-18,589.1510009765625,592.8785252065284,588.1944276516227,590.1371267775953,76605000
2025-06-20,587.7673950195312,592.8906208578056,586.3629131433069,591.8224395288368,94051400
2025-06-23,593.5730590820312,593.9587392448562,585.4035696790836,588.5190130228361,87426000
2025-06-24,600.1304321289062,601.1886530620405,596.7973078378046,597.7072691809916,67735300
2025-06-25,600.4666748046875,601.940336500435,598.903972841808,601.247995602986,62114800
2025-06-26,605.16455078125,605.5997312639034,601.7029070585035,602.3161076886594,78548400
2025-06-27,608.1712646484375,609.6350865938839,604.1360202356653,606.1635425121184,86258400
2025-06-30,611.0791015625,612.4340832221852,608.2998981128763,610.6142811588834,92502500
2025-07-01,610.8812866210938,612.0483479268365,608.7746241554748,609.6053849111585,70030100
2025-07-02,613.650634765625,613.6901746824169,609.8526899336259,610.4757907292374,66510400
2025-07-03,618.4869995117188,619.4167005776212,615.6088560521965,615.628656191773,51065800
2025-07-07,613.8780517578125,617.1913758193931,611.0988485499288,616.5286747873084,74814500
2025-07-08,613.5418090820312,615.2923708557059,612.7307881009865,614.5406899285775,59024600
2025-07-09,617.2210693359375,617.8738099884296,614.1055653060555,615.945227877469,66113300
2025-07-10,618.9617309570312,620.0002120765442,616.1825277796053,617.3594891460615,57529000
2025-07-11,616.7858276367188,618.0122289852302,614.7187654701638,615.9154666088177,63670200
2025-07-14,617.9628295898438,618.3089698632363,614.9858059200452,616.3308874637725,51898500
2025-07-15,615.3220825195312,620.9793689858044,615.242942324076,620.6431287961128,74317300
2025-07-16,617.3792724609375,617.883693134462,611.2769051241828,616.9045519994012,88987500
2025-07-17,621.1573486328125,621.5134493059918,617.3396644874989,617.557284919235,68885700
2025-07-18,620.7024536132812,622.5716954836944,619.5947323692288,622.4035753929759,65621600
2025-07-21,621.87939453125,624.6189973413707,621.4541141003111,621.87939453125,63375000
2025-07-22,621.9683837890625,622.8288447335428,619.3276609031153,622.2057439990875,60046300
2025-07-23,627.2598266601562,627.2598266601562,622.8288811376781,624.6289433239532,70511000
2025-07-24,627.4674072265625,629.1784892953694,627.0421268182102,627.6454273719465,71307100
2025-07-25,630.1181030273438,630.5928838363332,627.8829206987424,628.1301809903662,56865400
2025-07-28,629.9598388671875,631.0477599275997,628.5751571845921,630.4938993278172,54917100
2025-07-29,628.29833984375,631.670943868378,627.388438817005,631.3544434316219,60556300
2025-07-30,627.5070190429688,630.6917023127537,624.6189756546709,628.9509803708415,80418900
2025-07-31,625.1531372070312,632.8379457731452,623.8574957354674,632.4522656090571,103385200
2025-08-01,614.9066772460938,619.4761032114768,612.5033143296554,619.4365029283234,140103600
2025-08-04,624.2530517578125,624.3024917393647,618.7243458354196,618.813325728958,73218000
2025-08-05,621.088134765625,625.6773001361546,620.1683337507773,624.866279158634,68051400
2025-08-06,625.845458984375,626.4981995520814,621.2463937026511,622.1562946160922,64357500
2025-08-07,625.3212280273438,629.9993730574174,622.2156245224251,629.2674923107387,74205800
2025-08-08,630.1972045898438,630.6620853000642,626.7949007710238,627.1114011688534,64051600
2025-08-11,628.9509887695312,631.9478122276477,627.7047873460086,630.474150672182,58742300
2025-08-12,635.6468505859375,635.8050706066525,629.8114837326607,631.2950454377703,64730800
2025-08-13,637.82275390625,639.10849531226,635.6369512596368,637.8424936799373,60092800
2025-08-14,637.882080078125,638.5447207235369,635.300697252298,635.7457174616427,59327500
2025-08-15,636.388671875,639.0096552004113,635.4787708739423,638.9107148606824,68592500
2025-08-18,636.2501220703125,636.942462907598,635.1424008771667,635.814941575414,43804900
2025-08-19,632.7984008789062,637.0512656505922,631.4829592777961,636.0721245937336,69750700
2025-08-20,631.1170043945312,632.6500060324975,626.013578858981,632.3929060531275,88890300
2025-08-21,628.5851440429688,630.978606926108,626.8642219548319,629.3071851926883,54805800
2025-08-22,638.2380981445312,639.4150594466402,630.2664294390896,630.7708500494616,84083200
2025-08-25,635.4292602539062,638.218363635622,635.3105801411765,636.9820621561176,51274300
2025-08-26,638.0897216796875,638.4359222802034,634.5390979794016,635.1621986940528,51581600
2025-08-27,639.543701171875,640.2755819843173,637.3578984386413,637.5062787617181,48341100
2025-08-28,641.8085327148438,642.3623933153343,638.267809046051,640.146950913372,61519500
2025-08-29,637.9810180664062,640.7404816664739,636.0919759234915,640.374480883152,74522200
2025-09-02,633.2533569335938,633.4709169972102,627.9619508913343,630.5136938017484,81983500
2025-09-03,636.6853637695312,637.1502445176759,633.4413400681225,635.6270824559713,70820900
2025-09-04,642.00634765625,642.0360478647699,636.4578416280056,637.3578424589464,65219200
2025-09-05,640.14697265625,645.0625384730564,636.2798483910566,644.3404973975818,85178900
2025-09-08,641.7195434570312,642.718484610511,640.1370415028089,641.5118230975241,63133100
2025-09-09,643.203125,643.7272854003053,640.1271612550325,641.8579832056892,66133900
2025-09-10,645.0625,647.3768223058731,643.4997982019892,646.4570213518696,78034500
2025-09-11,650.4232177734375,651.1155587384138,646.4275127588113,647.011013305281,69934400
2025-09-12,650.2054443359375,651.8868261792371,649.7010841125947,650.393364548417,72780100
2025-09-15,653.6671142578125,653.7956944276398,652.114372883025,652.4110731340584,63772400
2025-09-16,652.7671508789062,654.5276730798186,651.9858301119879,654.2210123755038,61169000
2025-09-17,651.9561157226562,654.4682584259048,647.1295902463727,652.7770367516476,101952200
2025-09-18,655.0023803710938,657.603563340362,653.0341982051615,654.6364399867887,90459200
2025-09-19,658.2465209960938,659.0895125014193,654.9438659954435,656.8877828567474,97945600
2025-09-22,661.3607177734375,661.8069717744121,656.7290467709187,656.7588293222589,69452200
2025-09-23,657.7606201171875,661.8566899635472,656.540685502851,661.2417286303936,81708900
2025-09-24,655.6678466796875,659.1490153831234,654.2496039734066,659.0498612769777,68082200
2025-09-25,652.6429443359375,653.9917550046746,649.0328388399253,652.5338627083877,89622100
2025-09-26,656.3819580078125,656.9274266555326,652.4743298182361,654.0909412604747,69179200
2025-09-29,658.2266845703125,659.8135740530697,656.4216318338509,658.9010899003678,73499000
2025-09-30,660.7061157226562,661.1722852976668,656.173659297658,657.4828203674869,86288000
2025-10-01,662.95751953125,663.8699431635192,657.611793334362,657.7208749627936,72545400
2025-10-02,663.7210693359375,665.0600128657511,661.3011766397112,664.9410037342527,56896000
2025-10-03,663.7113037109375,667.1527626006609,662.6698828508305,664.4848631838105,70494400
2025-10-06,666.0914916992188,666.9841207809839,663.9591941673339,666.1014192164715,54623300
2025-10-07,663.6219482421875,667.4601442579947,662.1838505424819,667.0138297258598,72020100
2025-10-08,667.5791625976562,667.6783772359653,663.919480237528,664.7426772273783,60702200
2025-10-09,665.6452026367188,668.4023890582872,663.7112737749407,667.9957845708525,66501900
2025-10-10,647.6542358398438,668.4122493878771,647.4757221413303,666.6071968358344,159422600
2025-10-13,657.5919189453125,659.664772492732,654.3488290056752,655.2216030747315,79560500
2025-10-14,656.78857421875,660.3590300864076,647.8030207789583,651.7701536094826,88779600
2025-10-15,659.7044067382812,664.7228272522149,653.5156893256119,661.3408732132422,81702600
2025-10-16,655.2116088867188,663.2153058553965,651.7105854492366,661.340821247798,110563300
2025-10-17,658.9308471679688,660.2895852935891,652.7322022395391,654.0810128478913,96500900
2025-10-20,665.7840576171875,666.6866142382812,661.7872027532737,661.8367798071084,60493400
2025-10-21,665.7741088867188,667.4601523988813,664.4748753427003,665.9229005771253,56249000
2025-10-22,662.3128051757812,666.4783066993808,657.8497808005621,666.4783066993808,80564000
2025-10-23,666.2402954101562,667.1825015615415,662.3128121266341,662.6301900162397,65604500
2025-10-24,671.6851806640625,672.8951271271609,670.0983517375236,670.9016937183009,74356500
2025-10-27,679.6095581054688,679.9070809796764,676.515199146416,677.1201724129126,63339800
2025-10-28,681.41455078125,683.2493254549719,679.2028936555786,681.4046232640447,61738100
2025-10-29,681.7418823242188,684.0328991417463,677.2590027977353,683.0609104229828,85657100
2025-10-30,674.2440185546875,680.3037996369978,674.2440185546875,678.2805836148408,76335800
2025-10-31,676.4556274414062,679.4508319897004,673.6587916341136,679.4111219213156,87164100
2025-11-03,677.72509765625,680.1648453676048,674.3530108656404,680.0359087204932,57315000
2025-11-04,669.691650390625,674.3728983771498,669.0371001406891,670.5544968959969,78427000
2025-11-05,672.012451171875,675.2654684624238,668.6304366940664,669.4337786331213,74402400
2025-11-06,664.8021850585938,671.8140994484131,663.2252231578799,670.9115428502156,85035300
2025-11-07,665.4567260742188,665.5658682287408,655.7769731606511,662.4218719882706,100592400
2025-11-10,675.8406982421875,676.5746080726943,669.4833950163819,671.6751969912248,75842900
2025-11-11,677.387939453125,677.9532631527235,673.1530057317516,674.3630127379913,58953400
2025-11-12,677.7648315429688,679.3318660026857,675.3548055474994,679.1632192686196,62312500
2025-11-13,666.5180053710938,675.265541055433,665.0105359672095,674.9085136071693,103457800
2025-11-14,666.4088134765625,670.1081450818862,657.8199984349773,659.9126462553079,96846700
2025-11-17,660.2003173828125,668.1742931923078,656.7290761218832,664.1972328051172,90456100
2025-11-18,654.65625,659.6548153709225,650.4708935566339,656.6596108350068,114467500
2025-11-19,657.185302734375,661.856623370592,653.3371790986623,655.3505280387882,94703000
2025-11-20,647.1683349609375,670.0090710879778,646.5335791707308,667.3808213360044,165293500
2025-11-21,653.6148681640625,659.0894699034471,645.5020288545189,649.6675301260088,123956200
2025-11-24,663.2351684570312,664.5542570793402,656.1538823239337,657.2448196444445,80437900
2025-11-25,669.4735717773438,670.6537963067218,659.0201372218106,663.1360620641211,81077100
2025-11-26,674.09521484375,676.0986363282427,671.1595147067713,672.0620713400136,71879600
2025-11-28,677.7747192382812,678.0523870500939,674.9084513312986,675.2654787466182,49212000
2025-12-01,674.6803588867188,677.3779800628074,673.1629015749381,673.2323336611282,61201200
2025-12-02,675.9299926757812,678.2011542749951,673.748057660358,676.316742094939,62953800
2025-12-03,678.2706298828125,679.2822075879724,674.105128319461,674.9779023816353,57238500
2025-12-04,678.7664794921875,679.7384076011712,675.7415530139849,679.6689755171525,61970300
2025-12-05,680.0557861328125,682.7336127271673,678.9549213715281,679.8375623637357,79241000
2025-12-08,678.0126953125,680.997972172105,675.9696245182643,680.9483951231146,55231500
2025-12-09,677.4276123046875,679.7583392727543,676.9813582671167,677.5367544682442,58310100
2025-12-10,681.92041015625,683.3088703732143,675.711837383319,676.9515664343469,85671300
2025-12-11,683.5072021484375,683.5865617528303,676.5647198382891,679.51034738166,86173700
2025-12-12,676.1581420898438,683.2196338188487,673.5893968987631,682.5154459360199,113160300
2025-12-15,675.1365966796875,680.1252955149479,673.6687768311533,680.1054404790556,90811000
2025-12-16,673.2918701171875,675.4837328267965,669.4338188610296,673.6488975485244,122030600
2025-12-17,665.8832397460938,674.8489377460819,665.6848710067972,674.3034691132465,110625200
2025-12-18,670.9115600585938,675.1464937426624,669.3545136860721,672.0322799303326,108650100
2025-12-19,676.9923095703125,677.4896664833268,672.8940327515619,673.0134542661981,103599500
2025-12-22,681.2098999023438,681.7370666700199,676.9923229108747,680.3245900087294,69556700
2025-12-23,684.3233032226562,684.562024812114,680.2548972126992,680.3046207584179,64840000
2025-12-24,686.7305297851562,687.1781631452748,684.164151137988,684.313382495532,39445600
2025-12-26,686.660888671875,688.0037280321676,685.6264081645946,686.989161229118,41613300
2025-12-29,684.2138671875,685.5567672531378,682.4433081832867,683.9055083361335,62559500
2025-12-30,683.3783569335938,684.9201512250444,682.9506372729019,683.8160334465714,47160700
2025-12-31,678.3152465820312,683.726492314561,678.1063955310838,683.5076844111845,74144800
2026-01-02,679.55859375,683.2390468658663,676.2263268834449,682.0852055985325,89377200
2026-01-05,684.0845336914062,685.7855161168121,682.7516512212146,682.910778712987,71927200
2026-01-06,688.1529541015625,688.6602678554459,684.1442890432024,684.2934596862484,69273800
2026-01-07,685.9347534179688,690.2916046822218,685.6761181181482,688.5309418430683,75588300
2026-01-08,685.8651123046875,686.9692300361542,683.8557710289468,685.1787573638412,64019200
2026-01-09,690.4010009765625,691.6344363504869,685.5368360184962,686.9791831428475,80125500
2026-01-12,691.4852294921875,692.410366767912,686.979207477028,687.0289310253164,63976000
2026-01-13,690.1026000976562,692.4103433578374,687.6953490317495,691.813478661017,78309700
2026-01-14,686.7106323242188,688.0634285762314,682.4134612479594,687.3472637531122,94676700
2026-01-15,688.5806884765625,691.7737417111902,687.5959315038539,690.8983886882239,77862000
2026-01-16,688.0037231445312,690.5800586110835,686.4519720383781,689.9931507530615,79289200
2026-01-20,673.9981689453125,681.1501633341576,672.9934983300664,677.8874730475171,111623300
2026-01-21,681.77685546875,685.0991655259935,674.5452667925615,676.0572511802958,127844500
2026-01-22,685.3379516601562,687.476610793547,683.2888434897402,686.2033478813381,77112200
2026-01-23,685.5865478515625,687.3074439470811,683.5274830754288,684.5123006998919,63059600
2026-01-26,689.0680541992188,690.4606777697717,686.272910918868,686.8399050563427,60473800
2026-01-27,691.8134765625,692.8480177488461,689.9036431059924,690.5104039402848,55506100
2026-01-28,691.7438354492188,694.1510864943795,690.271678492269,693.3652237572153,61172200
2026-01-29,690.3711547851562,693.375209936545,681.2098793986574,692.7087686795362,97486200
2026-01-30,688.3120727539062,690.5402826440542,683.487735152998,688.1330315570439,101835100
2026-02-02,691.7339477539062,693.2459322689688,685.7756213682558,685.9348095869553,79286500
2026-02-03,685.885009765625,693.2757257351432,680.4140840721383,692.529690413304,107904600
2026-02-04,682.5626831054688,687.7948875474046,678.1561081391175,686.7006659106327,105204600
2026-02-05,674.0379638671875,680.0758839506523,672.2176206040476,677.3404209861714,113610800
2026-02-06,686.96923828125,688.6503070282812,677.2508650473027,677.8576866055596,89127600
2026-02-09,690.2816772460938,692.1915108078678,684.7013472083629,685.7755944360715,73885200
2026-02-10,688.4613037109375,692.8579216647231,688.0037135108784,691.276360737094,65185700
2026-02-11,688.3021850585938,693.4547952732178,685.5368515439336,692.7087599208829,76353900
2026-02-12,677.668701171875,691.6742279947084,676.7734344520502,690.5701102294341,118829000
2026-02-13,678.1461181640625,682.6522007204912,673.9384983110481,678.0864377658819,96267500
2026-02-17,679.2402954101562,681.31927396984,672.2077222570326,676.5446598627462,81354700
2026-02-18,682.662109375,685.507036973797,679.2204384959671,680.4041503420104,73570300
2026-02-19,680.8616333007812,682.5526587813481,677.9471293624403,680.225062656192,58649400
2026-02-20,685.7855834960938,686.4122580979458,678.126274472082,678.7131823752115,100034000
2026-02-23,678.7827758789062,686.3525334522094,676.7734345413753,684.1940214696967,90558100
2026-02-24,683.7164916992188,684.7112054782021,676.4053697086953,678.295350173768,73798700
2026-02-25,689.4859008789062,690.0130676270821,686.4519751919497,686.53156929616,56369500
2026-02-26,685.6561889648438,689.6350440416309,680.7323436648176,689.615191050754,71671000
2026-02-27,682.3637084960938,683.2291046432514,678.0367277603054,679.4790749097389,83308900
2026-03-02,682.751708984375,684.9798583327654,674.4359156260907,675.1123137702438,87477200
2026-03-03,676.7337036132812,679.0016196644848,666.1200629162043,671.4915420947397,105003100
2026-03-04,681.5082397460938,683.4579005621853,676.0273572426378,678.026741603972,79182200
2026-03-05,677.70849609375,681.9062201445739,672.0386149612469,678.474445192334,106606500
2026-03-06,668.82568359375,672.5359467168151,666.2195382406165,669.8502072585248,100687000
2026-03-09,674.6845703125,676.3258117079225,658.888509802078,662.8673651303956,102667700
2026-03-10,673.6002807617188,679.7476047325034,671.1930903760745,674.1374043547928,81505300
2026-03-11,672.7548217773438,676.4849986405864,669.7806371390539,673.9982140650914,68441700
2026-03-12,662.5390625,668.0995392824933,662.3500644519811,667.6120785283837,108882200
2026-03-13,658.7890014648438,668.7859240392634,657.863924887251,665.7321452917186,97200200
2026-03-16,665.493408203125,668.5173163233716,663.5934708305671,664.8468199428278,82023100
2026-03-17,667.2440185546875,670.8747480492216,666.1598145596139,668.8355969918504,87128000
2026-03-18,657.9335327148438,666.1796881508768,657.6948111200146,664.8268919718373,82062600
2026-03-19,656.3121948242188,659.4753776238247,651.7066647804095,653.4971375917409,111272500
2026-03-20,646.9034423828125,655.0025723674255,643.063298812559,654.8230422006715,163617500
2026-03-23,653.6959228515625,660.9173090129275,652.2596206790361,656.3790129905765,134802700
2026-03-24,651.5015869140625,655.3417305137531,648.2100787416998,649.6463809650626,96457500
2026-03-25,655.1322021484375,659.1917509309695,652.5588148295345,656.9774239230809,90653800
2026-03-26,643.432373046875,653.1672421520028,643.1630473705688,650.3844333840033,96494400
2026-03-27,632.4606323242188,641.0085567819559,631.4831091918358,640.8489947137006,103649400
2026-03-30,630.3460693359375,638.7245091624994,627.6630399662237,638.4651675144013,99275900
2026-03-31,648.6688842773438,649.865752001465,636.3405988140365,637.2981538716512,152534100
2026-04-01,653.5562744140625,656.8278752918841,651.3220400966815,652.219751792706,97841500
2026-04-02,654.144775390625,656.5086804928782,643.4522901873171,644.7589215344626,68358700
2026-04-06,657.23681640625,658.0247645183308,653.8356054757206,654.1746977251443,39105800
2026-04-07,657.5260009765625,657.9150134208243,649.386996170508,654.9626585699763,69980400
2026-04-08,674.27294921875,675.3402070755335,669.734652974974,674.6519776493207,93606100
2026-04-09,678.162841796875,679.4096297331154,672.0386657215836,673.1059235004034,57134400
2026-04-10,677.7140502929688,680.2774536083281,676.7066358948267,679.5692561407437,42253500
2026-04-13,684.3369750976562,684.536473353906,674.8414790590384,675.669302461078,54185800
2026-04-14,692.675537109375,692.7952238870419,685.8929616905456,685.9229138241225,63480500
2026-04-15,698.1414184570312,698.480571570673,692.4161778504387,693.4734516118131,58240400
2026-04-16,699.8569946289062,700.9741726960574,696.7350934539525,699.2585607342904,49972400
2026-04-17,708.3152465820312,710.5594650064761,703.9464965121796,704.3255249385737,70661900
2026-04-20,706.8988037109375,708.0857482546458,704.3254772575062,706.9587079747221,43546800
2026-04-21,702.2708129882812,709.4523240430285,700.8345107773317,708.4548936431559,58941400
2026-04-22,709.3825073242188,709.6218808832724,706.4001392457644,707.3278031045794,42518500
2026-04-23,706.6295776367188,710.5295037064266,700.4754491270062,707.6768673789517,56174000
2026-04-24,712.10546875,712.6340752101273,707.1881441382454,708.9236633096505,45182000
2026-04-27,713.332275390625,713.7911152864904,710.4696550399041,711.3374146094498,33135900
2026-04-28,709.8612060546875,711.0481506026886,707.4274735730012,709.9908768700561,43117400
2026-04-29,709.7515258789062,710.3699278433978,706.5497524472755,709.1729992133655,41859200
2026-04-30,716.8132934570312,717.9403946619685,708.6244289610544,712.7936806635566,67240900
2026-05-01,718.7982177734375,723.0073446973263,718.6186267345964,719.3966516418469,43049800
2026-05-04,716.1649780273438,720.2644021704073,713.152718877996,718.2196821209096,51950600
2026-05-05,721.9102172851562,723.1769124909786,719.6360467603954,719.9153564929043,36933200
2026-05-06,731.9443359375,732.7023927493656,725.9497697512824,726.288861980811,53288900
2026-05-07,729.7001342773438,734.238430329629,727.8748196364371,733.161188473549,51724600
2026-05-08,735.724609375,736.1834492768152,732.6824588199246,733.0415191543954,47227100
2026-05-11,737.4002685546875,738.8864300819614,734.5576163199453,734.5576163199453,44024000
2026-05-12,736.2831420898438,736.9414802248905,729.9494836014034,734.9964788307154,54185300
2026-05-13,740.4025268554688,741.9983910774667,733.5800764180441,736.5723674930287,44200200
2026-05-14,746.2474975585938,747.6040491923611,741.649357949993,741.7391534739264,45307600
2026-05-15,737.2706298828125,741.5496453663399,736.0637780312098,739.8838927249178,60410800
2026-05-18,736.751953125,739.5147938000424,731.5054597381557,737.9289136337939,47843900
2026-05-19,731.8446044921875,735.7545755811656,729.650306265128,732.8919551385734,54255900
2026-05-20,739.3452758789062,739.9636778498481,732.0042028263388,733.8195334397973,45768000
2026-05-21,740.8114624023438,742.9559620700644,735.1361419849363,736.7419902854853,43332200
2026-05-22,743.7239990234375,747.015507083493,742.566945697205,744.3224328967863,41762000
2026-05-26,748.6613159179688,750.1973368284331,746.4469887578754,748.0827892360243,41123600
2026-05-27,748.5316162109375,749.4492351039673,746.2973210478585,748.9505199197505,42106300
2026-05-28,752.6609497070312,753.2095851254732,747.3047533704411,748.3221518516883,41562600
2026-05-29,754.5361328125,756.1320579864754,752.7507543048832,753.9576670103595,55075700
2026-06-01,756.5908203125,758.3264003155792,752.7507376917755,753.4189990020213,43634900
2026-06-02,757.6182250976562,758.4461093852723,754.805464031348,755.0847737682097,31581900
2026-06-03,752.3018798828125,756.8501599793441,751.6336185743088,756.2018667594974,51402500
2026-06-04,755.1445922851562,756.3614281257201,749.5389775481502,750.1673635570705,49923000
2026-06-05,735.65478515625,750.8855669656407,733.6400171295905,750.3768677170906,93989400
2026-06-08,737.3204345703125,743.4247643242134,736.2931129658897,741.4498108327123,49319100
2026-06-09,735.1560668945312,744.9807928982774,720.7332622187009,741.7191759970133,87683500
2026-06-10,723.56591796875,736.4826536495077,723.4661992814284,731.5054857614351,60341300
2026-06-11,735.8642578125,738.0984921563339,722.5485255148498,726.8873842592473,86330500
2026-06-12,739.843994140625,742.5270843334097,733.1412911200548,738.8066884479139,57079500
2026-06-15,752.890380859375,754.7356026867302,749.8282623277308,749.9179969688896,60176400
2026-06-16,748.4019775390625,753.4988323298886,747.9531216783239,752.6111046530555,67093100
2026-06-17,739.0560302734375,750.217278570044,737.3204502885575,749.3594421826946,85945200
2026-06-18,746.739990234375,748.22998046875,743.8599853515625,747.760009765625,80875700
2026-06-22,744.3900146484375,750.1799926757812,743.1300048828125,747.7000122070312,46628100
2026-06-23,733.5800170898438,739.6300048828125,732.2999877929688,733.8099975585938,66846800
2026-06-24,733.239990234375,739.9500122070312,730.8400268554688,735.1699829101562,57439500
2026-06-25,734.2999877929688,739.3699951171875,729.5999755859375,738.9099731445312,53934400
2026-06-26,728.989990234375,736.530029296875,716.5800170898438,728.9500122070312,71034000
2026-06-29,741.0,741.5599975585938,732.0900268554688,736.530029296875,58035200
2026-06-30,746.77001953125,748.02001953125,740.8900146484375,741.2899780273438,55626000
2026-07-01,745.760009765625,749.4400024414062,742.3800048828125,745.0,47100900
2026-07-02,744.780029296875,751.3099975585938,740.030029296875,747.4000244140625,57447800
2026-07-06,751.280029296875,752.4099731445312,747.4099731445312,748.739990234375,50673300
2026-07-07,747.7100219726562,750.9600219726562,745.2100219726562,750.219970703125,43721500
2026-07-08,745.4000244140625,746.1500244140625,739.510009765625,743.1599731445312,43767400
2026-07-09,751.7100219726562,751.969970703125,745.5900268554688,747.3499755859375,41441700
2026-07-10,754.9500122070312,755.4199829101562,748.0999755859375,752.0499877929688,42191300
2026-07-13,749.1699829101562,753.9099731445312,748.0,752.469970703125,44013600
2026-07-14,751.8300170898438,753.3400268554688,748.6599731445312,750.9099731445312,35143100
2026-07-15,754.8099975585938,755.5800170898438,750.2000122070312,754.239990234375,43844800
2026-07-16,750.719970703125,754.5700073242188,747.8800048828125,752.760009765625,46409800
2026-07-17,743.2899780273438,747.2899780273438,740.7999877929688,742.0800170898438,62651000
2026-07-20,742.0900268554688,748.72998046875,741.510009765625,747.0599975585938,50422300
2026-07-21,748.280029296875,749.0399780273438,744.1799926757812,746.2899780273438,34324300
2026-07-22,747.4099731445312,750.02001953125,746.3699951171875,746.6199951171875,32836200
2026-07-23,738.1799926757812,742.5599975585938,735.2100219726562,739.3699951171875,55437300
2026-07-24,738.9299926757812,743.719970703125,737.2899780273438,738.510009765625,44782000
2026-07-27,739.0900268554688,745.530029296875,735.8699951171875,744.9099731445312,41461200
2026-07-28,740.8599853515625,742.7899780273438,735.97998046875,739.1900024414062,47322200
2026-07-29,729.4600219726562,742.6799926757812,729.0999755859375,739.969970703125,70697200
2026-07-30,741.6900024414062,742.4500122070312,734.5900268554688,736.0499877929688,66811300
2026-07-31,747.030029296875,748.9000244140625,737.6799926757812,744.6799926757812,62445900
2026-08-03,757.6699829101562,758.5800170898438,748.7999877929688,749.4400024414062,59927500
2026-08-04,771.3300170898438,773.4099731445312,760.52001953125,760.6300048828125,69154800
2026-08-05,769.7899780273438,776.8499755859375,769.510009765625,775.8499755859375,44689100
2026-08-06,768.5599975585938,771.8200073242188,767.4600219726562,770.2100219726562,38416900
2026-08-07,773.260009765625,773.9199829101562,769.6099853515625,771.02001953125,43586300
2026-08-10,773.030029296875,775.0499877929688,771.6199951171875,772.5999755859375,39249500
2026-08-11,770.5599975585938,774.6099853515625,769.2000122070312,774.530029296875,36673800
