Date,Close,High,Low,Open,Volume
2007-03-01,20.54920768737793,20.57389692877141,20.516290268517054,20.516290268517054,4600
2007-03-02,20.540979385375977,20.787867107688903,20.532751207329703,20.59035787163689,2400
2007-03-05,20.67265510559082,20.680883284165077,20.65619560911435,20.664425357352584,1100
2007-03-06,20.65619659423828,20.65619659423828,20.65619659423828,20.65619659423828,400
2007-03-07,20.573898315429688,20.639734727252506,20.56566856774385,20.639734727252506,2800
2007-03-08,20.67265510559082,20.69734278064155,20.67265510559082,20.69734278064155,42200
2007-03-09,20.7055721282959,20.738491120611968,20.7055721282959,20.738491120611968,700
2007-03-12,20.63973617553711,20.63973617553711,20.63973617553711,20.63973617553711,200
2007-03-13,20.590356826782227,20.590356826782227,20.57389733219716,20.57389733219716,1100
2007-03-14,20.540979385375977,20.606817367057193,20.540979385375977,20.606817367057193,2000
2007-03-15,20.540979385375977,20.540979385375977,20.540979385375977,20.540979385375977,0
2007-03-16,20.466917037963867,20.483374965523662,20.458687289351946,20.458687289351946,4000
2007-03-19,20.573898315429688,20.573898315429688,20.466914734841556,20.466914734841556,2200
2007-03-20,20.450458526611328,20.475146203973186,20.450458526611328,20.475146203973186,1400
2007-03-21,20.392847061157227,20.392847061157227,20.392847061157227,20.392847061157227,200
2007-03-22,20.392847061157227,20.40930498564302,20.244714753138787,20.40930498564302,17500
2007-03-23,20.516294479370117,20.516294479370117,20.466917556112588,20.466917556112588,4100
2007-03-26,20.450458526611328,20.499835450999164,20.450458526611328,20.499835450999164,3100
2007-03-27,20.442224502563477,20.466913744426247,20.442224502563477,20.466913744426247,200
2007-03-28,20.442224502563477,20.450454249851067,20.409305513413113,20.409305513413113,3400
2007-03-29,20.466917037963867,20.466917037963867,20.466917037963867,20.466917037963867,100
2007-03-30,20.401077270507812,20.409305448105275,20.401077270507812,20.409305448105275,200
2007-04-02,20.450458526611328,20.450458526611328,20.376392355197513,20.43399902859401,4100
2007-04-03,20.475143432617188,20.483373180511933,20.475143432617188,20.483373180511933,5200
2007-04-04,20.450458526611328,20.450458526611328,20.450458526611328,20.450458526611328,500
2007-04-05,20.384618759155273,20.384618759155273,20.384618759155273,20.384618759155273,1100
2007-04-09,20.516294479370117,20.540982156166837,20.508064730549847,20.516294479370117,22700
2007-04-10,20.450458526611328,20.46691802462865,20.43399902859401,20.44222877760267,30500
2007-04-11,20.450458526611328,20.78787038764577,20.42576927958535,20.450458526611328,172000
2007-04-12,20.327009201049805,20.39284560327762,20.327009201049805,20.39284560327762,8900
2007-04-13,20.31877899169922,20.335236914633526,20.27763026020443,20.294089752802343,8300
2007-04-16,20.236486434936523,20.318782341831326,20.236486434936523,20.318782341831326,22600
2007-04-17,20.228260040283203,20.24471953832324,20.203570793223154,20.24471953832324,23600
2007-04-18,20.20356559753418,20.21179534443778,20.129499445065523,20.17887792648711,18300
2007-04-19,20.20356559753418,20.21179534443778,20.170648179583512,20.195337420294305,26800
2007-04-20,20.129499435424805,20.203565587857987,20.104811764389556,20.203565587857987,24200
2007-04-23,20.236486434936523,20.269403855896122,20.203567444313055,20.269403855896122,29300
2007-04-24,20.2117977142334,20.269404379649135,20.162420796686185,20.23648695783896,42300
2007-04-25,20.17888069152832,20.203568365958255,20.162421195465736,20.1953401875909,7600
2007-04-26,20.261178970336914,20.27763689865919,20.244719472350518,20.26940714966599,40800
2007-04-27,20.195343017578125,20.244719943021156,20.11304709539697,20.16242402084,55800
2007-04-30,20.154190063476562,20.187109053341228,20.137730568544228,20.170649558408893,6300
2007-05-01,20.277633666992188,20.285863414673802,20.162420338777327,20.162420338777327,2500
2007-05-02,20.294092178344727,20.3023219256273,20.22825576974793,20.285862431062153,21300
2007-05-03,20.31877899169922,20.368155899829357,20.294089752802343,20.294089752802343,13100
2007-05-04,20.244714736938477,20.29409164968386,20.21179574866572,20.27763215554748,90800
2007-05-07,20.294092178344727,20.3681583342241,20.244715264313076,20.244715264313076,52500
2007-05-08,20.351701736450195,20.359931484904163,20.294095066936436,20.294095066936436,147000
2007-05-09,20.376388549804688,20.376388549804688,20.31055213969481,20.31055213969481,9700
2007-05-10,20.401077270507812,20.458683931672812,20.376388028724044,20.401077270507812,15000
2007-05-11,20.41753578186035,20.433995276855665,20.384618361533565,20.42576552935801,24100
2007-05-14,20.401077270507812,20.409305448105275,20.07189365871273,20.35992853420153,15400
2007-05-15,20.33523941040039,20.417535313826633,20.277632748901162,20.417535313826633,31100
2007-05-16,20.425765991210938,20.433995738894676,20.31055266296631,20.392848570139844,13000
2007-05-17,20.475143432617188,20.483373180511933,20.45868550649161,20.475143432617188,8100
2007-05-18,20.433996200561523,20.475143370246,20.425766452691846,20.46691519204023,10400
2007-05-21,20.49160385131836,20.524522844379966,20.48337410305296,20.508063347849163,16400
2007-05-22,20.49983024597168,20.508059992890757,20.475141005214443,20.49983024597168,7800
2007-05-23,20.48337173461914,20.49160148193296,20.244715341173592,20.450454315027667,9900
2007-05-24,20.516294479370117,20.516294479370117,20.475145735268768,20.475145735268768,6100
2007-05-25,20.49983024597168,20.508059992890757,20.46691282795909,20.508059992890757,10700
2007-05-29,20.508060455322266,20.508060455322266,20.417534806834883,20.43399430104418,9600
2007-05-30,20.540979385375977,20.54920913308613,20.48337272106879,20.508061964199246,22600
2007-05-31,20.508060455322266,20.508060455322266,20.47514146690367,20.47514146690367,2400
2007-06-01,20.516294479370117,20.557441653807377,20.491605232909308,20.540982156166837,12500
2007-06-04,20.433996200561523,20.433996200561523,20.425766452691846,20.433996200561523,8000
2007-06-05,20.376388549804688,20.40930597002771,20.244715729584936,20.368158802332974,95700
2007-06-06,20.409305572509766,20.475141981337327,20.1377301898881,20.44222456175545,54500
2007-06-07,20.540979385375977,20.540979385375977,20.458685047602213,20.47514297335864,16300
2007-06-08,20.60681915283203,20.647966325284703,20.21179907683192,20.647966325284703,8400
2007-06-11,20.65619659423828,20.67265609149973,20.623277599715383,20.647966845607556,9700
2007-06-12,20.697341918945312,20.697341918945312,20.631505505444384,20.67265424492241,156700
2007-06-13,20.738489151000977,20.75494707593199,20.71379990910875,20.746717328634585,10200
2007-06-14,20.763174057006836,20.763174057006836,20.713797149464543,20.746714564604876,12100
2007-06-15,20.647964477539062,20.713800889370177,20.647964477539062,20.697341393996428,52500
2007-06-18,20.623275756835938,20.697341918229913,20.623275756835938,20.63150550473126,54900
2007-06-19,20.631505966186523,20.66442495850409,20.631505966186523,20.66442495850409,2500
2007-06-20,19.849699020385742,23.8410342861806,19.816780027594245,20.615046766820424,4300
2007-06-21,20.65619659423828,20.754950438478865,20.606819672117986,20.65619659423828,3300
2007-06-22,20.532751083374023,20.61504542065098,20.532751083374023,20.5738982520125,46800
2007-06-25,20.598587036132812,20.61504496142326,20.57389779370139,20.58212754117853,9400
2007-06-26,20.565670013427734,20.590359258220797,20.51629309350559,20.55744026516338,17800
2007-06-27,20.598587036132812,20.598587036132812,20.58212754117853,20.58212754117853,2400
2007-06-28,20.598587036132812,20.598587036132812,20.549208551269967,20.549208551269967,5900
2007-06-29,20.475143432617188,20.565669089795477,20.475143432617188,20.50806242419617,3600
2007-07-02,20.3681583404541,20.45045424364122,20.261174765075502,20.44222449635613,15800
2007-07-03,20.33523941040039,20.417535313826633,20.33523941040039,20.33523941040039,6500
2007-07-05,20.433996200561523,20.433996200561523,20.417536704822172,20.417536704822172,12100
2007-07-06,20.392847061157227,20.417534732717794,20.392847061157227,20.417534732717794,500
2007-07-09,20.401077270507812,20.42576494262779,20.392847523246555,20.401077270507812,8800
2007-07-10,20.261178970336914,20.327015392618375,20.261178970336914,20.327015392618375,4900
2007-07-11,20.236486434936523,20.261175677904124,20.228256687280656,20.228256687280656,4900
2007-07-12,20.20356559753418,20.228254838244972,20.195337420294305,20.21179534443778,73000
2007-07-13,20.220027923583984,20.220027923583984,20.20356842747129,20.20356842747129,600
2007-07-16,20.2117977142334,20.22825720997044,20.187110040291746,20.2117977142334,3800
2007-07-17,20.2117977142334,20.22002746210192,20.2117977142334,20.2117977142334,700
2007-07-18,20.195343017578125,20.195343017578125,20.16242402084,20.16242402084,1100
2007-07-19,20.18711280822754,20.18711280822754,20.154193812239804,20.16242356123674,11200
2007-07-20,20.154190063476562,20.154190063476562,20.12950082107806,20.145960316010395,600
2007-07-23,20.195343017578125,20.195343017578125,20.154194271655467,20.16242402084,16800
2007-07-24,20.03897476196289,20.16241782245334,20.03897476196289,20.1459583291443,18100
2007-07-25,20.2117977142334,20.23648695783896,20.195339788160265,20.195339788160265,6100
2007-07-26,20.121273040771484,20.21179712535996,20.113043293142738,20.21179712535996,3000
2007-07-27,20.285863876342773,21.808332699484875,20.277634128473863,20.277634128473863,26500
2007-07-30,20.31877899169922,20.31877899169922,20.3023194991013,20.3023194991013,5200
2007-07-31,20.285863876342773,20.30232337208059,19.997828979586608,20.30232337208059,6600
2007-08-01,20.294092178344727,20.335239345093804,20.25294501159565,20.335239345093804,11200
2007-08-02,20.327009201049805,20.327009201049805,20.27763072213121,20.302319961590506,900
2007-08-03,20.13772964477539,20.236485040175403,20.13772964477539,20.236485040175403,20100
2007-08-06,20.17888069152832,20.17888069152832,20.145961699403156,20.145961699403156,3300
2007-08-07,20.236486434936523,20.252945930248256,20.18710951866519,20.18710951866519,13700
2007-08-08,20.17888069152832,20.18711043955961,20.154191447434446,20.154191447434446,4300
2007-08-09,20.33523941040039,20.33523941040039,20.31055173813718,20.33523941040039,6200
2007-08-10,20.351701736450195,20.36816123335813,20.335242239542257,20.359931484904163,40500
2007-08-13,20.409305572509766,20.433994814444027,20.343469163682204,20.368158405616466,25400
2007-08-14,20.540979385375977,20.540979385375977,20.47514297335864,20.47514297335864,39600
2007-08-15,20.631505966186523,20.6561952104247,20.59035879545351,20.62327621810713,26800
2007-08-16,20.573898315429688,20.615045484194997,20.56566856774385,20.59035781080136,30800
2007-08-17,20.516294479370117,20.573901151447917,20.28586622139483,20.28586622139483,16300
2007-08-20,20.565670013427734,20.57389976169209,20.5327525900343,20.55744026516338,13300
2007-08-21,20.573898315429688,20.573898315429688,20.557438820058014,20.557438820058014,6800
2007-08-22,20.516294479370117,20.549211904987107,20.516294479370117,20.524524228190387,21200
2007-08-23,20.48337173461914,20.5080609765606,20.47514198730532,20.5080609765606,1200
2007-08-24,20.392847061157227,20.42576447979257,20.35169832578335,20.42576447979257,52000
2007-08-27,20.376388549804688,20.376388549804688,20.35992905486126,20.35992905486126,2500
2007-08-28,20.376388549804688,20.376388549804688,20.35169930738955,20.368158802332974,17200
2007-08-29,20.359928131103516,20.39284711949679,20.351698384005196,20.37638762530015,3900
2007-08-30,20.450458526611328,20.450458526611328,20.376392355197513,20.43399902859401,27500
2007-08-31,20.401077270507812,20.433994689889044,20.351698786940275,20.351698786940275,5700
2007-09-04,20.433996200561523,20.49160286598535,20.433996200561523,20.483373118115672,4700
2007-09-05,20.359928131103516,20.359928131103516,20.335238889808558,20.351698384005196,900
2007-09-06,20.302326202392578,20.376392373874282,20.294096453376373,20.376392373874282,40600
2007-09-07,20.18711280822754,20.21180048555422,20.178883059230607,20.195342557224475,3000
2007-09-10,20.162418365478516,20.18710760610702,20.14595887172618,20.17887785923085,49600
2007-09-11,20.18711280822754,20.195342557224475,20.137734314245936,20.195342557224475,3500
2007-09-12,20.08835220336914,20.15418860868236,20.071892709624905,20.12949936806601,8200
2007-09-13,20.145963668823242,20.170652915330678,20.145963668823242,20.154193417659055,2500
2007-09-14,20.195343017578125,20.195343017578125,20.145964522470933,20.145964522470933,2400
2007-09-17,20.17888069152832,20.203568365958255,20.162421195465736,20.162421195465736,2500
2007-09-18,20.11304473876953,20.220028326304956,20.063666249447973,20.211798578084693,10700
2007-09-19,20.104814529418945,20.154191447944005,20.096584781387445,20.113044277450445,28000
2007-09-20,19.956682205200195,19.997829375695858,19.890845790608772,19.989601197327875,53900
2007-09-21,19.96491241455078,19.989601659217023,19.9566826663287,19.981371910994945,7500
2007-09-24,19.956682205200195,19.964911953232114,19.923763213072515,19.931992961104434,33800
2007-09-25,19.907302856445312,19.915532603472567,19.857924374281776,19.882613615363546,27800
2007-09-26,19.973140716552734,20.647964325260798,19.915534052833344,19.931991978421838,17700
2007-09-27,19.940221786499023,19.940221786499023,19.866155627302735,19.882615122604992,128700
2007-09-28,19.792089462280273,19.86615562145476,19.75094229370061,19.849697695821213,44800
2007-10-01,19.8167781829834,19.841467425278868,19.380610987079752,19.833237677847045,44600
2007-10-02,19.940221786499023,19.948451534150152,19.89907461790725,19.915534113209503,99700
2007-10-03,19.997825622558594,20.006055369045978,19.874382564575125,19.899071804037277,48800
2007-10-04,19.973140716552734,20.01428788501977,19.956681221300375,20.01428788501977,16600
2007-10-05,19.940221786499023,19.95668128180128,19.874385374953864,19.95668128180128,29000
2007-10-08,20.063663482666016,20.08012297683677,19.973139404054393,19.98136915113977,48600
2007-10-09,19.989599227905273,20.063663813567658,19.956680239020848,20.055435636010337,92800
2007-10-10,19.93199348449707,19.94845298099312,19.87438681642488,19.90730580941698,49800
2007-10-11,19.948448181152344,19.948448181152344,19.816775380194002,19.899071273208868,90600
2007-10-12,19.915538787841797,19.9237669677604,19.874390039927604,19.90730903825896,14100
2007-10-15,19.890846252441406,19.890846252441406,19.833239584544373,19.874386755995403,18400
2007-10-16,19.915538787841797,19.93199671734324,19.89084953909328,19.89907928867612,295500
2007-10-17,19.907302856445312,19.915532603472567,19.84969619691827,19.866154121309034,44200
2007-10-18,19.783859252929688,19.783859252929688,19.73448077210753,19.75917001251861,22600
2007-10-19,19.742713928222656,19.808550344357588,19.72625443177293,19.742713928222656,51100
2007-10-22,19.907302856445312,19.964909515972355,19.857924374281776,19.866154121309034,96800
2007-10-23,19.783859252929688,19.792087430069675,19.742710518911224,19.775629506125995,39600
2007-10-24,19.750944137573242,19.808550806828254,19.742714389156237,19.792091309994248,37100
2007-10-25,19.709796905517578,19.742714329421986,19.68510766034127,19.718025084245674,19500
2007-10-26,19.627498626708984,19.65218629924713,19.594579637106367,19.63572837410964,67100
2007-10-29,19.594579696655273,19.627498686357935,19.545202781765106,19.627498686357935,26400
2007-10-30,19.63572883605957,19.668646256772785,19.545203182186484,19.619269340871035,245300
2007-10-31,19.545204162597656,19.72625390976165,19.52051491857641,19.63572982101162,72500
2007-11-01,19.611038208007812,19.635727449046634,19.553431548580967,19.619267955020753,92600
2007-11-02,19.42176055908203,19.55343338432349,19.36415389424688,19.55343338432349,65000
2007-11-05,19.5205135345459,19.553432524240225,19.495825861938975,19.52874328196948,83300
2007-11-06,19.454679489135742,19.46290923755948,19.421762065104804,19.42999181352854,28100
2007-11-07,19.35592269897461,19.421759106671917,19.257167302596756,19.421759106671917,134400
2007-11-08,19.33946418762207,19.347693935210508,19.265398028989985,19.33946418762207,150000
2007-11-09,19.33946418762207,20.088353951867518,19.273627776578422,20.088353951867518,130500
2007-11-12,19.5205135345459,20.573897659806992,19.355923295065736,20.573897659806992,186300
2007-11-13,19.446449279785156,19.75094368559015,19.331235943911686,19.75094368559015,154800
2007-11-14,19.454679489135742,21.21580641021524,19.339466150531443,21.21580641021524,123100
2007-11-15,19.504056930541992,19.520514856840173,19.41353127241433,19.446448694674615,117100
2007-11-16,19.4793643951416,19.54520079820163,19.429987485262497,19.54520079820163,79400
2007-11-19,19.42176055908203,19.48759697170276,19.339464650890147,19.42999030686761,597100
2007-11-20,19.240707397460938,19.635727404874768,17.981585930924567,19.635727404874768,216600
2007-11-21,19.141956329345703,19.24071016817216,19.141956329345703,19.207792745117995,97900
2007-11-23,19.281856536865234,19.290086284032277,19.21602012919265,19.24070780103001,25300
2007-11-26,19.183101654052734,19.49582577611691,19.166643728941843,19.49582577611691,110600
2007-11-27,19.29008674621582,19.33946366073737,19.13372468562314,19.13372468562314,140600
2007-11-28,19.347694396972656,19.611040047432397,19.323005153618098,19.611040047432397,231200
2007-11-29,19.454679489135742,19.923764161640687,19.40530256825733,19.923764161640687,75900
2007-11-30,19.602807998657227,20.573896147988478,19.429988024452705,20.573896147988478,105100
2007-12-03,19.561660766601562,19.940219700977284,19.51228228585922,19.940219700977284,120200
2007-12-04,19.42176055908203,19.446448232774873,19.3970713157253,19.42176055908203,103200
2007-12-05,19.660419464111328,19.668649212942515,19.421763026663275,19.421763026663275,108500
2007-12-06,19.652185440063477,20.006056714501455,19.611038274522954,20.006056714501455,1259400
2007-12-07,19.68510627746582,19.948451928857114,19.602810368990067,19.948451928857114,278000
2007-12-10,19.545204162597656,19.627500073004537,19.3476949194195,19.3476949194195,482100
2007-12-11,19.504056930541992,19.652187685209178,19.372384102172987,19.372384102172987,213600
2007-12-12,19.578123092651367,19.80032000948347,19.545204100727247,19.80032000948347,83600
2007-12-13,19.64395523071289,19.676872645807574,19.586347007385914,19.61103624595462,181700
2007-12-14,19.890846252441406,20.096585249024514,19.80032059165237,20.096585249024514,312600
2007-12-17,20.056808471679688,20.222773593061746,19.932335422023495,20.222773593061746,188800
2007-12-18,19.865951538085938,19.932337276262263,19.85765312296879,19.907442030910822,174300
2007-12-19,19.92403793334961,19.96552842424242,19.89084427442674,19.915739518618892,76900
2007-12-20,19.95722770690918,19.990421362002266,19.92403563457668,19.95722770690918,117800
2007-12-21,20.00702476501465,20.189585179744782,19.890848516767193,19.890848516767193,255400
2007-12-24,19.874250411987305,20.031915554570148,19.874250411987305,19.915740905769972,32700
2007-12-26,19.7995662689209,19.998723488167506,19.774671022979742,19.83275834741489,117500
2007-12-27,19.675090789794922,19.782968601549566,19.650197127667553,19.782968601549566,224700
2007-12-28,19.54231834411621,19.633599321406198,18.919951497707913,19.608704077756,194700
2007-12-31,19.66679573059082,19.708286226384086,19.517427413317524,19.525725829028367,112600
2008-01-02,19.49253273010254,19.78297095734064,19.442743817158036,19.78297095734064,97700
2008-01-03,19.534021377563477,19.558915038281196,19.451038815396043,19.475932476113766,70000
2008-01-04,19.326566696166992,19.5008286606433,19.218688885315256,19.226987300208528,1094600
2008-01-07,19.517425537109375,19.60040810347976,19.509127122196254,19.583811273653524,313200
2008-01-08,19.49253273010254,19.558918474948875,19.417848569305285,19.550620058997957,86000
2008-01-09,19.641895294189453,19.774666744963653,19.46763177582298,19.46763177582298,98800
2008-01-10,19.451040267944336,19.76637212841579,19.426145022606782,19.76637212841579,131900
2008-01-11,19.54231834411621,19.54231834411621,19.426143705936763,19.426143705936763,34400
2008-01-14,19.442739486694336,19.459336314899573,19.376353756634032,19.459336314899573,128300
2008-01-15,19.4261474609375,19.484234791255282,19.19379655690532,19.210393389213557,153900
2008-01-16,19.66679573059082,19.675092563540705,19.45104167039172,19.484233750474143,322200
2008-01-17,19.63360023498535,19.71658280158657,19.550617668384135,19.71658280158657,86900
2008-01-18,19.691686630249023,19.69998504479477,19.641897725735273,19.65849455482677,102200
2008-01-22,19.72488021850586,19.816159612664016,19.59210875176606,19.6418976561033,169000
2008-01-23,19.66679573059082,19.91574187087234,19.583813156243327,19.91574187087234,158100
2008-01-24,19.500825881958008,19.592106850016517,19.459335396164455,19.54231636775156,135500
2008-01-25,19.550617218017578,19.633599782707215,19.51742514179819,19.56721404750766,161200
2008-01-28,19.4261474609375,19.558918953881303,19.401252212475143,19.550620537727184,378900
2008-01-29,19.417844772338867,19.500827332860627,19.2435828197278,19.2435828197278,240900
2008-01-30,19.30167007446289,19.625300318407987,19.30167007446289,19.583809829662453,47000
2008-01-31,19.451040267944336,19.48423234563356,19.293373546328187,19.293373546328187,443700
2008-02-01,19.525726318359375,19.58381364703005,19.409550078257027,19.58381364703005,209300
2008-02-04,19.49253273010254,19.509129562004375,19.31827074341628,19.31827074341628,225600
2008-02-05,19.699987411499023,19.716584242584418,19.451041276261815,19.625303254375677,298000
2008-02-06,19.699987411499023,19.699987411499023,19.633601669918374,19.666795332089162,180000
2008-02-07,19.890844345092773,19.932336418893765,19.791266533491942,19.932336418893765,231800
2008-02-08,19.832759857177734,19.890847186034765,19.774672528320703,19.890847186034765,187600
2008-02-11,19.79126739501953,19.907442041197925,19.749775319412358,19.907442041197925,155800
2008-02-12,19.72488021850586,19.733178633022188,19.63359924158697,19.63359924158697,72800
2008-02-13,19.758073806762695,19.807864297673323,19.724881728916465,19.724881728916465,118800
2008-02-14,19.691686630249023,19.832756512005258,19.633599311189528,19.832756512005258,166500
2008-02-15,19.691686630249023,19.691686630249023,19.57551199213003,19.62530089664378,141900
2008-02-19,19.658496856689453,19.70828576703311,19.57551428427608,19.70828576703311,108900
2008-02-20,19.66679573059082,19.84935612794654,19.525725829028367,19.84935612794654,144300
2008-02-21,19.525726318359375,19.74148038396545,19.4676374069277,19.74148038396545,109400
2008-02-22,19.30167007446289,19.49252885510945,19.30167007446289,19.467633612205717,224900
2008-02-25,19.401248931884766,19.50082832613509,19.376355270392764,19.42614417613754,55500
2008-02-26,19.268478393554688,19.401249870471105,19.251883146010776,19.309970469316603,176500
2008-02-27,19.144004821777344,19.251882633123508,19.094215914950322,19.251882633123508,176700
2008-02-28,19.0361270904541,19.160600139075992,18.92824928762396,19.12740648197112,196600
2008-02-29,19.0444278717041,19.09421678078883,19.002935795166092,19.019532625781295,195300
2008-03-03,19.002933502197266,19.0859160624994,18.91995094189513,19.0859160624994,96300
2008-03-04,19.052724838256836,19.061023253622803,18.969743850118938,18.97804226548491,52300
2008-03-05,18.961442947387695,19.061020753194896,18.93654770455555,19.019530264568676,74200
2008-03-06,18.86186408996582,18.919951408782527,18.845267260943697,18.919951408782527,76300
2008-03-07,18.919950485229492,18.96974096986541,18.189707454269893,18.820372681478965,181600
2008-03-10,18.86186408996582,18.99463555662136,18.8286720146823,18.99463555662136,83700
2008-03-11,18.98633575439453,19.027827823917182,18.704197595443603,19.027827823917182,140500
2008-03-12,18.654407501220703,19.66679186004702,18.654407501220703,19.268475898122237,114300
2008-03-13,18.6046199798584,18.67100571464448,18.50504058629889,18.538234245072314,113600
2008-03-14,18.6378116607666,18.886759348007526,18.48014653321749,18.853565689937778,203500
2008-03-17,18.480146408081055,18.637811534562555,18.256093965909592,18.272690794832084,155700
2008-03-18,18.695903778076172,18.695903778076172,18.50504337686867,18.637814866462843,360700
2008-03-19,18.71249771118164,18.778883451309916,18.588024646286243,18.778883451309916,332100
2008-03-20,18.911653518676758,19.036126563855333,18.8452662063035,19.019529735762017,793700
2008-03-24,19.19379234313965,19.19379234313965,18.994635147446502,18.994635147446502,491100
2008-03-25,18.770584106445312,19.144003251152906,18.695899960951657,19.144003251152906,164400
2008-03-26,18.505041122436523,18.63781259585541,18.471849045462207,18.513339537370303,216300
2008-03-27,18.538232803344727,18.662705848543204,18.50503914715279,18.50503914715279,77400
2008-03-28,18.55483055114746,18.720794092051527,18.521636893310212,18.712495677592216,121400
2008-03-31,18.588024139404297,18.969743321803332,18.480147908172896,18.50504157081661,255500
2008-04-01,18.878459930419922,18.903355172649473,18.720793228487388,18.878459930419922,1428500
2008-04-02,18.695903778076172,18.928253093485473,18.671008530241888,18.928253093485473,306200
2008-04-03,18.762285232543945,18.795477305972028,18.554829629646328,18.554829629646328,504600
2008-04-04,18.579723358154297,18.762285302350246,18.513337628290493,18.762285302350246,1336500
2008-04-07,18.71249771118164,18.795480282032205,18.621218307730825,18.795480282032205,309100
2008-04-08,18.71249771118164,18.753989787987372,18.621218307730825,18.753989787987372,144200
2008-04-09,18.588024139404297,18.7954797694931,18.538235231356023,18.7954797694931,152500
2008-04-10,18.67100715637207,18.67930557170621,18.505042015211075,18.67930557170621,190300
2008-04-11,18.6046199798584,18.729093034737208,18.538234245072314,18.729093034737208,325700
2008-04-14,18.6046199798584,18.62121680924511,18.38056753142008,18.388865946113437,298700
2008-04-15,18.629518508911133,18.695904255403118,18.612921676597875,18.695904255403118,162000
2008-04-16,18.44695472717285,18.621218284013167,18.380568987129134,18.621218284013167,300400
2008-04-17,18.54653549194336,18.571429157064088,18.446956083177422,18.47185133105916,117300
2008-04-18,18.67100715637207,18.82037546686479,18.646111910369655,18.82037546686479,751500
2008-04-21,18.529935836791992,18.77888194663577,18.463550101982932,18.77888194663577,186600
2008-04-22,18.463550567626953,18.6627077770768,18.39716483114367,18.496744227248996,225900
2008-04-23,18.588024139404297,18.63781304745257,18.563130476760584,18.604620969674006,316900
2008-04-24,18.795482635498047,18.90336046593991,18.712500054256868,18.90336046593991,1365700
2008-04-25,18.845266342163086,18.94484572868022,18.72909171019364,18.94484572868022,924800
2008-04-28,18.820375442504883,18.92825167618728,18.762288118001983,18.92825167618728,1325200
2008-04-29,18.89505958557129,18.97804215599131,18.795480184515082,18.91165641620747,2241800
2008-04-30,18.762285232543945,18.96144242139438,18.712494748260855,18.96144242139438,3543000
2008-05-01,18.919950485229492,18.98633621531673,18.86186316924824,18.98633621531673,2696800
2008-05-02,19.01953125,19.044426494122003,18.96974234451676,19.044426494122003,2295700
2008-05-05,18.928251266479492,19.02783066544395,18.89505918866524,19.02783066544395,797000
2008-05-06,18.86186408996582,18.986337142110298,18.753987866843467,18.919951408782527,1646800
2008-05-07,18.98633575439453,19.03612623782171,18.97803892325062,18.99463416829906,1196300
2008-05-08,18.98633575439453,19.027827823917182,18.911653194774996,19.027827823917182,808000
2008-05-09,18.86186408996582,18.986337142110298,18.836970429193364,18.986337142110298,586000
2008-05-12,18.836971282958984,19.019531662194524,18.803777623410266,19.011233247307345,655500
2008-05-13,18.919950485229492,18.944845727547452,18.836969509690938,18.836969509690938,511200
2008-05-14,18.944847106933594,18.96974235106419,18.89505820143317,18.96144393635399,837400
2008-05-15,18.928251266479492,18.978041757342147,18.845268697802585,18.936549681623266,538200
2008-05-16,18.745689392089844,18.903356101771884,18.67100524449102,18.836970368657454,886700
2008-05-19,18.845266342163086,18.85356475626957,18.687601222421883,18.687601222421883,750200
2008-05-20,18.654407501220703,18.72909164515906,18.629513841748352,18.72909164515906,770400
2008-05-21,18.521638870239258,18.629516686964052,18.496745206964988,18.596323025583843,571700
2008-05-22,18.6378116607666,18.6378116607666,18.488444947734926,18.488444947734926,339100
2008-05-23,18.529935836791992,18.571426327512366,18.505040592703306,18.53823425148822,255500
2008-05-27,18.6378116607666,18.67100531883635,18.596321170940147,18.596321170940147,476300
2008-05-28,18.720794677734375,18.80377724216289,18.654408942743714,18.80377724216289,331400
2008-05-29,18.87016487121582,18.878463286767687,18.762288634563387,18.8037791295618,835300
2008-05-30,18.845266342163086,18.911653655014945,18.787179026178364,18.911653655014945,571300
2008-06-02,18.820375442504883,18.87846276700778,18.770586533325382,18.87846276700778,238200
2008-06-03,18.919950485229492,18.953144141653436,18.87016158335423,18.878459997460215,725600
2008-06-04,18.969745635986328,18.978044052133534,18.886763057275314,18.953148803691917,606500
2008-06-05,18.878459930419922,18.98633614789335,18.82037261464495,18.98633614789335,1365200
2008-06-06,18.66270637512207,18.795477838114756,18.637811132275683,18.770584178029058,664300
2008-06-09,18.820375442504883,18.820375442504883,18.6129198077026,18.6129198077026,338500
2008-06-10,19.01953125,19.01953125,18.90335660961885,18.928250270980087,760700
2008-06-11,18.89505958557129,19.0029358191847,18.836972261105537,19.0029358191847,589800
2008-06-12,19.052724838256836,19.08591849972071,18.98633909808998,19.027831174919825,854800
2008-06-13,19.077617645263672,19.14400337694305,19.077617645263672,19.12740654833303,1118800
2008-06-16,18.9946346282959,19.0610203583792,18.9282488982126,19.0610203583792,570800
2008-06-17,18.953144073486328,18.98633614703024,18.928248831257907,18.98633614703024,278500
2008-06-18,18.93655014038086,18.994637465033666,18.903358061762493,18.903358061762493,387100
2008-06-19,18.953144073486328,18.99463456110638,18.91995041718177,18.96144248756247,299500
2008-06-20,18.82867431640625,18.928252137190498,18.778883823253203,18.928252137190498,350700
2008-06-23,18.93655014038086,18.969743801760114,18.895059646417682,18.9614453864153,379200
2008-06-24,18.886760711669922,18.919952789375476,18.803778143264772,18.878462296553323,770400
2008-06-25,18.795482635498047,18.919955715979274,18.753992136258002,18.90336046593991,490800
2008-06-26,18.679302215576172,18.729091115874493,18.563127587293227,18.704197457105632,755400
2008-06-27,18.6212158203125,18.687601551572982,18.579723749049275,18.637811066057107,445300
2008-06-30,18.66270637512207,18.679303203686327,18.57972381506147,18.65440796083994,359900
2008-07-01,18.6461124420166,18.712498183821644,18.55483303626025,18.712498183821644,331700
2008-07-02,18.55483055114746,18.588022626223985,18.521636893310212,18.579724211764674,198000
2008-07-03,18.737390518188477,18.778881006832428,18.637811129578033,18.778881006832428,256900
2008-07-07,18.720794677734375,18.845267732996763,18.671005772181573,18.770585166047947,445400
2008-07-08,18.80377769470215,18.81207610962079,18.68760305136278,18.68760305136278,267900
2008-07-09,18.67100715637207,18.870164376108733,18.66270874103793,18.870164376108733,227600
2008-07-10,18.654407501220703,18.72079323108139,18.621215427670684,18.621215427670684,295300
2008-07-11,18.529935836791992,18.58802315690482,18.446953272590477,18.554831080880675,883400
2008-07-14,18.496742248535156,18.720793095972592,18.339075547718664,18.720793095972592,665700
2008-07-15,18.480146408081055,18.496743237003546,18.339076527761325,18.34737494222257,1314400
2008-07-16,18.571426391601562,18.57972480632643,18.38056760121197,18.463550165699854,357000
2008-07-17,18.6046199798584,18.65440888525777,18.480146924979586,18.629515223938466,415100
2008-07-18,18.6046199798584,18.637812055871056,18.554831074459027,18.588023150471685,319600
2008-07-21,18.538232803344727,18.604618532967958,18.513337561200775,18.58802170487199,117400
2008-07-22,18.67100715637207,18.67100715637207,18.422061027391464,18.422061027391464,272100
2008-07-23,18.745689392089844,18.762286221058634,18.67100524449102,18.68760207345981,291500
2008-07-24,18.729093551635742,18.787180873331604,18.704199889629407,18.737391966558125,216100
2008-07-25,18.753990173339844,18.77058700440316,18.712498095681546,18.712498095681546,144200
2008-07-28,18.71249771118164,18.753989787987372,18.66270880177566,18.753989787987372,159300
2008-07-29,18.87016487121582,18.895060117871427,18.720796556804043,18.720796556804043,465600
2008-07-30,18.853567123413086,18.978041767877976,18.82867346072879,18.978041767877976,457000
2008-07-31,18.853567123413086,18.969743352729594,18.687603568727987,18.753989307154196,201500
2008-08-01,18.911653518676758,18.961442420196057,18.828670960970825,18.961442420196057,412300
2008-08-04,18.919950485229492,18.936547313441466,18.836969509690938,18.936547313441466,170100
2008-08-05,19.06102180480957,19.119110707956057,18.978040822978993,18.98633765495343,922400
2008-08-06,19.119110107421875,19.144003768084826,19.069319620574525,19.10251327847276,957900
2008-08-07,19.21868896484375,19.21868896484375,19.08591749152358,19.08591749152358,1697100
2008-08-08,19.525726318359375,19.832759793550366,19.45934057376989,19.57551523111124,2911000
2008-08-11,19.63360023498535,19.74977487857057,19.484231931655327,19.666793894730162,2393100
2008-08-12,19.59210968017578,19.650197001781933,19.550617605627952,19.61700334214367,1078400
2008-08-13,19.59210968017578,19.658495416691498,19.426144547506084,19.583811265266213,1106600
2008-08-14,19.708284378051758,19.741478037782084,19.57551290465206,19.641898641351908,969500
2008-08-15,19.85765266418457,19.865951079109994,19.76637168276573,19.816160589557455,1891900
2008-08-18,19.7995662689209,19.83275834741489,19.74147894448575,19.83275834741489,1111500
2008-08-19,19.708284378051758,19.832757436518868,19.68338913325401,19.832757436518868,899500
2008-08-20,19.766372680664062,19.832758420658095,19.71658377135876,19.766372680664062,570300
2008-08-21,19.54231834411621,19.617002492306064,19.51742468322675,19.583810416866537,985000
2008-08-22,19.741479873657227,19.741479873657227,19.641900467966583,19.641900467966583,703400
2008-08-25,19.733179092407227,19.733179092407227,19.650196528072847,19.691687018859653,492500
2008-08-26,19.849353790283203,19.865950619750283,19.799564884642745,19.832756960816127,1442900
2008-08-27,19.79126739501953,19.849354718108728,19.733180071930335,19.749775319412358,1064500
2008-08-28,19.85765266418457,19.85765266418457,19.68338911627231,19.691687531197733,977500
2008-08-29,19.865951538085938,19.882546785559384,19.766372139441025,19.77467055455817,557400
2008-09-02,20.056808471679688,20.098298960644854,19.98212432533383,20.081703714715207,4217400
2008-09-03,20.040212631225586,20.114896781254316,20.023615801716804,20.073406290243142,2612800
2008-09-04,20.197879791259766,20.206178206197077,20.031914658035156,20.031914658035156,2249100
2008-09-05,20.272565841674805,20.272565841674805,20.13149594004944,20.164688020146667,2403800
2008-09-08,20.38043975830078,20.53810647339074,20.27256353182499,20.305755608140316,3389300
2008-09-09,20.38874053955078,20.45512628264748,20.239372221892964,20.438529451183065,2818700
2008-09-10,20.52151107788086,20.52151107788086,20.34724910383633,20.37214276712218,1179600
2008-09-11,20.57959747314453,20.604492718066954,20.538106981034648,20.604492718066954,1997400
2008-09-12,20.1895809173584,20.37214129354673,20.1895809173584,20.330650802564172,2134700
2008-09-15,20.00702476501465,20.214480429246617,19.741481768039506,20.17298834674356,3414700
2008-09-16,20.297454833984375,20.338946903006452,19.882543640327192,20.02361350948106,1613200
2008-09-17,19.85765266418457,20.24766866911459,19.832757419408303,20.24766866911459,1605500
2008-09-18,19.940635681152344,19.99042458906884,19.66679431347034,19.699986391161058,2039600
2008-09-19,19.782968521118164,19.982125731131468,19.625301802988993,19.799565350976142,2924700
2008-09-22,19.334861755371094,19.8908428401527,18.911653713946293,19.46763321596724,6980400
2008-09-23,19.45933723449707,19.600407115386894,19.276775281133343,19.276775281133343,1320600
2008-09-24,19.650197982788086,19.66679481343579,19.318269283638468,19.318269283638468,646400
2008-09-25,19.61700439453125,19.716583796027333,19.37635668028712,19.41784717429997,1124400
2008-09-26,19.61700439453125,19.641899640595494,19.49253132973181,19.49253132973181,725700
2008-09-29,19.766372680664062,19.86595208203556,19.51742655137666,19.675091694636933,840500
2008-09-30,20.28086280822754,20.314054885953038,19.915740456682,19.924038871803585,679900
2008-10-01,20.36384391784668,20.579596364508333,20.206177207353253,20.579596364508333,679100
2008-10-02,20.645980834960938,21.135576182784025,20.496614130892752,20.72066497837535,1859100
2008-10-03,20.56300163269043,20.76215883804143,20.41363333298699,20.76215883804143,797800
2008-10-06,20.81195068359375,20.936423756676145,20.712371275471234,20.753863355006033,1779800
2008-10-07,20.662580490112305,20.778756719519528,20.529809013156214,20.587896336479396,1067200
2008-10-08,20.596193313598633,20.795350515127524,20.480018675063633,20.55470282348206,1246700
2008-10-09,20.704072952270508,20.737265030748542,20.54640622690742,20.554704642217146,650200
2008-10-10,20.737266540527344,21.177073087397858,20.612793467340897,20.704074459632757,1533300
2008-10-13,20.720664978027344,20.828542777517743,20.463420474471263,20.704069732749357,1838900
2008-10-14,20.71236801147461,20.7538600844708,20.529807638573608,20.695772765036878,1099500
2008-10-15,20.953018188476562,20.969615018389437,20.745562562848082,20.811948299738763,557100
2008-10-16,21.06089210510254,21.401120749919322,20.977911130170323,21.401120749919322,497600
2008-10-17,21.094087600708008,21.127279677023143,20.994508206241033,21.03600028008593,535100
2008-10-20,21.260053634643555,21.276648882126445,21.127280575454527,21.168772651063865,489500
2008-10-21,21.60857582092285,21.60857582092285,21.334732912448278,21.359628153971585,751700
2008-10-22,21.865821838378906,21.98199647470594,21.79943610579764,21.87412025279665,1315200
2008-10-23,21.741352081298828,21.973701389152218,21.69986000292433,21.948807724888468,1329300
2008-10-24,22.305625915527344,22.305625915527344,21.890714706227826,22.073276651286434,911700
2008-10-27,22.305625915527344,22.562872004880717,22.15625920969847,22.562872004880717,949300
2008-10-28,22.048381805419922,22.43010094787529,22.048381805419922,22.38860887654281,1148000
2008-10-29,21.691556930541992,21.92390777127564,21.58368071544888,21.91560935738223,1968800
2008-10-30,21.666667938232422,21.83263150356435,21.509001205820276,21.59198377986672,1491800
2008-10-31,21.990297317504883,22.089876718753658,21.907314746924385,21.973700486836606,723300
2008-11-03,22.098173141479492,22.147963632560874,21.90731434061676,21.96540166411752,697100
2008-11-04,21.633472442626953,21.857524898741353,21.60857878045479,21.84922648376369,1084300
2008-11-05,21.70815658569336,21.733051830616056,21.45921046750968,21.674964508557252,601400
2008-11-06,22.015193939208984,22.03178918815339,21.757947796058364,21.89071928417953,845100
2008-11-07,21.96539878845215,21.998592444827427,21.832627328472345,21.907311472556067,279700
2008-11-10,21.981996536254883,22.00689177957783,21.816032995717382,21.83262824183863,408100
2008-11-11,22.32222557067871,22.32222557067871,22.006893708091713,22.0234905384281,732700
2008-11-12,22.372013092041016,22.405206750656042,22.255838452409947,22.32222418687924,727200
2008-11-13,22.015193939208984,22.463297315927665,22.006895523356288,22.380314740161694,858400
2008-11-14,22.197751998901367,22.2143488288566,22.04008527984829,22.172856753968517,425400
2008-11-17,22.181156158447266,22.22264823518631,22.07327992444753,22.2143498198385,321500
2008-11-18,22.247539520263672,22.30562683872806,22.1313648833349,22.197750616260016,559000
2008-11-19,22.32222557067871,22.35541923135148,21.94880638467523,22.048384201171817,672600
2008-11-20,22.471593856811523,22.479892271971824,22.272436641246916,22.289033471567514,1364100
2008-11-21,22.363718032836914,22.529681590785078,22.28073546248239,22.29733229310547,811800
2008-11-24,21.8160343170166,22.03178677450644,21.807735902073023,22.015191527380093,1552400
2008-11-25,21.55879020690918,21.7662458515086,21.542193375478597,21.616877534155265,1348600
2008-11-26,21.799436569213867,21.90731279341641,21.68326034765642,21.741349249815517,590800
2008-11-28,22.03178596496582,22.089874867436453,21.948804984100715,22.00689230381059,293600
2008-12-01,22.15626335144043,22.20605226269059,22.04008711484212,22.123069688766357,723500
2008-12-02,22.03178596496582,22.089874867436453,21.940506569462052,22.015190718449254,338500
2008-12-03,22.064977645874023,22.172853860986354,22.056679231979135,22.172853860986354,694900
2008-12-04,22.006893157958984,22.156261461730782,21.882420099069428,22.11476938692705,707600
2008-12-05,22.098173141479492,22.239243034021694,22.073279478699657,22.123068387020183,389000
2008-12-08,21.724750518798828,21.849223561293062,21.71645210493113,21.807733074715184,699000
2008-12-09,21.782838821411133,21.932207112285372,21.67496260175789,21.899013455308573,652300
2008-12-10,21.658369064331055,21.741351636621854,21.616876986805195,21.708157974601168,492800
2008-12-11,21.17707061767578,21.351332583261748,19.97382735742298,20.919824502628664,2303800
2008-12-12,21.12727928161621,21.260052332674192,21.044298301001003,21.044298301001003,854300
2008-12-15,20.759706497192383,20.960202462235575,20.726289706318372,20.935139869080068,1893300
2008-12-16,20.258464813232422,20.784766496974942,20.199987025416608,20.258464813232422,2074300
2008-12-17,20.016197204589844,20.283526729615886,19.9577194187217,20.233401547385913,1866600
2008-12-18,20.35871124267578,20.408834827401687,20.024549762102993,20.032903958457315,1063300
2008-12-19,20.667810440063477,20.793120210093658,20.60097845648737,20.609332653609403,606100
2008-12-22,20.659456253051758,20.7095814358085,20.56756327146475,20.58427007231682,712200
2008-12-23,20.642745971679688,20.709579542578883,20.592622386905322,20.60933077963012,693500
2008-12-24,20.6343936920166,20.659454688096424,20.57591431656355,20.592622709550138,133700
2008-12-26,20.525794982910156,20.58427277707679,20.500733981638962,20.567565974029456,165000
2008-12-29,20.626039505004883,20.642746304599093,20.28352541562271,20.291879612119843,592200
2008-12-30,20.534147262573242,20.559209854903155,20.45060688154043,20.48402367131365,221000
2008-12-31,20.626039505004883,20.7597034621589,20.60097691551348,20.642746304599093,365700
2009-01-02,20.818180084228516,20.826534280260145,20.600975767606073,20.734639717312195,318200
2009-01-05,21.04374122619629,21.077156421097904,20.976909242992893,21.04374122619629,737100
2009-01-06,21.010326385498047,21.26930014524239,20.99361798979833,21.219176551543555,994500
2009-01-07,20.87666130065918,20.91843228769545,20.73464313153632,20.826537709615884,613400
2009-01-08,20.667810440063477,20.74299662076162,20.63439524497551,20.642747848697372,518200
2009-01-09,20.985261917114258,21.001968716652527,20.83488956746948,20.86830475994607,712800
2009-01-12,21.08551025390625,21.143988039023956,21.001969877995183,21.035386665719663,915100
2009-01-13,21.327775955200195,21.394607933396276,21.26929658005358,21.336130151649712,1041600
2009-01-14,21.411314010620117,21.45308499145862,21.33612943191079,21.45308499145862,1083200
2009-01-15,21.402963638305664,21.561688601833108,21.344484259037483,21.411316241943815,570600
2009-01-16,21.21917152404785,21.31942028109372,21.127278556272405,21.143985354613434,358200
2009-01-20,21.829015731811523,21.84572412527455,21.72041436110206,21.795600538285573,671800
2009-01-21,21.636873245239258,21.8624317690552,21.595103856414106,21.753830402069774,917100
2009-01-22,21.620168685913086,21.75383425933449,21.59510768553434,21.728771665555417,492100
2009-01-23,21.611814498901367,21.904203437912617,21.561689315013542,21.803956256937393,611800
2009-01-26,21.327775955200195,21.45308571514284,21.286004972952615,21.428023125794294,585600
2009-01-27,21.302715301513672,21.40296407461688,21.269298512679207,21.294361104305054,312200
2009-01-28,21.377901077270508,21.444733060270877,21.14398834006913,21.152342537119196,540000
2009-01-29,21.54498291015625,21.55333551422434,21.327778556180316,21.327778556180316,368000
2009-01-30,21.67864418029785,21.720413569032125,21.57839541657553,21.57839541657553,671200
2009-02-02,21.661937713623047,21.787247484368457,21.6034599268352,21.778893287198738,681600
2009-02-03,21.394611358642578,21.570044731968906,21.369548765281547,21.544983732008173,730100
2009-02-04,21.595102310180664,21.64522589186195,21.478145161724413,21.570039722640054,360400
2009-02-05,21.661937713623047,21.678646107962482,21.553334743816887,21.6034599268352,306000
2009-02-06,21.4781494140625,21.62852178227768,21.41131742745578,21.62016758477681,558700
2009-02-09,21.336130142211914,21.36119113814933,21.235881378262114,21.27765076709117,715500
2009-02-10,21.58675193786621,21.64522972575219,21.319423997015893,21.411316980808053,616200
2009-02-11,21.620168685913086,21.70370907177634,21.49485890381837,21.553336695902548,280000
2009-02-12,21.70370864868164,21.845726823860556,21.678647648791436,21.77054063738935,453000
2009-02-13,21.636873245239258,21.71205941984457,21.603458052859146,21.67864422746446,371100
2009-02-17,22.062929153442383,22.121406939000593,21.99609717089012,22.037866562460227,473600
2009-02-18,22.163179397583008,22.204948791930327,22.087993213037624,22.12140840983543,575900
2009-02-19,22.03786849975586,22.054576895212758,21.870789325387758,21.879143523116205,345900
2009-02-20,21.728771209716797,22.17153413012328,21.670293418859398,22.17153413012328,722500
2009-02-23,21.92926597595215,21.937620173246252,21.77889361145873,21.829017201823135,432200
2009-02-24,21.81231117248535,22.021161332027646,21.795602777305902,21.962683542299846,1189400
2009-02-25,22.079641342163086,22.096349739022788,21.912560560366902,21.920914758796755,522800
2009-02-26,22.062929153442383,22.062929153442383,21.962681976314066,21.979388776902017,432300
2009-02-27,22.12140655517578,22.213301127115752,22.05457457378311,22.179884339719354,418400
2009-03-02,22.346965789794922,22.346965789794922,22.24671701786612,22.271779609198365,770000
2009-03-03,22.338611602783203,22.41379778341375,22.246717027923605,22.280133816381703,677500
2009-03-04,22.213300704956055,22.372027255272126,22.179883918194736,22.34696466520114,366600
2009-03-05,22.330259323120117,22.413799708038624,22.28848992736102,22.397091312374858,337100
2009-03-06,22.221654891967773,22.280132675374517,22.037865751660764,22.087990931780908,818500
2009-03-09,22.346965789794922,22.413797773280734,22.271779609198365,22.413797773280734,423200
2009-03-10,22.221654891967773,22.321902065407876,22.029513148374164,22.096345128467597,540800
2009-03-11,21.979389190673828,22.113053158294637,21.92091140401475,22.037866977332907,808400
2009-03-12,21.870786666870117,22.196592371674644,21.862432470157167,22.046220017641755,471500
2009-03-13,21.895851135253906,21.95433052151661,21.85408173846661,21.879144332579198,1653800
2009-03-16,21.829015731811523,21.837369928543037,21.712060164370545,21.712060164370545,668300
2009-03-17,21.79560089111328,21.895848066714038,21.753831500179654,21.86243287264716,246700
2009-03-18,21.09386444091797,21.670291281693114,21.077156047063585,21.611813496602906,1188400
2009-03-19,20.843246459960938,20.91843264450847,20.717935090114874,20.801475472212164,1708400
2009-03-20,21.018678665161133,21.085510648460527,20.910077289824684,20.960200878949188,575500
2009-03-23,20.910076141357422,21.118926276872138,20.885013551471626,21.035385903986235,559000
2009-03-24,21.14398765563965,21.14398765563965,20.976908500247145,21.068801478022984,411200
2009-03-25,20.97690773010254,21.135632682887984,20.86830476935455,21.10221749039633,516900
2009-03-26,21.11057472229004,21.135635721912205,20.98526494397836,20.98526494397836,228300
2009-03-27,21.361194610595703,21.411318204018603,21.311071017172804,21.344486214987967,386600
2009-03-30,21.494857788085938,21.586752367105582,21.469796789008033,21.54498297304224,738100
2009-03-31,21.41967010498047,21.49485628375272,21.369546516932346,21.386254910748434,341400
2009-04-01,21.436378479003906,21.511564657706735,21.41131588830292,21.428024282103575,291400
2009-04-02,21.15234375,21.210821539303435,21.06044917058017,21.202467341774337,633400
2009-04-03,21.08551025390625,21.202465824141658,21.08551025390625,21.18575902367956,543600
2009-04-06,21.185760498046875,21.260946682259206,21.102220116322034,21.102220116322034,357300
2009-04-07,21.344482421875,21.386253403471244,21.302713033678774,21.319421426317273,674800
2009-04-08,21.352840423583984,21.411318214840307,21.27765423671148,21.352840423583984,274200
2009-04-09,21.436378479003906,21.494856263906076,21.294360318498573,21.31106871229923,339400
2009-04-13,21.15234375,21.31942451378146,21.118928553283858,21.311070316252362,400200
2009-04-14,21.202465057373047,21.260944433776036,21.160695667628136,21.227527647260043,209300
2009-04-15,21.235883712768555,21.35283928906713,21.22752951540434,21.33613248773892,120000
2009-04-16,21.31106948852539,21.386255669966772,21.244237504288627,21.244237504288627,127000
2009-04-17,21.52827262878418,21.52827262878418,21.453086451557684,21.461440648293973,577800
2009-04-20,21.69535255432129,21.737123539487193,21.611813770789798,21.628520571456,377800
2009-04-21,21.64522933959961,21.686998732087222,21.57839735557932,21.67864612830985,129800
2009-04-22,21.58675193786621,21.61181452984601,21.52827414998023,21.61181452984601,150000
2009-04-23,21.344482421875,21.57004094229466,21.327775622636523,21.57004094229466,214100
2009-04-24,21.177406311035156,21.194114706068458,21.110574324302195,21.152343718485202,344200
2009-04-27,21.428024291992188,21.461441079608928,21.252590937204715,21.319422919038058,287100
2009-04-28,21.294361114501953,21.402964084865783,21.25259172183906,21.38625569044055,229900
2009-04-29,21.14398765563965,21.177404442758217,21.027032087524887,21.160696049198933,534100
2009-04-30,21.169052124023438,21.227529913268764,21.118928532298906,21.18576051906503,114600
2009-05-01,21.118927001953125,21.16905059004554,21.1105728050377,21.143987999299263,193300
2009-05-04,20.926786422729492,21.127283988371758,20.910079620092926,21.102221394316388,383600
2009-05-05,20.993616104125977,21.052095483822292,20.868306334434212,20.868306334434212,521100
2009-05-06,20.95184898376465,21.060450371032736,20.926786389748777,20.94349478575936,177800
2009-05-07,20.95184898376465,21.001972578396046,20.826539200485982,20.885016993122672,274400
2009-05-08,20.575918197631836,20.84324775564124,20.51744040454865,20.801476765295853,779900
2009-05-11,20.684518814086914,20.684518814086914,20.600978436348402,20.676164616973047,225200
2009-05-12,20.575918197631836,20.626043386046298,20.51744040454865,20.52579460261773,479000
2009-05-13,20.651103973388672,20.6678123691923,20.567565181171176,20.61768877518174,224100
2009-05-14,20.584270477294922,20.659456659509086,20.534146886952218,20.6511024622186,374700
2009-05-15,20.726287841796875,20.759704629664736,20.54250028872408,20.60097807409269,337900
2009-05-18,20.617687225341797,20.709581801953675,20.600978830794144,20.651102421036896,273700
2009-05-19,20.509082794189453,20.575914774222245,20.442250814156658,20.550853777585004,272200
2009-05-20,20.258464813232422,20.40048298081377,20.208341222733186,20.40048298081377,775800
2009-05-21,20.124799728393555,20.316941475832735,20.07467614067032,20.283526281817284,612600
2009-05-22,19.9827823638916,20.041260150795853,19.941012971360045,19.999490758264297,901900
2009-05-26,20.024551391601562,20.141508556679444,19.99113619686514,20.124800162611155,387800
2009-05-27,20.09138298034668,20.133153964697996,19.991135804703774,19.991135804703774,434000
2009-05-28,20.108091354370117,20.166569139004494,20.04961356973574,20.133153944956334,427500
2009-05-29,19.824054718017578,19.915949288632444,19.79899372123178,19.87417989838938,717300
2009-06-01,19.773929595947266,19.807344786867596,19.67368083638633,19.723806012866785,1017800
2009-06-02,19.59014320373535,19.732161358570877,19.573434810601746,19.698744572303664,861600
2009-06-03,19.88253402709961,19.907596619208302,19.748870055987023,19.765578450726153,1080100
2009-06-04,19.84076499938965,19.915951183701463,19.782287210124963,19.890888591130775,780000
2009-06-05,20.18328094482422,20.19998934137301,20.016200166137107,20.016200166137107,1046600
2009-06-08,20.191631317138672,20.308586884018386,20.149861927081655,20.233400707195685,1448000
2009-06-09,19.932659149169922,20.049614725178728,19.899242359795853,20.024552133148177,537000
2009-06-10,20.04961585998535,20.149864640381416,19.93266027735687,19.941014475173233,586800
2009-06-11,19.849117279052734,19.98278123971436,19.78228529872192,19.98278123971436,511100
2009-06-12,20.041259765625,20.099737551405372,19.966073585793048,20.03290556859921,451200
2009-06-15,20.408838272094727,20.408838272094727,20.149864515000118,20.149864515000118,1460600
2009-06-16,20.141510009765625,20.166571009275902,20.0579696267974,20.141510009765625,837700
2009-06-17,20.024551391601562,20.174923751415868,19.974427802796846,20.124800162611155,595400
2009-06-18,20.116445541381836,20.158214932271616,19.991135775312372,20.032905166202152,257800
2009-06-19,20.024551391601562,20.099737571508715,19.94936521169441,20.09138337447457,516000
2009-06-22,20.15821647644043,20.191633266432163,20.099738687355146,20.174924871436296,559400
2009-06-23,19.924304962158203,20.041260538227657,19.865827174123478,20.01619794618411,640000
2009-06-24,20.041259765625,20.141508536534324,19.890887405961095,19.890887405961095,835300
2009-06-25,20.024551391601562,20.174923751415868,19.999490393899286,20.1331543596453,470000
2009-06-26,19.907596588134766,19.93265918020434,19.832410405326264,19.88253399606519,439700
2009-06-29,19.890888214111328,19.932659200937398,19.874181412781123,19.899242411476543,313100
2009-06-30,19.966075897216797,20.016199491774067,19.907598104666594,19.907598104666594,215300
2009-07-01,19.865825653076172,19.865825653076172,19.748868492561446,19.798993672810656,918700
2009-07-02,19.974428176879883,19.999490768451693,19.941012981517655,19.941012981517655,346800
2009-07-06,20.007844924926758,20.116446301383228,19.999490727753155,20.116446301383228,358800
2009-07-07,20.09138298034668,20.09973717721694,19.98278160783351,20.0078441984443,446900
2009-07-08,20.066322326660156,20.13315430936626,20.04961393263359,20.083030720686722,332200
2009-07-09,19.899240493774414,19.966072472855267,19.83240851469356,19.915948886894643,768700
2009-07-10,19.949363708496094,20.016195686333266,19.93265690908683,20.016195686333266,294200
2009-07-13,19.915950775146484,20.016197956572267,19.899242380442114,19.95772016850719,264000
2009-07-14,19.932659149169922,19.966074345143774,19.865827163822,19.87418136116552,286600
2009-07-15,19.740516662597656,19.790641848856513,19.707101465158708,19.757225058017276,996500
2009-07-16,19.72380828857422,19.748869286305975,19.690391500398327,19.707099894486273,520800
2009-07-17,19.76557731628418,19.790639906954407,19.723807925233928,19.748868922504023,197100
2009-07-20,19.631912231445312,19.673681620109647,19.590142842780978,19.615203838619564,481600
2009-07-21,19.640268325805664,19.682037718506407,19.54001955256361,19.56508214422417,1464100
2009-07-22,19.60685157775879,19.665330958421894,19.548373790495884,19.64862256394672,257500
2009-07-23,19.60685157775879,19.64862256394672,19.506604397708152,19.640268366709133,337900
2009-07-24,19.581790924072266,19.62356031759511,19.55672833191842,19.581790924072266,131600
2009-07-27,19.565082550048828,19.606851943615965,19.531665760474937,19.548374155261882,284800
2009-07-28,19.62356185913086,19.682039652016677,19.590146660367687,19.61520766108998,852200
2009-07-29,19.76557731628418,19.824055101114585,19.673682743893465,19.682036940783544,754400
2009-07-30,19.740516662597656,19.782287651146703,19.698747267448898,19.723809860578328,557300
2009-07-31,19.481544494628906,19.66533367242001,19.448129294467154,19.66533367242001,1076700
2009-08-03,19.322813034057617,19.40635340347326,19.27268944976824,19.381292408028578,916500
2009-08-04,19.322813034057617,19.35622981918388,19.281043646049806,19.31446043117607,516700
2009-08-05,19.297754287719727,19.364586272361343,19.247630697588562,19.314462682230182,800900
2009-08-06,19.389644622802734,19.439769799488815,19.33952103951664,19.33952103951664,1258900
2009-08-07,19.615205764770508,19.673683552002927,19.464833401372747,19.49825019030567,1820500
2009-08-10,19.682037353515625,19.740515139572306,19.631913764524203,19.66533055278526,2331900
2009-08-11,19.698745727539062,19.73216251576601,19.648622138598803,19.715454121652535,1350900
2009-08-12,19.60685157775879,19.707100351209625,19.548373790495884,19.665330958421894,1706000
2009-08-13,19.514955520629883,19.523309716551378,19.456477742579356,19.49824712878689,867400
2009-08-14,19.59014320373535,19.631912593169304,19.464831848633366,19.464831848633366,775200
2009-08-17,19.707101821899414,19.78228800924844,19.698747624038376,19.740517019943248,2538400
2009-08-18,19.6569766998291,19.7321628813325,19.615205713771548,19.7321628813325,1729900
2009-08-19,19.531665802001953,19.67368397119248,19.464833816112307,19.66533136718148,1064400
2009-08-20,19.473186492919922,19.55672686710862,19.45647969280227,19.54837267034974,652700
2009-08-21,19.406356811523438,19.46483460236397,19.322816427436837,19.372941613928973,880600
2009-08-24,19.44812774658203,19.464834548632997,19.38964836250263,19.406356757953887,1089500
2009-08-25,19.44812774658203,19.456481944307658,19.364587362726038,19.38964836250263,685100
2009-08-26,19.5233154296875,19.590147423216667,19.5233154296875,19.531668034653286,1010000
2009-08-27,19.41470718383789,19.565079526884652,19.331166816211912,19.531662742474268,879300
2009-08-28,19.44812774658203,19.481542944084254,19.347878967274777,19.364587362726038,1452400
2009-08-31,19.43141746520996,19.506603644043114,19.37293968020643,19.498249447128305,944800
2009-09-01,19.55672836303711,19.62356034882014,19.414710194073137,19.473187982458263,2118400
2009-09-02,19.481544494628906,19.581793281915004,19.43977509607661,19.556730686743375,2107300
2009-09-03,19.498249053955078,19.51495744744778,19.439771270130723,19.439771270130723,821000
2009-09-04,19.42306137084961,19.540016929431246,19.38129198375616,19.523310130633856,1273800
2009-09-08,19.20585823059082,19.20585823059082,19.13067205449063,19.19750403397968,2140600
2009-09-09,19.139028549194336,19.164091142037115,19.07219656168053,19.113965956351556,1904000
2009-09-10,19.097259521484375,19.189152510206448,19.047134334835643,19.12232052140844,1325900
2009-09-11,19.05548667907715,19.088903466925842,18.98865469677991,19.0220714846286,1558500
2009-09-14,19.03877830505371,19.09725608555576,19.00536151996682,19.09725608555576,1119700
2009-09-15,18.97194480895996,19.11396295933377,18.97194480895996,19.08890196382076,1399900
2009-09-16,18.913467407226562,19.013716171487502,18.913467407226562,18.971945189128757,1243000
2009-09-17,18.94688606262207,18.980301258406126,18.888408274949814,18.95524025991814,1339800
2009-09-18,19.013715744018555,19.038778332870343,18.946883767147135,18.97194476259891,3574400
2009-09-21,19.080549240112305,19.356231365832134,19.03042565181783,19.139027025355883,2285600
2009-09-22,18.880056381225586,18.938534176032768,18.871702182910216,18.896764777856323,3452500
2009-09-23,18.963594436645508,18.98030123781931,18.82993046685384,18.913469252923477,2267600
2009-09-24,19.105613708496094,19.13067470840604,18.930178742124966,18.95524133543521,4276300
2009-09-25,19.05548667907715,19.097257663888016,18.98865469677991,19.088903466925842,1945500
2009-09-28,19.113962173461914,19.130670565383635,19.022069204692354,19.097255374940147,1531300
2009-09-29,19.147382736206055,19.214214723682854,19.13902853859642,19.16409113142532,1740900
2009-09-30,19.03877830505371,19.11396288469919,18.997007323695094,19.055485104197142,1564000
2009-10-01,19.17244529724121,19.180797901436723,19.0805507170879,19.09725911227946,1340700
2009-10-02,19.130672454833984,19.14738084840592,19.030425280202603,19.14738084840592,2019600
2009-10-05,19.02207374572754,19.105614131879328,19.013719547772325,19.088905735968904,795600
2009-10-06,18.938533782958984,18.963596377384913,18.880055989365523,18.963596377384913,2633500
2009-10-07,18.955238342285156,19.005361927590524,18.93852994938335,18.96359253873606,1319200
2009-10-08,18.82992935180664,18.93017652651398,18.788158367845156,18.880052939160308,4580500
2009-10-09,18.980300903320312,18.997009297599863,18.89676211872292,18.905114722462518,2509300
2009-10-12,18.896760940551758,18.913467740389496,18.85498995745721,18.896760940551758,1555900
2009-10-13,18.854990005493164,18.888406792053935,18.80486641905209,18.84663580885297,3072700
2009-10-14,18.71297264099121,18.779804623539746,18.687911643410605,18.746389428965553,4504800
2009-10-15,18.72132682800293,18.763096219548437,18.687911633446554,18.746389418970324,1935200
2009-10-16,18.77145004272461,18.813221026838445,18.74638904565643,18.788158436370143,1991300
2009-10-19,18.67955780029297,18.771450782162983,18.671203603141116,18.76309658501113,1616700
2009-10-20,18.76309585571289,18.8132210366757,18.66284868058751,18.671202877414643,3970700
2009-10-21,18.646141052246094,18.712973036206108,18.59601746262613,18.712973036206108,3670600
2009-10-22,18.637786865234375,18.73803563792913,18.621080064285405,18.704618849230815,2454600
2009-10-23,18.738035202026367,18.746389399006603,18.662849022604405,18.696264217125194,3610500
2009-10-26,18.863346099853516,18.88840869229548,18.67955853547983,18.721327929482865,6861400
2009-10-27,18.913467407226562,18.93852999664181,18.83828123238087,18.863343821796118,5984700
2009-10-28,18.98865509033203,19.00536348460267,18.871699517237918,18.905114712379017,6781100
2009-10-29,18.854990005493164,18.90511359193424,18.81322061569228,18.89676098869413,4342500
2009-10-30,18.963594436645508,18.963594436645508,18.871699859888658,18.888408254462668,5804400
2009-11-02,18.896760940551758,18.963592920102954,18.82992896100056,18.90511354377059,4952000
2009-11-03,18.94688606262207,19.055487440670518,18.913469273437805,19.055487440670518,5590000
2009-11-04,18.804866790771484,18.871698771814028,18.754743203339608,18.863344575008696,10913500
2009-11-05,19.164087295532227,19.339520630018903,18.754741254996702,18.79651064128402,13281500
2009-11-06,19.072193145751953,19.20585709683966,18.99700697409012,19.20585709683966,6841400
2009-11-09,18.82992935180664,18.938530723306275,18.788158367845156,18.938530723306275,3541300
2009-11-10,18.746389389038086,18.863344959898882,18.587662833298328,18.863344959898882,5252000
2009-11-11,18.779804229736328,18.863344604520233,18.646140267442128,18.679557054715737,4285400
2009-11-12,19.047130584716797,19.164087737136278,18.829927858937733,18.88840563844748,7572000
2009-11-13,18.646141052246094,18.754744022056233,18.629432657906044,18.721327233376133,8880100
2009-11-16,18.56260108947754,18.6712040617188,18.504123301378502,18.596017878905688,6236600
2009-11-17,18.67955780029297,18.746389784107606,18.654495208837414,18.671203603141116,5152400
2009-11-18,18.61272430419922,18.646139496691468,18.562599125360762,18.58766171477999,3051000
2009-11-19,18.67120361328125,18.729681399975792,18.65449521896847,18.68791200759403,3793100
2009-11-20,18.746389389038086,18.7881587805169,18.72132679811071,18.7881587805169,4063500
2009-11-23,18.6043701171875,18.62943111321942,18.562599134800877,18.587661724232852,3869700
2009-11-24,18.62108039855957,18.662849791782094,18.58766360926138,18.604372003910473,3221600
2009-11-25,18.40387725830078,18.512478643859563,18.395523060426978,18.48741605023816,6839000
2009-11-27,18.596019744873047,18.721329531002034,18.56260295209178,18.712975332806717,5706700
2009-11-30,18.520830154418945,18.57095374098866,18.495767564434043,18.56259954432703,3144300
2009-12-01,18.43729019165039,18.45399858534562,18.395520800812445,18.420581797955165,4075000
2009-12-02,18.495769500732422,18.51247789580487,18.428937513842882,18.44564590891533,3581100
2009-12-03,18.50412368774414,18.520832082807086,18.470708491018502,18.520832082807086,2810700
2009-12-04,18.779804229736328,18.813221017009937,18.604370876750234,18.629431873805324,12900300
2009-12-07,18.779804229736328,18.82992941064674,18.679557054715737,18.82992941064674,6668900
2009-12-08,18.8716983795166,18.896760969411606,18.796512203231668,18.804866399863336,6778700
2009-12-09,18.7965145111084,18.880054894282267,18.771451918136155,18.84663810365261,4979000
2009-12-10,18.7965145111084,18.84663810365261,18.76309772047874,18.788160313450984,2473500
2009-12-11,18.94688606262207,18.997009652998262,18.89676247224588,18.905115076141737,15164200
2009-12-14,18.90511703491211,18.938533827558707,18.880056033827533,18.92182543123541,4768100
2009-12-15,19.03877830505371,19.080547693012313,19.00536151996682,19.01371571623854,14616400
2009-12-16,19.02207374572754,19.055488944148056,18.93853335957575,19.013719547772325,5668900
2009-12-17,19.222570419311523,19.25598561895384,19.180799428008132,19.189153626268812,11718000
2009-12-18,19.222570419311523,19.38129699946362,19.222570419311523,19.222570419311523,13168800
2009-12-21,19.28104591369629,19.306108505488602,19.189151337191344,19.189151337191344,6847200
2009-12-22,19.347877502441406,19.372940093720796,19.264337124910277,19.281045519096537,7170900
2009-12-23,19.239274978637695,19.31446115458783,19.197503995665357,19.289398564804426,4524400
2009-12-24,19.239274978637695,19.247629175232163,19.205858192259825,19.205858192259825,1335200
2009-12-28,19.189151763916016,19.20586015881578,19.164090764966602,19.180797566466133,2958200
2009-12-29,19.247631072998047,19.255983677015983,19.12231970512574,19.139028099962076,3863900
2009-12-30,19.247631072998047,19.322815662961105,19.22256848074354,19.29775466410683,3216900
2009-12-31,19.28104591369629,19.289400110960393,19.18079713992724,19.19750553445545,2822600
2010-01-04,19.147382736206055,19.15573693381569,19.080550748729255,19.105613341558154,5083600
2010-01-05,19.139028549194336,19.180797943865365,19.08055075929479,19.122320153965816,6185000
2010-01-06,19.088903427124023,19.18915060366079,19.072195033234514,19.172443803171422,5693300
2010-01-07,19.214214324951172,19.239276917259975,19.1807975352061,19.1807975352061,5844100
2010-01-08,19.080549240112305,19.239275795344977,19.0721950431632,19.122318631457677,7371900
2010-01-11,18.980300903320312,19.00536349473964,18.921823116742065,18.997009297599863,8037200
2010-01-12,18.980300903320312,18.98865510046009,18.905114722462518,18.980300903320312,10486900
2010-01-13,18.963594436645508,18.98030123781931,18.896762451749673,18.90511505563647,4659400
2010-01-14,18.913467407226562,18.971945189128757,18.880052214739617,18.946884193113558,7799800
2010-01-15,19.02207374572754,19.07219734005848,19.005365349817115,19.005365349817115,3053400
2010-01-19,19.080549240112305,19.139027025355883,19.0721950431632,19.09725763401051,3527200
2010-01-20,19.314462661743164,19.33952366008206,19.264337478264967,19.272691675511332,8332600
2010-01-21,19.314462661743164,19.38964725016006,19.247630677172435,19.347877857328427,7817500
2010-01-22,19.28104591369629,19.34787789840892,19.230922323511866,19.314462702752706,3961500
2010-01-25,19.255983352661133,19.297754339048375,19.239276551506443,19.297754339048375,4221400
2010-01-26,19.339523315429688,19.372940103819627,19.297753923342434,19.36458590672214,7508800
2010-01-27,19.406356811523438,19.431419404769507,19.322816427436837,19.356233218431594,7955000
2010-01-28,19.439775466918945,19.456483864018768,19.398004474169387,19.4063586727193,5930300
2010-01-29,19.59014320373535,19.59014320373535,19.489894438333778,19.506602831467383,8886700
2010-02-01,19.506601333618164,19.55672491577009,19.498247137692854,19.514955529543478,5346900
2010-02-02,19.439775466918945,19.498253263367875,19.439775466918945,19.481544866268052,4624700
2010-02-03,19.548372268676758,19.57343485843842,19.473186092791842,19.489894485966282,7748900
2010-02-04,19.673683166503906,19.68203736357344,19.61520538041734,19.631913774556406,9522800
2010-02-05,19.757221221923828,19.857469981576795,19.723806030972824,19.73216022706057,17374200
2010-02-08,19.748870849609375,19.773933442725227,19.69874725677796,19.748870849609375,10965400
2010-02-09,19.62356185913086,19.740517444902494,19.55672986820416,19.673685453975793,11684600
2010-02-10,19.682037353515625,19.748869336637572,19.64862215865473,19.67368315645036,6164200
2010-02-11,19.673683166503906,19.790640332077206,19.64862216869547,19.71545415185157,6182500
2010-02-12,19.740516662597656,19.83241124400527,19.723809860578328,19.798996046566323,4336300
2010-02-16,19.573434829711914,19.7154529846861,19.556726436561995,19.707098788111136,5956700
2010-02-17,19.757221221923828,19.782283810187064,19.640265663495352,19.65697405567084,4796600
2010-02-18,19.757221221923828,19.824053197225812,19.690389246621844,19.757221221923828,3961800
2010-02-19,19.81570053100586,19.94936449192933,19.79063953420777,19.907595101665784,5482400
2010-02-22,19.78228759765625,19.815702795004846,19.74887080690737,19.76557920228181,3619000
2010-02-23,19.890888214111328,19.890888214111328,19.782286835163987,19.824056228589836,3647400
2010-02-24,19.849117279052734,19.86582567248546,19.732161711823835,19.832408885620005,5542600
2010-02-25,19.807348251342773,19.92430542352068,19.798995647201732,19.92430542352068,4687800
2010-02-26,19.748870849609375,19.832411233261926,19.682038861367392,19.807348640146074,4837100
2010-03-01,19.81570053100586,19.95771868866206,19.798993730940502,19.874179908134966,6130600
2010-03-02,19.757221221923828,19.86582417766454,19.73216022706057,19.80734480505032,4698800
2010-03-03,19.640268325805664,19.73216290182753,19.590144735884735,19.715454507387154,6455000
2010-03-04,19.748870849609375,19.79899603584108,19.682038861367392,19.690393059072676,4037300
2010-03-05,19.740516662597656,19.815702848585655,19.732164058288134,19.798996046566323,3555100
2010-03-08,19.732160568237305,19.76557575976607,19.656974395547575,19.66532859177977,4168100
2010-03-09,19.76557731628418,19.807346707334432,19.74051472561395,19.798994103844485,2696900
2010-03-10,19.732160568237305,19.790638348462647,19.698743783308533,19.77392995599826,2315800
2010-03-11,19.690391540527344,19.76557772067617,19.682037343466344,19.732162525832337,3525800
2010-03-12,19.565082550048828,19.63191453579638,19.556728352655355,19.606851943615965,5689400
2010-03-15,19.673683166503906,19.71545415185157,19.631913774556406,19.64026797162594,3116600
2010-03-16,19.531665802001953,19.623560380125305,19.531665802001953,19.606851985302836,5086700
2010-03-17,19.540019989013672,19.581790976047614,19.49825059537996,19.54837418642046,4740400
2010-03-18,19.673683166503906,19.723808348921104,19.590144382608905,19.606851183347807,5246900
2010-03-19,19.807348251342773,19.84076504150796,19.74051626441265,19.807348251342773,6911200
2010-03-22,19.757221221923828,19.874178373752283,19.748867025836084,19.86582417766454,4476300
2010-03-23,19.824054718017578,19.840763111474846,19.74886854085998,19.824054718017578,3182100
2010-03-24,20.09138298034668,20.09138298034668,19.99949000157404,20.04961358939549,6944000
2010-03-25,20.15821647644043,20.166570673938363,20.016198305776065,20.057969293265728,7722800
2010-03-26,20.016197204589844,20.1080917786113,19.999490403913345,20.091383384534645,3919600
2010-03-29,19.915950775146484,19.982782760563747,19.915950775146484,19.966074365859377,3267200
2010-03-30,19.99113655090332,19.999490748085417,19.907596172482542,19.91595036966464,6498400
2010-03-31,19.88253402709961,19.890888224469172,19.82405623891288,19.874181423130267,3890100
2010-04-01,19.76557731628418,19.88253288594499,19.76557731628418,19.86582608556497,3173700
2010-04-05,19.865825653076172,19.88253245309248,19.81570047282696,19.840763062951567,1792100
2010-04-06,19.924304962158203,19.974428552845083,19.915950764810354,19.95772015814938,3353700
2010-04-07,19.966075897216797,19.991138491195603,19.924306500652463,19.982784293202666,6376200
2010-04-08,19.949363708496094,20.024549882737915,19.94101110549148,20.007843083328652,4863200
2010-04-09,19.798994064331055,19.941012224378664,19.798994064331055,19.932658027505262,6529400
2010-04-12,19.7154541015625,19.74051509930701,19.69039151041783,19.723808298610724,5244300
2010-04-13,19.7154541015625,19.75722349340346,19.66533051267332,19.67368311632138,3626800
2010-04-14,19.615205764770508,19.69039194646939,19.581790569237782,19.656976750936664,11851800
2010-04-15,19.690391540527344,19.732162525832337,19.67368314640535,19.707099934649342,1795100
2010-04-16,19.757221221923828,19.798992202362555,19.71545183488508,19.748867025836084,3078000
2010-04-19,19.79064178466797,19.87418216809482,19.79064178466797,19.857473772729392,1276100
2010-04-20,19.824054718017578,19.840763111474846,19.790639524503145,19.79899372123178,1551600
2010-04-21,19.865825653076172,19.89924084650888,19.840763062951567,19.840763062951567,3057400
2010-04-22,19.957721710205078,20.00784689819027,19.924306511615292,19.924306511615292,2696600
2010-04-23,19.915950775146484,20.041260548628824,19.89088818308993,20.041260548628824,2684800
2010-04-26,19.907596588134766,19.982782770943263,19.907596588134766,19.95772017887369,1501400
2010-04-27,20.149864196777344,20.149864196777344,19.94936664039922,20.007846023826332,5873800
2010-04-28,20.141510009765625,20.233402996970426,20.108093219218226,20.116447416855078,3993200
2010-04-29,20.04961585998535,20.116447849115957,20.032907464352625,20.09973945348323,1994200
2010-04-30,20.016197204589844,20.074676583858146,19.97442781279836,19.98278200983669,1674000
2010-05-03,20.141510009765625,20.1832794045496,20.091384823944527,20.099739021581378,1618200
2010-05-04,20.3670654296875,20.375419626691574,20.29188084345114,20.29188084345114,5771400
2010-05-05,20.559206008911133,20.600975394913657,20.467311447625647,20.600975394913657,22279700
2010-05-06,20.726287841796875,20.84324500593424,20.60097807409269,20.676164253395232,10922000
2010-05-07,20.6343936920166,20.809827038175584,20.60097690604343,20.72628666664271,7668700
2010-05-10,20.584270477294922,20.626041463747352,20.40883711439535,20.442252310157084,7777100
2010-05-11,20.676164627075195,20.692873021311097,20.584270052177917,20.651102035721344,3656300
2010-05-12,20.734642028808594,20.742996225771545,20.62604065509048,20.676164243468058,3318500
2010-05-13,20.85159683227539,20.85995102893096,20.7597038558643,20.80982744239763,3893000
2010-05-14,21.04374122619629,21.077156421097904,20.893368865638607,20.90172306271405,5043500
2010-05-17,21.04374122619629,21.19411358675397,21.01867863496995,21.077156421097904,3893700
2010-05-18,21.26930046081543,21.336134044605906,20.976911498733788,20.985265696707597,6966500
2010-05-19,21.068801879882812,21.227528434923286,21.052095079404978,21.202465844106325,7345400
2010-05-20,20.960201263427734,21.19411400596642,20.851598292698984,21.143988822522285,9121600
2010-05-21,20.86830711364746,20.951847494361388,20.83489191740203,20.92678490212714,6179500
2010-05-24,21.0771541595459,21.118925140441153,21.027030575871592,21.068799963366846,2736000
2010-05-25,21.13563346862793,21.302714217497762,21.12728086524454,21.286005823930758,6295400
2010-05-26,21.27765464782715,21.29436304376616,21.169053261024253,21.202468459501937,3516700
2010-05-27,21.052095413208008,21.2609455597938,21.01032442785075,21.20246618029364,3287800
2010-05-28,21.169052124023438,21.169052124023438,21.035388150491187,21.060449149653326,2520300
2010-06-01,21.177406311035156,21.244238297768117,21.01867974501928,21.235884100251464,2820800
2010-06-02,21.169052124023438,21.260946703351955,21.143989531461045,21.202467320706372,3214000
2010-06-03,21.27765464782715,21.29436304376616,21.152344865085244,21.160699063054746,4739300
2010-06-04,21.52827262878418,21.536626825520468,21.3695460775949,21.402962864540054,3850400
2010-06-07,21.578397750854492,21.586751948185086,21.503211568279372,21.553335158862716,2386800
2010-06-08,21.511566162109375,21.570043951101166,21.444734175633005,21.544982952047683,3156000
2010-06-09,21.428024291992188,21.436378488896374,21.30271452522969,21.36954650706303,3190700
2010-06-10,21.202465057373047,21.27765123363395,21.185758257515133,21.252590237147036,3290400
2010-06-11,21.26930046081543,21.352840847153185,21.22753106434672,21.286008856763047,2557600
2010-06-14,21.0771541595459,21.085508355724947,20.968552796018233,21.027030575871592,4114000
2010-06-15,20.901721954345703,21.010323323767285,20.89336775771326,20.968553934005158,3993800
2010-06-16,20.968555450439453,20.976909647676067,20.901723465946745,20.96020125320284,2259100
2010-06-17,20.843246459960938,20.90172424940896,20.801475472212164,20.83489226241118,2443900
2010-06-18,20.83489418029785,20.868309380172537,20.818185783660308,20.843248378616625,2724000
2010-06-21,20.910076141357422,20.935137137843135,20.793118981957125,20.81818157184292,3589200
2010-06-22,20.943490982055664,20.96019937503171,20.868304807063517,20.91007578950363,2555800
2010-06-23,20.85995101928711,21.018677568869375,20.826535826080367,20.96019978570751,1969000
2010-06-24,20.85995101928711,20.885013609242232,20.77641223957021,20.85995101928711,1669700
2010-06-25,20.742996215820312,20.885014377322108,20.734642018861365,20.868305983404216,2246300
2010-06-28,20.85159683227539,20.85995102893096,20.7597038558643,20.78476485243092,2390300
2010-06-29,20.95184898376465,20.993618380390757,20.910079587138544,20.94349478575936,2982500
2010-06-30,20.935138702392578,20.935138702392578,20.843245719410703,20.91843190128691,1887000
2010-07-01,20.550853729248047,20.717932882237,20.517436942610203,20.717932882237,5147100
2010-07-02,20.525794982910156,20.559211775805597,20.46731718874352,20.484025585191244,3738500
2010-07-06,20.458959579467773,20.509083167053614,20.375419204557957,20.467313776298766,5670200
2010-07-07,20.392127990722656,20.45895997325685,20.358712796155633,20.450605776265057,2385100
2010-07-08,20.3670654296875,20.417190611711945,20.350358629079505,20.3670654296875,2430200
2010-07-09,20.417190551757812,20.425544748737355,20.383773763839645,20.417190551757812,1964800
2010-07-12,20.475666046142578,20.509081236921695,20.458957654053037,20.492374438232122,1727600
2010-07-13,20.30023193359375,20.392126500387313,20.258462545087603,20.392126500387313,4354600
2010-07-14,20.258464813232422,20.316942601048233,20.208341222733186,20.308588403731658,2252600
2010-07-15,20.024551391601562,20.116445965577007,20.00784459093343,20.108091768542863,5089100
2010-07-16,20.057968139648438,20.074676533683334,19.982781959891557,19.991136156909008,3920400
2010-07-19,20.074676513671875,20.083030710680994,20.02455133161715,20.057968119653633,1528600
2010-07-20,20.108091354370117,20.166569139004494,20.08303035718403,20.166569139004494,4164000
2010-07-21,20.24175453186035,20.28352551454974,20.15821415988163,20.15821415988163,2954800
2010-07-22,20.074676513671875,20.141508496344684,20.041259725635392,20.124800102326443,1705400
2010-07-23,20.041259765625,20.174923731237328,20.02455137157342,20.149862733560113,2370600
2010-07-26,19.932659149169922,20.01619793580466,19.915950754482886,19.991136937174325,2145700
2010-07-27,19.966075897216797,20.016199491774067,19.9326606986454,19.941014896638332,1691900
2010-07-28,19.957721710205078,19.96607590820261,19.899243917622698,19.949367512207544,2006900
2010-07-29,19.824054718017578,19.84911730820348,19.790639524503145,19.824054718017578,2504100
2010-07-30,19.83241081237793,19.88253440414562,19.78228722061024,19.88253440414562,1285200
2010-08-02,19.648622512817383,19.723808694359814,19.623559921169843,19.715454497143966,2919300
2010-08-03,19.565082550048828,19.63191453579638,19.556728352655355,19.590145142229247,2652500
2010-08-04,19.673683166503906,19.707099954782038,19.581790185539372,19.590144382608905,6548500
2010-08-05,19.60685157775879,19.68203775949687,19.60685157775879,19.640268366709133,3025400
2010-08-06,19.506601333618164,19.540016523919466,19.448123555540928,19.52330972546879,2938500
2010-08-09,19.60685157775879,19.615205774996376,19.55672798773347,19.565082184971057,1497300
2010-08-10,19.648622512817383,19.798994875902242,19.590144725706647,19.74886969260716,3830200
2010-08-11,19.99113655090332,20.016197549049423,19.865826779972245,19.874180977154342,7122600
2010-08-12,20.057968139648438,20.074676533683334,20.007844550943904,20.04125974561354,4587500
2010-08-13,20.141510009765625,20.141510009765625,20.032907033886854,20.0746780220711,2758600
2010-08-16,20.016197204589844,20.041259795704832,19.96607361576003,20.032905598666503,1788300
2010-08-17,19.949363708496094,20.016195686333266,19.93265690908683,19.949363708496094,2259000
2010-08-18,19.974428176879883,19.99113657126109,19.915950389945845,19.924304587136447,1187100
2010-08-19,20.016197204589844,20.04961399274316,19.89924163285356,19.932658421006877,1582100
2010-08-20,20.15821647644043,20.225048463023647,20.149863872342745,20.174924871436296,4274600
2010-08-23,20.19998550415039,20.208339700837808,20.10809093398888,20.149861917425973,3078500
2010-08-24,20.166568756103516,20.23340073633103,20.09138257917255,20.225046539627577,4447000
2010-08-25,20.19998550415039,20.23340069749997,20.149861917425973,20.208339700837808,2598500
2010-08-26,20.074676513671875,20.133154299335562,20.032905528626273,20.11644590531732,3139400
2010-08-27,20.108091354370117,20.166569139004494,20.041259372873668,20.11644555123219,4012200
2010-08-30,20.166568756103516,20.174922952806966,20.09138257917255,20.108090972579454,1738200
2010-08-31,20.149864196777344,20.174925196274405,20.09138481335023,20.116447406247566,1783400
2010-09-01,19.99113655090332,20.007844945267514,19.94936556499284,19.96607395935703,3436700
2010-09-02,19.974428176879883,20.02455176662332,19.96607397968928,19.982782374070485,1842500
2010-09-03,19.874183654785156,19.957722451060853,19.874183654785156,19.957722451060853,2943600
2010-09-07,20.083030700683594,20.091383304288403,19.982781930024206,19.99949032403413,1444600
2010-09-08,20.016197204589844,20.04961399274316,19.96607361576003,20.04961399274316,1817900
2010-09-09,20.016197204589844,20.04961399274316,19.96607361576003,19.97442781279836,1564100
2010-09-10,20.03290557861328,20.066322366733147,20.007844580923543,20.041259775643248,616300
2010-09-13,19.81570053100586,19.899240904933055,19.798993730940502,19.890886708200323,1699300
2010-09-14,19.648622512817383,19.832410071365434,19.615205723953995,19.82405587414959,2215500
2010-09-15,19.732160568237305,19.77392995599826,19.68203539084415,19.74051317106949,1103300
2010-09-16,19.66533088684082,19.715454476683693,19.631914098012114,19.673683490647807,4234800
2010-09-17,19.7154541015625,19.732162495658947,19.64862211857687,19.66533051267332,1661900
2010-09-20,19.690391540527344,19.707099934649342,19.640267951561516,19.707099934649342,1923300
2010-09-21,19.473186492919922,19.640267241297312,19.41470870900787,19.598496257502912,4914100
2010-09-22,19.33116912841797,19.372940113927186,19.264337145003392,19.297753933410768,4480900
2010-09-23,19.389644622802734,19.406353015031428,19.331166843402293,19.347875235630987,2624000
2010-09-24,19.189151763916016,19.2476311460652,19.189151763916016,19.239276948615313,3329500
2010-09-27,19.214214324951172,19.247631114696244,19.18915173264237,19.197505930078634,5305500
2010-09-28,19.113962173461914,19.27268870991836,19.088901178979285,19.22256512755315,5065400
2010-09-29,19.080549240112305,19.113964434508574,19.047132452315893,19.088903437061408,2850000
2010-09-30,19.080549240112305,19.139027025355883,19.022071454868726,19.03042565181783,3536400
2010-10-01,18.921825408935547,18.98865740074961,18.913471210783744,18.96359639969457,2995700
2010-10-04,19.00536346435547,19.013717661481888,18.963594072123552,18.98865507010263,2082800
2010-10-05,18.846637725830078,18.90511551485939,18.81322252927058,18.880054515789826,3393500
2010-10-06,18.754745483398438,18.829931670386873,18.72968288993552,18.821577472565902,3956700
2010-10-07,18.779804229736328,18.838282014065026,18.679557054715737,18.68791125153414,5534100
2010-10-08,18.71297264099121,18.763096229552573,18.69626424700404,18.738035231971967,2977200
2010-10-11,18.788158416748047,18.796512613562086,18.712972238821788,18.712972238821788,2644000
2010-10-12,18.729679107666016,18.854988862874936,18.712970715398164,18.804865279471365,3458200
2010-10-13,18.67955780029297,18.7296813898039,18.654495208837414,18.704618798348346,3574300
2010-10-14,18.55424690246582,18.60437208663599,18.537540101142653,18.587663691912603,4090500
2010-10-15,18.66284942626953,18.69626462151307,18.52083126133408,18.52918545849501,8807200
2010-10-18,18.646141052246094,18.721327233376133,18.629432657906044,18.69626464186606,3236300
2010-10-19,18.963594436645508,18.98030123781931,18.854991465314647,18.896762451749673,10822800
2010-10-20,18.70461654663086,18.854988890461566,18.67120135544625,18.846634694315416,8742200
2010-10-21,18.77145004272461,18.79651263319291,18.629431883537816,18.68791126129718,9596700
2010-10-22,18.77145004272461,18.79651263319291,18.72132645518813,18.74638904565643,4695700
2010-10-25,18.687911987304688,18.704618788199145,18.612725806378997,18.629432607273454,5641400
2010-10-26,18.81321907043457,18.846634260850642,18.763093894710533,18.788156482572553,5790100
2010-10-27,18.921825408935547,18.96359639969457,18.84663921896968,18.854993417121484,15417300
2010-10-28,18.72132682800293,18.7798046135267,18.687911633446554,18.746389418970324,5232300
2010-10-29,18.687911987304688,18.746389773935743,18.679557790157368,18.729681379641104,4144900
2010-11-01,18.72132682800293,18.746389418970324,18.637786451511765,18.654494845490028,3610600
2010-11-02,18.587661743164062,18.604370136135728,18.55424495722073,18.587661743164062,4533900
2010-11-03,18.495769500732422,18.646141869583946,18.378813922025795,18.596018277766856,11546800
2010-11-04,18.353748321533203,18.387165106201625,18.303624737930562,18.337041522598984,14712400
2010-11-05,18.529184341430664,18.537538538087947,18.437289771600636,18.470706558229768,5827400
2010-11-08,18.637786865234375,18.66284945675811,18.60437166993625,18.621080064285405,4274100
2010-11-09,18.7965145111084,18.838283905995194,18.570955954559032,18.579310152216447,5428700
2010-11-10,18.779804229736328,18.91346819203053,18.75474323268124,18.813221017009937,6243300
2010-11-11,18.913467407226562,18.93852999664181,18.83828123238087,18.83828123238087,5170700
2010-11-12,18.888404846191406,18.930174231689254,18.78815609023669,18.838279671514087,5481200
2010-11-15,19.03877830505371,19.03877830505371,18.913466954377874,18.9218211506496,4708100
2010-11-16,19.147382736206055,19.20586052607322,18.997010366033187,19.02207295886209,6354000
2010-11-17,19.130672454833984,19.130672454833984,19.05548627716039,19.11396406126205,4547000
2010-11-18,18.997011184692383,19.055488977079595,18.97194859078343,18.997011184692383,3587900
2010-11-19,18.938533782958984,19.013719972836398,18.938533782958984,18.963596377384913,2623400
2010-11-22,18.997011184692383,19.063843175049247,18.96359598621412,18.980302788753082,2035600
2010-11-23,19.247631072998047,19.26433787443415,19.12231970512574,19.130673902543908,7245400
2010-11-24,19.27269172668457,19.289400121221668,19.172444546262398,19.214213939204935,3561400
2010-11-26,19.389644622802734,19.431415603374468,19.372937823974027,19.389644622802734,6484300
2010-11-29,19.506601333618164,19.59014169947134,19.498247137692854,19.540016523919466,7682700
2010-11-30,19.631912231445312,19.648620624271064,19.548371860716603,19.64026642785819,6908700
2010-12-01,19.464832305908203,19.573435270427925,19.42306291549299,19.52331168324965,5591900
2010-12-02,19.347877502441406,19.4982498633174,19.322814911162016,19.489895666224275,5658500
2010-12-03,19.113962173461914,19.214210931592287,19.097255374940147,19.180794147748845,10896200
2010-12-06,19.20585823059082,19.281044406691006,19.1807956407574,19.264336013468725,3287700
2010-12-07,19.289400100708008,19.29775429796767,19.11396514505547,19.122319342315134,3274200
2010-12-08,19.297754287719727,19.372940469616573,19.272691695954045,19.331169483340435,3977900
2010-12-09,19.314462661743164,19.398001447406426,19.2810458727577,19.3061084644968,3275700
2010-12-10,19.314462661743164,19.364586251821162,19.289400070004067,19.32281526558933,2232000
2010-12-13,19.105613708496094,19.230923488246727,19.0554885218756,19.20586089493648,8888500
2010-12-14,19.139028549194336,19.164091142037115,19.047133968837752,19.113965956351556,3055900
2010-12-15,19.339523315429688,19.34787751252717,19.16408995658302,19.189150954475302,5926900
2010-12-16,19.289400100708008,19.38129467716411,19.289400100708008,19.306108495227335,4830300
2010-12-17,19.372941970825195,19.431419762743026,19.31446417890736,19.322816783409632,6085700
2010-12-20,19.41470718383789,19.45647816435087,19.364583600622296,19.38129199282749,5458800
2010-12-21,19.456480026245117,19.48154102355114,19.36458545372266,19.38129384752677,2988600
2010-12-22,19.439775466918945,19.46483646916823,19.423067069819123,19.431421268369032,1805600
2010-12-23,19.38129234313965,19.464831118875587,19.364583950632458,19.464831118875587,4953900
2010-12-27,19.339523315429688,19.372940103819627,19.331169118332202,19.339523315429688,1378400
2010-12-28,19.347877502441406,19.372940093720796,19.255982927817147,19.255982927817147,1783900
2010-12-29,19.214214324951172,19.322815704822183,19.18915173264237,19.314463100786153,1802300
2010-12-30,19.147382736206055,19.197506328463586,19.122320143377152,19.147382736206055,2199700
2010-12-31,18.97194480895996,19.047130982299038,18.963592206055637,19.047130982299038,3413900
2011-01-03,19.0638427734375,19.105613762405774,19.013719180075874,19.0638427734375,1876500
2011-01-04,19.113962173461914,19.139024761344494,19.01371500873149,19.01371500873149,2474300
2011-01-05,19.306106567382812,19.339521759684533,19.26433558525561,19.322813366833653,4296600
2011-01-06,19.456480026245117,19.47318682664909,19.314461865710477,19.322814469212396,4132800
2011-01-07,19.514955520629883,19.523309716551378,19.42306095889337,19.464830345100903,4977100
2011-01-10,19.44812774658203,19.54837493248899,19.44812774658203,19.523313932712398,2047400
2011-01-11,19.439775466918945,19.531668464167073,19.431421268369032,19.46483646916823,2853500
2011-01-12,19.247631072998047,19.389647648906227,19.230922678161708,19.36458665005195,4674100
2011-01-13,19.047130584716797,19.09725576149657,18.99700700133701,19.072193173106683,4646000
2011-01-14,19.02207374572754,19.08055153801369,18.988656953906688,19.047134746192842,5341100
2011-01-18,19.00536346435547,19.030426055734726,18.888407891385953,18.963594072123552,3015100
2011-01-19,18.888404846191406,18.913465840130147,18.84663386729364,18.854988063073193,3512300
2011-01-20,18.94688606262207,19.030426442182527,18.92182347073387,18.95524025991814,2165000
2011-01-21,18.788158416748047,18.863344594674302,18.771450023119964,18.83828200423218,3009600
2011-01-24,18.746389389038086,18.82157556842007,18.696264207183333,18.82157556842007,2429600
2011-01-25,18.738035202026367,18.838282378988886,18.70461841410543,18.821575578428565,2205900
2011-01-26,18.70461654663086,18.763094326253913,18.687909747738548,18.721324938923157,4090200
2011-01-27,18.67120361328125,18.729681399975792,18.64614102181208,18.65449521896847,1964100
2011-01-28,18.788158416748047,18.813221007190172,18.67955704496574,18.70461804200775,3585000
2011-01-31,18.67955780029297,18.7129729955002,18.629432617381855,18.67955780029297,4983400
2011-02-01,18.495769500732422,18.629433474511497,18.487415303196197,18.58766408023063,4269700
2011-02-02,18.529184341430664,18.57095373131699,18.49576755480153,18.529184341430664,2462600
2011-02-03,18.67955780029297,18.704618798348346,18.63778681453371,18.654495208837414,1928300
2011-02-04,18.738035202026367,18.788158790507627,18.712972611085664,18.738035202026367,1840800
2011-02-07,18.738035202026367,18.81322138144833,18.721326808065896,18.796512987487862,1629800
2011-02-08,18.72132682800293,18.738035221981193,18.637786451511765,18.696264237035535,1894500
2011-02-09,18.637786865234375,18.704618849230815,18.60437166993625,18.679557851107266,2407800
2011-02-10,18.788158416748047,18.813221007190172,18.738034829263913,18.771450023119964,3205800
2011-02-11,18.838285446166992,18.888410636209592,18.804870246205667,18.871702239528727,2861300
2011-02-14,18.863346099853516,18.90511549385655,18.846637704892206,18.896762889776138,1822700
2011-02-15,18.880056381225586,18.880056381225586,18.821578586418404,18.83828538964874,2435000
2011-02-16,18.77145004272461,18.905114005088638,18.754743242479197,18.888407204843226,1528500
2011-02-17,18.72132682800293,18.754743615959455,18.704618434024667,18.746389418970324,1578600
2011-02-18,18.629432678222656,18.712973056613826,18.604371680085436,18.696264662255555,1785600
2011-02-22,18.67955780029297,18.696264601196493,18.621080013630184,18.654495208837414,2004600
2011-02-23,18.570955276489258,18.612726263251172,18.537540080479943,18.60437206589879,2497600
2011-02-24,18.50412368774414,18.53754047787003,18.470708491018502,18.495769490212666,2977300
2011-02-25,18.537540435791016,18.57930982995331,18.529186238278506,18.545894633303526,1279500
2011-02-28,18.453998565673828,18.479061156189953,18.420581778318997,18.428935975157703,2951400
2011-03-01,18.479061126708984,18.512476320610386,18.412229145506064,18.428935945756706,3844200
2011-03-02,18.378812789916992,18.412229578003462,18.35375019885214,18.403875380981845,3669400
2011-03-03,18.353748321533203,18.387165106201625,18.337041522598984,18.353748321533203,3457700
2011-03-04,18.32868766784668,18.353748663414823,18.29527088255579,18.32868766784668,3214200
2011-03-07,18.345396041870117,18.362104435949817,18.295272453031174,18.295272453031174,2298700
2011-03-08,18.428936004638672,18.46235279204696,18.40387500748258,18.45399859519489,2595800
2011-03-09,18.39552116394043,18.42058216157785,18.37045857290285,18.403875360952956,2462400
2011-03-10,18.537540435791016,18.554247237415783,18.495769448228472,18.50412364574098,4492900
2011-03-11,18.40387725830078,18.529187039607166,18.395523060426978,18.529187039607166,2370300
2011-03-14,18.311981201171875,18.370458988181333,18.303627003970497,18.362104790979956,3112000
2011-03-15,18.32868766784668,18.445643229564748,18.303625078878515,18.428934836919304,3599800
2011-03-16,18.38716697692871,18.428936368613904,18.345395991843365,18.37881277991164,2927000
2011-03-17,18.228439331054688,18.261856117125944,18.203378334901306,18.228439331054688,5179000
2011-03-18,18.144899368286133,18.195024548522905,18.119838371567845,18.169961958404517,3530900
2011-03-21,18.086421966552734,18.161608145094995,18.0613609693054,18.10313036031771,3842200
2011-03-22,18.094778060913086,18.11148645643016,18.069715467637476,18.08642386315455,1974700
2011-03-23,18.195026397705078,18.195026397705078,18.12819441066393,18.178318002594725,2353700
2011-03-24,18.153255462646484,18.195026450543665,18.094777672990695,18.18667225296423,2896700
2011-03-25,18.278564453125,18.295272847565016,18.161608878845286,18.178317273285302,3976000
2011-03-28,18.261856079101562,18.278562878702346,18.228439293099886,18.278562878702346,1343100
2011-03-29,18.253503799438477,18.320335785059935,18.253503799438477,18.320335785059935,1219500
2011-03-30,18.23679542541504,18.311981608499682,18.211732833253414,18.286919016338057,1260200
2011-03-31,18.203380584716797,18.203380584716797,18.161609596965114,18.19502638716646,2074400
2011-04-01,18.186668395996094,18.36210172775815,18.161605808572975,18.295269754696424,3038600
2011-04-04,18.186668395996094,18.211729390019286,18.153251612765267,18.16996000438068,979400
2011-04-05,18.195026397705078,18.253504187191048,18.1532554099292,18.2367957920807,1381500
2011-04-06,18.094778060913086,18.153255851822546,18.07806966539601,18.136547456305472,2367400
2011-04-07,18.103130340576172,18.15325392841631,18.09477614370279,18.14489973154293,1802900
2011-04-08,17.961111068725586,18.002880457106798,17.95275687236934,17.99452785415058,3407700
2011-04-11,17.986173629760742,17.99452782610397,17.94440264804461,17.96946523707429,2502200
2011-04-12,17.94440460205078,17.977821391062516,17.90263520918631,17.910989406439246,3409300
2011-04-13,17.961111068725586,18.002880457106798,17.910987483988126,17.936048479656844,2176300
2011-04-14,17.894283294677734,17.961115287826654,17.877574898040404,17.95276108950799,2267700
2011-04-15,17.92769432067871,17.969465302547043,17.902633324957748,17.944402713426044,2900300
2011-04-18,18.094778060913086,18.161610049581082,17.986176676852704,18.011237676728015,5069700
2011-04-19,17.986173629760742,18.019588821733624,17.961111040731062,18.019588821733624,1742200
2011-04-20,17.810741424560547,17.835804017433478,17.785680425087886,17.810741424560547,2558000
2011-04-21,17.743907928466797,17.760616322294954,17.693784340382464,17.72719953463864,2779400
2011-04-25,17.718847274780273,17.77732665957189,17.693786274698464,17.702140472525837,4248900
2011-04-26,17.67707633972168,17.718845731820956,17.668722142621792,17.710493128121236,3700000
2011-04-27,17.560121536254883,17.727200705370198,17.543413141323278,17.668722916509825,7640400
2011-04-28,17.509998321533203,17.56847771037341,17.476583121310647,17.535060916750435,9306000
2011-04-29,17.50164222717285,17.518349027253034,17.451517046731997,17.50164222717285,1900000
2011-05-02,17.51835060119629,17.51835060119629,17.426457615598764,17.48493540463362,8945400
2011-05-03,17.51835060119629,17.526704798687017,17.443164417179975,17.51835060119629,7702800
2011-05-04,17.509998321533203,17.518352519938947,17.409751127465118,17.44316632768767,11583200
2011-05-05,17.768970489501953,17.777324686402064,17.59353554139989,17.601889738300002,18200000
2011-05-06,17.90263557434082,17.95275916548058,17.735554812674643,17.75226320752131,11396500
2011-05-09,17.87757110595703,18.00288086735625,17.860862712863785,17.944403084929952,7344500
2011-05-10,17.860864639282227,17.919344021416,17.835803640339417,17.89428142907295,4739100
2011-05-11,18.027942657470703,18.06135944217519,17.902632901628877,17.910987097805,10728600
2011-05-12,17.994529724121094,18.07806850956477,17.952758737999062,18.027944919618527,5359000
2011-05-13,18.119840621948242,18.17831841275365,17.96946824936273,17.977822447106405,8998100
2011-05-16,18.06136131286621,18.08642231059025,18.002881933576408,18.078068113548852,3876600
2011-05-17,18.04465103149414,18.13654400253814,18.02794263915887,18.119837203602867,5683500
2011-05-18,18.036300659179688,18.078070055473347,17.994531262886028,18.053009055057284,3862600
2011-05-19,17.961111068725586,18.053005635244286,17.95275687236934,18.04465143888804,7557200
2011-05-20,18.086421966552734,18.119838754082686,18.011235788010474,18.01958998489296,6635900
2011-05-23,18.203380584716797,18.2618583741689,18.178317992065786,18.253504176618563,9300000
2011-05-24,18.153255462646484,18.178318055384793,18.12819446330844,18.169963857805357,2746300
2011-05-25,18.136547088623047,18.203380669336422,18.094777694077454,18.19502647174725,3335600
2011-05-26,18.06136131286621,18.128193295797256,17.99452932993517,18.03629872174201,2937400
2011-05-27,17.91098976135254,17.969467549881635,17.877572971678635,17.952759155044685,4988700
2011-05-31,17.82744789123535,17.84415628467646,17.80238530107369,17.80238530107369,4834000
2011-06-01,17.869218826293945,17.88592722117955,17.74390905145238,17.77732584122359,6895300
2011-06-02,17.752262115478516,17.835802491172558,17.72719952475026,17.77732470620677,5355900
2011-06-03,17.61859703063965,17.7271983967514,17.601888637883985,17.718844200373567,6503400
2011-06-06,17.66872215270996,17.685430546919278,17.61859856348218,17.62695276058684,4869000
2011-06-07,17.5684757232666,17.593536722248853,17.55176732834494,17.58518252478802,6575000
2011-06-08,17.65201187133789,17.668720263760928,17.593534091257265,17.61859667989182,5609600
2011-06-09,17.710493087768555,17.743908282691805,17.677076299445137,17.743908282691805,5576000
2011-06-10,17.87757110595703,17.9026336955969,17.760615541104436,17.76896973765106,5967100
2011-06-13,17.785680770874023,17.85251275976757,17.76897237530056,17.835804364194107,4014500
2011-06-14,17.760616302490234,17.777324696299758,17.710492714461793,17.768970499394996,3011000
2011-06-15,18.04465103149414,18.069712026597053,17.89427868727669,17.919341275779598,8706300
2011-06-16,18.036300659179688,18.10313264928974,18.01959226330209,18.094778451350944,5024600
2011-06-17,17.919340133666992,17.96110951844295,17.885923351126312,17.94440112717261,5367200
2011-06-20,17.919340133666992,17.93604693153744,17.885923351126312,17.92769273590227,3632900
2011-06-21,17.802385330200195,17.860863113939644,17.785678530131854,17.860863113939644,4552700
2011-06-22,17.869218826293945,17.877573023736748,17.768971643780787,17.82744943248017,3971300
2011-06-23,17.961111068725586,18.094775023625495,17.961111068725586,18.04465143888804,5851300
2011-06-24,18.069713592529297,18.103130380095756,18.002881610796507,18.019590004579737,5286200
2011-06-27,17.986173629760742,18.111483388109093,17.96946523707429,18.103129191765866,3540600
2011-06-28,17.919340133666992,17.96110951844295,17.860860764220803,17.94440112717261,3647800
2011-06-29,17.810741424560547,17.910990202652002,17.794033029311926,17.86921921453045,4950700
2011-06-30,17.72719955444336,17.78567893290724,17.702138557073265,17.760616342137006,4203500
2011-07-01,17.710493087768555,17.81074026593847,17.702138890687703,17.760616676853513,3130300
2011-07-05,17.777326583862305,17.802387583837387,17.71884719931974,17.73555559490333,2326900
2011-07-06,17.885927200317383,17.92769659408244,17.852512003985385,17.860864608018208,3624100
2011-07-07,17.85251235961914,17.91934434701471,17.827449766820703,17.91099014941523,3831100
2011-07-08,17.894283294677734,17.944406891189324,17.827451301528814,17.852513896484812,3677400
2011-07-11,18.136547088623047,18.161609681390562,18.069715101309935,18.094777694077454,5459300
2011-07-12,18.12819480895996,18.161610006514575,18.044654424972993,18.161610006514575,4557900
2011-07-13,17.936052322387695,18.06136370117887,17.877574528765344,18.02794690859446,6012700
2011-07-14,17.936052322387695,17.9444065205338,17.827450933289096,17.844159329581302,6399300
2011-07-15,17.90263557434082,17.969467560327242,17.86086458722416,17.927696573210582,2203700
2011-07-18,17.94440460205078,18.053007572938725,17.936050404797847,17.977821391062516,4890800
2011-07-19,17.90263557434082,17.936050770633916,17.835803588354395,17.894281376917487,4166300
2011-07-20,17.819095611572266,17.869219203888004,17.79403301871426,17.835804006810935,2817200
2011-07-21,17.65201187133789,17.73555224005307,17.6102424836803,17.702137048607,9599900
2011-07-22,17.65201187133789,17.693782852395483,17.643659268526374,17.65201187133789,3334100
2011-07-25,17.63530921936035,17.6687244186642,17.601892426656125,17.63530921936035,2808400
2011-07-26,17.48493194580078,17.543409723267683,17.468223554124542,17.535055527429563,5351600
2011-07-27,17.61859703063965,17.652012222750944,17.518348267505697,17.518348267505697,5544200
2011-07-28,17.65201187133789,17.693782852395483,17.635305072314857,17.685428656183962,1660100
2011-07-29,17.5684757232666,17.610245117170514,17.526704735962447,17.57682992072743,2555000
2011-08-01,17.66036605834961,17.72719803460694,17.54341049824928,17.55176469445645,6863400
2011-08-02,17.6854305267334,17.718845721713723,17.635306937562827,17.702138920923645,3316800
2011-08-03,17.601892471313477,17.643663462299735,17.5768314701221,17.601892471313477,3012500
2011-08-04,17.87757110595703,17.885925302503654,17.794030733890864,17.81073912698411,11101100
2011-08-05,17.72719955444336,17.83580252104757,17.710492753996675,17.78567893290724,6898500
2011-08-08,17.752262115478516,17.835802491172558,17.710492724331562,17.810739900444304,8774900
2011-08-09,17.601892471313477,17.7606190502605,17.56847727192485,17.685432859885616,5483500
2011-08-10,17.752262115478516,17.76897050929735,17.668721739784473,17.668721739784473,4908100
2011-08-11,17.72719955444336,17.794031536430513,17.677075966303033,17.760616342137006,2866800
2011-08-12,17.72719955444336,17.743907948290182,17.66872176937962,17.685430163226442,2129000
2011-08-15,17.543413162231445,17.59353675368575,17.51835056980417,17.585182556209993,6366500
2011-08-16,17.551767349243164,17.59353674319681,17.51835055936005,17.576829941655497,2022000
2011-08-17,17.509998321533203,17.52670671834469,17.43481372268235,17.468228922904903,1707600
2011-08-18,17.61024284362793,17.6770748212861,17.59353445086338,17.601888647245655,3394600
2011-08-19,17.5684757232666,17.57682992072743,17.476581144597702,17.53505893342328,2535600
2011-08-22,17.601892471313477,17.601892471313477,17.52670628093859,17.52670628093859,1686100
2011-08-23,17.526702880859375,17.568473863742305,17.5099944877062,17.526702880859375,5855900
2011-08-24,17.560121536254883,17.58518253525205,17.484935352462905,17.518350548925874,1760500
2011-08-25,17.61024284362793,17.668720624903823,17.526702473205212,17.551765062352036,1799400
2011-08-26,17.509998321533203,17.67707910284724,17.493291518122135,17.56847771037341,3423400
2011-08-29,17.48493194580078,17.518347135753327,17.459869358286422,17.468223554124542,1383900
2011-08-30,17.551767349243164,17.601890940667587,17.52670475683083,17.56847574418472,1742300
2011-08-31,17.601892471313477,17.601892471313477,17.52670628093859,17.52670628093859,1337400
2011-09-01,17.67707633972168,17.735554126020734,17.635306947622407,17.668722142621792,2502000
2011-09-02,17.72719955444336,17.743907948290182,17.685430163226442,17.710492753996675,2804300
2011-09-06,18.002880096435547,18.036296881191063,17.91098712515787,17.961110708891148,6146600
2011-09-07,17.90263557434082,17.98617595517391,17.894281376917487,17.969467560327242,6186300
2011-09-08,18.086421966552734,18.10313036031771,17.9444038063507,17.986174790763137,5632300
2011-09-09,18.303627014160156,18.328689605778244,18.220086635500053,18.228440832706085,10893700
2011-09-12,18.311981201171875,18.420582577989414,18.270211808565172,18.32868959557463,12886300
2011-09-13,18.253503799438477,18.303627390304513,18.211732812549922,18.286918995549094,12661100
2011-09-14,18.203380584716797,18.328690361171336,18.178317992065786,18.236795781517888,7503000
2011-09-15,18.094778060913086,18.161610049581082,18.011237676728015,18.069715467637476,9403600
2011-09-16,18.161609649658203,18.20338063753108,18.11984025518559,18.161609649658203,3597900
2011-09-19,18.261856079101562,18.38716583980774,18.228439293099886,18.32868805770486,8314200
2011-09-20,18.261856079101562,18.295271271703182,18.21173090009905,18.270210275601983,4153600
2011-09-21,18.40387725830078,18.420584060648064,18.16996449803529,18.286920081467876,7469800
2011-09-22,18.596019744873047,18.646143340644567,18.529187752710897,18.596019744873047,12225600
2011-09-23,18.5458927154541,18.637785691788455,18.48741333891395,18.562599515351202,8853000
2011-09-26,18.529184341430664,18.646139907832453,18.52083014477338,18.57095373131699,8770100
2011-09-27,18.420581817626953,18.42893601448349,18.328688839005316,18.378812426744403,7307900
2011-09-28,18.48741340637207,18.495767603051146,18.345395249627952,18.39552042970241,9008500
2011-09-29,18.445646286010742,18.504124076559552,18.353751704633876,18.40387689087596,4365800
2011-09-30,18.637786865234375,18.646141062408955,18.545893883114385,18.60437166993625,6549200
2011-10-03,18.804866790771484,18.821575184382148,18.646140238270405,18.704618022507614,12602800
2011-10-04,18.729679107666016,18.896759843544565,18.72132491153209,18.83828047060708,9702200
2011-10-05,18.67120361328125,18.77145079235756,18.63778682465569,18.712973005663013,8043400
2011-10-06,18.55424690246582,18.746390254984366,18.55424690246582,18.729681860260975,6071100
2011-10-07,18.6043701171875,18.637785309696746,18.445643570918442,18.50412135285966,5596700
2011-10-10,18.311981201171875,18.362104790979956,18.261857611363794,18.362104790979956,6098700
2011-10-11,18.295272827148438,18.403875797487146,18.286918629937755,18.378813205855092,3785000
2011-10-12,18.178316116333008,18.228439703062758,18.13654513289147,18.211731309686144,7011400
2011-10-13,18.16996192932129,18.278563299526937,18.153253535935775,18.220085516077734,4061100
2011-10-14,18.086421966552734,18.136545554447533,18.0613609693054,18.094776163435224,6447000
2011-10-17,18.203380584716797,18.220087386417212,18.14490120186444,18.161609596965114,5592000
2011-10-18,18.178316116333008,18.303625879857435,18.11148413622664,18.245148096439376,10824400
2011-10-19,18.195026397705078,18.220087396970346,18.094777620443228,18.103131817998406,4863000
2011-10-20,18.161609649658203,18.295273624050882,18.14490125450905,18.186672242381928,6883400
2011-10-21,17.994529724121094,18.069714312340363,17.986175526896687,18.01123652516971,12673800
2011-10-24,17.9527587890625,18.05300756264032,17.919343593470025,18.044653365392154,8551800
2011-10-25,17.969465255737305,18.019588840448698,17.927694273977785,17.952756863033496,7586100
2011-10-26,17.969465255737305,18.078066621511994,17.8942790819702,17.902633278322103,5256100
2011-10-27,17.66872215270996,17.75226253035638,17.60189016927286,17.710493138233257,13005800
2011-10-28,17.67707633972168,17.710493128121236,17.652013748422014,17.70213893102135,4652600
2011-10-31,18.019590377807617,18.036298771936917,17.869218017444243,17.885926411573543,9507400
2011-11-01,18.211732864379883,18.278564850191543,18.136546681166735,18.2618580487888,9132500
2011-11-02,18.16996192932129,18.203378716092317,18.069713162408302,18.086421555793816,3508400
2011-11-03,18.086421966552734,18.23679432363726,18.036298378657936,18.136545554447533,3488100
2011-11-04,18.136547088623047,18.21173327352533,18.111486089255795,18.144901286212217,2576300
2011-11-07,18.119840621948242,18.18667261049732,18.094778028717226,18.144901621778963,2438700
2011-11-08,18.036300659179688,18.128195243106138,18.02794646124089,18.086424253412147,3504900
2011-11-09,18.353748321533203,18.387165106201625,18.28691634559635,18.28691634559635,5592000
2011-11-10,18.303627014160156,18.36210480120217,18.2618576215302,18.27856442254207,4264600
2011-11-11,18.119840621948242,18.211733610328046,18.07806963322988,18.203381005984667,3606000
2011-11-14,18.24515151977539,18.286920917654022,18.220088925007975,18.220088925007975,3536100
2011-11-15,18.353748321533203,18.403873498535837,18.303624737930562,18.337041522598984,3720400
2011-11-16,18.412229537963867,18.428936338570615,18.337043358332966,18.412229537963867,5031400
2011-11-17,18.43729019165039,18.45399858534562,18.35374981657438,18.370458210269607,6614900
2011-11-18,18.38716697692871,18.40387537096285,18.31198079717524,18.32033499419231,7932000
2011-11-21,18.420581817626953,18.48741379907911,18.387166623600937,18.44564440819656,4543400
2011-11-22,18.412229537963867,18.453998929580965,18.387166946953517,18.420582141567163,5219800
2011-11-23,18.62108039855957,18.646141397132997,18.537540018714306,18.545894216038857,7065900
2011-11-25,18.729679107666016,18.746387499933867,18.654492935860667,18.70461651926424,6343400
2011-11-28,18.654497146606445,18.662851344626105,18.545895759151566,18.562602561790538,3536000
2011-11-29,18.587661743164062,18.621078529107393,18.53753815764912,18.61272433262156,3047200
2011-11-30,18.428936004638672,18.45399859519489,18.362104023222216,18.37045822007429,5716900
2011-12-01,18.420581817626953,18.42893601448349,18.353749836174796,18.395520820457474,2867100
2011-12-02,18.479061126708984,18.529184714261145,18.370458161379165,18.378812358204545,3208300
2011-12-05,18.479061126708984,18.504122123785006,18.378812358204545,18.403874948680684,3726200
2011-12-06,18.462352752685547,18.504122143456733,18.437290162182762,18.504122143456733,2880900
2011-12-07,18.43729019165039,18.504122173031174,18.40387499766006,18.48741377933595,1642300
2011-12-08,18.537540435791016,18.570955632440803,18.487415250715962,18.495769448228472,4189400
2011-12-09,18.479061126708984,18.537538911086525,18.462352733058225,18.529184714261145,3152100
2011-12-12,18.67120361328125,18.704618808506623,18.612725826586708,18.621080023743097,4463600
2011-12-13,18.854990005493164,18.888406792053935,18.637785673048395,18.68791085288955,7047600
2011-12-14,18.896760940551758,18.963592920102954,18.88005254731394,18.921821937008406,4584500
2011-12-15,18.846637725830078,18.8967629107697,18.754744740241268,18.82993092425045,5480700
2011-12-16,18.788158416748047,18.863344594674302,18.76309582630592,18.821575204004212,2741300
2011-12-19,18.854990005493164,18.854990005493164,18.788158025771704,18.81322061569228,3798600
2011-12-20,18.696264266967773,18.70461846397028,18.637786481350382,18.654494875355393,2974800
2011-12-21,18.696264266967773,18.7296810549778,18.654494875355393,18.696264266967773,2205100
2011-12-22,18.696264266967773,18.738035251980303,18.671203269360408,18.7296810549778,1088500
2011-12-23,18.70461654663086,18.712970742777006,18.6795555515924,18.69626235048471,877000
2011-12-27,18.66284942626953,18.67955782059139,18.63778683478674,18.67120362343046,1978500
2011-12-28,18.838285446166992,18.863348041188292,18.712975657861307,18.721329856201738,6855200
2011-12-29,18.804866790771484,18.88005296861936,18.796512593966153,18.85499037820336,5397900
2011-12-30,18.77145004272461,18.779804239547378,18.704618061542597,18.77145004272461,2222200
2012-01-03,18.61272430419922,18.654493693164547,18.579307518306916,18.646139496691468,11581900
2012-01-04,18.71297264099121,18.77145042654616,18.687911643410605,18.71297264099121,3994200
2012-01-05,18.913467407226562,18.921821603698312,18.871698018267868,18.871698018267868,6060500
2012-01-06,18.980300903320312,19.022071889019188,18.946885708161393,18.946885708161393,5033300
2012-01-09,18.913467407226562,18.980299385600507,18.905113210754813,18.93852999664181,5967100
2012-01-10,18.896760940551758,18.90511354377059,18.86334415407612,18.88005254731394,1946300
2012-01-11,18.980300903320312,19.030426086158965,18.97194670618054,18.97194670618054,3701100
2012-01-12,18.854990005493164,18.90511359193424,18.83828161221278,18.888406792053935,5006700
2012-01-13,19.00536346435547,19.088903842219484,18.98865507010263,18.99700926722905,5596100
2012-01-17,18.938533782958984,18.955242179242937,18.896764385649476,18.94688798110096,4433600
2012-01-18,18.77145004272461,18.85499041755216,18.77145004272461,18.838282023906626,3362100
2012-01-19,18.67120361328125,18.76309659520117,18.67120361328125,18.729681399975792,8162200
2012-01-20,18.687911987304688,18.738035576788423,18.679557790157368,18.729681379641104,2612900
2012-01-23,18.579309463500977,18.61272625289191,18.554246871457774,18.596017858196443,5025900
2012-01-24,18.6043701171875,18.696263091637963,18.6043701171875,18.67955629208337,2846000
2012-01-25,18.520830154418945,18.721326094097897,18.50412176109568,18.679556704189814,9775700
2012-01-26,18.50412368774414,18.520832082807086,18.42893750336114,18.445645898424086,4780200
2012-01-27,18.37045669555664,18.49576645113834,18.353748303239083,18.48741225497956,7104000
2012-01-30,18.43729019165039,18.504122173031174,18.428935994802778,18.49576797618356,2236500
2012-01-31,18.479061126708984,18.529184714261145,18.387166555029925,18.387166555029925,4211700
2012-02-01,18.39552116394043,18.39552116394043,18.320334984227852,18.378812769915378,3585600
2012-02-02,18.40387725830078,18.420584060648064,18.353752071057972,18.40387725830078,1509400
2012-02-03,18.40387725830078,18.479063445764677,18.378814664679375,18.470709247890873,6590300
2012-02-06,18.412229537963867,18.504122518201513,18.403875340960415,18.504122518201513,2234400
2012-02-07,18.28691864013672,18.38716741332065,18.278564442921375,18.36210482167462,5194100
2012-02-08,18.303627014160156,18.345396406790112,18.270211818736232,18.303627014160156,4589800
2012-02-09,18.311981201171875,18.311981201171875,18.245149216961035,18.270211808565172,2764100
2012-02-10,18.428936004638672,18.445644398342818,18.40387500748258,18.428936004638672,5713900
2012-02-13,18.40387725830078,18.40387725830078,18.34539787318417,18.353752071057972,1274500
2012-02-14,18.495769500732422,18.554247290085737,18.428937513842882,18.454000106451556,4218500
2012-02-15,18.55424690246582,18.579309494550905,18.495769114334177,18.50412331169587,2198000
2012-02-16,18.48741340637207,18.62943156311619,18.453998213055854,18.621078959837202,8186200
2012-02-17,18.48741340637207,18.495767603051146,18.437289819697703,18.437289819697703,2386100
2012-02-21,18.412229537963867,18.428936338570615,18.370458552946616,18.403875340960415,3000400
2012-02-22,18.43729019165039,18.479061175888457,18.428935994802778,18.45399858534562,2492500
2012-02-23,18.295272827148438,18.42058259850832,18.295272827148438,18.387167403065774,4149900
2012-02-24,18.2200870513916,18.270212235771936,18.203380249998386,18.261858038375212,8854600
2012-02-27,18.278564453125,18.303627044785024,18.245149257645167,18.295272847565016,7572600
2012-02-28,18.195026397705078,18.286919384011494,18.195026397705078,18.2367957920807,3676300
2012-02-29,18.345396041870117,18.362104435949817,18.16160848719388,18.18667107831343,4824700
2012-03-01,18.345396041870117,18.353750238909967,18.303626650071024,18.353750238909967,2609300
2012-03-02,18.4707088470459,18.495769846723118,18.44564625396839,18.454000451660896,3417700
2012-03-05,18.453998565673828,18.479061156189953,18.437290171996413,18.453998565673828,3121200
2012-03-06,18.570955276489258,18.57930947384164,18.54589427783233,18.570955276489258,4045400
2012-03-07,18.5458927154541,18.596016301945575,18.529184322156915,18.57930790864839,2678500
2012-03-08,18.420581817626953,18.470706998766165,18.387166623600937,18.470706998766165,2426000
2012-03-09,18.596019744873047,18.621082339458997,18.56260295209178,18.570957150287096,3080600
2012-03-12,18.570955276489258,18.621080460603558,18.562601079136876,18.587663671194026,1342200
2012-03-13,18.629432678222656,18.6628494669392,18.579309088548026,18.654495269760062,8949200
2012-03-14,18.729679107666016,18.73803330379994,18.64613873972674,18.64613873972674,4204500
2012-03-15,18.654497146606445,18.77145273208098,18.587665155849518,18.68791393868508,2866700
2012-03-16,18.529184341430664,18.738034477662477,18.512475948116098,18.738034477662477,9272200
2012-03-19,18.428936004638672,18.537538970315488,18.41222920433465,18.529184773463417,6392200
2012-03-20,18.462352752685547,18.512476340290995,18.437290162182762,18.495767946622472,3295300
2012-03-21,18.4707088470459,18.520832439800625,18.43729205627589,18.4707088470459,2641700
2012-03-22,18.495769500732422,18.54589468594977,18.470708501524005,18.537540488413544,1273700
2012-03-23,18.39552116394043,18.445644752615426,18.37045857290285,18.437290555602903,1801000
2012-03-26,18.278564453125,18.353750634704873,18.278564453125,18.337043833665053,8065200
2012-03-27,18.345396041870117,18.345396041870117,18.311980847110874,18.311980847110874,1676200
2012-03-28,18.33704376220703,18.387167351931552,18.328689565019577,18.328689565019577,1145000
2012-03-29,18.32868766784668,18.387165448705712,18.32868766784668,18.362102859737547,1441900
2012-03-30,18.303627014160156,18.320335408572216,18.2618576215302,18.270211818736232,1650300
2012-04-02,18.261856079101562,18.32868805770486,18.253501882601142,18.32033386120444,1642900
2012-04-03,18.39552116394043,18.42058216157785,18.253503001527804,18.278563999165225,3016100
2012-04-04,18.48741340637207,18.504121799730225,18.47070660641401,18.495767603051146,2792300
2012-04-05,18.5458927154541,18.570953711999795,18.529184322156915,18.570953711999795,1669100
2012-04-09,18.48741340637207,18.545892783125606,18.453998213055854,18.545892783125606,1963400
2012-04-10,18.512475967407227,18.54589275407118,18.47906077414336,18.49576757407525,1990300
2012-04-11,18.48741340637207,18.495767603051146,18.428935623018628,18.44564401637678,1157500
2012-04-12,18.362104415893555,18.428936398739204,18.353750218862828,18.420582201708477,2004300
2012-04-13,18.512475967407227,18.512475967407227,18.437289790813416,18.437289790813416,1916100
2012-04-16,18.43729019165039,18.545893157269244,18.412229194507674,18.529184763574015,1837600
2012-04-17,18.428936004638672,18.445644398342818,18.387166613778433,18.41222920433465,944400
2012-04-18,18.428936004638672,18.479061185751107,18.40387500748258,18.479061185751107,1434800
2012-04-19,18.420581817626953,18.453998605053094,18.395520820457474,18.453998605053094,1457400
2012-04-20,18.32033920288086,18.362108604161637,18.3119850039446,18.353754405225377,2116600
2012-04-23,18.378812789916992,18.42893637864654,18.362104395873757,18.38716698693861,1088200
2012-04-24,18.32868766784668,18.345394467092103,18.303625078878515,18.337041864169404,584200
2012-04-25,18.28691864013672,18.353750624459277,18.278564442921375,18.295272837352062,1123800
2012-04-26,18.261856079101562,18.286917075202762,18.236793489600306,18.270210275601983,1235600
2012-04-27,18.228439331054688,18.228439331054688,18.186669941865677,18.220085134536873,2506100
2012-04-30,18.2200870513916,18.24514964358177,18.211732853994878,18.22844124878832,700100
2012-05-01,18.23679542541504,18.27021221496387,18.17831763710481,18.195026031879227,819300
2012-05-02,18.295272827148438,18.345396417012353,18.295272827148438,18.328689615991177,1063900
2012-05-03,18.311981201171875,18.32868959557463,18.295272806769116,18.303627003970497,714000
2012-05-04,18.38716697692871,18.39552117394578,18.286918206124035,18.31198079717524,1369300
2012-05-07,18.412229537963867,18.437290535574064,18.403875340960415,18.420582141567163,716400
2012-05-08,18.453998565673828,18.504122153305953,18.428935975157703,18.462352762512534,2177900
2012-05-09,18.529184341430664,18.579307927974273,18.504121751458815,18.537538538087947,3137000
2012-05-10,18.5458927154541,18.55424531870261,18.495767535562543,18.51247592885973,1127300
2012-05-11,18.579309463500977,18.579309463500977,18.529185872814793,18.57095526615324,992100
2012-05-14,18.66284942626953,18.67955782059139,18.629432637625808,18.66284942626953,3494800
2012-05-15,18.81321907043457,18.81321907043457,18.704616116432444,18.721324508340455,8029300
2012-05-16,18.854990005493164,18.86334420213336,18.788158025771704,18.81322061569228,2850000
2012-05-17,18.838285446166992,18.888410636209592,18.796516047865232,18.863348041188292,3531300
2012-05-18,18.76309585571289,18.84663623058412,18.74638905545874,18.8132210366757,2897900
2012-05-21,18.70461654663086,18.829927895423108,18.70461654663086,18.81321950313081,2053200
2012-05-22,18.896760940551758,18.921821937008406,18.771449584668193,18.796512174524924,5485400
2012-05-23,18.963594436645508,19.013718026967332,18.888408254462668,18.896762451749673,2700000
2012-05-24,19.03877830505371,19.04713090792542,18.946883739464766,18.971944734879923,2006300
2012-05-25,19.0638427734375,19.0638427734375,19.005364982282217,19.04713437785019,2210700
2012-05-29,19.047130584716797,19.09725576149657,18.98029860907709,19.005361197466975,5488000
2012-05-30,19.1975040435791,19.1975040435791,19.113963670826,19.122317867441318,2566700
2012-05-31,19.20585823059082,19.23092082042424,19.147380447712912,19.155734644324053,3406600
2012-06-01,19.147382736206055,19.214214723682854,19.097259143948524,19.16409113142532,4633900
2012-06-04,19.0638427734375,19.105613762405774,19.055488575643846,19.080551169024808,2541400
2012-06-05,19.130672454833984,19.16408924197785,19.105611457876194,19.130672454833984,1299600
2012-06-06,18.97194480895996,19.11396295933377,18.97194480895996,19.105610356429445,3597600
2012-06-07,18.997011184692383,19.013719580631683,18.91347079839622,18.921824996365867,2318100
2012-06-08,19.05548667907715,19.139027055298737,19.038779878552948,19.130672858336563,1487700
2012-06-11,19.080549240112305,19.080549240112305,18.971946273174108,18.971946273174108,842200
2012-06-12,19.013715744018555,19.09725611345783,19.005361547734626,19.055485132038186,1430100
2012-06-13,18.955238342285156,19.013716124041427,18.90511316357974,18.98865353468872,1996500
2012-06-14,18.880056381225586,18.955242572663508,18.863347984594846,18.955242572663508,1372000
2012-06-15,18.7965145111084,18.888409091939685,18.788160313450984,18.863346498967438,2414300
2012-06-18,18.880056381225586,18.91347158108666,18.854993786279476,18.871702182910216,1576100
2012-06-19,18.738035202026367,18.81322138144833,18.696264217125194,18.804867184468094,3698500
2012-06-20,18.76309585571289,18.821575233502834,18.69626387449593,18.72968066180447,2013500
2012-06-21,18.963594436645508,18.971947040532307,18.813222072279828,18.821576269566833,2785300
2012-06-22,18.921825408935547,18.980303202597806,18.90511701263194,18.921825408935547,1272800
2012-06-25,18.980300903320312,19.00536349473964,18.963594102440943,18.997009297599863,1872800
2012-06-26,18.94688606262207,19.02207224488646,18.938531865326002,18.988655455702194,783600
2012-06-27,19.00536346435547,19.038780252861148,18.98865507010263,18.99700926722905,889700
2012-06-28,19.030426025390625,19.072195417555942,19.01371763116443,19.03878022250372,1846800
2012-06-29,18.77145004272461,18.788158436370143,18.729680652010895,18.74638904565643,3169700
2012-07-02,18.81321907043457,18.846634260850642,18.804864874480565,18.81321907043457,2582300
2012-07-03,18.7965145111084,18.854992301310023,18.77980611579357,18.84663810365261,642900
2012-07-05,19.047130584716797,19.072193173106683,19.030423785856858,19.038777981986822,1576700
2012-07-06,19.17244529724121,19.189152099032505,19.09725911227946,19.113965914070754,2134600
2012-07-09,19.113962173461914,19.172441545187937,19.113962173461914,19.155733153266215,1315600
2012-07-10,19.18079948425293,19.205862079108456,19.113967491371923,19.113967491371923,1263100
2012-07-11,19.1975040435791,19.222566633425053,19.130672064056636,19.155734653902588,1362900
2012-07-12,19.239274978637695,19.27269017161549,19.22256658544876,19.255981778426555,4914600
2012-07-13,19.155733108520508,19.23927347453402,19.139024716637817,19.23927347453402,3152600
2012-07-16,19.097259521484375,19.17244570805717,19.080551125934797,19.139028916958015,1222600
2012-07-17,19.080549240112305,19.205859007548565,19.080549240112305,19.105611830959614,3565400
2012-07-18,19.0638427734375,19.130674762386437,19.0638427734375,19.130674762386437,1012900
2012-07-19,19.05548667907715,19.10561186085019,19.030425681590774,19.088903466925842,1243200
2012-07-20,19.1975040435791,19.20585824019442,19.147380457287273,19.155734653902588,2744000
2012-07-23,19.222570419311523,19.30611080851791,19.205862022790168,19.28940241199655,2129000
2012-07-24,19.297754287719727,19.331169483340435,19.230922303078106,19.239276500333336,3442300
2012-07-25,19.1975040435791,19.25598182648625,19.189149846963783,19.21421243680974,1060000
2012-07-26,19.00536346435547,19.038780252861148,18.963594072123552,19.00536346435547,2042200
2012-07-27,18.997011184692383,19.030427976570984,18.905116600426567,18.97194859078343,2241100
2012-07-30,19.02207374572754,19.055488944148056,19.013719547772325,19.055488944148056,1311000
2012-07-31,18.97194480895996,19.022069986786025,18.938529617142606,19.005361594177337,1186700
2012-08-01,19.105613708496094,19.113966312865877,18.963595533205293,18.971948137575076,1895900
2012-08-02,19.139028549194336,19.180797943865365,19.08055075929479,19.130674351580076,1220200
2012-08-03,18.90511703491211,19.038782612098135,18.89676443015083,19.030428413936484,1787800
2012-08-06,18.880056381225586,18.921825779402027,18.84663958796411,18.90511738277129,1869000
2012-08-07,18.880056381225586,18.888410579540956,18.82993278473377,18.84663958796411,2148900
2012-08-08,18.913467407226562,18.93852999664181,18.888406411211367,18.93852999664181,1274700
2012-08-09,18.980300903320312,19.013717691879414,18.946885708161393,18.980300903320312,1609400
2012-08-10,18.94688606262207,19.030426442182527,18.930177668029938,19.02207224488646,691500
2012-08-13,18.921825408935547,18.938533805239157,18.871701813425094,18.90511701263194,1348600
2012-08-14,18.93017578125,18.9552383706402,18.913467388323202,18.93017578125,1726300
2012-08-15,18.980300903320312,18.997009297599863,18.963594102440943,18.980300903320312,548400
2012-08-16,18.913467407226562,18.955238389585308,18.896760607683113,18.946884193113558,662000
2012-08-17,18.94688606262207,18.997009652998262,18.92182347073387,18.92182347073387,1324400
2012-08-20,18.921825408935547,18.971949004446,18.921825408935547,18.971949004446,489900
2012-08-21,18.7965145111084,18.804868708765813,18.76309772047874,18.7965145111084,2244500
2012-08-22,18.70461654663086,18.829927895423108,18.687909747738548,18.821573699276957,1277900
2012-08-23,18.67120361328125,18.696264611350237,18.629432627499302,18.68791200759403,3212400
2012-08-24,18.729679107666016,18.73803330379994,18.671201328128518,18.73803330379994,1645400
2012-08-27,18.746389389038086,18.746389389038086,18.704618404159124,18.712972601134915,808400
2012-08-28,18.67120361328125,18.67120361328125,18.64614102181208,18.66284941612486,813200
2012-08-29,18.70461654663086,18.721324938923157,18.6795555515924,18.687909747738548,1194600
2012-08-30,18.746389389038086,18.754743586013877,18.671203209656102,18.687911603607688,1063900
2012-08-31,18.629432678222656,18.6628494669392,18.570954891368892,18.604371680085436,2845200
2012-09-04,18.654497146606445,18.662851344626105,18.621081947928154,18.637788750567125,661900
2012-09-05,18.637786865234375,18.646141062408955,18.60437166993625,18.621080064285405,928100
2012-09-06,18.587661743164062,18.679556311108172,18.57930754667823,18.654493721650674,1709300
2012-09-07,18.38716697692871,18.45399895966511,18.37881277991164,18.43729056563097,6999500
2012-09-10,18.445646286010742,18.445646286010742,18.387168495461932,18.4205836928897,1036600
2012-09-11,18.303627014160156,18.353750603996144,18.295272816954128,18.353750603996144,2639400
2012-09-12,18.28691864013672,18.30362703456741,18.26185764189088,18.270211839106224,2335400
2012-09-13,18.16996192932129,18.303625889605208,18.14489933924302,18.270210696234276,5859700
2012-09-14,18.078067779541016,18.103130370202162,18.0195899947318,18.078067779541016,5673000
2012-09-17,18.103130340576172,18.119838734322926,18.044652555862655,18.078067749956038,3049800
2012-09-18,18.161609649658203,18.16996384723278,18.111486057611014,18.136547056934475,1785600
2012-09-19,18.103130340576172,18.169962322163066,18.09477614370279,18.15325392841631,1007800
2012-09-20,18.186668395996094,18.253500369057818,18.186668395996094,18.236791977442405,1485100
2012-09-21,18.16996192932129,18.178316126014046,18.119838342564844,18.13654514255026,889800
2012-09-24,18.211732864379883,18.253503851387315,18.203380260378626,18.245149653985827,1002600
2012-09-25,18.24515151977539,18.24515151977539,18.161611130617732,18.18667372538515,756800
2012-09-26,18.278564453125,18.320335439225037,18.278564453125,18.286918650345008,1436800
2012-09-27,18.228439331054688,18.31197970283277,18.19502413838349,18.25350192060813,1382600
2012-09-28,18.311981201171875,18.320335398373253,18.2200866253569,18.22844082255828,884300
2012-10-01,18.27020835876465,18.28691515661262,18.228437380644998,18.253499967516788,3236000
2012-10-02,18.253503799438477,18.270212194193896,18.195026011194727,18.236795404683054,888500
2012-10-03,18.303627014160156,18.328689605778244,18.286918619748096,18.295272816954128,861200
2012-10-04,18.178316116333008,18.236793899751067,18.153253526268085,18.228439703062758,1189300
2012-10-05,18.178316116333008,18.195024509709622,18.11148413622664,18.13654513289147,1400300
2012-10-08,18.2200870513916,18.236795446185045,18.203380249998386,18.22844124878832,508400
2012-10-09,18.33704376220703,18.345396365994294,18.261857580920154,18.278564381894867,1672100
2012-10-10,18.295272827148438,18.328689615991177,18.27856443272707,18.303627024359123,966300
2012-10-11,18.261856079101562,18.270210275601983,18.245147686100726,18.253501882601142,733500
2012-10-12,18.23679542541504,18.253503820189454,18.211732833253414,18.211732833253414,623000
2012-10-15,18.24515151977539,18.27856671939822,18.236797321519585,18.236797321519585,576500
2012-10-16,18.16996192932129,18.203378716092317,18.14489933924302,18.16996192932129,806000
2012-10-17,18.078067779541016,18.103130370202162,18.06136097916705,18.086421976428063,1749200
2012-10-18,18.153255462646484,18.169963857805357,18.10313187057013,18.111486068149567,1423400
2012-10-19,18.2200870513916,18.236795446185045,18.17831765780822,18.17831765780822,1017000
2012-10-22,18.2200870513916,18.236795446185045,18.18667185520494,18.211732853994878,766000
2012-10-23,18.303627014160156,18.328689605778244,18.295272816954128,18.295272816954128,891100
2012-10-24,18.303627014160156,18.337043802984276,18.27856442254207,18.286918619748096,1214200
2012-10-25,18.32033920288086,18.32869340181712,18.27021560266382,18.28692240713582,290600
2012-10-26,18.32033920288086,18.345400206289117,18.28692240713582,18.32869340181712,586800
2012-10-31,18.28691864013672,18.30362703456741,18.26185764189088,18.278564442921375,1560300
2012-11-01,18.311981201171875,18.32868959557463,18.270211808565172,18.28691860956774,499900
2012-11-02,18.43729019165039,18.45399858534562,18.40387499766006,18.40387499766006,2291600
2012-11-05,18.479061126708984,18.495767926959626,18.462352733058225,18.479061126708984,911800
2012-11-06,18.453998565673828,18.470706959351244,18.437290171996413,18.453998565673828,708400
2012-11-07,18.48741340637207,18.5124759964093,18.479060803093084,18.495767603051146,1777800
2012-11-08,18.48741340637207,18.529184389767455,18.479060803093084,18.504121799730225,1490700
2012-11-09,18.529184341430664,18.54589273474523,18.512475948116098,18.537538538087947,1655200
2012-11-12,18.537540435791016,18.545894633303526,18.520832040766,18.529186238278506,622700
2012-11-13,18.55424690246582,18.57095529718921,18.520831706419262,18.562601099827518,1232700
2012-11-14,18.5458927154541,18.55424531870261,18.495767535562543,18.53753851880551,1553600
2012-11-15,18.5458927154541,18.5458927154541,18.51247592885973,18.53753851880551,2094200
2012-11-16,18.579309463500977,18.629433054187157,18.56260106880551,18.56260106880551,1677000
2012-11-19,18.495769500732422,18.52918629087732,18.470708501524005,18.520832093341095,1250700
2012-11-20,18.48741340637207,18.529184389767455,18.48741340637207,18.5124759964093,1288300
2012-11-21,18.495769500732422,18.51247789580487,18.495769500732422,18.51247789580487,484200
2012-11-23,18.32033920288086,18.395525399906678,18.3119850039446,18.387171200970418,818600
2012-11-26,18.32868766784668,18.353748663414823,18.32868766784668,18.345394467092103,425800
2012-11-27,18.38716697692871,18.39552117394578,18.353750188860435,18.362104385877505,453300
2012-11-28,18.353748321533203,18.420580297470057,18.3453941253661,18.412227694702942,691500
2012-11-29,18.32868766784668,18.362102859737547,18.28691668623307,18.303625078878515,809800
2012-11-30,18.311981201171875,18.345396396577197,18.295272806769116,18.33704379277601,819400
2012-12-03,18.253503799438477,18.27856479817138,18.236795404683054,18.27856479817138,1113600
2012-12-04,18.195026397705078,18.220087396970346,18.186672200149903,18.203380595260253,682900
2012-12-05,18.23679542541504,18.23679542541504,18.211732833253414,18.23679542541504,1768400
2012-12-06,18.33704376220703,18.353750563181745,18.253503383732703,18.261857580920154,1037000
2012-12-07,18.37045669555664,18.403873480191756,18.33704150432152,18.39551928403298,1147500
2012-12-10,18.345396041870117,18.37045863298967,18.337043438230427,18.337043438230427,1620600
2012-12-11,18.278564453125,18.31198124200503,18.278564453125,18.295272847565016,1749100
2012-12-12,18.24515151977539,18.27856671939822,18.178319527129343,18.261859916287,1649800
2012-12-13,18.261856079101562,18.278562878702346,18.228439293099886,18.253501882601142,577700
2012-12-14,18.16996192932129,18.253502302848762,18.161607732628532,18.23679390946325,1519500
2012-12-17,18.16996192932129,18.178316126014046,18.14489933924302,18.16996192932129,1643700
2012-12-18,18.11148452758789,18.15325391853191,18.094776133850235,18.14489972166308,1702300
2012-12-19,18.103130340576172,18.103130340576172,18.044652555862655,18.05300675273603,1890100
2012-12-20,18.086421966552734,18.119838754082686,18.05300677242291,18.0613609693054,1931100
2012-12-21,18.178316116333008,18.195024509709622,18.13654513289147,18.13654513289147,2173500
2012-12-24,18.178316116333008,18.20337870639793,18.153253526268085,18.153253526268085,526000
2012-12-26,18.178316116333008,18.186670313021313,18.128192529603254,18.1699619196447,424400
2012-12-27,18.178316116333008,18.220085506374453,18.128192529603254,18.13654513289147,442300
2012-12-28,18.195026397705078,18.203380595260253,18.178318002594725,18.195026397705078,408400
2012-12-31,18.2200870513916,18.236795446185045,18.18667185520494,18.18667185520494,340800
2013-01-02,18.228439331054688,18.25350192060813,18.144898959276606,18.161607352312235,898700
2013-01-03,18.37045669555664,18.37881089171542,18.286916327368846,18.295270523527623,1314200
2013-01-04,18.37045669555664,18.420580279109323,18.362102499397864,18.403873480191756,1087600
2013-01-07,18.311981201171875,18.387167382584092,18.311981201171875,18.370458988181333,1973600
2013-01-08,18.33704376220703,18.37045895755665,18.33704376220703,18.345396365994294,1172100
2013-01-09,18.39552116394043,18.412229557965478,18.37045857290285,18.39552116394043,832400
2013-01-10,18.211732864379883,18.278564850191543,18.186671865575654,18.270212246190287,2258100
2013-01-11,18.161609649658203,18.17831804480735,18.128194452760162,18.136547056934475,1126900
2013-01-14,18.136547088623047,18.169963878979733,18.11984028684497,18.15325548380139,879800
2013-01-15,18.186668395996094,18.220083585826995,18.144897416957562,18.16996000438068,1684000
2013-01-16,18.203380584716797,18.220087386417212,18.186672189616125,18.19502638716646,1140900
2013-01-17,18.16996192932129,18.203378716092317,18.161607732628532,18.186670322706803,416900
2013-01-18,18.253503799438477,18.303627390304513,18.236795404683054,18.245149602060764,722800
2013-01-22,18.23679542541504,18.26185801757666,18.220087030640624,18.23679542541504,747900
2013-01-23,18.23679542541504,18.27856481895085,18.203380229266436,18.211732833253414,748300
2013-01-24,18.23679542541504,18.27021221496387,18.220087030640624,18.26185801757666,255600
2013-01-25,18.195026397705078,18.21173319941517,18.178318002594725,18.203380595260253,996000
2013-01-28,18.203380584716797,18.220087386417212,18.19502638716646,18.19502638716646,191200
2013-01-29,18.153255462646484,18.18667225296423,18.136547067487612,18.178318055384793,890800
2013-01-30,18.078067779541016,18.111484567089214,18.053006782279997,18.103130370202162,2960500
2013-01-31,18.06136131286621,18.08642231059025,18.04465291878341,18.078068113548852,1539900
2013-02-01,18.04465103149414,18.078066222764686,17.986173251720686,18.036296835326503,1045700
2013-02-04,18.136547088623047,18.15325548380139,18.094777694077454,18.11984028684497,846700
2013-02-05,18.12819480895996,18.19502679746948,18.11148641348251,18.178318401992026,594500
2013-02-06,18.186668395996094,18.203376787611507,18.16996000438068,18.1950225918038,738700
2013-02-07,18.28691864013672,18.311981231782752,18.23679505024485,18.245149247460194,1216100
2013-02-08,18.295272827148438,18.31198122156981,18.261857631705894,18.27856443272707,900500
2013-02-11,18.311981201171875,18.33704379277601,18.28691860956774,18.311981201171875,1008700
2013-02-12,18.27020835876465,18.31197774348441,18.228437380644998,18.30362354786048,487100
2013-02-13,18.278564453125,18.286918650345008,18.23679506042516,18.25350345486517,224900
2013-02-14,18.32868766784668,18.370457056060268,18.32033347152396,18.362102859737547,621700
2013-02-15,18.345396041870117,18.37881283002952,18.345396041870117,18.362104435949817,1042200
2013-02-19,18.353748321533203,18.387165106201625,18.3453941253661,18.37881091003452,522300
2013-02-20,18.48741340637207,18.504121799730225,18.378812036344257,18.378812036344257,1373200
2013-02-21,18.56260108947754,18.58766368154865,18.51247749873554,18.545894288163687,1818900
2013-02-22,18.570955276489258,18.612726263251172,18.562601079136876,18.57930947384164,437100
2013-02-25,18.646141052246094,18.679557840926194,18.512477084326065,18.52083128149609,3314000
2013-02-26,18.66284942626953,18.67955782059139,18.59601744238227,18.63778683478674,988300
2013-02-27,18.587661743164062,18.637785328679005,18.57930754667823,18.621078529107393,1192500
2013-02-28,18.687911987304688,18.696264591051825,18.612725806378997,18.629432607273454,1144000
2013-03-01,18.746389389038086,18.813221371444275,18.73803519206229,18.771450386565313,3861200
2013-03-04,18.738035202026367,18.77980459352739,18.721326808065896,18.771450396547156,1776600
2013-03-05,18.71297264099121,18.746389428965553,18.67955744641702,18.687911643410605,730500
2013-03-06,18.788158416748047,18.80486681037613,18.738034829263913,18.738034829263913,1083300
2013-03-07,18.70461654663086,18.721324938923157,18.67120135544625,18.712970742777006,633800
2013-03-08,18.846637725830078,18.880054515789826,18.821576726760515,18.854991923320014,855600
2013-03-11,18.804866790771484,18.863344575008696,18.804866790771484,18.85499037820336,601900
2013-03-12,18.7965145111084,18.821577104080642,18.771451918136155,18.771451918136155,213700
2013-03-13,18.8716983795166,18.91346776927486,18.846635789621597,18.854989986253265,504900
2013-03-14,18.7965145111084,18.905115893854237,18.771451918136155,18.8967632895971,706700
2013-03-15,18.71297264099121,18.729681034978384,18.687911643410605,18.704618443997624,1333200
2013-03-18,18.82992935180664,18.838281955198823,18.763095777468266,18.821575155014344,2671100
2013-03-19,18.888404846191406,18.913465840130147,18.81321867757535,18.821572873354903,1268900
2013-03-20,18.846637725830078,18.854991923320014,18.78815993680077,18.796514134290707,882400
2013-03-21,18.846637725830078,18.86334612080995,18.804868331780643,18.838283528340142,337400
2013-03-22,18.729679107666016,18.79651108333744,18.712970715398164,18.788156887203513,530700
2013-03-25,18.863346099853516,18.863346099853516,18.779805718447207,18.779805718447207,735100
2013-03-26,18.854990005493164,18.880052595413744,18.821574812332475,18.84663580885297,407400
2013-03-27,18.93017578125,18.9552383706402,18.921821584786603,18.93017578125,1034100
2013-03-28,18.880056381225586,18.90511738277129,18.84663958796411,18.90511738277129,773100
2013-04-01,18.81321907043457,18.863342652758654,18.79651067852656,18.854988456804648,404300
2013-04-02,18.854990005493164,18.87169839877355,18.82992900897267,18.84663580885297,507600
2013-04-03,18.81321907043457,18.82992746234258,18.788156482572553,18.82992746234258,540800
2013-04-04,18.788158416748047,18.946884969414604,18.779804219934004,18.93853077260056,1112300
2013-04-05,18.754745483398438,18.763098087819102,18.71297449429358,18.754745483398438,493400
2013-04-08,18.804866790771484,18.829929381187483,18.763095806744825,18.763095806744825,592600
2013-04-09,18.72132682800293,18.77145041653757,18.696264237035535,18.738035221981193,487600
2013-04-10,18.738035202026367,18.763096199566924,18.712972611085664,18.721326808065896,1021800
2013-04-11,18.687911987304688,18.687911987304688,18.654495198715413,18.687911987304688,807600
2013-04-12,18.66284942626953,18.704618818674,18.6544952291086,18.69626462151307,1658200
2013-04-15,18.72132682800293,18.72968102499206,18.67120323946829,18.67120323946829,838900
2013-04-16,18.570955276489258,18.671204051317638,18.55424688178449,18.646141459260487,1223700
2013-04-17,18.77145004272461,18.788158436370143,18.654494474006114,18.654494474006114,956800
2013-04-18,18.76309585571289,18.77980424936716,18.7129722681502,18.74638905545874,460400
2013-04-19,18.7965145111084,18.813222906423228,18.70461993027711,18.738036720906774,1373100
2013-04-22,18.788158416748047,18.84663620104622,18.779804219934004,18.83828200423218,807200
2013-04-23,18.854990005493164,18.880052595413744,18.821574812332475,18.854990005493164,1002200
2013-04-24,18.846637725830078,18.880054515789826,18.821576726760515,18.86334612080995,1951500
2013-04-25,18.804866790771484,18.829929381187483,18.771450003550157,18.771450003550157,747400
2013-04-26,18.72132682800293,18.754743615959455,18.704618434024667,18.746389418970324,466200
2013-04-29,18.637786865234375,18.67120365393269,18.637786865234375,18.66284945675811,1675500
2013-04-30,18.5458927154541,18.629431495139862,18.520830125508322,18.629431495139862,1611900
2013-05-01,18.529184341430664,18.54589273474523,18.47906075488705,18.504121751458815,590200
2013-05-02,18.654497146606445,18.68791393868508,18.621081947928154,18.637788750567125,1081900
2013-05-03,18.646141052246094,18.69626464186606,18.587663265456104,18.68791203809622,562700
2013-05-06,18.687911987304688,18.704618788199145,18.654495198715413,18.654495198715413,296200
2013-05-07,18.687911987304688,18.687911987304688,18.637786804420774,18.637786804420774,379900
2013-05-08,18.6043701171875,18.6043701171875,18.554244938323553,18.587661724232852,524400
2013-05-09,18.779804229736328,18.804866820191535,18.65449446426053,18.65449446426053,334300
2013-05-10,18.880056381225586,18.938534176032768,18.83828538964874,18.84663958796411,738300
2013-05-13,18.913467407226562,18.921821603698312,18.863343821796118,18.880052214739617,1317200
2013-05-14,18.98865509033203,18.98865509033203,18.896762108643877,18.930177303784976,1252600
2013-05-15,19.03877830505371,19.080547693012313,19.00536151996682,19.04713090792542,757200
2013-05-16,19.030426025390625,19.047132826216647,18.955239844772912,19.022071828277525,1887500
2013-05-17,19.147382736206055,19.16409113142532,19.11396594576752,19.13902853859642,1011900
2013-05-20,19.030426025390625,19.09725800889524,19.00536343405133,19.09725800889524,677500
2013-05-21,19.03877830505371,19.11396288469919,18.98865312742337,19.08890188928404,1028900
2013-05-22,19.122318267822266,19.16408925177345,18.93853071863738,19.038779486720117,1448300
2013-05-23,18.997011184692383,19.047134779109946,18.980302788753082,19.013719580631683,858400
2013-05-24,18.97194480895996,18.997007397872995,18.94688381344695,18.98865320156865,918400
2013-05-28,19.105613708496094,19.12232051063596,19.01371912642549,19.030427521965652,502700
2013-05-29,18.963594436645508,19.005363829680327,18.938531844784492,18.988655435106317,445700
2013-05-30,18.838285446166992,18.896764834550027,18.8132244445461,18.871702239528727,820900
2013-05-31,18.888404846191406,18.963591014807466,18.8716964546323,18.880050650411853,1526200
2013-06-03,18.754745483398438,18.913470461795974,18.687913494230973,18.880055263912396,1843900
2013-06-04,18.76309585571289,18.821575233502834,18.754743252285873,18.788158446194295,832600
2013-06-05,18.729679107666016,18.771448494935658,18.712970715398164,18.763094298801732,1766400
2013-06-06,18.48741340637207,18.671202546511573,18.378812036344257,18.662848349832494,2643100
2013-06-07,18.512475967407227,18.55424535733708,18.48741337740926,18.520830164073214,1114000
2013-06-10,18.520830154418945,18.61272472429683,18.495767564434043,18.58766213431193,1415900
2013-06-11,18.362104415893555,18.47906158092356,18.362104415893555,18.470707383892833,1210800
2013-06-12,18.353748321533203,18.395519302368733,18.295270541763454,18.37881091003452,634000
2013-06-13,18.295272827148438,18.345396417012353,18.261857631705894,18.32033541878049,587100
2013-06-14,18.278564453125,18.337043833665053,18.26185765208518,18.337043833665053,612000
2013-06-17,18.24515151977539,18.32869190893305,18.24515151977539,18.286920917654022,579700
2013-06-18,18.261856079101562,18.32033386120444,18.236793489600306,18.32033386120444,608200
2013-06-19,18.428936004638672,18.46235279204696,18.228440060389307,18.253502650945524,1676000
2013-06-20,18.537540435791016,18.604372422490837,18.529186238278506,18.545894633303526,3540400
2013-06-21,18.66284942626953,18.704618818674,18.604371639543203,18.629432637625808,1795700
2013-06-24,18.67955780029297,18.738035586955753,18.64614101168556,18.738035586955753,7513000
2013-06-25,18.71297264099121,18.746389428965553,18.67955744641702,18.69626424700404,979700
2013-06-26,18.81321907043457,18.821573266388576,18.73803290024847,18.75474129215648,938200
2013-06-27,18.804866790771484,18.85499037820336,18.771450003550157,18.804866790771484,1745900
2013-06-28,18.846637725830078,18.888408713279762,18.78815993680077,18.78815993680077,1184200
2013-07-01,18.804866790771484,18.85499037820336,18.796512593966153,18.838281984592697,1386400
2013-07-02,18.93017578125,18.9385299777134,18.854989606479453,18.9051131918598,1648300
2013-07-03,18.854990005493164,18.90511359193424,18.81322061569228,18.90511359193424,496400
2013-07-05,19.130672454833984,19.14738084840592,19.105611457876194,19.11396406126205,1436600
2013-07-08,19.080549240112305,19.09725763401051,19.0638408462141,19.09725763401051,11033500
2013-07-09,19.155733108520508,19.19750249482729,19.08890113438969,19.08890113438969,1441100
2013-07-10,19.030426025390625,19.11396480972126,18.930177253433616,19.105612206008335,991200
2013-07-11,18.729679107666016,18.83828047060708,18.696262323130313,18.804865279471365,3677500
2013-07-12,18.77145004272461,18.829929420483978,18.74638904565643,18.82157522366121,799200
2013-07-15,18.788158416748047,18.83828200423218,18.779804219934004,18.813221007190172,1286000
2013-07-16,18.654497146606445,18.74639173142235,18.637788750567125,18.729683335383033,795800
2013-07-17,18.696264266967773,18.754743645985318,18.637786481350382,18.637786481350382,8168300
2013-07-18,18.729679107666016,18.788156887203513,18.712970715398164,18.754741696067796,506800
2013-07-19,18.67955780029297,18.72132719265205,18.662849405989267,18.7129729955002,521900
2013-07-22,18.596019744873047,18.61272814126368,18.554248753896463,18.61272814126368,1621900
2013-07-23,18.537540435791016,18.612726620003347,18.520832040766,18.59601822497833,1086400
2013-07-24,18.6043701171875,18.637785309696746,18.545892335246283,18.5709533312782,1054600
2013-07-25,18.479061126708984,18.579308301813306,18.470706929883605,18.579308301813306,908600
2013-07-26,18.462352752685547,18.495767946622472,18.437290162182762,18.47070694951981,643200
2013-07-29,18.462352752685547,18.512476340290995,18.453998555851285,18.48741374978821,1401400
2013-07-30,18.50412368774414,18.53754047787003,18.454000095955557,18.454000095955557,2149000
2013-07-31,18.453998565673828,18.579308331454204,18.403874978041703,18.56259993777679,2205500
2013-08-01,18.61272430419922,18.62943110374532,18.52918393286851,18.52918393286851,1741300
2013-08-02,18.512475967407227,18.562599554003068,18.48741337740926,18.562599554003068,776900
2013-08-05,18.48741340637207,18.545892783125606,18.48741340637207,18.520830193088376,953900
2013-08-06,18.43729019165039,18.479061175888457,18.420581797955165,18.462352782193232,383900
2013-08-07,18.362104415893555,18.41222959807791,18.353750218862828,18.403875401047184,1735600
2013-08-08,18.303627014160156,18.328689605778244,18.2618576215302,18.320335408572216,1749900
2013-08-09,18.32033920288086,18.33704760075338,18.3119850039446,18.32869340181712,799100
2013-08-12,18.37045669555664,18.39551928403298,18.362102499397864,18.39551928403298,1564000
2013-08-13,18.462352752685547,18.495767946622472,18.453998555851285,18.462352752685547,976900
2013-08-14,18.453998565673828,18.470706959351244,18.428935975157703,18.462352762512534,614100
2013-08-15,18.32868766784668,18.5124752067465,18.311979275201235,18.487412617778336,1530200
2013-08-16,18.362104415893555,18.387167006985734,18.303626630078632,18.303626630078632,1645600
2013-08-19,18.353748321533203,18.362102517700308,18.337041522598984,18.337041522598984,760500
2013-08-20,18.27020835876465,18.27856096098869,18.228437380644998,18.26185416314072,983000
2013-08-21,18.362104415893555,18.395521204016458,18.31198082710936,18.328689221170812,1618800
2013-08-22,18.40387725830078,18.428938258521868,18.378814664679375,18.40387725830078,325600
2013-08-23,18.37045669555664,18.43728867142688,18.33704150432152,18.43728867142688,1691100
2013-08-26,18.37045669555664,18.403873480191756,18.362102499397864,18.37045669555664,363600
2013-08-27,18.311981201171875,18.353750593778578,18.311981201171875,18.353750593778578,491100
2013-08-28,18.38716697692871,18.428936368613904,18.37881277991164,18.37881277991164,976300
2013-08-29,18.512475967407227,18.537538557405192,18.48741337740926,18.504121770741236,786100
2013-08-30,18.537540435791016,18.57930982995331,18.520832040766,18.529186238278506,843200
2013-09-03,18.596019744873047,18.629434944253934,18.579311348482413,18.579311348482413,1264500
2013-09-04,18.529184341430664,18.587662124631557,18.529184341430664,18.57095373131699,1956500
2013-09-05,18.654497146606445,18.662851344626105,18.579310957829858,18.596019353869174,1345500
2013-09-06,18.5458927154541,18.57930790864839,18.51247592885973,18.570953711999795,533300
2013-09-09,18.453998565673828,18.512476350144663,18.437290171996413,18.495767956467247,557700
2013-09-10,18.453998565673828,18.479061156189953,18.453998565673828,18.470706959351244,1808300
2013-09-11,18.38716697692871,18.45399895966511,18.37881277991164,18.44564476264804,629700
2013-09-12,18.38716697692871,18.420582171596834,18.345395991843365,18.420582171596834,411200
2013-09-13,18.37045669555664,18.4289344752681,18.362102499397864,18.387165087874198,963600
2013-09-16,18.32868766784668,18.32868766784668,18.270209886987647,18.270209886987647,894700
2013-09-17,18.295272827148438,18.328689615991177,18.295272827148438,18.303627024359123,685200
2013-09-18,18.086421966552734,18.303626305297033,18.06971357278776,18.295272108414544,2489800
2013-09-19,18.11148452758789,18.12819292132555,18.069713543243747,18.069713543243747,4203300
2013-09-20,18.119840621948242,18.16161001726631,18.111486424204568,18.128194819691913,2028500
2013-09-23,18.12819480895996,18.153255808775846,18.11148641348251,18.11148641348251,1721600
2013-09-24,18.161609649658203,18.16996384723278,18.128194452760162,18.153255452083627,420300
2013-09-25,18.103130340576172,18.136545534669555,18.086421946829415,18.128192931196303,725300
2013-09-26,18.144899368286133,18.178316155110647,18.12819256827397,18.136545171580003,495300
2013-09-27,18.078067779541016,18.094776173315115,18.04465258539295,18.069713582653964,516900
2013-09-30,18.069713592529297,18.07806778942091,18.036298398362966,18.044652595254583,281900
2013-10-01,18.053009033203125,18.07807003358885,18.019592241488386,18.02794643941707,339200
2013-10-02,17.986173629760742,18.00288042904717,17.96946523707429,17.977819433417515,772400
2013-10-03,17.969465255737305,18.00288044774489,17.936048470329688,17.994527844793016,1360200
2013-10-04,18.053009033203125,18.06136323113181,17.986177043173974,18.002883845631015,445500
2013-10-07,18.002880096435547,18.05300527356882,17.994527493646665,18.011234292624426,1020300
2013-10-08,18.0112361907959,18.027944584934524,17.97782099591881,18.002881993726586,935000
2013-10-09,18.094778060913086,18.144901654064007,18.08642386315455,18.11148645643016,1066900
2013-10-10,18.12819480895996,18.153255808775846,18.094778018005055,18.136547413298395,3259800
2013-10-11,18.094778060913086,18.12819485194723,18.069715467637476,18.08642386315455,883300
2013-10-14,18.06136131286621,18.078068113548852,18.03629872174201,18.053007115824812,323200
2013-10-15,18.12819480895996,18.161610006514575,18.103132215743784,18.153255808775846,624900
2013-10-16,18.119840621948242,18.18667261049732,18.08642383097355,18.08642383097355,706700
2013-10-17,17.919340133666992,17.96110951844295,17.919340133666992,17.94440112717261,1094000
2013-10-18,17.919340133666992,17.93604693153744,17.902631742396654,17.92769273590227,497500
2013-10-21,17.936052322387695,17.961114916826006,17.91934551949586,17.961114916826006,288300
2013-10-22,17.835800170898438,17.894277948256804,17.81909177925321,17.894277948256804,1984700
2013-10-23,17.84415626525879,17.85251046197025,17.8190936751244,17.835802068547327,2519600
2013-10-24,17.819095611572266,17.835804006810935,17.81074141395293,17.81074141395293,490000
2013-10-25,17.82744789123535,17.835802087955905,17.810739497794245,17.82744789123535,290700
2013-10-28,17.860864639282227,17.869218836729907,17.827449442891737,17.85251203523478,798000
2013-10-29,17.91098976135254,17.936050760207735,17.844157775404963,17.877572971678635,1168300
2013-10-30,17.94440460205078,17.98617558831545,17.877572617427507,17.910989406439246,1204200
2013-10-31,18.069713592529297,18.069713592529297,17.98617481041341,18.002881610796507,1646900
2013-11-01,18.16996192932129,18.186670322706803,18.13654514255026,18.14489933924302,2661500
2013-11-04,18.119840621948242,18.153255819522634,18.119840621948242,18.144901621778963,583100
2013-11-05,18.161609649658203,18.186672242381928,18.153255452083627,18.153255452083627,439700
2013-11-06,18.103130340576172,18.128192931196303,18.086421946829415,18.11148453744955,898800
2013-11-07,18.186668395996094,18.28691555888872,18.153251612765267,18.27020876067323,2729200
2013-11-08,18.295272827148438,18.345396417012353,18.270211828916576,18.27856443272707,689600
2013-11-11,18.24515151977539,18.270214114542807,18.236797321519585,18.261859916287,309200
2013-11-12,18.253503799438477,18.27856479817138,18.228441207305345,18.261857996816186,410800
2013-11-13,18.211732864379883,18.28691904759303,18.19502606297714,18.236795456584343,937600
2013-11-14,18.211732864379883,18.253503851387315,18.186671865575654,18.236795456584343,662700
2013-11-15,18.178316116333008,18.211731309686144,18.178316116333008,18.195024509709622,503700
2013-11-18,18.153255462646484,18.169963857805357,18.111486068149567,18.12819446330844,384100
2013-11-19,18.144899368286133,18.178316155110647,18.12819256827397,18.161607761698388,265800
2013-11-20,18.228439331054688,18.25350192060813,18.103129570087596,18.11148376660541,537100
2013-11-21,18.228439331054688,18.25350192060813,18.21173093801906,18.2367935275725,441200
2013-11-22,18.153255462646484,18.178318055384793,18.14490126506705,18.169963857805357,548000
2013-11-25,18.178316116333008,18.220085506374453,18.178316116333008,18.20337870639793,310400
2013-11-26,18.119840621948242,18.195026808240996,18.119840621948242,18.17831841275365,280100
2013-11-27,18.144899368286133,18.161607761698388,18.111484174861715,18.119838371567845,265800
2013-11-29,18.12819480895996,18.136547413298395,18.08642382026633,18.103132215743784,314400
2013-12-02,18.186668395996094,18.1950225918038,18.161605808572975,18.186668395996094,481300
2013-12-03,18.12819480895996,18.14490161103712,18.08642382026633,18.136547413298395,298900
2013-12-04,18.119840621948242,18.18667261049732,18.094778028717226,18.17831841275365,919600
2013-12-05,18.027942657470703,18.094774633479677,18.027942657470703,18.086420437303556,625800
2013-12-06,18.027942657470703,18.069712044951313,18.027942657470703,18.06135944217519,323900
2013-12-09,18.0112361907959,18.036298782003836,18.002881993726586,18.036298782003836,561800
2013-12-10,17.961111068725586,17.97781946143808,17.94440267601309,17.961111068725586,524600
2013-12-11,17.9527587890625,17.986175578055175,17.919343593470025,17.9527587890625,950300
2013-12-12,18.019590377807617,18.02794457487227,17.96946678881988,17.986175182949182,569000
2013-12-13,18.027942657470703,18.053005245999067,18.019588461294582,18.019588461294582,617400
2013-12-16,17.994529724121094,18.01123652516971,17.969467132447875,17.994529724121094,607100
2013-12-17,17.994529724121094,18.036299116842933,17.969467132447875,18.019590722394117,441300
2013-12-18,18.069713592529297,18.094776183204143,17.91934282868062,17.98617481041341,2020800
2013-12-19,18.11148452758789,18.12819292132555,18.094776133850235,18.10313033071906,1888400
2013-12-20,18.094778060913086,18.136547456305472,18.069715467637476,18.136547456305472,1297400
2013-12-23,18.06136131286621,18.069713916507453,18.03629872174201,18.06136131286621,333000
2013-12-24,18.078067779541016,18.103130370202162,18.069713582653964,18.094776173315115,333400
2013-12-26,18.069713592529297,18.086421986312526,18.069713592529297,18.069713592529297,270500
2013-12-27,18.036300659179688,18.053009055057284,17.961114471130834,17.97782286700843,794800
2013-12-30,17.9527587890625,17.99452977530334,17.936050394566163,17.99452977530334,968300
2013-12-31,17.97782325744629,18.00288425840662,17.95276066308559,17.97782325744629,656900
2014-01-02,18.086421966552734,18.119838754082686,18.078067769670245,18.10313036031771,1220400
2014-01-03,18.161609649658203,18.16996384723278,18.111486057611014,18.11984025518559,968800
2014-01-06,18.11148452758789,18.16160811540074,18.078067740112576,18.15325391853191,707400
2014-01-07,18.161609649658203,18.17831804480735,18.11984025518559,18.128194452760162,947700
2014-01-08,18.195026397705078,18.228441594525524,18.1532554099292,18.178318002594725,1141700
2014-01-09,18.178316116333008,18.211731309686144,18.1699619196447,18.20337870639793,651800
2014-01-10,18.103130340576172,18.14489973154293,18.061360949609412,18.14489973154293,486200
2014-01-13,18.06136131286621,18.111484901714455,18.06136131286621,18.094776507631654,541100
2014-01-14,18.094778060913086,18.10313225867162,18.061362863279236,18.08642386315455,509400
2014-01-15,18.178316116333008,18.211731309686144,18.1699619196447,18.186670313021313,453600
2014-01-16,18.161609649658203,18.186672242381928,18.128194452760162,18.136547056934475,638200
2014-01-17,18.228439331054688,18.245147724090316,18.178315745347863,18.19502413838349,1170200
2014-01-21,18.195026397705078,18.2367957920807,18.186672200149903,18.228441594525524,581900
2014-01-22,18.2200870513916,18.2200870513916,18.18667185520494,18.18667185520494,347900
2014-01-23,18.036300659179688,18.10313264928974,18.036300659179688,18.094778451350944,1391300
2014-01-24,18.06136131286621,18.06136131286621,18.02794452470061,18.04465291878341,1208100
2014-01-27,18.06136131286621,18.069713916507453,18.02794452470061,18.04465291878341,946000
2014-01-28,18.069713592529297,18.086421986312526,18.044652595254583,18.044652595254583,448200
2014-01-29,18.069713592529297,18.086421986312526,18.044652595254583,18.044652595254583,903700
2014-01-30,18.186668395996094,18.203376787611507,18.144897416957562,18.161605808572975,2343900
2014-01-31,18.23679542541504,18.253503820189454,18.203380229266436,18.22844122802783,1531000
2014-02-03,18.178316116333008,18.228439703062758,18.161607722956393,18.211731309686144,1813700
2014-02-04,18.195026397705078,18.220087396970346,18.186672200149903,18.203380595260253,528000
2014-02-05,18.16996192932129,18.220085516077734,18.161607732628532,18.203378716092317,755800
2014-02-06,18.144899368286133,18.153253564992262,18.103129978155586,18.119838371567845,3575900
2014-02-07,18.086421966552734,18.136545554447533,18.078067769670245,18.128192950965175,369200
2014-02-10,18.069713592529297,18.094776183204143,18.061360989037812,18.086421986312526,697500
2014-02-11,18.069713592529297,18.086421986312526,18.027944201471353,18.069713592529297,594200
2014-02-12,18.086421966552734,18.119838754082686,18.078067769670245,18.1114845572002,523700
2014-02-13,17.986173629760742,18.011234625390397,17.986173629760742,18.00288042904717,2552100
2014-02-14,17.9527587890625,17.969467183558837,17.9527587890625,17.96111298631067,511900
2014-02-18,17.919340133666992,17.93604693153744,17.910985938031825,17.92769273590227,1244500
2014-02-19,17.969465255737305,17.977819452089207,17.927694273977785,17.936048470329688,589600
2014-02-20,17.994529724121094,18.019590722394117,17.969467132447875,17.986175526896687,378000
2014-02-21,17.97782325744629,18.00288425840662,17.95276066308559,18.00288425840662,958700
2014-02-24,17.969465255737305,18.00288044774489,17.952756863033496,17.977819452089207,464000
2014-02-25,17.94440460205078,17.977821391062516,17.91934360369218,17.936050404797847,438200
2014-02-26,18.0112361907959,18.036298782003836,17.994529390057437,18.002881993726586,389100
2014-02-27,17.97782325744629,18.019592654647084,17.96111486120582,18.019592654647084,255900
2014-02-28,17.860864639282227,17.902635626520635,17.835803640339417,17.869218836729907,603200
2014-03-03,17.92769432067871,17.936048517052377,17.87757073583675,17.89427912858408,877500
2014-03-04,17.94440460205078,17.96111299655665,17.910989406439246,17.91934360369218,295200
2014-03-05,17.936052322387695,17.961114916826006,17.91934551949586,17.961114916826006,392800
2014-03-06,17.835800170898438,17.869215360788964,17.810737583430598,17.86086116496635,1978100
2014-03-07,17.85251235961914,17.869219161417835,17.835803964420183,17.860864963818354,752100
2014-03-10,17.860864639282227,17.869218836729907,17.8441578377871,17.860864639282227,581600
2014-03-11,17.860864639282227,17.87757303417759,17.835803640339417,17.869218836729907,418700
2014-03-12,17.810741424560547,17.84415821505779,17.802387226936236,17.835804017433478,1455100
2014-03-13,17.819095611572266,17.835804006810935,17.752263624017857,17.768972019256527,878100
2014-03-14,17.777326583862305,17.810741781629183,17.743909792695124,17.810741781629183,215100
2014-03-17,17.760616302490234,17.79403149670915,17.743907908680708,17.78567889320452,456600
2014-03-18,17.768970489501953,17.802385683702262,17.760616292601842,17.777324686402064,1077000
2014-03-19,17.90263557434082,17.927696573210582,17.75226320752131,17.785679997214636,1102000
2014-03-20,17.961111068725586,17.986173657794332,17.936048479656844,17.961111068725586,595200
2014-03-21,17.936052322387695,17.9527607186799,17.91099132134976,17.936052322387695,601400
2014-03-24,17.885927200317383,17.961113383814673,17.852512003985385,17.961113383814673,448200
2014-03-25,17.894283294677734,17.961115287826654,17.869220699721737,17.927698494551993,312500
2014-03-26,17.894283294677734,17.936052692870657,17.88592909635907,17.927698494551993,175300
2014-03-27,17.94440460205078,17.952758799303716,17.90263520918631,17.936050404797847,403000
2014-03-28,17.94440460205078,17.96111299655665,17.91934360369218,17.927696207544912,337900
2014-03-31,17.92769432067871,17.944402713426044,17.89427912858408,17.936048517052377,320100
2014-04-01,17.92769432067871,17.936048517052377,17.89427912858408,17.910987521331414,198800
2014-04-02,17.961111068725586,17.969465265081833,17.927694283300596,17.94440267601309,306600
2014-04-03,18.0112361907959,18.027944584934524,18.002881993726586,18.0112361907959,363600
2014-04-04,17.994529724121094,18.036299116842933,17.986175526896687,18.002882327945304,658500
2014-04-07,17.9527587890625,17.969467183558837,17.936050394566163,17.96111298631067,294700
2014-04-08,17.835800170898438,17.86086116496635,17.81909177925321,17.84415436672105,1182400
2014-04-09,17.768970489501953,17.844156668202817,17.768970489501953,17.827448274402595,782400
2014-04-10,17.760616302490234,17.79403149670915,17.735553711775946,17.78567889320452,776400
2014-04-11,17.768970489501953,17.768970489501953,17.74390789880162,17.768970489501953,549600
2014-04-14,17.819095611572266,17.835804006810935,17.81074141395293,17.8274498091916,358200
2014-04-15,17.835800170898438,17.86086116496635,17.810737583430598,17.84415436672105,431100
2014-04-16,17.85251235961914,17.85251235961914,17.827449766820703,17.835803964420183,192500
2014-04-17,17.85251235961914,17.85251235961914,17.802387174022265,17.810741371621745,243900
2014-04-21,17.869218826293945,17.877573023736748,17.844157827365777,17.844157827365777,160300
2014-04-22,17.85251235961914,17.877573359017312,17.835803964420183,17.84415816201966,177300
2014-04-23,17.85251235961914,17.85251235961914,17.819095569221222,17.84415816201966,107500
2014-04-24,17.82744789123535,17.86921728143802,17.82744789123535,17.86921728143802,467800
2014-04-25,17.82744789123535,17.82744789123535,17.80238530107369,17.819093694514798,285800
2014-04-28,17.810741424560547,17.827449819809168,17.785680425087886,17.785680425087886,243500
2014-04-29,17.82744789123535,17.84415628467646,17.819093694514798,17.819093694514798,133800
2014-04-30,17.777326583862305,17.79403338604559,17.75226399048692,17.777326583862305,545500
2014-05-01,17.768970489501953,17.777324686402064,17.75226209570173,17.768970489501953,598500
2014-05-02,17.768970489501953,17.835802471302706,17.75226209570173,17.835802471302706,330900
2014-05-05,17.760616302490234,17.760616302490234,17.743907908680708,17.752262105585473,238000
2014-05-06,17.67707633972168,17.68543053682157,17.6603679455219,17.67707633972168,581200
2014-05-07,17.6854305267334,17.69378472382852,17.668722132543152,17.668722132543152,802800
2014-05-08,17.72719955444336,17.743907948290182,17.702138557073265,17.710492753996675,880100
2014-05-09,17.835800170898438,17.852508562543665,17.802383387607982,17.802383387607982,553000
2014-05-12,17.85251235961914,17.85251235961914,17.819095569221222,17.819095569221222,381800
2014-05-13,17.894283294677734,17.910991691315065,17.869220699721737,17.869220699721737,278500
2014-05-14,17.885927200317383,17.894281397750444,17.877573002884326,17.894281397750444,385000
2014-05-15,17.869218826293945,17.919344010950763,17.85251202480858,17.91098981350796,427900
2014-05-16,17.869218826293945,17.88592722117955,17.860864628851143,17.860864628851143,358700
2014-05-19,17.869218826293945,17.869218826293945,17.83580362992297,17.85251202480858,201900
2014-05-20,17.87757110595703,17.885925302503654,17.869216909410408,17.87757110595703,420800
2014-05-21,17.87757110595703,17.93604888838333,17.87757110595703,17.910987892143524,864300
2014-05-22,17.91098976135254,17.927696562789258,17.91098976135254,17.927696562789258,217700
2014-05-23,17.94440460205078,17.96111299655665,17.936050404797847,17.952758799303716,639100
2014-05-27,17.936052322387695,17.969469114972107,17.936052322387695,17.9444065205338,330200
2014-05-28,17.986173629760742,17.986173629760742,17.96946523707429,17.977819433417515,1722800
2014-05-29,17.97782325744629,17.986177455566523,17.936052266845124,17.969469059326055,384000
2014-05-30,17.936052322387695,17.961114916826006,17.92769812424159,17.936052322387695,248900
2014-06-02,18.002880096435547,18.002880096435547,17.961110708891148,17.986173297457785,1003500
2014-06-03,17.986173629760742,17.986173629760742,17.961111040731062,17.961111040731062,191700
2014-06-04,18.002880096435547,18.011234292624426,17.977819101268906,17.977819101268906,503600
2014-06-05,17.92769432067871,18.04465147651,17.919341717705077,18.04465147651,599300
2014-06-06,17.936052322387695,17.969469114972107,17.936052322387695,17.9527607186799,363900
2014-06-09,18.002880096435547,18.019588488813305,17.969464905080027,17.994527493646665,1982400
2014-06-10,18.036300659179688,18.044654857118484,18.011238065363294,18.01959226330209,393900
2014-06-11,18.036300659179688,18.036300659179688,18.002883867424494,18.002883867424494,200500
2014-06-12,17.994529724121094,18.01123652516971,17.97782132967228,18.002882327945304,4938800
2014-06-13,17.994529724121094,18.01123652516971,17.97782132967228,17.97782132967228,876400
2014-06-16,17.94440460205078,17.969467193809585,17.94440460205078,17.96111299655665,465900
2014-06-17,17.994529724121094,17.994529724121094,17.969467132447875,17.986175526896687,633900
2014-06-18,17.936052322387695,17.986177511264316,17.92769812424159,17.961114916826006,461600
2014-06-19,17.90263557434082,17.919343969187484,17.86921878464749,17.885927179494157,1804200
2014-06-20,17.91098976135254,17.944404957626208,17.91098976135254,17.936050760207735,606700
2014-06-23,17.87757110595703,17.919342088690147,17.87757110595703,17.9026336955969,1338500
2014-06-24,17.894283294677734,17.936052692870657,17.88592909635907,17.88592909635907,467300
2014-06-25,17.87757110595703,17.885925302503654,17.860862712863785,17.869216909410408,229300
2014-06-26,17.885927200317383,17.91934399004962,17.877573002884326,17.9026355951835,362800
2014-06-27,17.82744789123535,17.860863084717465,17.82744789123535,17.860863084717465,275400
2014-06-30,17.760616302490234,17.819094087423434,17.760616302490234,17.819094087423434,900200
2014-07-01,17.768970489501953,17.785678883302175,17.768970489501953,17.777324686402064,367700
2014-07-02,17.802385330200195,17.819093723668637,17.802385330200195,17.819093723668637,191300
2014-07-03,17.869218826293945,17.894281418622356,17.869218826293945,17.877573023736748,352800
2014-07-07,17.87757110595703,17.885925302503654,17.869216909410408,17.885925302503654,219800
2014-07-08,17.869218826293945,17.877573023736748,17.85251202480858,17.877573023736748,274300
2014-07-09,17.82744789123535,17.877571478158572,17.819093694514798,17.860863084717465,1009400
2014-07-10,17.85251235961914,17.869219161417835,17.84415816201966,17.85251235961914,695100
2014-07-11,17.860864639282227,17.87757303417759,17.85251203523478,17.860864639282227,373800
2014-07-14,17.85251235961914,17.869219161417835,17.85251235961914,17.869219161417835,307200
2014-07-15,17.91098976135254,17.919343958771012,17.85251197282344,17.86086457684168,595600
2014-07-16,17.9527587890625,17.9527587890625,17.936050394566163,17.9527587890625,591700
2014-07-17,17.94440460205078,17.96111299655665,17.927696207544912,17.94440460205078,862100
2014-07-18,17.94440460205078,17.977821391062516,17.936050404797847,17.969467193809585,1315700
2014-07-21,17.936052322387695,17.961114916826006,17.936052322387695,17.9444065205338,3294900
2014-07-22,17.994529724121094,18.01123652516971,17.986175526896687,17.986175526896687,436200
2014-07-23,18.002880096435547,18.019588488813305,17.986173297457785,17.986173297457785,2365200
2014-07-24,18.027942657470703,18.027942657470703,18.01123426511846,18.01123426511846,216500
2014-07-25,18.06136131286621,18.069713916507453,18.03629872174201,18.053007115824812,337800
2014-07-28,18.06136131286621,18.06136131286621,18.04465291878341,18.06136131286621,176500
2014-07-29,18.094778060913086,18.10313225867162,18.07806966539601,18.07806966539601,293700
2014-07-30,18.136547088623047,18.169963878979733,18.11984028684497,18.15325548380139,3327900
2014-07-31,18.161609649658203,18.161609649658203,18.136547056934475,18.153255452083627,820900
2014-08-01,18.136547088623047,18.144901286212217,18.08642349648828,18.12819448443414,1786300
2014-08-04,18.12819480895996,18.12819480895996,18.11148641348251,18.119840611221235,787500
2014-08-05,18.16996192932129,18.186670322706803,18.153253535935775,18.161607732628532,529100
2014-08-06,18.144899368286133,18.195024548522905,18.136545171580003,18.195024548522905,1290300
2014-08-07,18.16996192932129,18.203378716092317,18.161607732628532,18.161607732628532,1517300
2014-08-08,18.12819480895996,18.14490161103712,18.094778018005055,18.14490161103712,904000
2014-08-11,18.136547088623047,18.144901286212217,18.136547088623047,18.136547088623047,169900
2014-08-12,18.153255462646484,18.178318055384793,18.14490126506705,18.16160966022592,320800
2014-08-13,18.16996192932129,18.19502451939956,18.13654514255026,18.14489933924302,306000
2014-08-14,18.161609649658203,18.17831804480735,18.128194452760162,18.14490125450905,439400
2014-08-15,18.12819480895996,18.153255808775846,18.119840611221235,18.136547413298395,418100
2014-08-18,18.161609649658203,18.16996384723278,18.136547056934475,18.136547056934475,194800
2014-08-19,18.228439331054688,18.2367935275725,18.21173093801906,18.21173093801906,342200
2014-08-20,18.311981201171875,18.320335398373253,18.253503414162413,18.253503414162413,885900
2014-08-21,18.28691864013672,18.311981231782752,18.278564442921375,18.30362703456741,306600
2014-08-22,18.32868766784668,18.353748663414823,18.28691668623307,18.28691668623307,1079100
2014-08-25,18.378812789916992,18.378812789916992,18.35375019885214,18.378812789916992,496600
2014-08-26,18.39552116394043,18.412229557965478,18.3537501788778,18.362104375890326,969600
2014-08-27,18.353748321533203,18.37881091003452,18.337041522598984,18.370456713867416,1081800
2014-08-28,18.353748321533203,18.395519302368733,18.3453941253661,18.395519302368733,561700
2014-08-29,18.39552116394043,18.412229557965478,18.337043378252904,18.37045857290285,756000
2014-09-02,18.453998565673828,18.479061156189953,18.44564436883512,18.470706959351244,2210600
2014-09-03,18.43729019165039,18.45399858534562,18.428935994802778,18.43729019165039,884600
2014-09-04,18.629432678222656,18.6628494669392,18.537539696052537,18.537539696052537,1796000
2014-09-05,18.629432678222656,18.646141072580928,18.596017482906298,18.629432678222656,763300
2014-09-08,18.738035202026367,18.771450396547156,18.671203219584637,18.679557416564872,1138800
2014-09-09,18.70461654663086,18.78815691469236,18.69626235048471,18.77980271854621,1404100
2014-09-10,18.738035202026367,18.771450396547156,18.72968100504613,18.771450396547156,758500
2014-09-11,18.754745483398438,18.763098087819102,18.72132869211455,18.72968288993552,622200
2014-09-12,18.738035202026367,18.77980459352739,18.696264217125194,18.763096199566924,633100
2014-09-15,18.738035202026367,18.746389399006603,18.721326808065896,18.738035202026367,917700
2014-09-16,18.70461654663086,18.738033331215455,18.654492963153952,18.729679135069308,1488200
2014-09-17,18.821577072143555,18.838283874029756,18.679558899009038,18.687913096652277,2058700
2014-09-18,18.738035202026367,18.788158790507627,18.72968100504613,18.771450396547156,1146700
2014-09-19,18.838285446166992,18.854993842847858,18.796516047865232,18.796516047865232,4859200
2014-09-22,18.821577072143555,18.871700664602713,18.821577072143555,18.838283874029756,1261500
2014-09-23,18.821577072143555,18.846638071672995,18.77145188628412,18.788160281570597,716900
2014-09-24,18.90511703491211,18.92182543123541,18.880056033827533,18.888410231989184,1746800
2014-09-25,18.938533782958984,18.988657378410473,18.92182538667503,18.980303180268496,4432700
2014-09-26,19.047130584716797,19.055484780846758,18.98029860907709,18.98865280520705,1206900
2014-09-29,19.030426025390625,19.047132826216647,19.00536343405133,19.022071828277525,1324300
2014-09-30,19.105613708496094,19.139028906176122,19.08890531295593,19.139028906176122,2182500
2014-10-01,19.088903427124023,19.139027015392404,19.06384083628976,19.1223186215029,2711200
2014-10-02,19.030426025390625,19.080549614669042,18.988655039825133,19.022071828277525,2002000
2014-10-03,19.28104591369629,19.28104591369629,19.22256812624776,19.230922323511866,4528100
2014-10-06,19.0638427734375,19.23092354250999,19.030427575663182,19.222569344716337,2433400
2014-10-07,19.030426025390625,19.09725800889524,19.00536343405133,19.047132826216647,1793900
2014-10-08,18.94688606262207,19.088904229854784,18.930177668029938,19.038780639478592,5304300
2014-10-09,19.00536346435547,19.038780252861148,18.930177283617873,18.95523987499713,2343300
2014-10-10,19.097259521484375,19.105613719259164,19.047134334835643,19.080551125934797,5000900
2014-10-13,18.98865509033203,19.030426076008627,18.980300893196713,18.997009287467353,1278100
2014-10-14,19.072193145751953,19.088901537987912,19.02206956244406,19.047130557398013,1088200
2014-10-15,18.8716983795166,18.955238752433203,18.75474281347341,18.888406772779938,3995200
2014-10-16,18.8716983795166,18.946884555801535,18.821574793126672,18.91346776927486,2590000
2014-10-17,18.93017578125,18.9385299777134,18.871697999406255,18.880052195869652,774900
2014-10-20,18.863346099853516,18.92182388881786,18.85499190237286,18.92182388881786,632500
2014-10-21,18.963594436645508,18.963594436645508,18.913469252923477,18.913469252923477,975900
2014-10-22,19.047130584716797,19.06383897697672,19.013715393596936,19.030423785856858,1199500
2014-10-23,19.0638427734375,19.088905366818466,19.04713437785019,19.04713437785019,1654900
2014-10-24,19.030426025390625,19.047132826216647,18.988655039825133,19.022071828277525,760600
2014-10-27,18.980300903320312,19.022071889019188,18.963594102440943,19.013717691879414,1045400
2014-10-28,18.94688606262207,18.980301258406126,18.930177668029938,18.938531865326002,824900
2014-10-29,19.088903427124023,19.105611821013532,18.905114281139717,18.94688526586349,4131300
2014-10-30,19.139028549194336,19.139028549194336,19.088904956909047,19.130674351580076,1385100
2014-10-31,19.289400100708008,19.356232085385116,19.27269170618868,19.33952369086579,2494300
2014-11-03,19.38129234313965,19.406353338500427,19.356229754378862,19.364583950632458,3115800
2014-11-04,19.33116912841797,19.38129431102903,19.289399736308923,19.372940113927186,961900
2014-11-05,19.42306137084961,19.45647815524435,19.39799878255355,19.448123959145665,1306900
2014-11-06,19.55672836303711,19.565082560435016,19.464833785060357,19.473187982458263,2041900
2014-11-07,19.439775466918945,19.52331585901761,19.41471287126921,19.514961660467698,2449300
2014-11-10,19.498249053955078,19.50660325070143,19.406354483145318,19.414708679891667,3801400
2014-11-11,19.42306137084961,19.51495593453517,19.38129198375616,19.4982475423378,1471200
2014-11-12,19.48989486694336,19.51495745719493,19.42306288633927,19.43977127984032,881500
2014-11-13,19.473186492919922,19.498249083196562,19.44812549604339,19.464832296161042,1127000
2014-11-14,19.42306137084961,19.581787909924675,19.389644586454867,19.573433713825988,1879500
2014-11-17,19.5233154296875,19.5233154296875,19.481544437856513,19.481544437856513,941000
2014-11-18,19.43141746520996,19.464832659469064,19.423063268295152,19.43141746520996,2395500
2014-11-19,19.464832305908203,19.47318650267127,19.381293525077783,19.431417112256057,1783800
2014-11-20,19.439775466918945,19.481544866268052,19.41471287126921,19.431421268369032,1938900
2014-11-21,19.598495483398438,19.615203876256246,19.540017701796145,19.540017701796145,1371800
2014-11-24,19.548372268676758,19.59849585480001,19.540018072089538,19.59849585480001,647100
2014-11-25,19.506601333618164,19.573433307620714,19.48153874584223,19.573433307620714,2760200
2014-11-26,19.44812774658203,19.473188746358623,19.406356757953887,19.464834548632997,1043100
2014-11-28,19.60685157775879,19.60685157775879,19.51495859494574,19.51495859494574,652300
2014-12-01,19.514955520629883,19.523309716551378,19.473184541022402,19.49824712878689,755600
2014-12-02,19.673683166503906,19.673683166503906,19.61520538041734,19.631913774556406,884000
2014-12-03,19.732160568237305,19.74886736730168,19.707097979540727,19.732160568237305,1289900
2014-12-04,19.6569766998291,19.69039189527495,19.56508212390268,19.67368350085193,2190000
2014-12-05,19.807348251342773,19.84076504150796,19.782287252119136,19.782287252119136,976700
2014-12-08,19.76557731628418,19.824055101114585,19.71545372834385,19.807346707334432,1889500
2014-12-09,19.673683166503906,19.68203736357344,19.540019200191704,19.64026797162594,1616200
2014-12-10,19.565082550048828,19.648622930583326,19.548374155261882,19.63191453579638,980100
2014-12-11,19.640268325805664,19.682037718506407,19.631914128585475,19.64862252302585,2236800
2014-12-12,19.573434829711914,19.606850022611685,19.531663846837112,19.556726436561995,1318500
2014-12-15,19.615205764770508,19.63191415923697,19.548373780304857,19.606851567537277,1093700
2014-12-16,19.473186492919922,19.54001847359086,19.43977129928451,19.44812549604339,1392600
2014-12-17,19.7154541015625,19.748869296355235,19.52331234965384,19.540019150350123,2199500
2014-12-18,19.773929595947266,19.807344786867596,19.757221203787115,19.782283792027343,1398100
2014-12-19,19.85746955871582,19.865823754625666,19.74886660528779,19.773929193017324,1562600
2014-12-22,19.874183654785156,19.890890458000055,19.824058464939256,19.857475258169856,1002000
2014-12-23,19.974428176879883,19.974428176879883,19.941012981517655,19.974428176879883,876100
2014-12-24,19.949363708496094,19.949363708496094,19.924302712682177,19.94101110549148,231500
2014-12-26,19.957721710205078,19.974430106200142,19.949367512207544,19.949367512207544,400400
2014-12-29,20.007844924926758,20.024551725873778,19.932658743764513,19.949365544711533,924000
2014-12-30,19.957721710205078,19.957721710205078,19.915952313617762,19.932660709612826,1883200
2014-12-31,20.024551391601562,20.03290558863571,19.966073605762702,19.982781999830994,2858800
2015-01-02,20.216697692871094,20.216697692871094,20.141511501969475,20.149865700225256,1887600
2015-01-05,20.258464813232422,20.308588403731658,20.233402221282695,20.308588403731658,2855500
2015-01-06,20.30023193359375,20.308586129974987,20.208338960200223,20.30023193359375,2262700
2015-01-07,20.37541961669922,20.44225159929888,20.333650225099486,20.408836404699127,2384600
2015-01-08,20.458959579467773,20.467313776298766,20.40048179505094,20.458959579467773,1685500
2015-01-09,20.3670654296875,20.467314200336233,20.350358629079505,20.467314200336233,2320100
2015-01-12,20.3670654296875,20.417190611711945,20.350358629079505,20.40883641470787,1938700
2015-01-13,20.425546646118164,20.467316041495792,20.392129855095824,20.44225344822904,1003700
2015-01-14,20.383773803710938,20.40883639469859,20.33365021513579,20.350358609127557,1373300
2015-01-15,20.450607299804688,20.534147682546102,20.38377531229161,20.408837905134117,2587500
2015-01-16,20.542497634887695,20.66780738640341,20.50908085133687,20.5508518307754,3106100
2015-01-20,20.626039505004883,20.634393701502017,20.550853329930742,20.559207526427873,1526900
2015-01-21,20.56756591796875,20.617689513774902,20.40883933894882,20.46731713295606,2895500
2015-01-22,20.87666130065918,20.893369695473687,20.626041752042475,20.684519540493024,3542900
2015-01-23,21.060447692871094,21.060447692871094,20.935137925527503,21.05209508932831,2381900
2015-01-26,21.027034759521484,21.052097353045223,20.976911165874323,21.052097353045223,2516900
2015-01-27,20.8265380859375,20.885015875444704,20.759706098872087,20.85159908521187,2282400
2015-01-28,20.95184898376465,20.96855737977523,20.83489339849127,20.87666279511738,1987000
2015-01-29,20.968555450439453,21.043741632168775,20.88501507147352,20.935138661493003,1564500
2015-01-30,20.993616104125977,21.0186786954244,20.968555106227726,20.993616104125977,1740900
2015-02-02,20.95184898376465,20.97691157778052,20.90172538913325,20.96855737977523,1816100
2015-02-03,20.70958137512207,20.82653694774473,20.62604099750581,20.809828553541443,4196800
2015-02-04,20.83489418029785,20.843248378616625,20.7597079888293,20.7597079888293,1158600
2015-02-05,20.684518814086914,20.776413388939297,20.65945622274531,20.75970499471156,922900
2015-02-06,20.935138702392578,20.960201294151382,20.868306717769304,20.885015112275173,2861900
2015-02-09,20.918432235717773,20.93513903709054,20.868307051398798,20.92678483970404,1661800
2015-02-10,20.943490982055664,20.96855357151973,20.91842998599165,20.943490982055664,1133800
2015-02-11,21.018678665161133,21.035387059336024,20.960200878949188,20.968555076036633,2328700
2015-02-12,20.818180084228516,20.901720451144836,20.77641069747034,20.88501205908158,1878600
2015-02-13,20.80982780456543,20.826536198167357,20.759704217159765,20.793119410963502,1038800
2015-02-17,20.78476333618164,20.843242708504555,20.76805653748935,20.77641073353548,754000
2015-02-18,20.793119430541992,20.90172239565666,20.76805843351562,20.818182020968482,1736200
2015-02-19,20.86830711364746,20.86830711364746,20.818183522579197,20.83489191740203,523800
2015-02-20,20.85159683227539,20.95184559874214,20.78476485243092,20.935137205430998,1902500
2015-02-23,20.910076141357422,20.935137137843135,20.876659354843028,20.893367748100225,2062500
2015-02-24,20.86830711364746,20.98526428400705,20.859952916236043,20.918432298115956,1096300
2015-02-25,20.8265380859375,20.91007846811933,20.809829690821083,20.843246481053917,1104000
2015-02-26,21.04374122619629,21.06880222402246,20.95184665176656,20.960200848842003,1625200
2015-02-27,21.052095413208008,21.077156411022198,21.01032442785075,21.052095413208008,2502900
2015-03-02,21.09386444091797,21.102218637845162,21.01867826197338,21.043740852754954,2238700
2015-03-03,21.08551025390625,21.09386445083737,21.010324074926302,21.068801860044008,1175900
2015-03-04,21.194114685058594,21.227529881691826,21.135635302500006,21.135635302500006,1635700
2015-03-05,21.294361114501953,21.336132100565038,21.244237524626442,21.286006917289335,1929500
2015-03-06,21.55333709716797,21.57004549333175,21.51156770015887,21.51156770015887,3306000
2015-03-09,21.55333709716797,21.578399691413644,21.51156770015887,21.536630294404546,2286300
2015-03-10,21.778892517089844,21.787246713964155,21.636874357026805,21.703706338621167,4272800
2015-03-11,22.021160125732422,22.054575320860604,21.895848762151253,21.929265550679613,3921600
2015-03-12,21.90420150756836,21.94597249046041,21.845723724919562,21.8791405112332,2784500
2015-03-13,22.129758834838867,22.13811303096421,21.971032295257316,21.971032295257316,3128100
2015-03-16,21.962684631347656,22.021162423975152,21.90420524531982,21.987745631959246,3028400
2015-03-17,21.971033096313477,21.97938729274341,21.87078592595435,21.904201118274045,2263500
2015-03-18,21.53662872314453,21.971035837907074,21.528274525672142,21.971035837907074,6037600
2015-03-19,21.8624324798584,21.91255606675824,21.778892106091934,21.795600499525246,3046600
2015-03-20,21.570043563842773,21.67029233845763,21.461442185293546,21.620167154450094,5947100
2015-03-23,21.336130142211914,21.45308570565331,21.319421749320274,21.369545334595152,4322300
2015-03-24,21.402963638305664,21.453087227135374,21.352838456075794,21.352838456075794,1700100
2015-03-25,21.344482421875,21.3611908145135,21.277650444721026,21.277650444721026,5766300
2015-03-26,21.41967010498047,21.486502086844677,21.269297747435967,21.294360338160097,1953900
2015-03-27,21.436378479003906,21.469795266605225,21.352838103400746,21.444732675904234,1464600
2015-03-30,21.603458404541016,21.611812601122054,21.511563835549673,21.55333322505479,2087300
2015-03-31,21.636873245239258,21.720413616289612,21.54498027114391,21.70370522339953,2205300
2015-04-01,21.64522933959961,21.703707126442342,21.58675155275688,21.603459947111997,1787000
2015-04-02,21.4781494140625,21.494857809064243,21.42802582245752,21.469796809961878,2079800
2015-04-06,21.31106948852539,21.386255669966772,21.185759717256484,21.21917491267477,4332500
2015-04-07,21.55333709716797,21.561691295249858,21.42802731274032,21.4865051059132,3336400
2015-04-08,21.58675193786621,21.61181452984601,21.428025375461253,21.428025375461253,1595900
2015-04-09,21.81231117248535,21.837372171854255,21.62852201231196,21.645230407491407,5820800
2015-04-10,21.8624324798584,21.904201870041582,21.820663089675215,21.8624324798584,2372800
2015-04-13,21.895851135253906,21.920913729366493,21.86243593650414,21.904205333291436,3787600
2015-04-14,21.728771209716797,21.737125407467897,21.636876627855003,21.737125407467897,1565500
2015-04-15,21.628520965576172,21.803955919669473,21.60345996742012,21.728769738400942,1838800
2015-04-16,21.461442947387695,21.620167922180556,21.402965157369245,21.53662913266864,2882400
2015-04-17,21.411314010620117,21.494854378897134,21.394607211684708,21.486500182729433,1840500
2015-04-20,21.53662872314453,21.570043919633846,21.494857735782585,21.53662872314453,1430500
2015-04-21,21.561687469482422,21.63687364547853,21.46979449368724,21.628519448878954,1709900
2015-04-22,21.561687469482422,21.58675005928115,21.51991807988462,21.528272276484195,693600
2015-04-23,21.402963638305664,21.561688601833108,21.361192653114106,21.544981801156645,1236700
2015-04-24,21.31942367553711,21.411316657943605,21.286006886734608,21.31942367553711,2295700
2015-04-27,21.252592086791992,21.35283926826447,21.20246690265553,21.32777826959646,2261800
2015-04-28,21.118927001953125,21.210819981222528,21.09386441120685,21.210819981222528,3006600
2015-04-29,20.935138702392578,21.00197068701585,20.801474733146033,20.993616489762918,6270900
2015-04-30,20.80982780456543,20.968554356983503,20.768058413960727,20.943491766580614,4334100
2015-05-01,20.910076141357422,20.96855392435753,20.784764785328527,20.809827375214322,3059800
2015-05-04,20.968555450439453,21.001970645985708,20.943492858729613,20.943492858729613,1788900
2015-05-05,20.910076141357422,21.00196911747184,20.86830515821443,20.96855392435753,4566800
2015-05-06,20.676164627075195,20.759705004854524,20.626041037767667,20.742996610618622,4300300
2015-05-07,20.78476333618164,20.826534316412292,20.742993949350957,20.75970234144322,5211300
2015-05-08,20.80982780456543,20.876659785573022,20.759704217159765,20.77641261076169,2066800
2015-05-11,20.87666130065918,20.90172389288094,20.843246104430392,20.893369695473687,1624500
2015-05-12,20.759706497192383,20.768060694910886,20.701228706563153,20.759706497192383,1658100
2015-05-13,20.575918197631836,20.634397584115376,20.51744040454865,20.61768918797722,3241200
2015-05-14,20.509082794189453,20.584268970901356,20.46731340419399,20.46731340419399,2641300
2015-05-15,20.475666046142578,20.617684192103745,20.442249261963497,20.600975800014204,2638400
2015-05-18,20.676164627075195,20.692873021311097,20.575915855059964,20.575915855059964,1648900
2015-05-19,20.918432235717773,20.960201629250026,20.893369643558284,20.93513903709054,2874900
2015-05-20,20.960201263427734,21.027033247953046,20.91843187062449,20.97690965790911,3120700
2015-05-21,20.926786422729492,20.960203214803318,20.90172542207447,20.935140620747948,1373500
2015-05-22,21.118927001953125,21.13563380238384,21.068801820460575,21.068801820460575,2198500
2015-05-26,21.352840423583984,21.377903017008254,21.294362632327662,21.32777942356002,3438300
2015-05-27,21.361194610595703,21.453089193037943,21.32777941278054,21.444734995234075,2553500
2015-05-28,21.302715301513672,21.44473346725977,21.27765270988782,21.394609877408264,2598500
2015-05-29,21.26930046081543,21.327779846632094,21.23588526232053,21.294363054736856,1380600
2015-06-01,21.394611358642578,21.444734951964342,21.277654183024726,21.294362578598747,1924200
2015-06-02,21.068801879882812,21.13563386199457,20.99361570083207,21.127281258455724,2613000
2015-06-03,20.926786422729492,21.060450404224106,20.90172542207447,21.060450404224106,2798100
2015-06-04,20.95184898376465,20.96855737977523,20.8599543991068,20.93514058775407,2653700
2015-06-05,21.13563346862793,21.26929743036375,21.10221827489403,21.252590630196856,9123700
2015-06-08,20.893367767333984,21.04374011998702,20.876659374061404,21.02703172671444,2181900
2015-06-09,20.86830711364746,20.960201691772802,20.843246114813443,20.92678490212714,1720800
2015-06-10,20.75135040283203,20.809828188116477,20.709581011457466,20.717933615012264,3695600
2015-06-11,20.80982780456543,20.926783372978687,20.793119410963502,20.876659785573022,2166800
2015-06-12,20.793119430541992,20.89336819884783,20.75135003989796,20.876659805230172,1882300
2015-06-15,20.77641487121582,20.893370452353736,20.76806067350593,20.893370452353736,3983700
2015-06-16,20.818180084228516,20.85994947098669,20.79311749613363,20.818180084228516,2510200
2015-06-17,20.6343936920166,20.859950623735283,20.609331102536725,20.776411845602468,3489300
2015-06-18,20.56756591796875,20.63439791017708,20.500733925760418,20.509086530561124,3449400
2015-06-19,20.617687225341797,20.642748223763068,20.58427043624649,20.617687225341797,1866100
2015-06-22,20.659456253051758,20.676164647304006,20.559209074338625,20.60933266369519,4485400
2015-06-23,20.901721954345703,20.935137147475388,20.834889974686245,20.926782950842945,2062300
2015-06-24,20.85995101928711,20.910076199197352,20.826535826080367,20.893367805893938,1201100
2015-06-25,20.8265380859375,20.868307480328287,20.81818388837929,20.843246481053917,2613500
2015-06-26,20.885013580322266,20.943491363403155,20.851596793761708,20.910076170242682,1349400
2015-06-29,20.76805877685547,20.935137935593882,20.717933595173815,20.9100769381532,3796100
2015-06-30,20.910076141357422,20.943491334471734,20.801473178585724,20.809827375214322,7634100
2015-07-01,21.0771541595459,21.093862551904,20.985261188376334,21.01867637969254,2330200
2015-07-02,21.027034759521484,21.043743155203977,20.985265363715566,21.03538895736273,3496800
2015-07-06,21.068801879882812,21.127281258455724,21.010324094710043,21.127281258455724,1954800
2015-07-07,21.13563346862793,21.26929743036375,21.093864078110528,21.252590630196856,3097000
2015-07-08,21.052095413208008,21.118927396379455,21.035387019065105,21.068802213950743,1298400
2015-07-09,21.118927001953125,21.16905059004554,21.06044762354515,21.068801820460575,3374900
2015-07-10,20.968555450439453,21.027033237695548,20.91007766318336,20.91843186041997,2044100
2015-07-13,21.177406311035156,21.18576050855181,21.102220126785543,21.127282719335497,1643500
2015-07-14,21.14398765563965,21.160696049198933,21.085509871582268,21.085509871582268,612000
2015-07-15,21.235883712768555,21.277653106189412,21.210821120675906,21.210821120675906,1598600
2015-07-16,21.352840423583984,21.361194621392073,21.26930003890339,21.352840423583984,2289000
2015-07-17,21.402963638305664,21.402963638305664,21.361192653114106,21.361192653114106,1151700
2015-07-20,21.411314010620117,21.43637659912322,21.369544623181604,21.42802240295552,2512700
2015-07-21,21.260944366455078,21.38625412869311,21.227527580044896,21.377899932090564,2840400
2015-07-22,21.31106948852539,21.377901472762154,21.31106948852539,21.336132080139247,1785000
2015-07-23,21.227527618408203,21.29435959794927,21.20246502855527,21.29435959794927,3810000
2015-07-24,21.260944366455078,21.311067952670275,21.227527580044896,21.311067952670275,743400
2015-07-27,21.09386444091797,21.102218637845162,21.035386655827764,21.077156047063585,5693200
2015-07-28,21.11057472229004,21.177406710282952,21.11057472229004,21.160698314934653,2007400
2015-07-29,21.227527618408203,21.252590208261132,21.052094269637923,21.143987245631845,1706900
2015-07-30,21.31106948852539,21.369547275557533,21.302715291320773,21.302715291320773,2261100
2015-07-31,21.24423599243164,21.26929698886183,21.052094250599836,21.068801050419935,1651200
2015-08-03,21.294361114501953,21.311069508927186,21.244237524626442,21.2692985228641,1996500
2015-08-04,21.402963638305664,21.411316241943815,21.25259127841637,21.286006473169458,1009500
2015-08-05,21.394611358642578,21.453089149751353,21.34448617192051,21.386257160855568,884200
2015-08-06,21.352840423583984,21.402965610432524,21.33613362136811,21.402965610432524,1835600
2015-08-07,21.31942367553711,21.46144184114736,21.294361083935236,21.444733446746106,1993200
2015-08-10,21.21917152404785,21.336128672834686,21.185756333965855,21.327774476964205,1613700
2015-08-11,21.21917152404785,21.260942503400273,21.15233955048392,21.160693746354404,5032700
2015-08-12,20.993616104125977,21.043741286722817,20.93513831782983,21.043741286722817,2714900
2015-08-13,21.027034759521484,21.118929342374877,21.027034759521484,21.077158353168645,1704900
2015-08-14,21.08551025390625,21.102218647768492,21.010324074926302,21.052095059581905,5183200
2015-08-17,21.118927001953125,21.160696393130113,21.068801820460575,21.068801820460575,865800
2015-08-18,21.169052124023438,21.18576051906503,21.143989531461045,21.18576051906503,567100
2015-08-19,21.03538703918457,21.17740520273475,21.02703284210513,21.17740520273475,1372300
2015-08-20,20.918432235717773,21.010325220168774,20.910078038331278,20.976910024023017,3300700
2015-08-21,20.71793556213379,20.826538539354654,20.684520364573725,20.7931217483943,5819900
2015-08-24,20.37541961669922,20.475668387298793,20.216694653900113,20.233401454499916,4701500
2015-08-25,20.517436981201172,20.667809334554125,20.517436981201172,20.525791177876346,3267600
2015-08-26,20.76805877685547,20.79311977429615,20.6176864186108,20.692872597733132,4857700
2015-08-27,20.901721954345703,20.94349134410783,20.843244171318688,20.89336775771326,9085500
2015-08-28,20.968555450439453,21.018679040458935,20.88501507147352,20.88501507147352,1192600
2015-08-31,20.935138702392578,21.00197068701585,20.901723506781043,20.901723506781043,1489000
2015-09-01,20.80982780456543,20.89336817917495,20.793119410963502,20.851597195170132,1700600
2015-09-02,20.918432235717773,20.93513903709054,20.88501544617179,20.910078038331278,864900
2015-09-03,21.018678665161133,21.07715645137308,20.9936160738988,21.04374125642347,2175700
2015-09-04,20.993616104125977,21.068802284621068,20.95184671202878,21.0186786954244,1015000
2015-09-08,20.918432235717773,20.960201629250026,20.893369643558284,20.95184743186353,602000
2015-09-09,20.918432235717773,21.027033614941768,20.918432235717773,21.00197102278228,1448900
2015-09-10,20.83489418029785,20.943495571641087,20.80147738702276,20.9100803717664,1149500
2015-09-11,20.742996215820312,20.843244985927523,20.742996215820312,20.834890788968575,679600
2015-09-14,20.75135040283203,20.809828188116477,20.75135040283203,20.75135040283203,667300
2015-09-15,20.83489418029785,20.859955181853767,20.768062187148075,20.77641638546685,780800
2015-09-16,20.77641487121582,20.818184266364995,20.742998080376253,20.809830068655103,909000
2015-09-17,20.559206008911133,20.784762924084685,20.559206008911133,20.734639342201667,2143500
2015-09-18,20.76805877685547,20.78476557734921,20.550854436435404,20.550854436435404,1347200
2015-09-21,20.893367767333984,20.926782960479056,20.818181591007466,20.834889984280043,746200
2015-09-22,20.985261917114258,21.018677109590847,20.9351367382993,20.95184513123762,1691700
2015-09-23,20.985261917114258,21.027031306060007,20.9351367382993,21.001968716652527,526900
2015-09-24,20.918432235717773,20.92678483970404,20.801475065707056,20.88501544617179,1780900
2015-09-25,20.95184898376465,21.018680974406628,20.95184898376465,21.001972578396046,626700
2015-09-28,20.926786422729492,21.03538940356908,20.89337122405601,21.027035205550625,1812100
2015-09-29,20.893367767333984,20.960199747024213,20.868305177425118,20.960199747024213,620200
2015-09-30,20.968555450439453,21.01032484322232,20.96020125320284,20.968555450439453,821100
2015-10-01,20.960201263427734,20.97690965790911,20.901723476143115,20.97690965790911,1220500
2015-10-02,20.910076141357422,20.910076141357422,20.734641198957018,20.768057985471412,1398600
2015-10-05,20.918432235717773,20.943493234477035,20.868307051398798,20.88501544617179,1415100
2015-10-06,20.77641487121582,20.893370452353736,20.76806067350593,20.893370452353736,698600
2015-10-07,20.801475524902344,20.834892315186007,20.76806032801894,20.78476712976051,965500
2015-10-08,20.75135040283203,20.809828188116477,20.676164223637702,20.793119794206596,1499500
2015-10-09,20.651103973388672,20.676166567094114,20.609334577279924,20.659458171290485,1041500
2015-10-12,20.6343936920166,20.6343936920166,20.592622709550138,20.626039495523308,1162800
2015-10-13,20.600976943969727,20.651100529621704,20.600976943969727,20.63439373000442,819900
2015-10-14,20.425546646118164,20.550856425651343,20.408838250606994,20.517439634629007,1267500
2015-10-15,20.559206008911133,20.57591280727218,20.484019839386633,20.542497617150147,891500
2015-10-16,20.59262466430664,20.61768725616559,20.542501073988955,20.567563665847903,851800
2015-10-19,20.651103973388672,20.6678123691923,20.61768877518174,20.626042973083553,657500
2015-10-20,20.6343936920166,20.65110049160313,20.592622709550138,20.609331102536725,696400
2015-10-21,20.659456253051758,20.667810450177882,20.62604105794744,20.634395255073564,973200
2015-10-22,20.960201263427734,20.968555460668423,20.859952489939673,20.859952489939673,1042400
2015-10-23,21.13563346862793,21.152341862194938,21.06044729097652,21.06880148776002,1556600
2015-10-26,21.068801879882812,21.127281258455724,21.043740882465993,21.127281258455724,457700
2015-10-27,21.08551025390625,21.102218647768492,21.043740862650786,21.077156056975127,428300
2015-10-28,21.260944366455078,21.277651166260092,20.968553858966292,21.043740034989124,1547600
2015-10-29,21.169052124023438,21.244238308310358,21.15234372898184,21.244238308310358,847700
2015-10-30,21.09386444091797,21.118927031699545,21.010324065046188,21.09386444091797,1029400
2015-11-02,21.0771541595459,21.10221674808305,21.03538477205064,21.03538477205064,713500
2015-11-03,21.13563346862793,21.210819646279344,21.13563346862793,21.160696058978438,1132700
2015-11-04,21.31106948852539,21.336132080139247,21.244237504288627,21.252591701493248,2291200
2015-11-05,21.327775955200195,21.34448275469918,21.294359169402128,21.31942175875068,2320000
2015-11-06,21.578397750854492,21.611814540176866,21.544982554932336,21.578397750854492,3481300
2015-11-09,21.53662872314453,21.603460709523404,21.503211933254974,21.603460709523404,2125700
2015-11-10,21.595102310180664,21.64522589186195,21.570039722640054,21.62851750016821,1386900
2015-11-11,21.53662872314453,21.570043919633846,21.503211933254974,21.54498292061692,12430500
2015-11-12,21.444730758666992,21.56168631801508,21.411313974053257,21.56168631801508,5168800
2015-11-13,21.51991844177246,21.586750422292866,21.51991844177246,21.528272638512526,1042200
2015-11-16,21.636873245239258,21.636873245239258,21.570041267078985,21.578395463524025,2398900
2015-11-17,21.670289993286133,21.70370518560806,21.628519011133665,21.66193579685564,3042600
2015-11-18,21.670289993286133,21.72041357846905,21.628519011133665,21.66193579685564,3710500
2015-11-19,21.51991844177246,21.57004202881274,21.469794854732182,21.528272638512526,2226900
2015-11-20,21.670289993286133,21.670289993286133,21.54498023362882,21.55333283665927,1627100
2015-11-23,21.70370864868164,21.737125439735642,21.636876659973932,21.695354450918142,1602300
2015-11-24,21.661937713623047,21.695352908901736,21.62852092494417,21.670291910792763,1288100
2015-11-25,21.70370864868164,21.778894835152848,21.661939253264435,21.728771241972144,875500
2015-11-27,21.737125396728516,21.778894792063078,21.728771198981544,21.778894792063078,1755600
2015-11-30,21.787246704101562,21.80395509784262,21.762184113489973,21.787246704101562,1890200
2015-12-01,21.68699836730957,21.73712354953182,21.670291566635647,21.720415155457736,1095100
2015-12-02,21.737125396728516,21.837372582891586,21.7120628034876,21.778894792063078,1853600
2015-12-03,21.21917152404785,21.49485361417407,21.202463132306885,21.4781452224331,6194000
2015-12-04,21.36954689025879,21.42802467623656,21.252591318303242,21.319423301335004,1944000
2015-12-07,21.436378479003906,21.478147870105417,21.402963284802723,21.469795266605225,2440500
2015-12-08,21.36954689025879,21.41131628212858,21.361192693204796,21.37790108731278,1419700
2015-12-09,21.14398765563965,21.252590620374882,21.110572461921194,21.235882226815598,3344400
2015-12-10,21.260944366455078,21.277651166260092,21.210819186839807,21.21917338344235,2889700
2015-12-11,21.177406311035156,21.235884100251464,21.127282719335497,21.194114706068458,845400
2015-12-14,21.21917152404785,21.21917152404785,21.11057016453144,21.17740213809537,1320300
2015-12-15,21.336130142211914,21.34448274525769,21.227527181816292,21.227527181816292,1141700
2015-12-16,21.336130142211914,21.394607923932615,21.185757792987236,21.31106755287445,2429500
2015-12-17,21.53662872314453,21.561689722161457,21.45308834182088,21.486503538310195,2856500
2015-12-18,21.411314010620117,21.51991696740024,21.40296140785241,21.51991696740024,1650200
2015-12-21,21.336130142211914,21.402962120378433,21.327775945766096,21.394607923932615,1357900
2015-12-22,21.302715301513672,21.327777893139523,21.26094590887078,21.28600690709644,1639300
2015-12-23,21.336130142211914,21.41131472342421,21.327775945766096,21.34448274525769,1887000
2015-12-24,21.2860050201416,21.2860050201416,21.24423563120147,21.260944024137544,834200
2015-12-28,21.260944366455078,21.269296969657546,21.235881776647442,21.25259016985253,1159600
2015-12-29,21.31942367553711,21.36954726534067,21.294361083935236,21.327777872737734,1025800
2015-12-30,21.31942367553711,21.36954726534067,21.31942367553711,21.31942367553711,666100
2015-12-31,21.428024291992188,21.444732685800556,21.36954650706303,21.377900703967214,1500400
2016-01-04,21.461442947387695,21.544983330299885,21.411317761600216,21.42802615686271,1136200
2016-01-05,21.58675193786621,21.636875528425595,21.561689345886414,21.570043543213014,1524800
2016-01-06,21.52827262878418,21.611813002746963,21.511564235311603,21.603458806010675,1032100
2016-01-07,21.31106948852539,21.478148652417204,21.302715291320773,21.436379259794297,4223300
2016-01-08,21.352840423583984,21.453089203880758,21.352840423583984,21.411318214840307,2147600
2016-01-11,21.453088760375977,21.461442958011357,21.377902575057814,21.42802616746983,2310300
2016-01-12,21.486499786376953,21.544979158472117,21.44473039970894,21.478145590363358,2911700
2016-01-13,21.453088760375977,21.52827494569414,21.453088760375977,21.519920748058755,1176400
2016-01-14,21.511566162109375,21.544982952047683,21.419671583179277,21.444734175633005,1238700
2016-01-15,21.461442947387695,21.478149749249916,21.361194169213015,21.36954836684426,4286300
2016-01-19,21.503210067749023,21.536626854739517,21.45308648066339,21.536626854739517,1620600
2016-01-20,21.511566162109375,21.52827455707853,21.444734175633005,21.486503569655646,1599100
2016-01-21,21.486499786376953,21.61181113318091,21.469792987749727,21.586748545140125,1752900
2016-01-22,21.603458404541016,21.611812601122054,21.51991803213071,21.536626425292788,1102500
2016-01-25,21.53662872314453,21.578398117106236,21.528274525672142,21.54498292061692,431700
2016-01-26,21.494857788085938,21.553335577134714,21.48650359059322,21.54498297304224,722100
2016-01-27,21.4781494140625,21.511566204065982,21.444734217459263,21.461442612461006,1386700
2016-01-28,21.377901077270508,21.428024666170746,21.34448428907024,21.41131627207061,1931000
2016-01-29,21.603458404541016,21.65358199062717,21.570041618216866,21.570041618216866,1775200
2016-02-01,21.461442947387695,21.528274935037395,21.45308874975645,21.5115665397749,1233300
2016-02-02,21.444730758666992,21.4948543421876,21.41966817020669,21.444730758666992,675700
2016-02-03,21.0771541595459,21.311066872359326,21.01032218351349,21.311066872359326,2496900
2016-02-04,20.935138702392578,20.993616489762918,20.893369309528108,20.943492899645513,2113400
2016-02-05,21.027034759521484,21.093866748851138,21.001972165997746,21.043743155203977,1477100
2016-02-08,20.97690773010254,21.093863293923405,20.935136747737907,21.093863293923405,905600
2016-02-09,20.8265380859375,20.868307480328287,20.74299770375567,20.81818388837929,1361400
2016-02-10,20.78476333618164,20.9769066584427,20.76805653748935,20.876657899289107,1109000
2016-02-11,20.726287841796875,20.759704629664736,20.651101662494334,20.69287264732916,2050000
2016-02-12,20.818180084228516,20.86830366701832,20.79311749613363,20.834888476291773,1285800
2016-02-16,21.001970291137695,21.027032882424077,20.935138307774174,20.94349250486964,779200
2016-02-17,20.993616104125977,21.052095483822292,20.968555106227726,21.043741286722817,688400
2016-02-18,21.001970291137695,21.052095473710462,20.96855509615602,21.052095473710462,535800
2016-02-19,20.943490982055664,21.0520939429999,20.935136785567643,21.04373974651188,2762000
2016-02-22,21.102218627929688,21.143988019145883,21.093864431006423,21.135633822222616,764700
2016-02-23,21.11057472229004,21.152344117260505,21.08551212926759,21.12728311763834,588700
2016-02-24,21.127281188964844,21.19411317085678,21.068801810584283,21.18575897394527,1143800
2016-02-25,21.11057472229004,21.177406710282952,21.077157931593444,21.160698314934653,1267000
2016-02-26,21.252592086791992,21.294361480172157,21.185760101343597,21.20246690265553,1476000
2016-02-29,21.294361114501953,21.32777790335242,21.2692985228641,21.32777790335242,782000
2016-03-01,21.302715301513672,21.369547285782414,21.302715301513672,21.31106949872229,1250000
2016-03-02,21.2860050201416,21.369545391421916,21.269296627205527,21.35283699848584,946900
2016-03-03,21.15234375,21.252592526948927,21.127282750812956,21.244238329419826,933200
2016-03-04,21.09386444091797,21.143988029080983,21.02703245890057,21.13563383215379,919100
2016-03-07,21.052095413208008,21.169050985408,21.027032821993654,21.160696788336548,834700
2016-03-08,21.060447692871094,21.085510283699872,21.001969907670762,21.010324104613687,413600
2016-03-09,21.068801879882812,21.152342255872544,21.010324094710043,21.143988058933555,637500
2016-03-10,20.85995101928711,21.068801155379532,20.793119039473538,21.068801155379532,1419000
2016-03-11,20.843246459960938,20.910078446958718,20.793121274662408,20.88501585430945,1090600
2016-03-14,20.926786422729492,20.960203214803318,20.8766628280191,20.910079620092926,1779800
2016-03-15,20.943490982055664,20.96855357151973,20.91842998599165,20.935136785567643,944300
2016-03-16,20.71793556213379,21.027034504915918,20.701228760053905,21.001971911695648,2988300
2016-03-17,20.534147262573242,20.57591665638953,20.50073206620026,20.550855657459852,1744500
2016-03-18,20.584270477294922,20.60933306916638,20.52579268966173,20.559209478823675,2202900
2016-03-21,20.651103973388672,20.6678123691923,20.609334577279924,20.609334577279924,1761900
2016-03-22,20.70958137512207,20.73464237302683,20.676164586715498,20.701227178020428,1180700
2016-03-23,20.818180084228516,20.843242672323402,20.784763300102,20.784763300102,1560900
2016-03-24,20.8265380859375,20.85995328277008,20.809829690821083,20.85159908521187,809400
2016-03-28,20.78476333618164,20.79311753222777,20.75134814539709,20.76805653748935,856100
2016-03-29,20.600976943969727,20.793118683469025,20.58426855095238,20.768057687343067,2853300
2016-03-30,20.534147262573242,20.57591665638953,20.475669473870347,20.57591665638953,3034800
2016-03-31,20.500732421875,20.500732421875,20.417192039392816,20.46731563152202,1858700
2016-04-01,20.492380142211914,20.59262733585267,20.46731754710152,20.53414954066216,1064500
2016-04-04,20.475666046142578,20.500728634276893,20.442249261963497,20.458957654053037,822700
2016-04-05,20.492380142211914,20.567566334142686,20.458963348731384,20.500734340582046,1372300
2016-04-06,20.450607299804688,20.517439287317764,20.408837905134117,20.509085089703596,2582100
2016-04-07,20.475666046142578,20.492374438232122,20.425542463273924,20.475666046142578,932800
2016-04-08,20.400482177734375,20.450605766260463,20.36706538978355,20.425544768697492,797900
2016-04-11,20.350358963012695,20.367065763894836,20.29188117642476,20.367065763894836,1338500
2016-04-12,20.350358963012695,20.425545143882953,20.333650568730377,20.358713160153854,1052700
2016-04-13,20.509082794189453,20.534145384226782,20.45895920751488,20.45895920751488,1139800
2016-04-14,20.559206008911133,20.57591280727218,20.51743502950867,20.542497617150147,1303700
2016-04-15,20.500732421875,20.52579342123947,20.45060723634553,20.517439223651223,1007700
2016-04-18,20.458959579467773,20.492376366791746,20.42554438554392,20.492376366791746,724900
2016-04-19,20.35871124267578,20.375418041984396,20.32529445725849,20.35035704632146,1030800
2016-04-20,20.475666046142578,20.475666046142578,20.358710488315726,20.38377148305007,1428700
2016-04-21,20.475666046142578,20.492374438232122,20.3754172870053,20.38377148305007,1002600
2016-04-22,20.59262466430664,20.609333058879272,20.50908428484369,20.55085527127527,1517300
2016-04-25,20.525794982910156,20.534149181134016,20.484025585191244,20.534149181134016,676400
2016-04-26,20.467313766479492,20.484022160133463,20.383773391609754,20.400481785263725,881700
2016-04-27,20.442249298095703,20.525789665291104,20.367063126959838,20.4255424993766,1056700
2016-04-28,20.27517318725586,20.35871356693648,20.27517318725586,20.342005172320313,1081600
2016-04-29,20.133153915405273,20.1749233062542,20.124799718555465,20.149862309104893,2024500
2016-05-02,20.057968139648438,20.10809172835297,20.024551351578644,20.099737531335524,3467800
2016-05-03,20.116445541381836,20.1331539350978,20.01619677248619,20.024550969344173,3855300
2016-05-04,20.191631317138672,20.208339710521514,20.133153533698813,20.158214530372984,2898800
2016-05-05,20.291879653930664,20.316940650073644,20.241754474844583,20.25010867135893,1761200
2016-05-06,20.316940307617188,20.34200289673778,20.258462526402507,20.275170919149566,2125600
2016-05-09,20.37541961669922,20.383773813699197,20.342004422099464,20.35871281609942,2404200
2016-05-10,20.392127990722656,20.40883638470624,20.342004402172048,20.383773793730864,1076200
2016-05-11,20.291879653930664,20.333649043102337,20.266817064387624,20.333649043102337,924700
2016-05-12,20.3670654296875,20.375419626691574,20.29188084345114,20.31694184106321,721700
2016-05-13,20.458959579467773,20.517437363884607,20.45060538263678,20.45060538263678,1182800
2016-05-16,20.450607299804688,20.467315695033026,20.417192102748285,20.44225310219052,554100
2016-05-17,20.450607299804688,20.45896149741886,20.40048370751995,20.450607299804688,662200
2016-05-18,20.59262466430664,20.609333058879272,20.46731489181232,20.50908428484369,1650600
2016-05-19,20.626039505004883,20.642746304599093,20.584268522519217,20.634393701502017,2701700
2016-05-20,20.626039505004883,20.651100501096224,20.59262271901635,20.60097691551348,888000
2016-05-23,20.617687225341797,20.65945661831072,20.575916238972667,20.642748223763068,1127200
2016-05-24,20.684518814086914,20.701227208314652,20.65110202563144,20.65945622274531,1107700
2016-05-25,20.626039505004883,20.684517287084756,20.61768530850775,20.676163090587625,1408500
2016-05-26,20.59262466430664,20.61768725616559,20.53414687670264,20.542501073988955,1425600
2016-05-27,20.70958137512207,20.71793397882354,20.64274779830893,20.64274779830893,1906300
2016-05-31,20.75135040283203,20.75135040283203,20.651101632772875,20.692872617547582,1066700
2016-06-01,20.6343936920166,20.692871474069594,20.626039495523308,20.659454688096424,1106000
2016-06-02,20.659456253051758,20.676164647304006,20.617686860821316,20.62604105794744,834700
2016-06-03,20.333650588989258,20.400482572784945,20.325296391839775,20.392128375635462,2995100
2016-06-06,20.333650588989258,20.375419981336496,20.275172802343057,20.350358983288224,941100
2016-06-07,20.30023193359375,20.333648719118695,20.283525134231315,20.308586129974987,1145800
2016-06-08,20.24175453186035,20.250108728398228,20.199985142571023,20.225046138784595,1564500
2016-06-09,20.333650588989258,20.350358983288224,20.30858799754081,20.31694219469029,1355200
2016-06-10,20.467313766479492,20.49237635696045,20.37541919478277,20.383773391609754,1867100
2016-06-13,20.417190551757812,20.47566833721446,20.383773763839645,20.46731414023492,1033900
2016-06-14,20.542497634887695,20.567560222550814,20.50908085133687,20.50908085133687,1682700
2016-06-15,20.492380142211914,20.53414954066216,20.41719395028114,20.53414954066216,1713800
2016-06-16,20.467313766479492,20.651101316472815,20.45060537282552,20.592623532084037,1753600
2016-06-17,20.37541961669922,20.44225159929888,20.35871281609942,20.400482207699152,1038700
2016-06-20,20.258464813232422,20.283527405182145,20.22504802396612,20.22504802396612,1573700
2016-06-21,20.35871124267578,20.35871124267578,20.291879265241228,20.291879265241228,812800
2016-06-22,20.266820907592773,20.308590304685193,20.20834311430324,20.25846670949422,1529300
2016-06-23,20.174922943115234,20.233400726611205,20.149861946417015,20.15821454971636,2863000
2016-06-24,20.70122528076172,20.742994669041614,20.55085293351405,20.73464047270563,5926400
2016-06-27,20.87666130065918,20.93513908910973,20.826537709615884,20.834891907023138,4645600
2016-06-28,20.77641487121582,20.859953661514165,20.77641487121582,20.77641487121582,5571900
2016-06-29,20.70958137512207,20.726288175925184,20.667810389613855,20.71793397882354,1328200
2016-06-30,20.75135040283203,20.85159757949104,20.701226814502526,20.717933615012264,2207400
2016-07-01,20.684518814086914,20.726288206256083,20.64274782851757,20.65945622274531,736500
2016-07-05,20.8265380859375,20.8265380859375,20.692874111806674,20.692874111806674,887000
2016-07-06,20.76805877685547,20.87666015036543,20.759704579908526,20.79311977429615,1914600
2016-07-07,20.818180084228516,20.834888476291773,20.742993913343824,20.75970230540708,548200
2016-07-08,20.8265380859375,20.868307480328287,20.776414493988504,20.793121295704665,1173400
2016-07-11,20.885013580322266,20.90172197360254,20.843244190521652,20.851596793761708,1126300
2016-07-12,20.86830711364746,20.86830711364746,20.80982932516778,20.83489191740203,659100
2016-07-13,20.818180084228516,20.826534280260145,20.76805650143871,20.818180084228516,1157000
2016-07-14,20.76805877685547,20.809828168190037,20.759704579908526,20.79311977429615,884500
2016-07-15,20.85159683227539,20.88501361889767,20.80982744239763,20.83489003236434,2601900
2016-07-18,20.86830711364746,20.876661311058875,20.83489191740203,20.876661311058875,488400
2016-07-19,20.968555450439453,20.993616448749094,20.951847055966226,20.951847055966226,1071200
2016-07-20,20.985261917114258,21.027031306060007,20.968553524175938,21.018677109590847,1111200
2016-07-21,20.95184898376465,21.018680974406628,20.95184898376465,20.97691157778052,614200
2016-07-22,21.060447692871094,21.077156086756943,20.976908910242127,20.98526310718505,1118300
2016-07-25,21.027034759521484,21.068804155327403,21.018680561680238,21.052097353045223,1383800
2016-07-26,21.001970291137695,21.010324488233156,20.9518467019651,20.98526349034694,1717400
2016-07-27,20.901721954345703,21.0688011067943,20.89336775771326,21.001969127134842,1522600
2016-07-28,20.893367767333984,20.90172196397027,20.826535787643753,20.851596784152537,1165900
2016-07-29,20.60933494567871,20.709583728892138,20.592626549576412,20.692875332789843,3306200
2016-08-01,20.667810440063477,20.68451883430755,20.642747848697372,20.67616463718551,705500
2016-08-02,20.525794982910156,20.559211775805597,20.509086586462438,20.550857577581738,1902300
2016-08-03,20.642745971679688,20.642745971679688,20.58426819054292,20.60097658326772,1459400
2016-08-04,20.676164627075195,20.692873021311097,20.651102035721344,20.667810429957246,349800
2016-08-05,20.78476333618164,20.851595311150714,20.75970234144322,20.81818012036616,834700
2016-08-08,20.801475524902344,20.82653811761509,20.801475524902344,20.82653811761509,601800
2016-08-09,20.759706497192383,20.80983009010311,20.74299810175538,20.801475892384605,671700
2016-08-10,20.651103973388672,20.676166567094114,20.626042973083553,20.634397170985366,1372100
2016-08-11,20.70958137512207,20.71793397882354,20.64274779830893,20.676164586715498,740500
2016-08-12,20.676164627075195,20.676164627075195,20.600978446413816,20.60933264353177,745900
2016-08-15,20.642745971679688,20.659454364404485,20.61768497599252,20.659454364404485,539000
2016-08-16,20.458959579467773,20.5257915607156,20.45060538263678,20.517437363884607,1974600
2016-08-17,20.475666046142578,20.534143825056006,20.40883407118438,20.492374438232122,1490000
2016-08-18,20.32529640197754,20.41719097726751,20.31694220482389,20.40883678011386,1147700
2016-08-19,20.400482177734375,20.43389737228505,20.400482177734375,20.425544768697492,1072200
2016-08-22,20.425546646118164,20.44225344822904,20.40048405285141,20.433899250473452,1017400
2016-08-23,20.408838272094727,20.417192469859106,20.375421481037204,20.392129876565964,1427500
2016-08-24,20.467313766479492,20.500730553787434,20.45060537282552,20.458959569652507,1047400
2016-08-25,20.467313766479492,20.475667963306478,20.43389697917155,20.442251175998535,987200
2016-08-26,20.617687225341797,20.642748223763068,20.350359286180186,20.425545468244415,2873900
2016-08-29,20.6343936920166,20.692871474069594,20.626039495523308,20.6845172775763,1152900
2016-08-30,20.742996215820312,20.76805880669715,20.69287262746678,20.701226824425728,4898800
2016-08-31,20.734642028808594,20.776413013623362,20.717933634882684,20.76805881666041,2955800
2016-09-01,20.659456253051758,20.776413419417313,20.651102055925634,20.759705025165065,1397600
2016-09-02,20.70958137512207,20.726288175925184,20.609332603302526,20.61768680040417,2454100
2016-09-06,20.467313766479492,20.6594555132998,20.467313766479492,20.651101316472815,3033400
2016-09-07,20.500732421875,20.52579342123947,20.45060723634553,20.46731563152202,1175200
2016-09-08,20.525794982910156,20.542503379357875,20.400485196353028,20.41719359280075,1295000
2016-09-09,20.584270477294922,20.634395661037836,20.57591628000444,20.59262467458541,1208100
2016-09-12,20.550853729248047,20.600977315804723,20.500730142691367,20.5842689224858,1337500
2016-09-13,20.6343936920166,20.659454688096424,20.567561713470315,20.609331102536725,771400
2016-09-14,20.584270477294922,20.642748264928112,20.550855281533188,20.634395661037836,413600
2016-09-15,20.575918197631836,20.626043386046298,20.55085719682496,20.59262659376999,994000
2016-09-16,20.742996215820312,20.75135041277926,20.67616423354889,20.701226824425728,1459600
2016-09-19,20.692873001098633,20.692873001098633,20.651102015549682,20.676164606879055,2601000
2016-09-20,20.726287841796875,20.73464203876384,20.69287264732916,20.701226844296126,2403400
2016-09-21,20.6343936920166,20.742995059629298,20.592622709550138,20.717932470149417,1220700
2016-09-22,20.60933494567871,20.60933494567871,20.51744036051643,20.534148756618727,1275800
2016-09-23,20.617687225341797,20.651102421036896,20.600978830794144,20.642748223763068,632200
2016-09-26,20.575918197631836,20.575918197631836,20.534148800686804,20.55921139489404,362400
2016-09-27,20.59262466430664,20.651102451910642,20.584270467020325,20.626041453451904,317200
2016-09-28,20.60933494567871,20.667812738636396,20.592626549576412,20.61768914372986,259900
2016-09-29,20.626039505004883,20.651100501096224,20.575914326022083,20.642746304599093,958900
2016-09-30,20.617687225341797,20.651102421036896,20.58427043624649,20.617687225341797,1338600
2016-10-03,20.659456253051758,20.68451884443013,20.634395255073564,20.634395255073564,732500
2016-10-04,20.75135040283203,20.82653658202636,20.701226814502526,20.776412993696855,1735000
2016-10-05,20.77641487121582,20.809830068655103,20.751352278086145,20.759706475796037,4292500
2016-10-06,20.885013580322266,20.910076170242682,20.834889993881514,20.843244190521652,1200900
2016-10-07,20.85159683227539,20.94349140208657,20.83489003236434,20.85995102893096,2114200
2016-10-10,20.935138702392578,20.951847096898447,20.893369309528108,20.926784505139643,818600
2016-10-11,21.09386444091797,21.118927031699545,21.001969868118994,21.010324065046188,2256000
2016-10-12,21.15234375,21.177406342587293,21.102220158225663,21.1439895524709,1502100
2016-10-13,21.0771541595459,21.135631939399257,21.060445767187797,21.1105709442621,919700
2016-10-14,21.185760498046875,21.194114695559385,21.110574313834544,21.14398951048433,689500
2016-10-17,21.13563346862793,21.16905025576194,21.118926668461036,21.160696058978438,945200
2016-10-18,21.15234375,21.160697947529098,21.11057435575476,21.1356353549418,1219300
2016-10-19,21.160694122314453,21.169048318333363,21.118924735619856,21.14398573027663,1853000
2016-10-20,21.227527618408203,21.252590208261132,21.194112425337707,21.20246502855527,676300
2016-10-21,21.302715301513672,21.336132090348137,21.294361104305054,21.302715301513672,3574000
2016-10-24,21.327775955200195,21.34448275469918,21.286004972952615,21.294359169402128,721000
2016-10-25,21.31942367553711,21.402964054143172,21.294361083935236,21.38625565974192,1204400
2016-10-26,21.31106948852539,21.31106948852539,21.23588330708401,21.260945898697866,833800
2016-10-27,21.352840423583984,21.377903017008254,21.28600843451957,21.30271683013575,1390300
2016-10-28,21.227527618408203,21.33613058103749,21.210819225172916,21.33613058103749,1992400
2016-10-31,21.235883712768555,21.311069895646273,21.235883712768555,21.286007303553625,1010000
2016-11-01,21.127281188964844,21.17740477703376,21.0855102044073,21.169050580122253,2885900
2016-11-02,21.052095413208008,21.060448016879292,20.98526343003656,21.043741216136556,1744300
2016-11-03,20.993616104125977,21.052095483822292,20.968555106227726,21.035387089623345,1328500
2016-11-04,20.935138702392578,21.010324884268783,20.935138702392578,21.00197068701585,940800
2016-11-07,21.11057472229004,21.143989919586357,21.09386632694174,21.09386632694174,2672900
2016-11-08,21.169052124023438,21.169052124023438,21.093865939736514,21.110574334778107,913400
2016-11-09,21.302715301513672,21.302715301513672,21.19411392460204,21.202466528410465,2429100
2016-11-10,21.344482421875,21.402961796109743,21.302713033678774,21.3611908145135,2705400
2016-11-11,21.377901077270508,21.402963668420707,21.311069094270138,21.319423291320202,1098700
2016-11-14,21.58675193786621,21.636875528425595,21.553335148559814,21.57839774053961,7033900
2016-11-15,21.620168685913086,21.65358547761852,21.586753487607982,21.620168685913086,4443000
2016-11-16,21.67864418029785,21.720413569032125,21.62851900173667,21.645227394590396,3750500
2016-11-17,21.803956985473633,21.803956985473633,21.64523041799241,21.64523041799241,2053000
2016-11-18,21.87914276123047,21.920912155017906,21.820664972567958,21.85408016891786,1549400
2016-11-21,21.79560089111328,21.86243287264716,21.770538300513028,21.812309284846783,3162100
2016-11-22,21.829015731811523,21.887495108932114,21.795600538285573,21.8123089317486,2045200
2016-11-23,21.962684631347656,22.012808225971177,21.92926783933175,21.97103723595129,2362100
2016-11-25,21.92091178894043,21.929265986238452,21.854079803956473,21.879142395850536,3108300
2016-11-28,21.8624324798584,21.92926446019155,21.854078283141742,21.920910263474894,2102900
2016-11-29,21.81231117248535,21.90420415917178,21.78724857971618,21.895849961582055,1772200
2016-11-30,21.92926597595215,21.987743763610656,21.879142385587745,21.89584918677574,3417000
2016-12-01,21.81231117248535,21.92926675194095,21.803956974895627,21.887497357392597,1638200
2016-12-02,21.762184143066406,21.803955127475824,21.74547734270277,21.778892536830174,1791600
2016-12-05,21.620168685913086,21.70370907177634,21.561690893828906,21.687000675923624,4654700
2016-12-06,21.70370864868164,21.72041704420864,21.645230857737435,21.670293451027938,2478800
2016-12-07,21.636873245239258,21.686996830509454,21.628519048794217,21.686996830509454,1903600
2016-12-08,21.829015731811523,21.862432518737574,21.75383114802811,21.78724634155406,2135000
2016-12-09,21.92091178894043,21.971035379328345,21.895849197046367,21.91255759164241,1499800
2016-12-12,21.79560089111328,21.870787069513913,21.770538300513028,21.820663481713535,1717500
2016-12-13,21.820663452148438,21.837370252459177,21.75383147070511,21.803955058437573,1766700
2016-12-14,22.029512405395508,22.087990186829998,21.74547610122795,21.787245489852573,3033900
2016-12-15,22.271778106689453,22.355318478760918,22.196591931165138,22.213300324259446,3657600
2016-12-16,22.196592330932617,22.28013270450867,22.13811454744941,22.26342431111344,2103900
2016-12-19,22.263425827026367,22.27178002429282,22.163178646629365,22.221656434094317,1334000
2016-12-20,22.305198669433594,22.36367646176464,22.27178187758709,22.355322263803014,2896300
2016-12-21,22.238365173339844,22.26342617212746,22.18823998896416,22.213302581152,1278800
2016-12-22,22.263425827026367,22.27178002429282,22.146470252096464,22.213302236827868,1713900
2016-12-23,22.24671745300293,22.280134242099543,22.213302257306527,22.263425847551236,909600
2016-12-27,22.238365173339844,22.26342617212746,22.238365173339844,22.26342617212746,655300
2016-12-28,22.296842575073242,22.363674559681694,22.271779983319995,22.330257770677367,1247400
2016-12-29,22.171531677246094,22.246716261887588,22.163177480419236,22.246716261887588,1331900
2016-12-30,22.104698181152344,22.104698181152344,22.012805202530707,22.087991380839398,1767900
2017-01-03,22.305198669433594,22.413800056134058,22.230012481179298,22.313551273994886,3455500
2017-01-04,22.13811683654785,22.213303021200602,22.113054243863516,22.19659462607771,3534000
2017-01-05,21.90420150756836,22.037865466022776,21.87078631465479,22.029512862844438,4269600
2017-01-06,22.062929153442383,22.08799174442454,21.97103457990797,22.04622075945428,3202700
2017-01-09,22.004451751708984,22.08799212970655,21.97938916028966,22.071283735427,3506100
2017-01-10,22.012805938720703,22.037866936728317,21.937619757897505,21.99609754444884,2060000
2017-01-11,21.962684631347656,22.23001259387355,21.862435848700276,22.138118009230148,4496600
2017-01-12,21.87914276123047,21.912557957580372,21.76218559050521,21.829017576605256,2173900
2017-01-13,21.854080200195312,21.95432897618897,21.829017607846836,21.870788595094293,1828400
2017-01-17,21.653583526611328,21.69535291907933,21.64522932943769,21.661937723784966,3444500
2017-01-18,21.854080200195312,21.870788595094293,21.695353635455447,21.737124622702904,3939800
2017-01-19,21.820663452148438,21.954327415035095,21.812309255293005,21.895848037047074,1595500
2017-01-20,21.7454776763916,21.86243324773242,21.73712347938152,21.8290164596921,11995800
2017-01-23,21.628520965576172,21.712061344030115,21.60345996742012,21.678646148688653,2300900
2017-01-24,21.636873245239258,21.66193583457438,21.570041267078985,21.628519048794217,1638200
2017-01-25,21.561687469482422,21.645227842078107,21.561687469482422,21.628519448878954,2168900
2017-01-26,21.70370864868164,21.745479637499145,21.661939253264435,21.68700025315464,3848100
2017-01-27,21.71206283569336,21.728771231212086,21.661939242537475,21.6786476380562,2262300
2017-01-30,21.670289993286133,21.770537163651966,21.645227403994653,21.76218296722147,1139200
2017-01-31,21.494857788085938,21.536628775549524,21.453088394022597,21.528274578056806,3570300
2017-02-01,21.511566162109375,21.5951065435549,21.478149372171067,21.570043951101166,4271800
2017-02-02,21.54498291015625,21.55333551422434,21.42802573899983,21.46144252887316,1361500
2017-02-03,21.53662872314453,21.570043919633846,21.478149340837806,21.570043919633846,2033200
2017-02-06,21.55333709716797,21.62852328650463,21.536630294404546,21.603462285659315,1703300
2017-02-07,21.661937713623047,21.72876969758061,21.6034599268352,21.686998711732016,1601500
2017-02-08,21.636873245239258,21.65358163812934,21.586749659969065,21.636873245239258,1412300
2017-02-09,21.720413208007812,21.72876740429582,21.628518642239776,21.63687283852778,1191500
2017-02-10,21.7454776763916,21.80395546206201,21.712060888351278,21.79560126505193,1022100
2017-02-13,21.79560089111328,21.820663481713535,21.77889249737978,21.78724669424653,1089600
2017-02-14,21.84572410583496,21.87914089273128,21.77053792871835,21.77053792871835,2502000
2017-02-15,21.803956985473633,21.937620960173525,21.795602787879858,21.920912564985972,934400
2017-02-16,21.67864418029785,21.72876776545899,21.661935787444122,21.720413569032125,2129400
2017-02-17,21.787246704101562,21.787246704101562,21.68699793505533,21.68699793505533,999100
2017-02-21,21.887496948242188,21.92926634200973,21.86243435594152,21.895849552275507,1421800
2017-02-22,21.837369918823242,21.945972882884472,21.82901572209545,21.912556095973294,2048700
2017-02-23,21.787246704101562,21.829016095054083,21.770538310360504,21.81230929471315,1291600
2017-02-24,21.829015731811523,21.829015731811523,21.770537948091036,21.78724634155406,714500
2017-02-27,21.829015731811523,21.837369928543037,21.728768557833572,21.778892144822546,768600
2017-02-28,21.81231117248535,21.84572636944398,21.745479185167827,21.78724857971618,2266900
2017-03-01,21.962684631347656,22.0044540279672,21.912559443323794,21.987745631959246,1646400
2017-03-02,22.054576873779297,22.071285269219956,22.012807478577937,22.046222676058967,2871200
2017-03-03,21.8624324798584,22.02115903067467,21.8624324798584,21.979388047091387,2932900
2017-03-06,21.937618255615234,21.95432664874291,21.88749466963228,21.88749466963228,1043200
2017-03-07,21.962684631347656,21.987745631959246,21.937622037335725,21.979391433955268,687200
2017-03-08,22.03786849975586,22.04622269748431,21.996099104513906,22.004453302242357,1171800
2017-03-09,21.9960994720459,22.021162065650014,21.96268427397406,21.97939107630982,1519800
2017-03-10,21.84572410583496,21.95432706984789,21.820663109062824,21.93761867639973,2008600
2017-03-13,21.87914276123047,21.87914276123047,21.829017576605256,21.85408016891786,1252100
2017-03-14,21.954328536987305,21.954328536987305,21.8874965521286,21.929265945140212,1214100
2017-03-15,21.69535255432129,21.92926529104988,21.69535255432129,21.92926529104988,3038700
2017-03-16,21.620168685913086,21.695354873849983,21.620168685913086,21.65358547761852,2869100
2017-03-17,21.628520965576172,21.653583557132414,21.60345996742012,21.645229359947,1814700
2017-03-20,21.636873245239258,21.66193583457438,21.603458052859146,21.611812249304187,742900
2017-03-21,21.503210067749023,21.52827265799189,21.48650167425378,21.52827265799189,1933800
2017-03-22,21.486499786376953,21.51991657043133,21.469792987749727,21.49485398239055,970200
2017-03-23,21.511566162109375,21.52827455707853,21.486503569655646,21.49485776714022,1110700
2017-03-24,21.503210067749023,21.51991846124427,21.461440677411016,21.503210067749023,2017600
2017-03-27,21.386255264282227,21.394609461328372,21.319423281313227,21.327777478359373,1814800
2017-03-28,21.503210067749023,21.51991846124427,21.36954610658727,21.38625450008251,1657600
2017-03-29,21.54498291015625,21.595106501566004,21.54498291015625,21.586752304097672,550700
2017-03-30,21.68699836730957,21.68699836730957,21.56168859855427,21.578396992628353,1195300
2017-03-31,21.67864418029785,21.695350979751534,21.62851900173667,21.65358159101726,880100
2017-04-03,21.67864418029785,21.720413569032125,21.670289983870987,21.695350979751534,645000
2017-04-04,21.70370864868164,21.728771241972144,21.68700025315464,21.712062846445143,813100
2017-04-05,21.69535255432129,21.812309719385663,21.670291556621905,21.712060948387652,4699400
2017-04-06,21.7454776763916,21.7454776763916,21.695352494331118,21.703706691341196,807500
2017-04-07,21.84572410583496,21.854078302559042,21.753831128670292,21.77889212544243,1037600
2017-04-10,21.803956985473633,21.829017984854698,21.78724859028608,21.820665380661186,666800
2017-04-11,21.737125396728516,21.762186396569135,21.7120628034876,21.762186396569135,688200
2017-04-12,21.628520965576172,21.77053913092782,21.611814164605534,21.737123935586357,1544800
2017-04-13,21.70370864868164,21.712062846445143,21.645230857737435,21.645230857737435,820600
2017-04-17,21.64522933959961,21.66193773395473,21.57839735557932,21.628520945244492,880800
2017-04-18,21.461442947387695,21.57004432979335,21.461442947387695,21.53662913266864,1290900
2017-04-19,21.53662872314453,21.553335524689068,21.511566130727363,21.519920328199753,417500
2017-04-20,21.54498291015625,21.54498291015625,21.453088331404828,21.478149330409586,668900
2017-04-21,21.561687469482422,21.58675005928115,21.544980669683348,21.553333272882846,745900
2017-04-24,21.361194610595703,21.40296559961504,21.361194610595703,21.361194610595703,1643100
2017-04-25,21.302715301513672,21.377901482991028,21.28600690709644,21.377901482991028,1698300
2017-04-26,21.352840423583984,21.428026610456488,21.33613362136811,21.386257214816343,863600
2017-04-27,21.386255264282227,21.43637885315894,21.369546870189936,21.394609461328372,724600
2017-04-28,21.361194610595703,21.386257204007308,21.336133610584405,21.352840412791835,840200
2017-05-01,21.377901077270508,21.386255274320575,21.32777748837027,21.35283848612031,617700
2017-05-02,21.344482421875,21.402961796109743,21.344482421875,21.377899207151998,332500
2017-05-03,21.428024291992188,21.436378488896374,21.344483916350477,21.36954650706303,876700
2017-05-04,21.294361114501953,21.394609887653164,21.294361114501953,21.394609887653164,885400
2017-05-05,21.260944366455078,21.31942214927282,21.25259016985253,21.311067952670275,680100
2017-05-08,21.377901077270508,21.39460947137064,21.34448428907024,21.34448428907024,773200
2017-05-09,21.486499786376953,21.511562374417736,21.44473039970894,21.469792987749727,1847600
2017-05-10,21.494857788085938,21.51992038056409,21.469796789008033,21.469796789008033,549000
2017-05-11,21.503210067749023,21.51991846124427,21.478147477506155,21.51991846124427,349100
2017-05-12,21.394611358642578,21.42802655639032,21.394611358642578,21.42802655639032,690600
2017-05-15,21.336130142211914,21.36119113814933,21.319421749320274,21.319421749320274,739800
2017-05-16,21.177406311035156,21.227529902734812,21.16069791600185,21.21082150770151,1746200
2017-05-17,21.03538703918457,21.127281613658266,21.03538703918457,21.118927416578824,1257800
2017-05-18,21.11057472229004,21.160698314934653,21.043742734297126,21.060449536245144,1206800
2017-05-19,20.960201263427734,21.00197065623098,20.943492868946358,20.9852638551498,1152100
2017-05-22,20.926786422729492,20.935140620747948,20.885017026037556,20.91843381811138,1134000
2017-05-23,21.018678665161133,21.02703286224858,20.90172309273724,20.910077289824684,1008900
2017-05-24,20.95184898376465,21.03538937041721,20.95184898376465,21.018680974406628,1115900
2017-05-25,20.97690773010254,20.99361452964834,20.95184514068376,20.960199337156688,1103100
2017-05-26,21.027034759521484,21.052097353045223,21.010326363838992,21.03538895736273,413400
2017-05-30,21.001970291137695,21.035387079519538,20.98526349034694,21.018678685328616,1113800
2017-05-31,20.95184898376465,20.96855737977523,20.90172538913325,20.96855737977523,959000
2017-06-01,20.97690773010254,21.001968726121266,20.960199337156688,20.99361452964834,917100
2017-06-02,20.87666130065918,20.910078090288195,20.859952905844672,20.90172389288094,1416000
2017-06-05,20.893367767333984,20.91843035724285,20.885013570697694,20.90172196397027,1086100
2017-06-06,20.843246459960938,20.876661656759698,20.83489226241118,20.851599064110435,895700
2017-06-07,20.86830711364746,20.92678490212714,20.83489191740203,20.893369705881707,522500
2017-06-08,20.943490982055664,20.976907768007752,20.926782589079618,20.926782589079618,724300
2017-06-09,21.010326385498047,21.052097374747337,20.99361798979833,21.052097374747337,652100
2017-06-12,20.97690773010254,21.018677119067117,20.968553533629613,20.985261926575465,429800
2017-06-13,20.95184898376465,20.96855737977523,20.93514058775407,20.96020318176994,398000
2017-06-14,20.935138702392578,20.976909688657248,20.809828930398968,20.843245719410703,1676600
2017-06-15,21.060447692871094,21.077156086756943,21.03538669544246,21.03538669544246,1148400
2017-06-16,20.985261917114258,21.035385502529167,20.968553524175938,21.027031306060007,917400
2017-06-19,21.0771541595459,21.0771541595459,21.01032218351349,21.01867637969254,637300
2017-06-20,21.11057472229004,21.12728311763834,21.077157931593444,21.077157931593444,615200
2017-06-21,21.068801879882812,21.110572864577748,21.052095079404978,21.102218667638763,1105800
2017-06-22,21.0771541595459,21.093862551904,21.052093164408742,21.068799963366846,896800
2017-06-23,21.010326385498047,21.03538897904762,20.985265385348786,21.03538897904762,323100
2017-06-26,21.04374122619629,21.052095423271734,20.976909242992893,20.985263440068337,596600
2017-06-27,20.80982780456543,20.91843076957784,20.80982780456543,20.90172237597591,1282600
2017-06-28,20.742996215820312,20.818182395050684,20.72628782190242,20.818182395050684,944400
2017-06-29,20.642745971679688,20.72628634190365,20.642745971679688,20.72628634190365,1831800
2017-06-30,20.676164627075195,20.709581415546996,20.659456232839293,20.684518824193145,1529700
2017-07-03,20.801475524902344,20.801475524902344,20.759706130448027,20.776414525589857,794300
2017-07-05,20.80982780456543,20.851597195170132,20.801473607764464,20.851597195170132,1570200
2017-07-06,20.71793556213379,20.759706550834235,20.709582957793994,20.74299815535406,357800
2017-07-07,20.75135040283203,20.793119794206596,20.742996205877088,20.75970459978697,376400
2017-07-10,20.759706497192383,20.7847674969476,20.75135229947388,20.776414892629386,212900
2017-07-11,20.684518814086914,20.78476599265299,20.676164616973047,20.776413388939297,1556800
2017-07-12,20.684518814086914,20.74299660048382,20.676164616973047,20.709581405428523,900900
2017-07-13,20.692873001098633,20.734642393247412,20.684518803988844,20.692873001098633,411500
2017-07-14,20.56756591796875,20.617689513774902,20.55921171976766,20.609335315573812,768100
2017-07-17,20.56756591796875,20.584272720970546,20.54250332336548,20.56756591796875,508200
2017-07-18,20.458959579467773,20.47566797312976,20.42554438554392,20.45060538263678,970500
2017-07-19,20.509082794189453,20.509082794189453,20.46731340419399,20.46731340419399,785600
2017-07-20,20.383773803710938,20.484022574261385,20.342004412131672,20.475668377265503,1016700
2017-07-21,20.316940307617188,20.36706389245834,20.30023191487013,20.35871128948484,644600
2017-07-24,20.32529640197754,20.358713190592137,20.31694220482389,20.32529640197754,419700
2017-07-25,20.35871124267578,20.35871124267578,20.266816676178262,20.300231868195524,757900
2017-07-26,20.24175453186035,20.39212688274203,20.199985142571023,20.367064293128397,1329500
2017-07-27,20.316940307617188,20.36706389245834,20.26681672277604,20.283525115523098,1390700
2017-07-28,20.191631317138672,20.258463297269948,20.18327712044725,20.250109100578527,859200
2017-07-31,20.108091354370117,20.23340112050094,20.08303035718403,20.225046923638867,1432700
2017-08-01,20.141510009765625,20.15821681163905,20.083032219707952,20.116447416855078,1150800
2017-08-02,20.116445541381836,20.141508131955778,20.032905166202152,20.1331539350978,2221800
2017-08-03,20.066322326660156,20.141508506379544,20.066322326660156,20.13315430936626,2071800
2017-08-04,20.24175453186035,20.300232314225433,20.14150736020594,20.14986155674382,2543100
2017-08-07,20.233402252197266,20.275173238843962,20.225048054867926,20.275173238843962,852700
2017-08-08,20.266820907592773,20.325298700882307,20.191634718106126,20.20834311430324,1390400
2017-08-09,20.25010871887207,20.32529489427754,20.241754522338123,20.300232304675696,1164800
2017-08-10,20.216697692871094,20.283529685516932,20.208343494615313,20.266821289005374,947700
2017-08-11,20.141510009765625,20.225048799333575,20.124801614491926,20.1832794045496,1472100
2017-08-14,20.22504997253418,20.241758368777088,20.199988971570182,20.21669736781309,832100
2017-08-15,20.316940307617188,20.36706389245834,20.30023191487013,20.350357093111313,915100
2017-08-16,20.25010871887207,20.37541848008117,20.233400325804176,20.37541848008117,757500
2017-08-17,20.291879653930664,20.316940650073644,20.258462867873277,20.316940650073644,542600
2017-08-18,20.22504997253418,20.275175161262904,20.21669736781309,20.22504997253418,249100
2017-08-21,20.166568756103516,20.208339739620772,20.141507759393257,20.19998554291732,632900
2017-08-22,20.25010871887207,20.266817111939968,20.225046129270225,20.225046129270225,558000
2017-08-23,20.166568756103516,20.225046539627577,20.166568756103516,20.216693936324223,686900
2017-08-24,20.208337783813477,20.21669197970839,20.183275196128733,20.199983587918563,807600
2017-08-25,20.041259765625,20.22504731999191,20.02455137157342,20.183277928263117,1768700
2017-08-28,19.9827823638916,20.032905953609504,19.966073969518902,20.032905953609504,1302600
2017-08-29,20.007844924926758,20.007844924926758,19.890887757896497,19.890887757896497,1602900
2017-08-30,20.133153915405273,20.141508112255085,20.057967737157114,20.07467613085673,1435200
2017-08-31,20.074676513671875,20.17492369098101,20.074676513671875,20.16656949397189,1254400
2017-09-01,20.116445541381836,20.141508131955778,20.049613559918114,20.066321953634077,1087700
2017-09-05,20.007844924926758,20.05796851456819,19.982782333405947,20.05796851456819,702800
2017-09-06,19.99113655090332,20.016197549049423,19.941012961210927,19.999490748085417,3111600
2017-09-07,19.849117279052734,19.907595062667184,19.824054688903644,19.8574714757691,2717600
2017-09-08,19.798994064331055,19.82405506155114,19.765577276837437,19.773931473710842,922300
2017-09-11,19.932659149169922,19.94101334651344,19.865827163822,19.890888162452335,1451100
2017-09-12,19.924304962158203,19.95772015814938,19.899242370114656,19.941013356853905,2010900
2017-09-13,20.041259765625,20.066322356702372,19.941012588115836,19.941012588115836,1976200
2017-09-14,19.9827823638916,20.041260150795853,19.966073969518902,20.041260150795853,1644000
2017-09-15,19.915950775146484,19.94101336720304,19.865827184433595,19.915950775146484,1469500
2017-09-18,19.966075897216797,19.999492689188536,19.907598104666594,19.941014896638332,611100
2017-09-19,19.907596588134766,19.966074376230214,19.890888193421716,19.91595078549129,582300
2017-09-20,20.066322326660156,20.108091718326413,19.83240959048871,19.899241573194814,2371000
2017-09-21,20.007844924926758,20.04961431739459,19.974428136232344,20.04961431739459,1203900
2017-09-22,19.99113655090332,19.999490748085417,19.93265876402883,19.96607395935703,1051700
2017-09-25,20.108091354370117,20.11644555123219,20.04961356973574,20.066321963459885,1238200
2017-09-26,20.174922943115234,20.241754923310644,20.149861946417015,20.183277139814674,1075800
2017-09-27,20.27517318725586,20.3002341857799,20.216695399499493,20.291881581872026,1619600
2017-09-28,20.216697692871094,20.241758694238037,20.199989296359536,20.241758694238037,816300
2017-09-29,20.19998550415039,20.241754894187387,20.174922914088135,20.19163130746297,642100
2017-10-02,20.316940307617188,20.350357093111313,20.275170919149566,20.30023191487013,1225700
2017-10-03,20.308591842651367,20.325300240113805,20.275176641126976,20.316946041382586,442700
2017-10-04,20.283525466918945,20.300232266555405,20.26681707388242,20.283525466918945,637400
2017-10-05,20.392127990722656,20.40048218771445,20.333650205180255,20.35035859916384,831400
2017-10-06,20.35871124267578,20.44225001941895,20.342002849967137,20.425543220110335,1172000
2017-10-09,20.32529640197754,20.358713190592137,20.308588007670238,20.35035899343849,1368300
2017-10-10,20.216697692871094,20.258467090749594,20.199989296359536,20.258467090749594,2710800
2017-10-11,20.15821647644043,20.208341661428026,20.149863872342745,20.18327906893423,1299800
2017-10-12,20.19998550415039,20.23340069749997,20.166568717400715,20.19998550415039,1161600
2017-10-13,20.19998550415039,20.208339700837808,20.124799327363718,20.133153524051135,824600
2017-10-16,20.25010871887207,20.25846291540602,20.199985133068445,20.233400325804176,733500
2017-10-17,20.30023193359375,20.350357111881166,20.283525134231315,20.316940326356224,1242500
2017-10-18,20.27517318725586,20.33365097501223,20.266818989947776,20.325296777704146,726100
2017-10-19,20.22504997253418,20.250112566898544,20.199988971570182,20.233404170655632,490100
2017-10-20,20.342004776000977,20.358713170291615,20.30023379027438,20.3085879874197,577900
2017-10-23,20.3670654296875,20.417190611711945,20.35871282608358,20.40883641470787,610200
2017-10-24,20.400482177734375,20.408836374722082,20.350358589208287,20.392127980746668,419800
2017-10-25,20.350358963012695,20.375419961035995,20.325296371589218,20.350358963012695,459500
2017-10-26,20.56756591796875,20.575918522769456,20.41719353714991,20.41719353714991,2757500
2017-10-27,20.617687225341797,20.676165012858373,20.59262463352032,20.642748223763068,2014700
2017-10-30,20.517436981201172,20.6427467445286,20.509082784525997,20.6427467445286,707600
2017-10-31,20.534147262573242,20.559209854903155,20.517438867686632,20.550855657459852,683200
2017-11-01,20.575918197631836,20.600980791839067,20.534148800686804,20.59262659376999,1327300
2017-11-02,20.575918197631836,20.59262659376999,20.509086206479573,20.584272395700914,1168200
2017-11-03,20.626039505004883,20.642746304599093,20.550853329930742,20.550853329930742,1159700
2017-11-06,20.575918197631836,20.651104386853174,20.575918197631836,20.651104386853174,753800
2017-11-07,20.60933494567871,20.667812738636396,20.600980747627563,20.634397539832158,830000
2017-11-08,20.600976943969727,20.626039533495746,20.592622747461053,20.600976943969727,1051800
2017-11-09,20.517436981201172,20.592623157877647,20.500730181250912,20.584268961202476,794900
2017-11-10,20.500732421875,20.50908502606298,20.46731563152202,20.500732421875,779300
2017-11-13,20.517436981201172,20.542499571226692,20.509082784525997,20.517436981201172,383600
2017-11-14,20.37541961669922,20.45060579629886,20.35871281609942,20.425544798699082,2395500
2017-11-15,20.3670654296875,20.392128020699722,20.325296038067282,20.34200443207543,976000
2017-11-16,20.392127990722656,20.40883638470624,20.367065399747275,20.383773793730864,751700
2017-11-17,20.333650588989258,20.375419981336496,20.31694219469029,20.358713180437707,969800
2017-11-20,20.433897018432617,20.442251215275654,20.37541923393148,20.37541923393148,737700
2017-11-21,20.408838272094727,20.42554666762349,20.383775678801584,20.42554666762349,914100
2017-11-22,20.25010871887207,20.350357483879385,20.241754522338123,20.350357483879385,1565200
2017-11-24,20.15821647644043,20.166570673938363,20.13315547734688,20.166570673938363,751900
2017-11-27,20.18328094482422,20.191635143098615,20.09974055548066,20.108094753755058,1222300
2017-11-28,20.266820907592773,20.275175105691332,20.20834311430324,20.20834311430324,1448100
2017-11-29,20.258464813232422,20.300234206415084,20.233402221282695,20.27517320786557,869700
2017-11-30,20.208337783813477,20.24175297399319,20.14986000594902,20.233398778098277,2147600
2017-12-01,20.191631317138672,20.26681749396137,20.124799337007392,20.250109100578527,1941700
2017-12-04,20.258464813232422,20.283527405182145,20.250110615915847,20.258464813232422,1310800
2017-12-05,20.291879653930664,20.316940650073644,20.266817064387624,20.30023225704495,593900
2017-12-06,20.342004776000977,20.358713170291615,20.3085879874197,20.3085879874197,327700
2017-12-07,20.383773803710938,20.392128000706823,20.33365021513579,20.375419606715056,431300
2017-12-08,20.417190551757812,20.44225154929629,20.392127960819185,20.400482157798727,370500
2017-12-11,20.417190551757812,20.425544748737355,20.36706536988056,20.400482157798727,562900
2017-12-12,20.450607299804688,20.48402409026136,20.44225310219052,20.45896149741886,503300
2017-12-13,20.308591842651367,20.433901636818682,20.30023764392015,20.417194832756728,2250900
2017-12-14,20.32529640197754,20.383774188652907,20.308588007670238,20.35035899343849,1208600
2017-12-15,20.408838272094727,20.42554666762349,20.35036048114436,20.35036048114436,1388900
2017-12-18,20.377897262573242,20.377897262573242,20.302640233443423,20.327724846552265,1257400
2017-12-19,20.31936264038086,20.377897125344486,20.31936264038086,20.369535056063967,591800
2017-12-20,20.294279098510742,20.336087852218235,20.269192889345216,20.32772578249639,421500
2017-12-21,20.285919189453125,20.327727947613692,20.277557118840633,20.3193658770012,1463000
2017-12-22,20.294279098510742,20.336087852218235,20.294279098510742,20.311003237954427,184700
2017-12-26,20.277555465698242,20.28591753562901,20.269193395767473,20.28591753562901,517500
2017-12-27,20.235748291015625,20.252470837281148,20.21902414984822,20.22738622043192,678700
2017-12-28,20.17721176147461,20.193935900954905,20.160489216896043,20.17721176147461,426100
2017-12-29,20.09359359741211,20.110316141444347,20.05178325007733,20.101955666879064,1459200
2018-01-02,20.00997543334961,20.04342211787979,20.00161336349163,20.00997543334961,546200
2018-01-03,20.08523178100586,20.093593850578173,20.0434214331443,20.051783502716614,679900
2018-01-04,20.01833724975586,20.035059794358354,20.00161311025164,20.02669931950797,650500
2018-01-05,20.03506088256836,20.068509163393554,20.026700407263874,20.051785022980955,370100
2018-01-08,20.12704086303711,20.13540293274614,20.10195624881174,20.11867879332808,969800
2018-01-09,20.168851852416992,20.185574397464666,20.15212771246755,20.16048978244227,1158400
2018-01-10,20.11867904663086,20.14376525607379,20.068508222646727,20.068508222646727,485100
2018-01-11,20.03506088256836,20.051785022980955,20.00997626685128,20.051785022980955,586800
2018-01-12,19.826013565063477,19.91799474082082,19.826013565063477,19.90127060070098,1098700
2018-01-16,19.717309951782227,19.800929057936372,19.692223741465448,19.784204917725184,2527000
2018-01-17,19.767480850219727,19.784204990492427,19.66713919838713,19.767480850219727,1057700
2018-01-18,19.742395401000977,19.767480015448918,19.717309191651307,19.7507574707842,425700
2018-01-19,19.775840759277344,19.775840759277344,19.717307869621095,19.7340320080662,748900
2018-01-22,19.708946228027344,19.76747911895359,19.700584158623357,19.725670366835317,1338400
2018-01-23,19.658775329589844,19.70894615091581,19.642051190847305,19.70058408154454,735500
2018-01-24,19.466455459594727,19.499902147231015,19.44136924769109,19.49154007659647,2078500
2018-01-25,19.49153709411621,19.550069984699782,19.30757635301047,19.374471312949073,4503100
2018-01-26,19.44972801208496,19.46645215051113,19.39119512249498,19.458090081298046,1603500
2018-01-29,19.499902725219727,19.558435626494603,19.48317858345492,19.51662686698453,1411200
2018-01-30,19.466455459594727,19.499902147231015,19.407920965152904,19.41628303578745,1466600
2018-01-31,19.441364288330078,19.491535104437222,19.374469335220056,19.40791601432432,1401800
2018-02-01,19.341022491455078,19.441365725991094,19.32429994811708,19.43300365687129,1743300
2018-02-02,19.458093643188477,19.524988614236964,19.424645360213276,19.458093643188477,3709800
2018-02-05,19.541711807250977,19.56679642336296,19.51662559623716,19.524987666575097,3408900
2018-02-06,19.583518981933594,19.658776013993382,19.54171022852336,19.633689805006213,2694900
2018-02-07,19.734033584594727,19.742395654485318,19.608605726039393,19.625328270918818,2405400
2018-02-08,19.734033584594727,19.742395654485318,19.658776550481175,19.667138620371766,1663600
2018-02-09,19.750755310058594,19.775839921762287,19.71730703458493,19.74239324119018,1841300
2018-02-12,19.683862686157227,19.73403351041041,19.675500616298073,19.73403351041041,1097600
2018-02-13,19.575157165527344,19.600243374839067,19.558433025986197,19.59188130506849,1308500
2018-02-14,19.42464256286621,19.63368951665057,19.42464256286621,19.625327447110994,1639500
2018-02-15,19.341022491455078,19.424641587751488,19.33266201723688,19.382832837054085,1538000
2018-02-16,19.474815368652344,19.491537913163448,19.39955833619636,19.4413670898267,812600
2018-02-20,19.600242614746094,19.60860468419239,19.558432267514622,19.566794336960914,1366800
2018-02-21,19.675500869750977,19.69222341478295,19.56679555508341,19.616966379982873,1138000
2018-02-22,19.608604431152344,19.633689044265857,19.583518223137187,19.625326974927468,2011900
2018-02-23,19.650413513183594,19.667137652141427,19.616965235267923,19.642051443704677,523300
2018-02-26,19.625328063964844,19.6755004827793,19.625328063964844,19.642052203569662,1095400
2018-02-27,19.750755310058594,19.775839921762287,19.66713621627599,19.675498285144407,1527100
2018-02-28,19.80929183959961,19.826014385509684,19.767481487569796,19.77584355797576,1119700
2018-03-01,19.742395401000977,19.876185327729093,19.717309191651307,19.85109911837942,1405800
2018-03-02,19.658775329589844,19.70058408154454,19.650413260218574,19.683861537703656,602700
2018-03-05,19.658775329589844,19.70894615091581,19.642051190847305,19.70058408154454,1274300
2018-03-06,19.608604431152344,19.616964905589082,19.5751561537988,19.616964905589082,1492700
2018-03-07,19.591880798339844,19.683861968535407,19.57515665923125,19.58351872878555,443000
2018-03-08,19.717309951782227,19.734034091993415,19.616966705416896,19.616966705416896,520100
2018-03-09,19.692222595214844,19.734032943309103,19.675500050878842,19.734032943309103,641000
2018-03-12,19.667137145996094,19.708945897413034,19.650413007468664,19.692221758885605,1024800
2018-03-13,19.616966247558594,19.67550073693156,19.59188163272908,19.65041452720029,609600
2018-03-14,19.625328063964844,19.65877634317448,19.616965994162435,19.625328063964844,1280200
2018-03-15,19.700584411621094,19.725670620155213,19.65041358945453,19.65041358945453,564300
2018-03-16,19.750755310058594,19.775839921762287,19.700582896848097,19.700582896848097,782500
2018-03-19,19.667137145996094,19.70058382814932,19.64205093820495,19.683861284523523,403400
2018-03-20,19.784202575683594,19.784202575683594,19.72566968677532,19.72566968677532,841100
2018-03-21,19.625328063964844,19.750757516099245,19.616965994162435,19.71730923688961,1043800
2018-03-22,19.650413513183594,19.692222265676506,19.642051443704677,19.650413513183594,723600
2018-03-23,19.583518981933594,19.616965665681438,19.566794842608815,19.60860519092076,798700
2018-03-26,19.49153709411621,19.53334744089137,19.474814550307798,19.516623302181305,1186400
2018-03-27,19.583518981933594,19.60024312125837,19.54171022852336,19.583518981933594,533400
2018-03-28,19.759117126464844,19.759117126464844,19.65041341359319,19.65041341359319,696500
2018-03-29,19.742395401000977,19.759117945665693,19.700585052084858,19.700585052084858,942600
2018-04-02,19.734033584594727,19.750757724375905,19.683862760152945,19.683862760152945,301100
2018-04-03,19.767480850219727,19.784204990492427,19.750758304848826,19.767480850219727,541300
2018-04-04,19.759117126464844,19.759117126464844,19.708946304747286,19.7340325130569,634500
2018-04-05,19.834373474121094,19.859459681567653,19.784202654129583,19.80092679242729,720400
2018-04-06,19.759117126464844,19.792565404210993,19.742394582493436,19.759117126464844,1083700
2018-04-09,19.708946228027344,19.71730829743133,19.69222208921937,19.700584158623357,2411100
2018-04-10,19.658775329589844,19.69222201217327,19.633689121476035,19.650413260218574,876800
2018-04-11,19.642053604125977,19.667139815321953,19.59188277663588,19.642053604125977,696500
2018-04-12,19.683862686157227,19.73403351041041,19.667138546438917,19.7173093706921,1713300
2018-04-13,19.683862686157227,19.70058523097379,19.667138546438917,19.692223161114637,1506500
2018-04-16,19.616966247558594,19.633690387379442,19.59188163272908,19.600243702639503,512100
2018-04-17,19.616966247558594,19.667138667021135,19.616966247558594,19.65041452720029,574000
2018-04-18,19.658775329589844,19.667137398961113,19.616964982733492,19.633689121476035,388000
2018-04-19,19.717309951782227,19.734034091993415,19.64205291573368,19.64205291573368,298900
2018-04-20,19.834373474121094,19.8510976124188,19.79256472327844,19.809288861576146,1691000
2018-04-23,19.959800720214844,19.96816119354216,19.901266242613595,19.901266242613595,1482900
2018-04-24,19.93471908569336,19.968165771374792,19.90963287525593,19.951443225984978,1062600
2018-04-25,20.01833724975586,20.035059794358354,19.99325104049953,20.00997518000375,816400
2018-04-26,20.110315322875977,20.118677392002564,19.976525406653806,19.976525406653806,958500
2018-04-27,20.09359359741211,20.168850627713034,20.09359359741211,20.152126488779125,826800
2018-04-30,20.17721176147461,20.185573831214757,20.127040937935455,20.17721176147461,782700
2018-05-01,20.311002731323242,20.336087344961346,20.269192383756934,20.2775544532702,2809700
2018-05-02,20.402982711791992,20.402982711791992,20.260830717043824,20.311003135120856,1757300
2018-05-03,20.31936264038086,20.36117298678345,20.294278027440942,20.32772470966138,883200
2018-05-04,20.344449996948242,20.411344960067897,20.327725857442896,20.39462082056255,925100
2018-05-07,20.38625717163086,20.41970544805055,20.36953462832262,20.402981309840705,997100
2018-05-08,20.461515426635742,20.50332577466953,20.428068743110412,20.4698774962425,767000
2018-05-09,20.461515426635742,20.4698774962425,20.419706673503654,20.43643081271717,583000
2018-05-10,20.369535446166992,20.44479247623129,20.344449237845005,20.369535446166992,673200
2018-05-11,20.33608627319336,20.36117248041103,20.302639591804727,20.311001660877285,369600
2018-05-14,20.361173629760742,20.369535699305324,20.277554529216626,20.285916598761204,946400
2018-05-15,20.48659896850586,20.55349392174982,20.461512762951315,20.520047242578585,1044400
2018-05-16,20.536771774291992,20.570220051605148,20.511687161208773,20.536771774291992,2209100
2018-05-17,20.561857223510742,20.586943430569885,20.5367710164516,20.570219292530457,796700
2018-05-18,20.603666305541992,20.637114582159555,20.578581692980432,20.628752513005164,484000
2018-05-21,20.58694839477539,20.645481297126057,20.578586323739298,20.620395084017783,971300
2018-05-22,20.57857894897461,20.603663558191318,20.56185481289587,20.57021688093524,740900
2018-05-23,20.662199020385742,20.729095573056437,20.662199020385742,20.687285227637254,2260800
2018-05-24,20.637115478515625,20.653839617550805,20.595305130927674,20.653839617550805,471600
2018-05-25,20.737459182739258,20.74582125308744,20.71237456659656,20.737459182739258,604700
2018-05-29,20.879608154296875,20.90469436169549,20.829437334401256,20.837799403534127,1098400
2018-05-30,20.720733642578125,20.79599066993447,20.70400950429858,20.779266531654923,2345800
2018-05-31,20.704010009765625,20.75418083092752,20.68728587107778,20.720734148453474,3064000
2018-06-01,20.737459182739258,20.804354150622864,20.71237456659656,20.72909870729292,1583400
2018-06-04,20.720733642578125,20.73745618595606,20.653838684361556,20.67056122773949,2888900
2018-06-05,20.695648193359375,20.779267292918938,20.653839441030428,20.737456945688322,1837200
2018-06-06,20.637115478515625,20.637115478515625,20.57022051727658,20.612029269962854,1524800
2018-06-07,20.595308303833008,20.595308303833008,20.553499544705694,20.561861615511543,1027100
2018-06-08,20.603666305541992,20.645476651313945,20.603666305541992,20.637114582159555,586500
2018-06-11,20.620391845703125,20.628753915426,20.578583091990463,20.603667706257372,948400
2018-06-12,20.662199020385742,20.69564729672109,20.603666131700486,20.620390269868157,1051300
2018-06-13,20.628755569458008,20.72073674888306,20.603669358277944,20.645479710244718,1800800
2018-06-14,20.89633560180664,20.89633560180664,20.754183593839173,20.754183593839173,3826300
2018-06-15,20.879608154296875,20.90469436169549,20.862885610932743,20.871246085164003,1226700
2018-06-18,20.879608154296875,20.91305643082836,20.879608154296875,20.90469436169549,1152700
2018-06-19,20.93814468383789,20.97995343868526,20.92978261388806,20.963229298785606,849600
2018-06-20,20.954866409301758,20.97159054854734,20.92978179533509,20.93814386495788,1258100
2018-06-21,20.89633560180664,20.95486850010468,20.862888914879985,20.938145954092285,3080000
2018-06-22,20.821077346801758,20.896334381619617,20.821077346801758,20.83780148673945,1596700
2018-06-25,20.787628173828125,20.821074854798628,20.770904035892084,20.804350716862587,941900
2018-06-26,20.89633560180664,20.89633560180664,20.829440633051473,20.8378027035086,1220600
2018-06-27,21.02176284790039,21.04684905853076,20.938145335602794,20.938145335602794,1612500
2018-06-28,21.02176284790039,21.04684905853076,20.97995409175159,21.030124918110513,798900
2018-06-29,20.85452651977539,20.938145628143097,20.85452651977539,20.921421487489187,1134200
2018-07-02,20.954866409301758,20.996676757415713,20.954866409301758,20.996676757415713,788600
2018-07-03,20.887971878051758,20.904696017642287,20.87124773846123,20.904696017642287,492100
2018-07-05,20.821077346801758,20.862887696645995,20.812715276832908,20.83780148673945,860800
2018-07-06,20.754180908203125,20.770905046953242,20.72073422560454,20.745818838828065,727600
2018-07-09,20.762542724609375,20.79599100170208,20.704009834598775,20.71237190387195,791800
2018-07-10,20.770906448364258,20.83780141297647,20.770906448364258,20.821077273097977,873200
2018-07-11,20.913055419921875,20.929779557379195,20.770903441337698,20.770903441337698,795600
2018-07-12,20.929780960083008,20.93814302937209,20.896332682926676,20.929780960083008,1109800
2018-07-13,20.904695510864258,20.988314611888054,20.904695510864258,20.971590472702957,543700
2018-07-16,20.871246337890625,20.896332545593005,20.846161725089875,20.862885863558127,458500
2018-07-17,20.963228225708008,20.996676503795147,20.904695333957196,20.904695333957196,1234200
2018-07-18,20.98831558227539,21.030124337269456,20.97159144231706,21.030124337269456,507500
2018-07-19,21.03012466430664,21.105381700387685,20.963229698334803,21.09701963027848,1390200
2018-07-20,20.86288833618164,20.913059162630905,20.84616419573128,20.896335022180544,1048500
2018-07-23,20.89633560180664,20.92142181317803,20.862888914879985,20.862888914879985,1576300
2018-07-24,20.904695510864258,20.913057580456808,20.85452468821066,20.896333441271707,353900
2018-07-25,20.804351806640625,20.90469504461149,20.795991332136243,20.854524223076886,397200
2018-07-26,20.946504592895508,20.946504592895508,20.871247560282328,20.879609630006208,1280000
2018-07-27,20.921419143676758,20.938143282457073,20.9130570742866,20.938143282457073,439700
2018-07-30,20.846162796020508,20.879609479773645,20.829438656693085,20.879609479773645,591300
2018-07-31,20.887971878051758,20.896333947847022,20.85452519377243,20.87124773846123,576200
2018-08-01,20.913055419921875,20.929779557379195,20.89633128246455,20.913055419921875,445800
2018-08-02,21.03012466430664,21.046848804525048,20.971591768444007,20.988315908662415,906700
2018-08-03,21.046850204467773,21.063574345798596,20.9966793753772,21.063574345798596,730700
2018-08-06,21.080293655395508,21.113741932921247,21.071933180915728,21.09701779415838,647900
2018-08-07,21.05521011352539,21.07193425313925,21.02176183429767,21.0301239041046,304900
2018-08-08,21.03012466430664,21.071935014852663,21.021762594197437,21.055210874634252,288500
2018-08-09,21.155550003051758,21.155550003051758,21.055208363512012,21.063570432623923,474400
2018-08-10,21.30606460571289,21.339512883021552,21.255893784651548,21.314426675040057,718400
2018-08-13,21.31442642211914,21.347874699030896,21.272617670881072,21.297702283663263,700800
2018-08-14,21.398046493530273,21.42313270235601,21.31442739234619,21.32278946195477,1770600
2018-08-15,21.398046493530273,21.4649414554972,21.389684423921697,21.456579385888624,877900
2018-08-16,21.381324768066406,21.423135120829297,21.322791869100236,21.372962697513827,640800
2018-08-17,21.272619247436523,21.331152141468458,21.272619247436523,21.31442800177312,1019300
2018-08-20,21.222444534301758,21.29770155989409,21.214084060259562,21.272616947964362,606200
2018-08-21,21.097015380859375,21.172272401781942,21.04684456521149,21.155548264932154,1564500
2018-08-22,21.038484573364258,21.08029332471393,21.021760434863733,21.038484573364258,983300
2018-08-23,21.17227554321289,21.19736175220973,21.09701851112408,21.138828859452147,1141900
2018-08-24,21.07193374633789,21.13046663867689,21.038485467914636,21.11374249946526,767500
2018-08-27,20.98831558227539,21.046848477227787,20.97159144231706,21.03848640724862,1301900
2018-08-28,20.98831558227539,20.98831558227539,20.913058547364663,20.913058547364663,993500
2018-08-29,20.954866409301758,21.021761371382382,20.946504339678967,20.988314687792922,597200
2018-08-30,20.97159194946289,21.03012484583076,20.97159194946289,20.99667816000704,610000
2018-08-31,21.06357192993164,21.105380683561584,21.005039036889034,21.038485720812645,988600
2018-09-04,21.155550003051758,21.214084486835148,21.147189528841448,21.172274141275583,2664700
2018-09-05,21.080293655395508,21.12210400230268,21.080293655395508,21.080293655395508,476900
2018-09-06,21.080293655395508,21.105379863539813,21.046846972771423,21.063571111534294,873700
2018-09-07,21.13882827758789,21.163912890992545,21.09701793041069,21.11374206928157,741000
2018-09-10,21.097015380859375,21.10537744928427,21.07193077048617,21.097015380859375,955000
2018-09-11,21.11374282836914,21.138829037577366,21.097018688896988,21.11374282836914,621900
2018-09-12,21.038484573364258,21.105379532464713,21.005037891264845,21.088655393964192,850100
2018-09-13,20.979951858520508,20.996675997160537,20.938143106822082,20.946503581240453,518500
2018-09-14,21.05521011352539,21.080294728044443,20.988315149971687,21.005039289585547,1536400
2018-09-17,20.954866409301758,20.97995261817013,20.954866409301758,20.96322847892455,338400
2018-09-18,20.98831558227539,21.01340019731112,20.921420617343827,20.946505232379558,393500
2018-09-19,20.979951858520508,21.01339854089892,20.954865650560468,20.988313927840522,267900
2018-09-20,20.829437255859375,20.887970144667154,20.821075186758033,20.854523463163396,1248000
2018-09-21,20.89633560180664,20.929783883635157,20.879611460892384,20.913059742720897,742700
2018-09-24,20.89633560180664,20.913059742720897,20.812716492137213,20.829440633051473,2013500
2018-09-25,20.913055419921875,20.913055419921875,20.85452253372278,20.87960714500723,695100
2018-09-26,20.921419143676758,20.95486582633573,20.846162114067,20.95486582633573,629000
2018-09-27,21.07193374633789,21.08865629064782,21.00503878439308,21.04684753752045,2658200
2018-09-28,21.12210464477539,21.16391339805261,21.088656366232254,21.155551328416827,1125200
2018-10-01,21.155550003051758,21.180636210387494,21.113741252393798,21.130465390617623,1595100
2018-10-02,21.18899917602539,21.230807928452318,21.17227503709395,21.21408538442255,1471500
2018-10-03,21.255895614624023,21.280981824765252,21.214086859290425,21.222447334435717,1033800
2018-10-04,21.26425552368164,21.306064274766406,21.222445177695253,21.26425552368164,1018000
2018-10-05,21.239168167114258,21.280978510838832,21.230806098369346,21.247530235859173,1279500
2018-10-08,21.26425552368164,21.331150482358236,21.26425552368164,21.32278841316096,761000
2018-10-09,21.255895614624023,21.356238860287153,21.247533544576946,21.331152650145924,898600
2018-10-10,21.230810165405273,21.255896376445605,21.197363478920007,21.230810165405273,1051600
2018-10-11,21.11374282836914,21.1889998610921,21.11374282836914,21.147191107313443,446700
2018-10-12,21.180635452270508,21.205721658708338,21.155549245832677,21.163911314645286,1070400
2018-10-15,21.13046646118164,21.147190600252785,21.113742322110493,21.13046646118164,422600
2018-10-16,21.13882827758789,21.13882827758789,21.08029379153981,21.08029379153981,244900
2018-10-17,21.24753189086914,21.26425602966164,21.180636930600787,21.20572313878954,641500
2018-10-18,21.339513778686523,21.347875848364662,21.255894676806847,21.272618816163124,541900
2018-10-19,21.297704696655273,21.339515047532007,21.255895940680347,21.331152977356663,667200
2018-10-22,21.372961044311523,21.381323114217295,21.339514359590193,21.339514359590193,1247000
2018-10-23,21.339513778686523,21.372960462497367,21.314427569652107,21.3562379180428,711300
2018-10-24,21.448217391967773,21.473303600882037,21.423132777955217,21.456579461605862,1189200
2018-10-25,21.50674819946289,21.531834405945055,21.456577381400113,21.456577381400113,1760100
2018-10-26,21.448217391967773,21.53183649344694,21.431493252691602,21.53183649344694,585100
2018-10-29,21.50674819946289,21.531834405945055,21.481663587882277,21.498386130635502,400700
2018-10-30,21.598731994628906,21.60709406447566,21.531837030756606,21.54019910060336,571700
2018-10-31,21.590370178222656,21.640541002990382,21.57364603833283,21.623818458002315,814100
2018-11-01,21.448217391967773,21.50675028453268,21.423132777955217,21.50675028453268,781400
2018-11-02,21.498390197753906,21.523476408981942,21.423134753873505,21.46494351101838,802900
2018-11-05,21.490028381347656,21.498388856333488,21.43985596202216,21.498388856333488,752800
2018-11-06,21.439855575561523,21.473303854508938,21.43149350582467,21.464941784772083,422200
2018-11-07,21.398046493530273,21.42313270235601,21.339513601171927,21.339513601171927,892800
2018-11-08,21.523473739624023,21.556922017113124,21.41477002758776,21.43985464080293,960500
2018-11-09,21.56528663635254,21.615457463616703,21.548562495630538,21.582009182172698,756900
2018-11-12,21.75760841369629,21.75760841369629,21.673989309047528,21.699075518912686,617600
2018-11-13,21.68235206604004,21.71579875201829,21.640541714939953,21.699076206480072,1204600
2018-11-14,21.607093811035156,21.690712913620157,21.573645532040466,21.682350843871486,714100
2018-11-15,21.657262802124023,21.690711078288533,21.607091982778854,21.690711078288533,475800
2018-11-16,21.498390197753906,21.531838479391286,21.490029722246415,21.523476408981942,991400
2018-11-19,21.481666564941406,21.498389110012145,21.439856215010135,21.481666564941406,496700
2018-11-20,21.590370178222656,21.6154563880574,21.506751073675275,21.506751073675275,374800
2018-11-21,21.590370178222656,21.590370178222656,21.540199353454934,21.548561423399846,514600
2018-11-23,21.632179260253906,21.640539734807117,21.590368912979514,21.590368912979514,147200
2018-11-26,21.673988342285156,21.673988342285156,21.5903692413662,21.5903692413662,244700
2018-11-27,21.732521057128906,21.76596933518424,21.657264026406086,21.657264026406086,1076000
2018-11-28,21.623817443847656,21.774331505993498,21.582007096083984,21.74088322778256,1654300
2018-11-29,21.590370178222656,21.640541002990382,21.590370178222656,21.6154563880574,535900
2018-11-30,21.673988342285156,21.732521234457913,21.640540063956895,21.640540063956895,325700
2018-12-03,21.68235206604004,21.68235206604004,21.63218123962175,21.640541714939953,478600
2018-12-04,21.640541076660156,21.68235142652706,21.556923566729882,21.556923566729882,879100
2018-12-06,21.632179260253906,21.640539734807117,21.565284299516545,21.632179260253906,492100
2018-12-07,21.573646545410156,21.61545689611746,21.556924000029035,21.590370685693077,1236600
2018-12-10,21.715797424316406,21.73252156373393,21.61545577761471,21.61545577761471,1093100
2018-12-11,21.774330139160156,21.807776820369867,21.724157724993205,21.73251979402103,554600
2018-12-12,21.690711975097656,21.740882796517155,21.65726369755022,21.740882796517155,874300
2018-12-13,21.690711975097656,21.749244865904014,21.682349905710797,21.707434518969716,832900
2018-12-14,21.774330139160156,21.841225096481164,21.774330139160156,21.816138889397692,446600
2018-12-17,21.715797424316406,21.74088363344269,21.690712810091842,21.72415949402517,437300
2018-12-18,21.707435607910156,21.72415974752283,21.665626853780207,21.665626853780207,903600
2018-12-19,21.715797424316406,21.715797424316406,21.582007498779667,21.640540391839277,850000
2018-12-20,21.548559188842773,21.632178284718965,21.4983867743761,21.590367939330072,1127500
2018-12-21,21.690711975097656,21.71579658835658,21.590368737357,21.590368737357,1157000
2018-12-24,21.5943603515625,21.653524338554508,21.54364997476602,21.653524338554508,907100
2018-12-26,21.704238891601562,21.738045278619513,21.602816506439463,21.6197205059755,723700
2018-12-27,21.611265182495117,21.687331556654506,21.569006802208293,21.687331556654506,571600
2018-12-28,21.552104949951172,21.594363334443187,21.526748952023542,21.526748952023542,892100
2018-12-31,21.509841918945312,21.577456286759038,21.509841918945312,21.56900428927561,625300
2019-01-02,21.670427322387695,21.72113931264115,21.653524937690403,21.687331319138845,1241600
2019-01-03,21.552104949951172,21.645075330298447,21.552104949951172,21.645075330298447,486200
2019-01-04,21.518293380737305,21.653523735182766,21.518293380737305,21.653523735182766,1367300
2019-01-07,21.425325393676758,21.45913177445613,21.416873395468457,21.433777391885055,947600
2019-01-08,21.492938995361328,21.509842991170814,21.4675830016471,21.484486997456585,1929000
2019-01-09,21.290098190307617,21.4422309449813,21.290098190307617,21.425326947338903,1293800
2019-01-10,21.416873931884766,21.425325930304755,21.349259556578694,21.349259556578694,691400
2019-01-11,21.43377685546875,21.459131237405288,21.40842086147843,21.40842086147843,624700
2019-01-14,21.43377685546875,21.442228853465526,21.399968863481654,21.416872859475202,597000
2019-01-15,21.509841918945312,21.585908284242464,21.459129934044757,21.47603392901161,1286500
2019-01-16,21.535198211669922,21.55210220813785,21.51829421520199,21.51829421520199,268900
2019-01-17,21.535198211669922,21.594360587253842,21.526746213435956,21.535198211669922,330400
2019-01-18,21.602813720703125,21.62816971673746,21.543651342010254,21.543651342010254,1957700
2019-01-22,21.602813720703125,21.661976099395996,21.585911335400816,21.661976099395996,794700
2019-01-23,21.552104949951172,21.619719332370817,21.552104949951172,21.594363334443187,1153800
2019-01-24,21.67888069152832,21.704236688258316,21.577459928716248,21.577459928716248,267400
2019-01-25,21.501394271850586,21.59436303887132,21.49294227265706,21.59436303887132,619100
2019-01-28,21.518293380737305,21.526745378643504,21.46758300535386,21.501390996978667,932700
2019-01-29,21.526748657226562,21.526748657226562,21.484490273313252,21.518296658033098,591200
2019-01-30,21.416873931884766,21.552102682496905,21.383065938204798,21.52674668723693,1213100
2019-01-31,21.459131240844727,21.476035236840985,21.39151686891348,21.39151686891348,1455000
2019-02-01,21.459131240844727,21.484487234839115,21.425324860906,21.425324860906,1043600
2019-02-04,21.518293380737305,21.552101372362113,21.518293380737305,21.518293380737305,806700
2019-02-05,21.57745933532715,21.60281371930593,21.53519934193932,21.56055533797202,633000
2019-02-06,21.66197395324707,21.670425951087807,21.594359582574945,21.594359582574945,575200
2019-02-07,21.71268653869629,21.71268653869629,21.670426548327924,21.678878546401595,396900
2019-02-08,21.738040924072266,21.738040924072266,21.69578254575146,21.712686541901302,263800
2019-02-11,21.822561264038086,21.8479172605533,21.788754880738413,21.788754880738413,829300
2019-02-12,21.74649429321289,21.822560668629187,21.73804229460509,21.805656671413587,437000
2019-02-13,21.864818572998047,21.864818572998047,21.7803002070477,21.822558583996,374100
2019-02-14,21.83946418762207,21.89017456610455,21.82256019077662,21.83946418762207,522600
2019-02-15,21.79720687866211,21.87327164409667,21.788754879824058,21.831013261960365,480000
2019-02-19,21.71268653869629,21.79720490737922,21.70423454062262,21.79720490737922,1069200
2019-02-20,21.729591369628906,21.74649536767971,21.678880987530473,21.738043368654306,352200
2019-02-21,21.74649429321289,21.76339829042849,21.712687910835594,21.712687910835594,209100
2019-02-22,21.738040924072266,21.763396918297026,21.712686541901302,21.746492922147187,165800
2019-02-25,21.721139907836914,21.75494629021171,21.704235910622565,21.704235910622565,372100
2019-02-26,21.636621475219727,21.729590235539053,21.602813480882592,21.687331854671534,391400
2019-02-27,21.653526306152344,21.670428691917834,21.611266311603714,21.611266311603714,389100
2019-02-28,21.670427322387695,21.695783317514422,21.636620940939252,21.645072939314826,340500
2019-03-01,21.754947662353516,21.763399661493782,21.645074897638086,21.661977283864612,886700
2019-03-04,21.780302047729492,21.822560428249105,21.780302047729492,21.780302047729492,254100
2019-03-05,21.83946418762207,21.873270569259105,21.805656193931174,21.8141081923539,426200
2019-03-06,21.83946418762207,21.847916186044795,21.82256019077662,21.831012189199345,782600
2019-03-07,22.033855438232422,22.033855438232422,21.932434680701068,21.932434680701068,689700
2019-03-08,21.96623992919922,21.96623992919922,21.94088393509766,21.96623992919922,512400
2019-03-11,21.915529251098633,21.96623962654927,21.915529251098633,21.932433246933435,605700
2019-03-12,21.873271942138672,21.89862793899832,21.847917557332995,21.890175940045104,593800
2019-03-13,21.7718505859375,21.847916962391107,21.76339858721444,21.83946496366805,519800
2019-03-14,21.83946418762207,21.847916186044795,21.82256019077662,21.831012189199345,266500
2019-03-15,21.8056583404541,21.82256233896356,21.78030395474394,21.82256233896356,349800
2019-03-18,21.780302047729492,21.814108429734404,21.763398050700093,21.763398050700093,381500
2019-03-19,21.754947662353516,21.771851660634045,21.738043664072986,21.746495663213253,269400
2019-03-20,21.628170013427734,21.788754766406903,21.60281401704557,21.76339877002474,1034500
2019-03-21,21.763395309448242,21.814105682095224,21.704232939351147,21.712684936801256,575800
2019-03-22,21.8056583404541,21.85637033598248,21.797207953253398,21.8056583404541,690100
2019-03-25,21.8056583404541,21.81411033970883,21.771851955489208,21.771851955489208,416100
2019-03-26,21.873271942138672,21.873271942138672,21.822561560473346,21.831013559426562,254000
2019-03-27,21.89862632751465,21.907078325845895,21.864819946243507,21.881722330852153,225300
2019-03-28,21.974695205688477,22.00005120357295,21.949339207803998,21.96624320639365,315000
2019-03-29,22.000049591064453,22.000049591064453,21.94933759901247,21.9577895976878,582400
2019-04-01,21.98314666748047,22.000050665656804,21.940886672039625,21.949338671127794,877300
2019-04-02,22.008502960205078,22.059213343360874,22.000050961003442,22.016953347352697,325500
2019-04-03,21.974695205688477,21.974695205688477,21.93243682126838,21.957791207098825,2471200
2019-04-04,22.000049591064453,22.016951976361202,22.000049591064453,22.016951976361202,294000
2019-04-05,22.02540397644043,22.05075997246804,22.008501591142608,22.008501591142608,222400
2019-04-08,21.949337005615234,21.97469300095573,21.940885007168404,21.957789004062068,329800
2019-04-09,21.957792282104492,21.957792282104492,21.915533895615518,21.915533895615518,958800
2019-04-10,21.923982620239258,21.9915969957536,21.91553062179323,21.9915969957536,1064300
2019-04-11,21.991596221923828,22.00004822007245,21.957788229329342,21.983144223775206,287100
2019-04-12,21.94088363647461,21.957787632312243,21.898625258934292,21.907077256853107,336400
2019-04-15,21.932435989379883,21.9493383752744,21.915531991431394,21.915531991431394,197500
2019-04-16,21.98314666748047,21.98314666748047,21.940886672039625,21.96624266930413,267200
2019-04-17,21.96623992919922,21.983143925266923,21.957787931165367,21.96623992919922,162200
2019-04-18,22.08456802368164,22.093020022996086,22.042309639163445,22.05076163847789,491700
2019-04-22,22.033855438232422,22.059211433642197,22.033855438232422,22.05075943517227,230300
2019-04-23,22.10992431640625,22.16063470091499,22.10992431640625,22.126828315260518,734000
2019-04-24,22.219797134399414,22.262055516509395,22.13527875812551,22.169085141402704,565400
2019-04-25,22.262056350708008,22.270508349857504,22.228248354110022,22.25360435155851,709900
2019-04-26,22.2367000579834,22.2367000579834,22.185989675813794,22.228248058946132,268300
2019-04-29,22.185989379882812,22.25360375922506,22.185989379882812,22.23669976137601,293500
2019-04-30,22.118371963500977,22.152178342503216,22.101467967972987,22.10991996573698,1107300
2019-05-01,22.14373016357422,22.16908454733921,22.033855793746252,22.093018171936432,732900
2019-05-02,22.194438934326172,22.2028909323198,22.152178944358027,22.152178944358027,240100
2019-05-03,22.10992431640625,22.21134669747779,22.10992431640625,22.202894698050656,1292700
2019-05-06,22.126827239990234,22.169085623018262,22.11837524097383,22.16063362400186,453100
2019-05-07,22.14373016357422,22.185988544551805,22.13527816496792,22.152180550126616,451300
2019-05-08,22.15218162536621,22.169085623399305,22.118375241354002,22.135279239387096,254100
2019-05-09,22.10992431640625,22.169086700342124,22.076117930751774,22.15218270148786,205000
2019-05-10,22.101469039916992,22.109921038090917,22.050758662927258,22.076114657449033,273200
2019-05-13,22.101469039916992,22.109921038090917,22.033854666579405,22.033854666579405,395400
2019-05-14,22.15218162536621,22.15218162536621,22.135279239387096,22.135279239387096,200100
2019-05-15,22.160634994506836,22.19444299266327,22.13528060794359,22.177538993585053,414700
2019-05-16,22.219797134399414,22.245151518843826,22.19444113790106,22.19444113790106,169400
2019-05-17,22.270505905151367,22.270505905151367,22.2282459140429,22.2282459140429,399700
2019-05-20,22.253602981567383,22.262054980196552,22.245150982938217,22.262054980196552,400400
2019-05-21,22.287410736083984,22.304313121106404,22.236698744855058,22.287410736083984,758700
2019-05-22,22.30431365966797,22.30431365966797,22.278959275495186,22.28741127423742,311500
2019-05-23,22.262056350708008,22.371929115543452,22.23670035325952,22.363477116393955,538400
2019-05-24,22.185989379882812,22.23669976137601,22.185989379882812,22.22824776245148,228000
2019-05-28,22.278959274291992,22.295861659721627,22.22824728184131,22.22824728184131,455000
2019-05-29,22.329668045043945,22.33812004317646,22.295860052513888,22.312764048778917,355200
2019-05-30,22.33812141418457,22.363475798084433,22.329669415533314,22.346573412835827,228300
2019-05-31,22.24515151977539,22.304313899553417,22.236699520942253,22.304313899553417,569600
2019-06-03,22.126827239990234,22.228248004079095,22.101471242941027,22.228248004079095,2164100
2019-06-04,22.101469039916992,22.160631415080655,22.084565043569143,22.143729030786623,880800
2019-06-05,22.17753791809082,22.17753791809082,22.067665153518824,22.084567539723285,1373700
2019-06-06,22.101469039916992,22.135277032612695,22.050758662927258,22.101469039916992,567000
2019-06-07,22.008502960205078,22.0423093449576,21.974694963398537,22.025405346554333,685100
2019-06-10,22.033855438232422,22.093017815468023,22.033855438232422,22.042307436702345,497700
2019-06-11,22.042308807373047,22.06766480435955,22.025404809382042,22.042308807373047,160500
2019-06-12,22.101469039916992,22.109921038090917,22.033854666579405,22.067662659275108,407200
2019-06-13,22.118371963500977,22.135275959028966,22.101467967972987,22.118371963500977,288800
2019-06-14,22.2367000579834,22.253604056057927,22.17753767677653,22.19444167485106,541100
2019-06-17,22.24515151977539,22.25360351860853,22.20289313766364,22.20289313766364,226000
2019-06-18,22.278959274291992,22.295861659721627,22.219796895153458,22.219796895153458,782400
2019-06-19,22.17753791809082,22.253604298199896,22.135279534498668,22.236700299941436,853600
2019-06-20,22.042308807373047,22.076116803355053,22.033856808377543,22.050760806368547,652300
2019-06-21,21.932435989379883,22.050760750911365,21.932435989379883,22.02540475398863,1123300
2019-06-24,21.89862632751465,21.940884707117036,21.890174329183402,21.92398232250839,3073800
2019-06-25,21.949337005615234,21.983144999402565,21.88172263009445,21.898626626988115,1605700
2019-06-26,21.96623992919922,21.983143925266923,21.915529553049897,21.957787931165367,224300
2019-06-27,21.96623992919922,21.97469192723307,21.957787931165367,21.957787931165367,753200
2019-06-28,21.949337005615234,21.983144999402565,21.923982622328612,21.949337005615234,285900
2019-07-01,22.10992431640625,22.118376315833384,22.008503547388766,22.016953934761844,1022300
2019-07-02,22.093017578125,22.109921574883256,22.050759198283227,22.076115193420605,383900
2019-07-03,22.093017578125,22.109921574883256,22.050759198283227,22.076115193420605,677800
2019-07-05,22.211345672607422,22.2620560547763,22.20289367357028,22.20289367357028,389700
2019-07-08,22.253602981567383,22.262054980196552,22.228246985679878,22.236698984309047,316900
2019-07-09,22.270505905151367,22.287409901594753,22.262053906929673,22.27895790337306,370400
2019-07-10,22.17753791809082,22.236700299941436,22.169085918961592,22.219797913736976,540500
2019-07-11,22.17753791809082,22.202893915478512,22.169085918961592,22.169085918961592,158900
2019-07-12,22.13528060913086,22.17753899477459,22.118376610051737,22.17753899477459,208900
2019-07-15,22.169082641601562,22.169082641601562,22.135276262136397,22.135276262136397,217900
2019-07-16,22.270505905151367,22.27895790337306,22.2282459140429,22.2282459140429,485600
2019-07-17,22.228248596191406,22.262056593157585,22.21134620976234,22.262056593157585,260000
2019-07-18,22.10992431640625,22.245153083132266,22.10992431640625,22.228249084277998,350600
2019-07-19,22.219797134399414,22.25360351767661,22.19444113790106,22.21134513556663,332100
2019-07-22,22.262056350708008,22.262056350708008,22.23670035325952,22.245152352409015,286100
2019-07-23,22.363475799560547,22.37192779821236,22.33812141565901,22.33812141565901,309900
2019-07-24,22.363475799560547,22.38037979686418,22.329669417007196,22.355025412962643,292300
2019-07-25,22.405736923217773,22.422640921374235,22.32121854448947,22.34657454172416,1315600
2019-07-26,22.43954086303711,22.464896857509657,22.414186480618376,22.414186480618376,438500
2019-07-29,22.456445693969727,22.481801689384657,22.447993695498084,22.47334969091301,803900
2019-07-30,22.456445693969727,22.4902536878563,22.456445693969727,22.47334969091301,274300
2019-07-31,22.5916748046875,22.600126803293556,22.439542053886278,22.46489804970445,810400
2019-08-01,22.524059295654297,22.650836044264537,22.515607297473107,22.650836044264537,1117900
2019-08-02,22.473350524902344,22.532512904345495,22.464898526117047,22.532512904345495,370700
2019-08-05,22.363475799560547,22.39728379416781,22.329669417007196,22.38037979686418,1188500
2019-08-06,22.388832092285156,22.40573608981285,22.35502570928369,22.388832092285156,369900
2019-08-07,22.371925354003906,22.380377351732314,22.312762981958798,22.34657097287242,1999900
2019-08-08,22.388832092285156,22.40573608981285,22.329669712992146,22.40573608981285,2407900
2019-08-09,22.363475799560547,22.388831795515994,22.32121741835538,22.363475799560547,523600
2019-08-12,22.34657096862793,22.35502296635473,22.321214975447525,22.338118970901128,650200
2019-08-13,22.4479923248291,22.4479923248291,22.338119575514295,22.346571573469863,483800
2019-08-14,22.49870491027832,22.49870491027832,22.42263853871117,22.439540923017567,813600
2019-08-15,22.515607833862305,22.540963829009936,22.473349454003444,22.481801452385987,2435300
2019-08-16,22.532512664794922,22.574771046218213,22.515608667404038,22.574771046218213,730300
2019-08-19,22.583223342895508,22.591675341702473,22.54096496091462,22.549416959721587,517900
2019-08-20,22.532512664794922,22.600127042304543,22.52406066609948,22.5916750436091,516700
2019-08-21,22.557870864868164,22.574773251856556,22.532514866304464,22.5409668658257,1076900
2019-08-22,22.540964126586914,22.566320122069286,22.515608131104543,22.540964126586914,299600
2019-08-23,22.414186477661133,22.625481595409703,22.40573447950473,22.56631922036871,2520300
2019-08-26,22.532512664794922,22.532512664794922,22.49025428337163,22.498706282067072,487700
2019-08-27,22.515607833862305,22.515607833862305,22.49025345076853,22.498705449151075,284900
2019-08-28,22.566320419311523,22.574770805863075,22.540964423495165,22.549416422100617,808700
2019-08-29,22.6254825592041,22.642386556236975,22.56632018164293,22.591674565138355,1463500
2019-08-30,22.71000099182129,22.75225937246032,22.608578621412178,22.64238661556651,623500
2019-09-03,22.760713577270508,22.82832796007937,22.735357579196915,22.811423961363644,1803600
2019-09-04,22.617029190063477,22.676191564039325,22.608577192059244,22.66773956603509,1136600
2019-09-05,22.6254825592041,22.6254825592041,22.54096418609362,22.549416184610056,799900
2019-09-06,22.633934020996094,22.633934020996094,22.56631964652184,22.591674029416033,813300
2019-09-09,22.5916748046875,22.60857880189961,22.56632042092323,22.600126803293556,936100
2019-09-10,22.617029190063477,22.625481188067713,22.60012519405501,22.608577192059244,286900
2019-09-11,22.68464469909668,22.710000694380334,22.676192700668796,22.68464469909668,449500
2019-09-12,22.617029190063477,22.735353938015173,22.583221198046544,22.718449942006707,450400
2019-09-13,22.583223342895508,22.608579339316403,22.566320957335517,22.574771344088543,2010800
2019-09-16,22.68464469909668,22.70154869595245,22.650836705385142,22.650836705385142,433100
2019-09-17,22.583223342895508,22.684645716525146,22.583223342895508,22.667741718911216,395400
2019-09-18,22.667741775512695,22.701549770824975,22.608579395770153,22.61703139459822,895600
2019-09-19,22.617029190063477,22.64238518407618,22.591673196050778,22.617029190063477,517200
2019-09-20,22.676193237304688,22.701549233188395,22.667741238676786,22.676193237304688,303200
2019-09-23,22.71000099182129,22.726903376844568,22.693096994744124,22.726903376844568,355300
2019-09-24,22.6254825592041,22.693096935281712,22.6254825592041,22.693096935281712,513600
2019-09-25,22.802968978881836,22.811420977133995,22.718450608414084,22.7353546049184,894900
2019-09-26,22.862133026123047,22.87058502499316,22.76071226378959,22.777616261529815,821500
2019-09-27,22.828327178955078,22.853683176161056,22.8029711817491,22.853683176161056,394300
2019-09-30,22.90439224243164,22.912844241014646,22.870584248099615,22.90439224243164,427500
2019-10-01,22.828327178955078,22.963555939945643,22.81987517988642,22.95510394087698,972700
2019-10-02,22.811424255371094,22.853684252705087,22.802972255904297,22.845232253238287,713300
2019-10-03,22.802968978881836,22.82832497363831,22.7353546049184,22.819872975386154,896300
2019-10-04,22.78606605529785,22.819874049898395,22.77761566870163,22.802970052598123,2127300
2019-10-07,22.828327178955078,22.828327178955078,22.769164797528454,22.777616796597115,452900
2019-10-08,22.862133026123047,22.887489022733387,22.81987464382643,22.81987464382643,1320500
2019-10-09,22.845230102539062,22.862132487827367,22.819874106525738,22.819874106525738,346000
2019-10-10,22.75225830078125,22.811420675710774,22.743806302640774,22.786064681289343,467300
2019-10-11,22.667741775512695,22.701549770824975,22.642387391082433,22.667741775512695,558800
2019-10-14,22.7353572845459,22.7353572845459,22.70155089960662,22.718453286049247,336600
2019-10-15,22.667741775512695,22.760712150567517,22.659289776684627,22.743808152911377,413600
2019-10-16,22.608579635620117,22.667742015990303,22.591675637784647,22.650838018154833,614600
2019-10-17,22.524059295654297,22.549415290197874,22.507155299291913,22.53251129383549,545400
2019-10-18,22.43954086303711,22.50715523624342,22.43954086303711,22.490252851982202,397300
2019-10-21,22.456445693969727,22.47334969091301,22.43109131060867,22.43109131060867,391100
2019-10-22,22.507156372070312,22.51560837065436,22.44799399403588,22.490253986956116,2139300
2019-10-23,22.49870491027832,22.53251129094493,22.481800913918104,22.515607294584715,408100
2019-10-24,22.566320419311523,22.58322280446853,22.490254043916348,22.490254043916348,624900
2019-10-25,22.5916748046875,22.60857880189961,22.557868422317174,22.574770807475385,368600
2019-10-28,22.574769973754883,22.583221972048797,22.5578675892209,22.574769973754883,505800
2019-10-29,22.566320419311523,22.58322280446853,22.540964423495165,22.574770805863075,325400
2019-10-30,22.515607833862305,22.63393419916406,22.50715583547976,22.566319824157567,319200
2019-10-31,22.473350524902344,22.515608906774897,22.473350524902344,22.49025452247294,293500
2019-11-01,22.46489715576172,22.490253150570904,22.447993159222264,22.481801152301177,648800
2019-11-04,22.549413681030273,22.549413681030273,22.490251310037685,22.498703307615727,389200
2019-11-05,22.633934020996094,22.65083640557427,22.58322203110002,22.591674029416033,1795200
2019-11-06,22.633934020996094,22.642386019312106,22.608578026048058,22.608578026048058,425200
2019-11-07,22.68464469909668,22.710000694380334,22.650836705385142,22.650836705385142,548200
2019-11-08,22.7353572845459,22.752261283042547,22.718453286049247,22.743809283794224,237400
2019-11-11,22.701547622680664,22.70999962070896,22.69309562465237,22.70999962070896,135500
2019-11-12,22.7353572845459,22.752261283042547,22.718453286049247,22.7353572845459,347500
2019-11-13,22.726903915405273,22.752259911621888,22.726903915405273,22.752259911621888,150900
2019-11-14,22.71000099182129,22.7607113709989,22.693096994744124,22.743807373921733,123200
2019-11-15,22.659290313720703,22.68464631080586,22.659290313720703,22.676194311777476,439200
2019-11-18,22.617029190063477,22.64238518407618,22.591673196050778,22.64238518407618,528700
2019-11-19,22.64238739013672,22.64238739013672,22.61703139365357,22.625483392481286,269700
2019-11-20,22.64238739013672,22.676193773393642,22.64238739013672,22.650837776910492,473500
2019-11-21,22.676193237304688,22.693097234560494,22.63393485621908,22.642386854846983,111300
2019-11-22,22.74380874633789,22.752260745386486,22.659290367905903,22.659290367905903,225800
2019-11-25,22.760713577270508,22.76916557662837,22.726905579839052,22.760713577270508,601200
2019-11-26,22.7353572845459,22.7691652815392,22.7353572845459,22.752261283042547,307900
2019-11-27,22.769163131713867,22.786065516560598,22.760711133263563,22.769163131713867,176000
2019-11-29,22.74380874633789,22.802971127624087,22.73535674728929,22.777616742532278,2004200
2019-12-02,22.650836944580078,22.726903319180437,22.642386558116822,22.7184513206633,704800
2019-12-03,22.6254825592041,22.642386556236975,22.60857856217123,22.6254825592041,499700
2019-12-04,22.600126266479492,22.61703026329009,22.54941588810156,22.566319884912158,317000
2019-12-05,22.549413681030273,22.583220059288735,22.549413681030273,22.583220059288735,270800
2019-12-06,22.633934020996094,22.667740402206295,22.608578026048058,22.61703002436407,313400
2019-12-09,22.608579635620117,22.633935632373323,22.600127636702382,22.600127636702382,212200
2019-12-10,22.583223342895508,22.608579339316403,22.566320957335517,22.574771344088543,205700
2019-12-11,22.49870491027832,22.58322166797176,22.473348915737997,22.56631928366536,552300
2019-12-12,22.532512664794922,22.600127042304543,22.49025428337163,22.49025428337163,627300
2019-12-13,22.532512664794922,22.532512664794922,22.464898287285305,22.464898287285305,291700
2019-12-16,22.49025535583496,22.507157741977927,22.456447359441036,22.473351357638,814400
2019-12-17,22.532512664794922,22.532512664794922,22.507156668708596,22.515608667404038,199300
2019-12-18,22.574769973754883,22.583221972048797,22.54941559092699,22.5578675892209,237900
2019-12-19,22.574769973754883,22.591673970342708,22.5578675892209,22.583221972048797,427300
2019-12-20,22.650836944580078,22.659288943097216,22.617030562565407,22.617030562565407,686800
2019-12-23,22.638769149780273,22.73360077211,22.62152673766088,22.73360077211,826000
2019-12-24,22.638769149780273,22.656011561899664,22.62152673766088,22.647390355839967,274200
2019-12-26,22.604284286499023,22.638769110678243,22.59566308045422,22.621526698588635,235100
2019-12-27,22.49220848083496,22.535312860186103,22.474966071363838,22.51807209504165,573300
2019-12-30,22.449106216430664,22.45772577765161,22.41462139423957,22.449106216430664,527600
2019-12-31,22.38875961303711,22.39738081929165,22.3542764323459,22.380138406782567,505200
2020-01-02,22.46634864807129,22.48359106044459,22.406001849091698,22.457727441884643,556500
2020-01-03,22.49220848083496,22.51807209504165,22.44910410148382,22.51807209504165,663500
2020-01-06,22.44048500061035,22.457725767371176,22.431863795066523,22.431863795066523,308800
2020-01-07,22.51807403564453,22.53531480227479,22.500831624687457,22.500831624687457,145100
2020-01-08,22.57842254638672,22.595663314327858,22.53531651571653,22.54393772185057,685600
2020-01-09,22.621524810791016,22.656009632092427,22.621524810791016,22.621524810791016,167000
2020-01-10,22.604284286499023,22.64739031672305,22.59566308045422,22.638769110678243,211800
2020-01-13,22.604284286499023,22.638769110678243,22.59566308045422,22.63014790463344,217000
2020-01-14,22.612903594970703,22.656009621577464,22.60428238964935,22.64738841625611,589900
2020-01-15,22.57842254638672,22.604284520461896,22.56980134025268,22.56980134025268,242500
2020-01-16,22.612903594970703,22.621524800292054,22.578420418012076,22.578420418012076,108600
2020-01-17,22.690494537353516,22.690494537353516,22.66463256373439,22.66463256373439,284500
2020-01-21,22.673250198364258,22.681871403613545,22.63876702169388,22.63876702169388,327200
2020-01-22,22.656009674072266,22.699114056452117,22.647388468730938,22.647388468730938,216500
2020-01-23,22.716358184814453,22.73360059680088,22.69049456683481,22.699115772828026,126400
2020-01-24,22.750839233398438,22.776702848955445,22.74221802821277,22.74221802821277,221800
2020-01-27,22.785324096679688,22.79394530188145,22.759460481074395,22.759460481074395,226800
2020-01-28,22.785324096679688,22.828428478361747,22.785324096679688,22.81118606795822,158400
2020-01-29,22.81981086730957,22.8370532804288,22.793948891957744,22.828432073869187,152600
2020-01-30,22.750839233398438,22.793945259326783,22.750839233398438,22.785324054141114,160900
2020-01-31,22.656009674072266,22.724977672476104,22.647388468730938,22.716356467134776,784700
2020-02-03,22.768085479736328,22.785327893012667,22.74222185982182,22.74222185982182,860600
2020-02-04,22.802566528320312,22.802566528320312,22.785324117900725,22.785324117900725,469400
2020-02-05,22.888776779174805,22.888776779174805,22.845672394651494,22.862914806191565,388100
2020-02-06,22.931882858276367,22.94912526985422,22.88877682933173,22.88877682933173,140600
2020-02-07,22.983610153198242,22.983610153198242,22.923263352527165,22.923263352527165,95700
2020-02-10,23.01809310913086,23.026712670531985,22.98360828621891,23.000850697674885,256100
2020-02-11,22.992229461669922,23.00947187310319,22.98360825595329,23.00947187310319,268900
2020-02-12,23.052576065063477,23.0611972707082,22.983608064232563,22.983608064232563,172400
2020-02-13,23.078441619873047,23.078441619873047,23.035335588029877,23.052578000767145,592400
2020-02-14,23.069820404052734,23.08706281678294,23.043956784957427,23.078441610417837,162600
2020-02-18,23.156028747558594,23.16464995315085,23.10430151400506,23.156028747558594,148400
2020-02-19,23.199134826660156,23.22499844532712,23.190513620437834,23.199134826660156,246100
2020-02-20,23.268102645874023,23.268102645874023,23.216377053281064,23.22499825943438,385600
2020-02-21,23.130165100097656,23.224996717159833,23.121543894516837,23.224996717159833,1199500
2020-02-24,23.13878631591797,23.173269493929674,23.087060726736997,23.16464993267187,335800
2020-02-25,23.069820404052734,23.13878841064657,23.043956784957427,23.130167204281467,355000
2020-02-26,23.087060928344727,23.13878651797739,23.06981851702489,23.095682134004644,1037600
2020-02-27,22.949125289916992,23.00085088036891,22.923261672527598,22.96636605718305,1103600
2020-02-28,22.87153434753418,23.026711107121564,22.837049526963597,22.949123549491247,4081100
2020-03-02,22.750839233398438,22.776702848955445,22.664630470195263,22.768081643769776,1447200
2020-03-03,22.656009674072266,22.7508396441733,22.612903647365624,22.7508396441733,1429500
2020-03-04,22.733598709106445,22.768081885889064,22.7077350932744,22.733598709106445,613900
2020-03-05,22.56117820739746,22.656009822446332,22.552557001999674,22.62152500085518,848300
2020-03-06,22.43186378479004,22.449106195869792,22.345653373718097,22.35427457925797,1574800
2020-03-09,22.190473556518555,22.199094761512132,21.24216238347211,22.190473556518555,2684400
2020-03-10,22.51807403564453,22.552557213231864,22.337032009248894,22.337032009248894,5135700
2020-03-11,22.55255889892578,22.56118010504871,22.42324409573571,22.4491077141045,722700
2020-03-12,22.793947219848633,22.983608817265996,22.57842200464972,22.630147595885926,3224700
2020-03-13,23.65604591369629,24.112958275694552,22.880155538918917,22.906017510004556,1333500
2020-03-16,22.897397994995117,23.00947202572791,22.69911519517786,22.97498720263263,1673200
2020-03-17,23.30258560180664,23.362932395713592,23.199132780589864,23.216375191513794,1456000
2020-03-18,23.65604591369629,24.1474430962444,23.466382689325616,23.47500389446308,4116300
2020-03-19,24.216411590576172,24.914712777790673,23.923297187187018,24.906091572476075,4056500
2020-03-20,24.147443771362305,24.207790564684977,23.862950571179137,24.13882256598381,6811700
2020-03-23,24.112960815429688,24.1388244335662,23.90605680331835,24.018130837582984,2220200
2020-03-24,23.837085723876953,23.914674923949196,23.716392143465335,23.750875318871493,5991000
2020-03-25,23.61294174194336,23.828466954321307,23.535352533941147,23.750877746319095,4433200
2020-03-26,23.233617782592773,23.41465816571742,23.22499657706396,23.406036960188604,7221000
2020-03-27,23.043954849243164,23.371554086290477,22.992229259724528,23.34569046936774,4150600
2020-03-30,23.147409439086914,23.23361985774829,23.13878823278808,23.18189261995528,2272500
2020-03-31,23.130165100097656,23.31982668989518,23.09568192210121,23.25947989515628,1534800
2020-04-01,23.27672004699707,23.319824426390472,23.233615667603672,23.268098842253057,3000000
2020-04-02,23.397415161132812,23.457761953976867,23.311206396685183,23.380174394839354,3650000
2020-04-03,23.5267333984375,23.578458989933242,23.48362736858529,23.500869780526173,3110700
2020-04-06,23.535350799560547,23.587078030634693,23.49224641799218,23.50948882835023,1704900
2020-04-07,23.319826126098633,23.362932152960568,23.276721743563492,23.285342948935877,2140300
2020-04-08,23.406036376953125,23.406036376953125,23.337068378767984,23.337068378767984,2153400
2020-04-09,23.233617782592773,23.276722165910027,23.181890549419883,23.233617782592773,1685500
2020-04-13,23.199134826660156,23.25086041966713,23.173271207993192,23.22499844532712,1185600
2020-04-14,23.069820404052734,23.13878841064657,23.069820404052734,23.121545997916364,2435900
2020-04-15,23.242238998413086,23.328449415511745,23.173270993599548,23.319828209369184,2069600
2020-04-16,23.34568977355957,23.43190018307239,23.26810056943071,23.293964185582595,2609300
2020-04-17,23.28534507751465,23.311208695996072,23.250860252872744,23.293966283675122,881600
2020-04-20,23.362932205200195,23.362932205200195,23.285343001002015,23.337068589025204,1298900
2020-04-21,23.397415161132812,23.466383159286988,23.362931984219117,23.44914239299353,1643800
2020-04-22,23.466384887695312,23.475006093640424,23.362933705007784,23.362933705007784,947700
2020-04-23,23.475006103515625,23.500869721361838,23.36293371483584,23.483627309464364,1491100
2020-04-24,23.423280715942383,23.47500630775794,23.414659509918636,23.44914433401362,843600
2020-04-27,23.362932205200195,23.38879417704839,23.319826178241875,23.328447383633538,2184200
2020-04-28,23.33707046508789,23.34569167117261,23.25086004856761,23.25948125465233,1051400
2020-04-29,23.242238998413086,23.311208647553563,23.224998230454904,23.259481410698207,781800
2020-04-30,23.09568214416504,23.276722530122438,23.069818527173904,23.250858913131303,1839200
2020-05-01,23.121545791625977,23.138788204202346,23.052577785647472,23.095683817088393,1096100
2020-05-04,23.2508602142334,23.259481420379547,23.19913462168345,23.216377033975743,1000500
2020-05-05,23.268102645874023,23.302587470487293,23.19051343482111,23.27672385202734,4938200
2020-05-06,23.380176544189453,23.38879610596519,23.31120853969502,23.3370705136761,755100
2020-05-07,23.311208724975586,23.431902322718397,23.285345106462007,23.406038704204818,653200
2020-05-08,23.30258560180664,23.32844757386573,23.199132780589864,23.30258560180664,1091300
2020-05-11,23.388795852661133,23.41465947068904,23.328449054922938,23.345691466941542,4346000
2020-05-12,23.34568977355957,23.34568977355957,23.26810056943071,23.293964185582595,629400
2020-05-13,23.388795852661133,23.406038264679736,23.276723463194042,23.293965875212645,826600
2020-05-14,23.41465950012207,23.457763885895847,23.388795882061654,23.440523118182483,940300
2020-05-15,23.431901931762695,23.449144343817395,23.35431272184346,23.380176339925512,450800
2020-05-18,23.242238998413086,23.362934240081984,23.233619436597465,23.345691827796866,1819600
2020-05-19,23.22499656677246,23.233617772297453,23.16464977242432,23.216375361247465,803400
2020-05-20,23.147409439086914,23.156030645385748,23.095683845620876,23.130167026489243,1790200
2020-05-21,23.199134826660156,23.22499844532712,23.13016682120854,23.138788027430863,1025400
2020-05-22,23.268102645874023,23.302587470487293,23.25948143972071,23.27672385202734,2072200
2020-05-26,23.09568214416504,23.121544116829327,23.061197321510193,23.112922911165615,1059900
2020-05-27,23.087060928344727,23.16465013495715,23.06981851702489,23.087060928344727,581800
2020-05-28,22.966365814208984,23.05257622693469,22.94050384142007,23.03533381552418,3065100
2020-05-29,22.931882858276367,22.974987242894134,22.871536062080743,22.91464044669851,1369300
2020-06-01,22.802566528320312,22.888775291764723,22.802566528320312,22.871534525671898,1381400
2020-06-02,22.776704788208008,22.7939472000474,22.724979197016737,22.759462376368617,787400
2020-06-03,22.638769149780273,22.75084153990247,22.638769149780273,22.742220333842774,6785400
2020-06-04,22.55255889892578,22.656011728074,22.50083330651514,22.656011728074,3238700
2020-06-05,22.59566307067871,22.612905482760862,22.535316272718102,22.552558684800253,4095300
2020-06-08,22.535316467285156,22.578422497862704,22.518075699381072,22.552558879516177,1794500
2020-06-09,22.46634864807129,22.54393785942418,22.440486673838294,22.53531665323753,1034100
2020-06-10,22.35427474975586,22.474968339581025,22.311168721727704,22.40600033906281,1231100
2020-06-11,22.57842254638672,22.587043752520756,22.38875930009176,22.449107743030027,1079800
2020-06-12,22.638769149780273,22.73360077211,22.535316321390845,22.56980114562963,1784900
2020-06-15,22.543935775756836,22.673250567950493,22.509452598524366,22.656009801497657,725200
2020-06-16,22.612903594970703,22.673250387893386,22.56117800736937,22.56117800736937,1421400
2020-06-17,22.63014793395996,22.699115938080855,22.621526727903984,22.621526727903984,751200
2020-06-18,22.716358184814453,22.742220158467184,22.66463259318208,22.6818733608416,616000
2020-06-19,22.742219924926758,22.776704748545487,22.673251922016192,22.673251922016192,1957900
2020-06-22,22.621524810791016,22.69049280906706,22.595661194814955,22.69049280906706,935100
2020-06-23,22.543935775756836,22.543935775756836,22.457725366185464,22.500831393134547,1563800
2020-06-24,22.647390365600586,22.66463277772741,22.587043567483633,22.595663129220117,1174900
2020-06-25,22.68187141418457,22.733598645704397,22.68187141418457,22.71635623519779,1144800
2020-06-26,22.716358184814453,22.768083776446826,22.69049456683481,22.699115772828026,556200
2020-06-29,22.724979400634766,22.75084137429868,22.65601139698614,22.65601139698614,551400
2020-06-30,22.690494537353516,22.76808374686472,22.656011357752377,22.750841334900695,995400
2020-07-01,22.638769149780273,22.69911594787122,22.612905531601186,22.681873535751826,736900
2020-07-02,22.656009674072266,22.699114056452117,22.587041675668427,22.621524852706955,519300
2020-07-06,22.535316467285156,22.561180085631687,22.49221208103454,22.518075699381072,984100
2020-07-07,22.5870418548584,22.604282621351043,22.543935827809786,22.543935827809786,598100
2020-07-08,22.46634864807129,22.54393785942418,22.457727441884643,22.53531665323753,439000
2020-07-09,22.543935775756836,22.55255698114665,22.440484599732628,22.449105805122443,629200
2020-07-10,22.50945472717285,22.526695495256096,22.466348696147367,22.492212314762657,219500
2020-07-13,22.4749698638916,22.49221227627229,22.423244271076488,22.4749698638916,374500
2020-07-14,22.43186378479004,22.49221057924235,22.406000168170408,22.49221057924235,774400
2020-07-15,22.371517181396484,22.39737915391016,22.302549180815287,22.328411153328965,525400
2020-07-16,22.449106216430664,22.45772577765161,22.337032188636442,22.397378983144026,373900
2020-07-17,22.35427474975586,22.388757927851547,22.337032338544596,22.388757927851547,420100
2020-07-20,22.31978988647461,22.38875788686657,22.311168680884762,22.35427470883401,296500
2020-07-21,22.181854248046875,22.302549483949573,22.13874986372032,22.29392827821889,1351000
2020-07-22,22.12150764465332,22.138750056264644,22.087024465757544,22.112886438847656,653800
2020-07-23,22.07840347290039,22.14737147568402,22.035297443456315,22.138750269795207,1249900
2020-07-24,21.98357391357422,22.052541922824116,21.9749527068771,22.026678302732762,1095200
2020-07-27,21.819772720336914,21.85425754466836,21.76804712816667,21.837015132502636,1412600
2020-07-28,21.854257583618164,21.86287878971639,21.802531991355732,21.837015171421708,1246000
2020-07-29,21.750802993774414,21.79390902077559,21.6990774056998,21.79390902077559,1282400
2020-07-30,21.664594650268555,21.76804748061096,21.65597508837306,21.724943093825683,537200
2020-07-31,21.79391098022461,21.80253218639996,21.66459453192128,21.681836944271982,1742100
2020-08-03,21.79391098022461,21.90598337185029,21.785289774049257,21.88874095949959,1447400
2020-08-04,21.716320037841797,21.854256036997867,21.716320037841797,21.845634831509763,1094400
2020-08-05,21.621488571166992,21.647352187809982,21.56114177666017,21.604246160071664,1266200
2020-08-06,21.621488571166992,21.69045657122148,21.587005393303162,21.630109776714654,766900
2020-08-07,21.750802993774414,21.8197709926495,21.74218178837418,21.768045404574885,1201700
2020-08-10,21.785287857055664,21.811149828979055,21.733560624555288,21.785287857055664,1037600
2020-08-11,21.819772720336914,21.837015132502636,21.742183509918085,21.776668334249532,1124600
2020-08-12,21.750802993774414,21.785287815375355,21.71631981650027,21.750802993774414,607700
2020-08-13,21.742183685302734,21.759426097607545,21.64735370628016,21.69907929886765,1077600
2020-08-14,21.707698822021484,21.71632002750549,21.66459279460147,21.699077616537483,1913500
2020-08-17,21.612869262695312,21.655975294217278,21.612869262695312,21.655975294217278,951900
2020-08-18,21.49217414855957,21.53527853271705,21.457689325772105,21.483552942862705,1104800
2020-08-19,21.664594650268555,21.68183706271345,21.483554252578035,21.509417871245375,1512800
2020-08-20,21.604248046875,21.716322084455776,21.604248046875,21.716322084455776,933200
2020-08-21,21.707698822021484,21.776666821566696,21.707698822021484,21.72494123298949,1667500
2020-08-24,21.742183685302734,21.742183685302734,21.64735370628016,21.64735370628016,450400
2020-08-25,21.664594650268555,21.716321887603236,21.65597508837306,21.673215856491,869200
2020-08-26,21.63873291015625,21.71632212267118,21.621490497524718,21.71632212267118,879900
2020-08-27,21.664594650268555,21.74218386194362,21.552522258030653,21.569764670475546,698300
2020-08-28,21.49217414855957,21.56114214980765,21.483552942862705,21.518036121323316,1200300
2020-08-31,21.466310501098633,21.500795323837313,21.423206117002138,21.466310501098633,1732200
2020-09-01,21.509416580200195,21.526657347283304,21.380100138952322,21.380100138952322,1022900
2020-09-02,21.587005615234375,21.63873120472531,21.578384409598076,21.595625176543827,1923900
2020-09-03,21.595624923706055,21.66459292366212,21.587005362497514,21.612867334776777,1004400
2020-09-04,21.630109786987305,21.707698992626305,21.587005403555338,21.67321417041927,1193400
2020-09-08,21.742183685302734,21.76804730375995,21.707700505020057,21.73356247915033,1556900
2020-09-09,21.707698822021484,21.72494123298949,21.681835205569477,21.72494123298949,646300
2020-09-10,21.750802993774414,21.75942419917465,21.587005024150333,21.61286699602424,950300
2020-09-11,21.707698822021484,21.750803205114686,21.699077616537483,21.699077616537483,467800
2020-09-14,21.655973434448242,21.68183540681348,21.621488612192152,21.638731023320197,611900
2020-09-15,21.673213958740234,21.6990775751429,21.63010957572926,21.638730781196816,448500
2020-09-16,21.699077606201172,21.724941222640858,21.621488401208918,21.63873081216871,601600
2020-09-17,21.621488571166992,21.724941393412134,21.621488571166992,21.724941393412134,875600
2020-09-18,21.64735221862793,21.664592985420978,21.595624985268305,21.64735221862793,820100
2020-09-21,21.802532196044922,21.845636582613803,21.75080495896993,21.759426165149094,1408500
2020-09-22,21.880117416381836,21.914602237400032,21.79390865248988,21.81114941867221,1328300
2020-09-23,22.000812530517578,22.01805494093647,21.897359712330985,21.940465738378215,12116400
2020-09-24,21.96632957458496,22.035297577789038,21.931846395146373,22.018056810233194,2385000
2020-09-25,22.026676177978516,22.069782207305977,22.01805661643991,22.0439185897095,1410500
2020-09-28,21.95770835876465,21.983571976577128,21.923225179341575,21.940467591216564,756400
2020-09-29,21.854257583618164,21.91460438197882,21.854257583618164,21.897361969782366,1239000
2020-09-30,21.854257583618164,21.9404680002735,21.81115155312703,21.897361969782366,1218000
2020-10-01,21.819772720336914,21.880119518590018,21.819772720336914,21.837015132502636,915800
2020-10-02,21.871498107910156,21.880117668937427,21.83701328649391,21.871498107910156,1354000
2020-10-05,21.776668548583984,21.785289754751698,21.742183723913122,21.785289754751698,1047100
2020-10-06,21.837013244628906,21.854255655303973,21.742181630242825,21.742181630242825,2283000
2020-10-07,21.81114959716797,21.828392007818174,21.793908830844547,21.81977080249307,1158500
2020-10-08,21.802532196044922,21.85425778879297,21.793910989865758,21.811151757897143,885300
2020-10-09,21.673213958740234,21.72494119154557,21.65597319213193,21.6990775751429,1993200
2020-10-12,21.64735221862793,21.673214190980914,21.64735221862793,21.664592985420978,676000
2020-10-13,21.776668548583984,21.785289754751698,21.73356251774541,21.742183723913122,12537500
2020-10-14,21.724943161010742,21.750805135431108,21.69907954226342,21.73356272293289,879300
2020-10-15,21.828393936157227,21.854257554417348,21.81115152398381,21.828393936157227,1417200
2020-10-16,21.802532196044922,21.811151757897143,21.776668577507426,21.793910989865758,951300
2020-10-19,21.733562469482422,21.750804881779562,21.69045808306651,21.69907928921508,545900
2020-10-20,21.664594650268555,21.699079475158342,21.638732675928168,21.68183706271345,1538500
2020-10-21,21.552522659301758,21.595627046889565,21.51803783376992,21.595627046889565,1624000
2020-10-22,21.63873291015625,21.63873291015625,21.587007316588622,21.587007316588622,1276100
2020-10-23,21.587005615234375,21.63873120472531,21.578384409598076,21.578384409598076,481500
2020-10-26,21.664594650268555,21.664594650268555,21.63011146970572,21.63011146970572,368300
2020-10-27,21.621488571166992,21.630109776714654,21.587005393303162,21.604246160071664,181800
2020-10-28,21.759424209594727,21.78528782580782,21.72494103230407,21.750803004190363,648700
2020-10-29,21.84563446044922,21.905981253514124,21.811149639082537,21.811149639082537,1219600
2020-10-30,21.871498107910156,21.89736007964555,21.811149670431725,21.828392081139846,608500
2020-11-02,21.897361755371094,21.923225373412528,21.880119343343473,21.914604167398718,1713500
2020-11-03,21.776668548583984,21.785289754751698,21.707700543569207,21.75080493008084,6207800
2020-11-04,21.742183685302734,21.811151690195036,21.716321711172462,21.78528971606476,1126600
2020-11-05,21.5352783203125,21.612867526492177,21.509416347803832,21.561141937148005,1556800
2020-11-06,21.457687377929688,21.52665537291713,21.440446612427856,21.48355099267249,3497000
2020-11-09,21.595624923706055,21.6301097458475,21.43182695151466,21.43182695151466,1846300
2020-11-10,21.595624923706055,21.604246129241414,21.55252054035607,21.55252054035607,734400
2020-11-11,21.621488571166992,21.681835365673816,21.621488571166992,21.655973393357648,495700
2020-11-12,21.621488571166992,21.647352187809982,21.595624954524,21.63873098226232,497400
2020-11-13,21.578384399414062,21.604246371983905,21.569763193781835,21.595625166351677,1036000
2020-11-16,21.526657104492188,21.56976313253092,21.526657104492188,21.561141926923174,2991700
2020-11-17,21.49217414855957,21.509416559953305,21.474931737165836,21.474931737165836,1027300
2020-11-18,21.50079345703125,21.50079345703125,21.44906622741445,21.483551047158983,408400
2020-11-19,21.466310501098633,21.56114211930315,21.457689295413964,21.56114211930315,302800
2020-11-20,21.49217414855957,21.500795354256436,21.457689325772105,21.457689325772105,333800
2020-11-23,21.526657104492188,21.578384338138665,21.414584720245156,21.4232059258529,749600
2020-11-24,21.423208236694336,21.526659426492515,21.423208236694336,21.500797451206477,665600
2020-11-25,21.388721466064453,21.44044870058796,21.380100260310535,21.423206289080124,599100
2020-11-27,21.345617294311523,21.380100473343923,21.336996088471704,21.380100473343923,198300
2020-11-30,21.397342681884766,21.397342681884766,21.276649089926863,21.28527029568484,435700
2020-12-01,21.20768165588379,21.3369964570612,21.19043924390629,21.311132839094956,980900
2020-12-02,21.18181800842285,21.242164805933154,21.173196802446107,21.23354359995641,1125200
2020-12-03,21.069746017456055,21.112850403827252,21.043882399037173,21.069746017456055,1003000
2020-12-04,21.09560775756836,21.121471375700377,21.035260959587237,21.043882165631242,1834200
2020-12-07,21.13009262084961,21.13871382690957,21.069745822756804,21.104229002669726,896900
2020-12-08,21.155954360961914,21.164573921929772,21.11284833448874,21.11284833448874,612100
2020-12-09,21.164575576782227,21.20768160662585,21.112849985296783,21.130092397234232,518700
2020-12-10,21.10422706604004,21.16457385859512,21.078365094560304,21.16457385859512,608700
2020-12-11,21.155954360961914,21.164573921929772,21.130090745078007,21.13871195037264,1017700
2020-12-14,21.09560775756836,21.121471375700377,21.035260959587237,21.043882165631242,455400
2020-12-15,21.026639938354492,21.07836717507318,21.01801873223471,21.052503556713837,853900
2020-12-16,21.000778198242188,21.086986971746377,20.96629337337895,20.97491457959476,749800
2020-12-17,20.888702392578125,20.897323598063753,20.85421921496242,20.880081187092497,922000
2020-12-18,20.914566040039062,20.949049217705884,20.90594483454065,20.92318724553747,898400
2020-12-21,20.957670211791992,21.018017005345293,20.914565829061576,21.00939744426065,618900
2020-12-22,21.069746017456055,21.07836722359568,20.98353560038672,20.98353560038672,1401500
2020-12-23,20.974912643432617,21.01801702620581,20.94904902717262,20.974912643432617,758600
2020-12-24,20.992156982421875,21.000778188633742,20.974914569998145,20.974914569998145,280500
2020-12-28,20.992156982421875,21.009399394845605,20.93181018326577,20.957672157574414,1036100
2020-12-29,20.923187255859375,20.9404296668647,20.880081228346057,20.923187255859375,1444700
2020-12-30,20.836977005004883,20.871460182953246,20.828355799436086,20.86284062171128,1463900
2020-12-31,20.897323608398438,20.92318722486812,20.836976814295998,20.836976814295998,801500
2021-01-04,20.914566040039062,20.914566040039062,20.80249201288655,20.80249201288655,1322800
2021-01-05,20.793872833251953,20.880081601164225,20.785251627595358,20.862840834177877,723300
2021-01-06,20.768009185791016,20.880081570508533,20.768009185791016,20.84559839225962,1042800
2021-01-07,20.888702392578125,20.923187214520645,20.871459981606865,20.871459981606865,1018000
2021-01-08,20.923187255859375,20.983534050051198,20.845598050662225,20.854219256164885,1677700
2021-01-11,21.052501678466797,21.09560606089311,21.009397296040483,21.06974408916804,1445200
2021-01-12,20.940431594848633,21.043882781751698,20.9231891822558,21.043882781751698,1360500
2021-01-13,21.0093994140625,21.026640182175047,20.966293382963745,21.00077820784275,956500
2021-01-14,20.966291427612305,21.052501837442733,20.931808250276212,21.043880632027008,614300
2021-01-15,21.10422706604004,21.10422706604004,21.04388027348496,21.052501478753793,1177500
2021-01-19,21.043882369995117,21.061124782250577,21.01801875161193,21.026639957739658,1408600
2021-01-20,21.035261154174805,21.086986746590412,21.018018741927293,21.061124772546076,489300
2021-01-21,20.940431594848633,20.992157188300165,20.931810388552215,20.97491477570733,803900
2021-01-22,20.983535766601562,20.992156972809482,20.949050941769894,20.992156972809482,847100
2021-01-25,21.0093994140625,21.04388259461455,20.98353579540325,20.992157001623,580600
2021-01-26,20.949050903320312,20.992156934280786,20.940431341455167,20.974914521896597,857300
2021-01-27,21.078365325927734,21.13009091378175,21.026638093746932,21.043880504473865,982200
2021-01-28,21.026639938354492,21.061124762833618,21.009399170441867,21.052503556713837,663600
2021-01-29,21.052501678466797,21.06112288381742,21.009397296040483,21.009397296040483,876000
2021-02-01,21.155954360961914,21.164573921929772,21.095605923899466,21.104227129194104,2183100
2021-02-02,21.18181800842285,21.21630283232983,21.164575596469366,21.18181800842285,1459000
2021-02-03,21.17319679260254,21.21630282246622,21.17319679260254,21.19043920454801,1656900
2021-02-04,21.26802635192871,21.285268762202442,21.23354153138125,21.23354153138125,1394400
2021-02-05,21.1473331451416,21.207679937847235,21.1473331451416,21.19905873255689,1402500
2021-02-08,21.13871192932129,21.16457390085266,21.12146951874919,21.155954339893388,1732500
2021-02-09,21.026639938354492,21.0697459689534,21.009399170441867,21.052503556713837,2006900
2021-02-10,21.018016815185547,21.018016815185547,20.98353363817856,20.992154843512004,654000
2021-02-11,21.0093994140625,21.026640182175047,20.98353579540325,20.992157001623,257000
2021-02-12,21.026639938354492,21.07836717507318,21.000777964322083,21.0697459689534,501800
2021-02-16,21.026639938354492,21.061124762833618,21.009399170441867,21.035261144474273,1107500
2021-02-17,21.112850189208984,21.155956219468937,21.112850189208984,21.130092601312967,937800
2021-02-18,21.043882369995117,21.104229168562288,21.03526116386739,21.061124782250577,585300
2021-02-19,20.992156982421875,21.01801895673052,20.96629336378628,20.992156982421875,1163300
2021-02-22,20.93181037902832,20.974914766163824,20.905946760150837,20.94905114728634,706800
2021-02-23,20.949050903320312,20.974914521896597,20.914567722878882,20.949050903320312,441600
2021-02-24,20.914566040039062,21.01801721736635,20.914566040039062,20.983534039699524,913600
2021-02-25,20.983535766601562,20.983535766601562,20.836978549720868,20.8542209621367,952200
2021-02-26,21.13871192932129,21.13871192932129,21.02663790492942,21.02663790492942,1347700
2021-03-01,21.155954360961914,21.173195127224407,21.121469539783373,21.121469539783373,2242400
2021-03-02,21.078365325927734,21.173195296272294,21.078365325927734,21.147333324508683,1381600
2021-03-03,21.13871192932129,21.155954339893388,21.09560590289104,21.147333134607337,1015200
2021-03-04,21.276647567749023,21.302509538845857,21.14733277928461,21.181815955522637,2128000
2021-03-05,21.354238510131836,21.38872168918035,21.319753686756435,21.328374892600287,2631000
2021-03-08,21.474933624267578,21.474933624267578,21.405965616958962,21.423208029867865,1656300
2021-03-09,21.354238510131836,21.397342895024202,21.354238510131836,21.380100483336502,1468100
2021-03-10,21.319751739501953,21.397340940683055,21.319751739501953,21.336994149614803,2050200
2021-03-11,21.21630096435547,21.328373343531997,21.21630096435547,21.29389016698797,1643300
2021-03-12,21.28527069091797,21.36285989985357,21.27664948499991,21.34561748801746,789100
2021-03-15,21.328372955322266,21.362857775565374,21.31113054520071,21.34561536544382,504500
2021-03-16,21.328372955322266,21.380098541360194,21.31975175026149,21.336994160383043,338800
2021-03-17,21.224924087524414,21.3714813008151,21.216302881527678,21.336996476828155,3055700
2021-03-18,21.354238510131836,21.354238510131836,21.28527050770792,21.328374892600287,901800
2021-03-19,21.36285972595215,21.41458531671252,21.345617314256398,21.388721699168894,2222500
2021-03-22,21.319751739501953,21.354236559727656,21.3025093293891,21.328372944558378,850600
2021-03-23,21.449068069458008,21.449068069458008,21.397342479725726,21.41458489107877,1252400
2021-03-24,21.50079345703125,21.509414661967384,21.457687432350582,21.492172252095116,1726800
2021-03-25,21.561141967773438,21.58700558464568,21.500795172731713,21.500795172731713,1476700
2021-03-26,21.5352783203125,21.561141937148005,21.51803590908883,21.55252073153617,654800
2021-03-29,21.587005615234375,21.587005615234375,21.526657175780297,21.54389958705289,1128400
2021-03-30,21.673213958740234,21.68183516420779,21.647351986664376,21.65597319213193,749900
2021-03-31,21.655973434448242,21.655973434448242,21.595624995500085,21.64735222888422,1381600
2021-04-01,21.561141967773438,21.630109968439243,21.561141967773438,21.595625145942922,1955700
2021-04-05,21.49217414855957,21.552520944110785,21.483552942862705,21.543899738413916,1704600
2021-04-06,21.440446853637695,21.483551234367265,21.431825648626436,21.474930029356006,1845900
2021-04-07,21.466310501098633,21.483552912467974,21.397342499948127,21.423206117002138,758900
2021-04-08,21.37148094177246,21.41458532670507,21.362859735920562,21.41458532670507,582000
2021-04-09,21.388721466064453,21.431827494834042,21.380100260310535,21.423206289080124,691200
2021-04-12,21.38010025024414,21.397342661743856,21.371480688821144,21.371480688821144,479900
2021-04-13,21.30251121520996,21.362859655947332,21.30251121520996,21.362859655947332,498700
2021-04-14,21.276647567749023,21.31113074398705,21.250783952325442,21.285268772890216,632200
2021-04-15,21.276647567749023,21.29388997803141,21.250783952325442,21.259405157466635,390300
2021-04-16,21.25078773498535,21.268030148336905,21.233545321633798,21.25078773498535,431700
2021-04-19,21.13009262084961,21.17319700682249,21.13009262084961,21.14733503296953,1068000
2021-04-20,21.164575576782227,21.181817988719676,21.12147119126551,21.13871360320296,827200
2021-04-21,21.13871192932129,21.224922337855006,21.13871192932129,21.207679927282907,417300
2021-04-22,21.199058532714844,21.21630094313299,21.164573711878553,21.164573711878553,358100
2021-04-23,21.078365325927734,21.147333324508683,21.06974412056427,21.104227297691345,567800
2021-04-26,21.078365325927734,21.112848503054813,21.0611229152008,21.104227297691345,802000
2021-04-27,21.086984634399414,21.11284825018004,21.069743868205766,21.095605839659623,364800
2021-04-28,21.0093994140625,21.130093012485105,21.0093994140625,21.121471806265355,472700
2021-04-29,21.018016815185547,21.06112284185276,21.018016815185547,21.02663802051899,266300
2021-04-30,21.190439224243164,21.190439224243164,21.078366835147243,21.078366835147243,1124700
2021-05-03,21.09560775756836,21.13871378778839,21.078366989807268,21.13871378778839,1026600
2021-05-04,21.190439224243164,21.199060430223913,21.14733483866633,21.164575606300918,1225600
2021-05-05,21.18181800842285,21.19906042037634,21.173196802446107,21.190439214399596,1427800
2021-05-06,21.078365325927734,21.12146970841828,21.078365325927734,21.12146970841828,476200
2021-05-07,20.923187255859375,21.03525963874036,20.923187255859375,21.018017227735033,1844700
2021-05-10,20.923187255859375,20.93180846136204,20.880081228346057,20.880081228346057,659600
2021-05-11,20.905946731567383,20.91456793784809,20.880083112725263,20.905946731567383,549500
2021-05-12,21.06112289428711,21.06112289428711,20.974912485064834,21.000776101129553,2379900
2021-05-13,21.026639938354492,21.07836717507318,21.01801873223471,21.043882350594057,450000
2021-05-14,20.940431594848633,20.966293569410915,20.940431594848633,20.957672363114497,638300
2021-05-17,20.914566040039062,20.957670423204295,20.90594483454065,20.949049217705884,251800
2021-05-18,20.81973648071289,20.854221306113367,20.811115274362773,20.81973648071289,673700
2021-05-19,20.914566040039062,20.940429656534292,20.811113218384957,20.86284045137542,1294600
2021-05-20,20.811115264892578,20.86284250296975,20.811115264892578,20.86284250296975,848700
2021-05-21,20.880083084106445,20.914567909182008,20.836978697088956,20.836978697088956,685900
2021-05-24,20.82835578918457,20.854219405878236,20.819734583620015,20.84559820031368,716000
2021-05-25,20.802492141723633,20.836976963930848,20.785251374946853,20.802492141723633,618800
2021-05-26,20.880083084106445,20.897325496644225,20.811115078282285,20.85422110962674,336300
2021-05-27,20.86284065246582,20.897323830465016,20.854219446884315,20.880081419302,354600
2021-05-28,20.880083084106445,20.949051089930606,20.871461877837554,20.949051089930606,600300
2021-06-01,20.845596313476562,20.845596313476562,20.793870729097996,20.81973269912394,740200
2021-06-02,20.845596313476562,20.897321897855125,20.845596313476562,20.88007948828671,1497400
2021-06-03,20.974912643432617,21.000776259692614,20.931808260659423,20.931808260659423,2083200
2021-06-04,20.897323608398438,20.90594481388833,20.871459991928756,20.897323608398438,1383300
2021-06-07,20.86284065246582,20.88870262488351,20.845598241302806,20.871460213720496,842900
2021-06-08,20.888702392578125,20.905944803549385,20.871459981606865,20.897323598063753,691000
2021-06-09,20.905946731567383,20.91456793784809,20.828357519367987,20.836978725648695,814700
2021-06-10,20.888702392578125,20.940429625491905,20.862840420448048,20.940429625491905,769600
2021-06-11,20.992156982421875,21.01801895673052,20.94905095136255,20.94905095136255,1090100
2021-06-14,20.974912643432617,20.992155054272615,20.95767023259262,20.95767023259262,905900
2021-06-15,20.992156982421875,21.009399394845605,20.98353577621001,20.98353577621001,469600
2021-06-16,21.164575576782227,21.173196782750953,20.983535184419722,20.99215639038845,1917600
2021-06-17,21.328372955322266,21.336994160383043,21.24216254904123,21.259404959162783,1970500
2021-06-18,21.397342681884766,21.423206299158686,21.37148070893771,21.38872147612679,1275600
2021-06-21,21.29389190673828,21.345617497943774,21.285270700816216,21.328375086099644,655200
2021-06-22,21.25940704345703,21.345617458190222,21.25078583755102,21.3197538404722,454500
2021-06-23,21.29389190673828,21.30251146833345,21.216302697766597,21.233543465283827,1048400
2021-06-24,21.276647567749023,21.31113074398705,21.259405157466635,21.276647567749023,414200
2021-06-25,21.28527069091797,21.302511458427183,21.21630268790042,21.233543455409635,356900
2021-06-28,21.29389190673828,21.31975388017758,21.27664949489415,21.30251146833345,777600
2021-06-29,21.345617294311523,21.371480911830986,21.328374882631884,21.354238500151343,634300
2021-06-30,21.405961990356445,21.431825605337984,21.371478814707785,21.371478814707785,869600
2021-07-01,21.466310501098633,21.466310501098633,21.38872129426346,21.41458491131747,2239600
2021-07-02,21.38010025024414,21.46631066341586,21.371480688821144,21.449068251916145,1107400
2021-07-06,21.457687377929688,21.48355099267249,21.41458299768505,21.431825407513585,1152100
2021-07-07,21.49217414855957,21.526657327020185,21.449068120075236,21.46631053146897,699100
2021-07-08,21.405961990356445,21.431825605337984,21.388719580368754,21.3973407853626,1236800
2021-07-09,21.354238510131836,21.38872168918035,21.345617304287984,21.371480921819536,1252200
2021-07-12,21.38010025024414,21.397342661743856,21.35423827732143,21.397342661743856,426500
2021-07-13,21.509416580200195,21.509416580200195,21.423206167477232,21.47493175738027,1477500
2021-07-14,21.405961990356445,21.431825605337984,21.405961990356445,21.414583195350293,890100
2021-07-15,21.466310501098633,21.483552912467974,21.431827322686807,21.449068089729295,376900
2021-07-16,21.49217414855957,21.500795354256436,21.457689325772105,21.474931737165836,812600
2021-07-19,21.526657104492188,21.535278310099933,21.466310309564797,21.492173926388038,1113000
2021-07-20,21.552522659301758,21.595627046889565,21.5439014529188,21.58700748483359,1459200
2021-07-21,21.50079345703125,21.578382657129744,21.492172252095116,21.56976145219361,754900
2021-07-22,21.526657104492188,21.535278310099933,21.431827131460647,21.431827131460647,953500
2021-07-23,21.5352783203125,21.561141937148005,21.526657114700665,21.526657114700665,429200
2021-07-26,21.466310501098633,21.500795323837313,21.440448528371476,21.500795323837313,449400
2021-07-27,21.431827545166016,21.466310723935806,21.397342722069357,21.431827545166016,787300
2021-07-28,21.37148094177246,21.50079574089717,21.37148094177246,21.46631091748958,749500
2021-07-29,21.29389190673828,21.31975388017758,21.285270700816216,21.311132674255514,826200
2021-07-30,21.354238510131836,21.362859715975684,21.29389171355177,21.311132480912587,624000
2021-08-02,21.328372955322266,21.34561536544382,21.302509340139935,21.31113054520071,908000
2021-08-03,21.33699607849121,21.354238490162786,21.311132460983846,21.311132460983846,584100
2021-08-04,21.37148094177246,21.388721709149372,21.276649321728456,21.276649321728456,651900
2021-08-05,21.37148094177246,21.388721709149372,21.345617324216764,21.37148094177246,154500
2021-08-06,21.49217414855957,21.509416559953305,21.449068120075236,21.46631053146897,1315500
2021-08-09,21.5352783203125,21.543899525924335,21.483552730968327,21.483552730968327,432600
2021-08-10,21.552522659301758,21.578386278450633,21.552522659301758,21.578386278450633,868700
2021-08-11,21.509416580200195,21.543899758693268,21.492174168790232,21.51803614157832,993700
2021-08-12,21.5352783203125,21.55252073153617,21.526657114700665,21.5352783203125,178900
2021-08-13,21.431827545166016,21.4921743412583,21.414585133617685,21.474931929709967,741000
2021-08-16,21.449068069458008,21.45768927513453,21.423206096755294,21.431827302431813,487200
2021-08-17,21.578384399414062,21.578384399414062,21.518035959988467,21.518035959988467,1009400
2021-08-18,21.578384399414062,21.604246371983905,21.526657165620694,21.561141988149608,537400
2021-08-19,21.68183708190918,21.68183708190918,21.62149028262558,21.63873269508574,990400
2021-08-20,21.655973434448242,21.6904566123775,21.64735222888422,21.68183540681348,775600
2021-08-23,21.526657104492188,21.587005543746415,21.526657104492188,21.56976313253092,1123400
2021-08-24,21.509416580200195,21.55252096439825,21.492174168790232,21.535278552988284,1077100
2021-08-25,21.49217414855957,21.569763355504517,21.49217414855957,21.543899738413916,668400
2021-08-26,21.552522659301758,21.561143865684716,21.52665904015288,21.52665904015288,322000
2021-08-27,21.457687377929688,21.57838260240274,21.449066173015417,21.561140192574204,860300
2021-08-30,21.457687377929688,21.48355099267249,21.449066173015417,21.457687377929688,380200
2021-08-31,21.457687377929688,21.474929787758224,21.40596179277078,21.423204202599315,697100
2021-09-01,21.41458511352539,21.423206319291467,21.388721496227166,21.405963907759315,1026700
2021-09-02,21.36285972595215,21.405964110864645,21.35423852010427,21.388721699168894,806600
2021-09-03,21.319751739501953,21.336994149614803,21.293889768659405,21.311130534445525,726500
2021-09-07,21.423208236694336,21.431829443232022,21.38010220400592,21.397344617081284,452600
2021-09-08,21.457687377929688,21.500793402501028,21.440446612427856,21.466308582843954,1004800
2021-09-09,21.405961990356445,21.449066370998956,21.388719580368754,21.405961990356445,197600
2021-09-10,21.440446853637695,21.44906641432223,21.38871962357014,21.3973408285814,399600
2021-09-13,21.440446853637695,21.466308824344747,21.431825648626436,21.466308824344747,157500
2021-09-14,21.440446853637695,21.457687619333488,21.371478857874344,21.38009841855888,380500
2021-09-15,21.397342681884766,21.43182750491666,21.397342681884766,21.405963887642738,187700
2021-09-16,21.49217414855957,21.518036121323316,21.49217414855957,21.500795354256436,424200
2021-09-17,21.56976318359375,21.578384389221906,21.5094163885235,21.52665715545297,2018400
2021-09-20,21.578384399414062,21.604246371983905,21.561141988149608,21.595625166351677,1386000
2021-09-21,21.561141967773438,21.595625145942922,21.561141967773438,21.56976317339752,625000
2021-09-22,21.621488571166992,21.647352187809982,21.526656954469512,21.578384187755496,883600
2021-09-23,21.5352783203125,21.561141937148005,21.51803590908883,21.55252073153617,515700
2021-09-24,21.595624923706055,21.612867334776777,21.578384156962155,21.604246129241414,459200
2021-09-27,21.621488571166992,21.630109776714654,21.595624954524,21.630109776714654,255500
2021-09-28,21.699077606201172,21.716320017160964,21.664592784281588,21.68183519524138,2258100
2021-09-29,21.854257583618164,21.854257583618164,21.759425960864597,21.768047166962827,843000
2021-09-30,21.819772720336914,21.85425754466836,21.785289540332393,21.837015132502636,777700
2021-10-01,21.776668548583984,21.793910960919412,21.75080493008084,21.75080493008084,1521900
2021-10-04,21.707698822021484,21.72494123298949,21.681835205569477,21.707698822021484,875100
2021-10-05,21.750802993774414,21.768045404574885,21.71631981650027,21.768045404574885,648000
2021-10-06,21.81114959716797,21.854255623793485,21.80253003616965,21.837013213143276,1121500
2021-10-07,21.802532196044922,21.811151757897143,21.776668577507426,21.802532196044922,480000
2021-10-08,21.785287857055664,21.802530267889125,21.759424240805476,21.768045446222207,383500
2021-10-11,21.84563446044922,21.84563446044922,21.77666646204264,21.793908872725982,1882400
2021-10-12,21.871498107910156,21.88873887429149,21.84563449184797,21.85425569720203,778800
2021-10-13,21.750802993774414,21.8197709926495,21.750802993774414,21.811149787249263,759800
2021-10-14,21.750802993774414,21.75942419917465,21.724941021900506,21.724941021900506,509000
2021-10-15,21.724943161010742,21.768047547929324,21.716321954761636,21.742183929182,488200
2021-10-18,21.733562469482422,21.759426087928134,21.70770049536365,21.74218367563099,1630300
2021-10-19,21.68183708190918,21.69907949436934,21.647353901315817,21.66459466944902,968400
2021-10-20,21.64735221862793,21.690456602100788,21.630109807508052,21.673214190980914,780500
2021-10-21,21.699077606201172,21.699077606201172,21.63873081216871,21.647352017648608,538700
2021-10-22,21.655973434448242,21.6904566123775,21.638731023320197,21.664592995685435,378400
2021-10-25,21.69045639038086,21.716320006808218,21.69045639038086,21.699077595856643,354900
2021-10-26,21.733562469482422,21.750804881779562,21.69045808306651,21.69045808306651,784000
2021-10-27,21.724943161010742,21.724943161010742,21.673215923516093,21.69045833601431,336100
2021-10-28,21.595624923706055,21.66459292366212,21.569762951426792,21.66459292366212,567800
2021-10-29,21.768047332763672,21.811151719256188,21.65597494128696,21.65597494128696,799200
2021-11-01,21.699077606201172,21.768045605713528,21.699077606201172,21.75942440023363,2226100
2021-11-02,21.750802993774414,21.77666660997512,21.724941021900506,21.733560582973944,1107800
2021-11-03,21.699077606201172,21.78528801667332,21.690456400721274,21.768045605713528,1701600
2021-11-04,21.81114959716797,21.84563441846838,21.785287625519445,21.785287625519445,1068900
2021-11-05,21.79391098022461,21.87150019147583,21.785289774049257,21.837015366774423,636700
2021-11-08,21.750802993774414,21.77666660997512,21.733560582973944,21.768045404574885,604700
2021-11-09,21.724943161010742,21.768047547929324,21.707700748512526,21.73356272293289,305300
2021-11-10,21.95770835876465,21.95770835876465,21.759425555182997,21.776667967057985,1698500
2021-11-11,22.009435653686523,22.009435653686523,21.9577084179222,21.9577084179222,568000
2021-11-12,21.98357391357422,22.026678302732762,21.966331500179983,22.01805874036269,259500
2021-11-15,22.104265213012695,22.104265213012695,21.97495041469868,21.99219282629438,505600
2021-11-16,22.190473556518555,22.190473556518555,22.112884355903052,22.138747970883795,1412100
2021-11-17,22.147371292114258,22.199096882691528,22.130128880479543,22.173233265239453,683000
2021-11-18,22.087024688720703,22.147371485642655,22.087024688720703,22.130129073857272,708100
2021-11-19,22.199098587036133,22.207719793515388,22.14737299248761,22.155994198966866,678500
2021-11-22,22.311168670654297,22.319789876240193,22.250821875879858,22.28530669822344,1089500
2021-11-23,22.302547454833984,22.328409425346216,22.276683839995044,22.319788220399904,776400
2021-11-24,22.38875961303711,22.41462323180074,22.36289763860044,22.39738081929165,1009200
2021-11-26,22.216339111328125,22.25944349573298,22.190475494089092,22.250822289986637,1100400
2021-11-29,22.259443283081055,22.29392810573699,22.250822077417073,22.26806448874504,750000
2021-11-30,22.155994415283203,22.34565602669752,22.087026407102815,22.11288838246607,2115600
2021-12-01,22.216339111328125,22.22496031707447,22.11288628669886,22.15599231543058,1826900
2021-12-02,22.22496223449707,22.233583440987196,22.15599422690308,22.15599422690308,732400
2021-12-03,22.216339111328125,22.293928318718358,22.190475494089092,22.233581522820813,1324100
2021-12-06,22.250823974609375,22.285308800205616,22.233583206138242,22.242202768210312,682100
2021-12-07,22.259443283081055,22.31979007840209,22.250822077417073,22.31979007840209,2785100
2021-12-08,22.155994415283203,22.23358363002702,22.147373208719777,22.224962423463595,584500
2021-12-09,22.23358154296875,22.26806472165851,22.199096719952124,22.20771792570628,751800
2021-12-10,22.199098587036133,22.268066594543168,22.181856174077627,22.242202975105403,560700
2021-12-13,22.268064498901367,22.27668570456928,22.20771770355281,22.20771770355281,711700
2021-12-14,22.311168670654297,22.319789876240193,22.24220067029396,22.250821875879858,621700
2021-12-15,22.27668571472168,22.397379305473795,22.25944330337799,22.319790098754048,734900
2021-12-16,22.181854248046875,22.22496027670029,22.16461183658551,22.181854248046875,1118600
2021-12-17,22.337034225463867,22.337034225463867,22.20771941910921,22.20771941910921,545200
2021-12-20,22.311168670654297,22.319789876240193,22.268064287051647,22.28530669822344,1423000
2021-12-21,22.285308837890625,22.33703443204547,22.285308837890625,22.302551250717904,887000
2021-12-22,22.199098587036133,22.250824181584658,22.190477380556878,22.242202975105403,2101600
2021-12-23,22.181854248046875,22.250822249565477,22.181854248046875,22.250822249565477,2216500
2021-12-27,22.190473556518555,22.224958376492875,22.190473556518555,22.224958376492875,1344300
2021-12-28,22.216339111328125,22.250822289986637,22.199096699835437,22.20771790558178,820200
2021-12-29,22.155994415283203,22.190477597209888,22.1215095890295,22.190477597209888,1252000
2021-12-30,22.190473556518555,22.224958376492875,22.16460994153781,22.190473556518555,367600
2021-12-31,22.095643997192383,22.164611999217033,22.087024435725315,22.147371231956022,1161300
2022-01-03,22.23358154296875,22.2508223101502,22.190475514197967,22.190475514197967,3449500
2022-01-04,22.250823974609375,22.259445181008434,22.190477174142938,22.250823974609375,1310300
2022-01-05,22.22496223449707,22.233583440987196,22.147373020412953,22.17323499555632,1029900
2022-01-06,22.24220085144043,22.259443262752647,22.190475261830617,22.216338878798947,1398600
2022-01-07,22.12150764465332,22.19909685257741,22.104265233041993,22.19047564677175,540400
2022-01-10,22.173233032226562,22.22496026658712,22.155992265099904,22.216339060860363,1004300
2022-01-11,22.07840347290039,22.190475860801207,22.07840347290039,22.164612243134762,1311700
2022-01-12,21.93184471130371,22.00943391449216,21.923223506024243,22.00943391449216,3489200
2022-01-13,21.92322540283203,21.92322540283203,21.862878604981287,21.871499811006668,3801200
2022-01-14,21.98357391357422,22.009437533665572,21.914605904324322,21.931848317718558,2303000
2022-01-18,22.12150764465332,22.13012885045898,22.052539642534892,22.069782054146216,1940200
2022-01-19,22.069782257080078,22.08702466884995,22.04391863942527,22.061161051195143,1510100
2022-01-20,22.138748168945312,22.138748168945312,22.035295352423546,22.06115896763567,1033000
2022-01-21,22.07840347290039,22.087024678789206,22.052539855233945,22.052539855233945,1224500
2022-01-24,22.147371292114258,22.199096882691528,22.121507674662183,22.173233265239453,1946000
2022-01-25,22.155994415283203,22.224962423463595,22.147373208719777,22.20772001033674,1312800
2022-01-26,22.27668571472168,22.293928126065367,22.164611685314554,22.164611685314554,1583300
2022-01-27,22.46634864807129,22.47496985425794,22.397380642905052,22.423244261464994,1530300
2022-01-28,22.457727432250977,22.474969844616876,22.414623045663173,22.449107870394975,1791500
2022-01-31,22.302547454833984,22.40599862553633,22.285305044941357,22.388756215643703,2055800
2022-02-01,22.24220085144043,22.285306879720977,22.233581290111168,22.24220085144043,4019500
2022-02-02,22.155994415283203,22.190477597209888,22.13875200215635,22.155994415283203,4401600
2022-02-03,22.04391860961914,22.087024638985536,21.992193018706356,22.078403433112257,6514000
2022-02-04,22.026676177978516,22.09564418057557,22.01805661643991,22.069782207305977,2243900
2022-02-07,22.03529930114746,22.061162920994345,22.009437325627605,22.061162920994345,1159800
2022-02-08,22.069782257080078,22.095644230407995,22.052539845310207,22.061161051195143,1590900
2022-02-09,22.04391860961914,22.069782227238978,22.018056636326193,22.03529740374586,638800
2022-02-10,22.07840347290039,22.155992681572837,21.966329440672684,22.138750269795207,2931500
2022-02-11,22.173233032226562,22.190475443680082,22.078403057885925,22.121507442192865,2208700
2022-02-14,22.23358154296875,22.259443515904355,22.199096719952124,22.224960337214593,1933900
2022-02-15,22.147371292114258,22.224960500143602,22.1387500862969,22.181854471056813,1251000
2022-02-16,22.104265213012695,22.138750036204097,22.078403239946017,22.138750036204097,695200
2022-02-17,22.112886428833008,22.130128840436523,22.087024455754605,22.112886428833008,859500
2022-02-18,22.173233032226562,22.199096649406844,22.121507442192865,22.130128647919623,1144300
2022-02-22,22.181854248046875,22.181854248046875,22.13012865798964,22.16461183658551,1171700
2022-02-23,22.207717895507812,22.216339101250245,22.130128688152777,22.147371099637642,1214300
2022-02-24,22.38875961303711,22.55255924321951,22.36289763860044,22.44910805681891,4162400
2022-02-25,22.27668571472168,22.36289612711327,22.27668571472168,22.354274921441426,1293400
2022-02-28,22.311168670654297,22.35427469858378,22.293927903809337,22.35427469858378,1352500
2022-03-01,22.48358917236328,22.518073994213978,22.397378762063347,22.414621172988696,2498000
2022-03-02,22.46634864807129,22.57842268417077,22.44910788002494,22.51807588519118,1451400
2022-03-03,22.55255889892578,22.604284491336422,22.50945451263807,22.526695280556993,1780800
2022-03-04,22.724979400634766,22.819809377947305,22.724979400634766,22.802568610280332,3212400
2022-03-07,22.888776779174805,22.914640396484913,22.776704392818072,22.78532559858811,2507900
2022-03-08,22.845672607421875,22.906019404047292,22.7680833990958,22.845672607421875,1497200
2022-03-09,22.621524810791016,22.681871603741705,22.57842042849103,22.630146016116367,1594900
2022-03-10,22.733598709106445,22.74221827005702,22.664630711214436,22.681871477442357,1098000
2022-03-11,22.854293823242188,22.897398208185752,22.724979024084615,22.750840997319997,1661300
2022-03-14,22.845672607421875,22.854293813272204,22.759462193245472,22.81118778402056,1739500
2022-03-15,22.81981086730957,22.86291690010765,22.733602090367455,22.759464065719282,762600
2022-03-16,22.656009674072266,22.845671258601122,22.656009674072266,22.733598877817432,1958400
2022-03-17,22.604284286499023,22.66463272881266,22.526695076422698,22.64739031672305,3088600
2022-03-18,22.63014793395996,22.733600762304764,22.621526727903984,22.724979556248787,913700
2022-03-21,22.716358184814453,22.716358184814453,22.630147769209227,22.647390181195654,1232300
2022-03-22,22.707735061645508,22.724977472176185,22.66463067964558,22.690492651114827,928500
2022-03-23,22.733598709106445,22.793945501721108,22.7249775038291,22.768081885889064,465600
2022-03-24,22.75946044921875,22.811186036030175,22.733598477976415,22.785324064787844,1666300
2022-03-25,22.768085479736328,22.785327893012667,22.716359884234343,22.75084306645999,599200
2022-03-28,22.837051391601562,22.897398188200633,22.811187774061867,22.897398188200633,1086700
2022-03-29,22.699115753173828,22.716358165145326,22.59566292567175,22.630147749614743,1542200
2022-03-30,22.57842254638672,22.587043752520756,22.526695309582493,22.561180134118644,3972300
2022-03-31,22.673250198364258,22.690492608862833,22.578420229275647,22.656009432192455,1679100
2022-04-01,22.707735061645508,22.759460648910775,22.707735061645508,22.733598677441528,1824200
2022-04-04,22.811187744140625,22.828430155811137,22.76808335929122,22.785325770961734,1158100
2022-04-05,22.931882858276367,22.931882858276367,22.776704442729407,22.802568060096192,2081500
2022-04-06,22.949125289916992,23.00085088036891,22.88877684934174,22.897398055138204,1653400
2022-04-07,22.992229461669922,23.00947187310319,22.91464025454707,22.93188266598034,880400
2022-04-08,22.992229461669922,23.087061080226043,22.98360825595329,23.06119746307614,1706700
2022-04-11,23.043954849243164,23.052576054884074,23.009471671006356,23.03533364360225,797200
2022-04-12,23.121545791625977,23.121545791625977,23.00947339853352,23.02671416678292,1410200
2022-04-13,23.026714324951172,23.16465198218263,23.000852350235945,23.156030775835227,2906500
2022-04-14,23.130165100097656,23.216375511579013,23.104301483355197,23.104301483355197,1525700
2022-04-18,23.22499656677246,23.242237333495627,23.156028566899323,23.173269333622493,1149000
2022-04-19,23.27672004699707,23.285341251741087,23.233615667603672,23.268098842253057,1498500
2022-04-20,23.11292266845703,23.156028696322934,23.0956819016375,23.138786285176575,1235200
2022-04-21,23.1818904876709,23.1991328986826,23.06119689924262,23.078439310254325,2180300
2022-04-22,23.319826126098633,23.354310947588182,23.25085812744633,23.259479332818717,1207300
2022-04-25,23.431901931762695,23.47500631757253,23.406038313680643,23.431901931762695,2316400
2022-04-26,23.578458786010742,23.58707999190662,23.483627165482954,23.492248371378835,2241400
2022-04-27,23.72501564025879,23.802604847826228,23.690530817194656,23.750877613230024,3872300
2022-04-28,23.862951278686523,23.940540485066613,23.85433007305242,23.897434456896093,2427100
2022-04-29,23.76811981201172,23.811225840456043,23.69053060513879,23.793983429078313,3029200
2022-05-02,23.888813018798828,23.914676635449457,23.81122545750059,23.862951046475022,2294100
2022-05-03,23.8457088470459,23.87157246392611,23.75949843510536,23.776740846358837,2199600
2022-05-04,23.647424697875977,23.88881186430888,23.612939877341706,23.79398189649313,10608800
2022-05-05,23.8457088470459,23.957782875866652,23.79398325761231,23.79398325761231,3165300
2022-05-06,23.888813018798828,23.914676635449457,23.793983046400168,23.819845018723974,2506400
2022-05-09,23.89743423461914,23.97502344027755,23.828466234514647,23.91467664572697,3017700
2022-05-10,23.949161529541016,23.966402296366365,23.880193529259135,23.880193529259135,10162000
2022-05-11,23.97502326965332,23.97502326965332,23.81984485944087,23.888812859054536,2300200
2022-05-12,24.181928634643555,24.181928634643555,24.043992627623577,24.069856245562413,3214900
2022-05-13,24.112960815429688,24.199171231557806,24.07847763557459,24.199171231557806,2855600
2022-05-16,24.018129348754883,24.1129593207233,24.000886937732695,24.078476143005734,1721900
2022-05-17,23.819847106933594,23.871574344769616,23.80260633864856,23.85433193215761,7703800
2022-05-18,23.940542221069336,23.94916342732859,23.819846977766744,23.87157421532227,2184000
2022-05-19,23.690532684326172,23.75950069156318,23.656049502871166,23.75950069156318,6258400
2022-05-20,23.742258071899414,23.80260486798589,23.725015660352742,23.733636866126076,2677600
2022-05-23,23.5267333984375,23.595701401874127,23.509490986496616,23.578458989933242,3716700
2022-05-24,23.457761764526367,23.50948899596932,23.414657382650674,23.50086779072883,3642500
2022-05-25,23.543973922729492,23.595701158017555,23.500869537649667,23.56121633449218,1545200
2022-05-26,23.466384887695312,23.518112123365977,23.44914412013199,23.500869711475755,1289400
2022-05-27,23.41465950012207,23.483627503956264,23.38017632036843,23.431901912162346,2677900
2022-05-31,23.457761764526367,23.526731406450306,23.42327858789117,23.483625380247844,2716100
2022-06-01,23.63880729675293,23.673290478509564,23.475007661509633,23.483628868030543,3746400
2022-06-02,23.431901931762695,23.56121673351911,23.431901931762695,23.52673355373663,6241000
2022-06-03,23.535350799560547,23.56121441509762,23.457761597276082,23.49224641799218,5713900
2022-06-06,23.587080001831055,23.612941975202684,23.51811199896189,23.526733204861397,2805900
2022-06-07,23.561216354370117,23.673288742268358,23.5525951484815,23.673288742268358,1496600
2022-06-08,23.630186080932617,23.630186080932617,23.561218073119477,23.587081692672033,1002500
2022-06-09,23.80260467529297,23.811225880996513,23.62156264417228,23.647426261282906,4253600
2022-06-10,23.992267608642578,24.009510021013288,23.940542015857396,23.94916322204275,2510900
2022-06-13,24.225034713745117,24.250896687409572,24.112960680109435,24.138824298100804,6183800
2022-06-14,24.276758193969727,24.319862575879494,24.16468581440827,24.173307019655574,4136500
2022-06-15,24.08709716796875,24.31986313771633,24.069854757075802,24.225033166458726,5882000
2022-06-16,23.854331970214844,24.104340376179927,23.785363963983755,24.03537236994884,4908000
2022-06-17,24.095718383789062,24.181927149637307,24.052612356538134,24.06123356198832,2106900
2022-06-21,24.00950813293457,24.05261251614472,23.957782544217025,24.000886927427175,2527800
2022-06-22,23.97502326965332,24.009508091623562,23.888812859054536,24.009508091623562,1780800
2022-06-23,24.000886917114258,24.061233711313267,23.940540122915248,24.009508122617948,2163500
2022-06-24,23.949161529541016,24.00950832424681,23.91467670723666,23.983644707518543,1427100
2022-06-27,23.906055450439453,23.931919067112304,23.84570865586296,23.91467665599707,1464900
2022-06-28,24.04399299621582,24.06123540843937,23.99226740387211,24.01813102220743,1676900
2022-06-29,24.181928634643555,24.190549840623166,24.095719863501248,24.104339425153952,2025400
2022-06-30,24.104337692260742,24.216411717611635,24.078475720508067,24.199169306891992,2113500
2022-07-01,24.181928634643555,24.31986464166353,24.17330907299085,24.259517844133153,2964500
2022-07-05,24.526769638061523,24.587116433971797,24.492284815068874,24.526769638061523,3325500
2022-07-06,24.63884162902832,24.699188423970877,24.59573724530559,24.62159921780849,4650600
2022-07-07,24.647462844848633,24.69056722858922,24.595737255494562,24.63884163923515,2323700
2022-07-08,24.63022232055664,24.71643273896928,24.595739139787764,24.65608593937852,1736300
2022-07-11,24.914714813232422,24.93195722527026,24.82850439737016,24.880231633483668,4233500
2022-07-12,24.90609359741211,24.923336009443158,24.8285043875993,24.90609359741211,1586700
2022-07-13,24.854368209838867,24.975061806393953,24.74229581937013,24.957821038548175,1624200
2022-07-14,25.02678871154785,25.173345924421525,24.957820708097117,25.121618688588295,3071100
2022-07-15,24.880229949951172,24.96643871565316,24.845745128208932,24.940576743673287,2392000
2022-07-18,24.742294311523438,24.750913872757568,24.604358311201747,24.725051900401517,3623300
2022-07-19,24.58711814880371,24.59573935515316,24.509528935985642,24.55263332340591,3228200
2022-07-20,24.656085968017578,24.707811561394458,24.552633136936848,24.561254343220824,2222100
2022-07-21,24.58711814880371,24.716432955391497,24.58711814880371,24.69056933634315,2831800
2022-07-22,24.55263328552246,24.595739317203197,24.440560891806495,24.58711811086705,3151300
2022-07-25,24.51814842224121,24.56125280663745,24.466421187773488,24.47504239351811,2012600
2022-07-26,24.707807540893555,24.707807540893555,24.638839546171326,24.638839546171326,2452400
2022-07-27,24.500905990600586,24.742294818270842,24.475042373387993,24.6560844052224,4947700
2022-07-28,24.48366355895996,24.604358794859113,24.475042353229533,24.51814838188168,2361500
2022-07-29,24.38883399963379,24.569874390073213,24.38883399963379,24.535389566564625,5538600
2022-08-01,24.294002532958984,24.328485712358773,24.242276941695856,24.302623738890656,5826900
2022-08-02,24.44917869567871,24.49228307703386,24.319862262959763,24.35434708350528,15058800
2022-08-03,24.51814842224121,24.612978396778313,24.483663599262727,24.492284805007348,2811300
2022-08-04,24.36297035217285,24.526769974984315,24.34572794043967,24.509527563251133,2536100
2022-08-05,24.56987190246582,24.62159748816479,24.535387082448693,24.60435672248295,3199400
2022-08-08,24.535388946533203,24.544010152192484,24.449180178594084,24.509526973882206,2802800
2022-08-09,24.5095272064209,24.526769617903053,24.44055920481915,24.449180410560224,1437600
2022-08-10,24.242277145385742,24.276760325075266,24.121581905655123,24.242277145385742,6198200
2022-08-11,24.2595157623291,24.2595157623291,24.121579767145956,24.16468579334492,2888900
2022-08-12,24.354347229003906,24.414694020992343,24.319862408252366,24.337104818628134,3069800
2022-08-15,24.56987190246582,24.56987190246582,24.431935911050747,24.431935911050747,4475400
2022-08-16,24.56125259399414,24.604358622344044,24.509527004301102,24.604358622344044,3038700
2022-08-17,24.59573745727539,24.6388418413696,24.5353890174859,24.6043586629596,2704800
2022-08-18,24.785398483276367,24.819883305225623,24.63884127864566,24.63884127864566,2970300
2022-08-19,24.94057846069336,24.966440434453688,24.906093636577033,24.923336048635196,3143700
2022-08-22,25.14748191833496,25.173345535852352,25.009545913562636,25.009545913562636,4688200
2022-08-23,25.044029235839844,25.14748206217426,24.94057805383232,25.138860856285817,14555300
2022-08-24,25.061269760131836,25.18196334482623,25.00092296778464,25.147480168196445,4544400
2022-08-25,25.018165588378906,25.087133586544475,24.983680767132736,25.0526487652983,2440300
2022-08-26,25.112995147705078,25.130237558046357,24.828501954381036,24.880229185404865,2743800
2022-08-29,25.121618270874023,25.15610309418944,25.05265026857007,25.104377503543194,3902000
2022-08-30,25.112995147705078,25.19058434991407,25.04402715066673,25.061269561008004,2619700
2022-08-31,25.09575653076172,25.19058650710598,25.026788527817303,25.173345739615048,2497800
2022-09-01,25.319902420043945,25.4061111886701,25.233692007090934,25.25093441854691,4864200
2022-09-02,25.328521728515625,25.337142934157523,25.15610254865823,25.21644934382466,2678200
2022-09-06,25.475080490112305,25.54404849512865,25.40611248509596,25.45783972210343,15048800
2022-09-07,25.294038772583008,25.561289572523275,25.294038772583008,25.552668366805605,3382800
2022-09-08,25.34576416015625,25.440595777966433,25.319902187536634,25.406110955371147,2431100
2022-09-09,25.164724349975586,25.19920752903258,25.13023952659171,25.173345555821555,3388900
2022-09-12,25.035411834716797,25.052652603654586,24.95782261935212,25.026790628084385,3580900
2022-09-13,25.3802490234375,25.397489790435934,25.21644940450102,25.268174994150016,7862100
2022-09-14,25.328521728515625,25.36300655108321,25.268174933349194,25.311280961558676,2120700
2022-09-15,25.34576416015625,25.371627777102713,25.302659776238993,25.354385365805072,2349500
2022-09-16,25.34576416015625,25.44921698361525,25.29403857059017,25.43197457231761,3646500
2022-09-19,25.328521728515625,25.440595757533433,25.311280961558676,25.43197455189154,1741700
2022-09-20,25.449216842651367,25.483700020728804,25.397489609044964,25.457838048252437,2065100
2022-09-21,25.6992244720459,25.79405608654212,25.552667269791183,25.569909680486276,4722000
2022-09-22,25.73370933532715,25.76819251244668,25.630256515314972,25.664741336761292,2584200
2022-09-23,26.138896942138672,26.182002970300132,25.906129323047317,25.906129323047317,4964300
2022-09-26,26.432010650634766,26.46649547224324,26.19924303775795,26.242349064768543,7721000
2022-09-27,26.44063377380371,26.51822298372361,26.311318972046188,26.371665769911235,7688600
2022-09-28,26.095792770385742,26.492358366733026,26.061307947576314,26.46649639395281,9864700
2022-09-29,25.992340087890625,26.173382119972725,25.966478114969515,26.1302760912261,6257300
2022-09-30,25.992340087890625,26.095792912555666,25.94061449772154,26.095792912555666,4762000
2022-10-03,25.871644973754883,26.052685350857626,25.828538947544637,26.009580968974145,3432000
2022-10-04,25.518184661865234,25.72508866184061,25.50094225078558,25.707846250760955,12310600
2022-10-05,25.759572982788086,25.888889427297254,25.725089803425366,25.794057806477706,4949000
2022-10-06,26.018205642700195,26.03544805548288,25.86302721631002,25.91475281033108,3243700
2022-10-07,26.12165641784668,26.15614124286696,26.00096281892963,26.069930824643226,4733000
2022-10-10,26.23373031616211,26.276834702882642,26.138898692184593,26.225109109952612,4099600
2022-10-11,26.250972747802734,26.28545592833902,26.044067087277206,26.216487922939496,4843100
2022-10-12,26.250972747802734,26.31994075320226,26.190624304292065,26.25959230969159,2466400
2022-10-13,26.078550338745117,26.363043549394718,25.98371872041963,26.34580113800338,7358300
2022-10-14,26.259592056274414,26.28545567467225,26.130277252939123,26.147519665204346,3993800
2022-10-17,25.992340087890625,26.095792912555666,25.94061449772154,26.078550501057013,4010000
2022-10-18,25.97509765625,26.061308069349536,25.914750860378383,25.931993271863664,5326500
2022-10-19,26.16476058959961,26.216486179126942,26.095792588787553,26.13027576703016,3372900
2022-10-20,26.182003021240234,26.207864993860586,26.00096099126355,26.13027578734584,3437500
2022-10-21,25.957857131958008,26.285454731609075,25.9061298970182,26.268212319962473,6352400
2022-10-24,25.983718872070312,26.0613080794573,25.92337207617529,26.044065667965334,3132200
2022-10-25,25.6992244720459,25.81991970258476,25.68198370567759,25.81991970258476,5338900
2022-10-26,25.431974411010742,25.595774028645714,25.414731999822465,25.595774028645714,7681000
2022-10-27,25.630258560180664,25.64750097227948,25.457839372173257,25.587154174260544,4312800
2022-10-28,25.673364639282227,25.750953849547628,25.63887981501897,25.673364639282227,2480000
2022-10-31,25.88888931274414,25.906130080185765,25.82854087155434,25.845783283322852,2920800
2022-11-01,25.880268096923828,25.931993687882624,25.70784726795866,25.725089679720554,3313600
2022-11-02,25.992340087890625,25.992340087890625,25.604395695132176,25.79405728863674,5314900
2022-11-03,26.207866668701172,26.23373028730121,26.095794276754912,26.207866668701172,8854500
2022-11-04,25.71647071838379,25.975100340077955,25.69060709848356,25.88889156239792,5481400
2022-11-07,25.569910049438477,25.664741665303037,25.535426871877515,25.61301443247138,3220200
2022-11-08,25.457839965820312,25.604397183423956,25.380250753893268,25.595775977173513,4722300
2022-11-09,25.64750099182129,25.69060537777425,25.466460597626533,25.58715419375637,2870800
2022-11-10,25.061269760131836,25.259552547651705,25.061269760131836,25.22506937102192,10429200
2022-11-11,24.699188232421875,24.914713438017753,24.664705054576487,24.83712423245709,8430900
2022-11-14,24.811262130737305,24.888851335893253,24.74229413107944,24.854366513900914,6588500
2022-11-15,24.725053787231445,24.871611004298234,24.58711777638352,24.61297975071316,5245200
2022-11-16,24.673328399658203,24.759537173910655,24.63884357449565,24.656085987076928,2510600
2022-11-17,24.768157958984375,24.897472762490843,24.768157958984375,24.854368376097668,3651700
2022-11-18,24.83712387084961,24.862987487102217,24.742293899910308,24.785398282671192,3321400
2022-11-21,25.052648544311523,25.095754570489007,25.00092295722531,25.0267865729318,3623300
2022-11-22,24.897470474243164,24.992302088784804,24.888850913218274,24.975059678081454,3115900
2022-11-23,24.63884162902832,24.837124425075825,24.630220423418404,24.828503219465908,4713200
2022-11-25,24.63884162902832,24.733673246410532,24.630220423418404,24.70780962958079,1306400
2022-11-28,24.81988525390625,24.828504815743496,24.595738826618152,24.621600800783778,2833000
2022-11-29,24.86298942565918,24.86298942565918,24.742295829056843,24.828504601300267,1322500
2022-11-30,24.664705276489258,24.931956073421134,24.604358481471753,24.759535249662402,4062300
2022-12-01,24.36297035217285,24.466421533918176,24.34572794043967,24.406074737178923,6989500
2022-12-02,24.337106704711914,24.518148739034427,24.311244731470758,24.449180736513203,3845600
2022-12-05,24.535388946533203,24.544010152192484,24.32848494369099,24.354348560668836,5149200
2022-12-06,24.55263328552246,24.595739317203197,24.431939685470347,24.483665279160256,4039400
2022-12-07,24.47504234313965,24.535389138900914,24.440559164559005,24.457801576012756,2869900
2022-12-08,24.39745330810547,24.483663721655777,24.38883374664462,24.449180542831776,2483300
2022-12-09,24.44917869567871,24.475040666761103,24.33710467323252,24.43193628540595,2643000
2022-12-12,24.46642303466797,24.52677147943583,24.38883546576326,24.43193985341332,4195200
2022-12-13,24.250898361206055,24.26814077439037,24.156068377346365,24.164689583938525,9962200
2022-12-14,24.138822555541992,24.285379758259428,24.095718172994957,24.216411759588095,5789100
2022-12-15,24.36297035217285,24.440559560645287,24.1733087560885,24.190549523494795,9086600
2022-12-16,24.40607261657715,24.423315026812165,24.311242648938027,24.38021064555136,5050300
2022-12-19,24.41216278076172,24.455648213245222,24.34258774758775,24.37737609357455,5859400
2022-12-20,24.24692153930664,24.299104058468448,24.186043592417505,24.28170988541451,3683600
2022-12-21,24.30780029296875,24.342586979057653,24.238225261991364,24.281709034302384,4431800
2022-12-22,24.342586517333984,24.403464460934533,24.32519234521967,24.351283603391142,2743500
2022-12-23,24.333890914916992,24.394768862229277,24.307801313954386,24.35998217467925,1852300
2022-12-27,24.325193405151367,24.359981750895844,24.281709631770397,24.351284664459726,3022400
2022-12-28,24.41216278076172,24.41216278076172,24.246921454923676,24.28170980091048,1992100
2022-12-29,24.264314651489258,24.333889681863436,24.23822505184867,24.30780008222285,2110500
2022-12-30,24.1860408782959,24.29040424610837,24.15125419489138,24.229526306050868,3437100
2023-01-03,24.446949005126953,24.490432775037096,24.342585635023326,24.41216066215925,4482600
2023-01-04,24.359981536865234,24.412162396223856,24.299103591146906,24.32519319142641,1979100
2023-01-05,24.586101531982422,24.612191133032496,24.516526497849455,24.525223584466033,3417800
2023-01-06,24.264314651489258,24.63828106180031,24.264314651489258,24.57740311757285,3794000
2023-01-09,24.11646842956543,24.16865094844717,24.055590483003034,24.15995386196688,9855100
2023-01-10,24.133859634399414,24.168647976042095,24.081678780734823,24.116465463578074,1670000
2023-01-11,24.133859634399414,24.186040488064005,24.107768378167403,24.125162548988744,1929800
2023-01-12,23.899045944213867,24.13386229983771,23.864259257528637,23.977318062755145,4370500
2023-01-13,23.890348434448242,23.968620551602353,23.881651348231166,23.959923465385277,2049500
2023-01-17,23.959922790527344,23.986014048443685,23.83816690451682,23.864258162433163,2566900
2023-01-18,23.959922790527344,23.97731696247157,23.751197703595217,23.768591875539446,3212900
2023-01-19,23.899045944213867,23.977318062755145,23.864259257528637,23.916440116956288,2509100
2023-01-20,23.8642578125,24.003407868414325,23.8642578125,23.968619525035987,2634900
2023-01-23,23.899045944213867,23.94253137606992,23.864259257528637,23.9251372033275,3615600
2023-01-24,23.872955322265625,23.986014122653824,23.85556115026758,23.90774200746217,1754000
2023-01-25,23.79468536376953,23.89035000083051,23.785988276982224,23.864260399268286,2230900
2023-01-26,23.855562210083008,23.933834328752006,23.8207738645414,23.8294709509268,2657100
2023-01-27,23.890348434448242,23.951228037967784,23.864258834596594,23.93383386553363,2554400
2023-01-30,23.977317810058594,23.977317810058594,23.872956092303163,23.899045692342224,3006500
2023-01-31,23.92513656616211,24.012105768758467,23.916439480022515,23.959923251920912,2126300
2023-02-01,23.699016571044922,23.925135827292486,23.672925313431907,23.855560799123968,7138000
2023-02-02,23.855562210083008,23.8990459832104,23.751198832257803,23.759895918643206,4302100
2023-02-03,24.168651580810547,24.168651580810547,24.003410250960837,24.046894025700386,7868200
2023-02-06,24.30780029296875,24.359981151501895,24.238225261991364,24.264314861858143,6884400
2023-02-07,24.264314651489258,24.403464712237618,24.16865002147449,24.359980940303593,4282800
2023-02-08,24.2904052734375,24.299102359356326,24.22952733080525,24.246919843843376,1416500
2023-02-09,24.255617141723633,24.255617141723633,24.099072911415846,24.099072911415846,3609000
2023-02-10,24.333890914916992,24.35998217467925,24.246921707842446,24.264315881017286,3201800
2023-02-13,24.264314651489258,24.351283854156875,24.24692047919582,24.342586768010154,2010600
2023-02-14,24.24692153930664,24.32519365924971,24.159953991636243,24.28170988541451,3456700
2023-02-15,24.41216278076172,24.47304072743899,24.40346569426502,24.42955695375512,4805900
2023-02-16,24.446949005126953,24.50782694652095,24.40346357641732,24.473038603553242,4101800
2023-02-17,24.429555892944336,24.551311781011837,24.412161720706244,24.516525095335222,4187800
2023-02-21,24.507827758789062,24.525221930849415,24.4034643852265,24.464342328638182,2532000
2023-02-22,24.586101531982422,24.60349570521558,24.473041064766562,24.507829411232876,1745200
2023-02-23,24.594797134399414,24.65567507824206,24.568705876124184,24.58610004830767,4056600
2023-02-24,24.77743148803711,24.78612857431212,24.733947715461664,24.77743148803711,4869300
2023-02-27,24.6469783782959,24.699159236864322,24.60349460595548,24.681765064408317,3470300
2023-02-28,24.716554641723633,24.716554641723633,24.57740457273656,24.620888347245145,4060400
2023-03-01,24.586101531982422,24.64697947949881,24.54261609889953,24.577404445365843,3932300
2023-03-02,24.716554641723633,24.777432589555517,24.699160468400333,24.751341329570565,3976200
2023-03-03,24.620885848999023,24.742643391107897,24.612188763219855,24.67306836367404,2795100
2023-03-06,24.586101531982422,24.620888219649075,24.53391901228295,24.594798618599,4169000
2023-03-07,24.890491485595703,24.899186912908593,24.646978050845657,24.65567513695811,4149300
2023-03-08,24.881793975830078,24.93397483281678,24.82961146004384,24.881793975830078,3127600
2023-03-09,24.812219619750977,24.838309219552034,24.78612836115034,24.829612133351823,2749300
2023-03-10,24.655675888061523,24.673070060816322,24.525222909999744,24.655675888061523,5632800
2023-03-13,24.429555892944336,24.516525095335222,24.4034646345872,24.490433836978085,5300200
2023-03-14,24.429555892944336,24.525222181454268,24.42085880682529,24.446950065182424,3386400
2023-03-15,24.690462112426758,24.794825488201678,24.681765026212215,24.76003714334351,5141900
2023-03-16,24.664371490478516,24.707855260949653,24.620886061207866,24.690461089241392,2670100
2023-03-17,24.525222778320312,24.638281583020262,24.48173734666679,24.603494896497047,2192400
2023-03-20,24.386072158813477,24.429555930676297,24.386072158813477,24.403464672278865,2226300
2023-03-21,24.37737464904785,24.412161334173668,24.32519213315982,24.3425863051225,2354900
2023-03-22,24.194740295410156,24.38607287837117,24.099074003929648,24.342587446425657,5645600
2023-03-23,24.22952651977539,24.25561611785905,24.116466065414638,24.159951493553187,3328800
2023-03-24,24.37737464904785,24.403464248192332,24.351283391103834,24.351283391103834,2368700
2023-03-27,24.299102783203125,24.351283640826736,24.299102783203125,24.34258655475621,1910500
2023-03-28,24.212133407592773,24.28170843685829,24.203436321584643,24.24692009282576,2077200
2023-03-29,24.273012161254883,24.307800506448892,24.23822547486047,24.273012161254883,1684100
2023-03-30,24.15995216369629,24.186041762503613,24.142557991958395,24.15995216369629,1006600
2023-03-31,24.24692153930664,24.264315712360574,24.16865107816321,24.21213485199841,2569800
2023-04-03,24.133859634399414,24.229525915117357,24.125162548988744,24.203434658885346,1753500
2023-04-04,24.03819465637207,24.142558028156397,24.003407971643643,24.13386094227441,2610700
2023-04-05,24.107770919799805,24.142559265110147,23.994712115140395,24.046892974306306,2528900
2023-04-06,24.125164031982422,24.177344888854613,24.081680261055517,24.168649461708856,2156600
2023-04-10,24.264314651489258,24.333889681863436,24.264314651489258,24.29040590992941,1882500
2023-04-11,24.177345275878906,24.22083070630144,24.15125567642494,24.168649848593954,785100
2023-04-12,24.046892166137695,24.090377596314166,24.020802566831364,24.046892166137695,2645600
2023-04-13,23.933834075927734,23.942531162221265,23.881651558166553,23.916439903340674,2468300
2023-04-14,24.07298469543457,24.10777138261313,23.968621316299608,23.977318402794157,2777400
2023-04-17,24.194740295410156,24.229528640966564,24.14255943587516,24.159953608653364,2011700
2023-04-18,24.107770919799805,24.168650524092907,24.107770919799805,24.151256351437734,1713400
2023-04-19,24.15995216369629,24.177344676634664,24.11646673435155,24.142557991958395,2011200
2023-04-20,24.15995216369629,24.15995216369629,24.099072562613657,24.142557991958395,1992300
2023-04-21,24.133859634399414,24.229525915117357,24.116465463578074,24.125162548988744,1885500
2023-04-24,24.05558967590332,24.116467620423172,24.03819550352634,24.09907344804619,1424500
2023-04-25,24.168651580810547,24.194741182134408,24.10777197385563,24.10777197385563,2056500
2023-04-26,24.090377807617188,24.0990732349292,23.968620260854653,23.97731734696623,2395100
2023-04-27,24.09907341003418,24.168650099432355,24.08168089648421,24.15125592708281,1971100
2023-04-28,24.133859634399414,24.212131744296016,24.090375866145493,24.177343402653335,3285800
2023-05-01,24.255617141723633,24.273011313713287,24.151255427384804,24.151255427384804,3558800
2023-05-02,24.194740295410156,24.325193273647454,24.186043209021054,24.29040658689066,7964800
2023-05-03,24.064287185668945,24.125165131260363,24.003409240077524,24.107770958577213,3155000
2023-05-04,24.090377807617188,24.133861579375516,24.046892377059294,24.090377807617188,3589400
2023-05-05,24.05558967590332,24.151255965177132,24.03819550352634,24.13386179280015,2238100
2023-05-08,24.090377807617188,24.0990732349292,24.02080277752412,24.029498204836138,1426500
2023-05-09,24.168651580810547,24.203438268842255,24.14256032068701,24.186044095426563,1240200
2023-05-10,24.125164031982422,24.15995237576357,24.081680261055517,24.09907277414656,1378900
2023-05-11,24.281709671020508,24.299103843920864,24.22952881111907,24.246921325219798,3647200
2023-05-12,24.43825340270996,24.43825340270996,24.31649585373218,24.325192940001994,2961100
2023-05-15,24.36867904663086,24.41216282038531,24.36867904663086,24.394768647363673,1000300
2023-05-16,24.429555892944336,24.446950065182424,24.351283776672496,24.394767548468156,2215200
2023-05-17,24.473039627075195,24.54261465712091,24.464342540969536,24.481736713180855,1376300
2023-05-18,24.655675888061523,24.673070060816322,24.603495028596733,24.603495028596733,2358100
2023-05-19,24.586101531982422,24.64697947949881,24.53391901228295,24.612191133032496,1897300
2023-05-22,24.60349464416504,24.629584244089973,24.568706299199008,24.60349464416504,1093400
2023-05-23,24.673070907592773,24.699160508820754,24.620888387537473,24.664373820916893,925500
2023-05-24,24.76003646850586,24.777430640460864,24.68176435350788,24.68176435350788,2664200
2023-05-25,24.873098373413086,24.881795459896193,24.820917513314075,24.820917513314075,2450100
2023-05-26,24.86440086364746,24.907884636523114,24.82091709077181,24.83830960464231,1989400
2023-05-30,24.838308334350586,24.86439959202137,24.80352164958906,24.80352164958906,2059000
2023-05-31,24.881793975830078,24.977458603839107,24.864399803901332,24.90788357492366,1903400
2023-06-01,24.586101531982422,24.838310408664555,23.829471584336698,24.838310408664555,5617500
2023-06-02,24.847007751464844,24.855704838171093,24.69916059505796,24.70785768176421,7704500
2023-06-05,24.803524017333984,24.916582827100935,24.803524017333984,24.90788574038045,2170600
2023-06-06,24.881793975830078,24.93397483281678,24.864399803901332,24.916580660888034,704000
2023-06-07,24.890491485595703,24.899186912908593,24.768733938820898,24.829611882808518,890200
2023-06-08,24.690462112426758,24.777431315772592,24.690462112426758,24.777431315772592,1922100
2023-06-09,24.768735885620117,24.777432972416154,24.716555023643586,24.7426462840317,1252100
2023-06-12,24.77743148803711,24.820916919412152,24.751340229212087,24.760037315487093,1207500
2023-06-13,24.69915771484375,24.742643143304083,24.66437103087497,24.69915771484375,2690300
2023-06-14,24.577404022216797,24.707857001620145,24.560009849283116,24.60349528161732,6221200
2023-06-15,24.43825340270996,24.586100551697587,24.42955631644015,24.586100551697587,1918400
2023-06-16,24.481735229492188,24.51652357180652,24.429554374820153,24.44694854597732,1682400
2023-06-20,24.551313400268555,24.61219134831745,24.551313400268555,24.560010486961207,1405700
2023-06-21,24.43825340270996,24.5947976379674,24.42955631644015,24.577403465427775,1237700
2023-06-22,24.525222778320312,24.542615292182116,24.45564774647428,24.490434432997493,1311100
2023-06-23,24.655675888061523,24.69046257477151,24.61219045617452,24.62088754255192,1626800
2023-06-26,24.62958526611328,24.64697943931808,24.60349566510574,24.62958526611328,1055900
2023-06-27,24.56870460510254,24.603492947669796,24.525220835692945,24.5426133481771,1113700
2023-06-28,24.681766510009766,24.73394903043408,24.646979821859905,24.673071082072063,1333200
2023-06-29,24.7861270904541,24.812218347717135,24.73394623472753,24.7861270904541,722600
2023-06-30,24.681766510009766,24.742646117171468,24.65567690859729,24.725251943696694,1517000
2023-07-03,24.707855224609375,24.725249396292053,24.655674368360856,24.716552310450716,847300
2023-07-05,24.8209171295166,24.8209171295166,24.71655375213268,24.71655375213268,828400
2023-07-06,24.76003646850586,24.873096927413844,24.751339382528357,24.76003646850586,882700
2023-07-07,24.551313400268555,24.699160556444298,24.542616313575902,24.690463469751645,1959500
2023-07-10,24.490432739257812,24.603493194938192,24.48173565352859,24.58609902347975,1270700
2023-07-11,24.429555892944336,24.49913092309713,24.412161720706244,24.46434257862095,2025000
2023-07-12,24.142559051513672,24.255617855172815,24.142559051513672,24.255617855172815,1287900
2023-07-13,23.977317810058594,24.064287014054518,23.95992363749949,24.055589927774967,1183700
2023-07-14,24.020803451538086,24.038195965449706,23.968620933404395,23.99471219247124,838300
2023-07-17,23.99471092224121,24.081680122393784,23.99471092224121,24.04689177881295,1196900
2023-07-18,24.01210594177246,24.064286800186427,23.98601468316569,24.01210594177246,669900
2023-07-19,24.107770919799805,24.168650524092907,24.072984233289066,24.099073833472218,1566900
2023-07-20,24.24692153930664,24.28170988541451,24.159953991636243,24.16865107816321,2486600
2023-07-21,24.31649398803711,24.35128233044721,24.299101475631527,24.299101475631527,2215600
2023-07-24,24.40346336364746,24.412160449313557,24.333888337118154,24.377373765448645,1487700
2023-07-25,24.37737464904785,24.4730392772435,24.37737464904785,24.4730392772435,1526200
2023-07-26,24.30780029296875,24.394767837590795,24.281709034302384,24.368678237724016,1435500
2023-07-27,24.533916473388672,24.54261355910523,24.43825184810549,24.43825184810549,3183500
2023-07-28,24.49913215637207,24.52522341604263,24.4295571227169,24.507829242928924,1139000
2023-07-31,24.542613983154297,24.560008154887957,24.473038955019184,24.525221470220156,889000
2023-08-01,24.655675888061523,24.69046257477151,24.61219045617452,24.64697880168412,1082000
2023-08-02,24.742645263671875,24.786129037059148,24.69915983148498,24.69915983148498,726900
2023-08-03,24.725250244140625,24.794825274457605,24.69046189958235,24.77743110217847,519600
2023-08-04,24.60349464416504,24.620887157848465,24.542615040474484,24.577403385440515,851800
2023-08-07,24.620885848999023,24.664371277894872,24.603493336240184,24.620885848999023,348300
2023-08-08,24.733945846557617,24.812217958318833,24.733945846557617,24.768732530229563,649200
2023-08-09,24.751338958740234,24.751338958740234,24.6904610167396,24.72524936005397,889100
2023-08-10,24.794824600219727,24.794824600219727,24.638280371563486,24.699158314085462,1192400
2023-08-11,24.847007751464844,24.864401924877345,24.777432716614527,24.820918150145776,1444900
2023-08-14,24.933977127075195,25.003552162392474,24.864402091757917,24.96876381533399,846800
2023-08-15,24.942672729492188,24.960066901986295,24.855703525821237,24.8817947845624,952900
2023-08-16,25.01224708557129,25.029641257595916,24.916580798235383,24.942672056272325,1066900
2023-08-17,25.003549575805664,25.055730432195656,24.92527746182092,24.93397454768584,686700
2023-08-18,25.020946502685547,25.055733191176195,24.9861581553952,25.03834067633072,677100
2023-08-21,24.994853973388672,25.038339405294128,24.97745980062649,25.003551059769762,2276700
2023-08-22,25.081823348999023,25.099217521879517,25.03833957559742,25.04703500323804,649000
2023-08-23,24.994853973388672,25.11660986512472,24.994853973388672,25.107914437543243,2112800
2023-08-24,25.194881439208984,25.194881439208984,25.08182263629761,25.12530640846362,1421000
2023-08-25,25.22966957092285,25.29924460108067,25.12530619628634,25.19488122644416,2377400
2023-08-28,25.18618392944336,25.229669359677626,25.18618392944336,25.21227518758392,710700
2023-08-29,25.047033309936523,25.28184965154956,25.038337882883756,25.28184965154956,2199100
2023-08-30,25.003549575805664,25.01224666167058,24.92527746182092,24.968761232345994,2983600
2023-08-31,25.125307083129883,25.15139834240984,25.099217482649546,25.099217482649546,2707600
2023-09-01,25.281850814819336,25.290547901071786,25.055731548654368,25.06442863490682,1260500
2023-09-05,25.412303924560547,25.43839518345502,25.360123065571194,25.360123065571194,1215500
2023-09-06,25.421001434326172,25.47318395298439,25.377517660910616,25.4036072614401,647600
2023-09-07,25.48187828063965,25.51666662491007,25.464485767303994,25.4731828533716,1034600
2023-09-08,25.507970809936523,25.507970809936523,25.403607430724257,25.473184122732192,1033200
2023-09-11,25.386213302612305,25.412302901657014,25.35142495881998,25.394910388560387,630500
2023-09-12,25.429698944091797,25.464487290443056,25.403607684328353,25.45579020385524,1827200
2023-09-13,25.447092056274414,25.447092056274414,25.386214111497615,25.421000797598822,549400
2023-09-14,25.603635787963867,25.612332874018286,25.507969500164823,25.542757844382496,1268500
2023-09-15,25.58624267578125,25.60363684861065,25.54275890250737,25.58624267578125,1295700
2023-09-18,25.542757034301758,25.603634975952403,25.51666577696598,25.568846632838035,479400
2023-09-19,25.560152053833008,25.568849140464554,25.507971192843396,25.525365366106488,366500
2023-09-20,25.603635787963867,25.62102830127315,25.44709155658345,25.52536367227366,827900
2023-09-21,25.621028900146484,25.681908503950428,25.603636386430665,25.65581724517731,980500
2023-09-22,25.681909561157227,25.707999162204743,25.62102995484715,25.681909561157227,1063900
2023-09-25,25.77757453918457,25.821059972841574,25.75148493779005,25.760182024521452,1412600
2023-09-26,25.855846405029297,25.864543491674606,25.786271370666473,25.794968457311786,1642700
2023-09-27,25.977602005004883,26.01238869016951,25.908026975876094,25.916722403067592,1609900
2023-09-28,25.838451385498047,25.908028076381814,25.821058871576717,25.881936817300403,1106400
2023-09-29,25.855846405029297,25.87324057831992,25.786271370666473,25.786271370666473,1590300
2023-10-02,26.055871963500977,26.06456904932585,25.960207337026375,25.960207337026375,3727200
2023-10-03,26.08196449279785,26.151539523989992,26.021086547854676,26.090661579046817,2486400
2023-10-04,26.003692626953125,26.07326765881843,25.986298454286896,25.99499554062001,1114900
2023-10-05,25.916723251342773,26.003692455300218,25.916723251342773,25.968905768996997,1368300
2023-10-06,25.86454200744629,26.047177498918014,25.829755321660933,26.01238915433309,1492000
2023-10-09,25.855846405029297,25.942815612682743,25.855846405029297,25.93411852603743,1777700
2023-10-10,25.794965744018555,25.855843685332502,25.777571572557573,25.83844951387152,2275900
2023-10-11,25.794965744018555,25.864540771062995,25.75148197416559,25.777571572557573,1343600
2023-10-12,26.012388229370117,26.021085315207095,25.881935259414504,25.881935259414504,1691000
2023-10-13,26.02978515625,26.073268931238047,26.00369389597736,26.012390982734907,942200
2023-10-16,25.916723251342773,26.021086627851624,25.916723251342773,25.9776028552727,761500
2023-10-17,25.925418853759766,25.99499388118363,25.890632169447585,25.98629679540571,603400
2023-10-18,26.021085739135742,26.04717699707174,25.96890488206328,25.986297395221076,799000
2023-10-19,25.94281578063965,26.012390815452907,25.890634919229623,25.994996642049674,1728900
2023-10-20,25.95151138305664,25.986298069073825,25.93411721064826,25.95151138305664,769500
2023-10-23,25.82105827331543,25.977602506577632,25.79496701483854,25.95151124810074,1462800
2023-10-24,25.96890640258789,25.994996003251945,25.908028455972257,25.916723883660516,1564900
2023-10-25,26.038480758666992,26.05587327239093,25.98629824109641,26.038480758666992,1347000
2023-10-26,26.09935760498047,26.15153846155477,26.064569261397917,26.081963433189195,1026300
2023-10-27,26.0645694732666,26.090660731165602,26.021085702234476,26.047176960133474,1032400
2023-10-30,25.960206985473633,26.029782012330937,25.951509899766535,26.02108492662384,719400
2023-10-31,26.11675262451172,26.15153931042391,26.029783421531878,26.04717759388776,970400
2023-11-01,26.125450134277344,26.238508938824527,26.10805596163944,26.203720593548717,3264600
2023-11-02,25.9949951171875,26.038480548144737,25.9254200864555,25.95151134502984,1849900
2023-11-03,25.751483917236328,25.82975603591726,25.699301398915964,25.78627060398362,3525400
2023-11-06,25.77757453918457,25.786271625915973,25.70799950413305,25.73409076432725,1529900
2023-11-07,25.86454200744629,25.91672286552411,25.829755321660933,25.890633265884986,1004600
2023-11-08,25.855846405029297,25.916724352746808,25.838452231738675,25.908028924901163,585300
2023-11-09,25.96890640258789,25.977603489075786,25.82975633638083,25.864543023532775,1062400
2023-11-10,25.95151138305664,25.994995155278016,25.93411721064826,25.95151138305664,836200
2023-11-13,25.916723251342773,25.98629828274881,25.899330737590958,25.96020868272129,3831800
2023-11-14,25.507970809936523,25.67321213585609,25.49927372343553,25.6645150493551,2938300
2023-11-15,25.603635787963867,25.638422473381986,25.55145327163736,25.58624161585503,1378300
2023-11-16,25.621028900146484,25.629725986404193,25.525364268910902,25.586242213915252,790900
2023-11-17,25.48187828063965,25.586241654651356,25.48187828063965,25.56015039644854,1455100
2023-11-20,25.403606414794922,25.44709184556083,25.368819728981766,25.43839475940765,1715000
2023-11-21,25.429698944091797,25.464487290443056,25.342729737013304,25.342729737013304,1349700
2023-11-22,25.516666412353516,25.60363561350555,25.516666412353516,25.5514530975346,4330300
2023-11-24,25.403606414794922,25.455788931714014,25.39491098744131,25.44709184556083,983600
2023-11-27,25.351425170898438,25.42100020026559,25.351425170898438,25.394910601002625,1450400
2023-11-28,25.264455795288086,25.334030824175507,25.220972024283274,25.307941225092435,1524100
2023-11-29,25.29054832458496,25.32533667017733,25.238367464996028,25.281851238186867,1900400
2023-11-30,25.47318458557129,25.481880013430636,25.386215377780808,25.4210020656172,4121100
2023-12-01,25.39491081237793,25.51666670008399,25.36012246800502,25.49057544180431,2520400
2023-12-04,25.507970809936523,25.560151670142837,25.473184122732192,25.525364982938505,2271800
2023-12-05,25.603635787963867,25.62102830127315,25.499272414110408,25.542757844382496,1836800
2023-12-06,25.664514541625977,25.664514541625977,25.5688482508073,25.5688482508073,1537500
2023-12-07,25.52536392211914,25.59493895243594,25.43839471952325,25.577544780156845,2570400
2023-12-08,25.621028900146484,25.664514331435015,25.560150955142134,25.664514331435015,1460900
2023-12-11,25.65581703186035,25.690605376601926,25.629725773304173,25.67321120423114,956200
2023-12-12,25.58624267578125,25.655817708299228,25.577545589366547,25.621029362640428,1034200
2023-12-13,25.368820190429688,25.62972614457263,25.3253364176724,25.568848199192583,1509200
2023-12-14,25.134002685546875,25.22966897179192,25.099216000693833,25.212274799965634,3746200
2023-12-15,25.299243927001953,25.316638098777844,25.23836598458585,25.247063070473796,4411500
2023-12-18,25.295543670654297,25.32330093747784,25.267786403830755,25.27703882610527,1916800
2023-12-19,25.18451690673828,25.24003144157274,25.175264484265874,25.23077901910033,2544400
2023-12-20,25.295543670654297,25.30479609292881,25.20302121262826,25.212273634902775,2362500
2023-12-21,25.129003524780273,25.21227356028535,25.129003524780273,25.147508369274536,1696100
2023-12-22,25.1197509765625,25.138255820963963,25.04573336367574,25.082743052478666,1511500
2023-12-26,25.064237594604492,25.10124551778252,25.05498517263022,25.0919948605273,1106200
2023-12-27,24.934709548950195,25.017979589789164,24.916204703270598,25.017979589789164,783700
2023-12-28,25.01797866821289,25.045734170990652,24.906951362944387,24.962464133219065,2087100
2023-12-29,25.064237594604492,25.07349001657876,24.999472405503656,25.05498517263022,983800
2024-01-02,25.27703857421875,25.286290996401064,25.22152580584396,25.2492830723909,2109400
2024-01-03,25.360309600830078,25.415822371375643,25.31404925282864,25.3695620233742,1222900
2024-01-04,25.360309600830078,25.37881444591832,25.304796830284516,25.3695620233742,2839300
2024-01-05,25.360309600830078,25.388066868462438,25.221526792106594,25.37881444591832,1082100
2024-01-08,25.314048767089844,25.341804269470458,25.267786655256945,25.33255184710388,1193100
2024-01-09,25.39731788635254,25.425073387730663,25.332550932125777,25.34180335415817,407200
2024-01-10,25.351057052612305,25.406569822882673,25.341804630114055,25.388066742605318,1514800
2024-01-11,25.36956024169922,25.462082695923517,25.332550554121887,25.39731750738222,1172800
2024-01-12,25.39731788635254,25.406568543665873,25.304795430747653,25.351055776190563,849300
2024-01-16,25.61937141418457,25.637874494030957,25.554606222924445,25.563856880488085,1061500
2024-01-17,25.637874603271484,25.711893981848856,25.637874603271484,25.674884292560172,930100
2024-01-18,25.665632247924805,25.702641937758113,25.656379825466477,25.674884670383133,2123700
2024-01-19,25.628623962402344,25.684136731652504,25.61937154007413,25.665631886996078,1116600
2024-01-22,25.637874603271484,25.65637944791583,25.591614256379746,25.61937152334626,2171700
2024-01-23,25.702640533447266,25.767405722397847,25.674883267588854,25.674883267588854,996900
2024-01-24,25.628623962402344,25.63787462001144,25.499091814526484,25.508344236854697,851100
2024-01-25,25.702640533447266,25.74890087849224,25.64712600173044,25.64712600173044,1250900
2024-01-26,25.702640533447266,25.702640533447266,25.637873579777636,25.66563084563605,1154700
2024-01-29,25.702640533447266,25.795161223537214,25.69338811149446,25.767405722397847,1286200
2024-01-30,25.68413734436035,25.74890253748373,25.65638007671355,25.68413734436035,460600
2024-01-31,25.7489013671875,25.776658633572723,25.58236129831431,25.63787406636568,3424500
2024-02-01,25.61937141418457,25.75815421898757,25.591614147336326,25.730396952139326,3755500
2024-02-02,25.850677490234375,25.878432993236565,25.77665987436326,25.795162954791667,3216000
2024-02-05,25.989459991455078,26.026467916592548,25.96170272406262,25.96170272406262,3422600
2024-02-06,25.915441513061523,26.007963969901432,25.906189090905624,25.998711547745533,621700
2024-02-07,25.887685775756836,25.91544304386413,25.869180930351973,25.9061906211617,849000
2024-02-08,25.915441513061523,25.980206703433733,25.906189090905624,25.961701859121934,1686900
2024-02-09,25.896936416625977,25.93394610488926,25.887683994560156,25.924693682823438,1118200
2024-02-12,25.924694061279297,25.970954407564655,25.906189216877515,25.933946483480188,1127700
2024-02-13,26.12824249267578,26.146747337387154,26.072729723260785,26.072729723260785,3596900
2024-02-14,26.081981658935547,26.128242005131654,26.06347681456947,26.128242005131654,3242200
2024-02-15,25.980207443237305,26.03572021303438,25.96170259839857,26.00796471049541,948900
2024-02-16,25.989459991455078,26.072730028913313,25.97095514652677,26.072730028913313,643500
2024-02-20,25.952449798583984,25.96170222086881,25.878432185024526,25.906189451878987,1142700
2024-02-21,25.924694061279297,25.980206829765546,25.924694061279297,25.943198905681076,878600
2024-02-22,25.924694061279297,25.980206829765546,25.924694061279297,25.961701985363764,895300
2024-02-23,25.943199157714844,25.95244981528651,25.90618946855174,25.915441890842516,538700
2024-02-26,25.896936416625977,25.924693682823438,25.887683994560156,25.896936416625977,636800
2024-02-27,25.915441513061523,25.933946357373323,25.878431824437925,25.915441513061523,1424900
2024-02-28,25.933948516845703,25.98020886675813,25.924696093919373,25.952451597979135,502900
2024-02-29,25.989459991455078,26.017217258847538,25.87843268660438,25.90618995399684,1038700
2024-03-01,25.943199157714844,26.054224695765935,25.93394673542407,26.007964349031166,779700
2024-03-04,25.943199157714844,25.95244981528651,25.90618946855174,25.943199157714844,853200
2024-03-05,25.915441513061523,25.952449436966035,25.869179402282025,25.933946357373323,1249300
2024-03-06,25.822919845581055,25.86918019305556,25.785911920545278,25.85992953533597,841600
2024-03-07,25.693389892578125,25.79516301167586,25.693389892578125,25.776659931206652,1081500
2024-03-08,25.702640533447266,25.702640533447266,25.62862292254388,25.637873579777636,940100
2024-03-11,25.730396270751953,25.748901114827408,25.702640769357835,25.71189319139556,541900
2024-03-12,25.7489013671875,25.813666557367277,25.73964894505909,25.767406211444314,832000
2024-03-13,25.721145629882812,25.74890289791816,25.684137703888197,25.730398052561263,304700
2024-03-14,25.85993003845215,25.878433118970452,25.77665999960267,25.77665999960267,1062900
2024-03-15,25.887685775756836,25.9061906211617,25.869180930351973,25.896938198459267,396600
2024-03-18,25.943199157714844,25.95244981528651,25.896937046260966,25.896937046260966,659700
2024-03-19,26.007963180541992,26.03571868144821,25.989458336791827,26.017215602417075,909000
2024-03-20,25.887685775756836,26.09123554577196,25.887685775756836,26.081983123069527,837900
2024-03-21,26.0634765625,26.072728984593557,25.970954106283518,25.98020652837707,719600
2024-03-22,26.202259063720703,26.202259063720703,26.128241452540887,26.146746296515605,736500
2024-03-25,26.137495040893555,26.146747463293796,26.10973777369283,26.137495040893555,255200
2024-03-26,26.1560001373291,26.165252559818356,26.10048560239358,26.109738024882834,245800
2024-03-27,26.174503326416016,26.20225882740872,26.165250904512103,26.183753983600894,209600
2024-03-28,26.24852180480957,26.24852180480957,26.183754849340726,26.202259693760396,392000
2024-04-01,26.350296020507812,26.378053288296925,26.248522901386075,26.257773559263274,664400
2024-04-02,26.31328773498535,26.331790815205878,26.276278045106007,26.331790815205878,582100
2024-04-03,26.193008422851562,26.29478330691412,26.174505342337696,26.2855308842976,3024900
2024-04-04,26.193008422851562,26.193008422851562,26.109738384022048,26.11899080663857,1404900
2024-04-05,26.220766067504883,26.304036107531026,26.19300879925644,26.28553126203206,469200
2024-04-08,26.18375587463379,26.2115131423502,26.165252794208676,26.2115131423502,379200
2024-04-09,26.174503326416016,26.193006405504807,26.109736373088626,26.11898879499254,599900
2024-04-10,26.452070236206055,26.479827503294057,26.35954777729851,26.35954777729851,1016800
2024-04-11,26.4705753326416,26.54459294752765,26.424313220388356,26.424313220388356,1112400
2024-04-12,26.68337631225586,26.701881157543717,26.646366621680144,26.664871466968002,620700
2024-04-15,26.72963523864746,26.73888766079913,26.683374892608203,26.69262731475987,614100
2024-04-16,26.766645431518555,26.803653356103347,26.70188023995583,26.729635742214647,1490800
2024-04-17,26.68337631225586,26.757393928688114,26.646366621680144,26.7203842381124,1293500
2024-04-18,26.738889694213867,26.738889694213867,26.674124498946068,26.683376921801354,826400
2024-04-19,26.738889694213867,26.75739453992444,26.66487207609078,26.683376921801354,831000
2024-04-22,26.748140335083008,26.803653103797206,26.72038306836636,26.803653103797206,302600
2024-04-23,26.637115478515625,26.729636173831143,26.609358211089482,26.72038375135576,780900
2024-04-24,26.664871215820312,26.701880906047446,26.646366370706744,26.65561879326353,299700
2024-04-25,26.609357833862305,26.720383372554632,26.600105411518093,26.711132714929537,639700
2024-04-26,26.72963523864746,26.78514977155747,26.683374892608203,26.69262731475987,1018400
2024-04-29,26.646366119384766,26.720383734421755,26.600105771756326,26.69262823173235,783200
2024-04-30,26.81290626525879,26.81290626525879,26.701880724769456,26.729636227532215,819900
2024-05-01,26.7851505279541,26.82215845288677,26.664870801304872,26.80365360806087,3025300
2024-05-02,26.581600189208984,26.729635415175164,26.572347766996213,26.692627491043165,1344600
2024-05-03,26.50758171081543,26.553843820368947,26.415059256427437,26.461321365980954,856400
2024-05-06,26.53533935546875,26.544591777511577,26.489077245254617,26.489077245254617,1365000
2024-05-07,26.609357833862305,26.627862678550734,26.526087797483502,26.535340219827717,450300
2024-05-08,26.646366119384766,26.6648709643238,26.627863039164875,26.646366119384766,361700
2024-05-09,26.553844451904297,26.637114486362016,26.553844451904297,26.62786206423126,388400
2024-05-10,26.590852737426758,26.627862426453223,26.55384481311939,26.58160031517014,406200
2024-05-13,26.581600189208984,26.60010503363453,26.544592265076986,26.544592265076986,371700
2024-05-14,26.52608871459961,26.563096640536862,26.52608871459961,26.544593559927826,525200
2024-05-15,26.359548568725586,26.498331378894203,26.359548568725586,26.424313762489664,705600
2024-05-16,26.424312591552734,26.452069858244126,26.38730466734998,26.424312591552734,1726900
2024-05-17,26.424312591552734,26.479827124935515,26.396557089580444,26.47057470270505,698000
2024-05-20,26.461322784423828,26.461322784423828,26.433565517203807,26.44281793961048,296000
2024-05-21,26.461322784423828,26.489078286924716,26.44281793961048,26.4705752068305,281200
2024-05-22,26.544593811035156,26.563096891819228,26.489079274525352,26.507584120028618,309400
2024-05-23,26.600107192993164,26.600107192993164,26.479829223901312,26.489079882145944,326300
2024-05-24,26.516836166381836,26.544593434242735,26.48907889852094,26.526088589002136,253100
2024-05-28,26.479827880859375,26.498330961129415,26.424313345891814,26.424313345891814,402200
2024-05-29,26.62786293029785,26.62786293029785,26.535340470700103,26.55384531556348,383000
2024-05-30,26.544593811035156,26.553846233786793,26.507584120028618,26.544593811035156,322100
2024-05-31,26.52608871459961,26.544593559927826,26.452071098005927,26.47982836599825,797000
2024-06-03,26.387304306030273,26.516834686044913,26.387304306030273,26.49832984183737,786900
2024-06-04,26.396556854248047,26.45206962241682,26.378052009952096,26.44281720026884,540300
2024-06-05,26.43356704711914,26.489079820053004,26.405811543011826,26.415062201234775,1348600
2024-06-06,26.396556854248047,26.461322044564792,26.396556854248047,26.44281720026884,222500
2024-06-07,26.618610382080078,26.627862804468045,26.572348270140246,26.572348270140246,369400
2024-06-10,26.68337631225586,26.738889083400256,26.67412388961193,26.729636660756327,752800
2024-06-11,26.72038459777832,26.76664671162067,26.701881516960583,26.7573942888522,396600
2024-06-12,26.600107192993164,26.600107192993164,26.47057680093744,26.489079882145944,835200
2024-06-13,26.701879501342773,26.738887424903872,26.433564555468767,26.461321821678894,2156700
2024-06-14,26.822158813476562,26.886924006518775,26.80365396840189,26.859168503625916,434500
2024-06-17,26.75739288330078,26.84066291912368,26.75739288330078,26.812905652276342,204900
2024-06-18,26.748140335083008,26.78515002403854,26.72038306836636,26.78515002403854,179600
2024-06-20,26.859169006347656,26.859169006347656,26.79440204737405,26.803654470084567,346900
2024-06-21,26.923933029174805,26.94243787379071,26.89617576225094,26.905428184558897,935100
2024-06-24,26.831411361694336,26.868421052017045,26.812906516532983,26.831411361694336,1158700
2024-06-25,26.859169006347656,26.91468177789156,26.849916583637143,26.886924509760014,872400
2024-06-26,26.988697052001953,27.016454317723927,26.951687364372656,26.988697052001953,334700
2024-06-27,26.951688766479492,26.960941188868155,26.905428419255305,26.914680841643968,314400
2024-06-28,26.951688766479492,26.997950878422806,26.92393326403263,26.970193611256818,941200
2024-07-01,26.960941314697266,26.997951004424642,26.86842061981709,26.905428544825334,770900
2024-07-02,26.923933029174805,26.979445798303413,26.91468060686685,26.960940953687505,544000
2024-07-03,26.81290626525879,26.859168377728633,26.75739349501412,26.859168377728633,1535700
2024-07-05,26.72038459777832,26.80365463797535,26.72038459777832,26.7573942888522,969300
2024-07-08,26.766645431518555,26.77589785384453,26.71113266228181,26.72038331988867,333900
2024-07-09,26.803653717041016,26.822158561942157,26.766645791957878,26.785150636859015,633200
2024-07-10,26.775897979736328,26.79440105975616,26.775897979736328,26.79440105975616,929600
2024-07-11,26.637115478515625,26.655618558747243,26.572348521187962,26.6001057886141,1004700
2024-07-12,26.544593811035156,26.600106582825767,26.535341388283523,26.57234931457086,1111400
2024-07-15,26.590852737426758,26.60935758193999,26.535339968606156,26.544592390862775,1727000
2024-07-16,26.590852737426758,26.66487035076059,26.590852737426758,26.646365506247356,382600
2024-07-17,26.4705753326416,26.507583257725056,26.452070487740304,26.47982775509225,1065900
2024-07-18,26.590852737426758,26.60935758193999,26.516835124092925,26.52608754634954,1840600
2024-07-19,26.664871215820312,26.664871215820312,26.627863290312337,26.627863290312337,378000
2024-07-22,26.646366119384766,26.674123386793315,26.646366119384766,26.65561854185428,1065600
2024-07-23,26.692628860473633,26.711133705848546,26.674124015098723,26.692628860473633,359000
2024-07-24,26.68337631225586,26.68337631225586,26.609358695823605,26.627863541111463,313800
2024-07-25,26.68337631225586,26.701881157543717,26.63711596375539,26.68337631225586,272000
2024-07-26,26.664871215820312,26.683376060933877,26.646366370706744,26.65561879326353,230400
2024-07-29,26.738889694213867,26.794402466626376,26.729637271358577,26.75739453992444,1107000
2024-07-30,26.75739288330078,26.8036532299939,26.73888803873589,26.785150150148116,273800
2024-07-31,26.609357833862305,26.711132714929537,26.59085298917388,26.600105411518093,533400
2024-08-01,26.701879501342773,26.72963500283383,26.637114311571548,26.674122235132646,1206500
2024-08-02,26.43356704711914,26.489079820053004,26.405811543011826,26.489079820053004,1180300
2024-08-05,26.28553009033203,26.350295281972244,26.193007631680675,26.202260054017724,2084300
2024-08-06,26.368799209594727,26.39655647564053,26.350294365564192,26.39655647564053,787300
2024-08-07,26.424312591552734,26.452069858244126,26.405809511810904,26.442817436013662,921900
2024-08-08,26.461322784423828,26.52608797655141,26.452070362017153,26.489078286924716,304900
2024-08-09,26.43356704711914,26.452071893003506,26.415062201234775,26.442819470061323,350500
2024-08-12,26.43356704711914,26.489079820053004,26.43356704711914,26.470576738887875,181600
2024-08-13,26.294782638549805,26.396557520025432,26.294782638549805,26.396557520025432,229400
2024-08-14,26.322540283203125,26.322540283203125,26.23001782278191,26.30403543817505,615900
2024-08-15,26.41506004333496,26.46132215426663,26.38730454149505,26.46132215426663,378400
2024-08-16,26.28553009033203,26.39655739365748,26.28553009033203,26.350295281972244,320200
2024-08-19,26.146747589111328,26.248522471284577,26.146747589111328,26.248522471284577,4595700
2024-08-20,26.05422592163086,26.11899111599442,26.035721076178646,26.100486270542206,487200
2024-08-21,25.97095489501953,26.118990123574097,25.91544212549135,26.054224931671364,568500
2024-08-22,26.09123420715332,26.118989709117425,26.017216594050552,26.017216594050552,3506400
2024-08-23,25.869178771972656,26.10048402607707,25.850675692830773,26.091233368865648,968500
2024-08-26,25.924694061279297,25.943198905681076,25.887684372475736,25.915441639078406,318200
2024-08-27,25.84142303466797,25.92469306656186,25.84142303466797,25.91544064471598,1806500
2024-08-28,25.989459991455078,26.017217258847538,25.943199643853454,25.989459991455078,588200
2024-08-29,26.081981658935547,26.128242005131654,26.05422439238643,26.072729236752508,1799000
2024-08-30,26.1560001373291,26.183755640077713,26.10048560239358,26.137495292350593,2138600
2024-09-03,26.202259063720703,26.230016329682776,26.118989030553532,26.146746296515605,2698700
2024-09-04,26.072731018066406,26.165253481498933,26.06347859525123,26.156001058683756,738600
2024-09-05,26.03571891784668,26.100484106841275,25.998710994729358,26.03571891784668,426500
2024-09-06,26.072731018066406,26.118991367423064,25.96170370900353,26.06347859525123,759100
2024-09-09,26.18375587463379,26.18375587463379,26.137495526492263,26.1467479490644,361600
2024-09-10,26.193008422851562,26.230018113317648,26.183756000235043,26.202260845468086,371600
2024-09-11,26.220766067504883,26.230018490254366,26.19300879925644,26.220766067504883,332800
2024-09-12,26.109737396240234,26.202259854185968,26.100484973973753,26.183755009652998,330200
2024-09-13,26.072731018066406,26.091235863696753,26.026468903990537,26.03572132680571,957300
2024-09-16,25.989459991455078,26.026467916592548,25.96170272406262,25.97095514652677,1623800
2024-09-17,26.072731018066406,26.072731018066406,26.017218245894572,26.017218245894572,456000
2024-09-18,26.100486755371094,26.118991601167043,25.87843389997736,25.989461210033838,638800
2024-09-19,25.989459991455078,26.109737954050782,25.97095514652677,26.072730028913313,331100
2024-09-20,26.03571891784668,26.100484106841275,25.998710994729358,26.04497133980577,370000
2024-09-23,26.072731018066406,26.100486521792718,26.03572132680571,26.06347859525123,310900
2024-09-24,25.924694061279297,26.054224442653574,25.924694061279297,26.017216518569107,213000
2024-09-25,26.100486755371094,26.109739178269066,25.91544359156926,25.924696014467237,263300
2024-09-26,25.980207443237305,26.09123474755059,25.97095502081794,26.04497263545375,389400
2024-09-27,25.97095489501953,26.007964584517737,25.906189703116798,25.9246945478659,845300
2024-09-30,26.072731018066406,26.100486521792718,25.970956131818706,25.970956131818706,1322300
2024-10-01,26.18375587463379,26.230017987494474,26.128243103920127,26.156000371636537,1300200
2024-10-02,26.294782638549805,26.313287483312486,26.248522291362224,26.248522291362224,815000
2024-10-03,26.378053665161133,26.4335664368133,26.350296396975452,26.36880124243257,1203700
2024-10-04,26.52608871459961,26.58160148586508,26.5168362919355,26.553845982591934,456200
2024-10-07,26.544593811035156,26.553846233786793,26.507584120028618,26.535341388283523,283200
2024-10-08,26.544593811035156,26.581601737322497,26.516836542780254,26.516836542780254,5172200
2024-10-09,26.664871215820312,26.664871215820312,26.609358445198772,26.618610867755557,222300
2024-10-10,26.65561866760254,26.738888705501875,26.64636624508937,26.64636624508937,349900
2024-10-11,26.674121856689453,26.683374278628225,26.64636459087314,26.66486943475068,270200
2024-10-14,26.75739288330078,26.794400807711455,26.720383194171,26.75739288330078,1291800
2024-10-15,26.775897979736328,26.79440105975616,26.711132787869097,26.711132787869097,373800
2024-10-16,26.84991455078125,26.868419394801247,26.775896939420328,26.785149361430324,191500
2024-10-17,26.933185577392578,26.933185577392578,26.89617588798775,26.92393315504137,720000
2024-10-18,26.859169006347656,26.877672087049497,26.840664160926625,26.859169006347656,352900
2024-10-21,26.979446411132812,26.997951256169053,26.88692395067077,26.88692395067077,304500
2024-10-22,27.0072021484375,27.01645457043137,26.970192460462023,26.98869730444976,197200
2024-10-23,27.09972381591797,27.145984159823563,27.090471394193052,27.090471394193052,1481600
2024-10-24,26.99795150756836,27.0719691236834,26.99795150756836,27.04421185587057,294400
2024-10-25,27.090473175048828,27.099725597381976,27.016455561102756,27.016455561102756,211400
2024-10-28,27.090473175048828,27.10897625499601,27.06271590804938,27.06271590804938,208700
2024-10-29,27.09972381591797,27.182992082004237,27.081218972468132,27.17374142499832,423900
2024-10-30,27.034957885742188,27.118227919694995,27.016454806311952,27.108975497620342,395000
2024-10-31,27.016454696655273,27.090472308232997,26.98869743054398,26.997949852581076,754400
2024-11-01,27.127479553222656,27.136731975028358,27.016454020992274,27.025704678078956,591000
2024-11-04,27.025707244873047,27.025707244873047,26.95168962811655,26.979446896169932,504800
2024-11-05,26.91468048095703,26.988698094355286,26.88692321416302,26.951688405296604,1181500
2024-11-06,27.349533081054688,27.40504761330703,27.284767891479348,27.395795191264973,1287600
2024-11-07,27.127479553222656,27.220002006560655,27.099724052524568,27.173741662251164,1276600
2024-11-08,27.31252670288086,27.386544318685992,27.229256664510192,27.23850908707573,439600
2024-11-11,27.46981430053711,27.516074648550447,27.46056187799061,27.46981430053711,1832800
2024-11-12,27.590091705322266,27.65485689711668,27.562336202964154,27.57158686060411,1604300
2024-11-13,27.747379302978516,27.747379302978516,27.599344074954338,27.599344074954338,778700
2024-11-14,27.858407974243164,27.876911055115375,27.710372738950248,27.756633088209583,678000
2024-11-15,27.830650329589844,27.858407597601694,27.756632712944096,27.812145484248614,738200
2024-11-18,27.69186782836914,27.775137868615882,27.65485813727317,27.76588544584189,1559100
2024-11-19,27.682613372802734,27.728873718556507,27.664108528613596,27.673360950708165,707200
2024-11-20,27.821395874023438,27.86765798399617,27.802891030034345,27.802891030034345,717900
2024-11-21,27.91391944885254,27.941676715949498,27.74737937570903,27.812144567549478,706200
2024-11-22,28.061954498291016,28.135972112025044,28.01569415147691,28.04344965367773,337600
2024-11-25,27.867658615112305,27.941676228025894,27.80289165968371,27.812144081887794,1069600
2024-11-26,27.904666900634766,27.960179669859194,27.858406553734262,27.876909633662994,904800
2024-11-27,27.66411018371582,27.756632645477914,27.617849835194363,27.70111987430833,780700
2024-11-29,27.617849349975586,27.70111938762658,27.617849349975586,27.673362120169866,475200
2024-12-02,27.78438949584961,27.867659533712107,27.73812738330425,27.78438949584961,850200
2024-12-03,27.775136947631836,27.784389370099035,27.70111933261341,27.710371755080608,375700
2024-12-04,27.76588249206543,27.84915252345378,27.701117304256496,27.82139525808466,475100
2024-12-05,27.617849349975586,27.70111938762658,27.608596927490016,27.654857275198726,1046900
2024-12-06,27.69186782836914,27.7473806002939,27.617850210896396,27.62710263367039,557500
2024-12-09,27.738126754760742,27.756631599359565,27.64560429648572,27.664109141084545,1351700
2024-12-10,27.802892684936523,27.867659642753452,27.78438960456513,27.79364202711041,480300
2024-12-11,27.895414352416992,27.913919196981325,27.830649161160927,27.839901583443094,1269400
2024-12-12,27.98793601989746,27.98793601989746,27.8491532190236,27.91391840845013,815600
2024-12-13,27.997190475463867,28.006442898156706,27.950928361999676,27.960180784692515,1272800
2024-12-16,27.950927734375,28.03419777202157,27.932424654123988,27.98793742431532,1629900
2024-12-17,27.97868537902832,27.997190224247955,27.932425030698404,27.9694329564185,392100
2024-12-18,28.302513122558594,28.339521048293157,27.97868538996509,28.015695080418826,988500
2024-12-19,28.3580265045166,28.39503619576774,28.265504041107963,28.284008886733535,713700
2024-12-20,28.219242095947266,28.3117645541237,28.163729326929047,28.302512131834145,992000
2024-12-23,28.322710037231445,28.380728044167526,28.284030136367935,28.322710037231445,818700
2024-12-24,28.400068283081055,28.400068283081055,28.31304034961333,28.33237845588233,388600
2024-12-26,28.34204864501953,28.38072854656776,28.31304056321758,28.371058571180704,554600
2024-12-27,28.293699264526367,28.342047294799123,28.28402928959999,28.293699264526367,462200
2024-12-30,28.322710037231445,28.41940610067185,28.322710037231445,28.36138809373577,775000
2024-12-31,28.448415756225586,28.487093812362694,28.3710577995922,28.38072777471627,752400
2025-01-02,28.690160751342773,28.728838809030357,28.51610488085054,28.535444831873956,1397600
2025-01-03,28.603132247924805,28.699830156761823,28.583792297285562,28.65148028016371,7968000
2025-01-06,28.41940689086914,28.45808679280814,28.38072883328938,28.41940689086914,3883300
2025-01-07,28.525774002075195,28.525774002075195,28.390398037684015,28.400068012906125,1505600
2025-01-08,28.63214111328125,28.68048914372923,28.60313118839698,28.670819168767807,2158500
2025-01-10,28.77718734741211,28.835205353423177,28.699829391277632,28.7578473972887,1409900
2025-01-13,28.864215850830078,28.91256388273792,28.835205925069857,28.864215850830078,1352600
2025-01-14,28.680490493774414,28.79652835441448,28.680490493774414,28.777188403581267,1161100
2025-01-15,28.63214111328125,28.719169043574926,28.52577323306473,28.554783157949,1056200
2025-01-16,28.63214111328125,28.728837174177208,28.593461213435557,28.690159118690655,658100
2025-01-17,28.738508224487305,28.748178199810564,28.603132258680102,28.70950014287674,1072300
2025-01-21,28.371057510375977,28.50643347201458,28.351717560324992,28.467755416271757,1743100
2025-01-22,28.41940689086914,28.44841681732339,28.39039880877413,28.400068784258877,1497400
2025-01-23,28.40973663330078,28.516104518217656,28.35171862532759,28.43874655946699,876500
2025-01-24,28.235681533813477,28.293699539576618,28.177661683691184,28.274359589535855,10044500
2025-01-27,28.245349884033203,28.25501985912875,28.158323796891587,28.158323796891587,978000
2025-01-28,28.361387252807617,28.40006715252425,28.3420473029493,28.35171727787846,390100
2025-01-29,28.41940689086914,28.45808679280814,28.371058857804627,28.43874684183864,1136700
2025-01-30,28.41940689086914,28.46775676829289,28.313040849255366,28.33237895586563,897100
2025-01-31,28.535444259643555,28.545114234961346,28.35171841732393,28.49676435837239,810300
2025-02-03,28.661149978637695,28.79652778744555,28.564453915093896,28.748177911314464,2511700
2025-02-04,28.400068283081055,28.53544424876009,28.400068283081055,28.516104298131882,1148400
2025-02-05,28.35171890258789,28.35171890258789,28.245351016630813,28.29370089404732,1628200
2025-02-06,28.332378387451172,28.438746271290192,28.322710256519624,28.40973634541795,1254400
2025-02-07,28.458086013793945,28.516104020755016,28.342048155512614,28.351718130732657,1054500
2025-02-10,28.545114517211914,28.55478449262532,28.496764640144878,28.535444541798505,754200
2025-02-11,28.448415756225586,28.506433762610833,28.39039774984034,28.487093812362694,973400
2025-02-12,28.467756271362305,28.564454180162617,28.36138838724604,28.516104303582857,865600
2025-02-13,28.235681533813477,28.429075501143668,28.20667160875233,28.409735551102905,1642600
2025-02-14,28.158323287963867,28.158323287963867,28.10030343843921,28.119643388280764,658600
2025-02-18,28.21634292602539,28.245351008107303,28.177663024103857,28.206672950545006,1484900
2025-02-19,28.245349884033203,28.322709684797598,28.22601177820127,28.25501985912875,518600
2025-02-20,28.022947311401367,28.17766323150782,28.022947311401367,28.167993255956265,1311300
2025-02-21,28.119644165039062,28.14865409060274,28.08096610864667,28.129314140226953,680500
2025-02-24,28.13898468017578,28.167992761962484,28.080966672243157,28.129314704793806,885500
2025-02-25,28.032615661621094,28.109973617189105,28.013275711639306,28.071295561584673,1099300
2025-02-26,28.090635299682617,28.138985177446923,28.02294731517184,28.10997525078834,610400
2025-02-27,28.293699264526367,28.3227091893055,28.226011284400855,28.255019364820857,1078900
2025-02-28,28.41940689086914,28.42907686635389,28.313040849255366,28.33237895586563,2018300
2025-03-03,28.14865493774414,28.216342921737297,28.119645011307398,28.197002970779472,1346700
2025-03-04,27.897239685058594,28.10030362667779,27.897239685058594,28.051955596109163,971100
2025-03-05,27.55879783630371,27.65549574144327,27.539457886403973,27.636155791543533,1374200
2025-03-06,27.539459228515625,27.56846915477901,27.413753236759423,27.47177124492696,575500
2025-03-07,27.452430725097656,27.491110625980475,27.3654027924705,27.375072767691204,531300
2025-03-10,27.471771240234375,27.510451141912277,27.413753232076747,27.423423207496224,1299800
2025-03-11,27.317054748535156,27.375072755474307,27.28804482288599,27.326724723751546,1346900
2025-03-12,27.384742736816406,27.442760743768535,27.33639470508283,27.413752662472064,408700
2025-03-13,27.481441497802734,27.500781448840247,27.42342348904944,27.49111147332149,468900
2025-03-14,27.452430725097656,27.471770675539066,27.413752668574023,27.433092619015433,1693600
2025-03-17,27.346065521240234,27.404083529976518,27.326725570208396,27.394413554460595,569900
2025-03-18,27.326725006103516,27.413752939591042,27.307385055470906,27.384743013642133,457600
2025-03-19,27.394412994384766,27.49111090320775,27.37507304374833,27.423422920339423,382600
2025-03-20,27.471771240234375,27.55879917465043,27.471771240234375,27.53945922381148,765300
2025-03-21,27.55879783630371,27.58780776115332,27.52011793650423,27.539457886403973,621400
2025-03-24,27.607147216796875,27.665167069333503,27.558799184042247,27.558799184042247,551000
2025-03-25,27.57813835144043,27.597478301736558,27.520118500552048,27.54912842599624,329100
2025-03-26,27.70384407043457,27.70384407043457,27.616816139306863,27.655496039523246,318900
2025-03-27,27.616817474365234,27.674837327494618,27.56846944111666,27.65549737645149,618200
2025-03-28,27.56846809387207,27.61681612475792,27.529788193676065,27.597478019019075,364700
2025-03-31,27.59747886657715,27.655496874293817,27.56846894053921,27.56846894053921,980900
2025-04-01,27.62648582458496,27.655495749442963,27.578137794180765,27.62648582458496,371300
2025-04-02,27.51045036315918,27.578138344820204,27.481440437721954,27.549128419382978,382800
2025-04-03,27.026962280273438,27.09465026095333,26.8722463689025,26.930264374576815,5057800
2025-04-04,27.326725006103516,27.365403063009524,27.094651131589842,27.11399108222245,1486100
2025-04-07,27.442760467529297,27.481440368014155,27.31705447967185,27.31705447967185,2740500
2025-04-08,27.317054748535156,27.452430712846233,27.268706716812396,27.326724723751546,491600
2025-04-09,27.35573387145996,27.404081901807803,27.05597018135412,27.05597018135412,1720700
2025-04-10,26.785219192504883,26.978613164985113,26.717529365559642,26.95927321442933,1867600
2025-04-11,26.543476104736328,26.649842147124648,26.388760184572178,26.40809829132326,1811600
2025-04-14,26.45644760131836,26.59182356746688,26.427437675275442,26.5724836167716,967700
2025-04-15,26.60149383544922,26.62083378635725,26.485455974360267,26.514465900722314,757700
2025-04-16,26.37908935546875,26.466117288290025,26.34040945449965,26.437107362563204,1330500
2025-04-17,26.398427963256836,26.45644781581306,26.369419881337947,26.42743788953495,499900
2025-04-21,26.147014617919922,26.18569267325055,26.09866474330772,26.12767466807504,1208900
2025-04-22,26.29206085205078,26.31139895775646,26.16635302098855,26.19536294608579,2219200
2025-04-23,26.53380584716797,26.562813929165902,26.35008000229104,26.37908992864821,3933500
2025-04-24,26.417766571044922,26.47578457629232,26.38875849060079,26.417766571044922,757100
2025-04-25,26.485454559326172,26.543474408950445,26.446776503935787,26.51446448413831,680600
2025-04-28,26.321069717407227,26.485455609140228,26.311399742086554,26.475785633819555,520300
2025-04-29,26.408098220825195,26.417768196354547,26.340410236478984,26.350080212008336,852100
2025-04-30,26.50479507446289,26.5144650496065,26.427437117673197,26.46611701824763,829300
2025-05-01,26.65951156616211,26.717529573922725,26.57248363234158,26.582153607694885,1921400
2025-05-02,26.620832443237305,26.640170548810424,26.45644655753139,26.533804512901284,1285500
2025-05-05,26.57248306274414,26.611162963328233,26.48545513078911,26.48545513078911,617700
2025-05-06,26.408098220825195,26.49512615623011,26.408098220825195,26.466118074001304,650000
2025-05-07,26.60149383544922,26.611163810903232,26.456447892357453,26.485455974360267,812100
2025-05-08,26.823896408081055,26.852906333005,26.601492516741562,26.61116249171621,869400
2025-05-09,26.746540069580078,26.765880020698553,26.678852085024666,26.73687009402084,1307000
2025-05-12,27.123659133911133,27.181678985639394,27.0269630697491,27.055971151254028,1948500
2025-05-13,26.891584396362305,27.03663033230592,26.891584396362305,27.01729222671014,736900
2025-05-14,26.949604034423828,26.949604034423828,26.794886280359577,26.814226230162497,1026600
2025-05-15,26.881916046142578,26.92059594839025,26.83356801269224,26.862577939377992,850400
2025-05-16,26.959272384643555,26.997952284564583,26.852906348579012,26.8915844041409,807800
2025-05-19,26.775548934936523,26.80455701610517,26.72719905905681,26.736869034232754,894200
2025-05-20,26.698190689086914,26.79488675108199,26.678850738944234,26.79488675108199,430300
2025-05-21,26.5821533203125,26.591823295561262,26.495125387432836,26.572483345063738,859200
2025-05-22,26.65951156616211,26.717529573922725,26.620833509108103,26.630503484461407,656700
2025-05-23,26.46611785888672,26.5628139246758,26.437107932534456,26.533805842682767,1261300
2025-05-27,26.611164093017578,26.611164093017578,26.49512623069847,26.49512623069847,1060500
2025-05-28,26.698190689086914,26.698190689086914,26.620832732875357,26.669180763872895,801300
2025-05-29,26.553142547607422,26.591822447368706,26.51446449220527,26.572482497488064,980400
2025-05-30,26.543476104736328,26.640172171569482,26.533806129181162,26.60149411370807,1030000
2025-06-02,26.35974884033203,26.446776771289084,26.350078865296897,26.427436821218816,1051200
2025-06-03,26.53380584716797,26.54347582262036,26.475785994453634,26.5047959208108,1306600
2025-06-04,26.417766571044922,26.48545455122674,26.379088515666368,26.46611644571703,769700
2025-06-05,26.398427963256836,26.42743788953495,26.301731897714912,26.301731897714912,1105500
2025-06-06,26.53380584716797,26.57248390461829,26.495125945358414,26.562813929165902,758400
2025-06-09,26.46611785888672,26.543475818133523,26.46611785888672,26.543475818133523,604600
2025-06-10,26.49512481689453,26.524134742016123,26.446776786051025,26.446776786051025,732100
2025-06-11,26.398427963256836,26.4661177912391,26.369419881337947,26.446777840387025,833300
2025-06-12,26.205034255981445,26.24371231372218,26.166354353881466,26.19536428045645,1260800
2025-06-13,26.272722244262695,26.388760106220904,26.243712317683332,26.369420155167994,2720900
2025-06-16,26.30173110961914,26.30173110961914,26.156683326933962,26.20503320261541,1534100
2025-06-17,26.475786209106445,26.495126160168024,26.292062207099207,26.292062207099207,2361400
2025-06-18,26.52413558959961,26.543475540298683,26.388759623424516,26.446777631162526,2202600
2025-06-20,26.49512481689453,26.514464766975593,26.427436835969964,26.45644676109156,1191600
2025-06-23,26.38875961303711,26.620833488257013,26.36941966234565,26.611163512911283,2885600
2025-06-24,26.253381729125977,26.32106971199756,26.20503369689176,26.311399736678876,1538800
2025-06-25,26.185693740844727,26.32106970655992,26.17602376552804,26.32106970655992,1828600
2025-06-26,26.07932472229004,26.11800462187424,26.011636742376815,26.069654747393987,1559900
2025-06-27,26.127676010131836,26.156684092030037,26.059988026557072,26.098666083874413,1373700
2025-06-30,25.992298126220703,26.10833598656795,25.982629995187718,26.10833598656795,1023100
2025-07-01,25.982629776000977,26.021307832884297,25.924609924137194,25.943949874758456,1503800
2025-07-02,25.963289260864258,26.079325273350467,25.963289260864258,26.050317192408496,774500
2025-07-03,26.0889949798584,26.108334929860046,26.02130699921178,26.059986899215076,1148900
2025-07-07,26.176023483276367,26.243711465404097,26.12767545157347,26.137345426785885,1337800
2025-07-08,26.195363998413086,26.29206190826265,26.185694022992205,26.253382006579134,1337300
2025-07-09,26.195363998413086,26.234042055737376,26.185694022992205,26.205033973833963,703200
2025-07-10,26.243711471557617,26.31139945370122,26.224373365487438,26.243711471557617,1244700
2025-07-11,26.321069717407227,26.34040966804857,26.263051709842404,26.29206163580442,597500
2025-07-14,26.38875961303711,26.39842774402363,26.321069785616995,26.350079711654185,1313500
2025-07-15,26.53380584716797,26.553143953713512,26.3887599041006,26.398428035193753,1713300
2025-07-16,26.43710708618164,26.60149297486338,26.28239117264108,26.562813074298653,2539400
2025-07-17,26.553142547607422,26.582152472428387,26.533804442085913,26.553142547607422,1520200
2025-07-18,26.51446533203125,26.51446533203125,26.408097448677726,26.427437399170948,910600
2025-07-21,26.340410232543945,26.41776819240795,26.292062199263658,26.39842824135214,2401200
2025-07-22,26.205034255981445,26.350080200137878,26.19536428045645,26.33074024908789,1688600
2025-07-23,26.166353225708008,26.282391082645677,26.156683250599936,26.26305113242954,2129500
2025-07-24,26.234041213989258,26.243711189099866,26.156683257463566,26.205033133016602,895000
2025-07-25,26.29206085205078,26.37908878298336,26.29206085205078,26.350078857886114,871000
2025-07-28,26.59182357788086,26.601493553232284,26.466117587030748,26.495125668725812,1843200
2025-07-29,26.65951156616211,26.72719954927603,26.6401716154555,26.707861442928635,1876000
2025-07-30,26.920595169067383,26.939935119631347,26.756209277992074,26.84323721117072,1900300
2025-07-31,26.978612899780273,26.99795285014594,26.901254942676786,26.978612899780273,1316200
2025-08-01,26.65951156616211,26.746539499982642,26.620833509108103,26.65951156616211,3105600
2025-08-04,26.64984130859375,26.669181259095556,26.59182330144753,26.611163251949336,935500
2025-08-05,26.64984130859375,26.717529290990875,26.611163251949336,26.678851234346457,1073700
2025-08-06,26.49512481689453,26.57248277285963,26.46611673613209,26.562812797819095,1137500
2025-08-07,26.475786209106445,26.58215409558587,26.475786209106445,26.50479613569881,1405500
2025-08-08,26.52413558959961,26.543475540298683,26.485455688201462,26.514465614250074,490900
2025-08-11,26.630502700805664,26.649840806584,26.572482850393186,26.59182280053068,1225200
2025-08-12,26.49512481689453,26.60149269798122,26.437106811010494,26.60149269798122,863100
2025-08-13,26.42743682861328,26.42743682861328,26.369418822745395,26.42743682861328,962300
2025-08-14,26.52413558959961,26.562813646638546,26.495125663551,26.504795638900536,657100
2025-08-15,26.43710708618164,26.456447036464002,26.408097160758096,26.43710708618164,660600
2025-08-18,26.50479507446289,26.533804999893718,26.485455124175676,26.485455124175676,646000
2025-08-19,26.57248306274414,26.57248306274414,26.504795081081152,26.514465056227177,582100
2025-08-20,26.553142547607422,26.562812522547745,26.51446449220527,26.543474417026236,658600
2025-08-21,26.688520431518555,26.688520431518555,26.591822526187862,26.591822526187862,1186400
2025-08-22,26.42743682861328,26.70786057163317,26.388758772821074,26.698190596595328,1552700
2025-08-25,26.64017105102539,26.659511001322244,26.45644705628283,26.485455137368934,791300
2025-08-26,26.57248306274414,26.601492988182212,26.543474981665245,26.582153037890166,675500
2025-08-27,26.5821533203125,26.698191178938448,26.562813369814975,26.698191178938448,524000
2025-08-28,26.485454559326172,26.55314253952869,26.45644647887317,26.533804434013067,819400
2025-08-29,26.46611785888672,26.5628139246758,26.46611785888672,26.553143949225046,661500
2025-09-02,26.64017105102539,26.659511001322244,26.553143119048737,26.659511001322244,931700
2025-09-03,26.59182357788086,26.6498415856302,26.553143676475155,26.620833503935135,577200
2025-09-04,26.630502700805664,26.678850731790238,26.620832725736918,26.620832725736918,906000
2025-09-05,26.49512481689453,26.514464766975593,26.408096885888902,26.475784866813466,1127400
2025-09-08,26.408098220825195,26.475786205171406,26.408098220825195,26.4274381718839,513600
2025-09-09,26.51446533203125,26.52413530727786,26.3887593425437,26.427437399170948,385200
2025-09-10,26.53380584716797,26.54347582262036,26.466117863360477,26.5047959208108,465200
2025-09-11,26.44677734375,26.504795350857496,26.44677734375,26.504795350857496,926000
2025-09-12,26.485454559326172,26.543474408950445,26.47578458438879,26.543474408950445,1069900
2025-09-15,26.398427963256836,26.45644781581306,26.398427963256836,26.437107864960986,586800
2025-09-16,26.234041213989258,26.321069145625557,26.21470310812721,26.31139917051495,874700
2025-09-17,26.321069717407227,26.330739692727896,26.118005768750745,26.272721685163074,1662000
2025-09-18,26.44677734375,26.504795350857496,26.417767418016656,26.427437393261105,1542100
2025-09-19,26.52413558959961,26.533805564949148,26.475785712851923,26.514465614250074,715300
2025-09-22,26.42743682861328,26.504794784556843,26.42743682861328,26.456446753726798,805500
2025-09-23,26.408098220825195,26.466118074001304,26.398428245295843,26.4467781229426,886000
2025-09-24,26.60149383544922,26.611163810903232,26.56281393363316,26.58215388454119,802100
2025-09-25,26.785219192504883,26.804557298701464,26.67885130880728,26.67885130880728,1273600
2025-09-26,26.688520431518555,26.746538436973314,26.678850456549572,26.746538436973314,605500
2025-09-29,26.630502700805664,26.649840806584,26.59182280053068,26.601492775599425,748800
2025-09-30,26.60149383544922,26.630503761811262,26.55314395817914,26.62083378635725,1106800
2025-10-01,26.59182357788086,26.620833503935135,26.514465619428663,26.52413559478009,1273400
2025-10-02,26.630502700805664,26.69819068192773,26.572482850393186,26.572482850393186,949500
2025-10-03,26.5821533203125,26.620833221307546,26.562813369814975,26.601493270810025,707700
2025-10-06,26.707860946655273,26.756208978164207,26.67885102113441,26.746539002990584,967700
2025-10-07,26.862577438354492,26.862577438354492,26.77554950427967,26.804557586065133,891000
2025-10-08,26.920595169067383,26.978613176400078,26.891585243221435,26.9109251937854,937200
2025-10-09,27.104320526123047,27.133328607091176,26.959272743845737,26.959272743845737,2422400
2025-10-10,26.968942642211914,27.084980498831733,26.93026458624475,27.084980498831733,1210600
2025-10-13,27.065641403198242,27.07531137858513,27.026963346009914,27.036631477037584,580700
2025-10-14,26.988283157348633,27.07531109054555,26.97861318206462,27.055971139977526,805500
2025-10-15,26.910924911499023,26.96894291822313,26.88191498595738,26.96894291822313,1133500
2025-10-16,26.80455780029297,26.891585735063337,26.794887824834124,26.872247628504883,868100
2025-10-17,26.833566665649414,26.881914696672684,26.823896690572926,26.833566665649414,670700
2025-10-20,26.901254653930664,26.901254653930664,26.843236647815583,26.862576597973664,714500
2025-10-21,27.00762367248535,27.00762367248535,26.94960566392766,26.988283721513042,1433400
2025-10-22,26.978612899780273,27.036630906518095,26.949604818590952,27.036630906518095,1081100
2025-10-23,26.988283157348633,27.026963058484686,26.988283157348633,27.026963058484686,501300
2025-10-24,26.988283157348633,27.036631189409498,26.97861318206462,26.988283157348633,691800
2025-10-27,26.959272384643555,27.00762225954484,26.959272384643555,26.968942359623814,818000
2025-10-28,26.9399356842041,27.0076236682373,26.920595733234833,26.988283717268033,1573900
2025-10-29,27.094650268554688,27.1333283242287,26.930264382132055,26.988282387822647,1968800
2025-10-30,27.201017379760742,27.201017379760742,27.152669347167993,27.19134924872957,1519100
2025-10-31,27.27837562561035,27.27837562561035,27.230027592508776,27.230027592508776,972400
2025-11-03,27.297714233398438,27.346064108480174,27.249366202675848,27.32672415844748,852300
2025-11-04,27.384742736816406,27.413752662472064,27.346064680301385,27.375072761597856,1204600
2025-11-05,27.394412994384766,27.442761026616655,27.384743019066548,27.413752945021205,1340000
2025-11-06,27.249366760253906,27.326724717608442,27.249366760253906,27.30738476718001,1293800
2025-11-07,27.230026245117188,27.24936619514454,27.18167821440796,27.22035627010351,1150600
2025-11-10,27.249366760253906,27.288044816751583,27.230026809825475,27.23969678503969,997900
2025-11-11,27.2106876373291,27.220357612819775,27.16233960423498,27.17200957972565,1383900
2025-11-12,27.220355987548828,27.288043967582787,27.20101603772223,27.278373992669486,1043900
2025-11-13,27.14299964904785,27.18167955100455,27.094651615961222,27.172009575515375,1014100
2025-11-14,27.181678771972656,27.210686853249562,27.133328895912502,27.142998871124533,1099300
2025-11-17,27.249366760253906,27.268706710682338,27.22035683461126,27.23969678503969,1188500
2025-11-18,27.27837562561035,27.29771557659468,27.220357617016614,27.2493675434931,1428100
2025-11-19,27.452430725097656,27.46210070031836,27.336394711167575,27.355734661608984,1917200
2025-11-20,27.471771240234375,27.471771240234375,27.394413281237796,27.413753232076747,1492900
2025-11-21,27.452430725097656,27.510450576421885,27.433092619015433,27.491110625980475,1305200
2025-11-24,27.452430725097656,27.48144065075977,27.433092619015433,27.44276074987695,996000
2025-11-25,27.375072479248047,27.394412429485676,27.30738449777551,27.38474245436686,1281600
2025-11-26,27.297714233398438,27.394412139202768,27.28804425838209,27.394412139202768,1130500
2025-11-28,27.27837562561035,27.336395478563333,27.2493675434931,27.336395478563333,1215800
2025-12-01,27.268707275390625,27.27837540644587,27.18167934101961,27.19134931643408,2996300
2025-12-02,27.259037017822266,27.317055025349333,27.249367042507888,27.288045099406197,1528300
2025-12-03,27.123659133911133,27.17200901035135,27.094651052406203,27.162339035063304,1962500
2025-12-04,27.181678771972656,27.181678771972656,27.094650839423565,27.094650839423565,1479800
2025-12-05,27.152667999267578,27.201016029460256,27.133328049446856,27.152667999267578,1639400
2025-12-08,27.191349029541016,27.230027086431587,27.152669128291237,27.152669128291237,1143400
2025-12-09,27.230026245117188,27.268706145171887,27.201016320076164,27.210686295089836,1191700
2025-12-10,27.084980010986328,27.23002594587921,27.0559700862641,27.23002594587921,2309500
2025-12-11,26.988283157348633,27.017293083200673,26.939935125287768,26.97861318206462,1143000
2025-12-12,27.026962280273438,27.05597036093102,27.007622330262283,27.026962280273438,1141700
2025-12-15,27.00762367248535,27.036631754584576,26.959273795054578,26.988283721513042,568400
2025-12-16,26.978612899780273,27.01729280051161,26.89158496749395,26.930264868225287,881400
2025-12-17,27.036630630493164,27.065640555745496,26.997952574515885,27.065640555745496,655400
2025-12-18,27.055971145629883,27.08498107148798,27.007623113558914,27.007623113558914,764300
2025-12-19,27.14299964904785,27.14299964904785,27.084981640472048,27.094651615961222,553300
2025-12-22,27.030000686645508,27.040000915527344,27.0,27.020000457763672,1148200
2025-12-23,26.940000534057617,26.989999771118164,26.93000030517578,26.969999313354492,1032800
2025-12-24,26.950000762939453,26.959999084472656,26.93000030517578,26.940000534057617,699400
2025-12-26,26.969999313354492,27.0,26.920000076293945,26.920000076293945,743400
2025-12-29,26.979999542236328,27.020000457763672,26.940000534057617,26.959999084472656,794700
2025-12-30,27.049999237060547,27.049999237060547,27.0,27.020000457763672,627500
2025-12-31,27.030000686645508,27.110000610351562,27.030000686645508,27.059999465942383,575900
2026-01-02,27.110000610351562,27.1200008392334,27.040000915527344,27.079999923706055,2375000
2026-01-05,27.06999969482422,27.190000534057617,27.049999237060547,27.170000076293945,1632900
2026-01-06,27.15999984741211,27.15999984741211,27.09000015258789,27.100000381469727,1253200
2026-01-07,27.200000762939453,27.200000762939453,27.139999389648438,27.149999618530273,1122800
2026-01-08,27.270000457763672,27.280000686645508,27.219999313354492,27.25,591000
2026-01-09,27.329999923706055,27.360000610351562,27.299999237060547,27.299999237060547,806900
2026-01-12,27.280000686645508,27.280000686645508,27.219999313354492,27.25,991700
2026-01-13,27.350000381469727,27.3700008392334,27.270000457763672,27.270000457763672,747800
2026-01-14,27.329999923706055,27.350000381469727,27.280000686645508,27.309999465942383,535700
2026-01-15,27.43000030517578,27.450000762939453,27.389999389648438,27.40999984741211,700000
2026-01-16,27.43000030517578,27.450000762939453,27.3700008392334,27.3799991607666,1463100
2026-01-20,27.209999084472656,27.229999542236328,27.149999618530273,27.170000076293945,931300
2026-01-21,27.270000457763672,27.299999237060547,27.18000030517578,27.18000030517578,1005400
2026-01-22,27.149999618530273,27.219999313354492,27.1200008392334,27.209999084472656,826800
2026-01-23,26.90999984741211,27.139999389648438,26.90999984741211,27.1299991607666,686100
2026-01-26,26.780000686645508,26.81999969482422,26.719999313354492,26.809999465942383,1392400
2026-01-27,26.469999313354492,26.670000076293945,26.399999618530273,26.65999984741211,1780800
2026-01-28,26.6299991607666,26.739999771118164,26.559999465942383,26.600000381469727,2744700
2026-01-29,26.59000015258789,26.709999084472656,26.56999969482422,26.56999969482422,1592500
2026-01-30,26.850000381469727,26.850000381469727,26.700000762939453,26.729999542236328,2763800
2026-02-02,26.989999771118164,27.030000686645508,26.90999984741211,26.959999084472656,2780900
2026-02-03,26.920000076293945,26.989999771118164,26.899999618530273,26.979999542236328,1165000
2026-02-04,27.010000228881836,27.030000686645508,26.950000762939453,26.969999313354492,1122400
2026-02-05,27.09000015258789,27.09000015258789,27.0,27.010000228881836,1840300
2026-02-06,27.010000228881836,27.020000457763672,26.969999313354492,27.020000457763672,1305200
2026-02-09,26.790000915527344,26.850000381469727,26.780000686645508,26.809999465942383,1344900
2026-02-10,26.799999237060547,26.809999465942383,26.729999542236328,26.729999542236328,1037900
2026-02-11,26.829999923706055,26.8700008392334,26.760000228881836,26.81999969482422,1454400
2026-02-12,26.81999969482422,26.860000610351562,26.770000457763672,26.809999465942383,1103000
2026-02-13,26.81999969482422,26.889999389648438,26.799999237060547,26.81999969482422,840600
2026-02-17,26.90999984741211,27.010000228881836,26.889999389648438,26.950000762939453,1048600
2026-02-18,27.079999923706055,27.079999923706055,26.969999313354492,26.989999771118164,1865700
2026-02-19,27.1200008392334,27.170000076293945,27.100000381469727,27.15999984741211,937600
2026-02-20,27.09000015258789,27.15999984741211,27.040000915527344,27.139999389648438,1281600
2026-02-23,27.09000015258789,27.09000015258789,27.020000457763672,27.06999969482422,713500
2026-02-24,27.110000610351562,27.149999618530273,27.09000015258789,27.1299991607666,817300
2026-02-25,27.079999923706055,27.139999389648438,27.049999237060547,27.139999389648438,1029100
2026-02-26,27.100000381469727,27.170000076293945,27.059999465942383,27.09000015258789,1354900
2026-02-27,27.079999923706055,27.1200008392334,27.049999237060547,27.100000381469727,1037400
2026-03-02,27.329999923706055,27.399999618530273,27.280000686645508,27.31999969482422,3348800
2026-03-03,27.459999084472656,27.649999618530273,27.450000762939453,27.540000915527344,3237200
2026-03-04,27.40999984741211,27.459999084472656,27.389999389648438,27.420000076293945,2493200
2026-03-05,27.479999542236328,27.59000015258789,27.479999542236328,27.489999771118164,4089300
2026-03-06,27.469999313354492,27.59000015258789,27.440000534057617,27.56999969482422,3315900
2026-03-09,27.459999084472656,27.59000015258789,27.40999984741211,27.510000228881836,4290500
2026-03-10,27.450000762939453,27.479999542236328,27.34000015258789,27.360000610351562,3283500
2026-03-11,27.549999237060547,27.56999969482422,27.469999313354492,27.520000457763672,3203200
2026-03-12,27.68000030517578,27.709999084472656,27.6200008392334,27.6299991607666,2316100
2026-03-13,27.889999389648438,27.90999984741211,27.75,27.770000457763672,4225700
2026-03-16,27.729999542236328,27.780000686645508,27.68000030517578,27.739999771118164,7286100
2026-03-17,27.68000030517578,27.709999084472656,27.639999389648438,27.670000076293945,3599400
2026-03-18,27.850000381469727,27.850000381469727,27.700000762939453,27.739999771118164,4278500
2026-03-19,27.579999923706055,27.809999465942383,27.5,27.790000915527344,5031400
2026-03-20,27.68000030517578,27.75,27.65999984741211,27.65999984741211,4216900
2026-03-23,27.559999465942383,27.639999389648438,27.479999542236328,27.600000381469727,4152900
2026-03-24,27.649999618530273,27.709999084472656,27.579999923706055,27.65999984741211,3131800
2026-03-25,27.700000762939453,27.719999313354492,27.6299991607666,27.6299991607666,3161100
2026-03-26,27.809999465942383,27.81999969482422,27.719999313354492,27.760000228881836,2410200
2026-03-27,27.84000015258789,27.8799991607666,27.780000686645508,27.829999923706055,2421300
2026-03-30,27.979999542236328,28.0,27.90999984741211,27.90999984741211,2470800
2026-03-31,27.780000686645508,27.889999389648438,27.770000457763672,27.850000381469727,3450000
2026-04-01,27.729999542236328,27.739999771118164,27.6299991607666,27.670000076293945,4154600
2026-04-02,27.860000610351562,27.889999389648438,27.780000686645508,27.850000381469727,3579400
2026-04-06,27.829999923706055,27.8700008392334,27.770000457763672,27.809999465942383,3497200
2026-04-07,27.75,27.84000015258789,27.729999542236328,27.829999923706055,3871900
2026-04-08,27.530000686645508,27.610000610351562,27.450000762939453,27.450000762939453,5403000
2026-04-09,27.479999542236328,27.559999465942383,27.440000534057617,27.510000228881836,3167600
2026-04-10,27.440000534057617,27.489999771118164,27.420000076293945,27.420000076293945,4865800
2026-04-13,27.3799991607666,27.540000915527344,27.3799991607666,27.540000915527344,3728900
2026-04-14,27.31999969482422,27.329999923706055,27.270000457763672,27.299999237060547,4075700
2026-04-15,27.290000915527344,27.34000015258789,27.280000686645508,27.309999465942383,1926300
2026-04-16,27.3700008392334,27.3799991607666,27.329999923706055,27.34000015258789,1324700
2026-04-17,27.360000610351562,27.360000610351562,27.200000762939453,27.239999771118164,1974600
2026-04-20,27.31999969482422,27.3799991607666,27.299999237060547,27.350000381469727,1209500
2026-04-21,27.469999313354492,27.469999313354492,27.34000015258789,27.350000381469727,1641300
2026-04-22,27.479999542236328,27.489999771118164,27.399999618530273,27.440000534057617,768400
2026-04-23,27.530000686645508,27.579999923706055,27.469999313354492,27.530000686645508,830200
2026-04-24,27.479999542236328,27.530000686645508,27.450000762939453,27.5,1463800
2026-04-27,27.450000762939453,27.459999084472656,27.389999389648438,27.40999984741211,1210300
2026-04-28,27.530000686645508,27.549999237060547,27.489999771118164,27.530000686645508,3308700
2026-04-29,27.610000610351562,27.6299991607666,27.549999237060547,27.559999465942383,2659200
2026-04-30,27.360000610351562,27.5,27.34000015258789,27.479999542236328,3652900
2026-05-01,27.40999984741211,27.420000076293945,27.260000228881836,27.329999923706055,2575400
2026-05-04,27.479999542236328,27.510000228881836,27.420000076293945,27.43000030517578,1855900
2026-05-05,27.5,27.5,27.440000534057617,27.479999542236328,691900
2026-05-06,27.350000381469727,27.3700008392334,27.31999969482422,27.34000015258789,2479300
2026-05-07,27.40999984741211,27.40999984741211,27.299999237060547,27.31999969482422,1528600
2026-05-08,27.34000015258789,27.350000381469727,27.309999465942383,27.31999969482422,1070300
2026-05-11,27.350000381469727,27.360000610351562,27.329999923706055,27.350000381469727,959200
2026-05-12,27.450000762939453,27.510000228881836,27.440000534057617,27.479999542236328,2007800
2026-05-13,27.510000228881836,27.540000915527344,27.5,27.520000457763672,2113600
2026-05-14,27.6200008392334,27.6299991607666,27.540000915527344,27.549999237060547,2309200
2026-05-15,27.770000457763672,27.770000457763672,27.709999084472656,27.719999313354492,1851100
2026-05-18,27.700000762939453,27.729999542236328,27.670000076293945,27.68000030517578,2992100
2026-05-19,27.790000915527344,27.809999465942383,27.760000228881836,27.790000915527344,1914800
2026-05-20,27.729999542236328,27.81999969482422,27.670000076293945,27.790000915527344,2509300
2026-05-21,27.729999542236328,27.829999923706055,27.709999084472656,27.799999237060547,1832400
2026-05-22,27.770000457763672,27.81999969482422,27.75,27.760000228881836,2021800
2026-05-26,27.75,27.780000686645508,27.729999542236328,27.75,1929200
2026-05-27,27.75,27.790000915527344,27.709999084472656,27.719999313354492,2693300
2026-05-28,27.700000762939453,27.790000915527344,27.690000534057617,27.770000457763672,2942100
2026-05-29,27.65999984741211,27.739999771118164,27.6299991607666,27.709999084472656,4610000
2026-06-01,27.760000228881836,27.829999923706055,27.75,27.770000457763672,2057400
2026-06-02,27.760000228881836,27.809999465942383,27.739999771118164,27.739999771118164,2048200
2026-06-03,27.860000610351562,27.8799991607666,27.829999923706055,27.860000610351562,1725500
2026-06-04,27.84000015258789,27.850000381469727,27.780000686645508,27.790000915527344,880100
2026-06-05,28.020000457763672,28.049999237060547,27.899999618530273,27.920000076293945,2008900
2026-06-08,28.030000686645508,28.040000915527344,27.969999313354492,27.989999771118164,2424900
2026-06-09,28.010000228881836,28.049999237060547,27.940000534057617,27.959999084472656,2008200
2026-06-10,28.049999237060547,28.049999237060547,27.950000762939453,27.979999542236328,1741900
2026-06-11,27.950000762939453,28.1299991607666,27.920000076293945,28.079999923706055,2647800
2026-06-12,27.950000762939453,27.989999771118164,27.940000534057617,27.959999084472656,2225500
2026-06-15,27.969999313354492,27.969999313354492,27.8700008392334,27.889999389648438,4139500
2026-06-16,27.93000030517578,27.969999313354492,27.889999389648438,27.959999084472656,1794200
2026-06-17,28.18000030517578,28.219999313354492,27.940000534057617,27.940000534057617,2963900
2026-06-18,28.299999237060547,28.31999969482422,28.209999084472656,28.229999542236328,2054900
2026-06-22,28.360000610351562,28.3700008392334,28.290000915527344,28.34000015258789,2516200
2026-06-23,28.450000762939453,28.479999542236328,28.399999618530273,28.43000030517578,2494600
2026-06-24,28.530000686645508,28.559999465942383,28.489999771118164,28.540000915527344,2043800
2026-06-25,28.479999542236328,28.510000228881836,28.440000534057617,28.489999771118164,2075800
2026-06-26,28.459999084472656,28.469999313354492,28.3799991607666,28.389999389648438,1893400
2026-06-29,28.3700008392334,28.440000534057617,28.3700008392334,28.440000534057617,1750400
2026-06-30,28.40999984741211,28.469999313354492,28.3799991607666,28.450000762939453,1484200
2026-07-01,28.489999771118164,28.489999771118164,28.420000076293945,28.479999542236328,1996400
2026-07-02,28.34000015258789,28.350000381469727,28.270000457763672,28.290000915527344,2644200
2026-07-06,28.31999969482422,28.40999984741211,28.309999465942383,28.389999389648438,2837900
2026-07-07,28.399999618530273,28.40999984741211,28.329999923706055,28.34000015258789,1902000
2026-07-08,28.360000610351562,28.459999084472656,28.350000381469727,28.40999984741211,1338200
2026-07-09,28.360000610351562,28.3700008392334,28.329999923706055,28.350000381469727,1543400
2026-07-10,28.389999389648438,28.389999389648438,28.309999465942383,28.360000610351562,1810500
2026-07-13,28.5,28.5,28.3700008392334,28.3799991607666,3187900
2026-07-14,28.389999389648438,28.399999618530273,28.290000915527344,28.31999969482422,2503500
2026-07-15,28.25,28.3700008392334,28.219999313354492,28.3700008392334,2209200
2026-07-16,28.34000015258789,28.350000381469727,28.280000686645508,28.280000686645508,2893800
2026-07-17,28.329999923706055,28.3799991607666,28.329999923706055,28.3799991607666,1134200
2026-07-20,28.389999389648438,28.43000030517578,28.3799991607666,28.3799991607666,1898100
2026-07-21,28.479999542236328,28.479999542236328,28.420000076293945,28.43000030517578,1231400
2026-07-22,28.450000762939453,28.469999313354492,28.43000030517578,28.43000030517578,1230800
2026-07-23,28.559999465942383,28.59000015258789,28.530000686645508,28.540000915527344,1529300
2026-07-24,28.579999923706055,28.579999923706055,28.520000457763672,28.579999923706055,1113500
2026-07-27,28.600000381469727,28.600000381469727,28.549999237060547,28.559999465942383,1602600
2026-07-28,28.579999923706055,28.600000381469727,28.520000457763672,28.59000015258789,1037400
2026-07-29,28.420000076293945,28.59000015258789,28.299999237060547,28.56999969482422,2286600
2026-07-30,28.139999389648438,28.360000610351562,28.1200008392334,28.360000610351562,4809000
2026-07-31,28.170000076293945,28.309999465942383,28.1299991607666,28.239999771118164,2731200
2026-08-03,28.170000076293945,28.190000534057617,28.110000610351562,28.110000610351562,2506000
2026-08-04,28.15999984741211,28.170000076293945,28.1299991607666,28.15999984741211,2144400
2026-08-05,28.09000015258789,28.1200008392334,28.079999923706055,28.100000381469727,2092700
2026-08-06,28.190000534057617,28.200000762939453,28.110000610351562,28.1200008392334,1666000
2026-08-07,28.06999969482422,28.110000610351562,28.049999237060547,28.059999465942383,1718300
2026-08-10,28.139999389648438,28.15999984741211,28.110000610351562,28.1200008392334,3241000
2026-08-11,28.139999389648438,28.18000030517578,28.139999389648438,28.149999618530273,1247400
