Date,Close,High,Low,Open,Volume
2005-01-03,22.35088539123535,22.69480693870848,22.194921323318425,22.69480693870848,31900
2005-01-04,22.014963150024414,22.506850433805702,22.014963150024414,22.350886359134794,52500
2005-01-05,21.283123016357422,22.062943083607163,21.127159002907472,22.062943083607163,77300
2005-01-06,21.447092056274414,21.523074117740677,21.25513617030982,21.25513617030982,42200
2005-01-07,21.39910125732422,21.547068487523344,21.303124080171536,21.543068548582973,24200
2005-01-10,21.331117630004883,21.455089803612253,21.27513068886921,21.375107805334263,12500
2005-01-11,21.115161895751953,21.35510783607933,21.055176554817145,21.343109547468863,25300
2005-01-12,21.015188217163086,21.155157086482657,20.691263357097903,21.155157086482657,82800
2005-01-13,21.015188217163086,21.355111306485217,20.983196335238084,21.01118980399607,34200
2005-01-14,21.275129318237305,21.295124435136202,21.11516533198687,21.21114402884306,219900
2005-01-18,21.483076095581055,21.50706961917617,21.191143196116442,21.25512846825212,26000
2005-01-19,21.50307846069336,21.79101304519714,21.44709151937979,21.555066988568708,29600
2005-01-20,21.435087203979492,21.59904956840269,21.351106815610628,21.535064292665083,32500
2005-01-21,21.45508575439453,21.60305143168893,21.339111955055667,21.415094000038316,61200
2005-01-24,21.283123016357422,21.515069067620875,21.27512466624085,21.49507395509409,18100
2005-01-25,20.883228302001953,21.39511083952558,20.879228361566756,21.39511083952558,31000
2005-01-26,20.81923484802246,20.967200550158967,20.7592479691816,20.967200550158967,26400
2005-01-27,20.6712646484375,20.89121548887841,20.55129243353395,20.89121548887841,17200
2005-01-28,20.70325469970703,20.799231845874143,20.615274377779485,20.73524657325299,65900
2005-01-31,20.67927360534668,20.895224618246246,20.50331436827866,20.859232782762987,40500
2005-02-01,20.83123016357422,20.863222044674032,20.675266120079847,20.75524811112377,25600
2005-02-02,21.063169479370117,21.063169479370117,20.82722504631097,20.915203835162636,24500
2005-02-03,21.12716293334961,21.19514663369405,21.06717605908015,21.095169526931343,13900
2005-02-04,21.415098190307617,21.415098190307617,21.18715048522795,21.18715048522795,20000
2005-02-07,21.343109130859375,21.507071500394378,21.307117316789284,21.435087872254197,40900
2005-02-08,21.39510726928711,21.39510726928711,21.315125254763206,21.39510726928711,11500
2005-02-09,21.53107452392578,21.56706635132256,21.431097395104715,21.435095809024393,19900
2005-02-10,21.695030212402344,21.695030212402344,21.443087498916523,21.575058000204624,24100
2005-02-11,21.75901985168457,21.771016617648137,21.51107702674914,21.63104926297404,27100
2005-02-14,21.763019561767578,21.83500321289714,21.695035849884018,21.795012973616203,40600
2005-02-15,21.85899543762207,21.874992141472305,21.763016740050308,21.795010147750776,38200
2005-02-16,21.986957550048828,22.006952659396557,21.7510115984759,21.874983717278305,19400
2005-02-17,21.970964431762695,22.038949645255663,21.942970969009505,22.002957832354518,23600
2005-02-18,21.77901268005371,21.870991435672156,21.66303886950148,21.870991435672156,22900
2005-02-22,21.15515899658203,21.631049533965616,21.15515899658203,21.631049533965616,100300
2005-02-23,21.075170516967773,21.39509689439492,21.075170516967773,21.275124693550904,24000
2005-02-24,21.09117317199707,21.17515358374556,21.003192821291186,21.17515358374556,15800
2005-02-25,21.39510726928711,21.415102391535576,21.103174212975397,21.103174212975397,30500
2005-02-28,21.33510971069336,21.463080259741734,21.11916036263003,21.41109327299221,55100
2005-03-01,21.55906867980957,21.55906867980957,21.295129112395447,21.295129112395447,34900
2005-03-02,21.415098190307617,21.519075246449418,21.363109662236717,21.415098190307617,15700
2005-03-03,21.53107452392578,21.555069584033607,21.371110507600108,21.415100688366163,9900
2005-03-04,21.934972763061523,21.934972763061523,21.591052857614354,21.64703978348879,24200
2005-03-07,22.038959503173828,22.20692035482104,21.866998711898834,21.994969320448135,42800
2005-03-08,21.914976119995117,22.074940061776882,21.830995737047836,22.074940061776882,16200
2005-03-09,21.295120239257812,21.9149778941679,21.279123538678746,21.9149778941679,60700
2005-03-10,21.439083099365234,21.515065123248903,21.235129022606884,21.235129022606884,58500
2005-03-11,21.19915008544922,21.403104286018543,21.195151671461364,21.395105932512887,21200
2005-03-14,21.495088577270508,21.495088577270508,21.2551440126666,21.291135849910223,40200
2005-03-15,21.467084884643555,21.811006382376522,21.435091477631367,21.703030922004803,51500
2005-03-16,21.211143493652344,21.47508299643521,21.20314514198867,21.45908629310786,40800
2005-03-17,21.435087203979492,21.503072417560936,21.36310357808352,21.371101928241885,21100
2005-03-18,21.359113693237305,21.455092407927165,21.23514150458164,21.435095761783085,22700
2005-03-21,21.215133666992188,21.315110735663716,21.103159838249358,21.315110735663716,27100
2005-03-22,20.835227966308594,21.37910365883992,20.835227966308594,21.37910365883992,18100
2005-03-23,20.799224853515625,20.927196881265065,20.595272342329082,20.65525918266386,25000
2005-03-24,20.841327667236328,21.084138634207193,20.81704595303745,20.897983456612565,22600
2005-03-28,20.73611831665039,20.853476122999275,20.699696502609672,20.853476122999275,27700
2005-03-29,20.744197845458984,20.922260623373315,20.691589791760787,20.760385651406494,23500
2005-03-30,21.019386291503906,21.019386291503906,20.75634136772344,20.75634136772344,24100
2005-03-31,20.970834732055664,21.18936560857772,20.922272829635777,21.043678357563017,66500
2005-04-01,20.982961654663086,21.282429876468438,20.821088233589286,21.282429876468438,24800
2005-04-04,20.889892578125,20.93440828872787,20.68754956175173,20.93440828872787,27300
2005-04-05,20.841327667236328,20.96273315072176,20.79681196308229,20.922265170811443,22400
2005-04-06,20.950584411621094,21.055802042179263,20.91011490467269,20.926302707452052,20300
2005-04-07,21.140792846679688,21.19744862769279,21.00319957403891,21.043667547975623,28500
2005-04-08,21.04366111755371,21.185300526804966,21.04366111755371,21.17316044708451,40300
2005-04-11,21.063901901245117,21.07199580492406,20.982964408209934,21.063901901245117,21800
2005-04-12,21.347179412841797,21.35527331540521,20.97082143429042,21.04366501360708,44300
2005-04-13,21.37147331237793,21.468597111037255,21.326957594761176,21.395753490165287,32000
2005-04-14,21.169118881225586,21.420023693894983,21.169118881225586,21.37146182067764,24600
2005-04-15,21.326948165893555,21.3512283329464,21.13674529062356,21.225776686495347,27800
2005-04-18,21.294570922851562,21.335040437768253,21.08818179991596,21.326946534784913,31900
2005-04-19,21.399789810180664,21.403835989737082,21.314804601954663,21.314804601954663,24100
2005-04-20,21.347179412841797,21.420022992158454,21.27433583352514,21.383601202500127,40000
2005-04-21,21.3431396484375,21.428123335265365,21.298623942835896,21.39170153465992,10900
2005-04-22,21.509063720703125,21.509063720703125,21.36337649877946,21.36337649877946,124700
2005-04-25,21.743772506713867,21.743772506713867,21.521195577784063,21.610226966857642,19800
2005-04-26,21.772098541259766,21.853036020456706,21.731630573538304,21.81256805273524,45100
2005-04-27,21.94207191467285,21.982539890717174,21.707353331103647,21.80043091100906,45700
2005-04-28,21.88946533203125,21.938027218737897,21.8368557209089,21.938027218737897,19600
2005-04-29,22.180845260620117,22.180845260620117,21.832814974462483,21.938032679141454,13800
2005-05-02,22.164640426635742,22.25771797108255,21.92182803160805,22.25771797108255,27600
2005-05-03,22.197023391723633,22.197023391723633,22.03919612070067,22.095851905811028,89000
2005-05-04,22.217248916625977,22.29818483389672,22.03918619362154,22.217248916625977,27600
2005-05-05,22.500534057617188,22.500534057617188,22.2981911198913,22.2981911198913,21900
2005-05-06,22.217248916625977,22.42363797567224,22.12416983300802,22.407450174716622,125700
2005-05-09,22.60171127319336,22.60171127319336,22.24963490428249,22.27796279926644,67900
2005-05-10,22.60171127319336,22.60171127319336,22.456025617742117,22.565289473391925,30400
2005-05-11,22.61384391784668,22.662405783703527,22.387219304258245,22.581468311439526,61000
2005-05-12,22.387222290039062,22.702876775838202,22.37103448467652,22.702876775838202,33400
2005-05-13,22.379125595092773,22.541000541012732,22.188924308953805,22.541000541012732,31200
2005-05-16,22.484352111816406,22.49244601612959,22.334617197654058,22.379132899499385,21600
2005-05-17,22.682641983032227,22.69882978781814,22.427689460793168,22.52076856643517,19400
2005-05-18,22.90521240234375,22.90521240234375,22.763573010005153,22.763573010005153,41200
2005-05-19,23.2087345123291,23.212782235616032,22.98615758792549,22.98615758792549,27100
2005-05-20,23.257299423217773,23.297767396161913,23.06709655412104,23.119706153951793,81400
2005-05-23,23.30990982055664,23.374659510023296,23.208738334280348,23.208738334280348,56900
2005-05-24,22.986164093017578,23.17636700372381,22.913320490779217,23.168273098613486,47900
2005-05-25,22.7028751373291,22.92545358561494,22.7028751373291,22.92545358561494,52200
2005-05-26,22.605762481689453,22.925464824360372,22.60171475677959,22.7028862669599,48000
2005-05-27,22.723121643066406,22.76358962935003,22.630042495855577,22.751449542215887,28000
2005-05-31,22.96187973022461,23.03876949910622,22.824286455973017,22.824286455973017,46300
2005-06-01,23.22492790222168,23.22492790222168,22.913319515631166,22.98616311476944,32500
2005-06-02,23.14398956298828,23.212786979137782,23.08733377542659,23.18850526571659,31500
2005-06-03,23.148027420043945,23.34632259198473,23.087323934243592,23.107557914925785,23900
2005-06-06,23.32204818725586,23.326094366889162,23.168267117369755,23.168267117369755,40800
2005-06-07,23.52034568786621,23.666032868852486,23.36251842304918,23.390846314490478,58700
2005-06-08,23.61747169494629,23.77529896447573,23.51225248609043,23.51225248609043,28800
2005-06-09,23.641756057739258,23.64984996322218,23.471788673861788,23.593194168596355,28000
2005-06-10,23.59318733215332,23.67412481977518,23.53653155394427,23.641749207224766,24000
2005-06-13,23.70246124267578,23.714601329875997,23.54868011520255,23.62557145081653,25800
2005-06-14,23.896703720092773,23.896703720092773,23.746970359106516,23.75506426291041,23900
2005-06-15,23.949312210083008,23.997874086895525,23.827906746174595,23.997874086895525,16000
2005-06-16,23.973596572875977,23.973596572875977,23.799581489310494,23.82790938256493,28700
2005-06-17,24.244741439819336,24.28116324643919,24.08691412571825,24.13952374500354,19100
2005-06-20,24.224498748779297,24.317576322556672,24.16379524495507,24.260920542322985,70500
2005-06-21,24.01810646057129,24.260918915835454,23.957404504570842,24.260918915835454,26600
2005-06-22,23.981674194335938,24.159736892503158,23.912878365501115,24.159736892503158,16800
2005-06-23,23.896703720092773,24.086906600098494,23.896703720092773,24.01810918964256,24500
2005-06-24,23.84815216064453,24.022167308342652,23.69841873486532,23.957417593647186,30000
2005-06-27,23.817047119140625,23.870238007536724,23.76794867798108,23.772039564406334,20800
2005-06-28,23.935697555541992,23.935697555541992,23.7802173737097,23.85386579874547,14200
2005-06-29,24.01344108581543,24.103456190190602,23.96434264743407,23.99707598022912,71900
2005-06-30,24.017526626586914,24.05844172000439,23.80885559204981,23.935694878941202,39600
2005-07-01,24.222118377685547,24.222118377685547,24.00935634251531,24.02163056504826,27600
2005-07-05,24.52898597717285,24.54944353462272,24.234392155297673,24.258942160724466,42400
2005-07-06,24.467613220214844,24.6067268044033,24.43897232589472,24.54944501576306,20100
2005-07-07,24.49215316772461,24.52897738255631,24.18528523106413,24.340765422665864,21700
2005-07-08,24.909496307373047,24.97905229763766,24.475789017120853,24.492155683351776,74700
2005-07-11,25.21227264404297,25.269554416892685,24.938137999458966,24.946321332839105,31700
2005-07-12,25.20817756652832,25.318650207575608,25.130436692748198,25.2654593298541,29300
2005-07-13,25.06088638305664,25.245007493135244,25.03633638144238,25.245007493135244,78200
2005-07-14,24.64354133605957,25.097706139847553,24.590350455764394,25.040424373750163,80800
2005-07-15,24.745838165283203,24.770388169985456,24.496251913650674,24.52898525325368,131700
2005-07-18,24.811294555664062,24.913583864723236,24.651723483261506,24.774470341970318,23500
2005-07-19,24.99950408935547,25.036328299483994,24.872666357321204,24.905398121429425,42500
2005-07-20,25.2204532623291,25.240910813171478,24.889036880573833,24.999507967284867,23500
2005-07-21,24.864490509033203,25.204090272811037,24.754017845401,25.163175165159693,70200
2005-07-22,25.06088638305664,25.06088638305664,24.839941050962317,24.9585970508809,17200
2005-07-25,25.06088638305664,25.195909050718065,25.01997127451088,25.1018014916024,23600
2005-07-26,25.339113235473633,25.363663236839898,25.191816348898687,25.19999968268744,19500
2005-07-27,25.408666610717773,25.470040827397415,25.224547082301182,25.408666610717773,42600
2005-07-28,25.764625549316406,25.80554063890332,25.457757694982714,25.531406104887648,45500
2005-07-29,25.731903076171875,25.817825737011088,25.695078855696313,25.77691063017659,71900
2005-08-01,25.71553611755371,25.81782544429149,25.617339237939746,25.81782544429149,35600
2005-08-02,25.899660110473633,25.944667668994775,25.72372232396996,25.752363213790424,17600
2005-08-03,25.838294982910156,25.961041912356258,25.695088931213125,25.85875254434919,25500
2005-08-04,25.40048599243164,25.772819073867595,25.371843545418503,25.772819073867595,46000
2005-08-05,24.520803451538086,25.277744027853267,24.353048977612534,25.277744027853267,128300
2005-08-08,23.63701820373535,24.27121172791512,23.49381220742941,24.16892239947286,155000
2005-08-09,23.747474670410156,24.050250002057734,23.54698703663523,24.02160913449135,83100
2005-08-10,23.976606369018555,24.344848397677385,23.87840953524989,23.93569128175003,60100
2005-08-11,24.295764923095703,24.295764923095703,23.94388933725911,23.94388933725911,28500
2005-08-12,24.275297164916992,24.34894402418139,24.074809452309786,24.226197177659614,24700
2005-08-15,24.504432678222656,24.66809623744754,24.222114677411675,24.303946457024118,13600
2005-08-16,24.647632598876953,24.73355524389628,24.504426629700415,24.504426629700415,77100
2005-08-17,24.45124626159668,24.639459857389227,24.32440846275862,24.635367409213483,50700
2005-08-18,24.28757667541504,24.365315997634877,24.20165402020187,24.365315997634877,30200
2005-08-19,24.201656341552734,24.316219892825554,24.148465452399787,24.316219892825554,28500
2005-08-22,24.275297164916992,24.3284864765629,24.132091209965893,24.132091209965893,57000
2005-08-23,24.37759780883789,24.434879593152196,24.2712160144157,24.37759780883789,114300
2005-08-24,24.46351432800293,24.672183855600224,24.41032344417963,24.50033854590965,70300
2005-08-25,24.49215316772461,24.631266694776468,24.35303964067275,24.463512285167848,29000
2005-08-26,24.18937873840332,24.606719364789623,24.18937873840332,24.504430041483506,38900
2005-08-29,24.19346809387207,24.299848289759904,23.99298035905411,24.15255143329136,35300
2005-08-30,24.26712989807129,24.283495010512965,24.05027537949152,24.193481429242215,42800
2005-08-31,24.68854522705078,24.79901785708005,24.2302896053378,24.2302896053378,59200
2005-09-01,24.909496307373047,25.199997609321485,24.72537521430319,24.786749432263544,55900
2005-09-02,24.84403419494629,25.056796199135174,24.745835746547037,24.934047748433265,57900
2005-09-06,25.375926971435547,25.396384517048432,24.815382105426913,24.815382105426913,40900
2005-09-07,25.322751998901367,25.40458379352817,25.12226574091794,25.40458379352817,35200
2005-09-08,25.15908432006836,25.265464536623483,25.069069210113888,25.24091453550554,14700
2005-09-09,25.285919189453125,25.298194969009362,25.18772231787002,25.224546534916467,38400
2005-09-12,25.20817756652832,25.269550215458374,25.167260906430627,25.224544230567396,19200
2005-09-13,25.015872955322266,25.17544402633131,24.974957856380296,25.154986476860326,34200
2005-09-14,24.99541664123535,25.077248403974753,24.88085310988682,25.052698406909617,20100
2005-09-15,25.0076961517334,25.097711265877717,24.97087192874812,24.995421931008767,10700
2005-09-16,25.06088638305664,25.12635149321666,24.909498608463718,25.07725305079948,14200
2005-09-19,24.864490509033203,25.101800942871364,24.807208733996795,25.101800942871364,24400
2005-09-20,24.672189712524414,25.011791087261052,24.61490792902945,24.815395732073366,23700
2005-09-21,24.128000259399414,24.63126342134285,24.128000259399414,24.57807254903021,88900
2005-09-22,24.258935928344727,24.353041917086557,23.894786192531633,24.18119504487147,63300
2005-09-23,24.279399871826172,24.44715434127526,24.095278731988977,24.181201410309136,53700
2005-09-26,24.472265243530273,24.513651834743435,24.31913138268763,24.41432338431295,18000
2005-09-27,24.41017723083496,24.472258679801026,24.124606038944098,24.459841442729715,60300
2005-09-28,24.17426300048828,24.42672516832974,24.116321174189522,24.42672516832974,35800
2005-09-29,24.625389099121094,24.629527125307533,24.1080489919967,24.174268462556753,40300
2005-09-30,25.01856803894043,25.01856803894043,24.749550550183237,24.749550550183237,55200
2005-10-03,24.94407844543457,25.064101766012296,24.704031804279115,25.064101766012296,47500
2005-10-04,24.521923065185547,25.01856992403728,24.521923065185547,25.01856992403728,53400
2005-10-05,24.141164779663086,24.521926423693632,24.103916220677746,24.521926423693632,64000
2005-10-06,24.108043670654297,24.26945349584182,23.888692018865758,24.170125101324743,69800
2005-10-07,23.859718322753906,24.15770505034665,23.681753259637876,24.15770505034665,39500
2005-10-10,23.553464889526367,23.85973098685005,23.512078304470446,23.85973098685005,78500
2005-10-11,23.449996948242188,23.669348691810036,23.329973640751582,23.669348691810036,25700
2005-10-12,23.027835845947266,23.392043616671756,22.83331551747005,23.392043616671756,78900
2005-10-13,23.031980514526367,23.222361281099165,22.77951830812494,23.007147622835596,43300
2005-10-14,23.56587791442871,23.598988441809038,23.180976717015024,23.342388169798863,67300
2005-10-17,23.702455520629883,23.702455520629883,23.495519469196548,23.590709863400267,109600
2005-10-18,23.474824905395508,23.735563179312695,23.371356885295985,23.70245423385513,38500
2005-10-19,23.739713668823242,23.764544994602325,23.1809851568326,23.26375992662352,48500
2005-10-20,23.363080978393555,23.785230721009256,23.30099953023364,23.6734850615995,64600
2005-10-21,23.586578369140625,23.7728196039711,23.375502654096838,23.375502654096838,55300
2005-10-24,24.066661834716797,24.128741698796997,23.942498948963042,23.975609472843157,94800
2005-10-25,23.967329025268555,24.19082029880494,23.872138648494868,24.050103746444606,20300
2005-10-26,23.7231502532959,23.99630579465442,23.66106880257024,23.967334871994947,36100
2005-10-27,23.466548919677734,23.719011159029318,23.466548919677734,23.71073352738537,43800
2005-10-28,24.17426300048828,24.194956284338357,23.772806662852098,23.789361921450702,92200
2005-10-31,24.298429489135742,24.463978953003572,24.261180938705316,24.339817644501046,182500
2005-11-01,23.760395050048828,24.29842841565444,23.536903757339896,24.29842841565444,76300
2005-11-02,23.979745864868164,23.996301125680088,23.63623288640184,23.83075325395054,42300
2005-11-03,23.909385681152344,24.269453879867893,23.81005570626716,24.066657483555385,63400
2005-11-04,23.772811889648438,23.905250829963173,23.58657071525358,23.901112803801894,21500
2005-11-07,23.884567260742188,24.05839442738748,23.797654466818212,23.96320399897589,30800
2005-11-08,23.818334579467773,23.90110929972829,23.63623145793181,23.810056949562075,15500
2005-11-09,24.087360382080078,24.302574097901473,23.89697956459089,23.89697956459089,31800
2005-11-10,24.65850257873535,24.67505626426153,23.95905765965574,24.004583847145764,21300
2005-11-11,24.757831573486328,24.832328685847624,24.5922820840619,24.670918801997125,33200
2005-11-14,24.73713493347168,24.952348609072317,24.641944542516985,24.952348609072317,23200
2005-11-15,24.724727630615234,24.898553208800195,24.617119967055466,24.815778447322817,25900
2005-11-16,24.584007263183594,24.749555182111877,24.472261589038563,24.749555182111877,17900
2005-11-17,24.989595413208008,25.00614909571486,24.563306118025128,24.608832297211354,28600
2005-11-18,25.08064842224121,25.14272986824942,24.8944072418101,25.064094738262877,77700
2005-11-21,25.204814910888672,25.295865711550753,24.944075010763072,25.10548489886088,39600
2005-11-22,25.52764320373535,25.556614137992838,24.997887172972725,24.997887172972725,43500
2005-11-23,25.639385223388672,25.639385223388672,25.395200542068885,25.47383569819661,27800
2005-11-25,25.72630500793457,25.72630500793457,25.560755437734105,25.614559284868914,7300
2005-11-28,25.444856643676758,25.672485984036836,25.399330459845388,25.672485984036836,37900
2005-11-29,25.4614200592041,25.535917187727563,25.35381239409364,25.41589386079562,16700
2005-11-30,25.308279037475586,25.61868310623221,25.29172377489735,25.556601660962194,28900
2005-12-01,25.676620483398438,25.75525559878175,25.382771728296273,25.382771728296273,40900
2005-12-02,25.548336029052734,25.701468332831787,25.399341753463393,25.64766607237812,18200
2005-12-05,25.4531307220459,25.64351148349474,25.275165616709984,25.64351148349474,21400
2005-12-06,25.370357513427734,25.66006827748121,25.34552619971809,25.66006827748121,28500
2005-12-07,25.237937927246094,25.453151757578926,25.064112282822187,25.38693223892251,29100
2005-12-08,25.428314208984375,25.689054206870146,25.163436182661243,25.163436182661243,58800
2005-12-09,25.494529724121094,25.589721730050357,25.341397435152093,25.436587862284032,22100
2005-12-12,25.511083602905273,25.660077855966833,25.349673688354333,25.655939828402786,30400
2005-12-13,25.63523292541504,25.655927789916383,25.395187969405146,25.506933606767102,20300
2005-12-14,25.68490219116211,25.82561876336571,25.531768382813357,25.631098377991016,44200
2005-12-15,25.490375518798828,25.846305677102883,25.486237493635528,25.742837681260838,28300
2005-12-16,25.58143424987793,25.672485035379356,25.498659516770225,25.660069377992052,10800
2005-12-19,25.24620246887207,25.585577523297406,25.237924835984007,25.585577523297406,28500
2005-12-20,25.27931022644043,25.366222994032288,25.093067453888686,25.163424957521084,31400
2005-12-21,25.432449340820312,25.44486500274516,25.279317054823792,25.279317054823792,62000
2005-12-22,25.57729721069336,25.597990501346974,25.146869818391966,25.32897456525626,44600
2005-12-23,25.664199829101562,25.763529795271758,25.61867523918632,25.639368521656206,42800
2005-12-27,25.548187255859375,25.73094766519492,25.548187255859375,25.713946319829393,60900
2005-12-28,25.518428802490234,25.69268849195856,25.42917419549509,25.69268849195856,90700
2005-12-29,25.386680603027344,25.69269836903879,25.36542972957382,25.641695948482788,69600
2005-12-30,25.314428329467773,25.437684049001867,25.271924959509654,25.365430752079735,43200
2006-01-03,25.824445724487305,25.9094508099064,25.14440828380885,25.475926333472454,70300
2006-01-04,26.015714645385742,26.019965792680434,25.803202678105013,26.015714645385742,75000
2006-01-05,26.215473175048828,26.338730489966654,26.028463250624757,26.028463250624757,31200
2006-01-06,26.46198272705078,26.47048339814207,26.22397042184368,26.355726770415547,36000
2006-01-09,26.687238693237305,26.687238693237305,26.457725504558862,26.60648315203373,49200
2006-01-10,26.8487548828125,26.989013526625826,26.54698834903731,26.68724699285064,54900
2006-01-11,26.89124870300293,26.95500128285251,26.76374192196708,26.95500128285251,41900
2006-01-12,26.814741134643555,26.91249637590584,26.725486560621885,26.91249637590584,136400
2006-01-13,26.48323631286621,26.81475439247776,26.372729205437498,26.81475439247776,43000
2006-01-17,26.376970291137695,26.483226211647914,26.18995883338424,26.483226211647914,59500
2006-01-18,26.372722625732422,26.457727697622683,26.249465352558385,26.372722625732422,32700
2006-01-19,26.70423698425293,26.73823803350999,26.38121809895973,26.436471628006096,59000
2006-01-20,26.444988250732422,26.7340046398045,26.3472329458018,26.7340046398045,49000
2006-01-23,26.56399154663086,26.627745774877724,26.474736924155152,26.56399154663086,42800
2006-01-24,26.763750076293945,26.844504017242045,26.627742585572317,26.6404927811596,79800
2006-01-25,26.780752182006836,26.95076237122036,26.665997168825633,26.84450640829624,1518500
2006-01-26,26.8700008392334,26.95500428851128,26.738242898713693,26.895501225482015,1408300
2006-01-27,27.171768188476562,27.30777565737443,26.98900784814438,27.074012921539776,1885100
2006-01-30,27.1505126953125,27.278019472992593,27.057006968389995,27.278019472992593,1318700
2006-01-31,27.222768783569336,27.36302413756914,27.05275865814784,27.057008181681855,423900
2006-02-01,27.35028648376465,27.469292653313413,27.201528771828695,27.265283003422653,49700
2006-02-02,27.159015655517578,27.341775980107194,27.07826011314644,27.320523497586294,66700
2006-02-03,26.921001434326172,27.099510611486778,26.63198518634892,27.099510611486778,81000
2006-02-06,27.02302360534668,27.02302360534668,26.865763575982452,26.921017143633065,99800
2006-02-07,26.81050682067871,27.048519153088787,26.785004804490168,27.04426962772607,68500
2006-02-08,26.691486358642578,26.78924160893997,26.47472499865038,26.78924160893997,57900
2006-02-09,26.81899642944336,26.916753313080875,26.62773705004548,26.733992981416232,43700
2006-02-10,26.844524383544922,26.959281094905208,26.61501096082435,26.780770114565293,375200
2006-02-13,26.882753372192383,26.89550356642645,26.78499809994485,26.882753372192383,45700
2006-02-14,27.031522750854492,27.074026118939177,26.670253039492074,26.88276501590237,49100
2006-02-15,27.2695255279541,27.2695255279541,26.929505228746507,26.933754752884976,598900
2006-02-16,27.452289581298828,27.469290924832418,27.26953243433086,27.286530535189733,72400
2006-02-17,27.745548248291016,27.745548248291016,26.62348587374055,27.52028619287596,56400
2006-02-21,27.711545944213867,27.851804553584756,27.626542495144452,27.79655263595701,61200
2006-02-22,28.021821975708008,28.064323711286548,27.62654967374589,27.77530736960807,46700
2006-02-23,27.975067138671875,28.064321749951436,27.788055623986512,28.026071163406343,56800
2006-02-24,27.8262939453125,27.975051547874216,27.74128728479685,27.975051547874216,52500
2006-02-27,27.8305606842041,27.94531568686394,27.728552634423856,27.924063199157796,55600
2006-02-28,27.728548049926758,27.885808001998313,27.626543259685818,27.758299582191775,58500
2006-03-01,27.890058517456055,28.136569818081224,27.673295505750204,28.136569818081224,42200
2006-03-02,27.856054306030273,27.856054306030273,27.681793028675237,27.754049523712496,28300
2006-03-03,27.703054428100586,27.817809439810507,27.575545977156576,27.817809439810507,100300
2006-03-06,28.204586029052734,28.497853555271885,27.839065218675966,27.945321192793052,59900
2006-03-07,27.86456298828125,28.22158471385261,27.81781010466268,28.22158471385261,38500
2006-03-08,28.009057998657227,28.009057998657227,27.626536081304568,27.873050566117723,74700
2006-03-09,28.238576889038086,28.340581673508673,27.9240570026872,28.038815222556035,55800
2006-03-10,28.493593215942383,28.510594555437255,28.162075202477244,28.298082675762274,67100
2006-03-13,28.306575775146484,28.659346199509017,28.196068712991405,28.60409428976811,56400
2006-03-14,28.510597229003906,28.578599350686314,28.29808532940073,28.383088792172302,43400
2006-03-15,29.050371170043945,29.105626330013717,28.629598587130946,28.629598587130946,57000
2006-03-16,29.35215950012207,29.51791861820195,29.088646667623863,29.092894573345617,45300
2006-03-17,29.61566734313965,29.628417542113034,29.23314516056199,29.454159418351402,96100
2006-03-20,29.1171817779541,29.77553570826974,29.01885481431644,29.77553570826974,96700
2006-03-21,28.779470443725586,29.172771992024302,28.646945701960593,29.065896358578858,220100
2006-03-22,28.84359359741211,28.90344368524146,28.64266690473423,28.813668553497436,40600
2006-03-23,28.920541763305664,28.950466804723558,28.74526419101165,28.74526419101165,143000
2006-03-24,28.87779426574707,29.177044701642686,28.77091864412933,29.177044701642686,116100
2006-03-27,28.54433822631836,28.87351695170201,28.46738765195718,28.843591909538493,60300
2006-03-28,28.860679626464844,29.02740525352744,28.44172596001041,28.552877465246652,74400
2006-03-29,29.399328231811523,29.48910657430455,29.0701529351426,29.0701529351426,78200
2006-03-30,28.97610855102539,29.47628551411816,28.84358386719331,29.47628551411816,96900
2006-03-31,29.035968780517578,29.14712034285533,28.77091932009282,29.082994316061043,92200
2006-04-03,28.535795211791992,29.185597652678197,28.467393238232592,29.134299434094267,57200
2006-04-04,28.33913803100586,28.629839829819513,28.215161928113357,28.59563885076264,97900
2006-04-05,28.493040084838867,28.634116681763782,28.4032649581371,28.608464315859717,54800
2006-04-06,28.377609252929688,28.557162746789455,28.360508764867586,28.390437065164715,62900
2006-04-07,27.95011329650879,28.428917288164392,27.95011329650879,28.42464134976438,107100
2006-04-10,27.685062408447266,27.975764234660183,27.62948499684534,27.975764234660183,38700
2006-04-11,27.61665916442871,27.753459825627207,27.543984526638734,27.620935102411956,71300
2006-04-12,27.61665916442871,27.74063527326251,27.467033950865517,27.61665916442871,29700
2006-04-13,27.253276824951172,27.595280034839195,27.184876509132,27.522602151168567,47500
2006-04-17,27.176321029663086,27.351596907103296,27.12929551582442,27.189145576785684,40300
2006-04-18,27.83895492553711,27.94155457894477,27.253275516732707,27.278926245480665,44100
2006-04-19,28.180952072143555,28.25362668355847,27.787650721632875,27.873149880758202,32900
2006-04-20,28.210886001586914,28.253635594632616,27.97576160904312,28.236538366682243,33500
2006-04-21,28.215173721313477,28.39045136605273,28.142499056630186,28.25792333221034,63400
2006-04-24,28.06981658935547,28.279291907632427,27.94156453072897,28.279291907632427,49900
2006-04-25,27.856063842773438,28.121113299433087,27.791937816890076,28.086912317417273,44900
2006-04-26,27.770545959472656,27.967196604434207,27.710695904987983,27.967196604434207,61400
2006-04-27,27.94582748413086,28.215152768202618,27.556798812221167,28.215152768202618,57900
2006-04-28,28.048431396484375,28.24508209978038,27.958656288126484,28.05270733352551,63100
2006-05-01,27.710704803466797,28.249358728385097,27.62520563005696,28.210881817241592,48800
2006-05-02,27.42855453491211,27.78765497206757,27.274651784886352,27.78765497206757,51800
2006-05-03,27.4798583984375,27.53543580725263,27.261832855106483,27.50978344103602,32300
2006-05-04,27.868886947631836,28.009960283343197,27.573909200845822,27.573909200845822,47200
2006-05-05,28.227989196777344,28.369065802776756,28.129665449506383,28.18096366144421,48100
2006-05-08,28.351959228515625,28.386160203526277,28.185233552319318,28.29210915303923,146300
2006-05-09,28.33913803100586,28.446013644369923,28.151035907777942,28.386163561812836,149400
2006-05-10,28.236541748046875,28.48449072203812,28.215165318171724,28.29639183779496,58000
2006-05-11,27.714977264404297,28.23653063690684,27.68077629469633,28.09973001965896,57000
2006-05-12,27.36443519592285,27.556810011070162,27.09083223347914,27.51833635267476,62600
2006-05-15,27.740629196166992,27.762005619815277,27.09510131947588,27.39435331183813,69600
2006-05-16,27.633747100830078,27.87742326981292,27.590997525173773,27.843222304654454,29900
2006-05-17,27.116474151611328,27.420000428280755,27.048073840942276,27.420000428280755,68700
2006-05-18,26.9069881439209,27.449916138922795,26.885613359870263,27.424267050378628,36800
2006-05-19,26.97112274169922,27.236173736328208,26.654770292012742,26.84287236563952,91700
2006-05-22,26.898454666137695,26.898454666137695,26.53507821846137,26.86852962366047,172000
2006-05-23,26.603464126586914,27.05234115119825,26.603464126586914,26.76163949833171,81700
2006-05-24,26.646228790283203,26.85570407989001,26.37262584934741,26.620578055910098,167100
2006-05-25,27.146404266357422,27.31740589043094,26.847152239624933,26.868527034936037,61800
2006-05-26,27.4713077545166,27.52260595998987,27.2917558813982,27.48413230588492,61900
2006-05-30,27.244731903076172,27.49268248480341,27.244731903076172,27.471309318501,35000
2006-05-31,27.291751861572266,27.49267687018185,26.868523790039113,27.428554122784956,56700
2006-06-01,27.791933059692383,27.791933059692383,27.36015470501025,27.36015470501025,35600
2006-06-02,28.112560272216797,28.16813441308079,27.834683044727537,27.92445816223921,45600
2006-06-05,28.249364852905273,28.66404278317325,28.009961244602614,28.08691182198827,75500
2006-06-06,27.911636352539062,28.339138817865283,27.890259924638766,28.339138817865283,34300
2006-06-07,28.1082763671875,28.309202971057292,27.860324249153127,27.980024371905245,51200
2006-06-08,28.048431396484375,28.14675511734022,27.62520495377307,28.10828146872297,74800
2006-06-09,28.23225975036621,28.296385764643247,28.027057156996612,28.048433582283813,53200
2006-06-12,27.894533157348633,28.322035581216046,27.7833816138994,28.322035581216046,183600
2006-06-13,27.60809898376465,27.877424255345847,27.535424376421357,27.659397171732305,72100
2006-06-14,27.37297248840332,27.650849643244943,27.313122425709285,27.437098487456588,60000
2006-06-15,27.94582748413086,27.94582748413086,27.509773296680788,27.509773296680788,59500
2006-06-16,27.890262603759766,27.9501126937278,27.68506322717944,27.838964390407327,62700
2006-06-19,27.697879791259766,28.065532101636858,27.655130205268456,28.065532101636858,65800
2006-06-20,27.552536010742188,27.787663700534708,27.445660381124746,27.787663700534708,42100
2006-06-21,27.873151779174805,27.894528201203993,27.518327309212427,27.552525018241425,127000
2006-06-22,27.676509857177734,27.873160608116745,27.569634236346637,27.873160608116745,55300
2006-06-23,27.467025756835938,27.732078385780337,27.377250655479948,27.732078385780337,84100
2006-06-26,27.75996208190918,27.77724494413923,27.522328494891596,27.587136755977596,50100
2006-06-27,27.72972297668457,27.867982603482726,27.638990405632924,27.80317268234026,37200
2006-06-28,27.81181526184082,27.902547831256772,27.699478286977016,27.75996666658765,24600
2006-06-29,28.429656982421875,28.42965698242188,27.9198241198168,28.105610755250055,59700
2006-06-30,28.645694732666016,28.83579965708065,28.40805945668587,28.559280406687108,81800
2006-07-03,29.177120208740234,29.177120208740234,28.740737056473463,28.827151356924983,894900
2006-07-05,29.129602432250977,29.17280794803399,28.675939571974986,29.151206838327262,78200
2006-07-06,29.19873046875,29.19873046875,28.987017862424945,29.11663769093542,29800
2006-07-07,29.077747344970703,29.298096390210617,28.90492204363803,29.22032516942934,51700
2006-07-10,29.306743621826172,29.332666266971046,29.034542662329347,29.19872820523065,113000
2006-07-11,29.354284286499023,29.41909092942547,29.125292024504397,29.358602531780488,107100
2006-07-12,29.432052612304688,29.44501393959434,29.280828336938423,29.44501393959434,111000
2006-07-13,29.034543991088867,29.410438844736845,28.97837715858154,29.328346069529236,63600
2006-07-14,28.637039184570312,29.01293392209912,28.637039184570312,28.904918533927766,65300
2006-07-17,28.637039184570312,28.719131934418318,28.559267973232217,28.706170615256642,42100
2006-07-18,29.069110870361328,29.09503351772097,28.611126519705312,28.79259164396118,54600
2006-07-19,29.518465042114258,29.54006945285643,29.095042984707685,29.095042984707685,89000
2006-07-20,29.276504516601562,29.69128339272957,29.276504516601562,29.69128339272957,48700
2006-07-21,28.796913146972656,29.203048906018303,28.74506455595081,29.203048906018303,72200
2006-07-24,29.272205352783203,29.272205352783203,28.844464824855848,28.909274794874417,59900
2006-07-25,29.42340087890625,29.475249469190647,29.203048490658986,29.298102591329144,105600
2006-07-26,29.52709197998047,29.574619025835805,29.367231276984178,29.44068096735376,55900
2006-07-27,29.432052612304688,29.777700093385864,29.427731071084764,29.682645964768252,52600
2006-07-28,29.859786987304688,29.872748312030094,29.488213628785523,29.488213628785523,36900
2006-07-31,29.760408401489258,29.84250117847829,29.56166041710925,29.82089677515408,50400
2006-08-01,29.60486602783203,29.669675941655413,29.29810261852846,29.64375329467372,869700
2006-08-02,29.548702239990234,29.665360756172074,29.50117518471163,29.613512160494647,62800
2006-08-03,29.82954216003418,29.83818194421,29.453647269182902,29.453647269182902,36700
2006-08-04,30.30048370361328,30.31776656596227,30.062851763144778,30.062851763144778,22600
2006-08-07,30.002357482910156,30.317760593633036,29.93322604713247,30.317760593633036,32500
2006-08-08,29.557357788085938,30.023982160527073,29.49254784024468,30.023982160527073,60900
2006-08-09,29.375871658325195,29.747444953655904,29.375871658325195,29.747444953655904,52100
2006-08-10,29.397480010986328,29.496852361250344,29.095034827244742,29.423402659512707,91500
2006-08-11,29.216007232666016,29.444999358372847,29.099348752088414,29.444999358372847,38000
2006-08-14,29.496858596801758,29.743133698972247,29.341319376393592,29.406126011409476,47700
2006-08-15,29.8338565826416,29.88138362519324,29.747442279652898,29.75608535813607,52200
2006-08-16,29.890039443969727,29.93324497046049,29.851152162668775,29.93324497046049,43000
2006-08-17,29.846820831298828,29.980758893606872,29.79065070475499,29.894347878511798,67700
2006-08-18,29.980772018432617,29.99805488829142,29.80362837102801,29.97645047687532,22700
2006-08-21,30.15359115600586,30.170874022274013,29.915955865280843,29.959161382766386,49700
2006-08-22,30.36530113220215,30.386905539580173,30.04989788124941,30.179514436408297,49300
2006-08-23,30.131990432739258,30.46899812524353,30.04557938720435,30.46899812524353,48400
2006-08-24,30.248645782470703,30.283208219220256,30.106064605630912,30.153591664577508,22000
2006-08-25,30.22703742980957,30.330731319263123,30.175188836898137,30.278886022721,45400
2006-08-28,30.58565330505371,30.58565330505371,30.214079916578477,30.287529626856905,39000
2006-08-29,30.589984893798828,30.62022909598732,30.369632394213617,30.62022909598732,40200
2006-08-30,30.77142333984375,30.81895037285067,30.56835388906291,30.6331637791967,65800
2006-08-31,30.797365188598633,30.95290770339923,29.95052443933426,30.91402372288408,128600
2006-09-01,30.620220184326172,30.931301903569313,30.620220184326172,30.931301903569313,31200
2006-09-05,30.931299209594727,30.931299209594727,30.63317884257207,30.73687273995519,62900
2006-09-06,30.784395217895508,30.901050423055665,30.75415103164146,30.892410639712683,39700
2006-09-07,30.533796310424805,30.80599726224007,30.49923058696115,30.80599726224007,70000
2006-09-08,30.823286056518555,30.85785179033167,30.35666183552078,30.538126993484905,46200
2006-09-11,30.922636032104492,30.95288019997703,30.58562864827706,30.689322467216176,40200
2006-09-12,31.320159912109375,31.33312123908461,30.87081523087113,31.035000829544163,59900
2006-09-13,31.497304916381836,31.57939441434075,31.251029829765415,31.389289469683934,50100
2006-09-14,31.328779220581055,31.41086866125419,31.190519677146398,31.41086866125419,78900
2006-09-15,31.579395294189453,31.618282570196467,31.359046150172762,31.359046150172762,75500
2006-09-18,31.354719161987305,31.56211023979845,31.30719210866328,31.56211023979845,56500
2006-09-19,31.588031768798828,31.600993092633377,31.324473862932205,31.324473862932205,34900
2006-09-20,31.518905639648438,31.795424916079302,31.432494601902466,31.713335419131564,86800
2006-09-21,31.168941497802734,31.570759148900773,31.035003379560155,31.475705014778825,114700
2006-09-22,31.251022338867188,31.35039468004251,30.957220262418726,31.15164670132282,93200
2006-09-25,31.29813575744629,31.389726889819542,31.06261427667438,31.381002023367856,225200
2006-09-26,31.223983764648438,31.32429975082077,31.158563912319913,31.315578213030687,45900
2006-09-27,31.498775482177734,31.538027412301247,31.128048389350454,31.223998661062176,44300
2006-09-28,31.433338165283203,31.599074008479324,31.29377026375983,31.599074008479324,75600
2006-09-29,31.40281105041504,31.568546910814497,31.372280672774043,31.490039750085998,58200
2006-10-02,31.341754913330078,31.590360404342004,31.097511856212986,31.459514007993796,60700
2006-10-03,31.64703941345215,31.76043933254976,31.271950188987788,31.271950188987788,74800
2006-10-04,32.013423919677734,32.02650789268508,31.68631128424689,31.68631128424689,54500
2006-10-05,32.22276306152344,32.28382379960016,32.04830571133891,32.04830571133891,82000
2006-10-06,32.02214431762695,32.2751122119571,31.921831643105413,32.2751122119571,69100
2006-10-09,32.20532989501953,32.25766911811886,31.743011737442515,32.06140285472991,186100
2006-10-10,32.20966720581055,32.4102957465279,31.88255480359671,32.16605288436059,62400
2006-10-11,32.08755874633789,32.30563376930541,31.89565166130703,32.07883720954593,88400
2006-10-12,32.37979507446289,32.37979507446289,32.10065916820082,32.179166349809684,86200
2006-10-13,32.75050354003906,32.75050354003906,32.37977668701772,32.41903191931159,113800
2006-10-16,32.82029342651367,32.83337739646664,32.69380950436663,32.78540062159841,63400
2006-10-17,32.71125793457031,32.846463402546945,32.66328115672805,32.82029546101888,45800
2006-10-18,32.87699890136719,32.93805965949099,32.754877385119585,32.929338120142624,56500
2006-10-19,32.79848861694336,32.972949335370366,32.73306875914948,32.90752615001506,68300
2006-10-20,32.75486755371094,32.83337469452922,32.58476930319813,32.741783584834685,44000
2006-10-23,32.951133728027344,32.951133728027344,32.63710519659925,32.8333713649616,49100
2006-10-24,32.78105163574219,33.00348584872722,32.71126600436975,33.00348584872722,67700
2006-10-25,32.94678497314453,33.04709765103879,32.76796180224167,32.85083140120268,30500
2006-10-26,33.27387237548828,33.28259390834114,33.003458271219685,33.14302608978041,77400
2006-10-27,33.05145263671875,33.265165244891776,32.98167035402515,33.23463487229563,57700
2006-10-30,33.23899459838867,33.30441777078515,32.94677486625327,32.972942804187554,44700
2006-10-31,33.295692443847656,33.496324390425634,33.07761742392968,33.496324390425634,106200
2006-11-01,33.03837585449219,33.40038129943346,32.99476150237485,33.374210026113644,80100
2006-11-02,32.41031265258789,32.96858424449894,32.262023216794525,32.96858424449894,110800
2006-11-03,32.05268096923828,32.53680801337307,31.799716352961077,32.53680801337307,102300
2006-11-06,32.349246978759766,32.43211654941309,32.15734322799091,32.23148793459617,448000
2006-11-07,31.99596405029297,32.362328450591704,31.99596405029297,32.362328450591704,74600
2006-11-08,32.10502243041992,32.18352961405304,31.70376497076734,31.98290088422675,94800
2006-11-09,32.15298843383789,32.25330110129507,31.952359771362072,32.14862600077757,86200
2006-11-10,32.28382110595703,32.309992368349604,32.05702457310382,32.17478360740906,49900
2006-11-13,32.36235427856445,32.42341506067939,32.200980780502,32.32310234473188,54300
2006-11-14,32.77233123779297,32.815945599568195,32.42777212291243,32.515004174025385,72400
2006-11-15,32.81157684326172,32.9075270799246,32.711260845873966,32.82029838202688,89000
2006-11-16,33.033992767333984,33.05143916278535,32.872619432638295,33.01654637188262,102300
2006-11-17,32.907527923583984,33.038374301346636,32.82029922344996,33.038374301346636,54500
2006-11-20,34.04587173461914,34.181080512449206,33.36111629130448,33.36111629130448,162200
2006-11-21,34.59540557861328,34.617214401890955,34.08511105848434,34.08511105848434,249300
2006-11-22,34.74806594848633,34.817851538178274,34.46893024483869,34.695730083777434,108800
2006-11-24,34.89636993408203,34.89636993408203,34.5867037668142,34.652123618830466,57600
2006-11-27,33.95427703857422,34.97922887922273,33.94555550264838,34.97922887922273,127700
2006-11-28,34.04587173461914,34.06331813587337,33.70131279685993,34.01970379651819,85500
2006-11-29,34.52564239501953,34.56489430551888,34.20288893562875,34.23778174111334,136400
2006-11-30,34.88765335083008,34.979244492957015,34.47331199441367,34.68702465937652,44000
2006-12-01,34.822227478027344,35.02285948161501,34.54745407277555,34.97924180318885,136500
2006-12-04,35.227840423583984,35.30634757092176,34.673931287272644,34.673931287272644,62500
2006-12-05,34.95742416381836,35.39357417627384,34.93125290032988,35.39357417627384,62700
2006-12-06,34.76116180419922,35.02285452749202,34.48202600507735,35.02285452749202,85900
2006-12-07,34.54744338989258,34.93561664940908,34.543080957886595,34.93561664940908,85300
2006-12-08,34.660850524902344,34.721911275420084,34.455859436352206,34.64776655372873,72600
2006-12-11,34.739349365234375,34.826578037222646,34.53435832574535,34.71754053345704,75800
2006-12-12,34.58232879638672,34.8832733167991,34.4994592437955,34.870186023579485,45900
2006-12-13,34.40353775024414,34.848412962147115,34.22035540537258,34.848412962147115,62400
2006-12-14,34.4296989440918,34.625965209287806,34.30321498277537,34.30321498277537,55500
2006-12-15,34.172359466552734,34.58670405562883,34.154913063349,34.55181124922136,134700
2006-12-18,33.95864486694336,34.36426456694391,33.94992000207055,34.23341821433949,101100
2006-12-19,33.67079162597656,33.88886670989496,33.41782705757811,33.845252358623625,195900
2006-12-20,34.024070739746094,34.08949392123327,33.67514932352197,33.67514932352197,219600
2006-12-21,33.74492263793945,34.08511906459944,33.65769065189842,33.88884959167712,355700
2006-12-22,33.448734283447266,33.777839352146245,33.34199814634393,33.76449775914341,364700
2006-12-26,33.688907623291016,33.831223664986254,33.48877685602905,33.48877685602905,94400
2006-12-27,33.99131393432617,34.04023536916194,33.711130310969004,33.711130310969004,58800
2006-12-28,34.084712982177734,34.222580647809146,33.9201587347834,34.13363442348197,95300
2006-12-29,34.24481964111328,34.41381882822259,34.12029356712947,34.20034652798778,358400
2007-01-03,34.29819107055664,34.560584825836926,33.97797921164557,34.39603056692951,525700
2007-01-04,34.34266662597656,34.36045655196689,34.08026945897101,34.3471149557445,166100
2007-01-05,33.70669174194336,34.28929740702881,33.688901815663,34.28929740702881,143700
2007-01-08,33.7556037902832,33.800076897057956,33.546576456053245,33.800076897057956,87000
2007-01-09,34.182552337646484,34.227025445221095,33.67999977520018,33.67999977520018,136300
2007-01-10,34.62284469604492,34.645082948187145,34.044687464236944,34.12029209259107,138600
2007-01-11,35.072021484375,35.28104878316529,34.73401982264857,34.73401982264857,186800
2007-01-12,35.183204650878906,35.25880925613908,35.049781964942255,35.11204498022473,185900
2007-01-16,35.68132400512695,35.73024205358268,35.26326928402456,35.467848315413974,161800
2007-01-17,35.6679801940918,35.80140292869826,35.276612041970495,35.68577011824473,120000
2007-01-18,35.623512268066406,35.796959812465154,35.49453784398603,35.69022364508475,85200
2007-01-19,35.97929382324219,35.97929382324219,35.405581572357214,35.55234588160048,81800
2007-01-22,35.67686462402344,36.001521297561425,35.61904654207399,36.001521297561425,76000
2007-01-23,35.84586715698242,35.98818312184719,35.699102863911804,35.739131031603904,114300
2007-01-24,36.312835693359375,36.312835693359375,35.84585972785467,35.89033282145523,97500
2007-01-25,36.535221099853516,36.802063175379025,36.415139960364336,36.539669429151914,174500
2007-01-26,36.65530014038086,36.67753839457689,36.335088281212705,36.668641735666,117000
2007-01-29,36.77538299560547,36.82430444264855,36.55301401562107,36.73535481480597,145600
2007-01-30,36.95771026611328,36.95771026611328,36.57968381713581,36.83318422579883,87400
2007-01-31,37.25125503540039,37.33130800941593,36.762043924452826,37.00219945341784,139800
2007-02-01,37.39800262451172,37.40689928126729,36.97550304179226,37.28237323133231,885600
2007-02-02,37.46471405029297,37.46471405029297,37.21566194994148,37.42024094567026,130900
2007-02-05,37.46471405029297,37.54032206054,37.42468927405664,37.53587373215361,168400
2007-02-06,38.01620864868164,38.01620864868164,37.63373366790046,37.69154839082527,139400
2007-02-07,38.81228256225586,38.81228256225586,37.824967083092126,38.03843941633991,254600
2007-02-08,38.5142936706543,38.88787519548773,38.44758232053259,38.643268042734874,172600
2007-02-09,38.06955337524414,38.63881719203523,37.23789589633965,38.58100250201363,285800
2007-02-12,37.380218505859375,38.0695601532992,37.22900586899425,38.0695601532992,274400
2007-02-13,38.10515213012695,38.10515213012695,37.082253368749456,37.291280772489515,199300
2007-02-14,37.83385467529297,38.2341194814502,37.70932860072873,38.15851484947635,291800
2007-02-15,38.11403274536133,38.2874802370422,37.76713776199957,37.91390206821587,175700
2007-02-16,38.01620864868164,38.09181330014068,37.53589075750314,38.04289184494203,130500
2007-02-20,38.30972671508789,38.371989756598374,37.58480507859795,37.95393499810117,106900
2007-02-21,38.1851921081543,38.220771950526895,37.869428641528685,38.220771950526895,129900
2007-02-22,37.98060607910156,38.225209815739184,37.83829012901497,38.225209815739184,96900
2007-02-23,37.317955017089844,37.94058529921431,37.2690335816257,37.913902113717704,166700
2007-02-26,37.13117599487305,37.49141609502287,36.49520049645653,37.38467652819533,230500
2007-02-27,35.97929382324219,36.70866364768185,35.61460891102236,36.53076782372765,302000
2007-02-28,36.246150970458984,36.57525617644681,35.970412158744736,35.983757150395164,949600
2007-03-01,35.88145065307617,36.379558277404165,34.68955305346467,35.75692459526432,332600
2007-03-02,35.31218338012695,35.85476406024704,35.23657876550833,35.70355143792951,251600
2007-03-05,33.937931060791016,34.91635598646252,33.93348612703612,34.8852244847822,300100
2007-03-06,35.183204650878906,35.25880925613908,34.28928079849498,34.28928079849498,163300
2007-03-07,34.68955993652344,35.20545758477125,34.640638490807476,34.991981876821505,95000
2007-03-08,35.24546432495117,35.49451636247137,34.734015268118306,34.734015268118306,137100
2007-03-09,35.71245574951172,35.739138938489646,35.38779558026263,35.66797924377384,132200
2007-03-12,35.89034652709961,36.01042765806465,35.458953622048334,35.70800575578199,103800
2007-03-13,35.045345306396484,35.890344539944806,34.92081585334368,35.80139832370203,129500
2007-03-14,35.21433639526367,35.258809493181595,34.46717681377099,34.867441481192046,111900
2007-03-15,35.530113220214844,35.53456154961061,35.27661273395478,35.34332410256662,118300
2007-03-16,35.13430404663086,35.5256722879193,35.10762085086265,35.5256722879193,131400
2007-03-19,35.485652923583984,35.636862246848054,35.285518745456244,35.46786299265602,140300
2007-03-20,35.62794876098633,35.69910505123842,35.307736972150764,35.49008111588008,67800
2007-03-21,36.05935287475586,36.15274743468882,35.35666611745315,35.556796832583615,82300
2007-03-22,36.09493637084961,36.20167253683065,35.854777452581104,36.0638014546452,178900
2007-03-23,36.117164611816406,36.32619196863527,36.04600831190328,36.13495453506492,222000
2007-03-26,35.53879165649414,36.14713376096868,35.4269641139467,36.13818905915542,469400
2007-03-27,35.16753387451172,35.44039340616499,35.0020278497151,35.37329618461466,103300
2007-03-28,34.934932708740234,35.252522602772544,34.61286875628306,34.95729958815791,104800
2007-03-29,34.993072509765625,35.25698384488476,34.78730684949985,35.24803914399319,115900
2007-03-30,35.49406814575195,35.49406814575195,34.91256686033508,34.91256686033508,231300
2007-04-02,35.717716217041016,35.76244655128081,35.292772922704366,35.47169767236928,151100
2007-04-03,36.03084945678711,36.138202983439044,35.82508369603586,35.93244063539488,186400
2007-04-04,35.85192108154297,36.030845883355695,35.62826593245375,36.030845883355695,88500
2007-04-05,35.81613540649414,35.945855802374275,35.784823822158025,35.784823822158025,66900
2007-04-09,35.88323211669922,35.941381225997986,35.784823306573074,35.82955365316495,97800
2007-04-10,36.03084945678711,36.16951457090865,35.753515815836934,35.753515815836934,82500
2007-04-11,35.49406814575195,36.04426126245053,35.3240914769759,36.04426126245053,137800
2007-04-12,35.25251388549805,35.42249393654354,35.10490412104514,35.42249393654354,71600
2007-04-13,35.65061569213867,35.65061569213867,35.09147803440309,35.20330556595021,82700
2007-04-16,35.695343017578125,35.780329605635266,35.50299956138856,35.74007333961423,160900
2007-04-17,36.160552978515625,36.178445795074765,35.68640528416868,35.68640528416868,95200
2007-04-18,35.9369010925293,36.10688115863331,35.89664481121378,35.95926796839754,75300
2007-04-19,35.695343017578125,35.79822241699067,35.5253630160542,35.64166458351192,66700
2007-04-20,35.9637565612793,35.986120033479885,35.79377642647585,35.87429243435446,139200
2007-04-23,36.36631393432617,36.41998896431908,35.87427007468871,35.963734145852506,182400
2007-04-24,36.12029266357422,36.567602789438915,35.91005635838494,36.567602789438915,74800
2007-04-25,36.097930908203125,36.37079039666823,35.75350356406349,36.20081375332354,152000
2007-04-26,36.12029266357422,36.22764613822422,35.89663760064187,36.18291580817884,57800
2007-04-27,36.03084945678711,36.12031016021254,35.88771028368217,35.96375222286449,56500
2007-04-30,35.44932556152344,36.088979143495095,35.391176476873376,36.088979143495095,152300
2007-05-01,35.14067840576172,35.56115096839706,34.796251149544815,35.56115096839706,171500
2007-05-02,35.41801071166992,35.45826697899925,34.9572818955858,34.9572818955858,90800
2007-05-03,35.5119514465332,35.610360222548465,35.35986763829545,35.552211133405585,48800
2007-05-04,35.203304290771484,35.49405654480307,35.037801734208266,35.47616373087902,87500
2007-05-07,35.301719665527344,35.373290934613685,35.02438952958265,35.1764733573322,164000
2007-05-08,35.06911087036133,35.1809383900929,34.997539619634686,35.0422699449863,81900
2007-05-09,35.44932556152344,35.601409358010635,34.95281107559483,34.95281107559483,76800
2007-05-10,34.975196838378906,35.35540994768255,34.89915148635251,35.35540994768255,103300
2007-05-11,35.44932556152344,35.44932556152344,35.03780108698782,35.046745787431966,65600
2007-05-14,35.248046875,35.54774390482926,35.15410872515509,35.418023530864474,82500
2007-05-15,34.711280822753906,35.386720374613354,34.6039272994295,35.29278561511613,422900
2007-05-16,34.2818489074707,34.764944678437125,34.08503135351278,34.64864308630694,136700
2007-05-17,33.68693161010742,34.06714802765579,33.57957811275688,34.013469572627436,154700
2007-05-18,33.34697723388672,33.68693053341565,33.10542931303866,33.60641455979963,373200
2007-05-21,33.48115539550781,33.901627919949625,33.1680397364797,33.27539318918866,597400
2007-05-22,33.97768783569336,34.14766451039945,33.52143286005777,33.59300072893687,179700
2007-05-23,33.718238830566406,34.308688108731374,33.62877816312245,33.99557235997181,193000
2007-05-24,33.15462112426758,33.6511355376539,32.7430932971522,33.56167148275719,208700
2007-05-25,33.34251022338867,33.749560822414324,33.159111362004154,33.31567269741309,158400
2007-05-29,34.53234100341797,34.80967451526228,33.54826007302477,33.727184809288666,164500
2007-05-30,35.45829391479492,35.45829391479492,34.37580356558871,34.37580356558871,574700
2007-05-31,35.315128326416016,35.708763368413166,35.082528593812675,35.592461795759014,198100
2007-06-01,35.36433792114258,35.55668141428727,35.1138453394492,35.44485388135909,128100
2007-06-04,35.50748062133789,35.67298661540036,35.15857922931424,35.248043312336854,222700
2007-06-05,34.94387435913086,35.38671050545811,34.89019590608579,35.38223644786118,126300
2007-06-06,34.706783294677734,34.9393864194158,34.51444325960867,34.778354536967804,74000
2007-06-07,33.6153564453125,34.46971700612676,33.534840486618,34.40709386188719,206300
2007-06-08,34.017940521240234,34.076089616009995,33.41406904865856,33.570630341672086,160900
2007-06-11,33.508018493652344,33.892702238166635,33.48565161204602,33.892702238166635,172200
2007-06-12,32.926513671875,33.472232820633394,32.8952020852761,33.472232820633394,273900
2007-06-13,33.655616760253906,33.70929521006534,33.078586222427816,33.159102190792055,105100
2007-06-14,33.293304443359375,33.74955942964953,33.235155335243036,33.74955942964953,71600
2007-06-15,33.66008377075195,33.879264756027325,33.56167500638604,33.6019346884926,178100
2007-06-18,33.14120864868164,33.63772320727411,33.11884518794581,33.615359746538275,154200
2007-06-19,33.2038459777832,33.23068350445029,32.79679195556247,32.944405177645166,175900
2007-06-20,32.20633316040039,33.22172577372799,32.20633316040039,33.203836369597816,73500
2007-06-21,32.385257720947266,32.465773689871426,31.870850331304343,32.318160511392826,346500
2007-06-22,32.26448059082031,32.34947061322975,32.0095139362977,32.295792165491314,110800
2007-06-25,31.735485076904297,32.310680733951365,31.635844068099775,32.17027937905661,381600
2007-06-26,31.613204956054688,31.957414999888993,31.522620637594265,31.807956921446554,210800
2007-06-27,32.42390441894531,32.52807549371465,31.31427359145402,31.436561525115312,196400
2007-06-28,32.25632858276367,32.722826455487485,32.2382117243988,32.41031669570895,117100
2007-06-29,32.13405227661133,32.70925150759298,31.87136637389205,32.2653969556903,195300
2007-07-02,32.87681198120117,32.91757577317359,32.18838869469845,32.251795966266975,217100
2007-07-03,32.7862434387207,33.03534599569005,32.69113249572471,32.908531405028725,92000
2007-07-05,33.27988815307617,33.655801502790865,33.057959366169634,33.057959366169634,129100
2007-07-06,33.2391471862793,33.45201596789269,32.98551806202725,33.33878818664622,110800
2007-07-09,33.21650314331055,33.29350066740258,32.99457764024494,33.29350066740258,64600
2007-07-10,32.37409591674805,32.99911216393417,32.33333210962807,32.962878436591616,119300
2007-07-11,32.310672760009766,32.41937390029999,31.96646284873537,32.29255935873183,138700
2007-07-12,32.72735595703125,32.72735595703125,32.26991479383478,32.38314256504122,92000
2007-07-13,33.03987503051758,33.080638840740384,32.58243714589307,32.59149385069886,107200
2007-07-16,32.76359176635742,33.4520186669259,32.76359176635742,33.02175444564906,88200
2007-07-17,32.64583969116211,32.999109869594,32.62319274928799,32.88135199163731,123700
2007-07-18,32.5733528137207,32.577882890481284,32.01627431243399,32.54164918726891,136500
2007-07-19,32.69565200805664,32.876813675912445,32.65488821398296,32.663948370638145,76900
2007-07-20,32.124977111816406,32.64582544874667,31.930225245153323,32.60959173973105,157100
2007-07-23,31.56790542602539,32.247272143561986,31.56790542602539,32.247272143561986,134300
2007-07-24,30.92929458618164,31.640364763519894,30.81153675111504,31.35955868157244,128900
2007-07-25,30.594144821166992,31.373148975817504,30.385802683684354,31.16028367088927,262800
2007-07-26,30.032516479492188,30.63035864579152,29.584135718626555,30.63035864579152,317500
2007-07-27,29.0361270904541,30.345039721405126,29.0361270904541,29.98270950673593,252000
2007-07-30,29.597742080688477,29.72455664604487,29.09048381926291,29.42110701387954,197200
2007-07-31,29.479976654052734,30.363155216939855,29.443746398559107,29.937417752098774,552700
2007-08-01,29.869476318359375,29.964590660388463,28.85042838988043,29.44374236724487,202500
2007-08-02,30.363168716430664,30.39034228399149,29.91025749474543,30.136713105588047,545600
2007-08-03,29.190134048461914,30.227301416352173,29.190134048461914,30.20465792295115,169300
2007-08-06,30.20916748046875,30.20916748046875,28.78249862328693,29.552447800412285,333300
2007-08-07,30.376741409301758,30.643960702968556,29.606794071768967,29.864953210159307,233700
2007-08-08,31.576961517333984,31.653955572767384,30.4310970208624,30.56696827360886,293500
2007-08-09,31.228227615356445,31.762662999652118,29.806086643753087,30.96554173070548,453700
2007-08-10,30.286170959472656,31.2191668570817,30.27258072190452,30.6077374731589,193700
2007-08-13,30.1412353515625,30.675670592467863,30.1412353515625,30.231816190182055,178000
2007-08-14,29.27617835998535,30.163883856956915,29.23541801244962,30.163883856956915,440600
2007-08-15,28.782501220703125,30.046121927618405,28.782501220703125,29.149359848482995,629200
2007-08-16,29.93741798400879,29.93741798400879,28.542452929029093,28.710029524084657,472100
2007-08-17,30.61679458618164,31.454679564664275,30.127649690316595,30.69378865624243,517700
2007-08-20,31.17839813232422,31.228218629227005,30.45827114962702,30.571498923417455,367800
2007-08-21,31.32333755493164,31.495442552162565,30.915716818923734,30.99271088699247,250600
2007-08-22,31.70377540588379,31.903057385603564,31.336918539069924,31.70377540588379,274700
2007-08-23,31.16029167175293,31.780777798887616,31.124057946762207,31.70378372486098,277300
2007-08-24,31.327869415283203,31.386750087538704,30.91119190679719,31.30522592670983,240900
2007-08-27,30.64848518371582,31.20556720944284,30.648485183715817,31.151216647892028,205100
2007-08-28,29.71097755432129,30.56245292283508,29.71097755432129,30.56245292283508,195400
2007-08-29,30.79796028137207,30.79796028137207,29.89666799948399,29.89666799948399,239200
2007-08-30,30.95647621154785,30.98817985362565,30.09141771746062,30.09141771746062,269100
2007-08-31,31.468265533447266,31.830592349223934,31.096878560399585,31.268983538735686,1092000
2007-09-04,31.88494110107422,32.156687061208224,31.377679441503346,31.48185051153068,359600
2007-09-05,31.119522094726562,31.64490064332174,31.101405235591805,31.567903128139648,255600
2007-09-06,31.395795822143555,31.44561631721154,30.94741482196898,31.31427168979933,181800
2007-09-07,30.639434814453125,31.006291678261256,30.598671021009295,30.852303571875662,330200
2007-09-10,30.322397232055664,30.933829990867395,30.15029225534988,30.820602214115226,188200
2007-09-11,30.951940536499023,30.951940536499023,30.571496900348983,30.576026978523302,369400
2007-09-12,30.770784378051758,31.087820798211308,30.707377094019847,30.811544722598917,107200
2007-09-13,31.463727951049805,31.613189411438533,30.956466383413847,31.01081694776522,133700
2007-09-14,31.667551040649414,31.667551040649414,30.9610106573003,31.13764575313758,427500
2007-09-17,31.436552047729492,31.631300447371473,31.250856891647874,31.527132859443736,107500
2007-09-18,32.55525588989258,32.55525588989258,31.495445337968572,31.617729841868172,154600
2007-09-19,33.166690826416016,33.2663283942468,32.632255437876104,32.632255437876104,200400
2007-09-20,32.306156158447266,32.958345925305665,32.306156158447266,32.958345925305665,498400
2007-09-21,32.537132263183594,32.70018053811311,32.46466828290244,32.591482839972606,82600
2007-09-24,33.15398025512695,33.15398025512695,32.60027028348973,32.67348986220292,131500
2007-09-25,32.33028030395508,32.77416439005837,32.33028030395508,32.77416439005837,380800
2007-09-26,32.80162811279297,32.80162811279297,32.421809317044065,32.623159713113836,155900
2007-09-27,33.053321838378906,33.053321838378906,32.783328897630625,32.961797328251066,141200
2007-09-28,32.70096206665039,32.934345228201636,32.627745942054055,32.934345228201636,174800
2007-10-01,33.49720001220703,33.49720001220703,32.98925036727865,32.99382746525446,884900
2007-10-02,34.105831146240234,34.105831146240234,33.588730701425874,33.652796119675315,205200
2007-10-03,33.94108963012695,34.08295175943896,33.75347047901583,33.95024382752946,168300
2007-10-04,34.288883209228516,34.288883209228516,33.74890065903184,34.05092639499288,136300
2007-10-05,35.09428024291992,35.09428024291992,34.183629463955505,34.43074046744555,266300
2007-10-08,34.430721282958984,34.65952725226071,34.40784278081002,34.54055066196127,140900
2007-10-09,34.81513214111328,34.81513214111328,34.156169548125796,34.52683426102949,159300
2007-10-10,34.572593688964844,34.860888039564166,34.43073157152128,34.815127530290106,187600
2007-10-11,34.435298919677734,34.99816314915568,34.348351532763544,34.9478255558161,111800
2007-10-12,34.110416412353516,34.6320940808956,34.110416412353516,34.54972373895189,129500
2007-10-15,33.469749450683594,34.2476886412689,33.39195622988573,34.13786271241878,205100
2007-10-16,33.062477111816406,33.42399112133802,32.966378981382086,33.35534860208392,205800
2007-10-17,33.012142181396484,33.91821582835736,32.28454049552958,33.332469308890616,263900
2007-10-18,33.02128219604492,33.355336986754864,32.408080326561404,32.755866409383366,134000
2007-10-19,31.61641502380371,32.81993695602341,31.61641502380371,32.81993695602341,184500
2007-10-22,32.4446907043457,32.4446907043457,31.465401327612906,31.61641063052785,246600
2007-10-23,32.78789138793945,32.78789138793945,32.202148749300115,32.6963669185886,185500
2007-10-24,32.23876953125,32.53621808051206,31.739974041549996,32.53621808051206,370600
2007-10-25,32.30742263793945,32.7467299583987,32.00997399111586,32.64605470950725,310000
2007-10-26,32.79705047607422,32.98009597028272,32.22961258620003,32.74671287788432,144600
2007-10-29,32.26164627075195,32.86111687856614,32.26164627075195,32.78332367582587,133200
2007-10-30,32.70553207397461,32.88857758273111,32.43553916301567,32.43553916301567,178600
2007-10-31,33.387367248535156,33.387367248535156,32.389773063993665,32.91145040449405,263600
2007-11-01,31.826915740966797,32.63688743829003,31.826915740966797,32.56367133435522,278700
2007-11-02,31.373870849609375,32.00080041153272,30.93456384312578,32.00080041153272,306500
2007-11-05,30.92083740234375,31.32353463647635,30.77440172708627,30.88880470748436,309000
2007-11-06,31.309810638427734,31.30981063842773,30.62339267270849,30.756100565037155,212600
2007-11-07,30.335105895996094,31.071861640951788,30.24358138312084,30.65085935563516,495200
2007-11-08,30.42662811279297,30.69662107225191,29.91867839311726,30.495270627320046,294100
2007-11-09,30.179521560668945,30.66459284051176,29.973597478331712,30.097151229473287,247200
2007-11-12,30.527292251586914,30.97575349120956,30.147473501569028,30.24357159049487,277800
2007-11-13,31.538619995117188,31.538619995117188,30.522720738753005,30.522720738753005,175900
2007-11-14,30.897964477539062,32.041994617264784,30.897964477539062,32.041994617264784,311500
2007-11-15,30.843059539794922,31.13593103584051,30.431207907448428,30.989495287817718,342800
2007-11-16,30.26646614074707,31.222877312407338,30.115453299226473,31.20457240816513,361500
2007-11-19,29.60749626159668,30.202393283396763,29.60749626159668,30.202393283396763,316900
2007-11-20,29.03548812866211,30.18867083151178,28.554995772220984,29.927832073853693,482500
2007-11-21,28.83414077758789,29.186502342250517,28.504661216926227,28.724314839251274,339000
2007-11-23,29.40155792236328,29.71731117913492,29.136142242505986,29.415285717648842,164500
2007-11-26,27.992130279541016,29.721903394693758,27.992130279541016,29.721903394693758,221400
2007-11-27,28.64651870727539,28.66024825825094,27.960100510657114,28.436017545935538,291100
2007-11-28,29.904949188232422,29.904949188232422,29.05379217273006,29.05379217273006,302100
2007-11-29,29.42444610595703,29.93239558631053,29.223095755892096,29.8820579987943,152400
2007-11-30,30.225269317626953,30.632543655276386,29.85460128092095,30.06510234937893,275600
2007-12-03,29.900371551513672,30.321377317379564,29.634959199212915,30.321377317379564,423300
2007-12-04,29.09497833251953,29.900373119669943,29.09497833251953,29.900373119669943,299200
2007-12-05,30.074268341064453,30.087996145716325,29.429033591999925,29.685298746947037,223800
2007-12-06,31.030658721923828,31.09472410221977,30.01475984680047,30.074251622290546,180600
2007-12-07,30.92083740234375,31.40133131653649,30.88880470748436,31.11761066828054,264100
2007-12-10,31.584379196166992,31.584379196166992,30.778984577350222,30.939148081586367,248200
2007-12-11,29.918668746948242,31.88182447817699,29.895790243684424,31.7125102870764,280600
2007-12-12,29.818010330200195,30.943735836500974,29.534289531192844,30.939158737288537,416500
2007-12-13,29.4793758392334,29.790552261724105,29.07210127776372,29.721909736366595,318400
2007-12-14,28.7380313873291,29.753928774409577,28.678541342404433,28.911924424835217,922900
2007-12-17,27.850276947021484,28.481782230438416,27.850276947021484,28.472629777559693,509100
2007-12-18,28.28041648864746,28.486342203101273,27.46129072762615,28.31244918360128,494100
2007-12-19,28.568716049194336,28.568716049194336,28.092799171069004,28.344485410922402,370500
2007-12-20,28.449644088745117,28.877599109361068,28.175195194119407,28.877599109361068,998500
2007-12-21,29.007823944091797,29.007823944091797,28.570565684623425,28.570565684623425,374200
2007-12-24,29.947479248046875,30.02656041199582,29.012493451359397,29.012493451359397,121700
2007-12-26,29.449748992919922,29.756759408652623,29.328804474146928,29.700938042539168,371900
2007-12-27,28.863630294799805,29.398573393745068,28.691518892532226,29.268325344526644,353800
2007-12-28,28.356611251831055,29.072969649877617,28.179848873980536,28.858993019128096,395000
2007-12-31,28.58919334411621,28.714788778626325,28.156587438961314,28.524070179808703,335800
2008-01-02,28.50081443786621,28.849690081226697,28.096119188420566,28.589195628707152,5341700
2008-01-03,27.612340927124023,28.94272015712421,27.454183918498693,28.94272015712421,259300
2008-01-04,26.491283416748047,27.64024567213953,26.44941828035093,27.64024567213953,382300
2008-01-07,26.73782730102539,26.914591445325783,26.040076061099448,26.528501574152976,668600
2008-01-08,25.812137603759766,27.49604295118982,25.77027247035395,26.793639243433635,646700
2008-01-09,26.268007278442383,26.268007278442383,24.90041379765485,25.909828117972936,534600
2008-01-10,26.672704696655273,27.119265073722918,25.528393064991977,26.216840756589566,717000
2008-01-11,26.67734718322754,27.08204406096858,25.98889970860254,26.92853798158971,558300
2008-01-14,26.56570816040039,27.175076265119525,25.970294508622104,26.895976559466614,399900
2008-01-15,26.026121139526367,26.28196290137075,25.751672252409236,26.15636746748937,542700
2008-01-16,26.323823928833008,26.74247530962531,25.681892403109103,25.681892403109103,621800
2008-01-17,25.965654373168945,26.584328111070274,25.87262050155935,26.402911262918483,700400
2008-01-18,25.621429443359375,26.407561962134732,25.212081503503583,26.16567462378692,880900
2008-01-22,26.23544692993164,26.719219766951703,24.807382889339188,25.570257282746777,925800
2008-01-23,28.72408103942871,28.72408103942871,25.90981920341561,25.90981920341561,1329400
2008-01-24,28.04958724975586,29.352055307680967,27.747229575749035,28.75199085180239,755600
2008-01-25,27.88678550720215,28.654310639370983,27.60768400729939,28.389165367870667,690400
2008-01-28,28.831083297729492,28.831083297729492,27.486749419886177,27.905400906693885,814200
2008-01-29,28.57057762145996,29.02644318338242,28.34264661497134,28.784555949832427,532400
2008-01-30,27.807708740234375,29.012492469759465,27.793754284993756,28.50080900024332,589500
2008-01-31,28.365907669067383,28.70082876289151,27.463483557285787,27.705370816772902,743400
2008-02-01,29.55208396911621,29.593949105549637,28.463592196319937,28.53801890837127,848600
2008-02-04,29.24506950378418,29.524170966119716,28.817116412464586,29.524170966119716,520000
2008-02-05,28.21240234375,29.161342451593924,28.21240234375,28.73804020621827,711000
2008-02-06,27.751895904541016,28.49151237848805,27.68677273159164,28.41243474689906,558000
2008-02-07,28.40776824951172,28.40776824951172,27.444872033677775,27.668152135591335,462600
2008-02-08,27.50069808959961,28.342651780532297,27.15647518354169,28.342651780532297,837500
2008-02-11,26.9424991607666,27.84027252482651,26.826207292618665,27.500700482771308,720200
2008-02-12,27.71001625061035,27.844915195097887,27.123906226365037,27.123906226365037,902800
2008-02-13,27.92864990234375,28.277525437109784,27.435571841064238,28.277525437109784,814900
2008-02-14,27.40766143798828,28.258918603214756,27.398359651836,27.919346625528494,1046100
2008-02-15,27.630939483642578,27.63559037606893,27.02622054881189,27.305322005150476,1150900
2008-02-19,27.561174392700195,28.444993353057075,27.123917581229733,28.444993353057075,1076500
2008-02-20,27.7332763671875,27.77049060620578,27.02622179609345,27.049481582716165,1518700
2008-02-21,26.97971534729004,28.068207382280324,26.97971534729004,27.947264611491722,1092300
2008-02-22,27.74258041381836,27.74258041381836,26.85411084809921,27.43557003441993,1063400
2008-02-25,28.58919334411621,28.58919334411621,27.403016606373775,28.12402585680756,984800
2008-02-26,28.58453941345215,28.82177402600975,28.217056711642748,28.607797430452234,889100
2008-02-27,28.449644088745117,28.807823274915833,28.26357637987328,28.52872348608126,447800
2008-02-28,27.863534927368164,28.3333533379147,27.863534927368164,28.3333533379147,627800
2008-02-29,27.463481903076172,27.84956989678124,27.36114451402227,27.835615443536685,556600
2008-03-03,27.65419578552246,27.75653138282973,27.12390535806856,27.45882460071332,629500
2008-03-04,27.393709182739258,27.761191871792537,27.063440739172695,27.282069995224905,517100
2008-03-05,27.770496368408203,27.942607823398323,27.305328930995916,27.305328930995916,558300
2008-03-06,26.50523567199707,27.83096369828229,26.49128121917988,27.83096369828229,535000
2008-03-07,26.937843322753906,27.086696744705506,26.161014637848545,26.537799085831697,636400
2008-03-10,26.556415557861328,27.06809915417761,26.430820106153142,27.04484113152203,752200
2008-03-11,28.282167434692383,28.282167434692383,26.951788863306138,27.370440083138234,577700
2008-03-12,27.686758041381836,28.631047097067857,27.686758041381836,28.105407548701073,363400
2008-03-13,28.012386322021484,28.240317394400115,26.868072968185984,27.54256617169528,503300
2008-03-14,27.444873809814453,28.500803913399963,26.975055564346604,28.500803913399963,615900
2008-03-17,27.612340927124023,27.784452391827955,27.01227447312147,27.202993062245568,1021200
2008-03-18,28.826425552368164,28.840380007120935,27.835618452045313,28.468246426439755,774700
2008-03-19,28.607797622680664,29.30554878420946,28.607797622680664,28.714785921178322,372600
2008-03-20,29.5613956451416,29.793981180433413,28.65897129197605,28.724094461089518,531200
2008-03-24,30.22658348083496,30.514985038225436,29.91491858163637,30.277748637028335,384200
2008-03-25,30.303913116455078,30.646089861708084,29.86798662332047,30.514843790861057,752900
2008-03-26,29.722679138183594,30.186730586001612,29.642994529418427,30.008607841482476,437000
2008-03-27,29.47893714904785,30.52890943209628,29.413314104869055,30.52890943209628,673300
2008-03-28,29.132076263427734,30.205487038593738,29.061764826834846,30.205487038593738,491400
2008-03-31,29.244571685791016,29.91955573832182,29.108637198757002,29.610186855515824,409000
2008-04-01,30.90859603881836,30.90859603881836,29.65706419654122,29.87737170837932,3876600
2008-04-02,30.758583068847656,31.039825100773612,30.36484136320215,31.002325209533762,483400
2008-04-03,31.461702346801758,31.461702346801758,30.561722482981242,30.91796443790628,508900
2008-04-04,30.96484375,31.724200906772367,30.899220689361613,31.724200906772367,1124600
2008-04-07,30.678903579711914,31.494510351934736,30.66484201056798,31.494510351934736,681300
2008-04-08,30.636730194091797,30.917972409466003,30.467984149629512,30.917972409466003,452500
2008-04-09,29.867996215820312,30.669538042650835,29.858621238021254,30.585165030553497,515900
2008-04-10,30.158611297607422,30.36016884811682,29.638313445460774,29.858620951388296,576600
2008-04-11,29.788314819335938,30.163305054031184,29.68050523861696,29.746128306176818,422300
2008-04-14,29.61488914489746,30.0742543021787,29.568016025058107,29.70863717267108,410800
2008-04-15,29.914871215820312,29.952371129397164,29.56800595570589,29.82112321997247,218700
2008-04-16,31.128894805908203,31.128894805908203,30.111730546011124,30.308603239783494,358200
2008-04-17,31.241395950317383,31.250769139055755,30.692973216328785,30.941403844057568,400600
2008-04-18,31.063264846801758,31.81324848747854,30.992957009651967,31.691375609440506,814400
2008-04-21,30.833602905273438,31.110160344881237,30.721106721525974,31.105471960836574,307700
2008-04-22,30.758583068847656,30.922640622788926,30.510148971523492,30.81482932952097,522800
2008-04-23,31.14296531677246,31.34920768080797,30.650788805306536,30.758600158475,693300
2008-04-24,31.76169204711914,31.874188180541466,31.086708094209996,31.189831039925295,886400
2008-04-25,31.939823150634766,32.253876910820345,31.592957856940078,32.253876910820345,454400
2008-04-28,31.897619247436523,32.038238488132805,31.663250270089264,32.038238488132805,699600
2008-04-29,31.550762176513672,31.855442674229096,31.36326978670858,31.588262084949932,806100
2008-04-30,31.110143661499023,31.864812159470684,31.025770674887678,31.822623878071372,629600
2008-05-01,31.780439376831055,31.780439376831055,30.899209605192866,31.147640185090932,780200
2008-05-02,31.752328872680664,32.211693943052616,31.546086469169435,32.211693943052616,1311800
2008-05-05,31.66326332092285,31.752321137215276,31.358582809552097,31.738259564968487,295500
2008-05-06,31.883556365966797,31.89762150960203,31.30701064346877,31.892933128390286,336800
2008-05-07,31.01639747619629,31.874189009290173,30.89921295777978,31.846065869250275,496200
2008-05-08,30.82890510559082,31.3304547595123,30.608601189424874,31.3304547595123,419100
2008-05-09,30.660158157348633,30.978896604345067,30.50078535766283,30.7960890474206,342300
2008-05-12,31.39607048034668,31.39607048034668,30.67421358484848,30.75389818064187,287700
2008-05-13,31.522642135620117,31.546080474746518,31.14765016672844,31.517953752557148,307100
2008-05-14,31.719511032104492,31.89294544203039,31.588264916998803,31.82263400145565,297000
2008-05-15,32.10386657714844,32.10386657714844,31.503882472736638,31.808562906560947,415000
2008-05-16,31.935131072998047,32.10856548787869,31.70076198184565,32.10856548787869,323800
2008-05-19,31.986690521240234,32.117936631733585,31.686698389773063,31.94919418694806,256700
2008-05-20,31.555452346801758,31.803882995936945,31.288271742386218,31.75232151296304,1419600
2008-05-21,30.796100616455078,31.724203895502146,30.650792907950475,31.489834777945596,3444000
2008-05-22,30.53359603881836,30.810153345652598,30.449223047467445,30.636718981156974,3545600
2008-05-23,30.388290405273438,30.505474924581584,30.23829436360652,30.45860183209587,311300
2008-05-27,30.805469512939453,30.91327727680448,30.397666065157964,30.397666065157964,370600
2008-05-28,30.857030868530273,31.03046168175675,30.669534907901546,31.02577687547733,199800
2008-05-29,31.189823150634766,31.1991963359709,30.744519959154523,30.847642878785457,726700
2008-05-30,31.044536590576172,31.382025134399715,30.875790530569837,31.382025134399715,304700
2008-06-02,30.524227142333984,31.250769070256094,30.299231275040462,31.250769070256094,338500
2008-06-03,30.725784301757812,30.79140735055186,30.350792386202144,30.697657583568972,410000
2008-06-04,30.885156631469727,31.128902473824564,30.5289146336679,30.603914454758094,323800
2008-06-05,31.592954635620117,31.60232782587174,30.99297032623626,31.091404916726873,218100
2008-06-06,30.271114349365234,31.424209912605008,30.26173758253384,31.424209912605008,595100
2008-06-09,29.67112159729004,30.632034351955024,29.610185143161832,30.402353682546643,412100
2008-06-10,29.68518829345703,29.910182393884664,29.169575248727977,29.568003754395086,378600
2008-06-11,29.235198974609375,29.994556092563844,29.197700851059018,29.844558234079813,269600
2008-06-12,29.535198211669922,29.811753868165532,29.099273256676653,29.493011694980943,335700
2008-06-13,30.027372360229492,30.027372360229492,29.305516785102405,29.694568618465652,301900
2008-06-16,30.425790786743164,30.439852357090558,29.76486837091338,29.872677915795816,256900
2008-06-17,29.56331443786621,30.580475346515918,29.497691384159015,30.580475346515918,232400
2008-06-18,29.127370834350586,29.507049151182223,28.893001900327047,29.507049151182223,229400
2008-06-19,29.8023681640625,29.8023681640625,28.930515043919886,29.08519768144209,792100
2008-06-20,29.132076263427734,29.53987794662181,28.958641863323702,29.474254892785304,271400
2008-06-23,28.410215377807617,29.33831656369157,28.410215377807617,29.333629969642498,271800
2008-06-24,28.428268432617188,28.81776169967561,28.07202445821371,28.328520554652346,964300
2008-06-25,28.89375877380371,29.344999639036534,28.509014674151683,28.509014674151683,1119900
2008-06-26,27.929527282714844,29.16925660585353,27.896277989998147,29.164507483444243,476900
2008-06-27,27.711023330688477,28.124265713891717,27.473527416579714,27.996017702838984,1234000
2008-06-30,27.749027252197266,28.124271305968602,27.4212834778624,27.663530373112405,1266500
2008-07-01,27.725257873535156,27.948504494801618,26.96052114378746,27.022270556213112,2001800
2008-07-02,27.383283615112305,27.863024634319665,27.245535529971963,27.768025892431492,2487500
2008-07-03,27.103042602539062,27.49728499749084,26.99854378876724,27.421286354370583,2056800
2008-07-07,26.495040893554688,27.388025946794368,26.390543934139828,27.245528775265125,2200300
2008-07-08,28.47101593017578,28.47576686421779,26.324052166648965,26.55204988995396,4736200
2008-07-09,26.52829360961914,29.150248790811133,26.276548513575097,29.150248790811133,2749200
2008-07-10,27.041282653808594,27.250278388365853,26.162548570203207,26.447542918413095,2237100
2008-07-11,26.908292770385742,27.525781898892177,26.27180353036825,26.366800464022806,4163200
2008-07-14,25.97256088256836,27.44978618882965,25.85856201330889,26.951044986214402,3855400
2008-07-15,25.72081756591797,26.57580280489529,25.264823868106138,25.834814631407912,6946000
2008-07-16,27.597030639648438,27.597030639648438,25.43106858033295,25.706562959829032,4768500
2008-07-17,27.929527282714844,28.03877521763408,26.884544593467066,27.597032543597294,8110000
2008-07-18,27.97701072692871,28.019760050683317,27.47826801247514,27.87251197731757,4488700
2008-07-21,28.18602180480957,28.18602180480957,27.734779099215654,27.962775013084585,3129700
2008-07-22,28.941265106201172,28.988763585361827,27.625536939601652,27.872533017528898,6480900
2008-07-23,29.75825309753418,30.019498366508955,28.642020676349727,28.642020676349727,5532900
2008-07-24,27.787031173706055,29.914995052993397,27.63978300578248,29.914995052993397,2615400
2008-07-25,28.243022918701172,28.594517783931884,27.715781526830412,28.076776449170133,4093000
2008-07-28,27.782278060913086,28.66101238379513,27.473532589657033,28.404516313393213,1083800
2008-07-29,29.074249267578125,29.121749537402028,27.677773949855762,27.744272515659205,2094600
2008-07-30,28.974510192871094,30.000492776402933,28.100524894903188,30.000492776402933,4018500
2008-07-31,28.6135196685791,28.98401285900105,28.195526189673096,28.808266321486887,2728100
2008-08-01,28.637252807617188,28.694251309804024,27.915265136101635,28.627752755261096,3156300
2008-08-04,28.21927261352539,28.561267408699216,28.04827521593848,28.50426706820321,3286600
2008-08-05,29.487497329711914,29.539744915447493,28.25251733152473,28.357016126896408,2620900
2008-08-06,29.344993591308594,29.47799253091138,28.917502047303124,29.31174430939539,2221000
2008-08-07,28.57076644897461,29.14550627223243,28.323770418131055,29.050507520069452,2783500
2008-08-08,29.401994705200195,29.85798642253257,28.42826001396229,28.561258957146748,2850800
2008-08-11,30.352005004882812,30.64649787578293,29.421018832979556,29.729764515226027,5189800
2008-08-12,29.67275047302246,30.513484708679737,29.29750636253998,30.513484708679737,4389300
2008-08-13,29.240495681762695,29.506489928490616,28.874751780561898,29.454240540897658,4023000
2008-08-14,29.71074676513672,29.762996170700728,28.950760353161648,29.07900839992317,4712900
2008-08-15,29.66798973083496,30.076483000934363,29.378244420092358,29.79148862325807,2975400
2008-08-18,29.25949478149414,29.76298675257292,28.789253904120997,29.71073736354258,3402800
2008-08-19,28.537519454956055,28.794013750909837,28.209773824205758,28.789264628297072,4193500
2008-08-20,28.580270767211914,28.703769714854488,27.939032224751443,28.570772520732522,4381400
2008-08-21,28.072021484375,28.271519031121255,27.8820258053242,28.22876968624351,3852600
2008-08-22,29.02675437927246,29.02675437927246,28.14801830494282,28.14801830494282,2729600
2008-08-25,28.148008346557617,29.11699188391259,28.019762177508806,28.993494834775003,1789900
2008-08-26,28.48051643371582,28.48051643371582,27.730030106877983,27.730030106877983,2080500
2008-08-27,28.765512466430664,28.765512466430664,28.190770843392322,28.68001377248944,1627200
2008-08-28,29.49700164794922,29.50175258250836,28.703765899932574,28.808264716826027,1363600
2008-08-29,29.292757034301758,29.56825327592627,28.97451325030526,29.28325878840849,1347300
2008-09-02,29.482755661010742,29.98149693864418,28.931764969272223,29.449506363298568,2444100
2008-09-03,29.9482479095459,29.9482479095459,29.250010839376742,29.444757504273706,2689600
2008-09-04,29.10750389099121,29.7914934063505,29.031505257279107,29.62049602751068,2620000
2008-09-05,29.112260818481445,29.145510114328992,28.442522154772583,28.79401522857542,3785300
2008-09-08,30.370973587036133,30.418473851934117,29.56823813573342,30.15722873681961,3510900
2008-09-09,29.235750198364258,30.456481011437095,29.00300518909588,30.199984958326837,3092300
2008-09-10,29.28799819946289,29.55874341641097,28.670509139966395,29.387746055822674,3161300
2008-09-11,29.734493255615234,29.734493255615234,28.65626319940476,29.13600423793253,4225200
2008-09-12,29.639495849609375,29.900741037197772,29.074254318189578,29.33549950577797,2567500
2008-09-15,27.929527282714844,29.364003239744438,27.929527282714844,29.193005841801096,6087100
2008-09-16,29.307010650634766,29.307010650634766,27.359542105088153,27.3880422811716,5486600
2008-09-17,27.620784759521484,28.86051232313514,27.430787240005266,28.69901497513154,4194600
2008-09-18,29.967241287231445,29.967241287231445,26.51880063229262,27.554281384828453,6149500
2008-09-19,30.860233306884766,32.75069958985478,29.278508949675512,32.75069958985478,2369000
2008-09-22,28.26677894592285,30.58949182645874,28.167031040242154,29.449510066833163,1726000
2008-09-23,28.45676612854004,29.10275543586797,28.38076749308678,28.93650717509806,2495000
2008-09-24,28.26043701171875,29.50672573542142,27.933225945106198,28.89079988561136,3085200
2008-09-25,28.611709594726562,28.958168830377407,28.03909110078494,28.804187355777913,2240200
2008-09-26,29.49711036682129,29.49711036682129,27.822560091920586,27.928423066939878,1991700
2008-09-29,27.293241500854492,29.295002397105918,27.293241500854492,28.356676575449715,3275700
2008-09-30,29.25649642944336,29.34792415671871,27.63487861768167,28.70312629205452,2369100
2008-10-01,28.549158096313477,29.112152562296004,28.130519208906655,29.112152562296004,2887000
2008-10-02,26.70619010925293,28.32780870642219,26.619575291779995,28.241193888949255,2279600
2008-10-03,25.551328659057617,27.485723307975388,25.38291196791976,27.25475105915593,4099000
2008-10-06,24.78622817993164,25.35884850624683,23.53031712899041,25.224113340029394,4331400
2008-10-07,22.65935707092285,24.940210547268617,22.65935707092285,24.58893837325862,3188200
2008-10-08,22.346586227416992,23.37634005056539,21.326458313241123,21.802839849144576,2313700
2008-10-09,20.575796127319336,23.150177808713924,20.45068685072195,22.27921848437154,5654200
2008-10-10,22.543869018554688,22.770030092261976,18.444110328788412,19.68077496880641,3060000
2008-10-13,23.977828979492188,24.03557157954687,22.250347411521282,23.915273425330522,1518600
2008-10-14,22.346586227416992,24.766986529198544,20.88376195192861,24.766986529198544,3512800
2008-10-15,19.47867202758789,22.033804843448166,19.334314645836148,21.605543815489725,2787600
2008-10-16,20.609481811523438,20.81158184079487,18.766513104994218,20.032050271941223,2282300
2008-10-17,20.388126373291016,21.32645214589105,19.546039470937814,19.627843153108945,3186700
2008-10-20,20.53729820251465,20.874133354990782,19.584537172781978,20.874133354990782,1889500
2008-10-21,19.834754943847656,20.753832522554227,19.786634593682802,20.277451151742323,1410200
2008-10-22,18.434484481811523,19.58453420983711,17.799310558085228,19.24769910832077,2564900
2008-10-23,17.953292846679688,18.819438980082992,16.553022744256623,18.391177948520472,5536300
2008-10-24,16.933164596557617,17.919610758920165,16.067018403198844,16.067018403198844,2853100
2008-10-27,15.970783233642578,17.592403769629282,15.879357291870557,16.779187024440695,2338400
2008-10-28,18.468175888061523,18.554790718790457,15.653197560580056,16.360551399664867,4867500
2008-10-29,17.81374740600586,19.1177787016397,17.626082615898145,18.314188070028965,3787300
2008-10-30,18.766508102416992,18.86755809011587,18.035095258665724,18.742448843765416,3782900
2008-10-31,19.97430419921875,20.06573196883333,18.521104149390375,18.920493056493058,11149000
2008-11-03,19.319883346557617,20.075355570850913,19.25251484161846,19.92137408791241,6681200
2008-11-04,20.402563095092773,20.469929752587664,19.444989195490944,19.863626163926156,6208700
2008-11-05,18.395994186401367,20.113851743759824,18.26126083620987,20.109040625083367,9770700
2008-11-06,17.534656524658203,18.48741758943627,17.462478740789486,18.2179509260267,12780800
2008-11-07,18.64621925354004,18.7135859455335,17.197829868866602,17.741576360302204,8636600
2008-11-10,16.976469039916992,18.83387218966279,16.769556139674624,18.824248120395296,3812600
2008-11-11,16.74068832397461,17.116017904706577,16.067018057200706,16.745499441541313,3649900
2008-11-12,15.542521476745605,16.3605493093331,15.41741220145773,16.355738190731497,5528600
2008-11-13,17.250755310058594,17.318123821176812,14.8303569322405,16.06702186304493,9470900
2008-11-14,15.306737899780273,17.024596426774643,15.220123076156776,17.014972353527114,2605900
2008-11-17,14.753365516662598,15.417411839970304,14.714870144137665,15.123884050841385,2647600
2008-11-18,14.61382007598877,15.056517317125724,13.74286078472669,14.815921010373076,3246200
2008-11-19,12.650551795959473,14.61381724156354,12.51100552456366,14.464646899491763,3068800
2008-11-20,11.64967155456543,13.280914973525142,11.47644285532341,12.424391877676673,4156200
2008-11-21,12.506197929382324,12.612059990997151,10.8364596219639,11.933578370088078,6877600
2008-11-24,14.633064270019531,14.80148183339593,12.385895194047936,12.929643248565867,5300100
2008-11-25,14.864035606384277,15.143127211693793,13.776540477336345,14.93621521356236,2949200
2008-11-26,15.667631149291992,15.691690411299678,14.3972821072022,14.864038581886236,2348000
2008-11-28,15.436660766601562,15.783118219063002,15.099824633802713,15.581018191427516,838000
2008-12-01,12.424393653869629,15.08538924833611,12.246352893390103,15.051705910829288,2431700
2008-12-02,14.074885368347168,14.137440010595759,12.751605547391451,12.756417584149368,3379600
2008-12-03,14.864035606384277,14.864035606384277,13.237605406711957,13.458953509839374,4203100
2008-12-04,14.455026626586914,15.518461867505053,14.127815500826847,14.594572007983366,2461400
2008-12-05,15.98521900177002,15.999654192595582,14.02195228291192,14.233677287106785,2176800
2008-12-08,17.47691535949707,17.500974622753926,16.124763471454074,16.350924584397568,1851300
2008-12-09,15.961156845092773,17.452854930210567,15.831236465064954,17.24113085784982,2632100
2008-12-10,17.332565307617188,17.371059778060648,16.177701824634887,16.25950555718521,1656000
2008-12-11,14.859223365783691,17.02459044172263,14.599379904064183,16.937975648548854,1955400
2008-12-12,16.41348648071289,16.41348648071289,14.34916895596078,14.445407881786032,1917500
2008-12-15,15.840856552124023,16.630013810631137,15.152752033603246,16.4712194012011,1425300
2008-12-16,17.780065536499023,17.794500725968582,15.802363812595503,17.780065536499023,2348400
2008-12-17,18.107269287109375,18.872365224187327,16.981279074723016,17.32292521480354,4069200
2008-12-18,16.601139068603516,18.39117552078518,16.543396490159953,18.328619990035964,1897500
2008-12-19,17.765634536743164,17.765634536743164,16.639645321736932,16.639645321736932,2274400
2008-12-22,17.096773147583008,17.62608612928533,16.312430501078083,17.62127317516209,3688700
2008-12-23,17.000534057617188,17.44323033255348,16.827304441997267,17.270000716933556,1580400
2008-12-24,17.200714111328125,17.200714111328125,16.820123363340986,17.10680284318977,615700
2008-12-26,17.44785499572754,17.44785499572754,16.899211083173284,17.304515221446835,608500
2008-12-29,16.444475173950195,17.29956787403496,16.13308242427665,17.29956787403496,1549800
2008-12-30,17.10186004638672,17.23037219498987,16.548274328759533,16.64712939256884,1765300
2008-12-31,18.016271591186523,18.184324676559747,17.10680816778508,17.205663256622977,1954200
2009-01-02,17.44291114807129,18.110179576045887,17.433025452445282,18.105237670984707,2181800
2009-01-05,17.12163543701172,17.606023288808938,16.983239446642216,17.41820069773717,7318600
2009-01-06,17.97673225402832,18.164556770343157,16.87944602514647,17.423146289920986,1913900
2009-01-07,17.373708724975586,17.90258105005933,17.240254696379242,17.86798206696063,1439600
2009-01-08,17.245193481445312,17.363819891689946,16.894259924621785,17.141396550920522,2063200
2009-01-09,16.360445022583008,17.274851733553987,16.28630516093863,17.260022252822747,1491800
2009-01-12,15.401559829711914,16.286309711956317,15.144537422749679,16.251710723086735,1760800
2009-01-13,15.866181373596191,15.955150770012956,15.124771936544605,15.22856893719613,1792700
2009-01-14,15.035794258117676,15.559723707284396,14.877626948388215,15.559723707284396,2330100
2009-01-15,15.530069351196289,15.890889628440078,14.279557383444141,15.035795980302392,3927500
2009-01-16,16.118257522583008,16.167684113431875,15.134653469212276,15.816750416095612,5540300
2009-01-20,14.314157485961914,15.905718467842155,14.235073815865572,15.895832773392183,3918700
2009-01-21,15.811806678771973,15.821691430734482,14.165876218919232,14.65026394689652,3471500
2009-01-22,14.946828842163086,15.747552236721724,14.724406357884193,15.23350740214052,3904300
2009-01-23,15.401559829711914,15.460873055453868,14.358642602491285,14.457497664477296,3563500
2009-01-26,15.312592506408691,15.841464990299057,15.011086318334442,15.431218030975066,3755700
2009-01-27,15.530069351196289,15.79697648124814,15.238447986948758,15.42132954899022,2490400
2009-01-28,16.87449836730957,16.938754455501655,15.836524686687488,16.350569621216334,2712800
2009-01-29,15.49547004699707,16.55815758398616,15.431213982163083,16.51861481008732,2714700
2009-01-30,14.857857704162598,15.910659600467081,14.66509138549809,15.678351448672633,2386500
2009-02-02,15.218680381774902,15.238450830068484,14.462441643821123,14.51681202644415,2732600
2009-02-03,15.065454483032227,15.31753405488092,14.798547311090648,15.297763607173145,2159200
2009-02-04,14.699686050415039,15.470752041156503,14.699686050415039,15.070390980564968,7818500
2009-02-05,14.38830280303955,14.912232482436938,13.953341567396784,14.38830280303955,4770500
2009-02-06,15.386731147766113,15.539956586727213,14.437726143780823,14.467383227758171,4500200
2009-02-09,15.614100456237793,15.638813754953453,15.080285096313078,15.559730067761045,2627000
2009-02-10,14.225188255310059,15.589382901030172,14.09667706302284,15.589382901030172,4686400
2009-02-11,14.49704360961914,14.49704360961914,13.795175110292712,14.373475218489501,3494300
2009-02-12,14.249903678894043,14.32404450864027,13.216872081874781,13.982996503257263,3502600
2009-02-13,13.375041007995605,14.126336974588234,13.345384861163554,14.116451278060246,3436000
2009-02-17,12.426033020019531,12.974676797717857,12.302464669565074,12.851108447263401,2560700
2009-02-18,12.60397720336914,12.69294660505679,12.060276037418483,12.599034354080704,5537100
2009-02-19,12.060275077819824,12.954909987297212,11.951535230382627,12.851112988755164,2946800
2009-02-20,12.821453094482422,12.880765378401941,11.457258308560656,11.734051166605843,6286800
2009-02-23,11.857616424560547,13.033987413514478,11.788418463828496,12.940075221984186,5058000
2009-02-24,12.860997200012207,12.91536664607052,11.823022620805457,12.267868599679229,5187300
2009-02-25,12.613855361938477,13.16249810647098,12.114639195241093,12.717652306694085,4889400
2009-02-26,11.966360092163086,13.004334553486531,11.907047804517068,12.870881434907085,3821000
2009-02-27,11.808185577392578,12.213489420727342,11.615419345258054,11.640132626338957,3676800
2009-03-02,11.071723937988281,11.645081004835324,10.814701544504658,11.645081004835324,4773700
2009-03-03,11.11620807647705,11.363344763662628,10.552736731374463,11.21012028157803,5413900
2009-03-04,11.294144630432129,11.570937403111778,10.962981495301465,11.33368645510065,3058600
2009-03-05,10.597224235534668,11.15081003446636,10.443998769851023,11.007471207917794,3390700
2009-03-06,10.453883171081543,10.780103569295303,9.860755602852786,10.666420903228765,4933800
2009-03-09,10.686192512512207,10.696077265121396,10.137548675750754,10.137548675750754,3882000
2009-03-10,12.173954963684082,12.218439650718702,10.87401617242742,10.977813147006993,3060900
2009-03-11,11.976243019104004,12.401318400892372,11.808190005036584,12.223379693585317,2695800
2009-03-12,12.95490550994873,13.038932026621783,11.808191359647097,11.991072934553754,2791300
2009-03-13,12.678117752075195,13.315731153656898,12.25304309377281,13.241590301618862,2757900
2009-03-16,11.679679870605469,12.890650061471257,11.654966578037465,12.772024560191815,2283000
2009-03-17,12.564430236816406,12.599029224998059,11.437486512140088,11.70439460854437,2398400
2009-03-18,13.251470565795898,13.261356260784234,12.04544405977187,12.3617787573845,3892800
2009-03-19,12.440861701965332,13.478836046055445,12.386491325470798,13.45906465723863,2177800
2009-03-20,11.368288040161133,12.396376659996072,11.368288040161133,12.396376659996072,2783100
2009-03-23,13.206984519958496,13.300896727165352,11.788420431644493,11.907045931023417,2763900
2009-03-24,12.188777923583984,13.2761794198171,12.060266769101789,12.85110413520302,4493200
2009-03-25,12.389389038085938,12.696855876921301,11.371220949964462,12.470035920176088,2340700
2009-03-26,12.66661262512207,12.787583910121716,11.90046724223989,12.520440511276393,3010400
2009-03-27,12.102088928222656,12.510364041725397,12.076886167273704,12.379312568951931,2526500
2009-03-30,11.441790580749512,11.779499845260075,11.340981471999198,11.729095290884919,1412900
2009-03-31,12.238177299499512,12.414591766538805,11.507313793757401,11.648446328775577,2461700
2009-04-01,12.172653198242188,12.354109208601818,11.890389040983692,12.021440497200436,1859200
2009-04-02,13.054727554321289,13.195860092275645,12.344026236533232,12.611169660072516,2353800
2009-04-03,14.178743362426758,14.239229005993334,12.762381383585252,13.014403135903718,2793400
2009-04-06,14.017454147338867,14.350122891532113,13.558774486060695,13.886402678204103,3235200
2009-04-07,12.96904468536377,13.76039317197214,12.85815541305888,13.684786806246665,2370000
2009-04-08,13.160579681396484,13.266428383794715,12.77246584982909,13.029528220293717,2579700
2009-04-09,14.924732208251953,14.924732208251955,13.498288772248769,13.745270035852212,2493800
2009-04-13,14.970088005065918,15.272513248492377,14.40555902532281,14.556771647036042,4314300
2009-04-14,13.699908256530762,14.864248962958913,13.66966590297586,14.697914576326319,3382100
2009-04-15,14.889444351196289,14.970091228325877,13.56885005577269,13.664618582884057,4144900
2009-04-16,15.38845157623291,16.09915298096259,14.304757058522446,14.899528665064874,5803700
2009-04-17,15.665669441223145,16.220117395007737,15.080979151453654,15.489254052102611,5805200
2009-04-20,14.052733421325684,15.277559372914283,13.96704598138036,15.141468348260803,4124800
2009-04-21,15.297722816467285,15.333005713178945,13.6192577366838,13.704945183577898,2776100
2009-04-22,14.763434410095215,15.574943782207303,14.677746977605365,14.985212855397563,9377100
2009-04-23,15.428772926330566,15.519500916524992,14.617262526687925,14.859203192948561,6132600
2009-04-24,16.159639358520508,16.633439675253385,15.242279150683943,15.554786622138344,7819400
2009-04-27,15.191871643066406,15.97313968916191,14.753354311598324,15.867290048243822,6108400
2009-04-28,15.393497467041016,15.776569892933729,14.823927458582318,15.050747543612278,6029900
2009-04-29,16.06386947631836,16.280607410294753,15.438854584922911,15.585027686032756,5113600
2009-04-30,15.993302345275879,16.618317222000687,15.92273655267884,16.24028454213915,5575000
2009-05-01,15.469099044799805,16.018506670274345,15.262441236471242,16.008425567090775,3926800
2009-05-04,16.744333267211914,16.779616174366335,15.625355575245303,15.791689967106946,5437900
2009-05-05,16.11931610107422,16.603197555760268,15.973143938824593,16.603197555760268,6108700
2009-05-06,16.73424530029297,16.819931776026642,15.968098916791416,16.451980236021836,8067300
2009-05-07,15.776561737060547,16.945942545607597,15.358205655358168,16.94090295644528,7561500
2009-05-08,16.83001708984375,16.935865794399945,15.776565789190684,16.008426367064715,6114200
2009-05-11,16.189884185791016,16.613280998950458,16.139480581537804,16.3158951191983,3484000
2009-05-12,16.14451789855957,16.472147048374772,15.453978619141381,16.356217236704126,3181700
2009-05-13,15.086029052734375,15.635436797530899,14.844088292104841,15.605193481411863,2867300
2009-05-14,15.443900108337402,15.690881429127304,14.617268670478376,14.869290544107313,2592500
2009-05-15,14.924732208251953,15.49934163943601,14.632386940987988,15.3582090767825,2103600
2009-05-18,16.124353408813477,16.230203056595748,15.070902288903596,15.08602394184015,2776800
2009-05-19,15.816885948181152,16.275566456550667,15.615268723362375,16.194919566623156,2909000
2009-05-20,15.690875053405762,16.48222422261449,15.60518761273408,16.235242040794468,3417700
2009-05-21,15.73624038696289,15.912655834095215,15.27756080125095,15.41365280001476,2684600
2009-05-22,15.348135948181152,15.94794745042281,15.327973732280237,15.94794745042281,1669600
2009-05-26,16.26044464111328,16.406617737150206,15.196913367458542,15.262439569608478,2517200
2009-05-27,15.670724868774414,16.36630598652647,15.579996813294803,16.24533460496203,2539800
2009-05-28,15.887454986572266,16.08907224043498,15.469098824287048,15.917697334304949,2397500
2009-05-29,16.411657333374023,16.446940225156645,15.816884877975431,16.129392276339658,1692900
2009-06-01,17.253416061401367,17.636490359949295,16.633442525282817,16.804817464575486,3811800
2009-06-02,16.895540237426758,17.15260160511205,16.764487836039294,17.01147002463962,2796300
2009-06-03,16.86530113220215,16.905625549679225,16.59815859612571,16.81489753312986,2019100
2009-06-04,17.40462303161621,17.555837633665654,16.875377692763767,16.996348989848613,2006000
2009-06-05,17.359264373779297,17.691933139596134,17.06187851321772,17.68185395761531,2798300
2009-06-08,17.041723251342773,17.510484185407392,16.8804293732533,17.510484185407392,3558400
2009-06-09,17.041723251342773,17.27358296074955,16.945953689319545,17.258462260545755,2516800
2009-06-10,16.744333267211914,17.298780599159315,16.320936458584622,17.248376995445636,2373100
2009-06-11,16.40157699584961,16.865296122446093,16.35117148897598,16.744326751496352,2714700
2009-06-12,16.99635124206543,16.99635124206543,16.28060831191391,16.38141741904742,1765400
2009-06-15,16.189884185791016,16.84514065495404,15.917701069552589,16.75441455185311,2129600
2009-06-16,15.892495155334473,16.315890897555583,15.640473353729094,16.23524399795281,2248100
2009-06-17,15.590065956115723,15.978179690494386,15.413650534908449,15.867289502736654,2144600
2009-06-18,15.695916175842285,15.837048718967099,15.448934946413964,15.670714382356726,1742400
2009-06-19,15.852169036865234,15.93281592289133,15.615267967950201,15.87737082822837,1292300
2009-06-22,15.02553653717041,15.73119724824437,14.990253645824716,15.56486293090989,2041900
2009-06-23,15.136438369750977,15.398540462016907,14.944901153086056,15.212044761008215,1855000
2009-06-24,15.466877937316895,15.600080710839645,15.267073288448337,15.594957414492363,4424500
2009-06-25,15.671802520751953,15.671802520751953,15.149238098868597,15.369534922437191,1872300
2009-06-26,15.805004119873047,15.927960273013635,15.482243362856444,15.630815991965054,2356600
2009-06-29,15.794760704040527,15.93821006678711,15.559094940780613,15.835746096658289,2342100
2009-06-30,15.886975288391113,16.050916830037092,15.774265722801669,15.902345174358675,1894200
2009-07-01,16.163625717163086,16.26608966497526,15.96382209381483,15.999684182398505,1682600
2009-07-02,15.308056831359863,15.963824026998779,15.292687921344934,15.933085229800175,2344000
2009-07-06,15.692288398742676,15.73327376959051,15.072384542523169,15.215833829074743,2654100
2009-07-07,15.082630157470703,15.738396048772739,15.031398202920666,15.73327275560091,2036100
2009-07-08,14.939187049865723,15.220961450507914,14.513963312674262,15.164607156680672,2370500
2009-07-09,14.6574125289917,15.103128466509132,14.63691934800905,15.04165087789849,1289300
2009-07-10,14.636921882629395,14.724015962550098,14.252683467185491,14.524212299213291,1123900
2009-07-13,15.19022274017334,15.287563396841792,14.534456574411976,14.698398115852317,3929500
2009-07-14,15.374656677246094,15.51298271220629,14.969925162474109,15.241453937340198,2822300
2009-07-15,15.943331718444824,16.16875086600595,15.533476857375188,15.682049501019725,1768200
2009-07-16,16.127763748168945,16.260966490445043,15.630815845082795,15.87672814905314,1606200
2009-07-17,15.697415351867676,16.066284752663,15.579582505355193,16.030422666956465,1454700
2009-07-20,16.250717163085938,16.322442305873274,15.851109980731136,15.897218652105686,1687800
2009-07-21,16.20461082458496,16.39416883165516,15.861357875585435,16.39416883165516,2990100
2009-07-22,16.22510528564453,16.45564771673994,15.948453195727616,15.968946377426063,1949300
2009-07-23,16.870628356933594,17.065309703304617,16.189245598972665,16.240477583658137,2922400
2009-07-24,16.988454818725586,17.044810078303055,16.54273896786085,16.75791146333454,1272500
2009-07-27,17.234371185302734,17.280479867365045,16.855257092201427,17.008952047629993,2146100
2009-07-28,17.218997955322266,17.290722119568795,16.962839109106433,17.126780614337616,1451100
2009-07-29,17.003826141357422,17.224122939563845,16.87062438060659,17.1011677687688,1187200
2009-07-30,17.613492965698242,17.885020873812,17.27023889765701,17.31122527475842,1918200
2009-07-31,17.59811782836914,17.77743025318525,17.423929676616734,17.608364420158996,2208800
2009-08-03,17.915752410888672,18.002845490637426,17.63910035579771,17.977229993907624,2541900
2009-08-04,18.8942813873291,19.027483158072236,17.68521104256705,17.823537085841085,3454100
2009-08-05,19.616640090942383,19.71910399511289,18.755946422848414,18.904518986178825,3965400
2009-08-06,19.46807098388672,20.395366647469928,19.46807098388672,19.89329557766905,5953400
2009-08-07,20.554182052612305,20.953791119045356,19.642257328356663,19.939400527153964,5471300
2009-08-10,20.113597869873047,20.533700303584908,19.88817872012064,20.487591619051745,4432000
2009-08-11,19.529552459716797,20.011132404787315,19.288764441518698,19.913790779632812,4275200
2009-08-12,19.673006057739258,20.072613352020102,19.473200456261353,19.49369363913152,4619200
2009-08-13,19.775470733642578,19.975276362099688,19.519311776189497,19.898427893128662,5339500
2009-08-14,19.611522674560547,19.708864296992257,19.124822379750423,19.693493435676295,3538500
2009-08-17,18.566394805908203,18.89427783000899,18.44343769470192,18.843044886032626,3385800
2009-08-18,18.750825881958008,18.960876047831366,18.50491363564311,18.627870735968962,2379900
2009-08-19,18.602256774902344,18.689349847620047,18.310235836215856,18.41782208639783,2693600
2009-08-20,19.34511947631836,19.36049033943318,18.57664276804664,18.60226022179223,5235500
2009-08-21,19.852310180664062,20.26216393546201,19.514180588663645,19.61152024469789,5953400
2009-08-24,19.78571319580078,20.139213734061936,19.698620106531266,20.12896714338246,5958400
2009-08-25,20.006011962890625,20.159706929414345,19.760099625585163,19.92916545679753,3483900
2009-08-26,20.06749153137207,20.09823130943371,19.78059475348101,19.96502951317539,2680900
2009-08-27,20.26216697692871,20.31339992542935,19.647385275281117,20.057241045937616,2465000
2009-08-28,20.441471099853516,20.513195244416256,20.077724152756765,20.441471099853516,3074500
2009-08-31,20.118717193603516,20.27241211945944,19.908667005588455,20.067484248760202,2961300
2009-09-01,19.042856216430664,20.144340530105577,19.022364984854075,19.965030039199323,4356400
2009-09-02,18.658615112304688,19.02748458877117,18.658615112304688,18.884036216517536,3443600
2009-09-03,19.032615661621094,19.053106897594468,18.535666545425624,18.899411878934092,1933100
2009-09-04,19.252901077270508,19.252901077270508,18.689350406182193,19.02748002710037,1587900
2009-09-08,19.924039840698242,19.924039840698242,19.411722017263113,19.55517038243698,2051900
2009-09-09,20.31340217590332,20.380002084826867,19.744729087735774,19.913792950675184,2825800
2009-09-10,20.615671157836914,20.661779842541566,20.000889346554054,20.29291036490435,2117300
2009-09-11,20.579803466796875,20.830840028930528,20.32364458697513,20.733500358159645,2384000
2009-09-14,21.189464569091797,21.204833477738962,20.272415235956256,20.277539508396853,2229900
2009-09-15,21.527603149414062,21.834993175602094,20.907698822476608,21.338046031742717,3555000
2009-09-16,22.403648376464844,22.43438813597521,21.6351719777345,21.73763588843252,3659700
2009-09-17,22.30632209777832,23.177262928904323,21.97331467712088,22.383168611080848,5152800
2009-09-18,22.337055206298828,22.629076194749533,21.937447949332032,22.434396838673933,2874100
2009-09-21,21.98868179321289,22.244840725310922,21.824740233017156,22.024545841697165,2423600
2009-09-22,22.685428619384766,22.72129070439133,22.147495389949306,22.265328234161867,4488000
2009-09-23,21.865724563598633,22.767403060690256,21.82986247279221,22.762280742433926,3291700
2009-09-24,21.06742286682129,22.091820862447996,20.932904821977537,21.998693592516407,4804900
2009-09-25,21.134674072265625,21.372667014968243,20.731123996550252,20.92255134354085,4635600
2009-09-28,22.009033203125,22.034901441134245,21.20193115134412,21.300231245227284,2644700
2009-09-29,21.65205192565918,22.226336076892956,21.57444718612154,22.060776930867814,3198100
2009-09-30,21.44510269165039,21.848652839141323,21.139852664450164,21.84347997959785,3905300
2009-10-01,20.482778549194336,21.429569253161123,20.482778549194336,21.39852816446621,9101300
2009-10-02,20.337921142578125,20.92255086093167,19.986107555693067,20.001628104825585,4742800
2009-10-05,20.896684646606445,20.95359596376878,20.384486739386173,20.565566408884173,2928300
2009-10-06,20.83976936340332,21.35196914676663,20.56038963700697,21.08810799443341,3546900
2009-10-07,20.82424545288086,20.994979344304035,20.529343252804168,20.767334155739796,3338500
2009-10-08,21.222631454467773,21.41923366146232,20.994988144109172,21.108808812478216,3031900
2009-10-09,21.40371322631836,21.419235753136732,20.9380788678019,21.113985707318083,2673300
2009-10-12,21.372665405273438,21.636524594840726,21.26401564616212,21.553745047758824,1933400
2009-10-13,21.072582244873047,21.32609564496307,20.896675511281064,21.232968434613227,2546600
2009-10-14,21.843481063842773,21.926260635991397,21.341628797530117,21.47097200236363,3152400
2009-10-15,21.657217025756836,21.745169419095298,21.533046735233334,21.667564714435446,3492400
2009-10-16,21.08810806274414,21.434748759876932,21.036371587886116,21.3726645953233,3071500
2009-10-19,21.54340171813965,21.600313038331294,21.124331039674757,21.23815170643757,2579400
2009-10-20,21.145015716552734,21.54339281972568,21.046715641855382,21.4916563538049,2128100
2009-10-21,20.87598991394043,21.476142231920786,20.834601119745457,20.994987384599508,2481700
2009-10-22,21.424407958984375,21.44510334502998,20.565569174298133,20.8656463510975,3386000
2009-10-23,21.1708927154541,21.507185804042443,21.067419740768905,21.481317560371142,3243100
2009-10-26,21.119152069091797,21.688261212266973,21.072588450205096,21.1657156879785,3607400
2009-10-27,20.81390380859375,21.227801580321167,20.72077656325255,21.129501476292234,3593700
2009-10-28,19.939546585083008,20.989812653217527,19.903330649879777,20.68456264677571,4654200
2009-10-29,20.85012435913086,20.917383378692573,20.187887777663814,20.255146797225528,3309800
2009-10-30,20.487958908081055,20.82942482409506,19.965413329643066,20.70008164418642,4424100
2009-11-02,20.482778549194336,20.94323978528492,19.88779935002721,20.539689843294443,4906100
2009-11-03,20.782861709594727,20.82425247551737,20.172363701198474,20.187884251609294,4509500
2009-11-04,20.337921142578125,21.124327867755305,20.322398619825425,21.067416556109166,4320800
2009-11-05,20.79837989807129,20.84494351321761,20.39482790892986,20.612125437486004,2379300
2009-11-06,20.456918716430664,20.793209814954313,20.2913595966854,20.44139619209053,2442300
2009-11-09,21.465797424316406,21.47097028370258,20.663868039643145,20.76217013056518,2272300
2009-11-10,21.305404663085938,21.460616054461003,20.994981880335803,21.310577520896473,2548400
2009-11-11,21.70377540588379,21.858986751406597,21.429566656053517,21.49682562944049,3107300
2009-11-12,21.48131561279297,21.85899746228921,21.429577156520693,21.677917799387007,2920500
2009-11-13,21.771039962768555,21.83312412217619,21.470962907328605,21.502005973842344,2444100
2009-11-16,22.298763275146484,22.510886009809187,21.921081429216326,21.921081429216326,3053700
2009-11-17,21.910736083984375,22.40741544458519,21.890042673075566,22.153901918152457,2486000
2009-11-18,22.30910873413086,22.37119487485925,21.879690449003338,21.905558687496786,2928900
2009-11-19,21.79691505432129,22.11251275548014,21.698612966249897,22.07112198710893,1960500
2009-11-20,21.64170265197754,21.755523312665403,21.564095951563672,21.67791858587191,1782300
2009-11-23,21.91590690612793,22.257372793888276,21.74000011706229,22.029729526588092,2182700
2009-11-24,21.589963912963867,21.92108214633081,21.507184354622133,21.895213904402837,2051800
2009-11-25,21.677921295166016,21.82795790849974,21.605487444704156,21.708962400314764,1530100
2009-11-27,21.046720504760742,21.424402319381983,20.93807271705192,21.041545672801206,1315200
2009-11-30,21.83313751220703,21.91591710005833,20.953603157773795,21.12433716787895,2306800
2009-12-01,22.153892517089844,22.267715110079603,21.82277439961381,22.05559244272029,2229800
2009-12-02,22.516061782836914,22.629884416695997,22.071120912609995,22.071120912609995,2292500
2009-12-03,22.26254653930664,22.914437243309003,22.190114677444203,22.635055513022277,3429700
2009-12-04,22.919605255126953,23.08516432540785,22.490187033342064,22.83165286249889,3493900
2009-12-07,22.438453674316406,22.91961044809362,22.278069398804163,22.86269913473628,2004000
2009-12-08,22.30910873413086,22.68161768402083,22.21598149665837,22.252197425273216,2069600
2009-12-09,22.26254653930664,22.50053948008064,22.23150544057715,22.381542022883533,1942500
2009-12-10,22.174598693847656,22.45915334130593,22.055603185769492,22.38672146452971,1546900
2009-12-11,22.531583786010742,22.552279170523047,22.200465528295872,22.272897400468437,1555300
2009-12-14,22.940305709838867,22.986869332012827,22.371196526486255,22.624708045506512,3169900
2009-12-15,22.712661743164062,22.888568535645625,22.655750431828828,22.795441294118906,2450600
2009-12-16,22.878215789794922,22.992036413694876,22.76439319227523,22.847172724938712,2626100
2009-12-17,22.738527297973633,22.87821814376997,22.55744569477693,22.707484229923356,2526300
2009-12-18,22.88856315612793,22.919604246927772,22.516054277572124,22.80060879374905,2061600
2009-12-21,23.198991775512695,23.23003484778658,22.950653118182256,22.971348499698177,2957000
2009-12-22,23.44215965270996,23.4628530624404,23.20416669141627,23.20416669141627,1703500
2009-12-23,23.721540451049805,23.980226833170832,23.43698582544077,23.43698582544077,1531400
2009-12-24,24.06426429748535,24.074745489142302,23.82844448199404,23.854646461594974,560300
2009-12-28,24.179563522338867,24.441587404460588,24.079995166802703,24.158601131989073,2909600
2009-12-29,23.817960739135742,24.336766676545498,23.812719144327254,24.26864193669666,1939400
2009-12-30,23.854644775390625,23.88084675313943,23.603102190653132,23.739353674396572,1424300
2009-12-31,23.445886611938477,24.095704408592226,23.419682637021577,23.969934124954616,1259000
2010-01-04,23.346315383911133,23.802236142503443,23.1628995612253,23.69742824330156,2408400
2010-01-05,23.320114135742188,23.362038895995305,23.02140721572783,23.320114135742188,2054200
2010-01-06,23.27818489074707,23.498285841506398,23.21529976156535,23.33059083096701,2471200
2010-01-07,23.52973747253418,23.63454539074181,23.031891864716354,23.299155254678443,2091700
2010-01-08,23.35680389404297,23.50353659818001,23.152425627828332,23.482576211219833,2682000
2010-01-11,23.493053436279297,23.613584137046182,23.362041544261007,23.514013819699272,1924800
2010-01-12,23.10002326965332,23.461615458194863,22.98473213747342,23.283439162591065,3124500
2010-01-13,23.56641960144043,23.624065153354845,23.126219567555466,23.152421545948528,2133000
2010-01-14,23.54545783996582,23.613584584850468,23.36728158347873,23.534976648515656,1594700
2010-01-15,23.367280960083008,23.503532447134496,23.267712642587025,23.45112849036457,5577000
2010-01-19,23.84417152404785,23.91229828814563,23.299161409432447,23.341086187056753,2454200
2010-01-20,23.5769100189209,23.665997180136173,23.346327721029905,23.665997180136173,3339900
2010-01-21,22.900875091552734,23.723629468606138,22.858950333930473,23.571655220849145,4233400
2010-01-22,22.324432373046875,23.063339588235632,22.256307607869378,22.82227811356887,5039500
2010-01-25,22.481643676757812,22.607413985954537,22.06240398188068,22.607413985954537,3749000
2010-01-26,22.272024154663086,22.62837670106434,22.23009938492974,22.256303365554608,3352900
2010-01-27,22.47115707397461,22.50259864416192,21.93662839088237,22.340145200640702,3714400
2010-01-28,22.277267456054688,22.654582450070215,22.062407973147707,22.64410125589385,3750000
2010-01-29,22.151491165161133,22.628374376941295,21.999516889111348,22.43971693068403,4096200
2010-02-01,22.555017471313477,22.586459059453173,22.266791585225395,22.319195564847345,2839200
2010-02-02,22.86420249938965,22.974252040405545,22.366356767400976,22.623139029771405,3270000
2010-02-03,22.49212074279785,22.790829696826936,22.361108850309748,22.785588101641025,3079200
2010-02-04,21.65888214111328,22.329662239669414,21.65888214111328,22.30346026689751,3942800
2010-02-05,22.057167053222656,22.156735393303673,21.412588643145696,21.742739243115984,5100500
2010-02-08,21.575048446655273,22.21438744622567,21.52264446269344,22.146260667808203,2969600
2010-02-09,21.50691032409668,21.91042714732295,21.33921528055883,21.84230041117238,4785200
2010-02-10,21.548845291137695,21.816110792529972,21.134849042391817,21.54884529113769,2893900
2010-02-11,21.75321388244629,21.763695073799514,21.27633067083025,21.53835445741231,2706400
2010-02-12,22.01000213623047,22.010002136230465,21.417827709488584,21.480714869217728,3385000
2010-02-16,22.633617401123047,22.65457978701163,22.19865888889222,22.24058166158624,2730300
2010-02-17,22.837993621826172,22.927080747456547,22.659817371482625,22.69650054075193,3139000
2010-02-18,23.17862892150879,23.241514084111568,22.675543622520003,22.748909978737125,2737200
2010-02-19,23.194355010986328,23.32012736400703,22.984737088063472,23.07382425551185,3250100
2010-02-22,23.251996994018555,23.409210911671526,23.13670785391754,23.26771978514225,1757800
2010-02-23,23.073814392089844,23.325356991519957,23.02141043353131,23.168143116761495,2715900
2010-02-24,23.30963706970215,23.314878665202446,23.079056844762736,23.115740016933028,2965400
2010-02-25,23.39872169494629,23.445886049950538,22.911357359596586,23.05809002001755,2067000
2010-02-26,23.38823699951172,23.64501911676073,23.2834271153136,23.456361725020567,1784300
2010-03-01,23.58738136291504,23.67647049355629,23.440648676074073,23.52973780671532,1849600
2010-03-02,23.597864151000977,23.723636461860455,23.540218591818842,23.68171169187961,1575400
2010-03-03,23.534982681274414,23.697438191770164,23.49829950133721,23.65551341522286,1884000
2010-03-04,23.681705474853516,23.70790944875389,23.519252031533384,23.540212411938132,1557300
2010-03-05,24.3262882232666,24.373452586436606,23.71315350113948,23.765557460624855,2161800
2010-03-08,24.57259178161621,24.661680913637742,24.29484719176893,24.342011555996105,1729200
2010-03-09,24.63023567199707,25.00755056029587,24.425857440529494,24.53066735384392,2126000
2010-03-10,24.8503360748291,24.965627185804422,24.60927466013792,24.750767751130468,2311500
2010-03-11,24.997066497802734,25.023268473350978,24.64595362839193,24.735042744155077,1766200
2010-03-12,25.19621467590332,25.34294739394574,24.991834391237077,25.201454273369116,2344400
2010-03-15,25.138572692871094,25.321988616577386,24.881788400598655,25.13333109557455,2164400
2010-03-16,25.74646759033203,25.825073556658143,25.17001384185587,25.243380210060348,3905000
2010-03-17,26.12902069091797,26.181424665394207,25.756947274519586,25.86175522347207,3467900
2010-03-18,25.987524032592773,26.233827077174087,25.945599259437138,26.045169596140163,2448700
2010-03-19,25.70453643798828,26.10281376535926,25.678334455707244,25.704536437988285,2703900
2010-03-22,26.02945327758789,26.10282164884963,25.479203487168967,25.521128270747106,2922600
2010-03-23,25.956079483032227,26.066131008912745,25.715018043642793,26.024206237323376,3974700
2010-03-24,26.09756851196289,26.28098636039096,25.840786322879556,25.872227897577126,3241200
2010-03-25,26.16145133972168,26.663033562022704,26.16145133972168,26.293446555375258,4033400
2010-03-26,26.02418327331543,26.420169012663184,25.9608241048767,26.282892828466892,4339000
2010-03-29,26.103376388549805,26.21953283736596,25.923862792237294,26.20369405401372,1914200
2010-03-30,26.066417694091797,26.203693862432214,25.960821106311645,26.150894561498443,1968300
2010-03-31,25.770753860473633,26.09282058520613,25.76019399856782,25.971385194420883,2365900
2010-04-01,25.902759552001953,26.034754857887247,25.665167598590717,25.960835794757116,2198300
2010-04-05,26.472963333129883,26.515202774012906,25.93970348354976,26.013620491007657,1961200
2010-04-06,27.08013916015625,27.138217377798092,26.33040528145987,26.425441998676135,3307100
2010-04-07,26.483530044555664,27.095987997188683,26.367373566165426,27.027349895041006,3521700
2010-04-08,26.515214920043945,26.55745236618761,26.3198604376035,26.36737882332032,2047800
2010-04-09,26.89006996154785,26.953427111643226,26.46768560409956,26.62079854898942,1710500
2010-04-12,26.721118927001953,27.00622915246093,26.69472027962709,26.990388352765855,1872300
2010-04-13,27.375810623168945,27.470847352419078,26.70527660936374,26.742235113617966,1712600
2010-04-14,27.418046951293945,27.61339931075338,27.25965309189205,27.587000669867596,2026800
2010-04-15,26.668325424194336,27.33886168675601,26.641926771072153,27.28606438051165,2594700
2010-04-16,26.055862426757812,26.831995167549938,25.997786206624685,26.604963168734386,4450000
2010-04-19,26.172021865844727,26.377934163936,25.786595920735014,25.876351737200245,2825700
2010-04-20,26.615524291992188,26.615524291992188,26.040024874668394,26.319854182896936,2193300
2010-04-21,27.08013916015625,27.238533017487626,26.546877356433097,26.567997074500525,2980100
2010-04-22,27.49724769592285,27.60284227024879,26.72639401036668,26.87423003978031,1552700
2010-04-23,27.861568450927734,27.893248048323898,27.307188588069874,27.57645811662765,3302900
2010-04-26,28.083311080932617,28.299783228992187,27.835161359163948,27.946036895321512,2486700
2010-04-27,27.18573760986328,28.114983113908604,27.18573760986328,27.924909666377506,4589700
2010-04-28,27.270219802856445,27.560608953736324,27.15934226073805,27.51836950643642,3500600
2010-04-29,28.50042152404785,28.542660981756075,27.597574263460647,27.618693992314757,3268600
2010-04-30,27.613407135009766,28.701048768837087,27.550049976114202,28.442337181041232,4056200
2010-05-03,28.532089233398438,28.69576202862578,27.850993367198768,27.856272290169468,4016000
2010-05-04,27.882665634155273,28.268091360721463,27.634514023783648,28.104416594335753,3672500
2010-05-05,27.507814407348633,28.009396853397234,27.095989795309258,27.439178314734104,3597300
2010-05-06,26.377941131591797,27.502541688328666,23.759154777297574,27.31246812785612,6191800
2010-05-07,25.93442726135254,26.995670244470663,25.512042846168512,26.626083125901726,5896600
2010-05-10,27.64508628845215,27.72428223230909,27.101266487101096,27.32829647076118,4817300
2010-05-11,27.808765411376953,28.078036918093964,27.201588314630317,27.270226426119308,3229100
2010-05-12,28.257537841796875,28.357853487129415,27.745395727331857,27.935469172456493,2577400
2010-05-13,27.798198699951172,28.384255881103215,27.75068033238884,28.320898729049286,2522000
2010-05-14,26.916467666625977,27.592282614951372,26.631357480018423,27.565883971173804,4558000
2010-05-17,26.953428268432617,27.460289519124082,26.145618024262628,27.053745942317178,2913300
2010-05-18,26.272327423095703,27.402208186108396,26.119214500230925,27.37580753111949,3725300
2010-05-19,26.029462814331055,26.610243120935046,25.332528057676402,26.029462814331055,5955800
2010-05-20,24.693675994873047,25.585963318184472,24.640876677048443,25.33253263489048,5847200
2010-05-21,25.522600173950195,25.55427975722617,24.14456951980253,24.28712462341307,5652000
2010-05-24,24.95237922668457,25.680993513772936,24.910141797306093,25.54371935068347,3826100
2010-05-25,25.15300750732422,25.20580680106108,23.94921180734347,24.244879795921413,4736400
2010-05-26,25.100217819213867,25.892189338013807,24.936542980256963,25.575399522041195,4937300
2010-05-27,26.478246688842773,26.50464533476225,25.443402447645937,25.749632379757138,2876100
2010-05-28,26.14033317565918,26.647196364603907,25.971379450706692,26.436003201369665,2769200
2010-06-01,25.596511840820312,26.240649134269272,25.554274419362606,25.78658527259785,2715000
2010-06-02,26.098100662231445,26.150897955931008,25.327248895326974,25.776031934036215,2015700
2010-06-03,26.02418327331543,26.26705404340102,25.791870350548667,26.240655396928698,2171700
2010-06-04,24.551111221313477,25.71794849705303,24.419115999693513,25.512036273579845,9751200
2010-06-07,24.41912841796875,25.094943651838886,24.376888958807736,24.6883979208113,3646600
2010-06-08,24.857332229614258,24.904848558913127,23.880566729822547,24.508863035396995,4966300
2010-06-09,25.005184173583984,25.723238761839088,24.87846782867921,25.094939990071882,4130400
2010-06-10,26.087533950805664,26.187849588129772,25.321961308654398,25.54371431495916,3918800
2010-06-11,26.399051666259766,26.462408826314203,25.76019509931735,25.80771347288013,2626800
2010-06-14,26.72639274597168,27.00622399414164,26.45712337163953,26.747512465472678,2967100
2010-06-15,27.323007583618164,27.381085796387985,26.710549909650297,26.890063469990206,2692500
2010-06-16,27.07486343383789,27.30189541153449,26.93758926815713,27.12238180159038,2496600
2010-06-17,27.132946014404297,27.259662353430326,26.837277913490038,27.18574532820176,3137100
2010-06-18,27.048452377319336,27.233246840049148,26.91117827462535,27.233246840049148,1981200
2010-06-21,26.837268829345703,27.534203422863836,26.758070892501156,27.423325908464022,2910100
2010-06-22,26.040019989013672,27.022064866808247,25.971381902370105,26.911189351983044,4468100
2010-06-23,26.108665466308594,26.41489345309454,25.6176428884162,26.008347769565997,2987900
2010-06-24,25.55596923828125,26.035642094496477,25.4706939283014,25.93970711662868,3163500
2010-06-25,26.200864791870117,26.318119109518218,25.49734295222919,25.662564760449342,4883700
2010-06-28,25.891735076904297,26.323440334408883,25.79046927428115,26.296792188027144,2439400
2010-06-29,25.0443172454834,25.513330431321464,24.836456772457183,25.502670763490087,4804700
2010-06-30,24.777835845947266,25.428059428806286,24.697889340232454,25.081629314664994,3616100
2010-07-01,24.692564010620117,24.911082186239568,24.07964613520916,24.793827836791536,7804700
2010-07-02,24.21820831298828,24.895081917153234,24.090296375596047,24.793818130624086,2682600
2010-07-06,23.679903030395508,24.809801044952245,23.42940599564485,24.69254880085198,4989800
2010-07-07,24.83112335205078,24.863102349616828,23.69056553613238,23.71721368420906,3702500
2010-07-08,25.1402530670166,25.364102050847496,24.69255916560279,25.1828917432221,2288500
2010-07-09,25.460031509399414,25.50799899315032,25.022995338834978,25.097610972864484,1597100
2010-07-12,25.53997039794922,25.619916864497235,25.14024213145535,25.417387306865873,2419900
2010-07-13,26.168886184692383,26.26482116729401,25.79047710505476,25.923719910543262,2622800
2010-07-14,26.014324188232422,26.2594904445954,25.67322092310391,26.04630115803055,2297300
2010-07-15,25.929061889648438,26.062304752322635,25.412078931872646,26.05164507933373,2560700
2010-07-16,25.08695411682129,25.795806785767155,24.88975534291761,25.758498964572507,2758100
2010-07-19,25.396081924438477,25.529324742440515,24.713877313743673,25.129596288434396,2740600
2010-07-20,25.87042808532715,25.96103223286292,24.900420455904015,24.985695784871183,3494800
2010-07-21,25.33212661743164,26.072956439461098,25.19888378517816,25.987681108143843,3526700
2010-07-22,26.28081512451172,26.494002421307993,25.630589498066204,25.65723765602522,3295200
2010-07-23,26.6165828704834,26.63790220793447,25.8171260141836,26.2435046307093,2956400
2010-07-26,27.282794952392578,27.3467529601393,26.456690000340025,26.675208110665203,3857800
2010-07-27,27.277462005615234,27.61856319613216,26.96300896439679,27.543947564847016,3483300
2010-07-28,27.22416877746582,27.554610338907146,27.064275797394625,27.197518592038158,2919200
2010-07-29,26.99500274658203,27.522643304261265,26.72318618876278,27.45335645164318,2276900
2010-07-30,27.154882431030273,27.293454045314427,26.6219112431126,26.691198066816543,2746300
2010-08-02,28.06626319885254,28.14620969178353,27.511972665111255,27.59724797544655,3018300
2010-08-03,27.794445037841797,28.018291934892257,27.597244257346684,27.996972601899785,1955500
2010-08-04,27.991647720336914,28.002307388331708,27.66120614499344,27.92236089493265,2041300
2010-08-05,27.6398868560791,27.98098809999832,27.581259698569774,27.842416482077557,1847300
2010-08-06,27.511978149414062,27.597253476748342,27.053622502570754,27.346758346336248,1836100
2010-08-09,27.826431274414062,27.91703745325522,27.48000114693104,27.650551801441736,2914500
2010-08-10,27.55461311340332,27.837087215890573,27.266808160044295,27.59724975475805,2180200
2010-08-11,26.867090225219727,27.229510967287485,26.643243196185068,27.09626810720742,2688600
2010-08-12,26.531301498413086,26.803117906066205,26.382070236563344,26.515313015535884,2632600
2010-08-13,26.531301498413086,26.728502275141334,26.446026201195593,26.515313015535884,2208700
2010-08-16,26.509979248046875,26.749814578907937,26.248822555459018,26.398053789438894,1827400
2010-08-17,27.117576599121094,27.309446566141528,26.611253526844706,26.77114448832044,2290800
2010-08-18,27.144216537475586,27.325426781130002,26.920367632668004,27.197512830793773,1651800
2010-08-19,26.45136833190918,27.06428415670574,26.30213497329079,27.06428415670574,2883700
2010-08-20,26.366090774536133,26.403398602763005,26.094274273884167,26.302132754897933,1585400
2010-08-23,26.227519989013672,26.563292513185615,26.216860317899158,26.472686325274413,1535700
2010-08-24,26.120912551879883,26.29679398967117,25.64123978477557,25.849098187166444,2611500
2010-08-25,26.536636352539062,26.669879151618144,25.8650915066312,25.902399327723437,1817700
2010-08-26,26.37674331665039,26.883064286655287,26.339433465381656,26.728504197107018,2792800
2010-08-27,26.813779830932617,26.861747316728064,25.982344088186156,26.5419634003839,2298700
2010-08-30,26.605924606323242,27.01098390678154,26.579276449664572,26.776477281811598,1641900
2010-08-31,26.80845069885254,26.893726008717977,26.376745332150424,26.52064576563529,2804700
2010-09-01,27.682523727416992,27.75181055352097,27.117575549854152,27.122904367343473,2037800
2010-09-02,28.03428077697754,28.07158859363024,27.639883277185113,27.709170093735928,1990000
2010-09-03,28.44466209411621,28.46065260686101,28.151528446686765,28.423344798994883,2093000
2010-09-07,28.00763702392578,28.306101637127405,27.975660052131072,28.20483580478058,1728300
2010-09-08,28.06626319885254,28.242144670051204,27.943680067315796,28.03961504558347,2043200
2010-09-09,27.741151809692383,28.396706171405704,27.65587649515546,28.359398348366042,1428600
2010-09-10,27.890382766723633,28.01829471110572,27.67186263158382,27.826424761408894,1024300
2010-09-13,28.348731994628906,28.37005132651652,28.066257963049914,28.15686410701057,1611000
2010-09-14,28.242149353027344,28.450007829365468,28.087587192064703,28.27412632900299,1842800
2010-09-15,28.48731803894043,28.593912711729235,28.071599018376514,28.10357803015044,3981000
2010-09-16,28.338077545166016,28.535278351742118,28.226154081838235,28.434012523196614,1490300
2010-09-17,28.42334747314453,28.545930572398067,28.16751957638915,28.460655284520683,1287600
2010-09-20,29.116212844848633,29.233465108684296,28.465987428073024,28.52461457655259,1801800
2010-09-21,28.689842224121094,29.19083444730198,28.62588421281162,29.19083444730198,3266300
2010-09-22,28.30076789855957,28.737804088898063,28.247471595590927,28.535276511118315,2927100
2010-09-23,27.602567672729492,28.13553865525083,27.495973069600637,28.07691152187381,2352800
2010-09-24,28.383413314819336,28.394168928163808,27.920932198124426,27.980087045807284,3617600
2010-09-27,28.033870697021484,28.49097307238957,27.899428580569236,28.49097307238957,1765200
2010-09-28,28.14679718017578,28.216707644195235,27.619784412281717,28.125285952566166,1755000
2010-09-29,27.926300048828125,28.114518079783217,27.824124839370025,28.10914130093708,2032200
2010-09-30,28.006986618041992,28.40493418984132,27.791878380933465,28.152182318952434,2745600
2010-10-01,28.14679718017578,28.286616056791114,27.797246911502086,28.17368518897601,6097900
2010-10-04,28.404922485351562,28.404922485351562,28.044618695798835,28.098394707205014,5232900
2010-10-05,28.85665512084961,28.953453606553587,28.404929538038992,28.560882881831386,2061300
2010-10-06,28.70069694519043,28.824383422450477,28.550122460077937,28.74909617989423,2100000
2010-10-07,28.781360626220703,28.98033432948694,28.641539714740286,28.824381024921603,1283000
2010-10-08,28.862031936645508,28.931942410052436,28.630793388774315,28.79750029657503,1118100
2010-10-11,28.85665512084961,28.953453606553587,28.78136786561848,28.89967758179531,954600
2010-10-12,29.06100082397461,29.136288061372863,28.652295747493568,28.77598221627975,1686500
2010-10-13,29.362159729003906,29.625667200665124,29.098654308766744,29.14705355656476,1634600
2010-10-14,29.28687286376953,29.475093075061718,29.1040314864302,29.308384096732766,1587600
2010-10-15,29.249225616455078,29.534242238004268,29.184693976965868,29.44282258634654,1794000
2010-10-18,29.62567138671875,29.657938240284693,29.206212547483194,29.23847734962479,1638000
2010-10-19,29.259977340698242,29.70632607875201,29.163178868624495,29.281488568142084,1987000
2010-10-20,29.899932861328125,30.158063590454077,29.319143849355676,29.319143849355676,1958700
2010-10-21,29.867656707763672,30.211828147232513,29.67405976020655,30.077386050476022,1848300
2010-10-22,29.883798599243164,30.066639990991362,29.66869035550732,29.953709086170953,1147900
2010-10-25,29.93756675720215,30.115031319302847,29.883790736130017,30.115031319302847,1663900
2010-10-26,29.722471237182617,29.808514132483374,29.56114106492176,29.71171561884197,1669500
2010-10-27,29.512741088867188,29.717091678086124,29.308388448223862,29.59340514731959,2485700
2010-10-28,29.329883575439453,29.781609029513294,29.044864981460968,29.652543734882226,1185400
2010-10-29,29.335268020629883,29.45357773400211,29.211581525478824,29.270736382164937,1017800
2010-11-01,29.588029861450195,29.8676697913715,29.399809612686596,29.47509894304673,1263100
2010-11-02,29.79238510131836,29.883804790420204,29.620299291247502,29.81389428900871,1166400
2010-11-03,29.79238510131836,29.90531602953523,29.534254334787402,29.90531602953523,1589400
2010-11-04,30.480722427368164,30.534498463296785,29.99135311529032,30.0666403861601,1186500
2010-11-05,30.808744430541992,31.002341334398114,30.362395785382255,30.588259523688773,1534200
2010-11-08,30.64204216003418,30.814127878159425,30.38391358284632,30.722708237903205,1784400
2010-11-09,29.399803161621094,30.765735655638625,29.19545260689964,30.717336408167956,3078600
2010-11-10,29.765483856201172,29.78161830519478,29.41593558317293,29.528866469008648,1480000
2010-11-11,29.52886199951172,29.808501806462296,29.44281913979028,29.577261236319004,1305100
2010-11-12,29.254594802856445,29.609521780143446,29.1093971233177,29.362146816064566,1683700
2010-11-15,28.9749698638916,29.480471559159945,28.926570612642834,29.31914140547211,2017000
2010-11-16,27.980091094970703,28.792122582892638,27.75960611806004,28.775988134829273,3883400
2010-11-17,28.1951904296875,28.361899331128072,27.942438687502175,28.049992751288894,1503300
2010-11-18,28.447961807250977,28.71684612659579,28.388806928767192,28.66844686705674,2498900
2010-11-19,28.598526000976562,28.668436473058424,28.14142364438676,28.367285406064408,2001900
2010-11-22,28.673805236816406,28.770603693731605,28.5070963273684,28.523230771136426,1443200
2010-11-23,28.447961807250977,28.501737850550118,28.275876006984262,28.35116328817288,2671600
2010-11-24,28.9964656829834,29.03948813156518,28.663049912167644,28.67380552431309,1555400
2010-11-26,28.937320709228516,29.06638398698706,28.80825538004616,28.867410237112082,661100
2010-11-29,28.92119789123535,29.00724079481672,28.52325023145577,28.786755726175425,1620500
2010-11-30,28.792123794555664,28.969586319330578,28.61465921835688,28.663058461736195,1652000
2010-12-01,28.958831787109375,29.147051985701676,28.722214394751454,29.147051985701676,2195300
2010-12-02,29.40519142150879,29.42670266093001,28.980353674350805,29.050264176757427,1353800
2010-12-03,29.399803161621094,29.475092475460837,29.130918909322716,29.20082938931903,1589000
2010-12-06,29.458959579467773,29.528870063152226,29.082523247530307,29.38367231308028,1602500
2010-12-07,29.523496627807617,29.80313449140231,29.518117793070573,29.74398166926553,1773500
2010-12-08,29.087894439697266,29.636418484070983,28.915808706335756,29.59877485811214,2263600
2010-12-09,28.829771041870117,29.29762908565582,28.76523939307102,29.200830586745106,1487900
2010-12-10,29.017982482910156,29.2008238216681,28.835141144152217,28.88354038239472,2754600
2010-12-13,29.066373825073242,29.27610311667514,29.034109042625627,29.184683497842762,1023800
2010-12-14,28.781360626220703,29.36752817491169,28.652295327271347,29.114776408990164,1645800
2010-12-15,28.507099151611328,28.96958025793084,28.45869991835874,28.754474150137575,1447800
2010-12-16,28.555498123168945,28.689940208591445,28.36728002414682,28.555498123168945,1270200
2010-12-17,28.792123794555664,28.81901180722776,28.528616346951857,28.603903603003268,2871200
2010-12-20,29.13629722595215,29.233095719175168,28.856657362354987,28.883545376822713,2388500
2010-12-21,29.442829132080078,29.491228385313068,29.184700465312208,29.21158848345847,2927500
2010-12-22,29.66867446899414,29.85689459433393,29.399790334014284,29.399790334014284,1398000
2010-12-23,29.53423500061035,29.765475541156782,29.523481439517184,29.67943269244811,1241600
2010-12-27,29.901212692260742,29.912086109379548,29.41735703688147,29.526089134177234,1275200
2010-12-28,30.020811080932617,30.058866994869337,29.74898193916073,29.95557059370529,2919200
2010-12-29,30.080623626708984,30.13498864322329,29.91208875728673,30.026256536302235,1511400
2010-12-30,30.162172317504883,30.270904428629358,30.03169544326953,30.03169544326953,1229500
2010-12-31,30.102371215820312,30.308962030981515,30.064315285908073,30.156738311332546,1168500
2011-01-03,30.662328720092773,30.68407347577225,30.29807658339493,30.314385668627494,1957400
2011-01-04,30.075180053710938,30.787373245859886,29.901209545900695,30.705823662996067,2315700
2011-01-05,30.183914184570312,30.24371693953657,29.977323414839308,29.982761160141067,1512700
2011-01-06,29.901212692260742,30.270900578730988,29.88490360352867,30.265462833225456,1819300
2011-01-07,29.91209602355957,30.145869384365913,29.629393306447415,30.058884092477015,2001200
2011-01-10,29.906644821166992,29.977320987120862,29.58588631278192,29.79247706578214,1668400
2011-01-11,29.84141731262207,30.113246586118564,29.63482648407476,30.015387881748406,1237500
2011-01-12,29.96645164489746,30.091492833111026,29.825101367666733,30.069748072385583,1639600
2011-01-13,30.064306259155273,30.156729256829916,29.895773498400608,29.971885335372654,1200400
2011-01-14,30.265459060668945,30.265459060668945,29.96644738579627,30.042559222248368,1334300
2011-01-18,30.52642250061035,30.52642250061035,30.11867866707001,30.254593278250127,1348900
2011-01-19,30.124109268188477,30.51554394614224,29.98275900886741,30.493797114279914,2340800
2011-01-20,30.129539489746094,30.357877035217573,29.982753585954303,30.08061223774327,1934400
2011-01-21,30.151294708251953,30.26546247581275,30.06974719166234,30.227406553292486,1196800
2011-01-24,30.303524017333984,30.455747725223198,30.096933218132573,30.19479190860206,1143000
2011-01-25,30.656896591186523,30.667770007963856,30.129547283892872,30.22197028955412,1249600
2011-01-26,30.705841064453125,30.858064826581543,30.531870458051152,30.749334753000223,2310600
2011-01-27,31.18967056274414,31.260346709908326,30.85260305717039,30.972208525618786,1926600
2011-01-28,30.673194885253906,31.314711732116155,30.591647398959427,31.2277265024005,1404200
2011-01-31,31.08095359802246,31.178812288104375,30.765632765230443,30.81999778243485,1916800
2011-02-01,31.157066345214844,31.298416628926926,30.858052540240916,31.26579637550457,2400100
2011-02-02,31.157066345214844,31.35821938992171,31.108137002027508,31.14075518155747,1698300
2011-02-03,31.244047164916992,31.32015900483913,30.988527067556582,31.042892074960367,1294300
2011-02-04,31.015716552734375,31.31472830854538,30.88523967603878,31.28211012631776,1842700
2011-02-07,31.320154190063477,31.36908351876193,30.999395718349568,31.059198461635653,1361500
2011-02-08,31.45608139038086,31.505010738723193,31.29841992640084,31.34734927474317,1356800
2011-02-09,31.47782325744629,31.505005763590017,31.314724072799358,31.412582754030602,1702500
2011-02-10,31.608306884765625,31.678983074987002,31.379971295594174,31.379971295594174,1364800
2011-02-11,31.814891815185547,31.84207432211446,31.44520391405378,31.57024510504065,1355200
2011-02-14,31.8203125,31.918171137967626,31.602850473098563,31.858368406555034,1062000
2011-02-15,31.700716018676758,31.809446018874144,31.5321812001439,31.700716018676758,1198500
2011-02-16,31.771404266357422,32.021488770407096,31.63005395875782,31.793151105647436,1084400
2011-02-17,31.804014205932617,31.923619709326886,31.733338038118543,31.776831702586303,1011000
2011-02-18,31.929048538208008,32.01603377461097,31.804007390496977,31.85293671559187,1288000
2011-02-22,31.651790618896484,32.005167311196644,31.581114450879625,31.684408793448828,2159100
2011-02-23,31.38539695739746,31.760520480193904,31.189679615454253,31.640917050922436,1966800
2011-02-24,31.14618492126465,31.445196575485088,30.896102597654235,31.347337914265037,1586800
2011-02-25,31.755075454711914,31.798569106283452,31.282093400274476,31.282093400274476,1135900
2011-02-28,32.543392181396484,32.543392181396484,31.96167785885073,32.016042869336566,1725800
2011-03-01,31.575681686401367,32.61950484600524,31.570243940880694,32.52708391107652,3119700
2011-03-02,31.28754234313965,31.61917431844339,31.17337457016724,31.532189052289322,2400000
2011-03-03,31.738786697387695,31.749660117243764,31.49957560833977,31.602872060026023,1590100
2011-03-04,31.434324264526367,31.776829590826207,31.276662852146387,31.71702684310332,1681900
2011-03-07,31.205991744995117,31.640918032870882,31.015710068248627,31.54305935886232,1661400
2011-03-08,31.646358489990234,31.81489335935727,31.21143213634097,31.26036148074479,2228600
2011-03-09,31.613737106323242,31.78770763015503,31.379963826069478,31.646355283359053,1358600
2011-03-10,31.129880905151367,31.390838777547884,31.097262726521052,31.352780779325297,1704800
2011-03-11,31.445207595825195,31.505010362406235,30.99940779353894,31.01571688482737,1349400
2011-03-14,31.129880905151367,31.32016260069498,31.00483971465305,31.260359841349626,1673700
2011-03-15,30.966779708862305,31.178806137583337,30.39593884525367,30.510106603196984,2439500
2011-03-16,30.510107040405273,30.99396265624424,30.298080608645915,30.96134448144562,3176100
2011-03-17,30.743885040283203,30.961349250600993,30.493802650142435,30.87436398125236,1837500
2011-03-18,31.05376434326172,31.184243259656355,30.906976340027256,31.00483500885023,1887600
2011-03-21,31.39084815979004,31.526762808418706,31.24406009040392,31.325607635245348,1340600
2011-03-22,31.18967056274414,31.46149966456943,31.097249663591445,31.39626126082097,2793800
2011-03-23,30.847187042236328,31.135325410116074,30.640596212528106,31.135325410116074,1699400
2011-03-24,30.977651596069336,31.070074591194437,30.64601968078907,31.032018673758206,1466700
2011-03-25,31.219697952270508,31.35660243776178,30.973271549583558,31.104698685817045,2441500
2011-03-28,31.181377410888672,31.367567669639925,31.099235939938055,31.25256835691055,1843000
2011-03-29,31.307310104370117,31.373025747556206,30.87469360954092,31.214216076684156,2293200
2011-03-30,31.76185417175293,31.80018727690938,31.345665277626818,31.48256982147058,1832700
2011-03-31,32.01922607421875,32.068511779234356,31.707083972118877,31.739939716131317,3204000
2011-04-01,32.06852340698242,32.28209417648985,31.898761008375075,32.18899799370592,4149100
2011-04-04,32.046607971191406,32.18351248127561,31.98089439127016,32.16708460854456,1072600
2011-04-05,32.0794677734375,32.21089494134187,31.975419002432936,32.01375210048814,1248100
2011-04-06,32.095882415771484,32.22183427017216,32.002786295303665,32.22183427017216,1286500
2011-04-07,31.73994255065918,32.139703487487694,31.592085422408008,32.12875087550644,1773000
2011-04-08,31.509944915771484,31.953514224897287,31.41684875562346,31.827562316812354,2259700
2011-04-11,31.53184700012207,31.778273441095923,31.427798238024945,31.570180094895647,1335300
2011-04-12,31.477079391479492,31.62493648807738,31.394937952700683,31.427793692613534,1996500
2011-04-13,31.427793502807617,31.635888906651203,31.37303254395247,31.630411557367683,1212600
2011-04-14,31.88232421875,31.948037801230885,31.268990485604682,31.33470615708269,1423500
2011-04-15,32.29303741455078,32.30946528774344,31.89875174595009,31.96994267811346,1408600
2011-04-18,32.0027961730957,32.05208187820353,31.79470283063773,32.05208187820353,1709900
2011-04-19,32.25469970703125,32.3094606691769,32.04112694107091,32.068509511140526,1096500
2011-04-20,32.6325569152832,32.68184261916285,32.30946220962706,32.53398550752391,1432600
2011-04-21,32.85160446166992,32.868032333052156,32.49017666828268,32.72017522362144,1746900
2011-04-25,33.070640563964844,33.19111715557007,32.75302330745504,32.922783498539225,1421400
2011-04-26,33.36089324951172,33.48136989854715,33.0049427421755,33.19113297750424,2700000
2011-04-27,33.607322692871094,33.640180531380175,33.311610502278526,33.426609803564375,1860300
2011-04-28,34.05636978149414,34.16041856018536,33.61827570778651,33.65113354668858,2348200
2011-04-29,33.859222412109375,34.14398193773974,33.45398416733292,34.11112619424227,1777800
2011-05-02,33.908512115478516,34.14946541903896,33.62375253872083,34.0235135053584,2434500
2011-05-03,33.618263244628906,34.05635715592382,33.23493028887214,33.809930767005554,2052900
2011-05-04,33.42660140991211,33.67302991435709,33.26779169715904,33.56350590249301,1650200
2011-05-05,33.40469741821289,33.65112593172039,33.141841033470506,33.245887699619516,1900000
2011-05-06,33.10897445678711,33.7058779922884,33.015880425716304,33.640164435709224,2277700
2011-05-09,33.278743743896484,33.366362534105164,32.97755428311645,33.125411383280486,983300
2011-05-10,33.804443359375,33.848253781966754,33.39373004805893,33.41563525935481,1699400
2011-05-11,33.448509216308594,33.793507060209876,33.33898519597617,33.78255444927694,1736000
2011-05-12,33.50326919555664,33.5525548988053,33.070650476929245,33.349936825003894,1429800
2011-05-13,33.1473274230957,33.58542363374955,33.06518595034627,33.58542363374955,1482300
2011-05-16,33.19660186767578,33.41017254888518,32.983031186466384,32.99945905763731,2157000
2011-05-17,33.1856575012207,33.26780105547514,32.97756411803822,33.0980386848814,2183400
2011-05-18,33.50874710083008,33.54160493525457,33.04327260263353,33.18017711257334,1323700
2011-05-19,33.65113067626953,33.79351045470562,33.38827425446643,33.65113067626953,1324000
2011-05-20,33.24040603637695,33.62921423335702,33.20754821123914,33.492309762110814,1385200
2011-05-23,32.90087890625,33.05421122400607,32.81325805153664,32.90087890625,1809700
2011-05-24,32.99946975708008,33.125423773551475,32.878995181103654,32.96661400408538,1299400
2011-05-25,33.15279006958008,33.32255029136272,32.70374353293467,32.93374206141307,1411900
2011-05-26,33.59636688232422,33.68398568767823,33.004940468433894,33.11993975877408,1095800
2011-05-27,33.788028717041016,33.82636180731102,33.54160021602191,33.68397996716809,970600
2011-05-31,34.324703216552734,34.33565582940517,33.92494224792663,34.05089416223371,1691500
2011-06-01,33.338985443115234,34.28636436136922,33.29517499905872,34.248031267318254,2859300
2011-06-02,33.0980224609375,33.62373719027652,33.0432615109421,33.33897565450849,2122900
2011-06-03,33.22948455810547,33.38281704106757,32.68186616009977,32.76948502022074,1897800
2011-06-06,32.74208450317383,33.28422521595454,32.725654540758235,33.17470327450192,1172700
2011-06-07,33.08708953857422,33.38280385807826,32.82423306201426,32.92280450184894,1252000
2011-06-08,32.99398422241211,33.300651051870915,32.91731803729663,32.94469851926689,1509400
2011-06-09,32.63803482055664,33.10898667600915,32.4901797859351,33.087081452732974,1381600
2011-06-10,31.816598892211914,32.544931695928305,31.7673131980582,32.49017074197817,2011600
2011-06-13,31.948034286499023,32.17803284437761,31.750891471747728,31.8987485828112,1780800
2011-06-14,32.42445755004883,32.51207633641339,32.167078540163544,32.260172586739856,1163900
2011-06-15,31.904220581054688,32.31493404012026,31.66326943710836,32.139696464705345,1761700
2011-06-16,32.156124114990234,32.30945646022087,31.70160025020439,31.909695639443484,2077100
2011-06-17,32.46280288696289,32.555899057661684,32.16161332575608,32.506613341173484,1912800
2011-06-20,32.85708236694336,32.939225908459534,32.3587500346046,32.3587500346046,1968200
2011-06-21,33.11445999145508,33.147315733368934,32.851603611160186,33.054221679283934,1375400
2011-06-22,33.01589584350586,33.33899060697728,32.98303800537414,33.04327633078365,3467800
2011-06-23,32.34780502319336,32.61613884472663,32.05209071105404,32.56685312603675,2618700
2011-06-24,32.35277557373047,32.60682553410749,32.142907207560626,32.42457092766649,2083800
2011-06-27,32.49083709716797,32.61233802624941,32.32515037304873,32.369334061292314,2519000
2011-06-28,32.76144790649414,32.78906165242723,32.38589506278163,32.59576332410186,1278700
2011-06-29,33.1038703918457,33.18671375495952,32.761455230777436,32.9381857724123,2049000
2011-06-30,33.19224166870117,33.357928424909346,33.04312695898521,33.214333517101544,1960900
2011-07-01,33.76108932495117,33.85497650418491,33.20328183691149,33.286125200654176,1796700
2011-07-05,34.020660400390625,34.12559560646929,33.60092589645861,33.860499797649986,1693200
2011-07-06,34.27471160888672,34.324417203576466,33.87706685136877,33.9212484317629,1655200
2011-07-07,34.70549392700195,34.78833729162306,34.4901037071402,34.534285289955655,1530900
2011-07-08,34.66130828857422,34.67235421035559,34.21948195128979,34.313371233034445,1956000
2011-07-11,34.059322357177734,34.340988121349426,33.98200300443864,34.16977947828831,1878600
2011-07-12,34.17530059814453,34.6502647039305,33.88811295030198,33.948864467106354,2078400
2011-07-13,33.83840560913086,34.35202936150617,33.81079185931592,34.26918600526729,1853600
2011-07-14,33.52360534667969,33.97095358629701,33.37448856454253,33.92124799225129,1715800
2011-07-15,33.89364242553711,33.89916644109499,33.4297241380232,33.656160319619595,1526200
2011-07-18,33.656150817871094,33.849451278726505,33.36344127977988,33.79422167271322,1272400
2011-07-19,34.197391510009766,34.213961446758375,33.74451923237368,33.86050036243697,1363100
2011-07-20,34.445919036865234,34.506670554951896,34.13111763113817,34.32994001513299,1508500
2011-07-21,34.722068786621094,34.92089121652753,34.62818158738455,34.63370349630653,1373600
2011-07-22,34.89326095581055,34.970580284918825,34.63368711655242,34.788327881562694,1184400
2011-07-25,34.567420959472656,34.7883351805268,34.40173634707913,34.506669443343064,2624300
2011-07-26,34.64473342895508,34.77175834347296,34.35754584129971,34.54532225989,1815200
2011-07-27,33.672725677490234,34.53428658935462,33.64510981704793,34.45144532841078,1794700
2011-07-28,33.70586013793945,34.03170747567914,33.34135312511152,33.661678555036154,2360300
2011-07-29,33.71138381958008,33.766611324362295,33.114916655319725,33.40762832968939,1982300
2011-08-01,33.20328903198242,34.24158277706032,32.93819316007216,34.114557803444654,2668900
2011-08-02,32.14289855957031,33.159100234465946,32.10423888499229,32.98789159933882,3298000
2011-08-03,31.877805709838867,32.19812905853107,31.04385640799909,32.19260715027537,4775700
2011-08-04,30.32036018371582,31.62374726728308,30.243038736272233,31.535382005570145,4629400
2011-08-05,29.56373405456543,30.7014387835177,29.105339861010957,30.629641341107618,7017600
2011-08-08,26.995601654052734,28.961728370115484,26.907236432058824,28.558561913093705,9058400
2011-08-09,29.45327377319336,29.50850126867556,27.03979387697221,27.349073329336676,8039400
2011-08-10,28.77397346496582,30.204388010982342,28.530969449988078,28.912044358956624,7527500
2011-08-11,30.265146255493164,30.845043717540978,28.790549791805997,28.983848243556896,4463100
2011-08-12,30.259611129760742,31.09908223763496,30.093926513936903,30.63516404925169,4019100
2011-08-15,31.36418342590332,31.391797182146338,30.43634688993489,30.49157440242093,2630500
2011-08-16,31.27028465270996,31.474631021946454,30.745615015871106,31.03832664239038,2688800
2011-08-17,31.358640670776367,31.75628526478756,31.0769771545473,31.452529914048252,2230600
2011-08-18,29.961389541625977,30.624130376808967,29.630020177431998,30.29828292240704,3488600
2011-08-19,29.38701057434082,30.198868160515875,29.30969120552316,29.38148866519447,3271400
2011-08-22,29.420141220092773,30.14363333703568,29.005928610266263,30.049744049941978,2213600
2011-08-23,30.143638610839844,30.17125236830061,29.271029548876072,29.45880604912178,2687800
2011-08-24,30.541275024414062,30.640686216108396,29.801215101130797,30.077356832105238,3095000
2011-08-25,29.97242546081543,31.065946525704923,29.652100023155768,30.695917596126694,2370800
2011-08-26,30.336942672729492,30.44739982994936,29.12744217349926,29.812272756031387,2829900
2011-08-29,31.375228881835938,31.40284263766713,30.718010116363097,30.72353413160605,1976900
2011-08-30,31.463592529296875,31.695550594376638,30.81741972109933,31.314475727405135,2705900
2011-08-31,31.81705665588379,31.971695380585803,31.380752131994978,31.712121429726324,3047600
2011-09-01,31.358640670776367,32.01033504127547,31.215047960046377,31.75628526478756,4270000
2011-09-02,30.618600845336914,31.176408439640856,30.530235557014812,30.72905798243821,3459400
2011-09-06,30.486064910888672,30.618611837559456,29.635547388702058,29.67420708454732,3163900
2011-09-07,31.634798049926758,31.673457726192694,30.519185132609277,30.878170248557907,1902000
2011-09-08,31.391799926757812,31.80601262700174,31.24820711766294,31.408367760593254,2395000
2011-09-09,30.40873146057129,31.25372457452369,30.132589699745598,31.104607770862483,2436900
2011-09-12,30.508153915405273,30.530243663254968,29.845413023624463,29.928254318350053,4245800
2011-09-13,30.57994842529297,30.712497442650314,30.23201120497087,30.701451515637604,2166300
2011-09-14,30.778757095336914,30.99414730850606,30.198859881390536,30.651732151847266,2115200
2011-09-15,31.286853790283203,31.319989444174386,30.83398159489019,31.17639669479357,2848800
2011-09-16,31.59061622619629,31.60166214887344,30.894737845096092,31.303428556973355,2019000
2011-09-19,30.9002685546875,31.19850221120292,30.817425170057177,31.054907292082998,1958600
2011-09-20,30.883684158325195,31.29237476745849,30.767705159563484,30.872640345218766,1546600
2011-09-21,29.25446891784668,30.916841965058303,29.232377063721465,30.86161443654044,2825000
2011-09-22,28.542009353637695,29.022495373468907,28.094658993026023,28.630374622880147,4405500
2011-09-23,28.752241134643555,28.85261762884211,28.244783137196034,28.439958471886772,2688200
2011-09-26,29.153749465942383,29.20393772075701,28.529186171667362,29.003184701498487,2246100
2011-09-27,29.4437198638916,29.99021290187057,29.293155129869106,29.66120154839582,1777600
2011-09-28,28.696481704711914,29.70024474578801,28.640717918583498,29.38238648490145,2241900
2011-09-29,29.142601013183594,29.31547216943154,28.71321514117661,29.242977539101464,2151600
2011-09-30,28.367462158203125,29.203931474710895,28.361886632083724,28.663016096566874,1970600
2011-10-03,27.02910804748535,28.596092279207614,26.984495336919746,28.071905693568482,5785500
2011-10-04,28.09421730041504,28.20574697042582,26.26513624309215,26.649913498266777,5508100
2011-10-05,27.854433059692383,28.2057508236827,26.69452773672516,28.2057508236827,8885500
2011-10-06,28.61840057373047,28.668588812892068,27.53099014339663,27.826544052793288,2513100
2011-10-07,27.820980072021484,28.891662324550136,27.75963862431772,28.75782624526444,2993000
2011-10-10,29.209501266479492,29.21507679109827,28.300537591554008,28.35630134674538,2280500
2011-10-11,28.629566192626953,29.103564780592585,28.479001409716744,28.99761273065674,2206200
2011-10-12,29.097984313964844,29.5385254046814,28.62956133349763,28.91396001255723,2634100
2011-10-13,28.908382415771484,29.148170479512444,28.334007444474242,28.969723845182198,1850000
2011-10-14,29.57756233215332,29.711396262256983,29.15932757788843,29.220669015540928,1685600
2011-10-17,28.93626594543457,29.45487717065016,28.808007552685268,29.45487717065016,1835000
2011-10-18,29.956756591796875,30.09059049768153,28.841464115584053,28.897227888494065,3158600
2011-10-19,29.61100959777832,30.118467507194822,29.482751239052313,29.923292206362028,2348600
2011-10-20,29.778310775756836,29.850803257061333,29.042217891614676,29.850803257061333,1965200
2011-10-21,30.7597713470459,30.759771347045902,30.073866619329777,30.0905953284381,1636200
2011-10-24,31.52374839782715,31.568361128200266,30.692856503522478,30.837843622730972,2858800
2011-10-25,31.010723114013672,31.367616544110685,30.87688701410097,31.22820491502575,2190500
2011-10-26,31.23933982849121,31.39548008101785,30.74303505960176,31.272799365711805,1919000
2011-10-27,32.72267150878906,32.96803501341138,31.852742875081148,32.287708255560574,2167600
2011-10-28,32.78960418701172,32.80633502365145,32.382522616310915,32.42713534434758,1971100
2011-10-31,32.42156219482422,32.84537466105522,32.120432620489396,32.477328112618956,2033500
2011-11-01,31.378751754760742,32.09811585930043,31.222611500349558,31.4233623443419,3614000
2011-11-02,31.98101043701172,32.243104845811004,31.4122131544391,31.847176533083413,2302500
2011-11-03,32.42156219482422,32.5052100078902,31.501446887359705,32.371373932435084,2155400
2011-11-04,32.15945816040039,32.2207995881538,31.618542745373723,32.15388263390082,1500600
2011-11-07,32.165042877197266,32.54981810770832,31.730079388162846,32.1148546186739,1661500
2011-11-08,32.583274841308594,32.616734386518004,31.6241224844911,32.34348675210422,1250100
2011-11-09,31.094358444213867,32.01447574018885,31.021865952890018,31.841604611970272,1950700
2011-11-10,31.088777542114258,31.568353643662277,30.893602211136137,31.41221337887978,2765200
2011-11-11,31.925249099731445,32.020047944972966,31.28953268945951,31.46240167248858,1796700
2011-11-14,31.334152221679688,31.819306148729666,31.122248109321173,31.77469341312641,2019900
2011-11-15,31.56835174560547,31.791408949418855,31.021858724473233,31.172423453854275,1725800
2011-11-16,31.267230987548828,31.752382721278423,31.18916083812706,31.261655459983857,1466300
2011-11-17,30.692838668823242,31.256060235374044,30.50323892941242,31.21702518260571,2401000
2011-11-18,30.888029098510742,30.94379500645398,30.53113579668152,30.882453571342356,1924800
2011-11-21,30.10732650756836,30.436337929706607,29.917726668925095,30.436337929706607,2054100
2011-11-22,29.967914581298828,30.25231327238478,29.772737090287126,29.984643290406257,2021300
2011-11-23,29.064523696899414,29.716970954686982,29.031066281334557,29.716970954686982,1728000
2011-11-25,29.192787170410156,29.722551657374343,28.936270345901896,28.997611788121723,680200
2011-11-28,29.84522819519043,30.207696989111255,29.599864605740102,30.045981189855095,1721900
2011-11-29,29.800609588623047,30.029244425788196,29.627740642992848,29.88983288782771,1794100
2011-11-30,31.189149856567383,31.2281849175342,30.53670274408395,30.56458675384706,2171600
2011-12-01,30.932634353637695,31.177997907569114,30.625927252159222,31.177997907569114,2356400
2011-12-02,30.904752731323242,31.428941543635016,30.87687084555701,31.13338972546027,1374500
2011-12-05,31.166851043701172,31.507015623536812,30.943793802363494,31.32856897956595,1362900
2011-12-06,31.11665916442871,31.306258967449935,30.90475300169874,31.12223681798167,2075500
2011-12-07,31.45682716369629,31.568356847252605,30.798804370690977,31.083205170122174,1675500
2011-12-08,30.743043899536133,31.339725324407283,30.676124805852854,31.23934881113438,1642200
2011-12-09,31.417795181274414,31.56835994978515,30.843420126299808,30.96052534827972,1221700
2011-12-12,30.86013412475586,31.14453268931168,30.598039786669393,31.14453268931168,1710100
2011-12-13,30.497669219970703,31.28952791216829,30.341528968235142,31.016280344379677,1555200
2011-12-14,30.67610740661621,30.999543127545927,30.28017923285808,30.38613334080096,2213400
2011-12-15,31.189149856567383,31.317408217922818,30.87129171597973,30.954937363515214,1268500
2011-12-16,31.534914016723633,31.791430935774454,31.261668380811695,31.317432188517383,1749800
2011-12-19,31.261655807495117,31.713347999099906,31.1780080023265,31.59066724603853,1366200
2011-12-20,32.20964431762695,32.24310385620787,31.607387513930913,31.702186349032942,1248400
2011-12-21,32.198490142822266,32.31001767277334,31.936395767484417,32.19291248997394,2621500
2011-12-22,32.661354064941406,32.82864758298649,32.243119206202444,32.315613844014564,1388200
2011-12-23,32.803428649902344,32.893640811316025,32.57225985185307,32.87108723325571,2307400
2011-12-27,32.95001983642578,33.18118861504698,32.57789443301539,32.75831874067937,1173200
2011-12-28,32.55533981323242,33.05150553520913,32.53842355735496,33.01767732510861,1359300
2011-12-29,32.842891693115234,32.91618973603537,32.54970167226197,32.64555329005403,948500
2011-12-30,32.70193862915039,33.102254947894835,32.69066184048931,32.91055384231154,1969300
2012-01-03,32.97820281982422,33.63224127325455,32.69628965626241,33.293944186484325,6177500
2012-01-04,32.41438293457031,32.84289008197983,32.31853132148033,32.758315255772615,2393900
2012-01-05,32.71885681152344,32.786517551916354,32.15503021321587,32.408752612619836,1805000
2012-01-06,32.611717224121094,32.89363040823319,32.45948384660133,32.803418275350396,1337800
2012-01-09,32.49895095825195,32.76958735221977,32.41437829497712,32.70756610865544,1537200
2012-01-10,32.85981369018555,33.068431081609745,32.809069209950984,32.8767299508156,1558300
2012-01-11,33.09098434448242,33.153005618297385,32.713221532450056,32.80907102774379,1407000
2012-01-12,32.84852981567383,33.141719843705474,32.651191407781056,33.062784480548366,1734500
2012-01-13,32.921836853027344,32.927476323837475,32.51588098781507,32.701944809646676,1534700
2012-01-17,33.192466735839844,33.42927499342404,33.062786893926294,33.248850678515836,1450300
2012-01-18,33.423641204833984,33.536406958525525,33.16428147692292,33.24321685925865,1522000
2012-01-19,33.55331802368164,33.677360556567734,33.38417048390912,33.55331802368164,1277300
2012-01-20,33.76193618774414,33.795764405989466,33.35598036217852,33.58714917377501,1352900
2012-01-23,33.925445556640625,34.05512756762534,33.69991620669165,33.86906375686033,1238800
2012-01-24,34.18480682373047,34.18480682373047,33.705552930755275,33.818318679151076,1820800
2012-01-25,34.62458038330078,34.65277127414931,34.02692360350728,34.16224289073816,1499400
2012-01-26,34.86701583862305,35.02488650240781,34.70350570780226,34.799357289976214,1620800
2012-01-27,34.87830352783203,34.98542977592196,34.5907508422229,34.76553781094271,1498300
2012-01-30,34.61894226074219,34.72043118609946,34.44979261792869,34.72043118609946,2355500
2012-01-31,34.7880859375,34.86702128171498,34.5625545390342,34.80500003959555,2069500
2012-02-01,35.13204574584961,35.18279023964137,34.934705091846844,35.07566178006523,3222200
2012-02-02,35.21096420288086,35.216601521332315,35.02490043157267,35.160219733508384,2712600
2012-02-03,35.701480865478516,35.718394966082066,35.36882326504003,35.50977983894063,2698900
2012-02-06,35.588741302490234,35.695869753828546,35.385763342931554,35.61129488706969,1778100
2012-02-07,35.498512268066406,35.63383156049491,35.425216379210354,35.57744762580504,1985800
2012-02-08,35.5605354309082,35.71840615486533,35.31245255742882,35.5605354309082,1735200
2012-02-09,35.301185607910156,35.67331109724987,35.09257035728144,35.633843405261416,1438000
2012-02-10,34.974151611328125,35.210959822549256,34.867025367458496,35.01361928806047,1675200
2012-02-13,35.329368591308594,35.41958074575386,35.12639070609987,35.16585838924296,1842100
2012-02-14,34.96851348876953,35.368829715456826,34.75425885513431,35.31244793594456,1866500
2012-02-15,34.75990295410156,35.08128387195345,34.64149776002931,35.08128387195345,1969800
2012-02-16,35.12639617919922,35.19405476786831,34.68661212660849,34.89522736298771,2318000
2012-02-17,35.15457534790039,35.23915016863593,34.91212982267401,35.23915016863593,1695100
2012-02-21,34.60767364501953,35.26734966475755,34.47235432898663,35.2278819790037,2815800
2012-02-22,34.31446838378906,34.72606131775279,34.269361248152514,34.5851047451285,2261300
2012-02-23,34.742984771728516,34.75990102755973,34.26937047417115,34.27500994305728,2453200
2012-02-24,34.7880859375,34.91212627091205,34.56819400695059,34.83883039461346,1810800
2012-02-27,34.73171615600586,34.85012137137242,34.30320890541524,34.59639898248364,2002800
2012-02-28,34.52873611450195,34.87830794538989,34.42160770201639,34.8332007925902,2381700
2012-02-29,34.38777160644531,34.78244834884421,34.33138767836908,34.618940334490496,3013500
2012-03-01,34.596378326416016,34.68659043851147,34.393400536494646,34.421591418244525,3386900
2012-03-02,34.545650482177734,34.73735158136877,34.42724743142583,34.51745958687882,1860100
2012-03-05,34.89522933959961,34.89522933959961,34.38214719890472,34.53438064515413,1830300
2012-03-06,34.432865142822266,34.78243677729029,34.36520660246663,34.48360958579554,2236400
2012-03-07,34.61894226074219,34.63021689615783,34.19607245536257,34.5907492197219,1367200
2012-03-08,34.43852233886719,34.7317102149565,34.34267071909284,34.70351932119722,1454200
2012-03-09,34.60767364501953,34.731714021319824,34.39341895747893,34.5400129115893,1621800
2012-03-12,34.861392974853516,34.962879764483766,34.59075436641495,34.59075436641495,2644800
2012-03-13,35.56616973876953,35.62255151747864,34.996703880003366,35.04181102363224,2407300
2012-03-14,35.47031784057617,35.70712604101503,35.250425894271714,35.61127443701,2280800
2012-03-15,35.41957473754883,35.554894021676304,35.2842576042484,35.554894021676304,1595600
2012-03-16,35.622554779052734,35.65638513987187,35.41393959773599,35.47032138160737,1799600
2012-03-19,35.87063980102539,36.06798035812254,35.48723762527774,35.62255692588228,2106100
2012-03-20,35.819889068603516,35.96084566295606,35.645104268135604,35.65074158554585,1795700
2012-03-21,35.76913833618164,35.93828794040443,35.757861552511685,35.88190402205465,1515200
2012-03-22,35.27861404418945,35.56616668305058,35.06435943201425,35.56616668305058,3203400
2012-03-23,35.498512268066406,35.673299239364226,35.154577794353344,35.312450660657795,2495000
2012-03-26,35.91455841064453,35.988445593042684,35.68721640281791,35.812253748282394,1630000
2012-03-27,35.92024230957031,36.13621905450414,35.85203992573873,35.9884446934019,3449500
2012-03-28,35.8634033203125,35.94865792176014,35.499654401283145,35.93160786871644,1573800
2012-03-29,35.88045883178711,35.90887631217074,35.43145527013551,35.63606459788129,1530300
2012-03-30,36.176002502441406,36.25557230839346,35.96570839458,36.022545518913326,2059900
2012-04-02,36.4317512512207,36.471536142487544,36.085054651340265,36.221459373365434,6716800
2012-04-03,36.28966522216797,36.482909238485185,36.14757569166909,36.41470470280352,2338900
2012-04-04,35.89181900024414,36.07369343966213,35.744044663145566,36.016856322272545,2045700
2012-04-05,35.755409240722656,35.925916243091464,35.624687133302764,35.79519413567157,2925300
2012-04-09,35.37461471557617,35.53375431505156,35.14158794429531,35.33482764759289,1126900
2012-04-10,34.61301040649414,35.4769128417336,34.57890813874225,35.38029300194117,2670600
2012-04-11,35.05634307861328,35.06771050574726,34.77216390460903,34.95403840252255,1917300
2012-04-12,35.53944396972656,35.55649619312361,34.97108566709545,35.130227466150274,1373400
2012-04-13,35.391666412353516,35.596275717253846,35.24957685818546,35.48828626849282,2097600
2012-04-16,35.874786376953125,36.08508057399265,35.49966986973831,35.607659367708756,1973400
2012-04-17,36.18166732788086,36.33512423590154,35.81791858358601,36.09641276738708,1524000
2012-04-18,35.93728256225586,36.175994092734186,35.93728256225586,36.10210693233446,1278100
2012-04-19,35.93728256225586,36.15894187534096,35.76677556512225,35.98275225115234,2543700
2012-04-20,36.37492752075195,36.5227018779492,36.028228645921445,36.09074839949608,1649700
2012-04-23,35.99980545043945,36.14189498850274,35.75541127152145,36.124844937731716,1764500
2012-04-24,36.53974914550781,36.562483993822404,36.033910695137614,36.05664337533774,2618500
2012-04-25,36.960323333740234,36.97169292303889,36.71024440390351,36.76708367794117,2191000
2012-04-26,37.05127716064453,37.13652743251011,36.75572843074554,36.8978179988275,1885400
2012-04-27,37.30704116821289,37.375245730197406,36.94897697431176,37.227471347345976,2058500
2012-04-30,37.21040725708008,37.30134230253344,36.96032829368365,37.25587694792095,2165000
2012-05-01,37.61394119262695,37.903805052884245,37.210407440934226,37.25587713199977,3024200
2012-05-02,37.55711364746094,37.636683454390486,37.199045180048685,37.437758937066604,1801900
2012-05-03,37.4263916015625,37.738990387805934,37.392291492601224,37.67647063055725,2099900
2012-05-04,37.096744537353516,37.30135387337869,36.971709353097886,37.27861902090592,1480000
2012-05-07,37.35818862915039,37.443438895267924,36.94328521038522,36.983070113316465,1574000
2012-05-08,37.28997039794922,37.3354400806814,36.94327165551464,37.147880891581856,1610900
2012-05-09,37.17062759399414,37.43207184878892,36.875078898153774,36.99443360124081,2729800
2012-05-10,37.19904708862305,37.45481091221561,36.948972398112105,37.409341209857445,2346300
2012-05-11,37.27862548828125,37.41503462678313,36.91487645807053,37.00581588373845,2780400
2012-05-14,36.806880950927734,37.164945082197946,36.784146100909574,36.875081164752956,2759300
2012-05-15,36.61362838745117,36.84665729382583,36.51132375425249,36.82960724433075,2525400
2012-05-16,36.21009826660156,36.784141228898456,36.14757852138959,36.784141228898456,2051300
2012-05-17,35.1529655456543,36.21579729573723,35.1529655456543,36.198745069723074,3341500
2012-05-18,34.7266845703125,35.437132308396755,34.61869729464489,35.26662528487942,2888400
2012-05-21,35.48261642456055,35.54513619781848,34.7551183389017,34.80058588519772,2124900
2012-05-22,35.550804138183594,35.766780856163486,35.380297115826586,35.61900651350351,1767400
2012-05-23,35.60196304321289,35.687217654209086,34.98245241856969,35.30073384242536,2668900
2012-05-24,35.761104583740234,35.931613814852184,35.34052063955526,35.73837189862492,1369500
2012-05-25,35.6190071105957,35.90318620865929,35.50533720586183,35.70994650336593,1383000
2012-05-29,36.124847412109375,36.158947515987116,35.74973109265321,35.83498352046199,1423600
2012-05-30,35.266624450683594,35.92591984930625,35.266624450683594,35.87476752664956,1484000
2012-05-31,35.53375244140625,35.81224672580356,34.965394281117824,35.33482578443671,2127000
2012-06-01,34.664161682128906,35.12453035831369,34.59027452161114,35.01085830400499,3453800
2012-06-04,34.425445556640625,34.74372683260242,34.18105143133518,34.64710484049584,3573700
2012-06-05,35.13589859008789,35.198418329803836,34.27199399279714,34.27767878810631,2871000
2012-06-06,35.91455841064453,35.91455841064453,35.23821284779683,35.41440469255713,6758200
2012-06-07,35.65879440307617,36.30103760769345,35.607642078378696,36.23851785882826,2191500
2012-06-08,36.164642333984375,36.164642333984375,35.579231760519214,35.63606889625687,1696000
2012-06-11,35.35188293457031,36.52838214890622,35.30641323471009,36.465866731884965,2074000
2012-06-12,35.68720626831055,35.7269911625849,35.17568310176299,35.51669926883274,1951500
2012-06-13,35.50533676147461,35.95433808302837,35.357562418187,35.5735391370842,1600500
2012-06-14,36.022544860839844,36.16463441690551,35.5167063881444,35.545123865734624,1532600
2012-06-15,36.244205474853516,36.289673006947375,35.93729150279003,36.15895087101989,1319900
2012-06-18,36.545433044433594,36.7329879500238,36.011174962729235,36.079377337884154,1754000
2012-06-19,36.69321060180664,36.92623958709489,36.40335098977503,36.72163025140804,2485300
2012-06-20,36.676151275634766,36.84097566195361,36.46017673643867,36.73867101997048,2001800
2012-06-21,36.079376220703125,36.79550655794114,36.02254127118629,36.75004120006489,3072600
2012-06-22,36.0850715637207,36.335148450049054,35.84635993612616,36.23852640589186,2204200
2012-06-25,35.901119232177734,36.01572600169152,35.63751797873762,35.712014127708784,3700200
2012-06-26,36.02145004272461,36.21055292126419,35.78077106842096,35.98706670754308,2121600
2012-06-27,36.16471862792969,36.24494424171121,35.96988405760998,36.113144706786706,1694800
2012-06-28,36.56011962890625,36.565851279400036,35.838086871565466,36.027189804161125,1726500
2012-06-29,37.49417495727539,37.51709718436141,37.04720245901751,37.22484425397442,2215800
2012-07-02,37.906768798828125,37.91822772714235,37.436874042519605,37.78643037767244,3891600
2012-07-03,38.130252838134766,38.21621009736489,37.86092213279869,38.00418277419296,1586100
2012-07-05,37.89529800415039,38.19328254500594,37.81507240591248,38.06721249864145,1407800
2012-07-06,37.98697280883789,38.050007808636806,37.58011331956845,37.58011331956845,1617000
2012-07-09,38.027103424072266,38.072947876689064,37.81507610969531,37.986990621024475,1785700
2012-07-10,37.62025833129883,38.22195061032211,37.41396258649961,38.21622333049998,1534000
2012-07-11,37.660362243652344,37.73485621144701,37.4024904376524,37.67182117255602,1630900
2012-07-12,37.774967193603516,37.96407230113054,37.2936135074999,37.476986964868146,2271800
2012-07-13,38.23911666870117,38.284956732483884,37.837984413848766,37.895287772551676,1484600
2012-07-16,38.31362533569336,38.41677316982227,38.10732966743554,38.210477501564455,1789000
2012-07-17,38.680362701416016,38.800701082962206,38.164623657670475,38.53710209881818,2007300
2012-07-18,38.4511604309082,38.68611001283864,38.3250903500644,38.62880662299193,1690200
2012-07-19,38.050025939941406,38.594414610013835,37.792154170985256,38.46834455034207,2365200
2012-07-20,37.849456787109375,37.96406353200406,37.67754229780026,37.76923119128968,1475600
2012-07-23,37.574405670166016,37.677553520080714,37.31653823136346,37.40249112965206,1342000
2012-07-24,37.44833755493164,37.76351277175472,37.20766068315871,37.62025210446579,1941200
2012-07-25,37.4311408996582,37.68328103219675,37.23057687239704,37.62597764897469,1350800
2012-07-26,37.76350402832031,38.06148422362334,37.540017788851145,37.90676466243991,1365900
2012-07-27,38.12453079223633,38.399593216669835,37.92396671815404,37.99846069653635,1469300
2012-07-30,38.30215835571289,38.43969170264696,38.1130576546213,38.176092678974264,1370800
2012-07-31,38.244842529296875,38.38237583145493,38.118772521634924,38.342263044650295,1782500
2012-08-01,38.06147766113281,38.668905618006264,38.06147766113281,38.46260999068574,2666100
2012-08-02,38.17036437988281,38.23913105938515,37.77496362368777,38.05002596972947,1637600
2012-08-03,38.468326568603516,38.62878207897961,38.40529156823289,38.53136156897415,1730800
2012-08-06,38.428226470947266,38.70902042783437,38.428226470947266,38.61733153449154,1768200
2012-08-07,37.97552490234375,38.56003070604806,37.97552490234375,38.56003070604806,2471600
2012-08-08,37.7176513671875,37.95832813085485,37.59158133708556,37.883834191233994,1899300
2012-08-09,37.597320556640625,37.866651243920025,37.534285528895765,37.75777176473026,1324000
2012-08-10,37.64889144897461,37.66608639686002,37.47698131782739,37.528553045581326,987000
2012-08-13,37.62025833129883,37.70621562029339,37.419694238291065,37.63171726291242,1448400
2012-08-14,37.54001998901367,37.75777459172939,37.47698495654925,37.746315663993975,1586100
2012-08-15,37.711936950683594,37.78070364542448,37.49418230862374,37.49418230862374,1079200
2012-08-16,37.998451232910156,37.998451232910156,37.53428815249677,37.74058382645113,1362700
2012-08-17,38.00990676879883,38.05001956543179,37.86664615625727,38.027097342789105,1773500
2012-08-20,37.90102767944336,38.07294216498189,37.711922619744364,38.015634421824394,2710100
2012-08-21,37.981258392333984,38.09586952212843,37.90103278746165,38.03856177124742,1429600
2012-08-22,37.95833206176758,37.97552263638596,37.540013506163355,37.906760337912445,1893100
2012-08-23,37.84373474121094,37.975532094087015,37.70620573804559,37.901038128199154,2421000
2012-08-24,37.96980285644531,38.07295069648873,37.666090986308575,37.80935163237066,1946500
2012-08-27,38.08440017700195,38.17035741770959,37.89529512183854,38.113054047893456,1191000
2012-08-28,38.216217041015625,38.25059820216739,37.87811959247166,37.99845802847146,1189900
2012-08-29,38.20473861694336,38.30788643153883,38.1302446732782,38.2906958577674,1198700
2012-08-30,38.11880111694336,38.18756781960861,37.97554043203427,38.09015160314303,1375000
2012-08-31,38.23911666870117,38.32506952077252,37.935400560840314,38.29068837994399,2484900
2012-09-04,38.50846481323242,38.54857762435579,37.969807688428475,38.244865715569105,1714000
2012-09-05,38.439701080322266,38.59442066840908,38.27351819121075,38.56003950927164,1612500
2012-09-06,38.78352355957031,38.7892552097534,38.58295952284333,38.61160902982256,2373700
2012-09-07,38.817901611328125,38.921049446531406,38.73767600305533,38.86374606518908,1648300
2012-09-10,38.514183044433594,38.7720547734921,38.462611321802086,38.76059147604044,3773600
2012-09-11,38.6287956237793,38.6459861986416,38.40530503466784,38.508452855808834,3574500
2012-09-12,38.70903396606445,38.754874056801064,38.5428510677345,38.66318950335924,3416200
2012-09-13,39.18464660644531,39.241954356988565,38.691829681152605,38.74913743169586,4467500
2012-09-14,39.402400970458984,39.654536681180154,39.259140354743785,39.276330929114884,4855800
2012-09-17,39.28779220581055,39.60296732803186,39.23622047961104,39.41959390382145,2430200
2012-09-18,38.915306091308594,39.201827251614624,38.78923608125939,39.16744173944105,2344400
2012-09-19,38.69756317138672,38.97835280014174,38.69756317138672,38.94970329547484,1972600
2012-09-20,38.12453079223633,38.531390591651515,37.987001766004035,38.52566331236982,4285400
2012-09-21,38.130252838134766,38.256322902076576,38.095871683229845,38.18755622029891,6134600
2012-09-24,37.98874282836914,38.26599271454845,37.94831101233647,37.96564271069685,4512700
2012-09-25,37.428462982177734,38.13890815792351,37.411131289214126,38.11003081645629,5153600
2012-09-26,37.42270278930664,37.647966426296755,37.35338920610273,37.39382102795383,2693300
2012-09-27,37.58441925048828,37.84433740084168,37.451569355966164,37.572869193317004,1542000
2012-09-28,37.526668548583984,37.69994588534863,37.30717775258252,37.49778678908765,2903500
2012-10-01,37.2494010925293,37.723032640677,36.86241037531724,37.60173724006138,5154300
2012-10-02,37.532447814941406,37.532447814941406,37.20321600984271,37.359166062052395,2511100
2012-10-03,37.60751724243164,37.93674889886437,37.5439809221783,37.584412725363514,2928600
2012-10-04,37.59597396850586,37.90210560570652,37.41691941636408,37.78658298598815,2258000
2012-10-05,37.64219284057617,37.844351969422846,37.52089736326816,37.630642778958574,1636300
2012-10-08,37.561309814453125,37.578637101311145,37.38225530793865,37.445791630908865,1825600
2012-10-09,37.42270278930664,37.75193459773358,37.41114832207028,37.57288001621274,2292200
2012-10-10,37.57286834716797,37.653731965756265,37.35915483704937,37.468900208020635,1984800
2012-10-11,37.54399490356445,37.85012215693087,37.54399490356445,37.75193122787706,1537800
2012-10-12,37.411136627197266,37.75770002814161,37.37648204979751,37.60752284818151,1741200
2012-10-15,37.65950393676758,37.68260845680263,37.23208133296054,37.422690318197304,2209900
2012-10-16,37.89053726196289,37.954073577851815,37.77501909129344,37.803896430592935,2355800
2012-10-17,37.78657150268555,37.86166228436681,37.53820345419156,37.723035182833414,2665300
2012-10-18,38.17356491088867,38.185119373524415,37.72881504761156,37.72881504761156,2155900
2012-10-19,37.85588455200195,38.306411609177644,37.79812546382947,38.15623445454043,2046100
2012-10-22,37.665283203125,37.86166943066339,37.4457968610403,37.827010445370234,1642900
2012-10-23,37.284061431884766,37.46311592409101,37.018361698839804,37.393802375461554,1976200
2012-10-24,37.25518035888672,37.515098459161315,37.13966218248378,37.38225299697153,1701100
2012-10-25,37.151214599609375,37.63062343496207,36.781551123532566,37.46311898381223,2028200
2012-10-26,36.82776641845703,37.139673077696344,36.61983231791186,37.139673077696344,2320000
2012-10-31,37.18586349487305,37.22052247009377,36.81620227861393,36.989481731143066,2616900
2012-11-01,37.36492919921875,37.51510196121408,37.09345661192019,37.255183836676004,2311200
2012-11-02,37.61329650878906,37.87321462808263,37.54976018509752,37.578637527943314,2587100
2012-11-05,37.36492919921875,37.65950189856554,37.13966564948938,37.61329726773271,1633100
2012-11-06,37.526668548583984,37.60175495384155,37.2840776330708,37.49778678908765,1415100
2012-11-07,37.359153747558594,37.50933092344445,37.180099226868606,37.31872193944355,2476300
2012-11-08,36.914405822753906,37.370708023480965,36.9086307938147,37.370708023480965,1793200
2012-11-09,36.816219329833984,37.07613973069222,36.64871482668437,36.83932165173454,2400500
2012-11-12,36.72957229614258,36.92017908919651,36.59094737116555,36.885524510478575,1182200
2012-11-13,36.70069885253906,36.91441020254229,36.533194349637355,36.590953459356456,1648100
2012-11-14,36.01333999633789,36.856637223125624,35.89782182037089,36.856637223125624,2489400
2012-11-15,35.8458366394043,36.23282736420712,35.63212317313585,36.03066835921578,3151600
2012-11-16,36.065330505371094,36.09998728637863,35.614803369114966,35.874723718250564,2446300
2012-11-19,36.51008605957031,36.61405420903879,36.2732702087518,36.46387921723353,2112300
2012-11-20,36.78153610229492,36.78153610229492,36.30790469157716,36.56204767674831,2490200
2012-11-21,36.718017578125,36.88552204194636,36.52741079782727,36.804658425858335,1954000
2012-11-23,36.9894905090332,37.01836785404513,36.735345195203244,36.85086559209247,921500
2012-11-26,37.0645866394043,37.318732020055776,36.79311616921142,36.90863659647402,3668600
2012-11-27,36.856632232666016,37.191638863672125,36.538950681667544,36.76999140905413,5494200
2012-11-28,36.81043243408203,36.85086424100564,36.452321199886555,36.793105146362834,5931100
2012-11-29,37.012596130371094,37.0530279399801,36.700691710500145,37.041473476242246,3011100
2012-11-30,37.08768844604492,37.26674300197217,36.98372028946903,37.02415210554091,3312300
2012-12-03,37.237850189208984,37.45733647007081,37.12810484541026,37.243627419602504,3735500
2012-12-04,37.29560852050781,37.49199468930476,37.16275866455086,37.18586317892318,2379700
2012-12-05,37.18009567260742,37.36492740728374,37.04146856654807,37.318718371930615,2487100
2012-12-06,37.526668548583984,37.53821860833984,37.16855500182324,37.28985045957983,2335500
2012-12-07,37.665283203125,37.67106043513,37.503555960879766,37.57286952472923,2812900
2012-12-10,37.647953033447266,37.82700755127141,37.57286665007442,37.71726659199363,1934200
2012-12-11,37.74036407470703,37.844332201912955,37.659500465406445,37.78657311051771,2086900
2012-12-12,37.636417388916016,37.93676744415493,37.486240157927455,37.85012656447929,2335300
2012-12-13,37.34761047363281,37.68261505596726,37.226310620521986,37.543992318217235,2614500
2012-12-14,37.341819763183594,37.44001065003587,37.24940170021501,37.353369817686776,2544500
2012-12-17,37.538204193115234,37.57863599684102,37.341822405514584,37.5150996757382,2315800
2012-12-18,37.925201416015625,37.925201416015625,37.57863804322373,37.65950165507881,2532300
2012-12-19,37.873226165771484,38.11581707191314,37.85589887343817,38.09848977957983,3408800
2012-12-20,38.369964599609375,38.38729189291609,37.821246413453515,37.821246413453515,2695600
2012-12-21,38.30642318725586,38.44504592211559,37.936759623138386,38.052277834398616,2252500
2012-12-24,38.35727310180664,38.47419639843656,38.17019315099605,38.33388755041308,1802600
2012-12-26,38.176063537597656,38.532685604526144,38.082521275951905,38.532685604526144,1724100
2012-12-27,38.31635665893555,38.386513326220545,37.889578071877864,38.24035694796415,2305800
2012-12-28,38.06496047973633,38.42158233364483,38.035727425348604,38.19942182510899,1990300
2012-12-31,38.46836471557617,38.47420775989662,37.936353300029616,38.070819145165956,3718700
2013-01-02,38.947757720947266,39.222527996690374,38.70805909233446,39.1289902233253,5286400
2013-01-03,38.9419059753418,39.13483346609197,38.87174930770391,38.947753479396304,3571000
2013-01-04,39.12314224243164,39.14068029595292,38.88929112135656,39.058833072627515,2338700
2013-01-07,39.21083450317383,39.240067564096,39.02960201440515,39.134834789250576,2243600
2013-01-08,39.13482666015625,39.286826056429405,39.01789890109466,39.21667386133039,1533700
2013-01-09,39.245914459228516,39.29853308198415,39.12899112474379,39.263456973706596,2134400
2013-01-10,39.28683090209961,39.491453390611206,39.13483148707872,39.38037312088645,2824100
2013-01-11,39.263458251953125,39.38622909526075,39.11145434390297,39.339457975808486,2022000
2013-01-14,39.37453079223633,39.38037829676368,39.25760746372369,39.368683287708976,1787200
2013-01-15,39.56162643432617,39.61424507519643,39.257622983805355,39.33947023818945,2101400
2013-01-16,39.514835357666016,39.538220912879204,39.392064538050725,39.497297306340776,2384800
2013-01-17,39.63761520385742,39.70776741723991,39.590844088043035,39.68438185933271,2421900
2013-01-18,39.80714416503906,39.80714416503906,39.555759507154896,39.690220860891166,2277500
2013-01-22,40.011783599853516,40.01762664530123,39.76039437506069,39.84224161472905,2187400
2013-01-23,40.00007629394531,40.06438545682454,39.90653853179104,40.035156857549495,2383100
2013-01-24,40.08192443847656,40.187157211053496,39.9474630659464,40.10530999464241,2346200
2013-01-25,40.3099250793457,40.33331063379646,40.111154557021955,40.222234825578425,2095600
2013-01-28,40.415164947509766,40.508707181753614,40.22808493936129,40.438550506070726,3364700
2013-01-29,40.532081604003906,40.532081604003906,40.37423024217235,40.438539395461056,2343700
2013-01-30,40.14623260498047,40.520392573656444,40.07023289458458,40.520392573656444,1872600
2013-01-31,39.90654754638672,40.1111656288884,39.80715779745189,40.0585470017653,2186400
2013-02-01,40.140384674072266,40.25730797742059,39.959147755442814,40.11699912133498,3376600
2013-02-04,40.046844482421875,40.20469139593511,39.924073669614174,40.00007337458894,2827500
2013-02-05,39.95329666137695,40.21638076077321,39.90068251770033,40.192995210137695,2401200
2013-02-06,40.0936164855957,40.09945952895155,39.772070687486675,39.85976540154718,8277600
2013-02-07,39.924072265625,40.1637663792475,39.81883950687073,40.09361418030344,1793400
2013-02-08,40.29238510131836,40.29238510131836,39.97084377876202,40.011767382008756,2799900
2013-02-11,40.35085678100586,40.39178039442145,40.22224289622782,40.25147149990219,2177700
2013-02-12,40.65486145019531,40.660708954614385,40.345010621069484,40.432705345999565,2357700
2013-02-13,40.631465911865234,40.765931718438786,40.52038565688438,40.754236712473485,2525900
2013-02-14,40.46192932128906,40.62562374359543,40.438543766625514,40.6139331964329,2169200
2013-02-15,40.4794807434082,40.53794241920894,40.32163377271223,40.532099373866835,1504200
2013-02-19,40.800987243652344,40.806834743686665,40.54959826620443,40.60221238550635,1673700
2013-02-20,40.53793716430664,40.9647158169749,40.53793716430664,40.82440692117329,1764500
2013-02-21,40.23392868041992,40.549627000952206,40.14039091526525,40.520393940400794,2185700
2013-02-22,40.63731384277344,40.63731384277344,40.36253918408811,40.42684833656075,1941400
2013-02-25,39.86561584472656,40.818553841591374,39.86561584472656,40.77178272926532,2550400
2013-02-26,40.140384674072266,40.25146047415174,39.82468640262605,40.0702280158604,2382800
2013-02-27,40.43269729614258,40.61977725725563,40.08191846625977,40.19884622966674,1551400
2013-02-28,40.39177703857422,40.608090097421574,40.37423898575883,40.432705108928744,4566400
2013-03-01,40.526248931884766,40.578867558530945,40.081932199379935,40.28655474036665,3862400
2013-03-04,40.830238342285156,40.93547109926375,40.502849525168685,40.502849525168685,3141000
2013-03-05,41.15179443359375,41.2394891631181,40.82440553439803,41.01148554255833,2835800
2013-03-06,41.02900695800781,41.35639572443841,40.877003119163284,41.28039603518485,3021800
2013-03-07,40.836097717285156,41.163491089918494,40.801021608207776,41.163491089918494,1923300
2013-03-08,40.90625,41.05825389023333,40.64901333350343,41.05240638590234,2473300
2013-03-11,40.94132614135742,40.99394475970484,40.754246145651265,40.906250036018434,1712600
2013-03-12,40.78932189941406,40.999787450311786,40.719169689340745,40.999787450311786,2190100
2013-03-13,40.830238342285156,40.94131860252315,40.66654393372692,40.80685724992379,1785000
2013-03-14,41.087493896484375,41.1401125293916,40.84195217049108,40.894566343058145,2647700
2013-03-15,41.181026458740234,41.19856451213514,40.87701866543153,41.046560615480786,2243800
2013-03-18,40.953025817871094,41.08748721055581,40.84779302952073,40.85363607418393,2398300
2013-03-19,40.754241943359375,41.058249692746564,40.49700530316075,40.970554978102626,3055200
2013-03-20,40.88286590576172,40.964713127968324,40.74255701917027,40.912098968123686,3110100
2013-03-21,40.76008987426758,41.04070761166295,40.730856815633736,40.74839486667864,1723800
2013-03-22,40.97454833984375,41.02756860059865,40.80369778613448,40.88617674381949,3143500
2013-03-25,40.98041534423828,41.23963736025572,40.89793642909887,41.04522084824264,2676500
2013-03-26,41.33391189575195,41.36336609009759,41.09236323038726,41.09236323038726,1722600
2013-03-27,41.410499572753906,41.410499572753906,41.12182328787714,41.210190368619486,2463100
2013-03-28,41.55189514160156,41.58135383434736,41.298565666190235,41.45174277789057,2632300
2013-04-01,41.67561340332031,41.693286820994935,41.30445814785701,41.62848578777647,2501200
2013-04-02,41.80522537231445,42.0055345981209,41.705073006793995,41.81701064753188,2546100
2013-04-03,41.65793228149414,41.987848003114095,41.56956071469891,41.9466085379116,2215900
2013-04-04,42.335453033447266,42.38258514773113,41.687402193724495,41.734529813242546,1905200
2013-04-05,42.56520080566406,42.56520080566406,41.881798884376984,41.95838966558987,2288300
2013-04-08,42.906890869140625,42.948130319795354,42.31775329135129,42.58286340345128,1773500
2013-04-09,42.912803649902344,43.09543946032827,42.68893285990692,43.060088128922764,2537900
2013-04-10,43.17791748046875,43.24861564699382,42.948154057719144,43.07776511563235,2088000
2013-04-11,43.431251525878906,43.64334155299162,43.15435596299474,43.27218175816138,2425000
2013-04-12,43.53728103637695,43.56084708597191,43.30751767128157,43.42534342449199,1618800
2013-04-15,42.635894775390625,43.49014259857191,42.635894775390625,43.389990273463646,3345500
2013-04-16,43.34287643432617,43.39000854649563,42.618234817709045,42.94226247041703,3296300
2013-04-17,42.883331298828125,43.230920364697496,42.57697719507386,43.183792767381505,3039700
2013-04-18,42.81853485107422,43.01883954262732,42.612337523074075,42.97760007702729,2616900
2013-04-19,43.47837448120117,43.50782867640401,42.86567058694283,42.97760372033765,1621200
2013-04-22,43.41946029663086,43.64333556942619,43.17202346384529,43.60209609729527,2638500
2013-04-23,43.6609992980957,43.74937086012748,43.348757007712564,43.631540612497,3312300
2013-04-24,43.7552604675293,43.8318512547465,43.56673655976808,43.702240225392316,1750700
2013-04-25,43.607975006103516,43.8377428676267,43.372323497976645,43.81417681786113,2981700
2013-04-26,43.46659851074219,43.7611674944092,43.42535903281944,43.566750886445135,2601000
2013-04-29,43.8377685546875,43.87311540266539,43.507848159414685,43.808309851527895,1889800
2013-04-30,44.350303649902344,44.35619628786943,43.8141904588085,43.86131807824777,2439700
2013-05-01,43.99681091308594,44.43866426137158,43.90843934447587,44.415098210091244,6260100
2013-05-02,44.28548812866211,44.46223126968658,44.06161737882727,44.06161737882727,2590600
2013-05-03,44.46223449707031,44.69789053728693,44.373862920143445,44.585952906861884,2878800
2013-05-06,44.692012786865234,44.72735963150377,44.46814194621022,44.46814194621022,2427700
2013-05-07,44.939430236816406,44.96299628796372,44.60362187380537,44.75679895888057,2442800
2013-05-08,44.9630012512207,45.05726546621534,44.71556442900752,44.88641494761143,2703100
2013-05-09,44.66843795776367,44.97478770562107,44.603632425469,44.86285455464768,2255800
2013-05-10,44.8333740234375,44.8746134789238,44.62717674600602,44.798027202953115,1706300
2013-05-13,45.04547882080078,45.0749375107812,44.79804200611943,44.80982278525258,2114100
2013-05-14,45.2104377746582,45.33415618494719,45.03958725718336,45.057265168451906,2081600
2013-05-15,45.65818405151367,45.65818405151367,45.03369935958556,45.24578934830929,2836800
2013-05-16,45.422523498535156,45.7818979162547,45.28113168501484,45.593373999972705,2485200
2013-05-17,45.67585754394531,45.699423597705426,45.393073888354294,45.5344657161498,1717700
2013-05-20,45.78190231323242,45.8172491463161,45.58159759940474,45.75244811725108,2534100
2013-05-21,46.04112243652344,46.1471674259975,45.87616456284489,45.89383797862974,2321300
2013-05-22,44.92174530029297,46.45939490884145,44.6271764786517,45.97040958617371,5514100
2013-05-23,44.07929229736328,44.55649250173423,43.80239679787127,44.55649250173423,5071800
2013-05-24,43.96737289428711,44.05574450444053,43.466606429773464,43.92613340885109,3020000
2013-05-28,43.590301513671875,44.538813664890434,43.33108395624803,44.47400815184337,3666200
2013-05-29,42.66536331176758,43.28395987092797,42.14692360616517,43.24861303718117,5983200
2013-05-30,42.26475524902344,42.977611628722414,42.21762762907385,42.60056370053066,3753500
2013-05-31,41.69917297363281,42.51218601835313,41.68149955870667,42.11157213255659,6474200
2013-06-03,41.934837341308594,42.123361295989525,41.29856730872332,41.68740049355842,6934600
2013-06-04,41.35157775878906,42.11156595243343,41.35157775878906,41.993735712276894,4116400
2013-06-05,41.0098876953125,41.51654662562679,40.886169281365795,41.26910979773337,4197000
2013-06-06,41.669734954833984,41.71686258134181,40.73889578611582,41.03935744078135,5111000
2013-06-07,41.67561340332031,41.90537682262123,41.09236814623071,41.79933182180808,3588900
2013-06-10,41.31623458862305,41.80522006850157,41.22786750953111,41.7698732368648,3347500
2013-06-11,40.70353317260742,41.21019209904175,40.68585975571684,40.856710276934486,4747000
2013-06-12,40.149742126464844,41.01577541502474,40.02013109079402,40.933296482282344,3558600
2013-06-13,41.19252014160156,41.32213119641157,39.94355069292058,39.978897527954075,4603500
2013-06-14,41.345703125,41.85236214136213,41.086480978554434,41.23376547180468,3547000
2013-06-17,41.46351623535156,41.875915387132586,41.1984060265217,41.6461520075428,4148100
2013-06-18,41.67561340332031,41.94661629545048,41.298565510376996,41.52832892967791,4303700
2013-06-19,40.397193908691406,41.78755999743733,40.267582824945634,41.540123107431626,4929600
2013-06-20,38.71815490722656,40.00836872643842,38.52373826423936,39.931777900237336,8148100
2013-06-21,39.24247741699219,39.572393215600826,38.5355137071835,39.01860662433142,7812200
2013-06-24,39.06462860107422,39.90920382680976,38.23194681978186,38.559073263852284,8414700
2013-06-25,39.71887969970703,39.9567894447879,39.07058029555639,39.516659365926415,11383300
2013-06-26,40.319610595703125,40.42666978015186,40.04601591050127,40.16496854311005,6721700
2013-06-27,41.128501892089844,41.146344333504835,40.56941452640877,40.646733285124434,5114900
2013-06-28,40.87272644042969,41.24743111068247,40.67645062078556,40.973836576216215,6234200
2013-07-01,40.78352737426758,41.35450811096164,40.6645747557798,41.19392162222799,3141000
2013-07-02,41.408042907714844,41.44372778824626,40.39692742772373,40.843006585373736,3707600
2013-07-03,41.13444137573242,41.271236420124644,40.646723888461274,41.271236420124644,2446400
2013-07-05,40.93817138671875,41.19392361280231,40.069804524092476,41.128498308147094,2506100
2013-07-08,40.97980499267578,41.37235228030444,40.94411557543557,41.09280862363994,2918000
2013-07-09,41.56267547607422,41.71731750291981,41.021435188741606,41.217711083843554,1955900
2013-07-10,41.580528259277344,41.68163844805691,41.24745272895651,41.55673682584357,3267800
2013-07-11,42.58568572998047,42.62731959965236,42.06228786299799,42.199082918597846,3844300
2013-07-12,42.32398986816406,42.76412000415114,42.15744984856614,42.72248613368954,3398200
2013-07-15,42.502418518066406,42.63921811311533,42.25261529693519,42.45483565563622,2942200
2013-07-16,42.53215026855469,42.70463470637822,42.413193136736425,42.45482699843517,2946400
2013-07-17,42.686790466308594,42.80574760574307,42.478621144486866,42.72247987701438,2209600
2013-07-18,43.04962158203125,43.067468564460356,42.686810081106486,42.877137053906935,1931600
2013-07-19,43.019866943359375,43.126926102524244,42.83548450728316,43.00796896025717,1864400
2013-07-22,43.15072250366211,43.23399024396933,42.883072306030456,43.0496077866449,1934800
2013-07-23,43.103126525878906,43.33508723726123,42.94848453904064,43.28750438934944,1402800
2013-07-24,42.26451110839844,43.239937154035566,41.973074000772556,43.180460841545845,3115300
2013-07-25,42.32993698120117,42.3953622871429,41.9849680112815,42.22287780218306,1760800
2013-07-26,42.365631103515625,42.43700087228448,42.02661108860658,42.19909105496619,1586800
2013-07-29,42.05039596557617,42.466739260313354,41.984970655513926,42.27046333012663,3562300
2013-07-30,41.92548751831055,42.425098483171226,41.78274347310094,42.169346277555356,2362600
2013-07-31,41.24150466918945,42.068242252022884,40.902484676154295,41.83033245005476,3443900
2013-08-01,41.08091735839844,41.52104753389032,40.973858176494794,41.40209490410936,3445000
2013-08-02,40.87868881225586,41.24744461354695,40.866790829003925,41.18201931891446,2578300
2013-08-05,40.84895706176758,41.0273905464094,40.72405543761911,40.76568931233526,2831300
2013-08-06,40.70621871948242,41.02144732061504,40.64079340176592,40.801379930318376,3889300
2013-08-07,40.599143981933594,40.86084061488295,40.39691911246041,40.82515574169689,2021200
2013-08-08,40.61699295043945,40.82516230708693,40.40287460138729,40.72405212496553,2476400
2013-08-09,40.973846435546875,41.205807173578364,40.503975968373915,40.56345226622162,2893000
2013-08-12,40.68241500854492,40.92626922466584,40.498032560720425,40.92626922466584,2709000
2013-08-13,40.123329162597656,40.74189275034474,40.01032100069872,40.682416442201095,3778200
2013-08-14,39.96868133544922,40.218489053830744,39.93894545456505,40.087638472238226,2538300
2013-08-15,39.23712158203125,39.74267702930269,39.088428536495435,39.64156684739873,3630500
2013-08-16,38.273597717285156,39.2073900740966,38.208172399350694,39.2073900740966,4256700
2013-08-19,37.76803207397461,38.29142993999192,37.75018963525548,38.29142993999192,4763500
2013-08-20,38.624507904052734,38.79104339308101,37.857251225813805,37.98809956624636,4124500
2013-08-21,38.53529357910156,39.147908253981264,38.065422969787996,38.279541337013214,4437200
2013-08-22,38.767250061035156,38.785092500020774,38.32117093538858,38.63045046589287,2499500
2013-08-23,39.17170333862305,39.18359678779867,38.62451392149544,38.791049436468846,2917800
2013-08-26,39.05869674682617,39.25497269938372,38.93974409920182,39.17170493849615,2925200
2013-08-27,38.86836242675781,39.10032322212145,38.66019306396375,38.71372038393146,3355100
2013-08-28,38.63043975830078,38.9397237408292,38.54717204094703,38.9397237408292,2142600
2013-08-29,38.6899299621582,38.69587441644487,38.35091002001226,38.52338994935288,2334600
2013-08-30,38.36280059814453,38.939730263412606,38.30927328705831,38.785088246245145,3852400
2013-09-03,38.02973937988281,38.65424983018189,37.70856406784766,38.51150575124987,6455100
2013-09-04,38.35685348510742,38.48770408006139,37.89293194863516,38.06541641127892,4261500
2013-09-05,37.95240020751953,38.39253246345086,37.91076635114596,38.39253246345086,3024700
2013-09-06,38.541229248046875,38.886193575762526,38.297370538329304,38.297370538329304,4582200
2013-09-09,39.34418487548828,39.34418487548828,38.55908569437285,38.58287712867963,3579700
2013-09-10,39.31442642211914,39.55233611835096,39.08841470646143,39.43932799164709,2905300
2013-09-11,39.629661560058594,39.629661560058594,39.28469720667331,39.35012249767328,2568000
2013-09-12,39.37392044067383,39.849740047385225,39.30255067609357,39.64157067110602,2628600
2013-09-13,39.48691940307617,39.56423814257803,39.290643520781835,39.427443100555436,2582600
2013-09-16,39.87948226928711,40.40288023002416,39.7783675353275,40.06980921298715,4413800
2013-09-17,39.85568618774414,40.18280817341193,39.79026088306023,39.86757963507223,3328300
2013-09-18,41.205810546875,41.253393404148774,39.43933667590761,39.85567987042659,4452500
2013-09-19,41.17012405395508,41.675679413794796,41.14038363489063,41.30097463743731,5138400
2013-09-20,40.498023986816406,41.26528042432292,40.40881181550777,41.080902553284645,4082500
2013-09-23,40.22072982788086,40.68289705608342,40.19672048651385,40.48482342429077,3523100
2013-09-24,39.91462326049805,40.31676949356084,39.89061391503415,40.20872972863052,4447700
2013-09-25,40.04666519165039,40.304759884975105,39.74055181600629,39.998646509331,2626300
2013-09-26,40.292747497558594,40.310757935487665,40.0226504596912,40.112684332084655,1465400
2013-09-27,40.12470626831055,40.34078583564757,39.860612581032676,40.178728449802406,3412300
2013-09-30,39.69853591918945,40.21472529680698,39.54848097405212,39.78856980213456,3804700
2013-10-01,40.27474594116211,40.694902530775785,39.6145051052703,39.70453898728133,4416100
2013-10-02,40.33477020263672,40.35877954503197,39.884605336181785,40.07667549603,2604000
2013-10-03,39.63251876831055,40.25074452488317,39.42244272180252,40.16671410627996,6150600
2013-10-04,39.55450439453125,39.86661682286306,39.3324213152172,39.6505372265888,2389200
2013-10-07,39.734561920166016,39.896623883570584,39.31440975451557,39.33841910388348,2267400
2013-10-08,39.302398681640625,39.86660223946537,39.29639520079694,39.680535547138355,2622000
2013-10-09,39.308406829833984,39.72256009850253,39.254389227476466,39.3144103120899,2896600
2013-10-10,40.31078338623047,40.34679512619915,39.61452588473026,39.62652827161453,2370200
2013-10-11,40.71292495727539,40.75494017540127,40.13071080659154,40.24475407549692,2111100
2013-10-14,40.73692321777344,40.77893842446157,40.370788739785105,40.47882849688517,2278000
2013-10-15,40.58686065673828,40.92898572696217,40.50283025909123,40.67688995470781,3231700
2013-10-16,41.3491325378418,41.391147731404565,40.67688486152485,40.754916349079025,3066400
2013-10-17,41.97336959838867,42.05139652160726,41.13306098652564,41.2050890090214,3258600
2013-10-18,41.93135452270508,42.20745507413114,41.6912656929783,42.195452693335895,2685200
2013-10-21,41.679264068603516,41.943357664713716,41.48119043703564,41.91334942252422,2276500
2013-10-22,42.063411712646484,42.23147255204252,41.685270244690976,41.71528307143216,3611600
2013-10-23,42.141441345214844,42.16545069227981,41.82332551040472,41.985382878949885,4650000
2013-10-24,42.129432678222656,42.28548654189927,41.88934382269413,42.28548654189927,1600400
2013-10-25,42.6456184387207,42.69363254223627,42.13542794745915,42.23146531311758,2213000
2013-10-28,42.33951950073242,42.67564123655202,41.98538731822375,42.67564123655202,3347400
2013-10-29,42.093421936035156,42.33951430478466,41.85333762809324,42.11143238051398,3174900
2013-10-30,41.73929214477539,42.15344533866805,41.53521499875786,42.03940209297253,2466500
2013-10-31,41.493194580078125,41.88333837961817,41.21109511081201,41.78730558949464,4039600
2013-11-01,41.70927810668945,41.83532373175324,41.25311429578648,41.66126399665153,3448800
2013-11-04,41.78731155395508,41.98538064289157,41.403171180003525,41.931363049358296,2640800
2013-11-05,41.10305404663086,41.62524234349288,41.02502254162762,41.62524234349288,2533800
2013-11-06,41.04303741455078,41.41517542196813,40.98901981859317,41.1570806673253,2256900
2013-11-07,40.5328483581543,41.19308931997437,40.44281445897103,41.04903782886974,3236900
2013-11-08,39.98665237426758,40.34678340730033,39.410441805552274,40.16671560112669,3577500
2013-11-11,40.02865982055664,40.274747556656806,39.884603771835245,39.914616593480616,2243000
2013-11-12,39.848602294921875,40.00466076483796,39.530486452669166,39.92063033780195,2269900
2013-11-13,40.10669708251953,40.10669708251953,39.59050755651413,39.78858124007047,2547100
2013-11-14,40.38878631591797,40.682892702391165,40.15470098678232,40.208718564592175,2483500
2013-11-15,40.53885269165039,40.60487724715211,40.298763815218166,40.42480944499933,2140300
2013-11-18,40.28676986694336,40.69491966853828,40.24475464821956,40.68891618605905,1739500
2013-11-19,40.00465774536133,40.298764217788744,39.842595805942,40.20273141384518,2202800
2013-11-20,39.51847839355469,40.37679308532425,39.40443971963314,39.9806503087539,2922700
2013-11-21,39.8245849609375,39.92062233218508,39.46445397738687,39.62651131722478,2998000
2013-11-22,39.66853332519531,39.944638525225294,39.45845726370701,39.90262331292764,1919400
2013-11-25,39.48246383666992,39.74055857388362,39.42844624436012,39.710550326816296,2934200
2013-11-26,39.34441375732422,39.57849913698952,39.254379862226614,39.57249565616591,2673400
2013-11-27,39.680538177490234,39.71055100438402,39.30240128692649,39.362422361399624,2990600
2013-11-29,39.31439971923828,39.72855287631761,39.2543786507969,39.51247336647744,2259600
2013-12-02,39.08631896972656,39.386428900018124,38.930260523767,39.27238566112681,3659000
2013-12-03,39.00828170776367,39.14033079031986,38.84022090426068,38.960267606272424,2246800
2013-12-04,39.15234375,39.428444337967306,38.64815668291446,38.696175371077686,3189600
2013-12-05,39.29039764404297,39.344419821153174,38.84023267848888,39.11633330784428,2622100
2013-12-06,39.57250213623047,39.67453843036978,39.380431932250346,39.56649865442378,2022500
2013-12-09,39.76457977294922,39.80059151189086,39.41045212851451,39.77058325587807,2326100
2013-12-10,39.662532806396484,39.92062755122411,39.662532806396484,39.692541054349064,2439600
2013-12-11,38.75019836425781,39.73455871229626,38.714186632770854,39.66853415169364,2789100
2013-12-12,38.53411102294922,38.77419986937071,38.39005954682187,38.69016946002027,2746100
2013-12-13,38.63014602661133,39.086314348934145,38.528109761410334,38.67216122871254,3165400
2013-12-16,38.76219177246094,38.86422802886836,38.58812749895306,38.72017657398064,2571400
2013-12-17,38.9422721862793,39.050311970103415,38.63015979929585,38.780214800200724,2640100
2013-12-18,39.63251876831055,39.66853049647924,38.504107018985756,38.96027541948487,4120500
2013-12-19,39.08631896972656,39.53648386516391,38.86423597275772,39.51847342272256,3297500
2013-12-20,39.326416015625,39.36243233288427,38.984290767213395,39.08032817415064,3832900
2013-12-23,39.40443801879883,39.64452689873141,39.356419326949414,39.446453229338445,4183400
2013-12-24,39.439796447753906,39.53733141162009,39.336169036688375,39.427606902632164,1801200
2013-12-26,39.47026824951172,39.76896086919776,39.372733307977185,39.51293862375258,4333500
2013-12-27,39.55561065673828,39.622664769174655,39.208150551714404,39.56170775352036,3277100
2013-12-30,39.567813873291016,39.720208772539756,39.47637600359712,39.54952257877364,3603900
2013-12-31,39.35445022583008,39.71410454184043,39.28739611014548,39.57389921339379,5576900
2014-01-02,39.36055374145508,39.47027825312977,39.043574402574386,39.18377510316123,5829600
2014-01-03,39.579994201660156,39.73238906541971,39.263014931358036,39.31177775321225,2771700
2014-01-06,39.781158447265625,39.96402950212056,39.57999610127504,39.70800723489022,2917500
2014-01-07,39.95793914794922,40.12252357100836,39.665338933849775,39.76896633543229,2582600
2014-01-08,39.76287078857422,40.000606409303195,39.586092184569196,39.85430398829901,3368400
2014-01-09,39.76287078857422,39.93355229569018,39.47027059728811,39.92135810191203,2543000
2014-01-10,40.30540084838867,40.329784588068954,39.9945139808686,40.08595184198895,2683900
2014-01-13,40.03717803955078,40.372448593801806,39.927453553679726,40.29320028967589,3650800
2014-01-14,40.329776763916016,40.45169078794276,40.02498705312725,40.17738190852163,2383400
2014-01-15,40.63457107543945,40.707717637848546,40.32368423303349,40.32368423303349,3069700
2014-01-16,40.70771789550781,40.72600453622583,40.56751721618802,40.56751721618802,2704800
2014-01-17,40.46998977661133,40.82354706519384,40.4334164883867,40.750395838021255,2957800
2014-01-21,40.835731506347656,40.994223486714276,40.59189876364273,40.671147079187406,3255800
2014-01-22,41.01251220703125,41.12833381209848,40.84183067370458,40.860117316457725,3432800
2014-01-23,40.91498565673828,41.000326431246954,40.719920364900815,40.87231526948394,3262600
2014-01-24,40.402931213378906,40.7930617473681,40.317590449738944,40.732104723442816,2745800
2014-01-27,40.092041015625,40.585803565073434,39.9335536967268,40.4273115954528,3818500
2014-01-28,40.42731857299805,40.500469798692116,40.1042421316149,40.14081541910032,2406700
2014-01-29,40.207855224609375,40.409017535571664,40.006692913647086,40.226141861838386,3308200
2014-01-30,40.81743621826172,40.96983106883052,40.32367839064976,40.36025166655531,2990100
2014-01-31,41.036895751953125,41.219771480058625,40.36635916677121,40.49437031615588,5454400
2014-02-03,40.384647369384766,41.03689733709533,40.22615537561941,40.97594030894655,7310400
2014-02-04,40.8723030090332,40.89668209381691,40.268816019390954,40.42730797481718,4472100
2014-02-05,40.786964416503906,40.847921433129976,40.561418339192954,40.59799161902414,2656000
2014-02-06,41.08565139770508,41.14660840593993,40.786958801849195,40.811337884565845,2755500
2014-02-07,41.396541595458984,41.457498608714836,41.08565478191553,41.34167702802331,5918800
2014-02-10,41.786678314208984,41.90859235896417,41.25634245300629,41.52455893233492,6276300
2014-02-11,41.95125198364258,42.15851138745351,41.65255939506955,41.71351640181812,7136400
2014-02-12,41.97564697265625,42.079274376989645,41.768387513266724,42.07317727946334,3335400
2014-02-13,42.13414001464844,42.3292052838991,41.75010192310414,41.82325314309421,2754600
2014-02-14,42.29872512817383,42.377968796398505,42.06708657055502,42.06708657055502,2509200
2014-02-18,42.50597381591797,42.50597381591797,42.079265443400864,42.432822613300864,3819900
2014-02-19,42.481597900390625,42.93268543941369,42.40234958695612,42.426733325649614,4334000
2014-02-20,42.39015579223633,42.81685954977756,42.23776092872558,42.487686086507686,3503400
2014-02-21,42.49378204345703,42.6705606384745,42.18289522803169,42.414538390816936,2406000
2014-02-24,42.59740447998047,43.018015731325626,42.5730207472206,42.65836613724089,3690100
2014-02-25,42.73762512207031,42.9387875015088,42.579133127598496,42.67057099559082,3329500
2014-02-26,42.83515548706055,42.99364748171612,42.67666814312813,42.88392297014275,4623500
2014-02-27,42.719337463378906,42.9936464101137,42.53646173174035,42.853445713150776,3334400
2014-02-28,43.11555480957031,43.27404211167183,42.70104061422415,42.76199762662642,8733500
2014-03-03,43.13994598388672,43.18261636959884,42.70714502859996,42.84735038206736,5816200
2014-03-04,43.76171112060547,43.81657104107428,43.36548353123776,43.44472718882237,4444400
2014-03-05,43.70684051513672,43.89581328901353,43.36547754408957,43.7921812578985,3489400
2014-03-06,43.34110641479492,43.786101546370524,43.243576102155565,43.786101546370524,3705600
2014-03-07,42.87172317504883,43.26185364498851,42.68275038596533,43.13993496643108,3665900
2014-03-10,42.64618682861328,42.938787073124935,42.48160238844762,42.89001959058581,6387500
2014-03-11,42.91439437866211,43.078978784490666,42.67056166756019,42.70104250046873,5101900
2014-03-12,43.04240417480469,43.09117164566172,42.761998193459746,42.761998193459746,2711900
2014-03-13,42.84123229980469,43.20088650383571,42.761988665360334,43.121638218670405,3688000
2014-03-14,42.95095443725586,43.146019615951836,42.768083448258785,42.877803251224606,2713900
2014-03-17,43.04240417480469,43.32281015614962,42.914393051846474,43.29842642072111,3115600
2014-03-18,43.1704216003418,43.21918907831854,42.87782138320403,43.054600002827705,2483700
2014-03-19,42.35357666015625,43.39595682443099,42.2072742628843,43.280135255937736,4561500
2014-03-20,42.426734924316406,42.438929119483944,41.93297698665526,42.286534234949244,3811500
2014-03-21,42.816856384277344,42.95706169465944,42.518163776081174,42.56083414868063,2970400
2014-03-24,42.53644943237305,42.96925024466917,42.31700047814942,42.93877406535693,5826500
2014-03-25,42.92485046386719,43.00461193809108,42.60579988585921,42.86963206196889,3125500
2014-03-26,42.440128326416016,43.182538587790305,42.43399607017914,43.102777126706194,4286800
2014-03-27,42.710086822509766,42.74689907526381,42.256051874471446,42.4278486288043,3097600
2014-03-28,42.96780014038086,43.12732777168685,42.78373411759313,42.802140251760655,2278400
2014-03-31,43.32979965209961,43.45864725764243,42.820541486540904,43.225490435230924,3597700
2014-04-01,43.52613067626953,43.52613067626954,43.02914180613305,43.421821480616835,5804400
2014-04-02,43.56294631958008,43.60589551603099,43.274571137219134,43.501590993380404,3266700
2014-04-03,43.47090530395508,43.64270206728858,43.31751466796292,43.62429593994723,2372300
2014-04-04,43.6181640625,43.88813311111183,43.421824212903566,43.654981002563325,3600300
2014-04-07,43.75928497314453,44.053797084389636,43.61203125807758,43.63043738732205,3845100
2014-04-08,44.02924728393555,44.053790346211294,43.630430713898015,43.7960905328712,2935500
2014-04-09,43.9188117980957,44.17650696525971,43.68565501542349,44.17650696525971,4339600
2014-04-10,43.50159454345703,44.16424335515817,43.38501613738599,43.98630961788036,4136300
2014-04-11,43.237762451171875,43.65498525736755,43.17640711990139,43.42182844498332,3785000
2014-04-14,43.495445251464844,43.55680056524412,43.176394811146416,43.458632999419365,2963500
2014-04-15,44.01085662841797,44.02926276131737,43.464781492766946,43.55681683837609,3800100
2014-04-16,44.293087005615234,44.34830539444424,43.980168758917,44.16423941723627,2141600
2014-04-17,44.03538513183594,44.26854191251475,43.875862228447474,44.26240497588871,3736800
2014-04-21,44.28695297241211,44.33603910866378,44.04152697226534,44.09675004582637,2447200
2014-04-22,44.38512420654297,44.440347284636225,43.9556321818709,44.33604274737472,2889700
2014-04-23,44.207191467285156,44.46488666067934,44.09675000138599,44.37898826288128,3180700
2014-04-24,44.3912467956543,44.47714517282354,44.21945004131579,44.29921148265568,2332400
2014-04-25,44.219459533691406,44.44034245985976,44.12129194490073,44.41579939238422,2608900
2014-04-28,44.56304168701172,44.5998586193383,44.13968675469341,44.35443268863897,2994200
2014-04-29,44.59373474121094,44.78393766966867,44.471024080485634,44.698039270938615,2944200
2014-04-30,44.75327682495117,44.783952159501666,44.452627651009415,44.67964759602628,2660700
2014-05-01,44.94345474243164,44.98640393173289,44.36670447372015,44.82687636528088,3817400
2014-05-02,44.93119430541992,45.12753416349342,44.704174442820914,44.728717510219035,3495200
2014-05-05,45.023223876953125,45.060040817723035,44.59986884754567,44.790071763930015,2628500
2014-05-06,44.863685607910156,45.029345400781104,44.71029500368863,44.82686867974236,2879800
2014-05-07,45.40363693237305,45.434316937880105,44.88824654385806,44.96187106729642,4417300
2014-05-08,45.50796127319336,45.71657510301577,45.34230134222544,45.38525055996628,3389200
2014-05-09,45.53861999511719,45.67973678122121,45.28092480918784,45.53861999511719,3706300
2014-05-12,45.67973709106445,45.77177242412391,45.48953416889,45.48953416889,2983200
2014-05-13,45.38522720336914,46.029465137937635,45.31773494149369,45.69814544650883,2476600
2014-05-14,45.40363693237305,45.58770760319218,45.213434005341796,45.434316937880105,3956800
2014-05-15,45.379093170166016,45.452722373589914,45.00481957803974,45.43431624301183,2941200
2014-05-16,45.796329498291016,45.802466437335,45.18890360409839,45.422055795527655,2478900
2014-05-19,45.612239837646484,45.7779043552596,45.403630807894835,45.7779043552596,2420400
2014-05-20,45.47112274169922,45.77176709230151,45.323869034624146,45.64291951347196,2210200
2014-05-21,45.17047882080078,45.6245138192495,45.09684962600734,45.6245138192495,2164800
2014-05-22,45.09071350097656,45.34227641021485,45.06617043560373,45.21342882784076,1820600
2014-05-23,45.489532470703125,45.507938600405595,45.09071582974152,45.09071582974152,1418000
2014-05-27,45.81473159790039,45.83927467080109,45.514087146813715,45.612254757304,2713200
2014-05-28,45.52633285522461,45.66745428131957,45.256368554819176,45.649048156418075,2363100
2014-05-29,45.61838150024414,45.649061504791256,45.40977244888042,45.58770617680849,2379800
2014-05-30,45.826995849609375,45.88221424120374,45.538620654985834,45.57543291604874,3281400
2014-06-02,45.96811294555664,46.08469134785183,45.74723001547711,45.96811294555664,3096500
2014-06-03,45.94356918334961,45.99879225559074,45.78404626601186,45.96197999483765,1828800
2014-06-04,46.03561019897461,46.1337824812499,45.79018417439846,45.949711792539766,1910500
2014-06-05,46.88233184814453,46.900737981616984,45.961987725623715,46.1399168032656,4992400
2014-06-06,46.68597412109375,47.10319685966239,46.600075735015885,47.10319685966239,9927200
2014-06-09,46.121498107910156,46.83936520448756,46.035599721026244,46.73506068914438,2468000
2014-06-10,45.77790069580078,46.133768086340915,45.61223619143078,46.0846819605194,2614700
2014-06-11,45.655189514160156,45.85152933397813,45.428169695794466,45.59382951706472,2365800
2014-06-12,45.53861999511719,45.685873718346606,45.18888947675266,45.64906145781712,2249600
2014-06-13,45.655189514160156,45.7288140208978,45.23796681190815,45.538611137011486,1853100
2014-06-16,45.42204284667969,45.80859031733465,45.35455057977523,45.618382710098615,2643400
2014-06-17,45.53861999511719,45.587706129897484,45.21956480015674,45.39136627188777,1942400
2014-06-18,45.85765838623047,45.96196756534172,45.35453734051406,45.544744892227364,2734500
2014-06-19,46.23808288574219,46.238082885742195,45.83312927923552,45.980387689480665,2555800
2014-06-20,46.397621154785156,46.42216422880093,45.986530516411875,46.238093514239,2133100
2014-06-23,46.2073974609375,46.57553876226425,46.201265205396865,46.3791942382974,4780100
2014-06-24,46.24147033691406,46.390100404745745,46.09284499379684,46.21050928298498,3286300
2014-06-25,46.14856719970703,46.30958070744202,46.03090766207024,46.19191644509183,3838900
2014-06-26,46.105220794677734,46.19191929078847,45.96898367558493,46.173341716580985,2612600
2014-06-27,46.45819854736328,46.464392645626226,45.99993449487072,46.03708963502312,2013100
2014-06-30,46.34674072265625,46.49537077220178,46.037101873173896,46.489176672292245,4124700
2014-07-01,46.594459533691406,46.718317926352725,46.21669970432492,46.377713252427334,3025500
2014-07-02,46.48298263549805,46.59445281045161,46.216693035593096,46.59445281045161,2935000
2014-07-03,46.21669387817383,46.37151330594775,46.018525199611766,46.31578057981185,2878500
2014-07-07,46.35293960571289,46.42725463815421,46.14238743420074,46.14238743420074,2436200
2014-07-08,46.48917770385742,46.643997132033945,46.21050462302529,46.21050462302529,3175000
2014-07-09,46.56349563598633,46.6378059423313,46.23527918372461,46.551107435119306,2534800
2014-07-10,46.774044036865234,46.87932011218558,46.27243061057451,46.328163335845076,3409400
2014-07-11,46.780235290527344,46.83596801240694,46.5511008540239,46.75546361700965,2629400
2014-07-14,47.00936508178711,47.0527143249811,46.69353218153768,46.8917008253835,1907000
2014-07-15,47.04032516479492,47.12702364940933,46.79880728269579,47.04032516479492,2907800
2014-07-16,47.18895721435547,47.23230646286425,46.90409004919577,47.139418590855236,2204200
2014-07-17,46.94744110107422,47.17657555183013,46.879320175841755,47.10226052665456,2930400
2014-07-18,47.41188430786133,47.42427250380994,46.94123680548728,46.97219784593397,2042200
2014-07-21,47.23849868774414,47.325197181320775,47.096067473174045,47.2880420339918,2612300
2014-07-22,47.38711166381836,47.529547566016646,47.31899548635484,47.31899548635484,2536100
2014-07-23,47.473819732666016,47.541935917121585,47.31900034359478,47.44285396496665,1972200
2014-07-24,47.41188430786133,47.61005292062735,47.30041416788591,47.591475351416854,2035000
2014-07-25,47.083675384521484,47.47382329809852,47.06509781239175,47.47382329809852,4739600
2014-07-28,47.41188430786133,47.53574264378535,47.127017222304694,47.157982987463804,2155500
2014-07-29,47.1827507019043,47.52335046655862,47.120819176774404,47.498578801449064,1898000
2014-07-30,47.083675384521484,47.36235314060696,46.860735069538364,47.17037387093568,3117400
2014-07-31,46.3838996887207,47.01556085041611,46.3838996887207,46.848357953845316,3195700
2014-08-01,46.27241897583008,46.693527895941656,46.27241897583008,46.377695024679795,3394800
2014-08-04,46.594459533691406,46.69974034863217,46.068074357845916,46.39629083014788,2458400
2014-08-05,46.11760711669922,46.56967715305846,46.01852042534112,46.414857741346545,2968400
2014-08-06,46.09904098510742,46.3157872703582,45.82655724095521,45.98757079201922,1930600
2014-08-07,46.12379455566406,46.37150179886261,46.02470787861439,46.24145407876953,2299300
2014-08-08,46.396270751953125,46.427236517896525,46.030899282326196,46.19810213416796,2574200
2014-08-11,46.68733596801758,46.82357779037461,46.44581809191665,46.52013310176037,2307300
2014-08-12,46.613006591796875,46.823563359102906,46.52630813605659,46.67493810993549,1510400
2014-08-13,47.28804016113281,47.30661773406153,46.69972830306114,46.69972830306114,1847200
2014-08-14,47.257076263427734,47.461439023172915,47.15799429564172,47.37474052959257,2020500
2014-08-15,47.207523345947266,47.510967981585736,47.03412168658459,47.40569194622106,2972400
2014-08-18,47.671993255615234,47.67818263002026,47.31900520128417,47.31900520128417,2328200
2014-08-19,47.77106857299805,47.88873281631243,47.610055091311935,47.77726267125475,1893300
2014-08-20,47.987815856933594,48.06213086356747,47.510974223992946,47.777263758540066,2361100
2014-08-21,47.91350555419922,48.20456203278513,47.88253978693704,48.024975701745234,2436900
2014-08-22,47.52956008911133,47.91351393665641,47.36854657566165,47.89493163822049,2568700
2014-08-25,47.424278259277344,47.80822733545731,47.257070666665506,47.76487809380109,1913700
2014-08-26,47.51719284057617,47.647240625753675,47.436683694003065,47.44907189719054,1762400
2014-08-27,47.54814147949219,47.68438333067692,47.43047720352102,47.57291315468159,1527300
2014-08-28,47.54194641113281,47.64103310987211,47.37474351290254,47.51098536131216,2491900
2014-08-29,47.79585266113281,47.79585266113281,47.504791388698834,47.603878087703535,1857400
2014-09-02,47.80203628540039,47.88873476567299,47.67198856499148,47.71533780512778,2356800
2014-09-03,47.9258918762207,47.98781868971484,47.752494908551895,47.90112020588044,2254000
2014-09-04,47.746307373046875,48.062140307408654,47.59768205528813,47.92589846416578,2032500
2014-09-05,48.254112243652344,48.27268981677067,47.7648823444448,47.82681388779046,2285600
2014-09-08,48.20457077026367,48.35320081040728,48.06213955435137,48.2169589692991,3472300
2014-09-09,47.90731430053711,48.204564895168716,47.82061581671013,48.204564895168716,2389600
2014-09-10,47.15181350708008,47.83921227502855,47.11465834926066,47.83921227502855,3369300
2014-09-11,47.18895721435547,47.331393159292176,46.97221097181154,47.1022587173379,3158100
2014-09-12,45.73985290527344,46.98460244887934,45.48594677149962,46.97221424860478,5664200
2014-09-15,45.51692581176758,45.95041845342204,45.35591223427501,45.72128865342558,4031200
2014-09-16,45.96279525756836,46.099037118216195,45.516914522617014,45.535492099120944,3866000
2014-09-17,45.95039749145508,46.352928889199234,45.88847067442828,46.105216896378735,3340200
2014-09-18,45.54787826538086,46.07426338324119,45.52310658957738,46.00614245596013,3321000
2014-09-19,45.603599548339844,45.80176818032392,45.44878015695501,45.54786683530348,3465500
2014-09-22,45.24441909790039,45.578829562611595,45.24441909790039,45.54786851801853,2511100
2014-09-23,44.91620635986328,45.42401383439288,44.89762878666433,45.22584517908165,5408600
2014-09-24,44.796199798583984,45.33372959002335,44.70869539240851,44.90870614489996,4459300
2014-09-25,44.596187591552734,44.88370274084213,44.43367737025618,44.82120027684571,5149900
2014-09-26,45.19621658325195,45.23996878177019,44.4524292084419,44.527430252397735,3992400
2014-09-29,45.13371276855469,45.16496638168586,44.677440536083424,44.9274503666054,3798600
2014-09-30,44.90871047973633,45.25873290685683,44.802455800357315,45.15247345884487,4720400
2014-10-01,44.94622039794922,45.24623420216784,44.75245651539819,44.75245651539819,6004400
2014-10-02,44.8712043762207,45.17121811233224,44.5774375484969,44.908704901076554,4035000
2014-10-03,45.1524658203125,45.26497215845528,44.796196544299036,45.05870974375482,3338400
2014-10-06,45.271236419677734,45.527498013629945,45.158730050260466,45.271236419677734,2874400
2014-10-07,44.914947509765625,45.40247330898965,44.908695834007744,45.18371234377776,2711000
2014-10-08,45.89000701904297,45.9150089577531,44.99620797684268,45.0274615923884,4952700
2014-10-09,45.89000701904297,46.43378845656585,45.81500597154479,45.84625481845829,4812800
2014-10-10,45.93376541137695,46.502548864280456,45.921266824653216,45.95876735345728,4856500
2014-10-13,45.97753143310547,46.446307258544586,45.94003089303332,46.12754313066268,4322300
2014-10-14,46.7213134765625,47.040082301720226,46.10877777024306,46.171285014549724,4833400
2014-10-15,46.540042877197266,46.91506241863145,46.11501945860327,46.558793138974146,6098400
2014-10-16,46.615047454833984,46.74630405241815,45.93375776036528,45.93375776036528,4380100
2014-10-17,46.67131042480469,47.040083144561954,46.28379220750607,46.98382757740464,3592900
2014-10-20,47.38383865356445,47.39634200733305,46.683803438755554,46.752557578586035,3538000
2014-10-21,47.81511688232422,47.84011882286461,47.26508849633331,47.53385339635181,3590600
2014-10-22,47.82761001586914,48.14012708404783,47.746357294850206,47.84636504561076,3685100
2014-10-23,48.19637680053711,48.30263144638119,47.865109511357666,48.10887241353241,4636200
2014-10-24,48.15887451171875,48.40888431189104,47.8838580091717,48.23387554431793,3367300
2014-10-27,48.51515197753906,48.5339022388793,48.09637547686802,48.13388076818058,3241900
2014-10-28,48.7276611328125,48.7276611328125,48.32763966346634,48.37764353929263,2537300
2014-10-29,48.4526481628418,48.677660852046195,48.033876401290655,48.64641200382095,3652200
2014-10-30,48.758907318115234,48.758907318115234,48.208874305097076,48.39013475087521,2619400
2014-10-31,49.37144088745117,49.40894617510561,48.940170612793914,48.99642139132814,5992000
2014-11-03,49.802734375,49.802734375,49.296458106167925,49.39646111680839,5130100
2014-11-04,49.88398361206055,49.89023528998398,49.377707378822535,49.790232286374284,2749400
2014-11-05,49.77772903442383,50.11524811349799,49.49021384157541,49.9902431665667,2257200
2014-11-06,49.39646911621094,49.9465024540243,49.31521635886767,49.758990221836264,3025000
2014-11-07,49.33396911621094,49.571480489476926,49.09645774294495,49.44647550747049,3680900
2014-11-10,49.7402229309082,49.76522487121972,49.177691195480364,49.221443398867386,2141300
2014-11-11,49.54645538330078,49.777719737426736,49.32769438271254,49.72146895240355,2158300
2014-11-12,49.17142868041992,49.59645203477172,49.09017596879071,49.56520319274424,3648500
2014-11-13,49.44020462036133,49.55896264517427,49.20894501662986,49.271447483351,4038700
2014-11-14,49.03392791748047,49.52770547584377,48.93392493162441,49.440201074982646,3117900
2014-11-17,49.25270080566406,49.33395354145327,48.971432531994544,48.971432531994544,2501400
2014-11-18,49.465206146240234,49.53396028964706,49.165192401039974,49.25894371601974,2609900
2014-11-19,49.021427154541016,49.48395107691948,49.015175478005204,49.327692543948054,2985900
2014-11-20,49.18394088745117,49.24644335139085,48.79016630422977,48.98393014166481,3400800
2014-11-21,49.49021530151367,49.61522025213255,49.35270699465298,49.55896945494401,2827500
2014-11-24,49.665218353271484,49.827728585048305,49.55896368076199,49.59021253045927,3367400
2014-11-25,49.75273513793945,49.86524151582677,49.57147459753024,49.77148540614837,4664900
2014-11-26,50.23399353027344,50.277745727570334,49.78396820457282,49.78396820457282,2303900
2014-11-28,50.359004974365234,50.902786441521556,50.252750305530974,50.359004974365234,2225200
2014-12-01,50.23399353027344,50.66526382687664,50.17148630387913,50.31524624850144,5767100
2014-12-02,50.546504974365234,50.602755749515055,49.915219253217536,50.22773627595562,3641400
2014-12-03,50.49651336669922,50.6152713901359,50.34650649458037,50.55901583269603,3620900
2014-12-04,50.62776184082031,50.69651597295888,50.23399207654357,50.4840019003583,3367000
2014-12-05,50.37149429321289,50.515254230024716,49.977724538934304,50.515254230024716,4100400
2014-12-08,50.69028854370117,51.49033180731292,50.27776832217874,50.284015232720016,2651600
2014-12-09,50.92154312133789,51.02779780356192,50.140250277985174,50.190254164431686,3905800
2014-12-10,50.87153244018555,51.040294342243406,50.6590231041215,50.790279712037375,3634400
2014-12-11,50.965274810791016,51.17153718286518,50.802764629584296,50.86526707816191,2845100
2014-12-12,50.521514892578125,51.121547144766105,50.50276462979607,50.85278225141428,3903500
2014-12-15,49.8652229309082,50.809025817613936,49.77146685617298,50.80277414099638,5900900
2014-12-16,49.79648208618164,50.246507550130346,49.48396493273208,49.86523624143121,7097800
2014-12-17,50.94027328491211,50.965275218269284,49.86521399370966,49.87146566920675,7227900
2014-12-18,51.29655456542969,51.35281012088376,50.89653307481168,51.29655456542969,6041800
2014-12-19,51.27155685424805,51.52782317614388,51.12780165253848,51.402813469621755,5490300
2014-12-22,52.12874221801758,52.1667538528261,51.3874863374955,51.41282903857651,3600200
2014-12-23,51.983036041259766,52.350493181628224,51.84365357983905,52.312481540741395,4804100
2014-12-24,51.76762008666992,52.21111012999454,51.710602631262816,52.1160762040231,1306900
2014-12-26,51.95136260986328,52.10975091050311,51.77396848652705,52.027390734276246,2907700
2014-12-29,52.23645782470703,52.43919464922259,51.82465212407933,51.88800647543535,2789100
2014-12-30,52.19844436645508,52.50888406084922,52.07173566814682,52.23012395784564,3292600
2014-12-31,51.31781005859375,52.641933948606436,51.26712464167518,52.43919711455956,4494500
2015-01-02,52.09074020385742,52.135088730533425,51.53321034435689,51.761289862584036,5570500
2015-01-05,52.375850677490234,52.50889629179244,51.79298279570111,51.951371122293466,6073700
2015-01-06,52.895355224609375,53.06008040974483,52.4265272108225,52.4265272108225,7577100
2015-01-07,53.7062873840332,53.782315486546224,52.8193170228443,53.09807706480684,6920700
2015-01-08,53.90903854370117,54.080100611599974,53.478227015368766,54.07376372629295,5255000
2015-01-09,53.93436813354492,54.18145343052362,53.573243096912506,53.90902543210787,4643900
2015-01-12,54.34617233276367,54.403194612855984,53.966041522108426,54.06740748259126,5131800
2015-01-13,54.26382827758789,54.69464461303906,53.978726459841525,54.536256325500055,5859600
2015-01-14,54.732662200927734,54.7580049097222,53.94705756280915,54.23215457789883,6249100
2015-01-15,54.859371185302734,54.9987536675548,54.51091981330006,54.846702247655955,5004100
2015-01-16,55.33452606201172,55.404217290492966,54.66296131514867,54.85936123161768,4717000
2015-01-20,54.897403717041016,55.657665872457066,54.77069013538574,55.5816425570928,5012700
2015-01-21,54.859371185302734,54.922730374419125,54.59961687771002,54.922730374419125,4354500
2015-01-22,55.83503341674805,55.89205570969735,54.93538916750568,55.074771624018894,4450600
2015-01-23,55.67665481567383,55.974425600219625,55.54994610607569,55.82237418197638,3491800
2015-01-26,56.14549255371094,56.189841089286524,55.524608222024895,55.752687786021575,2885100
2015-01-27,56.16448974609375,56.38623238989037,55.94274710229713,56.00610145286372,3209400
2015-01-28,55.790679931640625,56.55727854066823,55.790679931640625,56.27851848605666,3948900
2015-01-29,55.987098693847656,56.04411616238861,55.41056295480978,56.04411616238861,3337500
2015-01-30,54.83403396606445,55.91107252314426,54.827697080351506,55.885729813919994,4969800
2015-02-02,54.688316345214844,54.92273278781464,53.65562628784801,54.82136194767602,7523600
2015-02-03,55.16349411010742,55.182499938646,54.27018633339264,54.69466594951689,4617400
2015-02-04,54.935401916503906,55.17615041222638,54.61862529041384,55.036772756994026,3332800
2015-02-05,55.59429168701172,55.61963439431172,54.91005309079336,55.068441386197954,2921600
2015-02-06,53.978729248046875,55.53727433152712,53.74431766390215,55.46124620947556,6323300
2015-02-09,53.59859085083008,54.238480829963365,53.585921915730346,53.92804116694141,4235700
2015-02-10,53.7696647644043,53.89003659212004,53.12343775823523,53.693636636141,6144500
2015-02-11,53.61128234863281,54.05476772818049,53.243820272077244,53.877373576361414,4027100
2015-02-12,54.25116729736328,54.308189607806234,53.547922748211384,53.73799067151712,4523100
2015-02-13,53.890037536621094,54.44756748640163,53.57326091374676,54.42222477653636,3444500
2015-02-17,53.75698471069336,54.396874756320976,53.63027601202296,53.85201865150966,6414800
2015-02-18,54.25749206542969,54.32718329950113,53.357847741123585,53.75064760556955,5487900
2015-02-19,53.09175491333008,54.28916995780905,52.971378270314396,54.28916995780905,5415600
2015-02-20,53.60493850708008,53.68729868584489,53.02207070283489,53.1044308815997,4982700
2015-02-23,54.0357551574707,54.06109786651406,53.566927124237296,53.611275656656304,3883800
2015-02-24,52.97138214111328,53.947054625248676,52.74330260801009,53.947054625248676,6027700
2015-02-25,52.98405456542969,53.554253435718294,52.920700209537074,53.02840309791728,6699700
2015-02-26,52.407508850097656,53.00305026136618,52.28713222434096,52.97770755943707,4738700
2015-02-27,52.81932830810547,52.95237389071003,52.22378679524288,52.57224296417886,4328200
2015-03-02,53.1234245300293,53.70629220069259,52.87633921673451,52.952367326066124,5353500
2015-03-03,53.022071838378906,53.17412326151938,52.56591273532989,53.05374659998489,4311400
2015-03-04,52.51521682739258,53.09175247682297,52.39484018990127,53.0220612481308,3054200
2015-03-05,52.667274475097656,53.18678789292142,52.61659389390615,52.64826865294744,3503900
2015-03-06,50.918670654296875,52.00837806017435,50.82363671087456,51.989372238215324,7166500
2015-03-09,51.32415008544922,51.4381898636822,51.096070528983276,51.096070528983276,6548000
2015-03-10,51.286128997802734,51.526882304466575,51.09606594023511,51.172089229811256,5985700
2015-03-11,51.33047103881836,51.501533085993835,51.134071120738845,51.34948169243636,2833100
2015-03-12,52.223785400390625,52.29347663231643,51.501535209183984,51.52054102995887,4013200
2015-03-13,52.19209671020508,52.33781603345077,51.84364544495618,52.21743941136199,2863500
2015-03-16,52.73065948486328,53.04109934381577,52.344191466448535,52.48356917501833,2761500
2015-03-17,52.71160888671875,52.95236212581222,52.40116926294792,52.62924873491757,3764800
2015-03-18,53.814002990722656,53.96605438449992,52.41385119035808,52.71795397791262,5781800
2015-03-19,53.78868103027344,54.111794596085296,53.56693832182551,53.73799560159148,5663200
2015-03-20,55.13813018798828,55.188815600350026,53.9217092930682,54.1054402876593,6004800
2015-03-23,55.06843185424805,55.50558502065735,54.954392107951115,55.13812307885319,3644100
2015-03-24,54.599605560302734,55.0494276747505,54.586936625281965,55.030421855406104,5828800
2015-03-25,53.65762710571289,54.86219866455518,53.50466208751512,54.74110257411086,5391800
2015-03-26,53.377197265625,53.63213410566547,53.13500994197024,53.523787528965904,5638200
2015-03-27,53.447288513183594,53.67673111211445,53.230590564187,53.4217943508008,2330600
2015-03-30,54.21210479736328,54.26309313234566,53.54290113515181,53.6767418675941,4149800
2015-03-31,53.73409652709961,54.35231667576516,53.58113639483146,53.969913913837324,2982800
2015-04-01,53.65762710571289,53.9508027634851,53.23698059944254,53.77234843810338,6666100
2015-04-02,54.06552505493164,54.26309879546388,53.625759129214586,53.753225117458136,3905900
2015-04-06,54.626365661621094,54.81119469234117,54.161110569217364,54.243962950223896,4398100
2015-04-07,53.66400146484375,54.69011878365333,53.66400146484375,54.61364113070897,3039000
2015-04-08,53.74683380126953,53.89979389870344,53.59386884132178,53.83606092998213,2630300
2015-04-09,52.63151550292969,53.65763284616737,52.50404464079433,53.65763284616737,5098700
2015-04-10,52.593257904052734,53.21147804999323,52.44029777245883,52.9055577868054,3651600
2015-04-13,52.45305633544922,52.78447082149551,52.44030681914989,52.57414756519834,2348700
2015-04-14,52.637882232666016,52.8991938374369,52.516790999067034,52.567779340853924,3662600
2015-04-15,52.242740631103516,52.8545862139914,52.21087169826413,52.84821145492023,3514000
2015-04-16,52.376548767089844,52.59961657044998,51.89854424738381,52.14710620862988,3395400
2015-04-17,52.13438415527344,52.440304457459455,51.77747065270236,52.1726229774178,5055300
2015-04-20,52.21085739135742,52.510407772905126,52.04515260104539,52.34469812007797,3191200
2015-04-21,52.300079345703125,52.63149861841749,52.15349397941821,52.351067674199896,3830400
2015-04-22,52.408443450927734,52.682499704821666,52.26822794486352,52.312841527473424,3852800
2015-04-23,52.548648834228516,52.66337015838664,52.293716880557405,52.40206344711916,2266200
2015-04-24,52.65699768066406,52.962917955071205,52.42118028631745,52.60600934742451,2291700
2015-04-27,52.58689498901367,53.09676378283639,52.46579890156733,52.70161631856401,2973300
2015-04-28,52.48493576049805,52.657020243288,52.147146417450514,52.53592411558523,3423400
2015-04-29,51.42694091796875,52.236360181234005,51.29310016715399,51.981423333841924,3149400
2015-04-30,50.59202575683594,51.286728587473405,50.279730652245775,51.22299558730426,8753800
2015-05-01,50.97441864013672,51.32495247025657,50.54739745205954,50.649374112649554,5902600
2015-05-04,51.02540969848633,51.49704453010361,50.948932054181775,51.14013102745871,4563700
2015-05-05,49.91644287109375,50.999918367500996,49.833590464314874,50.999918367500996,6407200
2015-05-06,49.82084274291992,50.05666018034741,49.53404182545394,49.93556408240951,6480100
2015-05-07,50.585655212402344,50.783228969149945,49.84633880486806,49.89095239066643,6360600
2015-05-08,51.293094635009766,51.987792485148724,51.06365198335469,51.08277139390671,5136500
2015-05-11,50.52191162109375,51.439682267741674,50.368951467490966,51.0955182752487,3080600
2015-05-12,50.67487716674805,50.834212079983004,49.78897543816298,50.145884087804255,4739300
2015-05-13,50.190494537353516,51.21023694592683,50.0885178652385,50.98716905381944,6222300
2015-05-14,51.15925979614258,51.18475396974578,50.34346569090574,50.47093655892176,4905400
2015-05-15,51.68186950683594,51.83483452272943,51.248483216017846,51.36957444212236,4390600
2015-05-18,51.54802322387695,51.66274454220778,51.267597116579985,51.5097844052717,3450200
2015-05-19,51.36957550048828,51.67550067606263,51.248484271888934,51.29309785348147,2784700
2015-05-20,51.324954986572266,51.675493696392834,51.26122200183626,51.43967630410308,3427400
2015-05-21,51.08278274536133,51.43969145501794,50.8469652836145,51.375958451510186,2667800
2015-05-22,51.01904296875,51.369576872765286,50.732237197265675,50.897946874400006,4067500
2015-05-26,50.6302490234375,51.01902648891314,50.48365880591625,50.987157570425914,3041700
2015-05-27,51.127403259277344,51.21025568880814,50.5792906023391,50.821477993479455,2978600
2015-05-28,51.02540969848633,51.23573294535494,50.7641029762532,51.09551744744253,2772000
2015-05-29,50.43905258178711,51.114630961959165,50.36894484091851,50.94255141960939,4786500
2015-06-01,51.057281494140625,51.152883417408624,50.36257872340794,50.59839615246689,4464400
2015-06-02,50.585655212402344,50.85971148588265,50.368957179584434,50.83421731363841,3313200
2015-06-03,49.85908126831055,50.54740437145797,49.801718173247565,50.445432559423914,3886000
2015-06-04,49.76347732543945,49.992919971318706,49.6041424248297,49.80809090310957,3710100
2015-06-05,49.2089729309082,49.58500569349766,48.75646255475136,49.10700115864716,6141000
2015-06-08,49.11975860595703,49.336456580061686,49.01141205016213,49.202610996415224,3347100
2015-06-09,48.76286315917969,49.20899901653073,48.692755401236504,48.96043691564713,4604500
2015-06-10,49.10700988769531,49.54040093749801,48.67998873181312,48.737351814698854,4332000
2015-06-11,49.40655517578125,49.59138421157186,49.3109581421951,49.47029301485792,9411000
2015-06-12,49.361942291259766,49.55952084261458,49.21535692938291,49.228101579866525,3125500
2015-06-15,49.094268798828125,49.31733668718306,48.979547475886264,49.31733668718306,3565200
2015-06-16,49.48941421508789,49.565891844728384,49.03690374382808,49.13887553752028,5474800
2015-06-17,49.910064697265625,49.948308381444335,49.1516338466903,49.52766189308678,3922300
2015-06-18,50.598388671875,50.808711899466715,49.91006076112851,49.94192968501153,5616900
2015-06-19,50.209625244140625,50.73861840909302,50.05029030499953,50.630271817481024,5986300
2015-06-22,49.69337844848633,50.43268999074568,49.642390104188124,50.20962206258623,3898700
2015-06-23,49.279083251953125,49.59775295866842,49.18985612307395,49.489406425388545,2933200
2015-06-24,49.01140213012695,49.49578144845521,48.99228272562295,49.298202922714786,3900200
2015-06-25,48.5142936706543,49.07515078627763,48.49516939752332,49.07515078627763,4820600
2015-06-26,48.863224029541016,48.985539693271456,48.34175546340052,48.47695447395523,3789500
2015-06-29,48.103546142578125,49.17222513684546,48.07135497464176,48.68295278365446,5112000
2015-06-30,48.08423614501953,48.53488305169858,47.96191559391397,48.36749780992512,5855900
2015-07-01,48.87610626220703,48.87610626220703,47.87180425639112,47.884677782141566,6318900
2015-07-02,48.99842834472656,49.661525453881886,48.91473814559989,49.22375188982523,4303700
2015-07-06,49.30742645263672,49.37180879797798,48.6958334653616,48.75377659383206,5116700
2015-07-07,50.079978942871094,50.17010834771866,49.4490681972539,49.571388780268826,5921000
2015-07-08,49.886844635009766,50.0606691486551,49.732337776412955,49.8095936615536,4941800
2015-07-09,49.64864730834961,50.176550241328776,49.526326718811994,50.00916494696432,3312900
2015-07-10,50.060672760009766,50.395438463066796,49.73878058289597,49.85466196312433,4774100
2015-07-13,50.1314697265625,50.69155875110612,49.8675158874737,50.09927855683068,2887800
2015-07-14,50.23447799682617,50.40830247326057,49.93833786804236,50.215165257596446,2422900
2015-07-15,50.318180084228516,50.49843889103374,50.00916147850233,50.10573009977202,2238100
2015-07-16,50.7237663269043,50.788143775507244,50.40187417220508,50.40187417220508,2494800
2015-07-17,50.54351043701172,50.7495212314978,50.38899865738358,50.691578086216055,1803100
2015-07-20,50.6014404296875,50.69156983061644,50.266674785049155,50.421181627829625,2164800
2015-07-21,50.45980453491211,50.85251329535002,50.453370229234174,50.6529417622921,3540700
2015-07-22,50.67870330810547,50.85896213486583,50.45337977465502,50.50487878824037,2883500
2015-07-23,50.047786712646484,50.67225822716632,49.74520732629695,50.6465062675106,3188900
2015-07-24,50.260231018066406,50.42761628107673,49.91258696951428,50.06709379830961,2800300
2015-07-27,50.35036087036133,50.64006670264054,50.176541300340666,50.176541300340666,3003000
2015-07-28,50.38255310058594,50.543499151331254,50.20229430962057,50.356801143064644,2674000
2015-07-29,50.71086502075195,50.79456008670729,50.11858490201424,50.324595591648325,7988100
2015-07-30,50.45980453491211,50.717319200857524,50.292424176978756,50.63362902189085,2932500
2015-07-31,50.85894775390625,51.26452999943396,50.762379149252055,50.80744384319958,5490400
2015-08-03,51.17439651489258,51.22590042147623,50.85894368251276,51.03276322762898,3766400
2015-08-04,50.80103302001953,51.41262627938904,50.685151623206984,51.32249684983323,4087300
2015-08-05,50.46624755859375,50.95552496962447,50.26667601048352,50.85895634865097,3783100
2015-08-06,50.53706741333008,50.56925859291679,49.69371155434982,50.51131545199759,3473300
2015-08-07,50.7237663269043,50.794582993872886,50.08642123587151,50.45337809576124,3942600
2015-08-10,50.56280517578125,50.968387401583755,50.3310425005561,50.92332270982792,2605100
2015-08-11,50.897586822509766,51.11003682714384,50.37612309448483,50.4340613257389,4539900
2015-08-12,51.05852508544922,51.07140352043477,50.446932039098556,50.71732023358935,3229200
2015-08-13,51.11647415161133,51.328924148373524,50.517754559080664,50.94264964092066,2381900
2015-08-14,51.39329528808594,51.4126080287514,50.77526302837224,50.968395346710636,2558200
2015-08-17,51.83106994628906,51.86969542850949,51.17440727843844,51.44480038903311,2912600
2015-08-18,51.97269058227539,52.0370680074963,51.6572328488323,51.80530534735484,2904800
2015-08-19,51.6636962890625,51.9018982769196,51.35467762675287,51.83108160246709,2401000
2015-08-20,51.28384780883789,51.67011731696995,51.12933607623844,51.412602674320816,3999800
2015-08-21,50.33103942871094,51.219459688395865,50.33103942871093,51.026327411951,4126300
2015-08-24,47.97480773925781,49.616459801167615,46.51341942168327,48.61859209111502,10864500
2015-08-25,46.655033111572266,48.92759013044612,46.64859389549446,48.618571610587104,9163900
2015-08-26,47.91685485839844,48.04560972473931,46.90611393140437,47.11856388138178,5067500
2015-08-27,48.843902587890625,49.23017207466976,47.94904306070715,48.36106450149596,5627400
2015-08-28,48.773101806640625,48.91473514392121,48.42545768195681,48.81172729437729,3881100
2015-08-31,47.65935134887695,48.76666114017351,47.65935134887695,48.657218987046036,6197200
2015-09-01,46.75160217285156,47.42113821282953,46.41683169702118,47.182936332399564,7218400
2015-09-02,47.23444747924805,47.40182783113998,46.81598677615112,47.05418378141408,5018500
2015-09-03,47.363197326660156,47.71084133950223,47.2537552054922,47.395388497207456,3712600
2015-09-04,46.481224060058594,47.07350934339237,46.14001917012327,47.07350934339237,4262900
2015-09-08,47.18296432495117,47.31171925408382,46.74519068954019,46.893258366874164,3004500
2015-09-09,46.642154693603516,47.730151361994686,46.57133805177434,47.55633182130301,3338100
2015-09-10,46.74516677856445,47.23444410002881,46.513404095327815,46.56490800531,4609500
2015-09-11,47.640045166015625,47.65291869275687,46.66792935559941,46.738746031889114,3892500
2015-09-14,47.66577911376953,47.800973196033084,47.52414581472678,47.71084380785739,3040500
2015-09-15,48.1357307434082,48.238738547915986,47.363191856329706,47.68508387789282,2737200
2015-09-16,48.65076446533203,48.76664580033479,48.084236222920126,48.1035489601401,3318500
2015-09-17,49.20442199707031,50.0477776483958,48.45763003735981,48.70227115393962,6337800
2015-09-18,49.120731353759766,49.706572361205744,48.631454036998235,48.856777501400536,5798800
2015-09-21,49.539188385009766,49.79026381061151,49.12073261679571,49.14647966051816,3176300
2015-09-22,48.91471862792969,49.46193413673248,48.80527159682276,49.19154599050281,2963500
2015-09-23,49.22163009643555,49.46871676130589,48.82499567620098,49.09158813865947,3708700
2015-09-24,48.759979248046875,49.35818520768202,48.460878748620885,49.15011011856846,3707600
2015-09-25,48.95503234863281,49.36466889459633,48.668934148465596,48.97453814213846,3330000
2015-09-28,48.194297790527344,48.864023452344085,47.83667488335149,48.84451765027701,4094600
2015-09-29,48.70796203613281,48.91603214993734,48.148772675136385,48.48688474977517,3784900
2015-09-30,49.11759567260742,49.215129617657716,48.7079590563352,49.059073321264236,6237100
2015-10-01,49.35818099975586,49.43620419073858,48.838003242884945,49.195626070831544,4105200
2015-10-02,49.71578598022461,49.72879314920534,48.792475413851186,49.48821013087644,4602000
2015-10-05,50.55457305908203,50.63909981979455,49.90435346989769,49.923859263848136,5176500
2015-10-06,50.43753433227539,50.85367448072227,50.29448522610017,50.5805834384506,3570700
2015-10-07,51.0162353515625,51.0162353515625,50.46354961730008,50.63910674765357,4211900
2015-10-08,51.44538879394531,51.49090397835732,50.80166766482583,50.97072619012031,3953200
2015-10-09,51.36084747314453,51.48439079098867,51.10726221288286,51.43887561506432,3102700
2015-10-12,51.724971771240234,51.92003467705994,51.36084541763601,51.47138652112728,3216500
2015-10-13,51.32184982299805,51.75749590529053,51.17229708389135,51.562432938679784,2362700
2015-10-14,50.93819808959961,51.484385101111194,50.827661954682576,51.42586276094351,3349200
2015-10-15,51.633949279785156,51.633949279785156,50.944713017490265,50.99022819851876,2533600
2015-10-16,52.02407455444336,52.11510490677663,51.64694597433001,51.66645176971826,2875000
2015-10-19,52.752315521240234,52.752315521240234,51.93304237900136,52.00456693343551,3146100
2015-10-20,52.73280334472656,52.87585243628283,52.51173108379878,52.65478017535504,2781500
2015-10-21,52.53773880004883,52.98638689209951,52.498722255814826,52.83033559750715,3460600
2015-10-22,52.99942398071289,53.1684775782999,52.5442670867577,52.64180106123267,3504200
2015-10-23,52.48573303222656,53.10994332579493,52.16712678005554,53.01891296803178,3421300
2015-10-26,52.47271728515625,52.6287735536312,52.05007853351941,52.50523024795061,3280000
2015-10-27,52.45322036743164,52.58976590486594,52.1931315034119,52.466227539062984,7135300
2015-10-28,52.49873352050781,52.836850518919356,51.52990762422595,52.4532183431196,4576600
2015-10-29,52.42720413208008,52.498728684355946,52.07608495566634,52.34267737065489,3283100
2015-10-30,51.946041107177734,52.54424192164355,51.90052593565928,52.43370578521041,7057100
2015-11-02,53.051429748535156,53.057933335388725,51.8745335279851,52.063097860472574,6869600
2015-11-03,52.51824188232422,52.98640085020875,52.31017178112914,52.93438704549687,5285300
2015-11-04,52.28417205810547,52.64178994125901,52.128115747597015,52.550759573853895,3165100
2015-11-05,52.49222183227539,52.55073920544779,52.00455721271452,52.303657584084796,2804100
2015-11-06,50.86018371582031,51.8615226095037,50.53507387868087,51.64694892640389,7070200
2015-11-09,49.988887786865234,50.64561106022975,49.663777943129894,50.53507490394754,5919100
2015-11-10,50.561092376708984,50.678132137611826,49.96938998526039,49.98239715912921,4688800
2015-11-11,50.61959457397461,50.83416823131656,50.43103029577548,50.561077191489616,2228400
2015-11-12,50.27497100830078,50.723624045991855,50.18394067612883,50.48304104766253,3212200
2015-11-13,49.70280075073242,50.55458706103036,49.66378419124345,50.30100174787627,4250100
2015-11-16,50.27497100830078,50.274971008300774,49.49470960088947,49.5922385562301,3117900
2015-11-17,50.27497100830078,50.70411825492373,50.08640676000715,50.13842551004285,3845600
2015-11-18,50.717132568359375,50.749645535087886,50.01489415759436,50.33350535703059,3429200
2015-11-19,50.87318801879883,51.12677330533408,50.6456121155983,50.78215765751861,3628100
2015-11-20,51.510414123535156,51.568931525238206,51.042255066776946,51.19180780576828,3964600
2015-11-23,51.620933532714844,51.8160013965952,51.438872838843494,51.53640677078367,2370000
2015-11-24,51.34784698486328,51.45187955012901,50.925203216662254,51.34134339928971,3498900
2015-11-25,51.55592346191406,51.67946679920262,51.32184396009515,51.37386272956222,1959700
2015-11-27,52.00457763671875,52.16713257374668,51.52341145135234,51.53641862435305,1348700
2015-11-30,51.620933532714844,52.316668304741405,51.484388012311335,52.19312499356506,7609800
2015-12-01,52.336181640625,52.355687437667456,51.64044676834293,51.69246553431118,3847300
2015-12-02,51.26981735229492,52.2581539779368,51.191794170805714,52.18662942105026,5713500
2015-12-03,50.46356201171875,51.26983322162241,50.327016441066135,51.19181001598302,4737300
2015-12-04,51.42586135864258,51.555908243923724,50.48954858852551,50.50905438112232,3434100
2015-12-07,51.282833099365234,51.4909032194367,51.05525221987644,51.341350495268316,4195100
2015-12-08,51.237308502197266,51.42586782820889,50.95121027936796,51.00322904002457,3638600
2015-12-09,50.95122146606445,51.471399265275124,50.69113256645912,51.0617576361422,4218800
2015-12-10,50.587093353271484,51.21130365404699,50.54157817386439,51.035741561489274,3465000
2015-12-11,50.496063232421875,50.723639130529804,50.17745201428824,50.47005384966918,3420800
2015-12-14,50.730133056640625,50.75614243698414,50.11242639602374,50.56757815008017,4775000
2015-12-15,51.282833099365234,51.53641840317787,50.95772322670463,50.95772322670463,3449100
2015-12-16,52.28417205810547,52.38820463766148,51.37386342327133,51.49740180144516,4699300
2015-12-17,52.02407455444336,52.40119817377457,51.87452185516319,52.34918437299994,3726800
2015-12-18,51.41936111450195,52.05007484608985,51.41936111450196,51.965543133125735,5724400
2015-12-21,51.620933532714844,51.933041122767044,51.34133890690332,51.69245808541885,4455300
2015-12-22,51.829017639160156,52.15412752646698,51.73148368081147,51.7379872675769,6484300
2015-12-23,52.361717224121094,52.37490606927374,51.89361382261436,51.952953565660046,4029000
2015-12-24,52.361717224121094,52.539731423187554,52.071628021680816,52.26282100575869,1426000
2015-12-28,52.65181350708008,52.65840792991321,52.09140828796309,52.190304510176865,6628800
2015-12-29,53.21223449707031,53.271574260013836,52.65842353664973,52.74413093859892,3499800
2015-12-30,53.02761459350586,53.344081495389304,52.98805811704696,53.17266171394949,3114300
2015-12-31,52.566104888916016,53.16606657071903,52.55951046623864,53.00124121427954,3292400
2016-01-04,51.93315887451172,52.15072950103721,51.45187176378873,52.13095126772935,8843700
2016-01-05,52.93531799316406,53.10014336802256,51.90680926366983,51.95296016742736,7114700
2016-01-06,52.790260314941406,52.86937828989729,52.43423697274526,52.460609631063896,5481200
2016-01-07,51.761775970458984,52.368332304918745,51.70903062918268,52.150761544708416,6297500
2016-01-08,51.069480895996094,52.15073468490668,50.98377353311941,52.11117821435898,4628600
2016-01-11,51.35958480834961,51.66286287674462,51.09586321798453,51.11564145699949,4956800
2016-01-12,51.01676940917969,51.69585446096761,50.75305272390775,51.62992025957628,5951900
2016-01-13,50.2849235534668,51.55737565882236,50.17284350487771,51.18157400232208,7679400
2016-01-14,50.16623306274414,50.62115256537805,49.7904315262417,50.218978373498445,5167500
2016-01-15,49.823402404785156,49.948671269867916,49.15091724659734,49.539902625435275,5571400
2016-01-19,50.08713912963867,50.47612462637513,49.823417505881416,50.05417204039216,4978100
2016-01-20,48.74217224121094,49.64541733209671,47.68729058438204,49.513553981197774,9091600
2016-01-21,49.01245880126953,49.704727214649274,48.577322536056265,48.97290233081469,6849300
2016-01-22,50.377227783203125,50.568420783215466,49.408053816605474,49.487166773832364,4542700
2016-01-25,50.06076431274414,50.81236763860337,49.92890602156832,50.27174059666829,4670100
2016-01-26,51.10905075073242,51.12883402125703,50.19262205587407,50.2915182882118,5214000
2016-01-27,50.120086669921875,51.043109570653264,49.80362483714377,51.043109570653264,4883200
2016-01-28,49.73772430419922,50.59481353831538,49.54652619818554,50.41020985804646,5584400
2016-01-29,50.75962829589844,50.81237363061727,49.66519026587839,50.04099197312416,11112200
2016-02-01,50.84534454345703,51.273886587555396,50.284934122579436,50.44975953340876,6925300
2016-02-02,50.38383102416992,50.766227189437615,50.10033111268835,50.60140177648489,6406000
2016-02-03,50.72005844116211,50.917850879187874,50.09372410419828,50.64094045993768,5729100
2016-02-04,50.746421813964844,51.0233271524652,50.22557318388861,50.68708208138921,4286700
2016-02-05,49.78385925292969,50.64094821208008,49.73770834766829,50.64094821208008,4033800
2016-02-08,48.35976028442383,49.52672666614525,47.594973219121236,49.46079249717998,5440900
2016-02-09,47.46970748901367,47.99715069536453,47.100500262610794,47.87188180209018,8405600
2016-02-10,47.79935836791992,48.44547604598659,47.58838209080919,47.77958012788942,3877700
2016-02-11,47.12028121948242,47.436743137482765,46.73788512433313,47.12687564321161,4930700
2016-02-12,47.6609001159668,47.79275838755276,47.17301847501397,47.555409474641515,5067000
2016-02-16,48.537784576416016,48.590524880446004,47.80595941348588,48.030119538311084,3888900
2016-02-17,48.95313262939453,49.506943432585985,48.58392542726689,48.58392542726689,3060900
2016-02-18,49.44761276245117,49.579471051122525,48.75534417174834,49.05862728982077,3539700
2016-02-19,49.73110580444336,49.94208205548814,49.111360866343425,49.27618621966187,2885500
2016-02-22,50.205814361572266,50.57502162232507,50.106918122421575,50.126696364237375,2966500
2016-02-23,50.073936462402344,50.66730869457817,49.99482351815904,50.15964885875953,2608300
2016-02-24,50.014625549316406,50.12011120185036,49.500371046790946,49.85639455547917,2997500
2016-02-25,51.03652572631836,51.06289335685752,50.23876657556498,50.23876657556498,3399900
2016-02-26,50.77279281616211,51.21452346510939,50.75301458263754,50.983769023873464,3180500
2016-02-29,50.575016021728516,51.28046840544434,50.49589803315503,50.72006315241102,5057700
2016-03-01,51.99911117553711,52.005700568893374,50.52886661561745,50.62116842331774,5309500
2016-03-02,52.37489700317383,52.4012696588434,51.69581746740898,51.7947086385827,3621700
2016-03-03,52.65181350708008,52.65181350708008,52.124370341987145,52.39468634736674,2907800
2016-03-04,52.658424377441406,52.70457529154667,52.27602821481353,52.56612254923086,2740000
2016-03-07,52.79686737060547,52.91554184640136,52.295796802792665,52.38809861395931,3504600
2016-03-08,52.2562370300293,52.77049138273564,52.19030788764382,52.72434048005869,2829000
2016-03-09,52.54631805419922,52.823228457075466,52.3023797624718,52.421054212255804,3566700
2016-03-10,52.355140686035156,53.01444226356445,51.7749520785634,52.908951596725274,2472500
2016-03-11,53.5286750793457,53.58141536140184,52.763883143728805,52.88255758097729,2520900
2016-03-14,53.535274505615234,53.588019827627924,53.23859087191768,53.44956712989768,2593900
2016-03-15,53.5616569519043,53.67374203917599,53.19904411447982,53.311124171679836,1898100
2016-03-16,54.207763671875,54.29347104583086,53.218811539783104,53.41000955559602,3439600
2016-03-17,54.972557067871094,55.091231538660956,54.04953899514018,54.293477330045675,5526400
2016-03-18,54.73520278930664,55.21649504893445,54.73520278930663,55.078042351524715,3281800
2016-03-21,54.24120330810547,54.81454976338117,54.147868311793225,54.641211161783076,4343000
2016-03-22,54.24120330810547,54.407873671002456,53.92119397333789,54.134531834391005,4791300
2016-03-23,53.947845458984375,54.30118570720414,53.91451444835237,54.241186836241965,2837500
2016-03-24,53.96784591674805,54.014513401453556,53.487839682509,53.85451132337387,2839400
2016-03-28,54.45452117919922,54.5745239998877,53.94117888792704,53.95451027405955,3885100
2016-03-29,55.634544372558594,55.66121223105149,54.35451768314277,54.52118798394297,5022700
2016-03-30,55.52789306640625,55.8945647756667,55.48122557299582,55.77456700950442,3503100
2016-03-31,55.86790466308594,55.94124002571363,55.407892858671424,55.52122747859584,7533800
2016-04-01,55.79456329345703,55.88789827468438,55.44788614629118,55.75455895409174,5267300
2016-04-04,55.714561462402344,55.961235398515555,55.52122325621228,55.9078996685924,6908900
2016-04-05,55.34788131713867,55.61455486419029,55.207878849370914,55.46788415899316,3251300
2016-04-06,55.48121643066406,55.507884291986386,55.06120397280555,55.367881834825035,2940500
2016-04-07,55.134544372558594,55.48122151514495,54.88787553387687,55.347882196313684,2339400
2016-04-08,55.441219329833984,55.66788853029391,55.30121178087384,55.42121461828635,3370300
2016-04-11,55.327877044677734,55.70788516424061,55.31454565731343,55.54788308399688,2848100
2016-04-12,55.7279052734375,55.861244627966705,55.307897751017165,55.44790025849061,2504600
2016-04-13,55.48121643066406,55.91456027599649,55.29454648778226,55.88789241467417,2827000
2016-04-14,55.17454528808594,55.48788630992948,55.027874589659206,55.4478819735747,2044200
2016-04-15,55.587886810302734,55.72122612655891,55.00120907790008,55.281214012475786,2429100
2016-04-18,55.85456848144531,55.86123671982184,55.427892780107925,55.501228143123,2347400
2016-04-19,55.88123321533203,56.00790430550576,55.654563986995136,56.00790430550576,3137200
2016-04-20,54.934539794921875,56.00122885099932,54.88787230766769,55.88789425143554,4085800
2016-04-21,53.954524993896484,55.02121419859975,53.787854646712375,54.907879583244636,5046100
2016-04-22,54.541202545166016,54.63453753226886,53.8745211593598,53.95452475675167,3124400
2016-04-25,54.99451446533203,55.001182699540486,54.35450131337479,54.36783778179171,2385600
2016-04-26,55.2078971862793,55.52123832666086,55.00789577434268,55.19456579336747,3190800
2016-04-27,55.17454528808594,55.28121165015789,54.57453110651049,55.194544913076015,3244500
2016-04-28,55.061214447021484,55.39455514739974,54.62787560563008,54.84121345041716,2870600
2016-04-29,54.5545539855957,54.914562643046665,54.021206696103164,54.79455975722968,4117300
2016-05-02,55.40120315551758,55.54120558818869,54.52118423131806,54.52118423131806,4008000
2016-05-03,55.48789978027344,55.52789903996389,55.06121896927994,55.3812283059311,3305700
2016-05-04,56.281246185302734,56.3879176576203,55.14122152838144,55.14122152838144,4138600
2016-05-05,56.44124984741211,56.54791622665177,56.0879044323437,56.354578010005994,3324300
2016-05-06,57.061248779296875,57.1079213521972,56.17456653530716,56.43457182971855,3499300
2016-05-09,57.68794250488281,57.78127749684736,57.08126505711327,57.24126717385598,4568700
2016-05-10,57.6812744140625,57.88128087528426,57.48127303921633,57.81461375033554,4034800
2016-05-11,56.44791030883789,57.6479388079353,56.22790423627417,57.6479388079353,4063900
2016-05-12,56.77458953857422,56.96125951370663,56.05457241759891,56.514579117353684,3471000
2016-05-13,56.267913818359375,56.621254163124284,55.87456912898148,56.621254163124284,3991500
2016-05-16,56.801246643066406,56.967916973693214,56.21456891035498,56.26123639947549,3374900
2016-05-17,55.74790573120117,56.66125607964153,55.44123286878407,56.66125607964153,4308300
2016-05-18,54.874549865722656,55.57456743991622,54.24787274611106,55.51456346303132,4708500
2016-05-19,54.261207580566406,54.65455231557435,53.97453432840003,54.52788120129406,4316000
2016-05-20,54.69454574584961,54.79454897875521,54.36787326564198,54.46787141217187,3296100
2016-05-23,54.70121765136719,54.90788728321757,54.56787830309594,54.78788441296147,2744000
2016-05-24,55.381221771240234,55.47455675708882,54.8412114836341,55.0412128448631,2998500
2016-05-25,55.381221771240234,55.52789248796665,54.83454324568056,55.52789248796665,3250000
2016-05-26,55.48789978027344,55.65457014415145,55.14789081377705,55.27456191796462,3053400
2016-05-27,55.78789138793945,56.02122882566655,55.527886087847165,55.58122181257755,3006900
2016-05-31,55.78123474121094,55.94790510084384,55.44123086975033,55.7012362238676,4810900
2016-06-01,55.82789993286133,55.967902418806034,55.53456357075717,55.58789421799169,4417500
2016-06-02,56.11457061767578,56.13457024528561,55.52789283349469,55.66789531313875,8043500
2016-06-03,56.34124755859375,56.82792214103778,56.06790573818299,56.65458863608881,4295200
2016-06-06,55.90789031982422,56.514567615533856,55.6145489406738,56.3945647864609,3231900
2016-06-07,56.24791717529297,56.414587541964174,55.99457496267215,56.15458217686717,2424600
2016-06-08,56.607940673828125,56.6546081853214,56.03459405469517,56.20792761945461,3099000
2016-06-09,56.734596252441406,56.84126773694734,56.40792373230056,56.60793022256102,4132700
2016-06-10,56.467918395996094,56.68125626264466,56.22791266021947,56.521254134252224,2538400
2016-06-13,56.48124694824219,56.90792262166775,56.41457982796481,56.487915186182505,3250300
2016-06-14,56.334590911865234,56.68126307947103,56.12792125923736,56.481261666521114,3437300
2016-06-15,56.867919921875,57.061253033055266,56.38124030921883,56.46124390053044,2829400
2016-06-16,57.187923431396484,57.2079230573918,56.507910715681206,56.78791565236544,2827100
2016-06-17,57.094608306884766,57.22127943073759,56.65460112285264,57.22127943073759,4408400
2016-06-20,57.174583435058594,57.861264284848815,57.10124809320001,57.367921601197196,3987000
2016-06-21,57.392539978027344,57.560708461921244,57.13019755372044,57.38581180168503,3614700
2016-06-22,57.30510711669922,57.52036261926627,57.1638461742736,57.51363444140905,3994500
2016-06-23,57.59435272216797,57.80960820807635,57.47327119058853,57.56744514491747,1672700
2016-06-24,57.083099365234375,57.66159924670706,56.19517015005901,56.59204523064706,5661700
2016-06-27,57.123470306396484,57.210921203984256,56.30953544696408,56.85439970137128,4769800
2016-06-28,58.327552795410156,58.33428097134384,57.278183161915585,57.49343860294254,5128700
2016-06-29,59.03388214111328,59.114599750879975,58.5293765516865,58.60337111537012,4395600
2016-06-30,59.645992279052734,59.645992279052734,58.704247811615936,59.18857383098883,6555800
2016-07-01,59.666194915771484,60.137069898953,59.49130333228073,59.847819809830334,4731800
2016-07-05,60.325401306152344,60.325401306152344,59.59891219321694,59.672906739836016,3808400
2016-07-06,60.063045501708984,60.305208485452766,59.76706738111238,60.2379421304337,4577200
2016-07-07,59.444210052490234,60.042889570658474,59.1145960595378,60.002525636199366,5342000
2016-07-08,60.40612030029297,60.43302274095269,59.69981062874874,59.77380517079984,2663400
2016-07-11,60.80974578857422,60.93755039061588,60.089984634394526,60.45322930081652,3381400
2016-07-12,60.803009033203125,60.903911170547914,60.3254110573401,60.816465388633574,3727600
2016-07-13,61.13933181762695,61.139331817626946,60.66846212924207,60.944255766126155,4902800
2016-07-14,60.59446716308594,61.10569564057826,60.45320625756085,60.9509835149485,3060500
2016-07-15,60.61465835571289,60.661745333385014,60.1774192018457,60.5877507781723,3345600
2016-07-18,60.77610397338867,60.79628337527481,60.54066906455684,60.70210941174208,2699700
2016-07-19,61.07208251953125,61.07208251953125,60.493582379509164,60.776104271493125,1916500
2016-07-20,61.078800201416016,61.24024052165026,60.88372412892266,61.17969719400289,2100600
2016-07-21,61.199867248535156,61.199867248535156,60.67517735071617,60.94424790885805,2179600
2016-07-22,61.73801040649414,61.91963523548413,61.01152135472344,61.13933103941309,2482900
2016-07-25,61.6236457824707,61.98016206696947,61.415118551634144,61.758178486476154,2374700
2016-07-26,61.320960998535156,61.865825266899385,61.17297190537572,61.67747737818558,2460200
2016-07-27,60.84334945678711,61.307496069114144,60.338844054551416,61.307496069114144,3935200
2016-07-28,61.40840530395508,61.65056833570481,60.60792166388819,60.74918257705971,2853100
2016-07-29,62.188697814941406,62.504855357957055,61.347855469514435,61.576567256159656,3502600
2016-08-01,62.323238372802734,62.39050473693577,62.06089596021769,62.107982928320276,3335100
2016-08-02,61.32767105102539,62.24923603368219,61.213317733116625,62.14160575887819,3877100
2016-08-03,60.97117233276367,61.36805267045778,60.641563502272106,61.1124332601172,3829400
2016-08-04,60.72230911254883,61.15954845059946,60.61468388914589,61.045195046953275,2649700
2016-08-05,60.76264953613281,60.94426927559944,60.54739404057066,60.75592135849454,2941600
2016-08-08,60.870262145996094,61.15278909539743,60.6146479015894,60.72227306109414,2240200
2016-08-09,61.199867248535156,61.199867248535156,60.50028585020387,60.971155477881645,3474300
2016-08-10,61.13261413574219,61.48240750609901,60.93753805075387,61.374777197652115,5302900
2016-08-11,60.439762115478516,61.13934374042932,60.116881446790885,61.1124361626894,4788300
2016-08-12,60.695377349853516,61.253692870120894,60.39267097023856,60.574295824426606,2972100
2016-08-15,60.63482666015625,60.998071192339886,60.60791908753953,60.78954391967871,2961400
2016-08-16,59.908348083496094,60.50702756576398,59.82763048361003,60.433033011138,4166800
2016-08-17,60.15049362182617,60.19758058540561,59.444189168134706,59.854520621652945,5192000
2016-08-18,59.928531646728516,60.332140202580185,59.64600976330913,60.06306954271107,4074800
2016-08-19,59.54508972167969,59.915062409276736,59.37019820762875,59.84779604755757,3284900
2016-08-22,59.86798858642578,59.91507556317623,59.558559148909204,59.69982007916054,3671000
2016-08-23,59.901611328125,60.21104069842338,59.8747037569563,60.076502842579885,6526100
2016-08-24,59.6392822265625,60.063065019779444,59.30294521007729,60.056336842462976,6064800
2016-08-25,59.908348083496094,60.27159267927025,59.61237499708782,59.8007229062828,3219700
2016-08-26,59.31641387939453,60.385963442999,58.919533414517545,60.015995695303744,5844000
2016-08-29,59.901611328125,60.08995919421145,59.43746470663021,59.44419288244599,3318600
2016-08-30,59.787254333496094,60.103411887361794,59.262569513078354,60.02941734785729,3431900
2016-08-31,59.84781265258789,60.04961179373541,59.511475618579496,59.726731115061035,5003000
2016-09-01,59.69980239868164,59.93523721270834,59.39710122808932,59.91505781894805,4098000
2016-09-02,60.2177734375,60.950990756638916,59.955430991484825,60.04960493969051,4439500
2016-09-06,60.68193054199219,60.68865872004527,59.948718229186724,60.480131389265026,3874300
2016-09-07,61.0451774597168,61.078813219144706,60.39941090905234,60.60121006933079,2874200
2016-09-08,60.29847717285156,60.8769770336839,60.237938996112526,60.77607494035851,3123900
2016-09-09,57.910499572753906,59.7805375189853,57.89704835148531,59.61236902660477,7589300
2016-09-12,58.59663391113281,58.86570454379948,57.62125864132354,57.79615019027574,7088200
2016-09-13,57.1254997253418,58.32436601619668,56.99681168819855,58.30404712441467,7223000
2016-09-14,57.3083610534668,57.626704032515654,57.07806829875424,57.27449280003056,4781900
2016-09-15,57.52509689331055,57.61314710609592,56.983235914834744,57.28803465306586,4320500
2016-09-16,57.55219268798828,57.606379821448385,57.132250155026696,57.45736778821784,6251400
2016-09-19,58.07373046875,58.14146180276078,57.68088666445965,57.74184331479849,3407700
2016-09-20,57.98567581176758,58.41916251733123,57.98567581176758,58.34465650535287,3905800
2016-09-21,58.730735778808594,58.81878599704264,57.30158239802078,58.08728034867381,6905000
2016-09-22,59.78058624267578,59.83476820682164,59.12358148144499,59.27259350987704,3575700
2016-09-23,59.96347427368164,60.166673477614225,59.123594221396445,59.61803769402442,4722300
2016-09-26,60.105716705322266,60.2479540930115,59.60449850571676,59.79414835596907,3440200
2016-09-27,59.46903610229492,60.30214154402901,59.367436491271754,60.30214154402901,6479800
2016-09-28,59.95669937133789,60.00411182974075,59.38097518571156,59.56385550210147,2676300
2016-09-29,59.1574592590332,59.79414529592919,58.98135878856585,59.7535075208322,4662800
2016-09-30,58.75104904174805,59.73317138610513,58.74427952623355,59.36741601312757,6718600
2016-10-03,57.653804779052734,58.4462723994433,57.53865580357663,58.256622558758785,10473900
2016-10-04,56.86809158325195,57.5996023468086,56.52942976689083,57.572508781391406,7415500
2016-10-05,55.716644287109375,57.267716048769294,55.65568247213943,56.97646667574897,8125200
2016-10-06,55.73695373535156,56.143346818609615,54.93771176566442,55.4389297294304,6760300
2016-10-07,55.64213562011719,56.64457166953078,55.38474934095687,56.08239700032962,6036800
2016-10-10,55.987579345703125,56.22464160644087,55.642142812874006,55.642142812874006,2818300
2016-10-11,55.44572448730469,56.041767547392666,55.29671243039012,55.91307954443305,4306600
2016-10-12,56.0823974609375,56.1636729875975,55.44571160839903,55.53376181813706,3492600
2016-10-13,56.52265167236328,56.61747656181595,55.689546548233615,55.85887744619465,3633600
2016-10-14,56.27204513549805,56.88840691567933,56.15690136533666,56.421057152209904,3187500
2016-10-17,56.393978118896484,56.739409518384136,56.27205963449783,56.31947209134341,3154000
2016-10-18,56.75295639038086,57.084843573696766,56.5633065713432,56.76650059135355,2533200
2016-10-19,56.874874114990234,56.956149654888286,56.448156860245746,56.76649983836626,2871000
2016-10-20,56.746177673339844,57.1187077682393,56.43460939741013,56.8680961437097,3261100
2016-10-21,56.53621292114258,56.685224969479506,56.28560127916047,56.47525109792747,3193800
2016-10-24,56.664886474609375,57.24061041593497,56.44136847945542,56.79357442562706,3948800
2016-10-25,56.56330108642578,56.637807103475765,56.25850233461144,56.43460793559954,3161400
2016-10-26,55.825016021728516,56.42783367873221,55.438941733899526,56.34655814502266,4093100
2016-10-27,54.361995697021484,55.75050603047835,54.21298367241547,55.72341246531642,5969300
2016-10-28,54.49071502685547,54.95807025157588,54.287520922573826,54.45007723951357,4819100
2016-10-31,55.37797546386719,55.47957503092473,54.50422745528215,54.727745469295016,5009700
2016-11-01,54.17235565185547,55.18156658969961,53.98270066161078,55.13415413403096,7465200
2016-11-02,53.3798713684082,54.24007523595548,53.366327170111646,54.08428853391569,7847600
2016-11-03,52.966705322265625,53.515340971574894,52.95316112351797,53.42051607763387,7221900
2016-11-04,53.38665771484375,53.56276333658706,52.87189021843953,53.09540829593256,4432600
2016-11-07,54.32136535644531,54.341689410704475,53.786284115072526,53.786284115072526,5860500
2016-11-08,54.60584259033203,54.78871772911795,54.05043732198391,54.307818486682265,4023300
2016-11-09,53.779502868652344,54.18589605555506,52.67546192927578,53.305373177624396,10045800
2016-11-10,52.878665924072266,53.738864828592746,52.14038550348708,53.711776425558426,13504700
2016-11-11,53.19700241088867,53.85400720685001,52.79737875282608,52.831247003830725,5066000
2016-11-14,54.45682907104492,54.599066434616645,52.844795282092136,53.102181607424754,6755200
2016-11-15,54.003021240234375,55.09350765045086,53.63049113568512,54.63970200859614,7719900
2016-11-16,53.84722900390625,54.18589082154088,53.44083585625854,54.02333459599564,10337100
2016-11-17,53.29860305786133,54.226533210062755,53.224097038222865,53.82014002776092,3645200
2016-11-18,53.45439529418945,53.596632678037196,53.11573338000797,53.366345056827726,3655600
2016-11-21,53.291839599609375,54.01657589710596,53.23087776725954,53.63050151745957,3488200
2016-11-22,54.226531982421875,54.25362554963792,53.39342675269933,53.555982988425995,4226700
2016-11-23,53.99624252319336,54.05042965572951,53.53566223177483,53.75240559435006,6542100
2016-11-25,54.30781173706055,54.61260531967931,54.009787670450564,54.05043060435068,1904500
2016-11-28,54.55842590332031,54.91740663620171,54.27394602300342,54.30781427490796,4065700
2016-11-29,55.079959869384766,55.357665050644414,54.57196712397078,54.61260488998168,3754200
2016-11-30,54.45005416870117,54.89709031033876,54.18589832775894,54.55842844579027,6826400
2016-12-01,53.65079879760742,54.32812236051255,53.34600526132758,54.13169790716182,6361900
2016-12-02,54.1859016418457,54.74808161159671,53.79982729935036,53.88787752919306,3695900
2016-12-05,54.585514068603516,54.65325057212078,54.00302044539858,54.192670253079676,3457200
2016-12-06,54.93772888183594,55.18156584127329,54.52456098765432,54.727760176375455,4024800
2016-12-07,56.03498077392578,56.12303097700036,54.91062117623999,54.97835249918727,5754300
2016-12-08,56.42105484008789,56.57683636567084,55.54730682409432,55.845325677736405,4404200
2016-12-09,56.36011505126953,56.888426809768575,56.23142187045592,56.45493997368881,4506200
2016-12-12,56.732643127441406,56.76650621701402,56.102731784600984,56.20433138845986,3610700
2016-12-13,56.70554733276367,57.02389033417833,56.31269830261067,56.96292850722409,4015100
2016-12-14,55.46605682373047,56.7800669159911,55.3712318858943,56.63782950923684,4857300
2016-12-15,55.14091873168945,55.85888011978618,54.971587825623686,55.41861873050135,3915200
2016-12-16,55.967262268066406,56.33301773059687,55.16801999829325,55.25607539723248,6581100
2016-12-19,56.570072174072266,56.81390911527009,56.15013479456351,56.15690947836613,3663600
2016-12-20,56.698753356933594,56.94936492901918,56.3397727047357,56.54297183535304,5193600
2016-12-21,55.83858871459961,57.07131811064999,55.825039341608324,56.69878786696511,4998400
2016-12-22,55.7452392578125,55.931953404352406,55.261161636375434,55.76598468786689,3891700
2016-12-23,55.89043045043945,56.90008124970381,55.66222029878487,55.82127729795098,4504400
2016-12-27,56.00800323486328,56.222384911979475,55.745219089165786,55.97342928929829,3833000
2016-12-28,55.66916275024414,56.13941178948696,55.48936025040284,56.13941178948696,3979500
2016-12-29,56.360679626464844,56.5266482486851,55.63455833067426,55.848939963591434,4259400
2016-12-30,57.07297897338867,57.19053988536296,56.15322654807549,56.42292759368635,6673400
2017-01-03,57.25968933105469,57.397995643873884,56.803269001865594,57.38416712301102,9380300
2017-01-04,58.09645080566406,58.22092858936524,57.280430951633505,57.33575558351121,6598700
2017-01-05,58.28316879272461,58.35232194923422,57.34267109126048,57.882073098502154,8555700
2017-01-06,58.290061950683594,58.573591359710804,57.96503644381312,58.103342700502665,3901200
2017-01-09,57.764495849609375,58.45603777100021,57.74375043613503,58.45603777100021,3546100
2017-01-10,57.27350616455078,57.79216264585595,57.24584385242225,57.79216264585595,3959600
2017-01-11,56.920833587646484,57.370337047538236,56.86551422455899,57.30810078554681,4498000
2017-01-12,57.21127700805664,57.23893404756545,56.4298311027287,56.98306686175483,4670700
2017-01-13,57.128299713134766,57.411829262403344,56.93466874757611,57.20436977475397,3658100
2017-01-17,57.57087707519531,57.61928480884128,57.232022939673584,57.370329242648545,4139200
2017-01-18,57.66770935058594,57.86134034160637,57.41875371183144,57.55014843118765,3317400
2017-01-19,57.07988739013672,57.57088166369233,56.94157580009083,57.45332076918909,3169200
2017-01-20,57.49481201171875,57.52939122848485,56.96923851795089,57.10063321040479,3285400
2017-01-23,57.97888946533203,58.06879331862136,57.397996610452054,57.577799040982974,3165600
2017-01-24,57.992706298828125,58.23474491756189,57.743750783545906,57.97887250573123,4204200
2017-01-25,57.612396240234375,58.20021150703855,57.43951063848017,57.95816744374278,3461500
2017-01-26,57.501731872558594,57.8959106941792,57.418744913673414,57.619292773943265,4093700
2017-01-27,56.941566467285156,57.74375772992795,56.7202732355297,57.66768768688262,2996000
2017-01-30,56.55431365966797,56.893167820756624,56.40909044777284,56.775606926753085,3182600
2017-01-31,56.96232986450195,57.363420309237135,56.56815104264208,56.56815104264208,11091400
2017-02-01,56.277687072753906,57.32191698882704,56.23619624034267,56.900075939156665,4555800
2017-02-02,56.9484748840332,57.00379950274496,56.30534070063562,56.3122575969861,4754800
2017-02-03,57.25968933105469,57.557052652058836,57.02456226800489,57.370333326100514,4165000
2017-02-06,57.162872314453125,57.439484932627714,57.04530614807668,57.328840940567375,2985800
2017-02-07,56.96232986450195,57.4187449485275,56.87242600664311,57.211285465260616,3250700
2017-02-08,57.41181182861328,57.53628959382297,56.91390604382103,57.135199262410865,3316700
2017-02-09,57.55011749267578,57.660761452613755,57.34265281322889,57.41180594769587,2806600
2017-02-10,57.95813751220703,57.99271672511994,57.418735557467244,57.529384817950856,2983800
2017-02-13,57.97888946533203,58.227845053437086,57.66078071965284,58.006551783571226,3968200
2017-02-14,57.674617767333984,57.87516562883524,57.22511430369656,57.84058641007543,2687900
2017-02-15,57.480979919433594,57.57087849097337,56.94157266205277,57.31500602052532,3687300
2017-02-16,57.819847106933594,58.20710907298766,57.48099288663628,57.54322915573129,3097800
2017-02-17,57.93048095703125,58.020384809124984,57.446403584402155,57.95814327490258,2624100
2017-02-21,58.6704216003418,58.73266312479087,57.79216556903588,57.868235612225384,5646700
2017-02-22,58.47679138183594,58.95395706282016,58.17942810291122,58.7534092443782,3464400
2017-02-23,58.78107452392578,58.82948225660948,58.24167256657966,58.63585132587468,3430900
2017-02-24,59.05768585205078,59.078431267179646,58.44912553602242,58.767239488153564,3667400
2017-02-27,59.36888885498047,59.58327049595035,59.002372382288435,59.0507801187563,3326700
2017-02-28,58.96087646484375,59.36888374048863,58.82256488967396,59.36888374048863,5778100
2017-03-01,58.78107452392578,59.11992865271168,58.57360979754012,58.78107452392578,6282800
2017-03-02,58.46297073364258,58.746500255785215,58.2624228882014,58.69809251902684,3060400
2017-03-03,58.234737396240234,58.469864364103856,57.64001099499432,58.41453975095412,4177700
2017-03-06,57.97196960449219,58.158683631013446,57.69535173745771,58.1310213167053,3237400
2017-03-07,57.69536590576172,57.9443215196243,57.418747970797924,57.84750603379422,4658000
2017-03-08,56.63039016723633,57.42566475007717,56.58889932369536,57.356511585492804,4814100
2017-03-09,55.7797966003418,56.85860074818076,55.65531879281821,56.51974654616309,5604300
2017-03-10,55.60690689086914,56.50590852148311,55.30954355491618,56.22237898313609,6278800
2017-03-13,55.7452392578125,56.091010494853364,55.55851983522222,55.669169163579475,4691000
2017-03-14,55.731380462646484,55.86969206107129,55.371780858837994,55.689889621143045,4582400
2017-03-15,56.85859680175781,57.14904324047089,55.86277441068676,55.89735362883982,7177800
2017-03-16,56.74794006347656,57.135207206892005,56.644212974750964,56.796347796897585,4456700
2017-03-17,57.0107421875,57.19053936557413,56.70646192299235,56.98307986563126,4380600
2017-03-20,56.96232986450195,57.218197088135916,56.817106643400734,57.0522284463128,2748500
2017-03-21,56.71336364746094,57.20435785814482,56.623459806431356,57.038389247389695,6969700
2017-03-22,56.68201446533203,56.81436408213524,56.110805997902716,56.779537473336646,4618000
2017-03-23,57.099979400634766,57.55973003271112,56.60539684001356,56.68898496515138,7610200
2017-03-24,57.037269592285156,57.434329037226114,56.96761106616663,57.18355409151552,4399200
2017-03-27,56.52180099487305,57.20446743721436,56.34765198877235,56.95369244326089,4556000
2017-03-28,56.765594482421875,56.84918789790632,56.12472757418823,56.654141909713864,4232100
2017-03-29,57.086036682128906,57.093004129804505,56.57055716084809,56.74470615050023,3123200
2017-03-30,57.19053268432617,57.28109356907398,56.619324155464085,56.99548664733998,4593300
2017-03-31,57.5318603515625,57.74084127472613,57.11390381984089,57.21142683342241,7167900
2017-04-03,57.69905090332031,57.8105035054194,57.343785437080385,57.37164991625665,7469000
2017-04-04,57.69905090332031,58.07521340029095,57.538831476708275,57.615457465791515,5359300
2017-04-05,57.78264617919922,58.10308507209067,57.6920905966209,57.754787011180234,4738600
2017-04-06,58.089149475097656,58.19363995503588,57.42041784394224,57.65725797150274,4711500
2017-04-07,58.17274856567383,58.43048575130537,58.00556165571019,58.228472221054616,4483800
2017-04-10,58.53495788574219,58.62551876222581,58.068239866315054,58.20755693299003,2547800
2017-04-11,58.93898391723633,59.050436505948966,58.472265904954284,58.555854017837426,3864200
2017-04-12,58.834495544433594,59.140999474803806,58.730005085025056,58.91808897488152,3526900
2017-04-13,58.7021598815918,58.966869840951695,58.625539188448286,58.81361782545012,2759500
2017-04-17,59.41264724731445,59.426576822738085,58.729981130282205,58.79267750619699,3875000
2017-04-18,59.57288360595703,59.62861255774332,59.322113952129484,59.36390800866652,2807300
2017-04-19,59.48930358886719,59.712214111743165,59.38481311869899,59.524130202519196,3622900
2017-04-20,59.49626159667969,59.538055652272725,59.07133764946633,59.377836248157344,3109100
2017-04-21,59.28032684326172,59.531101863568026,59.18280381476554,59.46144331672882,3261900
2017-04-24,58.62552261352539,59.59379063995977,58.08914071091868,59.558958713700086,6595300
2017-04-25,58.869327545166016,58.9598831089808,58.527991689683425,58.62552001596813,3412300
2017-04-26,58.430477142333984,58.945962066861235,58.28419260362424,58.827536694433654,4185400
2017-04-27,58.2772331237793,58.66035779558221,58.1657751951487,58.52104069940052,4822200
2017-04-28,57.67116928100586,58.21451317691553,57.4621884066078,58.12395763246539,5983700
2017-05-01,58.012508392333984,58.186657375411166,57.44129994042504,57.921952834391725,6003600
2017-05-02,57.91498947143555,58.2284555372396,57.69904641786411,58.08217101889067,4930000
2017-05-03,57.141780853271484,57.95679706640686,56.953702232781325,57.88713851491446,6207500
2017-05-04,56.86314392089844,56.95370482510669,56.21530926477911,56.78651791638702,8025100
2017-05-05,57.399513244628906,57.399513244628906,56.96065434965887,56.988518828276476,5458100
2017-05-08,56.9954948425293,57.52490938661876,56.67506126217709,57.52490938661876,3940600
2017-05-09,56.68898391723633,57.065146417221385,56.46607339664586,56.988520427524094,5790900
2017-05-10,57.13481903076172,57.32987043459995,56.542713312851554,56.68203574416457,3801400
2017-05-11,56.849212646484375,57.01639423562905,56.35463001408485,56.92583864871879,3542600
2017-05-12,56.61932373046875,56.967621740931385,56.57056222158822,56.8492016928795,3115400
2017-05-15,56.78651809692383,57.27413861032922,56.633271402020846,56.66809802215954,3263900
2017-05-16,56.40336990356445,56.90491979327784,56.222253484589096,56.786494453214225,4338600
2017-05-17,56.63325881958008,56.84920188612709,56.25012888092646,56.36854892938089,7243700
2017-05-18,56.946720123291016,57.09300463814865,56.23619457761029,56.542693188195386,4128200
2017-05-19,57.25322723388672,57.59455778754519,56.668083827295035,56.90492923210297,6390100
2017-05-22,57.47611618041992,57.678129583422354,57.232308733556216,57.2741027774175,3433700
2017-05-23,57.524906158447266,57.81050779061371,57.49007422824353,57.59456470424838,2960100
2017-05-24,57.991607666015625,58.02643958625157,57.57365119620855,57.60151566947634,2578500
2017-05-25,57.99858856201172,58.270260596113346,57.873201060533574,58.089144135176895,3146900
2017-05-26,57.580631256103516,58.047349327711686,57.399514797492124,57.97769078658608,3046100
2017-05-30,57.2183952331543,57.69208072754592,57.21839523315429,57.573660682599446,1865200
2017-05-31,57.25322723388672,57.49006732408892,57.03031672532935,57.31591832319704,5515000
2017-06-01,57.552772521972656,57.622431070051974,56.95369944219878,57.0930165383574,6557200
2017-06-02,58.144866943359375,58.27025443157249,57.789601507654616,57.789601507654616,3999500
2017-06-05,57.89408493041992,58.082163482577556,57.62938040507829,57.99857537699855,4919900
2017-06-06,57.615440368652344,57.94284125856117,57.53184695592953,57.92891168040957,4358300
2017-06-07,58.01945114135742,58.123941549644094,57.55273334089364,57.60149482281369,3191200
2017-06-08,57.88017654418945,58.04039601093412,57.36469683682339,58.04039601093412,2963600
2017-06-09,58.28418731689453,58.47923335081566,57.67815218501186,57.880160352568865,4950400
2017-06-12,58.806636810302734,58.820571707374285,58.144872693767546,58.23542826630841,4049500
2017-06-13,58.93898391723633,58.99471286889532,58.534956989616646,58.778764509868054,2787500
2017-06-14,59.02259063720703,59.41965020663982,58.820577127901714,59.29426269447123,5317300
2017-06-15,59.322113037109375,59.48232712776699,58.72304010116072,58.77180160457024,3757200
2017-06-16,59.168861389160156,59.43356593553993,58.91111897572871,59.39873401237706,4497900
2017-06-19,59.175819396972656,59.20368387063946,58.89021784244651,59.168857264509654,4892200
2017-06-20,59.03652572631836,59.377856363371706,58.58373715045174,59.210674769758825,3194300
2017-06-21,58.918087005615234,59.203688582873426,58.54192455308061,59.03650704217094,2559700
2017-06-22,58.97383117675781,59.09225124387417,58.604630761960806,58.841476210800266,6220800
2017-06-23,59.1784782409668,59.5160351774238,58.897177217005456,58.995631770586314,3759000
2017-06-26,59.600425720214844,59.81843146020794,59.32615870365236,59.32615870365236,6417400
2017-06-27,59.065940856933594,59.65667339548813,59.030781591121766,59.30504854515334,3925300
2017-06-28,59.206600189208984,59.48789580650935,59.02375374566777,59.22769682396952,2956300
2017-06-29,58.531490325927734,59.01672909842911,58.42600177003758,59.01672909842911,3985800
2017-06-30,58.531490325927734,58.988598459167015,58.36270649035515,58.69323479497125,4206900
2017-07-03,59.27690505981445,59.396456195316425,58.629916763178564,58.76353052888207,3169500
2017-07-05,58.440040588378906,59.38239784078151,58.32752344256034,59.38239784078151,5370200
2017-07-06,57.34296417236328,58.34861115967585,57.27264029629714,58.08137291910954,4091400
2017-07-07,57.666473388671875,57.828223174792804,57.26562128826782,57.483626970745874,3249800
2017-07-10,57.13905715942383,57.84934109534029,57.09686388028642,57.79307981290962,4164100
2017-07-11,57.07574462890625,57.23748904510183,56.66785854093371,57.18122778496029,3346600
2017-07-12,57.77899932861328,58.1095221887187,57.34298257250617,57.46253373671682,3189200
2017-07-13,57.87041091918945,58.01105869472223,57.66646788890883,57.82118366121611,2556100
2017-07-14,58.426002502441406,58.53149105965392,58.16579811003332,58.22205938926278,2577600
2017-07-17,58.89716339111328,58.98858392215751,58.31346484235446,58.42598737167306,2730700
2017-07-18,58.77056884765625,59.023739132843836,58.608819078920824,58.918250619787564,3012500
2017-07-19,59.213623046875,59.23472504494675,58.735413032601606,58.86199819418484,2949700
2017-07-20,58.939353942871094,59.34724004481431,58.911223311836814,59.248785518878954,3140400
2017-07-21,58.89716339111328,59.0518791862416,58.61586243318631,58.98155528810223,2967100
2017-07-24,58.784637451171875,58.953421235357105,58.517404507599046,58.883097341297855,2659300
2017-07-25,58.861995697021484,58.91825695875375,58.46114359657525,58.82683643246574,2785000
2017-07-26,59.26988983154297,59.47383290894338,58.749486503393285,58.88310567677941,2976800
2017-07-27,59.3402099609375,59.58635165738542,58.7072894996989,59.05891436277351,2828800
2017-07-28,59.1784782409668,59.53713718065178,59.05892704952873,59.35429071027129,3024500
2017-07-31,59.25582504272461,59.34021157832602,58.79167763543782,59.2417570432112,2967600
2017-08-01,59.523048400878906,59.77621869753326,59.05187243530453,59.43865651353782,3142900
2017-08-02,58.98155212402344,59.39646685654617,58.78463770827942,59.39646685654617,2192000
2017-08-03,58.861995697021484,59.199557902045846,58.65102401357933,58.876063695139166,2032500
2017-08-04,59.05891418457031,59.17143135042247,58.72135195627461,58.8479371212143,2068700
2017-08-07,58.995628356933594,59.15034417942858,58.7705886238601,59.07298626818108,1642700
2017-08-08,58.714332580566406,59.01673025183035,58.56665074558228,58.88311641943763,2324400
2017-08-09,58.517417907714844,58.784650912482334,58.40490072452817,58.75652564071348,4508400
2017-08-10,58.09546661376953,58.49631878657983,58.09546661376953,58.39083024313076,4190800
2017-08-11,57.73680114746094,58.151721273751726,57.47660218395767,58.109522641948004,2692800
2017-08-14,58.70024490356445,58.81276204944453,57.87744416019059,57.9758986748489,2160200
2017-08-15,58.52443313598633,58.58772302522095,58.13764370610129,58.58772302522095,2260000
2017-08-16,58.75654220581055,58.939383350708184,58.594792338000545,58.594792338000545,2945300
2017-08-17,58.390838623046875,58.89717941197334,58.36270798306529,58.68620229479699,2053900
2017-08-18,57.800106048583984,58.3345720637514,57.631322223969605,58.24315151611314,2011600
2017-08-21,58.418949127197266,58.517403650512016,57.71569946616666,57.807119990567756,2487600
2017-08-22,58.25017166137695,58.60179649763005,58.09545587496651,58.4259840795035,1835300
2017-08-23,58.84793472290039,58.918258619363186,58.12358839513179,58.27127018731447,1889800
2017-08-24,58.66508865356445,59.305048455584554,58.62992938780573,58.967486239010434,2012200
2017-08-25,58.946372985839844,59.16437861433062,58.58771423786477,58.85495248220098,2147300
2017-08-28,58.49632263183594,59.030794019173214,58.31347616886283,58.97453274358602,2072000
2017-08-29,58.43302917480469,58.68619955745914,58.36973926182644,58.411932537145276,1401700
2017-08-30,58.7635498046875,58.77058380477971,58.10249866100999,58.33456701035283,2054100
2017-08-31,59.101112365722656,59.262856811092014,58.812777379517215,58.92529992009593,3212700
2017-09-01,59.30504608154297,59.551182393478605,59.03780777255354,59.1151656656432,3385900
2017-09-05,59.14331817626953,59.551204424298916,58.84795449267771,59.36835793977347,3705200
2017-09-06,59.29800796508789,59.69886003536913,59.206587445679475,59.26284333780913,3330500
2017-09-07,59.677772521972656,59.776227054951235,59.32614765694353,59.41756819031803,2313000
2017-09-08,59.72700881958008,59.94501455194376,59.46680444858084,59.51603172251362,2334500
2017-09-11,60.275543212890625,60.33883848855714,59.77623646975245,59.860628382184295,2352600
2017-09-12,59.56526184082031,60.338840990090496,59.34725609804637,60.18412516023646,3991300
2017-09-13,59.4105339050293,59.607442952256726,59.20659085886685,59.57931232188579,1840100
2017-09-14,59.90279006958008,59.93092069222437,59.1925066025728,59.33315971579425,2839400
2017-09-15,60.015323638916016,60.04345426926807,59.480857758334466,59.867641853594606,3172800
2017-09-18,59.69184112548828,60.106761297710314,59.50196604014612,60.00127275457792,3442200
2017-09-19,59.29800796508789,59.755121292867614,59.25581470464844,59.741053295808584,2916500
2017-09-20,59.136268615722656,59.53712612203629,58.87606964331948,59.45273422091188,2741300
2017-09-21,59.02374267578125,59.516015279101275,59.016708677056975,59.12923119516954,6278500
2017-09-22,58.60740661621094,59.31078467406918,58.57188592129914,59.090532515309654,4549600
2017-09-25,58.948448181152344,59.1900084584942,58.6074158490241,58.6074158490241,5536300
2017-09-26,59.047916412353516,59.23974337775262,58.90582276543012,59.06212360883579,3099300
2017-09-27,58.515052795410156,59.0408057549302,58.30901322818039,58.92713192986968,3812800
2017-09-28,58.91291809082031,58.969757712432916,58.394271450048144,58.394271450048144,4114300
2017-09-29,59.0337028503418,59.09764878480131,58.69978224336466,58.827668691758596,4245200
2017-10-02,58.948448181152344,59.15448775798659,58.85608243467749,59.126067945265476,4533800
2017-10-03,58.86317443847656,58.99816716096557,58.72818713651125,58.94132754933612,6710800
2017-10-04,59.161590576171875,59.204223006907114,58.70688439884752,58.91292398240468,4137400
2017-10-05,59.374725341796875,59.67312519839912,59.232631720707474,59.23973260739501,3398700
2017-10-06,59.18290710449219,59.23264042123109,58.685568516578186,59.062121546247724,2594800
2017-10-09,59.32500076293945,59.47420071319762,59.14738100017616,59.21132151291895,2248200
2017-10-10,59.50259780883789,59.90757049650697,59.32497811388613,59.50970411438237,6012600
2017-10-11,59.701534271240234,59.886260281858526,59.545228063834244,59.55233436976812,2944800
2017-10-12,60.08521270751953,60.085212707519524,59.63050655169034,59.722866876287696,2787500
2017-10-13,60.24151611328125,60.39071605542581,59.96442973208068,60.305456622546906,2662600
2017-10-16,59.943111419677734,60.31966439876334,59.89337810961972,60.19888427726876,1972300
2017-10-17,60.0141716003418,60.04969230371082,59.76550499465679,59.87917883417331,2191300
2017-10-18,59.95021438598633,60.17046655576123,59.82943426030218,59.94311349896334,1935900
2017-10-19,59.7725944519043,60.063893434658794,59.56655489787599,59.93600700183172,1838700
2017-10-20,59.43156433105469,59.751277685392886,59.204211287397186,59.72285787737018,2929900
2017-10-23,59.204219818115234,59.5594593387992,59.13317299808343,59.502619714563785,2618800
2017-10-24,58.84897994995117,59.28237259626858,58.64294037870806,59.090540220737985,2521400
2017-10-25,58.67845916748047,58.87739784465163,58.27348634630025,58.6003114628191,3490900
2017-10-26,58.195343017578125,58.9697625992585,57.982197129129794,58.834769841872884,3916400
2017-10-27,58.458213806152344,58.6074137522064,57.7903617824129,58.15981391404423,2979900
2017-10-30,58.408477783203125,58.642937153501485,58.15981121797362,58.15981121797362,3061000
2017-10-31,58.40137481689453,58.507947756811745,57.89693534984628,58.41558743316344,4422700
2017-11-01,58.6855583190918,58.81344474284466,58.36584496997165,58.500832280221196,3507700
2017-11-02,59.18290710449219,59.424467379931144,58.777934262325424,58.86318827929212,5159300
2017-11-03,59.0337028503418,59.26106135461998,58.63583630890515,58.891609205693015,2458400
2017-11-06,59.43156433105469,59.59497145153007,59.04790505353438,59.08343116869379,3156300
2017-11-07,59.91469192504883,60.10651885898545,59.45287951750416,59.459985824842335,3992500
2017-11-08,60.21311569213867,60.2486418224095,59.84366887174361,59.87208327132855,2058200
2017-11-09,60.27702331542969,60.63936904837915,59.829423589214564,59.99283611051287,3856400
2017-11-10,60.340980529785156,60.53991377868668,59.857854602228095,59.971533841900104,3657400
2017-11-13,60.646488189697266,60.731747621530445,60.284142380062036,60.37650811967914,3487200
2017-11-14,60.51858139038086,60.689094776152366,60.41200849157761,60.47595439906868,4039200
2017-11-15,59.9075813293457,60.53280081724346,59.87205521572214,60.42623331742059,5171100
2017-11-16,60.40492248535156,60.46886841433176,59.75128310313525,59.7583894109163,5137200
2017-11-17,60.14204406738281,60.44044392479105,60.070997256646216,60.25571788045653,2782600
2017-11-20,59.96442794799805,60.24151432095464,59.86496132286104,60.18467470072649,3613800
2017-11-21,60.412052154541016,60.44757828665963,60.0426053149303,60.134965669701295,3056900
2017-11-22,60.27702331542969,60.48306283336081,60.12782340669131,60.298342234269576,2347400
2017-11-24,60.355186462402344,60.45465308477317,60.30545315121692,60.326772073603,1255000
2017-11-27,60.07100296020508,60.42624246814118,60.04968403648815,60.41913616023554,2218000
2017-11-28,59.84365463256836,60.12074103706643,59.531042106252514,60.04258790548747,2946800
2017-11-29,59.864967346191406,59.9999546821594,59.5097278148097,59.69444846835013,4633900
2017-11-30,59.95732879638672,60.14205487391345,59.77970902736779,60.0567954333953,4849800
2017-12-01,60.09942626953125,60.326784792054085,59.573673237511,60.02837944150562,4664700
2017-12-04,59.801025390625,60.46177117977752,59.78681819345552,60.22021088421822,4484100
2017-12-05,59.30367660522461,59.8933754125897,59.28946399126274,59.50260983649861,4372600
2017-12-06,59.24685287475586,59.52393929553612,58.9697664539756,59.21132675085051,3967900
2017-12-07,59.39604949951172,59.45288912635509,59.047916271015076,59.39604949951172,4049100
2017-12-08,59.701534271240234,59.808107178155524,59.36050747373917,59.63048747347111,3448600
2017-12-11,59.6944465637207,59.786812308068946,59.56656011968268,59.715765488164465,5326200
2017-12-12,59.985748291015625,60.14916086267544,59.49551599656135,60.00706179590057,4732000
2017-12-13,60.08521270751953,60.36940541004401,59.9715388788247,60.120738828031946,3887100
2017-12-14,60.07100296020508,60.305456915844125,59.95021740790802,60.120736274495144,4901000
2017-12-15,60.44755554199219,60.56833567290666,60.127836734805726,60.149155658371235,4909500
2017-12-18,60.845420837402344,61.200660335715305,60.5683344623602,60.575440770073335,5169400
2017-12-19,59.55233383178711,60.88093116221263,59.44576092583457,60.86671855047327,5259200
2017-12-20,58.86317443847656,59.7441667366382,58.85606813189195,59.58075962885817,7831900
2017-12-21,58.63519287109375,59.12580380616614,58.570261742166984,59.12580380616614,4701300
2017-12-22,59.03922653198242,59.125801366979864,58.59911943906621,58.671266969732,6484400
2017-12-26,59.33503723144531,59.49376511277389,58.931006627702835,59.053657988909784,2874500
2017-12-27,59.52982711791992,59.75348607552841,59.38552657712187,59.75348607552841,4341500
2017-12-28,59.847293853759766,59.90501408604568,59.38554300448106,59.443263236766974,3172900
2017-12-29,59.86893844604492,60.08538104364651,59.7751416996974,59.962729687888555,2957300
2018-01-02,59.6452751159668,60.006018290256435,59.45047622383216,59.91222704656257,4639500
2018-01-03,59.47211837768555,59.83286154253757,59.34946702271678,59.68856647839831,5516900
2018-01-04,58.44760513305664,59.508190846266274,58.433172324922594,59.486541634065205,4734100
2018-01-05,58.47647476196289,58.60634253378809,58.32495777441318,58.563049606843435,5742900
2018-01-08,58.779502868652344,58.88051053284959,58.46926347018799,58.555843827144855,4763200
2018-01-09,58.021915435791016,58.967066044700815,58.00027173179734,58.80112180657843,4631000
2018-01-10,57.37261199951172,57.88487232938312,57.07680535590896,57.79107554851651,6244400
2018-01-11,57.17778015136719,57.6683909772625,57.1200599354965,57.50966313586949,5067100
2018-01-12,56.716041564941406,57.17057597701654,56.6150339178136,57.01906450632483,5154600
2018-01-16,56.82426071166992,57.740545861379864,56.80982790360954,56.92526835007879,5760800
2018-01-17,57.22108840942383,57.286025052063586,56.78098123593738,57.06236051019858,5560300
2018-01-18,56.48515701293945,57.06955909164975,56.434653197550944,57.0046279737944,4548200
2018-01-19,56.78818130493164,56.79539770859444,56.42022178117309,56.57894963473573,4546800
2018-01-22,57.307655334472656,57.336515446159645,56.809828040753295,56.87476466817487,4767400
2018-01-23,58.10128402709961,58.11571683392472,57.47359454278167,57.56738576913299,4599700
2018-01-24,57.79827880859375,58.15902202647063,57.596263487303446,58.02193784223592,6242500
2018-01-25,57.69727325439453,57.79828091872733,57.322097211582815,57.69727325439453,4765000
2018-01-26,57.495243072509766,57.77662227967512,57.16336004622509,57.6972583489871,4966400
2018-01-29,56.72324752807617,57.35093700475442,56.687171015955464,57.34372610593261,5280200
2018-01-30,56.312007904052734,56.701605662001334,56.21821116219164,56.470730266233744,6937600
2018-01-31,57.32208251953125,57.34373173162932,56.290356922994846,56.4707284922879,8845500
2018-02-01,56.08833694458008,57.53130937796934,55.987329314603066,57.06234223621723,7313200
2018-02-02,55.6121711730957,55.98734166656595,55.150420332899614,55.66989140424627,11151800
2018-02-05,53.959983825683594,55.944071988594985,53.88783626611528,55.338020378308045,8861900
2018-02-06,53.967185974121094,54.25577613614487,52.7334393621001,53.06532795653554,12554100
2018-02-07,53.736297607421875,54.77523405054439,53.700221093600305,53.95274017684178,7480000
2018-02-08,52.192325592041016,54.06097830407357,52.141821762229576,53.49821977060191,11116900
2018-02-09,53.498199462890625,53.92387365193068,51.98307963917644,52.51697785230376,12718500
2018-02-12,53.519832611083984,53.84449911480925,52.02635678584518,53.81563901377789,15209300
2018-02-13,53.895023345947266,54.04654030992411,53.043669308546995,53.39720155182162,8766100
2018-02-14,53.505428314208984,53.570359441066635,52.78394199177038,53.43327527836208,8225700
2018-02-15,54.0248908996582,54.118687639348224,53.43327236766621,53.58478382658451,7359200
2018-02-16,54.320701599121094,54.59486439843573,53.981602173558834,54.190833851129234,7002400
2018-02-20,53.678611755371094,54.60211385365165,53.61367508981655,54.15479011657532,5766000
2018-02-21,52.61799621582031,53.77237319791731,52.61799621582031,53.678581960295055,7852900
2018-02-22,53.21683883666992,53.61365305718411,52.76229887810233,52.87052293988054,7412700
2018-02-23,54.06818389892578,54.08261120262811,53.33226480652612,53.41162873814772,6884100
2018-02-26,54.219696044921875,54.37120750598151,53.85173649406073,54.335130989513395,6336100
2018-02-27,52.95709228515625,54.363988282391695,52.942659477516074,54.32791727229785,7635400
2018-02-28,52.92101287841797,53.64249909490493,52.92101287841796,53.14467734859096,9175500
2018-03-01,52.971527099609375,53.60643861772772,52.545852790420106,52.8055883197405,8794700
2018-03-02,52.94988250732422,53.00760273610125,52.39434044273128,52.71900709672009,8408100
2018-03-05,53.54872512817383,53.801244284435484,52.76951844213379,52.805594966387496,5558100
2018-03-06,53.801239013671875,53.91667947637053,53.16633298234194,53.63529472466861,6039100
2018-03-07,54.133113861083984,54.17640127576589,53.52706803752369,53.55592814881276,9868300
2018-03-08,54.234130859375,54.36399863033982,53.9599680115623,54.25577457045175,6381300
2018-03-09,54.52992630004883,54.52992630004883,53.88058764316693,54.23411432682937,6293400
2018-03-12,54.76802062988281,54.89788286285403,54.38562831629015,54.56599986808742,6661400
2018-03-13,54.818538665771484,55.2009255740638,54.63095066197559,54.94840643693721,4877100
2018-03-14,54.8690299987793,55.085472565099046,54.63815462533637,54.76802236692946,5945100
2018-03-15,54.854610443115234,55.0566257556166,54.566014780468535,54.9628345046708,5680500
2018-03-16,55.23699951171875,55.30915255857372,54.667024569493286,54.78968144644395,4951000
2018-03-19,54.76081085205078,55.179274223930946,54.414495008718056,55.164841415519305,3999400
2018-03-20,54.573238372802734,55.10713684108308,54.36400662744169,54.72474987713208,5677000
2018-03-21,54.1692008972168,54.724743010046026,53.88060523277762,54.508300390094995,5905400
2018-03-22,53.85173034667969,54.811308328354755,53.83008664107096,54.039318302793546,5605700
2018-03-23,52.892173767089844,53.98883633404008,52.75509507459995,53.83732482896903,9530900
2018-03-26,53.493896484375,53.58859973357414,52.94752004155136,53.20249460326334,6979200
2018-03-27,53.69789123535156,54.40453918942062,52.940248354598666,53.566760629874516,9132000
2018-03-28,55.04560852050781,55.14759835434445,53.792584209910125,53.88729302563636,8917300
2018-03-29,54.98004150390625,55.32971931754005,54.75420768434989,55.19858874792021,5993400
2018-04-02,54.23698425292969,55.12575778829775,53.87273316846937,54.88535073862662,6487700
2018-04-03,54.69593811035156,54.94362615245973,53.967436022226565,54.32440048915946,9987300
2018-04-04,55.27145004272461,55.43171581775491,54.26611370190678,54.38996326892604,5502800
2018-04-05,55.24958419799805,55.35886060008213,54.7760623856815,55.30786568684672,4195900
2018-04-06,54.83433532714844,55.548269631552024,54.652209852946626,55.12573719747701,4817500
2018-04-09,54.65950393676758,55.096604023290915,54.572087254280405,54.870770182826845,4466300
2018-04-10,54.60123062133789,54.994622425540406,54.51381392575732,54.892632575343086,7318500
2018-04-11,54.717803955078125,55.13305001156062,54.448256124086285,54.49925105881112,3892500
2018-04-12,54.10585403442383,54.812502032710434,53.945588224839156,54.80522101275011,4049600
2018-04-13,54.38996124267578,54.43366958350761,53.974709772656986,54.05484543620141,3817100
2018-04-16,54.72508239746094,54.90720793126209,54.32440399988632,54.45553460654436,4279000
2018-04-17,55.36614990234375,55.672119396824485,54.681356269719174,54.84891416890375,4503600
2018-04-18,55.24958419799805,55.570126828637044,55.24230318041349,55.497277746590555,4122900
2018-04-19,54.4482421875,55.125749322875585,54.06213698654943,55.06746782438466,6917900
2018-04-20,53.94558334350586,54.6085173718916,53.872728686250944,54.389970074216855,5171200
2018-04-23,53.90186309814453,54.18597844232787,53.66146165477893,53.967431170356484,4325700
2018-04-24,54.10585403442383,54.33169348789543,53.79988445517514,53.945588224839156,5852200
2018-04-25,54.00385665893555,54.20784190807647,53.5813296807894,53.93100756325723,4055400
2018-04-26,54.71049499511719,55.01646447829845,54.09126945305164,54.16411853599545,5551000
2018-04-27,55.65028381347656,55.83240936740417,54.615812001095165,54.68137453265431,6278700
2018-04-30,55.43172073364258,55.88339402522759,55.41715313754039,55.67212775455217,6625500
2018-05-01,55.93437957763672,56.04365598319975,55.32244059932994,55.42443042904773,5251600
2018-05-02,55.73040771484375,55.97081472910941,55.242312667477464,55.810543386265635,5361800
2018-05-03,55.69398880004883,55.92710927265819,55.482728061334804,55.555577166894516,5839500
2018-05-04,56.3059196472168,56.45161782245321,55.66483989493581,55.66483989493581,3746600
2018-05-07,56.68473434448242,56.75030240945591,56.349624118031095,56.386051438352894,4670300
2018-05-08,56.40061569213867,56.677449970923774,56.218490217370956,56.677449970923774,4311600
2018-05-09,56.77944564819336,56.794013242144736,56.21121499759723,56.28406408341205,4685300
2018-05-10,57.22382736206055,57.33309820234466,56.874143999065915,56.99070697274029,3664000
2018-05-11,57.02714157104492,57.456960685691456,56.939724879139,57.252975435841556,2694500
2018-05-14,56.53904342651367,57.10727412498647,56.26949567245605,56.98343011286382,3536200
2018-05-15,55.62113952636719,56.254938414684965,55.45358713988934,56.254938414684965,5134300
2018-05-16,55.453582763671875,55.91253709331906,55.37344708671332,55.73041156532779,4400400
2018-05-17,55.17674255371094,55.62112923953464,55.06018511833048,55.43171715425828,3998100
2018-05-18,55.24958419799805,55.4535694089684,55.001896207434235,55.24230318041349,3343800
2018-05-21,55.905250549316406,55.99995938106761,55.07475858582298,55.37344711976134,3671500
2018-05-22,55.98537826538086,56.058227354655926,55.67212217927173,55.89796158146247,3470800
2018-05-23,56.54632568359375,56.72116460253048,55.941667706319144,55.948954282366635,3983200
2018-05-24,56.42976379394531,56.779447196633264,56.123794290361566,56.56089437519965,3173500
2018-05-25,56.6264762878418,56.83773702670253,56.40063683501022,56.4807725185907,3597300
2018-05-29,56.8960075378418,56.99071635905781,56.32777684266339,56.48804817884795,4611800
2018-05-30,57.66822052001953,57.843059442352974,56.699311533952816,56.859582861937284,4901800
2018-05-31,57.47152328491211,57.69007611173475,57.25297045808947,57.48609643764922,5430500
2018-06-01,57.72649383544922,57.864910986613395,57.13640902558743,57.25296644917657,7233800
2018-06-04,58.22916793823242,58.243735533414075,57.631796491254875,57.84306274858015,5391500
2018-06-05,58.07619857788086,58.498731204575286,57.95963555340064,58.44044969233518,5543000
2018-06-06,58.21460723876953,58.21460723876953,57.78478809659989,58.076190057015395,4006100
2018-06-07,58.21460723876953,58.3675920174309,57.8649237746649,58.2218882582081,3353300
2018-06-08,58.42584991455078,58.47684482501822,58.12716702696392,58.25829759074138,2773200
2018-06-11,58.33845901489258,58.47687065700232,58.229182570467415,58.36031319217144,4168300
2018-06-12,58.68812561035156,58.841110379729514,58.149035629015465,58.30202039839342,3287900
2018-06-13,57.544376373291016,58.79011423347662,57.41324577969097,58.68812438934655,7230900
2018-06-14,58.090755462646484,58.28745414066996,57.733790992568565,57.733790992568565,4458200
2018-06-15,58.054325103759766,58.46957101389385,57.937762118023635,58.07617927407802,11131800
2018-06-18,58.07051086425781,58.1219785505836,57.67347202279153,57.92345632507192,6391600
2018-06-19,58.01167678833008,58.291071939399956,57.89403318184429,57.89403318184429,11275400
2018-06-20,58.65871047973633,58.73958907153798,58.01904148401395,58.055800910569374,7327500
2018-06-21,58.93810272216797,59.01162717414594,58.54106395001956,58.82045911135832,3719700
2018-06-22,59.40131759643555,59.43807702122222,58.79840805627893,59.06310059679224,4391700
2018-06-25,59.24690628051758,59.48218788263015,58.886626944817166,59.29837395568108,5904500
2018-06-26,59.43808364868164,59.680719439465975,59.09251809128378,59.36455918135353,3751000
2018-06-27,59.210140228271484,59.74687935389357,59.19543758257418,59.592476331070834,4559900
2018-06-28,59.73953628540039,59.81306074660952,59.143980857182584,59.21015118940375,3896700
2018-06-29,59.88657760620117,60.14392160210276,59.276319607026494,59.6292392198557,5235400
2018-07-02,59.55572509765625,59.9527639381208,58.879291047779034,59.93805567946078,7926500
2018-07-03,60.00422286987305,60.42331842762573,59.438072794760316,59.58512731212036,7325300
2018-07-05,60.717430114746094,60.74684102222012,59.952763349092706,60.180690870070066,7214700
2018-07-06,61.04093551635742,61.1438764916261,60.83506478493351,60.87182981964066,7887400
2018-07-09,60.55567932128906,61.12182392365005,60.2468731745467,61.12182392365005,6621300
2018-07-10,60.68065643310547,60.82771094952534,60.31302855639013,60.665953786241595,4561900
2018-07-11,60.482139587402344,60.81300243119872,60.423317781087725,60.607131718653754,5127900
2018-07-12,60.665958404541016,60.76889376909294,60.349798182115336,60.673306923754254,4042100
2018-07-13,60.482139587402344,60.952702818806884,60.438020427888276,60.69536442812568,5013800
2018-07-16,60.15863800048828,60.438033225308814,59.820420956897934,60.371862886360816,3023900
2018-07-17,59.761592864990234,60.33509151390264,59.69542253298809,60.25421292397327,4031200
2018-07-18,59.49689483642578,59.886579492243804,59.22485379495992,59.673360257954016,5185600
2018-07-19,60.19538116455078,60.40125184587414,59.29836838773726,59.46747404330059,4358700
2018-07-20,59.61455154418945,60.14393670593283,59.452794343705925,59.989528025793085,3265500
2018-07-23,59.489559173583984,59.68807580375798,59.13663386381548,59.585140423733314,4379600
2018-07-24,59.188114166259766,59.57779898932811,59.04106519476334,59.47486358736888,4174900
2018-07-25,59.658653259277344,59.761588619227716,59.10721142687616,59.21750091526768,4521400
2018-07-26,59.8571891784668,60.15864119896407,59.59249658948702,59.73954553467237,4385400
2018-07-27,59.21749496459961,60.00421834205317,59.15867316209419,59.967453313098325,4788000
2018-07-30,59.25425338745117,59.39395376366309,58.81310109519155,59.19543719549077,4002000
2018-07-31,60.24686050415039,60.51890155306727,59.438074657217946,59.438074657217946,5737300
2018-08-01,60.673301696777344,60.68065582491368,59.651296658516564,59.81305382017905,7798900
2018-08-02,60.430686950683594,60.77625813685064,60.29834065831233,60.54832498303716,4748200
2018-08-03,61.085060119628906,61.114471028102365,60.401271923903316,60.46009374085023,4342700
2018-08-06,61.00416946411133,61.30562139964666,60.85711495081449,61.11445894669493,4655000
2018-08-07,60.89388656616211,61.30562802880385,60.58508046918081,61.11446555518117,3047100
2018-08-08,60.54096603393555,60.87918867272865,60.401271232232816,60.85712628445829,2415400
2018-08-09,60.570369720458984,60.76889192432303,60.430674935411616,60.54095881582888,3720900
2018-08-10,60.107177734375,60.65861973193807,59.996888212950765,60.6512656012943,4524100
2018-08-13,59.989524841308594,60.180692941691845,59.8351217789227,60.04099813832778,2755400
2018-08-14,60.283626556396484,60.43802961427398,59.98217456993769,59.98217456993769,3249400
2018-08-15,60.746826171875,60.820350617807534,60.15126525784348,60.320376532088396,5202600
2018-08-16,61.23945236206055,61.246806490268874,60.70271319397699,60.75418087232284,3329800
2018-08-17,61.80561065673828,61.81296478659256,61.107119778634,61.107119778634,4698400
2018-08-20,61.84972381591797,62.16588405423849,61.7614910949133,61.8864832425022,4629200
2018-08-21,61.4747314453125,61.87177020885673,61.32768254454322,61.76148072850178,3149000
2018-08-22,61.12916946411133,61.49679738035427,60.901241951098896,61.41591879001628,2954900
2018-08-23,60.97477340698242,61.24682011564971,60.95271662700675,61.13653060621392,2528800
2018-08-24,61.33504104614258,61.34239517524484,60.8791860138266,60.97476725392839,3897100
2018-08-27,61.11446762084961,61.43797637690698,60.908591273013414,61.38650869233716,4479000
2018-08-28,61.937950134277344,61.945304263322804,61.040937115665116,61.20269429732396,4653100
2018-08-29,61.95266342163086,62.0850097074085,61.812963006210765,61.930606642260805,3564900
2018-08-30,61.55562210083008,62.03353953643172,61.50415441450726,62.01883127773544,2968300
2018-08-31,61.798240661621094,61.93058690522049,61.55560494676294,61.59971849144423,3305800
2018-09-04,61.062984466552734,61.812942767369215,60.989454413318064,61.65853975277628,4718600
2018-09-05,61.415924072265625,61.62914895517236,60.717433215151104,61.04094199477053,5407700
2018-09-06,61.592384338378906,61.761495663758716,61.49680309072088,61.51151135008817,3760300
2018-09-07,60.923282623291016,61.43061080865072,60.857106698891535,61.43061080865072,4234400
2018-09-10,61.19533920288086,61.540904697092905,61.10710649248588,61.21004184983522,3089200
2018-09-11,61.18798065185547,61.39385135167346,60.93799079525087,61.03357762699198,3980300
2018-09-12,61.21741485595703,61.37181793959495,61.01154407777314,61.20270659491076,2827800
2018-09-13,61.518856048583984,61.710024141581776,61.27622027011258,61.47474249233718,3813600
2018-09-14,61.12916946411133,61.482094731909555,60.68801708653117,61.43062704801782,5215800
2018-09-17,61.32769775390625,61.45268991151397,60.93065889189577,61.12182138839322,4414700
2018-09-18,61.03359603881836,61.41592665245178,60.930660657857146,61.24682093068302,8039400
2018-09-19,60.32037353515625,61.08504007588566,60.224792321148335,61.06298330415732,4410600
2018-09-20,60.88653564453125,60.92330068115661,60.121868881091295,60.327745232813484,4308300
2018-09-21,60.864479064941406,61.18063930845708,60.710076007813804,60.7983087302683,7292200
2018-09-24,59.77146530151367,60.84507211112377,59.52542945961738,60.718328442812556,4111200
2018-09-25,59.77894973754883,60.106997676300516,59.70439493915067,59.78640692383859,4781800
2018-09-26,59.06321334838867,59.85350444896028,59.033390291439446,59.77149246439155,8971900
2018-09-27,59.346527099609375,59.62238612533661,59.18250312151031,59.361441472982094,4942200
2018-09-28,60.1517333984375,60.1517333984375,59.36889374303371,59.428539860966104,6092300
2018-10-01,59.592552185058594,60.256099474809574,59.585094999733926,60.09207552666155,7215600
2018-10-02,59.4583740234375,59.78642204515986,59.36890482983105,59.607483657946965,5746700
2018-10-03,58.824623107910156,59.65964578696099,58.48166655213351,59.45834730202278,7104300
2018-10-04,58.33253860473633,58.63822054621237,57.95230758389696,58.58603164012672,6759300
2018-10-05,58.302734375,58.66806252365893,58.26545982328945,58.347471800485046,4971600
2018-10-08,59.145233154296875,59.36889757874357,58.30274732652931,58.39221650920833,5246900
2018-10-09,59.22723388671875,59.48817850970079,58.8693629122247,59.16013059042842,5852000
2018-10-10,58.34748840332031,59.41363872207121,58.3325740278594,59.08559071994244,8837400
2018-10-11,56.677406311035156,58.4443836138229,56.61030871521334,58.4443836138229,12471700
2018-10-12,56.528316497802734,57.460265797547684,56.20026852407904,57.28878462360108,10167900
2018-10-15,56.908546447753906,57.43789290271673,56.4612119761961,56.50594371690195,8526800
2018-10-16,58.079071044921875,58.19090607839711,56.75197639103649,57.01292101036798,5315400
2018-10-17,57.85538864135742,58.153613437644985,57.445334523606284,58.019412563723826,5088900
2018-10-18,57.74357223510742,58.287833090290356,57.57209676150872,57.84795009421099,6818700
2018-10-19,58.24308395385742,58.42947374490363,57.78083522432343,57.78083522432343,5357300
2018-10-22,57.430416107177734,58.58603497827359,57.43041610717773,58.29526738663402,7499300
2018-10-23,57.68391036987305,58.04923274096937,56.99054017026963,57.23657035348535,6988400
2018-10-24,58.2281608581543,58.735141241342,57.72118047496659,57.833015470465845,6016200
2018-10-25,58.973731994628906,59.29432268039665,58.049240172852436,58.30272757230513,6215700
2018-10-26,57.55717849731445,59.03338848624378,57.16949014516279,59.03338848624378,11721400
2018-10-29,58.28781509399414,58.690417721161964,57.92249269992452,57.94485856451746,7159600
2018-10-30,59.085567474365234,59.53290186335196,58.228173244044214,58.37728849915003,9053000
2018-10-31,58.39219665527344,59.18248759164593,58.2803616369915,59.06320107679976,8322000
2018-11-01,58.668067932128906,58.7873544720318,58.17599602359238,58.43694066228607,6062700
2018-11-02,58.18343734741211,58.794795629177706,57.51989015213598,58.779881260651855,7609100
2018-11-05,59.04827880859375,59.24212576847431,58.28781102470008,58.302719703999564,6753000
2018-11-06,59.346527099609375,59.368892971501644,58.958838714420786,59.107948319147134,4127900
2018-11-07,60.0547981262207,60.07716399296746,59.28686734286704,59.60745803862346,7559200
2018-11-08,60.099544525146484,60.144276269555405,59.60747258398081,59.95788641696238,3559700
2018-11-09,60.092079162597656,60.29338336138336,59.76403693461883,60.032433052722915,3388500
2018-11-12,60.21135330200195,60.71087652383162,60.04732939318281,60.174073072483274,4969800
2018-11-13,60.1517333984375,60.48723285751519,59.78641088039361,60.25611126073576,4882600
2018-11-14,60.00260925292969,60.39029754921827,59.71929310548274,60.233730793707565,4545800
2018-11-15,59.592552185058594,59.853496789764186,58.996102498732284,59.82367373663129,6413700
2018-11-16,60.233734130859375,60.32320329103617,59.421071568376135,59.48071767516066,4347600
2018-11-19,60.31575012207031,60.75562739052456,59.95042764797843,60.338115991562404,7117500
2018-11-20,59.69692611694336,60.49467424945899,59.68946893210712,60.01751680691686,5295700
2018-11-21,59.74912643432617,60.2486498385184,59.443450055703494,59.68948032058685,4139600
2018-11-23,59.62983322143555,59.90568651231595,59.279419452642315,59.55527274352272,2815500
2018-11-26,59.741661071777344,60.0026113616314,59.46580778777782,59.846038912452684,4422200
2018-11-27,59.99516677856445,60.0026239653693,59.45090590514875,59.6894846894017,5183600
2018-11-28,60.531978607177734,60.58416754549766,59.75659603201919,60.01754072361878,8681300
2018-11-29,60.546875,60.84509988191396,60.136820764514006,60.494686072277545,5681000
2018-11-30,61.12095642089844,61.17314534650996,60.487226439401894,60.69598783001426,6641000
2018-12-03,61.44899368286133,61.5533715256329,60.8078122554555,61.49373110702473,7407000
2018-12-04,60.539398193359375,61.60554796115855,60.38283146093407,61.39679231792481,9346700
2018-12-06,62.03798294067383,62.11253772615484,59.65964717312065,60.20390791464651,15059500
2018-12-07,61.22532653808594,61.948514219301536,60.994199306860004,61.83668488437914,9987800
2018-12-10,60.83018112182617,61.31479580896171,60.077170317309836,61.26260688500349,5804300
2018-12-11,60.86000061035156,61.42662724309861,60.86000061035156,61.18059132107039,5108800
2018-12-12,59.92059326171875,61.32224247044666,59.838581296978624,61.225321824919746,6943900
2018-12-13,60.26689147949219,60.73466363184598,59.94247006462955,59.99528258536845,6131600
2018-12-14,60.09336853027344,60.36497743089537,59.78403393273554,60.04055600827101,10390400
2018-12-17,57.829959869384766,60.349879638974,57.69415543079936,60.16126268294609,20329300
2018-12-18,58.425994873046875,58.818315640660316,58.146839683309224,58.46371481362775,9575700
2018-12-19,57.78469467163086,58.84849719149811,57.550811460652966,58.44108382789789,10760000
2018-12-20,56.91706466674805,57.882782733249755,56.50210498686042,57.70925256998755,13284100
2018-12-21,56.124874114990234,58.10912288474346,56.072061585183384,57.045325996881566,16609300
2018-12-24,54.12552261352539,56.07959736226761,54.080256383930724,55.89098039744589,9335800
2018-12-26,55.936241149902344,55.936241149902344,53.62757156850616,54.23868863272694,16977000
2018-12-27,55.92869186401367,55.9890506650847,54.336764461591,55.521278590982405,12102300
2018-12-28,56.109798431396484,56.720915791409055,55.67975181580705,56.51721192344993,12729300
2018-12-31,56.26067352294922,56.37384486410457,55.30250178091875,56.06451024868884,15750600
2019-01-02,55.03843688964844,55.604287875173824,54.72156171922636,55.49866281836646,12880400
2019-01-03,55.423213958740234,56.26067382926249,54.85736300601621,54.902629240271395,12264300
2019-01-04,56.07203674316406,56.60016180725327,55.302482256043874,55.634444115129305,9389000
2019-01-07,56.622825622558594,57.04532585999955,56.13242027202375,56.28331156935723,9227900
2019-01-08,57.7922477722168,57.935598534485884,56.834075942869134,56.98496724073782,10761000
2019-01-09,57.70924377441406,57.995945239051984,57.15848547174209,57.92804013990458,6434200
2019-01-10,58.493892669677734,58.659876521007845,57.39991656755908,57.5281747231749,8671800
2019-01-11,58.65989303588867,58.72025186357154,58.16948763420094,58.441096602639234,5141900
2019-01-14,58.4637336730957,58.803247784644384,58.22985039519451,58.47127996609946,4934500
2019-01-15,59.02204132080078,59.165386343990015,58.524089617550004,58.54672273930963,5377200
2019-01-16,59.436973571777344,59.64822363909229,58.92393522709848,59.00692714727687,6164000
2019-01-17,59.723697662353516,59.75387132100714,59.20311283048902,59.32382473350793,4327000
2019-01-18,59.927398681640625,59.98021121598794,59.46717270112782,59.97266492361417,6397100
2019-01-22,59.74633026123047,60.0103929431484,59.286104262972884,59.79914279761405,6062600
2019-01-23,59.75385284423828,59.90474987152085,59.36153208556964,59.851937351005205,3972000
2019-01-24,59.95756912231445,60.0933735840464,59.369085040187244,59.580335145962785,4142500
2019-01-25,60.70447540283203,60.74974162656217,60.048086378083994,60.16125769354154,5713400
2019-01-28,61.30052185058594,61.36088066895707,60.40270313474994,60.59132012505944,5471200
2019-01-29,61.783355712890625,61.8135351097802,61.0892468528246,61.209958684251504,4832200
2019-01-30,62.28132629394531,62.507663206073374,61.73810849502488,61.80600784182335,6635900
2019-01-31,62.9301643371582,62.97543056490504,61.70037809279723,62.20587015641258,13041700
2019-02-01,62.53030776977539,63.18669702299874,61.65512785494514,62.99053372500081,16142500
2019-02-04,62.99806213378906,62.99806213378906,62.01725167835488,62.51520319588895,13612800
2019-02-05,63.360225677490234,63.39794562411033,62.66611073729835,63.058437323859074,10279100
2019-02-06,62.94527053833008,63.29232515553735,62.741566694627686,63.12634126119159,8419900
2019-02-07,63.465850830078125,63.541296479562035,62.55294523221433,62.75664906143431,8823200
2019-02-08,63.465850830078125,63.71482089776164,63.111249945756214,63.22442129804914,6853900
2019-02-11,63.63938522338867,63.76010288639202,63.34514311498676,63.56393956207908,4999200
2019-02-12,63.23950958251953,63.7902737730964,63.00562633689053,63.7902737730964,8588900
2019-02-13,63.563907623291016,63.62426642446436,63.01314363581542,63.2470325513291,5697000
2019-02-14,63.76763916015625,64.0090687138876,63.36777200142632,63.66201409015719,6928100
2019-02-15,64.19768524169922,64.20523153410848,63.78273125734312,63.93362256872088,4998600
2019-02-19,64.18258666992188,64.33347795369198,63.94115716220961,64.06187479413249,5981200
2019-02-20,63.782718658447266,64.13731950188928,63.360218465137685,64.13731950188928,7918900
2019-02-21,63.84307098388672,63.90342403670076,63.20931500221017,63.4205650773914,4756900
2019-02-22,64.22032165527344,64.46929173388214,63.767636226237215,63.97134582053038,4490300
2019-02-25,63.71480941772461,64.40137794343178,63.65445636269225,64.34856542269532,4956800
2019-02-26,63.518672943115234,63.971352664446634,63.41304786667574,63.8053687568603,4777100
2019-02-27,63.20176315307617,63.47337201331463,62.733996815212876,63.307393937508756,8116400
2019-02-28,63.36775207519531,64.0694073944849,63.01315127050351,63.247040214355245,6547100
2019-03-01,63.171592712402344,63.55636715381808,62.485024237485305,63.33003026289105,10635700
2019-03-04,63.45830154418945,63.52620089868112,62.75664610043989,63.46584783562202,7103600
2019-03-05,63.63180923461914,63.91096438293654,63.299847328550456,63.42810546853455,9077500
2019-03-06,63.33757781982422,63.827983105410375,63.26213218114941,63.69217865334241,5370800
2019-03-07,63.20176315307617,63.79025285434771,63.035785077270305,63.49601088177811,8328500
2019-03-08,63.26969528198242,63.49603801427711,62.99054001297027,63.096165086405186,9264800
2019-03-11,64.19768524169922,64.24295724002019,63.38286410167098,63.488489170862316,4679300
2019-03-12,64.4919204711914,64.6503580439917,64.21276526799083,64.28066461799092,6072500
2019-03-13,64.80878448486328,64.98230885359135,64.56735502166546,64.56735502166546,4282900
2019-03-14,64.90689086914062,64.92198345484285,64.59756193586384,64.85407833145264,4303200
2019-03-15,64.70317840576172,65.02759988159289,64.59000705258636,64.97478735092895,4742200
2019-03-18,64.37875366210938,64.90687894194163,64.0694190295406,64.73335453119697,4125300
2019-03-19,64.18258666992188,64.5145544015763,63.98642339611394,64.41646988660558,6169200
2019-03-20,64.37875366210938,64.77862076771576,63.707277625122444,64.16750355017648,6499300
2019-03-21,65.52552795410156,65.5557073571485,64.28065492004498,64.28820120983985,6948200
2019-03-22,65.05021667480469,65.9555757607138,65.03512409489768,65.58588813884973,8769700
2019-03-25,65.13320922851562,65.34445930020405,64.69561650508518,65.07285042056672,6324300
2019-03-26,65.65380096435547,65.6839803742352,65.2086676199306,65.2765669750596,8576400
2019-03-27,65.4651870727539,65.85751366365285,65.05023311853998,65.744342310273,7252600
2019-03-28,66.10041046142578,66.13080564478159,65.42413357430239,65.61409912230982,5600000
2019-03-29,66.03961944580078,66.22958497526547,65.78126331113911,66.16119437006847,13743500
2019-04-01,66.00165557861328,66.13083080906321,65.27978854041362,66.10803586219448,8528500
2019-04-02,66.46514892578125,66.52593929437823,65.51532115628578,66.09281806337984,10358100
2019-04-03,66.38919067382812,66.67033609686987,65.94086877098898,66.46517576661533,5004200
2019-04-04,66.28279876708984,66.48795906138596,65.95605770781086,66.43476892602845,4249100
2019-04-05,66.7463150024414,66.7843104439584,66.18401841119042,66.29039869068951,4827100
2019-04-08,66.37394714355469,66.73868346866496,66.1611867027767,66.69308780472167,4575500
2019-04-09,66.02442932128906,66.47275105579168,65.91044882626034,66.37396525469869,3507600
2019-04-10,66.63232421875,66.69310879432577,66.12321209261847,66.25998753291978,4264500
2019-04-11,66.58673858642578,66.93627458719955,66.32078791162942,66.70071910342133,2925600
2019-04-12,66.9058837890625,66.92867873252514,66.08523104066856,66.556341998336,4148900
2019-04-15,66.56392669677734,66.97425297512737,66.38916163952675,66.94385779184718,3468900
2019-04-16,65.05943298339844,66.60955326595263,64.80107670432717,66.57915806857417,7256100
2019-04-17,64.46672058105469,65.37095865498596,64.25396004537434,65.27977888100284,6121300
2019-04-18,64.96061706542969,65.09739249165928,64.2691454864217,64.67187151996207,4827400
2019-04-22,64.2463607788086,65.11260335043973,63.66126355226603,64.88464233799391,5012000
2019-04-23,65.097412109375,65.1885976867705,64.2235691671945,64.52751529455601,4692300
2019-04-24,65.57612609863281,65.77368614454615,65.08981463635554,65.32537012040831,4853800
2019-04-25,65.43931579589844,65.61408080479451,64.94540434950693,65.40892062102807,3732500
2019-04-26,65.95606994628906,66.00926009151627,65.44695764506747,65.56093818406606,3109400
2019-04-29,65.31015014648438,66.08521279395131,65.23416509015911,65.88764700967508,4280600
2019-04-30,65.93323516845703,66.07001058519893,64.9530181119761,65.36333856491378,5541400
2019-05-01,65.98645782470703,66.73872588638122,65.89527803344293,65.93326768070601,7675800
2019-05-02,66.05482482910156,66.70070657436746,65.85725902323934,66.01682939814346,5675900
2019-05-03,66.61713409423828,66.70831966772634,66.05483755095347,66.29039303585185,4678400
2019-05-06,66.40436553955078,66.61712605472319,66.00923969670049,66.29798528196459,4836000
2019-05-07,65.20378112792969,66.32077961970877,64.74786491423944,66.32077961970877,7037100
2019-05-08,65.1353988647461,65.78888092239269,65.09740342990804,65.25697382110694,5976800
2019-05-09,65.30258178710938,65.4317570141962,64.55791402413799,65.02143058936997,4005000
2019-05-10,66.00165557861328,66.1688262520382,65.1278125658043,65.25698779625424,4269000
2019-05-13,65.93323516845703,66.03202095666887,65.4089342353531,65.5912995252463,5794100
2019-05-14,66.17639923095703,66.38916552637514,65.91044860829537,66.07001898189237,4740500
2019-05-15,66.6247329711914,66.78430337354642,65.89526579015852,66.11562657358874,3410600
2019-05-16,66.89069366455078,67.18703957008397,66.4499720316535,66.60194800711326,4008500
2019-05-17,66.76151275634766,66.9210831690434,66.41957698589822,66.66273272866653,5346600
2019-05-20,65.79645538330078,66.63230831749999,65.53050481209543,66.42714230736468,4221100
2019-05-21,66.3587646484375,66.52593525328015,65.91804319881382,66.00922874617025,2930100
2019-05-22,66.55634307861328,66.60193876356843,66.22960782062574,66.42716786536846,2825100
2019-05-23,66.70830535888672,66.76909572817263,66.17639832356797,66.3967590642629,3304500
2019-05-24,66.91346740722656,67.22501371022463,66.86027728199383,66.8830722217666,3121800
2019-05-28,66.25238037109375,67.31618270564952,66.21438494602192,67.11862272768226,4614500
2019-05-29,65.37096405029297,66.26760195129854,65.12780830411978,66.15362142712262,8170000
2019-05-30,65.64450073242188,65.94084655254338,65.3709498527268,65.43934047129508,3984100
2019-05-31,66.02442932128906,66.38916574592321,65.26456708414932,65.46973313465877,5369200
2019-06-03,66.18402099609375,66.4043818114599,65.71290996770946,66.26000608480503,6347800
2019-06-04,65.8876724243164,66.29799884349252,65.31017533836959,66.29799884349252,6993200
2019-06-05,67.26301574707031,67.33900662337703,66.10042722597252,66.26759787818344,6775400
2019-06-06,67.39220428466797,67.54417445967334,66.90589276790209,67.47578962010809,4077200
2019-06-07,67.6429443359375,68.06087095037921,67.56695925984529,67.72652965882584,3525700
2019-06-10,67.42257690429688,67.8480978896689,67.1718209819361,67.77211282760798,2945500
2019-06-11,67.6049575805664,67.7721282334746,67.10344562184183,67.62015227751718,3834000
2019-06-12,67.83290100097656,68.06086199655321,67.5517556766928,67.65813592868487,2768500
2019-06-13,68.12165069580078,68.12165069580078,67.70372414660095,67.89368970582109,2799400
2019-06-14,68.15966033935547,68.47880697847879,68.04568560819409,68.08367525281773,2981700
2019-06-17,68.88912963867188,68.98030941861923,68.34202776982704,68.34202776982704,3574900
2019-06-18,68.82074737548828,69.59580458574386,68.50920676063242,69.39824450697317,4449200
2019-06-19,69.19306182861328,69.42102284624558,68.39520986147926,68.70675040180126,3694600
2019-06-20,69.5426025390625,69.79335851607267,69.4438225165842,69.57299772996888,4862000
2019-06-21,68.5623779296875,69.35262962064786,68.4180022374499,69.14746935030588,7941700
2019-06-24,68.32682037353516,69.07908826585808,68.12166009208592,68.86632194046125,3773600
2019-06-25,67.31620788574219,68.51679188072808,67.31620788574219,68.34202677351665,5381300
2019-06-26,65.97124481201172,67.41498434492519,65.8116744243045,67.34659372317107,12897000
2019-06-27,66.82051849365234,66.86655268244601,66.26048756521548,66.3832317448966,6924500
2019-06-28,67.0506591796875,67.48027250677204,66.85119334080856,66.90489500669413,9638200
2019-07-01,67.01995849609375,67.495605909705,66.22977448788389,67.495605909705,9746000
2019-07-02,68.1860580444336,68.1860580444336,67.08133737758256,67.08133737758256,7633700
2019-07-03,68.9992904663086,69.05299214681362,68.23978774525219,68.2934894257572,5418000
2019-07-05,68.75376892089844,68.97624889547953,67.67972988441944,68.51594227053005,5375100
2019-07-08,68.9992904663086,69.11436131521636,68.57734451016614,68.68474787117619,4509700
2019-07-09,69.22942352294922,69.34450020080814,68.66939266536832,68.85351183811682,4906800
2019-07-10,69.62834930419922,69.81246846128919,69.16037514627025,69.52094597480986,6833700
2019-07-11,68.7231216430664,69.63605038328606,68.46228067939987,69.63605038328606,4020600
2019-07-12,68.63102722167969,68.86884804774982,68.33183139112612,68.77679139406723,2948600
2019-07-15,68.57732391357422,69.02995724449572,68.50828142496586,68.72308808247067,3185700
2019-07-16,68.41621398925781,68.71540979108065,68.13235901056143,68.48525647288984,3611600
2019-07-17,68.1860580444336,68.80746963839421,67.78713227505106,68.59266300464655,6422000
2019-07-18,68.1860580444336,68.37018303311027,67.64136812227582,68.00961224658737,7048200
2019-07-19,67.07366943359375,68.30114019160425,66.98160693185211,68.25511186725457,5064600
2019-07-22,67.01229095458984,67.27313176946608,66.75912347772108,67.15038177351445,3265200
2019-07-23,67.77178955078125,67.77178955078125,66.96626462726293,67.17339793529847,4239800
2019-07-24,67.82550811767578,67.89455061392418,67.43424974647229,67.85618976953523,2946100
2019-07-25,67.42658996582031,67.84853592677558,67.18876907130603,67.80250173364321,5629200
2019-07-26,67.73345184326172,67.84852853398749,67.22711674528576,67.51864514219686,3111900
2019-07-29,67.91756439208984,68.38553859635985,67.80248771262224,67.84852189623511,4898200
2019-07-30,68.46222686767578,68.70772095361342,67.8561620626646,67.87150873537108,3818100
2019-07-31,68.1937484741211,69.0299669114169,67.80249009142146,68.53897267159277,5979800
2019-08-01,68.1937484741211,68.83050105021115,67.77947592532911,68.28581099153372,8371300
2019-08-02,68.52361297607422,68.88418375368036,68.0249513868964,68.14002803871307,4794000
2019-08-05,67.17341613769531,68.39321971390669,66.3218568070507,68.35485886537384,6840000
2019-08-06,67.91756439208984,68.29347608217716,67.15806767247255,67.32684602195263,7789000
2019-08-07,68.57732391357422,69.03762473009058,67.01996979362193,67.66438976613635,8674600
2019-08-08,69.78177642822266,69.78177642822266,68.26278323804404,68.73075151254235,5766700
2019-08-09,69.69738006591797,69.92753336333664,69.04528686062041,69.65902508504252,3304800
2019-08-12,69.51326751708984,69.79712249702543,69.15269671510309,69.61299750045217,2944000
2019-08-13,69.61299896240234,69.82780560987362,69.05296818192969,69.47490813859336,4540200
2019-08-14,68.5542984008789,69.41353074168636,68.39319343442278,69.30612157767415,4645100
2019-08-15,69.23709106445312,69.38285523440452,68.57732440988917,68.65404023769004,4582900
2019-08-16,69.95055389404297,70.0809713763735,69.23708563070736,69.39819061235836,3951100
2019-08-19,70.4568862915039,70.61799713372297,69.94288382321962,70.24975297771729,3255600
2019-08-20,69.958251953125,70.74076297666436,69.90455027359822,70.68706129713757,2556300
2019-08-21,70.24974822998047,70.3955123854501,69.87383661397351,70.15001824905183,2739400
2019-08-22,70.57196807861328,70.6256697455702,69.85083224419796,70.24208473786575,2587300
2019-08-23,69.58232879638672,71.00159822639128,69.35218126806646,70.51060980898905,5776500
2019-08-26,70.11933135986328,70.1807063577568,69.63601056775417,69.96589386512946,2736200
2019-08-27,69.91986846923828,70.67936507756781,69.86616680709463,70.50291926754244,3252300
2019-08-28,70.1500244140625,70.25742774236058,69.74342526364227,69.91219774165182,3498600
2019-08-29,70.69470977783203,70.77142559974368,70.30345147712802,70.46455645905507,2688000
2019-08-30,70.7484130859375,70.9708930717914,70.43387059982062,70.89417724809334,5678300
2019-09-03,71.4542236328125,71.53093947326356,70.57965017497476,70.7330818558769,5927900
2019-09-04,72.0526123046875,72.16768898697003,71.6843739450352,71.8071181139049,4757100
2019-09-05,71.53091430664062,72.12163836167143,71.40049683845406,72.12163836167143,6036600
2019-09-06,71.6920394897461,71.95288035272416,71.51559365432958,71.73807367323813,2986400
2019-09-09,71.3468017578125,71.69969921467967,71.15500927996892,71.69202587671418,3772100
2019-09-10,70.61033630371094,71.10132469666762,69.99659788599342,71.08598387009418,5379400
2019-09-11,70.6870346069336,70.80211126333833,70.13467133862437,70.5182562912789,3972200
2019-09-12,71.06295776367188,71.47723028218961,70.64868524515416,71.23173610673942,3486100
2019-09-13,70.303466796875,71.33914525097073,70.08866010749732,70.97857437106819,6109300
2019-09-16,70.91717529296875,71.0322460758433,70.18836050086519,70.42618710923455,4688300
2019-09-17,71.68437194824219,71.7150594528656,71.0476193966532,71.23173857135065,3674800
2019-09-18,71.43888092041016,72.09097432659829,70.84048333338144,72.09097432659829,5655000
2019-09-19,71.6920394897461,71.99890868317317,71.51559365432958,71.59230948942559,2892800
2019-09-20,71.6920394897461,72.0679570318897,71.48490614968257,71.85315035240366,6900400
2019-09-23,71.80709838867188,72.11396750611472,71.52324928379655,71.54626344332249,3515200
2019-09-24,71.64781188964844,72.17366761709307,71.4080796389415,72.00353695528162,3705600
2019-09-25,71.78701782226562,71.95714850458833,71.46222610143525,71.64782052763255,7088700
2019-09-26,72.39018249511719,72.56031312658827,71.91845879874325,72.00352411447878,2984700
2019-09-27,71.9880599975586,72.62218545439106,71.48540878412076,72.54484905237989,4090300
2019-09-30,72.11177825927734,72.4752380320273,72.00351439930134,72.06538114784131,3189800
2019-10-01,71.4312973022461,72.28967969096624,71.31529856594375,72.07314596322949,5226300
2019-10-02,71.12968444824219,71.49313840151883,70.67342445167152,71.43900645954663,3384300
2019-10-03,71.81792449951172,72.01125367571376,70.95180766614881,71.0910049090118,6634500
2019-10-04,72.25098419189453,72.28191756988862,71.90299401435361,71.95712595085861,2189400
2019-10-07,72.09632873535156,72.45205375967802,71.80246457182258,71.9184632732188,3667600
2019-10-08,71.71739959716797,72.3051220271254,71.36940939123764,72.01126376211622,3108100
2019-10-09,71.85659790039062,72.43658551863516,71.76380365743255,72.43658551863516,4166000
2019-10-10,71.97258758544922,72.11178483238326,71.57046548316112,71.82565551925818,3719700
2019-10-11,71.9416732788086,72.52166097812172,71.9030109721517,72.23553748908883,3376300
2019-10-14,71.97258758544922,72.14271820947287,71.70192791083815,72.02671952037143,1877600
2019-10-15,72.06539916992188,72.14272967496667,71.5782057782549,72.03446578791609,3218500
2019-10-16,72.07313537597656,72.08860501851288,71.62461604140246,72.02673824824751,3413900
2019-10-17,72.54486846923828,72.66086720336332,72.11181282177488,72.22007673364072,3223100
2019-10-18,73.10163879394531,73.20990267785106,72.45205549051079,72.48298887161803,2492100
2019-10-21,73.65840911865234,73.68934249189154,73.00882598044218,73.19442031993971,2591900
2019-10-22,73.4419174194336,73.84403966885544,73.30272012156823,73.82084110253464,2644200
2019-10-23,73.60430145263672,73.67389714041246,73.0243137880803,73.55016950660904,3020200
2019-10-24,73.41868591308594,73.7512123143541,73.24082048452662,73.7512123143541,3148800
2019-10-25,72.79229736328125,73.4573501837204,72.65310012412101,73.37228487645923,4184600
2019-10-28,72.35153198242188,72.7923224080973,72.26646664589327,72.7923224080973,4897400
2019-10-29,72.79229736328125,72.99336135316561,72.38244046462556,72.47524059071175,5512200
2019-10-30,73.05525207519531,73.10164920349345,72.28193513721283,72.70725591313918,3861400
2019-10-31,72.92375183105469,73.27947673023826,72.65308632303642,73.20987517391052,4723500
2019-11-01,72.9083023071289,73.30269550194234,72.26644798810558,73.00883726067389,6520400
2019-11-04,72.3979263305664,72.90831238860035,72.24325941908688,72.88511382686328,3878100
2019-11-05,71.1683578491211,72.18913598546845,70.88996327557726,72.18913598546845,9141700
2019-11-06,71.3230209350586,71.66327636221044,71.16061919262685,71.31528611400476,4500400
2019-11-07,70.61155700683594,71.20701426271302,70.3563669399706,71.12968376063445,4945300
2019-11-08,70.44143676757812,70.91316056985903,70.3022453832395,70.53423692374388,7330200
2019-11-11,70.59609985351562,70.82036246042614,70.37183724660511,70.44916775589917,3525200
2019-11-12,70.0625,71.05234454729437,70.00063324080938,70.6192890328378,5701600
2019-11-13,70.70435333251953,70.82808094917831,70.10116718895328,70.13982948793593,4316000
2019-11-14,71.2533950805664,71.268864717406,70.75847290057924,70.8358033849639,5136200
2019-11-15,71.64009094238281,71.66328950986066,71.18383671547615,71.36943115523981,2785200
2019-11-18,71.9880599975586,72.30512272597483,71.69420172970919,71.74059885096459,3251900
2019-11-19,72.11177825927734,72.32057116067739,71.91844909504336,72.1813739264314,4065100
2019-11-20,72.07313537597656,72.28966907190538,71.75607850326142,72.16593553137463,5698800
2019-11-21,71.06009674072266,71.9262138813324,71.03689817533906,71.87981085062488,5002900
2019-11-22,70.79716491699219,71.24568423733146,70.41050646501503,71.19155229005226,5112000
2019-11-25,71.02142333984375,71.4312862647726,70.94409282757148,70.94409282757148,5183500
2019-11-26,71.96485900878906,72.00352720848996,71.1064768948918,71.17607847436562,4858500
2019-11-27,72.30513000488281,72.3437982097811,71.74834089400993,71.964868681585,4121600
2019-11-29,71.97258758544922,72.57577368885059,71.94165420835961,72.30511401423952,3531100
2019-12-02,70.8822250366211,71.93393052072497,70.84355683429067,71.68646936565241,9430800
2019-12-03,71.3384780883789,71.4312782326346,70.78942384306268,70.8512906058998,4762900
2019-12-04,71.63231658935547,71.89524730886716,71.12193068667852,71.19926116890987,4129800
2019-12-05,71.67101287841797,71.70194626342519,71.26889067320403,71.61688092964032,4846800
2019-12-06,71.81792449951172,72.2045828519158,71.6477938804638,71.6477938804638,4486000
2019-12-09,71.95713806152344,72.08860051517,71.6168767462598,71.91846985753818,3961000
2019-12-10,71.53955078125,72.13500222083513,71.37715493409043,71.9803411949517,5227100
2019-12-11,70.8126220703125,71.616872283586,70.59609430134256,71.59367372261624,5112100
2019-12-12,69.85370635986328,71.07554829186019,69.75317140220527,70.82035233772055,7923900
2019-12-13,69.86917877197266,70.21717490715922,69.35105787951527,69.88464841350427,6814200
2019-12-16,70.37185668945312,70.5265177507721,69.58307583682024,70.0702634899222,5185200
2019-12-17,69.70677947998047,70.61929358710441,69.59078077400197,70.58836020551419,9649900
2019-12-18,70.55640411376953,70.7518079210632,69.73571170108667,69.73571170108667,6340700
2019-12-19,71.18169403076172,71.2207771749668,70.44697385511039,70.52514014352053,6117400
2019-12-20,71.57250213623047,71.88514940237523,71.32238551596478,71.37709834029631,9514600
2019-12-23,71.21295166015625,71.94767175643388,71.14260320083716,71.94767175643388,5369100
2019-12-24,71.40055084228516,71.52561214280207,71.12698670146817,71.38492116134606,1962000
2019-12-26,71.71318054199219,71.72881021909797,71.35363833606371,71.45524614537516,2243900
2019-12-27,71.93985748291016,72.04928312435759,71.6741052370734,71.87732684115443,4195900
2019-12-30,72.01018524169922,72.0727158706547,71.61156589941825,71.82259931808176,3466500
2019-12-31,72.52606964111328,72.55733496233992,71.90859296420022,71.97893546452245,4649500
2020-01-02,71.6740951538086,72.87778300364309,71.20512733311642,72.83870583048088,5106600
2020-01-03,72.11964416503906,72.26815298657631,71.15044282165539,71.31458132602467,5015500
2020-01-06,72.20560455322266,72.46353898084132,71.80698512499411,72.04146608926085,4889000
2020-01-07,71.40055084228516,72.04929292140187,71.00974322304631,72.04929292140187,6529100
2020-01-08,71.61937713623047,71.7600680685391,71.17385684446128,71.43179121423528,6766100
2020-01-09,71.5802993774414,71.80696843114457,71.40834313233908,71.60374687209193,4213800
2020-01-10,72.12745666503906,72.21343482239942,71.54124520844641,71.73664902731063,5838800
2020-01-13,72.99502563476562,73.00284345461054,72.17432748527898,72.19778094481373,5552600
2020-01-14,72.7214584350586,72.96375717055315,72.3150153061494,72.92467999951319,4120700
2020-01-15,73.3780288696289,73.5343554791437,72.901243146297,72.93250846819996,4471500
2020-01-16,73.96422576904297,73.96422576904297,73.37020265884135,73.49525795873934,4426700
2020-01-17,74.03458404541016,74.27688282085151,73.87825744573021,73.92515840725922,3581300
2020-01-21,74.73805236816406,74.79276519714603,73.93298365135654,74.1283874638994,4217400
2020-01-22,74.23778533935547,75.15227333518328,74.11272409381574,74.91778648142048,5024300
2020-01-23,74.86309814453125,74.89436346613451,74.01114049303122,74.32378178256312,4825000
2020-01-24,74.60517883300781,75.06633496604951,74.3785156411374,74.95690929988739,3518100
2020-01-27,74.2456283569336,74.49574498974293,74.04241269251102,74.22218085436567,3047000
2020-01-28,74.54264068603516,74.77712165838139,74.22999342632302,74.37068439503096,3006100
2020-01-29,74.26907348632812,74.86310270648792,74.19873098087207,74.76931269921317,3785500
2020-01-30,74.32377624511719,74.48010284148648,73.94078651969977,74.07365965417624,4142400
2020-01-31,73.4171142578125,74.33160258924879,73.21389264085424,74.25344226372655,6370900
2020-02-03,73.65940856933594,74.21435459896793,73.3545791440909,73.37802664399433,7508200
2020-02-04,74.41757202148438,74.72240142959883,73.72193506827448,73.92515666143409,4422900
2020-02-05,74.46446990966797,74.74585183012107,74.29251959228009,74.55826587090237,4413700
2020-02-06,74.71456909179688,74.93342628365585,74.57388412761779,74.6833097419229,3327500
2020-02-07,74.69895935058594,74.90218095848971,74.50355556386124,74.81620281527081,3176200
2020-02-10,75.53528594970703,75.5509215917817,74.90999145822511,74.99596959988513,4457000
2020-02-11,76.10587310791016,76.56702320710959,75.79322583962629,75.79322583962629,5362200
2020-02-12,76.55919647216797,76.79368338689358,75.91827233026791,76.23091956215208,6298700
2020-02-13,77.02037048339844,77.16887929498658,76.4028936959941,76.54358468506409,3683500
2020-02-14,77.81759643554688,77.83323207676348,77.09851198408036,77.20011979898871,3004800
2020-02-18,77.73162841796875,77.91922035748998,77.28610799729452,77.86450753260895,4186800
2020-02-19,76.68426513671875,77.77070975064765,76.67644731527487,77.77070975064765,4415200
2020-02-20,77.5987319946289,77.63781512778742,76.49665800589568,76.72332705906751,5556500
2020-02-21,77.82540893554688,77.94265238365637,77.40333610030241,77.59092203932789,3670800
2020-02-24,76.76240539550781,77.48148973586059,76.40286322533142,76.90309632846805,5214600
2020-02-25,74.68334197998047,77.08290063789906,74.4801203385839,76.9422096497401,7378900
2020-02-26,73.87826538085938,75.3946007627464,73.8391881991797,74.83183686995325,9407200
2020-02-27,69.94672393798828,72.92468111139449,69.94672393798828,72.76835453510397,11869100
2020-02-28,68.25846099853516,68.93846244741114,66.1715497187932,68.39133415943608,22471800
2020-03-02,71.17387390136719,71.18169172260481,68.12557957623426,68.50856933137268,14250500
2020-03-03,71.00971984863281,72.93249198677495,70.4235086127389,71.2676542236059,14654200
2020-03-04,73.69065856933594,73.78445451269886,72.01018518772315,72.1117989505119,10638200
2020-03-05,72.11180877685547,73.03411480756442,71.24421556308475,72.47135099719966,9803600
2020-03-06,70.8690414428711,71.13479368434986,68.61799204583097,70.53294670300832,10302700
2020-03-09,65.40553283691406,67.63313403319121,65.31173690534779,67.21887910445788,14017500
2020-03-10,68.16886138916016,68.23188003573227,64.45872421171903,66.99516764325189,11782100
2020-03-11,64.0727310180664,66.68007158392261,63.43468383299551,66.68007158392261,16447000
2020-03-12,57.58197021484375,61.859263270464204,57.18811268121309,59.78757480709102,16761500
2020-03-13,62.60759353637695,62.67848500472673,57.518949128955946,60.91400501159647,10968600
2020-03-16,51.50869369506836,58.566620788783176,51.39053521942365,56.62096338717471,11396500
2020-03-17,54.48625183105469,55.53391435268165,50.7603627867752,52.485454762989036,9100900
2020-03-18,49.30308151245117,53.123501029917804,47.656757057540375,51.23298384551223,15714500
2020-03-19,49.47637939453125,50.61068789357475,47.26289920022544,48.60989110625726,13090000
2020-03-20,47.01082992553711,51.359013941116366,46.75088254156429,50.05928603593473,18838000
2020-03-23,44.82886505126953,46.869047227239264,43.781205558147,46.7823980877167,15558600
2020-03-24,48.86197280883789,49.04314694393311,46.30189841332259,46.95570347052687,14401600
2020-03-25,51.49293518066406,54.171161553164524,48.70442317173239,49.066771374955515,15209300
2020-03-26,55.124305725097656,55.33698615926726,51.65835805907181,51.97344530321767,14486100
2020-03-27,55.179439544677734,56.5815713184514,53.091993540107296,53.3992019170672,11521700
2020-03-30,56.38462829589844,56.58155700103098,53.91120424021668,55.738702383455184,12754300
2020-03-31,55.02190017700195,56.1010720597699,53.525240240326475,55.975034755305266,16815900
2020-04-01,51.406280517578125,52.61936229001918,50.327108847408205,52.39092422802169,12174800
2020-04-02,51.57957458496094,52.65086132595144,50.54766397353039,50.66582241114919,10916700
2020-04-03,50.83124923706055,51.89466331122472,49.83872963483362,51.1935974247867,8986700
2020-04-06,54.59652328491211,54.88797999073828,52.627235836923205,52.627235836923205,8382200
2020-04-07,55.100669860839844,57.77890245236411,55.07703936896879,56.707609415754405,7675100
2020-04-08,58.85807418823242,59.20467076098672,55.218828203680445,55.92777300713725,9628300
2020-04-09,62.15858840942383,63.00931597183798,59.850583409338405,59.850583409338405,13840900
2020-04-13,59.54336166381836,61.922263837825746,59.13375259274933,61.76472327428856,10139000
2020-04-14,61.213340759277344,61.859266912065166,60.724955225300455,60.724955225300455,9400800
2020-04-15,58.787166595458984,60.00024838173922,58.156998219458934,59.32281302044262,8568200
2020-04-16,58.11762619018555,59.24405916068023,57.72376859224741,58.89746255136186,6252800
2020-04-17,59.95299530029297,60.268082534674974,59.13377089481542,59.803327511758965,8593100
2020-04-20,57.723777770996094,59.04713975088971,57.70802610888147,58.71630075836405,6631000
2020-04-21,56.67610549926758,57.14873942095514,55.919899638273414,56.211356422008755,8620400
2020-04-22,57.542579650878906,58.023086252410046,57.06994587182076,57.550452473351896,6484200
2020-04-23,57.062068939208984,58.2042531334898,56.8651402153821,57.71586773487556,7648200
2020-04-24,57.30625915527344,57.59771583271389,56.61307220461641,57.47955739538464,6419000
2020-04-27,59.26766586303711,59.48035224602694,57.70011493525003,57.82615220069401,7669500
2020-04-28,59.756072998046875,61.284242343846245,59.70881201120022,60.40199919404015,8177900
2020-04-29,60.65406036376953,61.481163590827464,60.4019917818701,61.0479178985992,7307000
2020-04-30,59.95299530029297,60.14992407055808,58.92896329099875,59.763945363579424,8606000
2020-05-01,57.928558349609375,58.582363202777145,57.31414164799654,58.35392514529245,6013600
2020-05-04,57.644989013671875,57.69224999469894,56.37676727127381,57.235379821929506,7288000
2020-05-05,57.928558349609375,58.81080126026185,57.84190922401904,58.2121362133981,7520300
2020-05-06,56.88877487182617,58.40906497163063,56.87301720728353,58.12548710774465,6266800
2020-05-07,57.70011520385742,58.52721823526804,57.38502804856825,57.42441619664976,6727300
2020-05-08,59.070735931396484,59.26766464727239,58.34603969932214,58.46419813080518,6625600
2020-05-11,58.21214294433594,59.14164693650024,57.89705572482808,58.393314038945476,6874900
2020-05-12,55.565425872802734,58.464217785408536,55.51816488823623,58.464217785408536,11764700
2020-05-13,54.21843338012695,55.423636557232726,53.9663647810577,55.163689124189276,8358600
2020-05-14,54.407466888427734,54.407466888427734,52.20186280562613,53.462211429962835,8609800
2020-05-15,54.19479751586914,54.22630082906422,53.23378419912003,54.06088139074019,11916700
2020-05-18,57.400787353515625,57.841905777664934,55.935637147833674,55.935637147833674,8617200
2020-05-19,56.62883377075195,57.46380979040194,56.62883377075195,57.18023189508896,5804700
2020-05-20,57.132957458496094,57.37714714035818,56.723348378296386,57.33776500348965,5133700
2020-05-21,57.18023681640625,57.57409437048467,56.63671747843478,56.880907238830815,5385100
2020-05-22,57.952205657958984,57.99946664571247,56.93605235272994,57.18024213584277,4737900
2020-05-26,60.118408203125,60.43349540321434,59.51187030102853,59.67728972887302,6001000
2020-05-27,61.31572341918945,61.65444105822782,59.842700438779964,61.44176068477936,5880500
2020-05-28,61.607200622558594,62.08770734064745,61.11094224591469,61.98530653556558,5642800
2020-05-29,60.99277114868164,61.55204806337022,60.56740433825899,61.110929597652664,8989500
2020-06-01,62.402793884277344,62.85179127031779,60.86674576692563,60.937643254084406,11218300
2020-06-02,62.90693283081055,63.095982785484985,62.25312780906554,62.86754466909976,7162100
2020-06-03,64.92347717285156,65.19917625620457,63.54497574629731,63.560733413797074,7485600
2020-06-04,64.27754974365234,64.68716495339552,63.69464226340616,64.60838863705241,5503500
2020-06-05,66.71157836914062,67.79862279311837,66.40437003171675,66.55403177957204,6158800
2020-06-08,68.36579895019531,68.37367778447796,67.48355581401862,67.60171428909963,7130500
2020-06-09,67.23149108886719,67.6647368525952,66.40439373510013,67.12121144169825,7168900
2020-06-10,65.52214813232422,67.04243865200687,65.01013206946513,67.04243865200687,6433900
2020-06-11,61.31572341918945,63.51344865716569,61.2290803113309,62.67847280688918,8611900
2020-06-12,63.513458251953125,63.74189632300358,61.788366489547,63.45044561942665,8871700
2020-06-15,64.41145324707031,64.74229811626304,61.42601866986156,61.55992877822204,6138600
2020-06-16,65.67967224121094,66.8297353798458,64.60837939786565,66.64856430165864,5811700
2020-06-17,64.7265396118164,66.12867133950928,64.71866678892444,66.06565870743125,5041500
2020-06-18,64.01759338378906,64.37206872846657,63.66312404889987,63.954580753218494,5005900
2020-06-19,63.088096618652344,64.94710465128848,62.76513656736138,64.94710465128848,10402000
2020-06-22,63.02508544921875,63.19838372897805,61.97742294688416,62.96994563382162,3995500
2020-06-23,62.7651252746582,63.74976892793171,62.576075375970305,63.647368151514925,3958100
2020-06-24,60.97701644897461,62.134952363670685,59.59851530264359,61.977411779433794,7034900
2020-06-25,61.75580978393555,61.8194524225518,60.48298735809089,60.59435894102129,6626000
2020-06-26,60.57052993774414,61.77175965053345,60.49893647934923,61.54105950242824,7277100
2020-06-29,61.73992156982422,61.787650529144244,60.33185657690349,61.15919293113925,4687100
2020-06-30,62.471778869628906,62.77407839054396,61.55693559774306,61.94674223583917,5212200
2020-07-01,63.91167449951172,64.16624513524975,62.5274800488252,62.68658669616147,5023700
2020-07-02,63.72870635986328,65.15267892084698,63.44232047780523,64.96970780258302,4588100
2020-07-06,63.69688034057617,65.0094811917845,63.593465584398736,64.9140172150303,6174300
2020-07-07,62.432010650634766,63.23547631208587,62.35245430694528,62.94909046883504,3389200
2020-07-08,62.34451675415039,62.75022506041104,61.77970179605385,62.519524967222615,3848100
2020-07-09,61.95471954345703,62.28884052908186,60.976239278603295,62.23315470969424,3455900
2020-07-10,62.1456298828125,62.455880226789546,61.700137385096255,61.827422689957295,3809900
2020-07-13,61.405799865722656,62.72635150374284,61.254650085673774,62.36837221018185,6071800
2020-07-14,61.922874450683594,62.105845540928904,61.206915924472106,61.38193016662933,3473900
2020-07-15,62.52747344970703,63.155930984437695,62.08994387162945,62.965009097081975,3547200
2020-07-16,61.77970886230469,62.40816048371857,61.541051891902775,62.18541721496951,3605400
2020-07-17,62.583152770996094,62.8456741322303,61.62853736379484,61.986516624171124,3720500
2020-07-20,61.83538055419922,62.84568188360939,61.62058811604358,62.52747468552908,4364100
2020-07-21,61.98653030395508,62.63885239233923,61.819472874291854,62.352466493117106,3007200
2020-07-22,62.933197021484375,62.99683968305686,61.54104566340201,61.700146248034976,2682400
2020-07-23,62.67066192626953,63.17184019022525,61.89901151356693,62.80589800064297,4630900
2020-07-24,62.20927810668945,62.84569261148721,62.105863329111685,62.519528508721265,2702200
2020-07-27,62.79796600341797,62.86955945151144,61.43763586595317,62.17746517607951,4111800
2020-07-28,64.04692077636719,64.3571711719563,62.63885568626428,62.77409786250185,6613300
2020-07-29,65.28792572021484,65.28792572021484,64.29353181923112,64.4049034505974,5429600
2020-07-30,64.86628723144531,64.92197303301018,64.01508651078393,64.43670844681753,6602700
2020-07-31,64.74695587158203,64.834462994296,63.73665464019836,64.79468482240895,9312300
2020-08-03,63.88780975341797,64.77083191723486,63.545738049693426,64.77083191723486,5629700
2020-08-04,64.84242248535156,65.00152304079047,63.74460801721279,63.77642934216,4078000
2020-08-05,64.5162582397461,65.32768684992952,64.19805106064078,65.0731223205047,3374500
2020-08-06,64.61968994140625,64.80265500341808,64.20601871813942,64.26966137853402,3646500
2020-08-07,65.54247283935547,65.57429416401772,64.27760704784092,64.3810218010204,4447800
2020-08-10,65.64588928222656,66.04364674679708,65.35950949148926,65.7413532586705,3410000
2020-08-11,64.6992416381836,66.40164339029522,64.45262784112,66.29027176683358,5193800
2020-08-12,65.35157775878906,65.45499255437488,64.94586328959925,65.20042792198706,2245300
2020-08-13,64.5481185913086,65.6857058476362,64.38106108686478,65.13679828353453,3585400
2020-08-14,64.55604553222656,65.16063865100102,64.3094317472026,64.38103125553148,3399300
2020-08-17,65.08108520507812,65.11290653583727,64.30148384402317,64.59582053227324,2749900
2020-08-18,64.77082824707031,65.16063495735781,64.37307075687318,65.08107860388027,3635300
2020-08-19,63.633243560791016,64.96970901217809,63.51391509616224,64.92198005404572,4376200
2020-08-20,64.23783874511719,64.65150389069369,63.14798096783788,63.32299524572341,2949900
2020-08-21,64.34124755859375,64.61968264907425,63.553689450305335,64.22987595012054,3380700
2020-08-24,64.75492858886719,64.77879307012896,63.57756360246667,64.43672134368069,2553700
2020-08-25,64.92195892333984,65.07310866729348,64.30145839238722,64.92195892333984,3123500
2020-08-26,64.32535552978516,64.77879892262064,63.9355548055965,64.77879892262064,3139800
2020-08-27,65.27200317382812,65.47883268807773,64.44466690893776,64.46057453722722,4006700
2020-08-28,65.70159149169922,65.70159149169922,64.70719758194981,65.37543344533677,4548700
2020-08-31,65.03335571289062,65.62999200383457,64.78674798814255,65.61408437323395,4835100
2020-09-01,65.08108520507812,65.13677101658206,64.3412559554984,64.81061299757285,3498500
2020-09-02,66.29025268554688,66.39366742919438,64.62762352365124,65.15266622823825,3136500
2020-09-03,65.4947509765625,66.85508088931421,64.99357264550288,66.2743522726365,5716500
2020-09-04,65.15267181396484,66.10728727049666,64.0628142111651,65.68566534270683,4956900
2020-09-08,64.3571548461914,64.90605598490772,63.89575476030487,64.86628388258453,3774000
2020-09-09,64.99356842041016,65.82090468950986,64.62763227491753,64.69127492699381,3158300
2020-09-10,64.19806671142578,65.15268848146808,64.13443011552852,65.06518133414839,4308700
2020-09-11,63.84009552001953,64.42082429306097,63.251415964783924,64.3492247682178,4255400
2020-09-14,65.39928436279297,65.5981631034909,64.18214744080922,64.26169772322888,3732000
2020-09-15,66.18683624267578,66.80734295342016,65.62997824888883,65.67770719998573,3017500
2020-09-16,66.536865234375,67.21305168027088,66.25843623539399,66.58459418582976,3722400
2020-09-17,65.24018859863281,66.30617581395127,64.81856660841586,65.8527324945654,5981400
2020-09-18,63.768497467041016,65.2163348002156,63.657119762059324,65.2163348002156,5024200
2020-09-21,61.85130310058594,62.98093316038933,61.509231342273765,62.972982378760385,5297300
2020-09-22,62.59113311767578,63.100262335232244,61.914946444605384,62.04222571434499,4486400
2020-09-23,60.70576095581055,62.63091228860796,60.626210652309624,62.63091228860796,7876400
2020-09-24,61.031917572021484,61.89902609117508,60.41936756499335,60.713710327917106,6813300
2020-09-25,62.29056167602539,62.33866665684998,60.70323798453677,60.8956395588278,3503300
2020-09-28,63.565216064453125,63.86985230153862,63.09222162346024,63.16437601318252,3470900
2020-09-29,63.1082649230957,63.597290323557615,62.59519009578065,63.557203867912776,3662900
2020-09-30,63.30066680908203,64.03821111293986,62.651307815069636,63.42893857479701,4507100
2020-10-01,64.56732940673828,64.62344678074759,63.276623688189204,63.55721055823573,6406300
2020-10-02,65.6816635131836,65.89010209198241,63.46902429760549,63.70151230543208,3346700
2020-10-05,66.0584487915039,66.26688735320063,64.79981113952947,65.92216462730524,2654800
2020-10-06,65.62554931640625,66.59558173759861,65.36901186713501,66.22680953654215,5830300
2020-10-07,65.72176361083984,66.05846791977025,65.41712113637651,66.03441848575183,2362400
2020-10-08,66.82002258300781,67.00441166262179,65.96222528149778,66.07445998514713,2269000
2020-10-09,66.55550384521484,67.24494947570827,66.32302191253928,67.22891855896155,6556200
2020-10-12,66.8681411743164,67.05252417519569,66.17869578769415,66.63565320754064,5655800
2020-10-13,65.72176361083984,66.63567880155738,65.33695431753635,66.5955923339692,4406300
2020-10-14,64.92005920410156,65.81793702951526,64.82385538723554,65.65760345107252,4651400
2020-10-15,65.25676727294922,65.78587300637172,64.39896973292004,64.41500064518493,2915400
2020-10-16,64.79179382324219,65.28081923684265,64.67154056941125,65.26478832395465,2925400
2020-10-19,63.781673431396484,65.09642844281048,63.68547572384655,64.96014427955846,9873000
2020-10-20,64.23863220214844,64.72765761328795,64.07829860873709,64.20656426019926,4038600
2020-10-21,64.04622650146484,64.35086275566783,63.74159024726185,64.06226352956371,2685900
2020-10-22,64.0382080078125,64.31078243857284,63.75762117933431,64.0382080078125,3828900
2020-10-23,64.42302703857422,64.67154596524786,63.88590272516053,64.2787243452042,2588700
2020-10-26,63.501094818115234,64.02218822808659,62.93992106358313,63.92598439173743,2691200
2020-10-27,62.48295974731445,63.91796810822173,62.48295974731445,63.573245361005625,2264100
2020-10-28,60.991825103759766,62.07409204437815,60.75933713459473,61.47283195333083,4422000
2020-10-29,61.809532165527344,62.27450807398566,60.49477734020857,61.088018879356426,4645500
2020-10-30,61.400672912597656,61.90573526528735,60.67114723786089,61.456796388526264,3978900
2020-11-02,62.86776351928711,62.8998314631362,61.633175204603894,62.05005235830726,4254500
2020-11-03,64.07830047607422,64.45509115953912,63.26860173818166,63.49307122203274,4214600
2020-11-04,64.19053649902344,65.16858736932285,63.68548015027932,64.53525924648413,2867500
2020-11-05,64.49517059326172,65.104449266808,64.23062077178004,64.6875782478561,3984900
2020-11-06,64.05426025390625,65.02429272929608,63.81375370588025,64.68758845512816,3696600
2020-11-09,66.32300567626953,70.78034563366907,66.18671539377497,67.76602636731914,8999300
2020-11-10,67.29303741455078,67.3571671816308,66.05043066781623,66.41920282294792,6146100
2020-11-11,67.54959869384766,67.86225359052098,66.8922209474657,67.56562961219699,3416100
2020-11-12,66.667724609375,67.52552213036235,66.21076104945567,67.24492918311346,3939500
2020-11-13,68.44746398925781,68.59978520833005,67.06857896712066,67.06857896712066,3443000
2020-11-16,69.2170639038086,70.09891699613037,68.39935281023267,69.88245992207526,2978300
2020-11-17,69.28119659423828,69.55377102376157,68.23099756255722,68.70398591179755,3856900
2020-11-18,67.93439483642578,69.81033013781571,67.8862959700406,69.41750234121676,9655500
2020-11-19,68.19892883300781,68.27909562323302,67.12468038805508,67.83817521882735,4225400
2020-11-20,67.83015441894531,68.26306241117277,67.5255181798225,68.16685859634428,3136400
2020-11-23,67.95842742919922,68.76010762408404,67.8461926912221,68.29513775946506,4520000
2020-11-24,68.31920623779297,69.27320789296029,68.23903941921654,68.71202793025284,4805500
2020-11-25,68.35926818847656,68.47150904387486,66.56350624712216,68.37530521767684,5792800
2020-11-27,68.05464172363281,68.58375366949313,67.77405483552602,68.55969812222504,2063900
2020-11-30,67.34115600585938,68.02258314693712,67.12470498131422,67.9664657615857,6413600
2020-12-01,68.20695495605469,68.48754181131204,67.90231255634552,68.11075112725158,6489100
2020-12-02,67.66983795166016,68.45548123087798,67.6137144582378,68.05464107558939,3738500
2020-12-03,68.23902130126953,68.58374403432444,67.7179279443724,67.822144169218,3386300
2020-12-04,69.28119659423828,69.29723362226947,68.53563381547467,68.53563381547467,3053200
2020-12-07,68.67994689941406,69.33732447268075,68.42340945902548,69.11285497688262,2620500
2020-12-08,68.43943786621094,68.80019149381275,68.34323404456113,68.37530198511107,2648100
2020-12-09,68.01454162597656,68.66390671265421,67.5656026950067,68.58373992017162,5024000
2020-12-10,67.71793365478516,68.15885413523738,67.46941472732418,67.645779249704,3737900
2020-12-11,67.65380096435547,67.79810366500674,66.99642335390753,67.38924499377224,4044400
2020-12-14,67.35716247558594,68.68795443995334,67.30906362455282,68.20694758062001,3735200
2020-12-15,68.7360610961914,68.75209812591288,67.2208859532546,67.74197932517674,2867700
2020-12-16,68.81622314453125,69.31326705388867,68.47150654167167,68.93647639380063,3419900
2020-12-17,69.48164367675781,69.54577958117994,68.88038333455741,69.15295787018323,3341400
2020-12-18,68.08671569824219,69.56180467850363,67.66182607058722,69.55379227837366,3988500
2020-12-21,67.70188903808594,67.74999400819483,66.82004205965855,67.10062890056712,4993600
2020-12-22,68.17487335205078,68.2390092250678,67.42931064814503,67.74196538368614,2828900
2020-12-23,67.73397064208984,68.88839229621293,67.67785326258861,68.43945326020312,3659000
2020-12-24,68.32698059082031,68.34327567404549,67.79750846631534,68.00115350335673,1563600
2020-12-28,68.73424530029297,68.8401446579172,68.26179371191559,68.66093609709255,5655100
2020-12-29,68.14777374267578,69.35334880322456,68.07445830244147,68.98679024631176,3880100
2020-12-30,68.52246856689453,69.06008810956408,68.18848779975359,68.31882357661402,3995900
2020-12-31,69.18228912353516,69.28004097423367,67.93598254720607,68.49803859815164,4827300
2021-01-04,66.93403625488281,69.4673805197565,66.85257949887203,69.40221262904703,5311500
2021-01-05,67.03179168701172,67.50424959787324,66.90145589860063,66.9340398457034,4932600
2021-01-06,67.14585876464844,67.58573290115869,66.57565500329525,67.00738159614194,6520100
2021-01-07,67.01548767089844,67.2354277308294,66.59190884454313,67.20284378807105,4068400
2021-01-08,67.66716003417969,67.90338897884249,67.11324538818641,67.2272860904716,4931600
2021-01-11,66.77112579345703,67.62643109277506,66.53489683990661,67.22728861975999,6565100
2021-01-12,66.9259033203125,66.98292367814408,66.16834358640563,66.6815268068898,7857300
2021-01-13,67.74046325683594,67.87894033968888,66.96660867108213,66.97475620970614,9024900
2021-01-14,68.1396255493164,68.60393595051265,67.71604042363568,67.9685644767444,5866400
2021-01-15,68.92162322998047,69.13341579756111,67.75677343041642,67.98485486561727,3939700
2021-01-19,68.72611236572266,69.3859201340723,68.41656800842141,69.35333619042207,5521200
2021-01-20,70.03761291503906,70.35529871665396,68.53063447459175,68.78315857915409,5198300
2021-01-21,69.70362091064453,69.84209804008157,69.1008333594603,69.83395671346985,4213200
2021-01-22,69.86653137207031,69.9805783018957,69.17413954062917,69.34520061323796,5272700
2021-01-25,70.39601135253906,70.93363720621866,69.45110166012903,69.84209663121145,7819700
2021-01-26,70.89288330078125,71.12096466425906,70.42857303520111,70.55076125556454,4706300
2021-01-27,69.63843536376953,71.01507741221153,69.29631329017202,70.36341099271493,5907600
2021-01-28,70.0131607055664,70.79516311071927,69.42666822383168,69.6547496691874,6237000
2021-01-29,69.20672607421875,70.32270307310455,68.84016750704802,69.62216367449786,7349800
2021-02-01,70.78701782226562,70.83589064361078,68.76685627170158,69.6303154755714,6149000
2021-02-02,71.21058654785156,71.4712519155118,70.60779905040336,71.24317049565316,3849800
2021-02-03,71.0313720703125,71.25945968606823,70.05387857608194,71.25131214610322,5148700
2021-02-04,71.5201187133789,71.91926112987109,70.9499090464957,71.04766087318322,4118200
2021-02-05,71.77265167236328,71.91112879505233,71.52827516135088,71.82152448866464,2583900
2021-02-08,72.16364288330078,72.16364288330078,71.51198257904352,72.03331330835033,3212700
2021-02-09,72.41617584228516,72.60352579462003,72.00073822987459,72.29398757807579,2518800
2021-02-10,72.80715942382812,73.39365802834759,72.48947371550547,72.79087055803694,3421400
2021-02-11,72.96192932128906,73.38550818081775,72.53835046176037,72.93749291599443,3717000
2021-02-12,72.97821807861328,73.05153350914085,72.4243096534152,72.77457308178971,2297400
2021-02-16,72.41617584228516,73.28777634534056,72.01703331297092,73.24704485235301,2774500
2021-02-17,72.3265609741211,72.44060168013911,71.88668701601485,72.25324554039386,2939000
2021-02-18,72.01701354980469,72.32655168140437,71.89482531912664,72.06588635617527,3254600
2021-02-19,72.43245697021484,72.8641834048325,72.08218729811422,72.27769098585826,4170700
2021-02-22,73.03524780273438,73.35293351433921,72.09847953387936,72.25324551212763,3493000
2021-02-23,73.49140930175781,73.69505430371802,73.02709894587865,73.21444886742077,4378300
2021-02-24,74.053466796875,74.2815481902373,73.32034359338766,73.49955217810144,3551200
2021-02-25,72.63610076904297,74.49334226828053,72.1392064468212,73.96387021339892,7548800
2021-02-26,71.57716369628906,72.92121604105964,71.49570070529987,72.91307471376363,6519800
2021-03-01,71.89483642578125,73.04339105618524,71.81337966432925,72.39173074981673,4834000
2021-03-02,71.20246124267578,71.91928961134127,70.73000321537731,71.91928961134127,4715600
2021-03-03,70.79515838623047,71.46311380937644,70.64853372189341,71.16986448070232,6231400
2021-03-04,69.98870849609375,71.31647780500427,69.14154459404863,70.93362423040435,6869500
2021-03-05,70.7544174194336,70.99879389884899,68.7912766884522,70.52633601984698,7166100
2021-03-08,71.36534118652344,72.11475315730708,70.53446625890376,71.05580308070004,4823000
2021-03-09,71.83782196044922,72.39173668438548,71.74007010984175,71.78894292776897,3873600
2021-03-10,72.55464172363281,73.01080454353949,71.80522960099974,72.02516347066837,3429700
2021-03-11,73.40179443359375,73.8253732421831,72.61979848444706,73.06781369539236,3830000
2021-03-12,74.63182830810547,74.66441225670086,73.336642764138,73.3692267127334,3262800
2021-03-15,75.73965454101562,75.91885692868372,74.42003264435252,74.80288625593238,6026400
2021-03-16,75.43012237548828,75.91886923373697,75.10428906507133,75.74780814408761,3122500
2021-03-17,75.49527740478516,75.527861351745,74.59109307459485,75.29163239735044,3663100
2021-03-18,74.72956848144531,75.26719427187587,74.47705066671402,75.19387883920248,3496000
2021-03-19,73.71134185791016,75.03911122450842,73.64618018165397,74.8436075514834,4429400
2021-03-22,74.232666015625,74.4118745927313,73.47510643997217,73.71948290234467,2677000
2021-03-23,74.12678527832031,74.7051363737325,73.71134770860778,74.20824204117014,2966400
2021-03-24,73.71134185791016,74.76215079509906,73.71134185791016,74.16751088021638,4144500
2021-03-25,74.46185302734375,74.63391422272733,72.78220445273949,73.60154705042585,4218800
2021-03-26,76.0677719116211,76.10874154632631,74.69128220120125,74.8223737802985,3864600
2021-03-29,75.62535095214844,76.14972989961372,74.9616789630985,75.90392453313743,5116600
2021-03-30,75.72364807128906,75.9366789158224,75.41230010703919,75.51062347784422,5822100
2021-03-31,75.26482391357422,76.10055075031211,74.96166485213287,75.72365384346256,4430400
2021-04-01,76.63313293457031,76.67410257599555,75.37953942046946,75.65811297867425,5461200
2021-04-05,76.92808532714844,77.14931135596508,76.18248672338731,77.14931135596508,4239900
2021-04-06,77.1247329711914,77.1329281492263,76.60035409656471,76.97725102200957,5111600
2021-04-07,77.18209838867188,77.42790375818156,76.51023746324766,77.14113499448041,3038500
2021-04-08,76.89530944824219,77.49343235652483,76.82157160739165,77.20666366806955,5034300
2021-04-09,76.80518341064453,77.11653763921802,76.62492701538383,77.01821426423344,5371000
2021-04-12,77.2558364868164,77.2558364868164,76.31359097848849,76.96087256679915,2828200
2021-04-13,77.64091491699219,77.73923203892107,77.04279200387408,77.1411153768916,3975300
2021-04-14,77.23125457763672,78.11614005652987,77.12473601225076,77.71466383223921,4569100
2021-04-15,78.58316040039062,78.58316040039062,77.54259168345493,77.70645772102358,6497000
2021-04-16,78.75521850585938,78.9846334498335,78.49302910544776,78.86992597784644,3754200
2021-04-19,78.9109115600586,78.9109115600586,78.25544100017042,78.79620405580091,2882900
2021-04-20,79.55818939208984,79.70567135496161,78.75523690063567,78.78801136472828,4968700
2021-04-21,80.08255004882812,80.22184305222186,79.36972593344895,79.65649461498587,4407000
2021-04-22,79.6483154296875,80.40210932995507,79.4680590076475,80.07437720016199,3207200
2021-04-23,80.11531829833984,80.27919056872776,79.5909395352744,79.82854963902092,5225600
2021-04-26,80.3529281616211,80.82814836769198,80.16447661401095,80.37750743933374,5404600
2021-04-27,80.34474182128906,80.62332158520775,80.13990614970626,80.59054712762386,3091100
2021-04-28,80.17268371582031,80.65609917006523,80.13172033056865,80.54958061601543,3509200
2021-04-29,80.8609390258789,81.22144558972165,80.32016980348104,80.70526190105119,3319100
2021-04-30,81.18047332763672,81.36072971539689,80.46764295360924,80.61512488440498,4371300
2021-05-03,81.0248031616211,81.5737612978583,80.84454675841747,81.5737612978583,6844100
2021-05-04,80.50043487548828,81.30339361760119,80.04160488061797,80.64791683828086,6449000
2021-05-05,79.16488647460938,80.36112595390705,78.84534335176696,80.36112595390705,4580300
2021-05-06,79.60735321044922,79.67289588671849,78.86994340538428,79.22226107607698,5649700
2021-05-07,80.65611267089844,80.70527124186451,79.53361070881719,79.66470856617993,5884900
2021-05-10,80.63152313232422,81.58195747298733,80.62332795450867,80.95106630515043,3436700
2021-05-11,79.61553955078125,79.94327792583623,78.95187387333488,79.94327792583623,4036900
2021-05-12,77.59993743896484,79.58274504458072,77.54258370660696,79.42707420023105,4601200
2021-05-13,78.6077651977539,79.16491865786878,77.78842224176678,77.837580818777,5118900
2021-05-14,79.54178619384766,79.82035969513632,78.91088885090133,79.02559632214823,3936600
2021-05-17,79.62371063232422,79.79577182066127,79.22223452620442,79.50900317343284,3320200
2021-05-18,79.6401138305664,80.1563037704459,79.14850942442003,79.6401138305664,3359800
2021-05-19,79.3861312866211,79.3861312866211,78.21447071605945,79.02561841842055,3602500
2021-05-20,80.27920532226562,80.53319957418547,79.18128278770058,79.40250883060872,2466500
2021-05-21,80.197265625,80.6315225307366,80.00882029427211,80.47584540884822,3020000
2021-05-24,81.19685363769531,81.5000126621388,80.48402954805387,80.55776738446305,3491500
2021-05-25,81.17227935791016,81.52459696165734,80.84454103447975,81.3443405712162,4243300
2021-05-26,81.53278350830078,81.99161336188168,81.1558866641325,81.31975268295768,4518100
2021-05-27,81.3443374633789,81.79497842226463,81.24602034586809,81.78678324544262,4362900
2021-05-28,81.83594512939453,82.07355525818093,81.57375572023172,81.81956102617312,3409400
2021-06-01,83.31077575683594,83.31897093510192,81.94247478762117,82.237438694302,4385000
2021-06-02,84.28580474853516,84.37593296588489,83.25343096413194,83.62213276158802,4446100
2021-06-03,83.97444915771484,84.18748005463031,83.58116807996785,84.18748005463031,4187600
2021-06-04,84.01539611816406,84.3922929871996,83.63849924912853,84.3922929871996,3121200
2021-06-07,85.00682067871094,85.37552246073687,84.15470336466826,84.17928264999134,4773100
2021-06-08,85.71144104003906,85.94085599771962,85.12151329109547,85.21983666628232,3935800
2021-06-09,85.82616424560547,86.20306120958426,85.78519460233152,85.95726210321023,3243000
2021-06-10,86.44064331054688,86.66186305953596,85.65407517368098,85.90806937642546,4010100
2021-06-11,86.09652709960938,86.54716180612844,85.67046542130996,86.45703361460697,3274100
2021-06-14,86.43244934082031,86.43244934082031,85.95723538245338,86.10471104977941,3531700
2021-06-15,85.50660705566406,86.4324620820812,85.50660705566406,86.35872423754827,4099600
2021-06-16,84.94945526123047,86.0719570618282,84.79377814078047,85.68686497508705,4498600
2021-06-17,84.84293365478516,84.96583005104779,84.27758522762375,84.72822618421448,5055100
2021-06-18,83.40088653564453,84.7773823954696,83.40088653564453,84.40867446362523,5358000
2021-06-21,85.12152862548828,85.38371808879711,83.40910506067836,83.82696541554907,3672900
2021-06-22,84.67906188964844,85.21983104084633,84.62170815401427,85.12150767214989,3088200
2021-06-23,84.53157806396484,85.00679829202723,84.4578402274146,84.67905998815358,3682900
2021-06-24,84.34922790527344,84.84433069760452,83.88713280517425,84.84433069760452,3229000
2021-06-25,84.91858673095703,85.00110280126539,84.23369138580973,84.3739693348912,2739100
2021-06-28,84.67103576660156,85.11663011959487,83.9118778150898,85.06711543888036,3940700
2021-06-29,84.44000244140625,85.15789932897408,84.3822405505034,84.8030744861211,3777300
2021-06-30,83.9944076538086,84.9103507024703,83.90363806912508,84.44824928165225,6640100
2021-07-01,84.35749053955078,85.00937207112601,83.7633646061703,84.19245206051495,6491100
2021-07-02,84.61327362060547,85.02586028368883,84.30795722351755,84.6875361980855,4451800
2021-07-06,85.23216247558594,85.38069394155953,83.99440235766382,84.5885282215582,4478800
2021-07-07,85.52922821044922,85.8097841578305,84.82783204642229,85.10013449665303,5085500
2021-07-08,85.2899169921875,85.62823478815191,84.58852091175817,84.77006005399062,6426800
2021-07-09,86.69271850585938,86.70097200291663,85.51272024961769,85.73552060114805,5780200
2021-07-12,87.43537139892578,87.50964027751156,86.46166654968697,86.64320570225964,5627600
2021-07-13,86.2141342163086,87.28685604080285,85.88406354124325,87.21259344408975,5474100
2021-07-14,86.81649780273438,87.0722995573081,86.0243320472644,86.22237191223844,3397400
2021-07-15,86.95677185058594,87.05579492638735,86.57719283670748,86.64320822057509,2990100
2021-07-16,86.89900207519531,87.63340584122855,86.84124019344797,87.2703338540622,6435400
2021-07-19,85.31468200683594,86.09034706000986,84.65454073235935,85.90880789475011,5097800
2021-07-20,87.32809448242188,87.6664122719226,85.65299364021799,85.7767646024909,4999700
2021-07-21,87.3198471069336,87.89746595660381,87.18782263939752,87.484879265247,4329100
2021-07-22,86.62670135498047,86.92375797008863,86.18110698895863,86.91551076937247,3932400
2021-07-23,87.34459686279297,87.44361993009323,86.62670008547823,86.93201019240134,4128200
2021-07-26,87.38584899902344,87.6086430079119,86.75046206689548,87.26207175160881,2857700
2021-07-27,87.8809585571289,88.02123651055493,86.98152266043795,87.3363411441957,3096100
2021-07-28,87.57564544677734,88.12851637640328,87.30334302567131,87.95522443264528,3577300
2021-07-29,87.59217071533203,88.44209843663084,87.50965462215655,87.88923368722327,3357700
2021-07-30,87.70767211914062,88.88767020754318,87.66641093529684,87.76543399917826,4325800
2021-08-02,87.51788330078125,88.83816569443921,87.34459765311757,88.18627799385318,4089800
2021-08-03,87.62516784667969,87.81495420854317,86.99803428212613,87.68292973449556,5178600
2021-08-04,87.35284423828125,87.95521720932481,87.02277366598089,87.60864594141708,4038300
2021-08-05,88.37606811523438,88.3925751084257,87.60865661674343,87.83145695581325,3294800
2021-08-06,88.21927642822266,88.82990287910656,88.0872456844789,88.50808581069663,2753600
2021-08-09,87.74893951416016,88.09551713935599,87.5921608434684,88.06250944669098,2727800
2021-08-10,86.9155044555664,87.88095569736055,86.79998069820161,87.87270220167089,3771000
2021-08-11,87.4271240234375,87.54264780214963,86.87425932594748,87.2703453497989,3256700
2021-08-12,87.61691284179688,87.666421231766,87.2125796340443,87.62516633864956,2891900
2021-08-13,88.09552001953125,88.19453680518987,87.50964762061356,87.79845707140765,2601600
2021-08-16,87.98825073242188,88.47510638602591,87.77371014866696,88.01301122646225,3166800
2021-08-17,87.89746856689453,87.9304762586521,87.13831054319087,87.61691263031541,3004300
2021-08-18,87.0970687866211,87.76545733269475,87.03930689122676,87.71594893537801,3439200
2021-08-19,87.51788330078125,87.5921521758217,86.51942430486785,86.65970226313279,4069500
2021-08-20,87.95523834228516,88.31831668860946,86.82475470216932,87.31985753179168,3238900
2021-08-23,87.79019165039062,88.31004859121288,87.54263712871926,88.12851574363661,3230600
2021-08-24,87.40237426757812,87.97999948605703,87.02279521887294,87.90573059849835,2867100
2021-08-25,87.34459686279297,87.89746149018023,86.99802557060151,87.38585804806132,3329400
2021-08-26,87.37761688232422,87.65817913148045,87.02279204389284,87.42712527517432,2889400
2021-08-27,88.29354095458984,88.56584964791055,87.60039842130712,87.69116169017485,3059300
2021-08-30,89.1764907836914,89.18474428060908,88.11201632195986,88.33481666972207,3600600
2021-08-31,89.59733581542969,89.70460609884427,88.73915466139137,88.9041868351944,4210100
2021-09-01,91.03311920166016,91.09913457732095,89.77885854196875,89.8118599342264,5683100
2021-09-02,91.51173400878906,91.51998750579222,90.48026722847263,91.21467107241205,5207100
2021-09-03,91.52822875976562,91.6437525280085,90.52151624030066,91.28892772681303,4460700
2021-09-07,90.49675750732422,91.37969271779308,89.79536143658083,91.30543014003605,4929300
2021-09-08,90.95061492919922,91.22292366744797,90.05117263195825,90.27397297982488,4265700
2021-09-09,89.10221862792969,90.55451915077442,89.07745813983614,90.45550238069171,6221300
2021-09-10,87.79845428466797,89.32502387233212,87.78194729053288,89.17649240298474,5894700
2021-09-13,88.392578125,89.1269819577446,88.14502358326818,88.56586378598287,5725300
2021-09-14,88.23578643798828,88.89592763524988,87.72417669533189,88.86291994582949,3848200
2021-09-15,88.51634216308594,88.90417464346959,87.87270795971436,88.34305651568383,4027400
2021-09-16,88.5905990600586,89.01143917289117,87.93871144859547,88.44206762585722,3405200
2021-09-17,87.79845428466797,88.83817457009961,87.62516861969164,88.40082736355136,6964300
2021-09-20,87.2620849609375,87.76544122653297,86.22236473906794,86.82474407669923,6207000
2021-09-21,87.3033447265625,88.34305863592846,87.27858423727679,87.70767791353815,4371800
2021-09-22,88.15327453613281,88.68963849735715,87.55089519294198,87.9387276925284,4650400
2021-09-23,87.97998809814453,88.71439190316728,87.89746572363326,88.40907548596608,4042800
2021-09-24,87.03926086425781,88.09372587600832,86.8399867980222,87.74500576200644,4881000
2021-09-27,85.8685531616211,87.6619818269953,85.78552546443316,87.07247694197154,4311000
2021-09-28,85.28736114501953,85.76062603255174,84.76427456669961,85.37869352108784,7096500
2021-09-29,85.92667388916016,86.34181871311827,85.60286143324142,85.76892316358904,6227000
2021-09-30,84.50686645507812,86.30859319579535,84.50686645507812,86.21726084169389,7019300
2021-10-01,85.7025146484375,86.2920196495786,84.55671066388541,85.05488961435597,6106100
2021-10-04,85.71910858154297,86.0927427548363,85.18772366960422,85.60286852796936,5638600
2021-10-05,85.12960052490234,85.8519548324599,84.83069573105837,85.78553013724844,4313800
2021-10-06,85.94329071044922,86.05122609361496,83.85926173908473,84.7808838352631,5587900
2021-10-07,86.17577362060547,87.19702646226395,86.06783823393017,86.4082537362803,4055300
2021-10-08,85.36209106445312,86.27541489880338,85.2956726957254,86.16747317223015,5295400
2021-10-11,85.57795715332031,85.95158497586633,84.9718428990619,85.37868940360295,2634200
2021-10-12,86.69886779785156,87.06419737233108,85.5530700432691,85.78555019626185,3666500
2021-10-13,87.32987213134766,87.3630844799691,86.04292054434954,86.5909147946918,3371000
2021-10-14,88.39264678955078,88.47567449834746,87.61217239072414,87.8363541725441,2721900
2021-10-15,88.32621765136719,89.17311670852818,87.93598680616628,89.09838734013971,3065400
2021-10-18,88.55040740966797,88.84100756937508,87.82805301158879,87.9609024186597,3424100
2021-10-19,88.59188842773438,89.10667020581378,88.51716541223908,88.93231016838519,3104500
2021-10-20,89.98678588867188,89.98678588867188,88.6583237760896,88.7164437955586,6018900
2021-10-21,90.11134338378906,90.15286040413243,89.73771553913046,89.93698330064119,4849600
2021-10-22,90.53479766845703,90.8420071651309,90.14456046134943,90.22758817178315,4873000
2021-10-25,90.82539367675781,91.05787378920452,90.00340861214755,90.66763659990842,2625200
2021-10-26,91.074462890625,91.38166597039525,90.79216114924508,90.99973353702781,2940600
2021-10-27,90.30230712890625,91.41489225651816,90.29400245843836,91.41489225651816,3573000
2021-10-28,91.56434631347656,91.58095565471376,90.31891177420816,90.38533646994163,3681000
2021-10-29,90.53479766845703,91.52284452606067,90.12795745310599,91.16581967004821,5990500
2021-11-01,90.983154296875,91.16581905937056,89.49693485201624,90.75067417537453,5846500
2021-11-02,91.41488647460938,91.76360659691441,90.70083689011405,91.28204342856289,3405900
2021-11-03,91.72210693359375,91.97119005032714,91.00805726333053,91.47301748225249,2723200
2021-11-04,90.85029602050781,92.08743221490921,90.47666819524497,91.75531507322691,3378800
2021-11-05,91.31526947021484,92.38633767300153,91.23223542754839,91.6722943160131,3209300
2021-11-08,91.24053192138672,91.81343382447739,90.65933168245961,91.63907375279925,2989800
2021-11-09,91.3982925415039,91.59756029765646,91.13260008843125,91.34017251535076,2671500
2021-11-10,90.9748306274414,91.70548319023497,90.9416182835044,91.12428300785452,4021900
2021-11-11,91.12430572509766,91.14090873390184,90.50158837390109,91.11600105339133,2395200
2021-11-12,91.05786895751953,91.3982907716874,90.80048118019782,91.37338309447661,3194300
2021-11-15,91.69719696044922,91.7221046380384,90.87520559235996,91.20732274096704,2713500
2021-11-16,91.09107971191406,91.8217323472827,90.88350729264492,91.75531398741829,3043900
2021-11-17,91.37339782714844,91.49793623328246,89.6463934698585,90.85861585489604,4667900
2021-11-18,91.3899917602539,91.54774883850128,90.9831515598669,91.49792714638694,2812800
2021-11-19,90.85029602050781,91.48131795624343,90.50988054287396,91.39829025447476,2928800
2021-11-22,90.40193176269531,91.19071070435778,90.24418104204851,90.94162128391551,3352600
2021-11-23,91.13257598876953,91.39826837158085,90.25246482383957,90.59288655457607,3867100
2021-11-24,92.23689270019531,92.40295446430696,90.85861489841592,91.07449202445676,3227600
2021-11-26,89.67127990722656,90.91671435038248,89.13989505158193,90.91671435038248,3514700
2021-11-29,90.33551025390625,91.09937515917467,89.67127604565127,90.33551025390625,4825900
2021-11-30,88.62511444091797,90.02830596024157,88.55039141389487,89.79582587447115,6335800
2021-12-01,87.16381072998047,90.55138770655745,87.13889671927147,89.45540561583397,8641300
2021-12-02,89.77924346923828,90.30233015376184,87.39631554057455,87.5955833403597,7134400
2021-12-03,89.48031616210938,90.30230750747371,88.70814650515374,89.87885799634125,7798400
2021-12-06,91.04956817626953,91.70549144056355,90.02000442541767,90.02000442541767,7212400
2021-12-07,92.36141204833984,92.62710446326777,91.57263947313072,91.79681487479213,5363400
2021-12-08,93.02565002441406,93.249825435164,92.16214805723844,92.3614157928614,5542400
2021-12-09,91.68058776855469,92.7018468936312,91.65568009092488,92.66863454525553,3724500
2021-12-10,91.96288299560547,92.1621507370225,91.56434117816411,92.14554773132411,3828200
2021-12-13,92.82638549804688,93.2332256532697,91.50622165921132,91.78021876429513,6555000
2021-12-14,91.63908386230469,92.75166910944914,91.19902496473313,92.5690043471757,5924500
2021-12-15,92.92601776123047,93.08377482461195,91.6390725815948,91.91306335666867,6675800
2021-12-16,92.89279174804688,93.75629363252612,92.38631462027917,93.21660416290078,6178900
2021-12-17,92.77656555175781,93.79782462867813,92.56899313515353,92.73505486920142,7201700
2021-12-20,92.05423736572266,92.31992986265205,91.0163750598096,91.80514787846,6071100
2021-12-21,93.09207153320312,93.52381933473303,92.57728970461139,92.76825909840397,4251000
2021-12-22,94.04690551757812,94.13823788550614,93.25813288686234,93.36606826050122,4517500
2021-12-23,93.94728088378906,94.40393641832517,93.45740666647046,94.27939803092931,6977700
2021-12-27,95.54216766357422,95.5589266339651,93.88274825390239,93.95817960594401,9185100
2021-12-28,95.8941650390625,95.99473804526801,95.26559813703281,95.48350312008813,3630400
2021-12-29,96.53948974609375,96.74901203036318,95.58406864135422,96.08692084477829,3842900
2021-12-30,96.95852661132812,97.36080578446145,96.58138269313946,96.58138269313946,3990400
2021-12-31,97.22672271728516,97.81338255640634,96.92501011599064,96.97529341816883,5440300
2022-01-03,96.46405792236328,97.41947902238381,95.08959225587365,97.39433737145369,9845000
2022-01-04,96.34671020507812,97.28537218240243,96.26290258430723,96.73223037591357,5330700
2022-01-05,93.58940124511719,96.21262402366092,93.48883465288957,96.17909969488107,6928300
2022-01-06,93.67323303222656,94.050377032697,92.69267014040786,93.70675736965373,5974500
2022-01-07,93.05303955078125,93.74027241462898,92.82675828822104,93.43018351386549,6999300
2022-01-10,92.51667022705078,92.60886055451647,91.36848567214109,92.48314589032566,6571900
2022-01-11,92.65912628173828,92.75131659171213,91.23437740887167,92.41607968218109,5568500
2022-01-12,92.76808166503906,93.33798249123328,92.62560166290635,92.6675086742593,4331700
2022-01-13,92.58370208740234,93.43855013925621,92.42446311540405,93.02788827864784,3921700
2022-01-14,91.74561309814453,92.18141660865076,90.65609473071052,92.08922629783193,6465300
2022-01-18,90.78182983398438,91.26792314711722,90.17840453411101,91.1422084772913,5828700
2022-01-19,89.5582275390625,91.65345089269186,89.5582275390625,91.26793056291777,5111000
2022-01-20,88.41001892089844,90.76505368124315,88.35135293863291,89.67553527446908,6982000
2022-01-21,88.19213104248047,89.3403091765506,87.96584337338162,88.44355397089629,8031500
2022-01-24,88.35973358154297,88.58601482388579,85.1498508116555,87.29536324382143,15646100
2022-01-25,88.00776672363281,88.67823438460842,86.35672963811794,87.39595866880454,9942900
2022-01-26,86.63327026367188,89.5581993544915,86.04660407281493,88.51897068849563,9589300
2022-01-27,85.20014190673828,87.89040717985971,84.83138065259034,87.15288467156383,7459300
2022-01-28,87.95745849609375,87.96584117839909,84.32853713968176,85.31748264597903,6924500
2022-01-31,89.0385971069336,89.20621878771124,87.2199450307611,87.63898964153522,7457700
2022-02-01,88.72010803222656,89.3654337923194,88.1837315475979,88.96315462590394,9610000
2022-02-02,89.8515396118164,90.11134520974022,89.072116423932,89.18107210882623,4619300
2022-02-03,88.89611053466797,89.72581695288186,88.82906187211611,89.28163075317254,5453100
2022-02-04,88.01612091064453,89.06373236232105,87.18641443126833,88.3178335202564,6865600
2022-02-07,87.89041137695312,88.49383019331188,87.69764805923086,87.9490773616316,5860900
2022-02-08,87.47974395751953,88.15860052308777,87.26184538033189,87.84012255100718,6106100
2022-02-09,89.45763397216797,89.52468263867374,88.3932635663683,88.3932635663683,5746600
2022-02-10,87.34566497802734,89.45764713071328,86.85118898245464,88.23403756050689,6948000
2022-02-11,86.54946899414062,88.12508078462226,86.0298577816313,87.78984382532107,5679000
2022-02-14,85.76166534423828,87.20317972362,85.39290406743473,86.66680317233093,5350200
2022-02-15,86.53270721435547,87.04394212201774,86.2226119180989,86.50756556219388,3612600
2022-02-16,86.93497467041016,87.15287320636655,86.0046953700904,86.62487943893302,4333000
2022-02-17,86.01307678222656,86.86793119276257,85.89574482691566,86.60811923962099,4847000
2022-02-18,85.49349212646484,86.70033638236893,85.37616013483687,85.79520478896936,4809500
2022-02-22,85.18338775634766,85.79519569997741,84.62186951388371,85.16662878536793,6656900
2022-02-23,83.77539825439453,86.27290696100799,83.74187391806464,85.90414565549253,6201000
2022-02-24,85.18338775634766,85.4515760508165,81.88969686802945,82.14112619151857,9479200
2022-02-25,87.2366943359375,87.3624089840632,85.14147151421804,85.52699814023353,5870300
2022-02-28,85.93765258789062,86.85954927086513,85.03251487263039,86.51593608277001,7296900
2022-03-01,85.48509216308594,86.67517720567126,85.02414057907127,86.15556603181403,8896200
2022-03-02,87.08585357666016,87.52165715593526,85.66948075431785,85.79519541564576,6946100
2022-03-03,87.79822540283203,88.09155534073687,86.66680627427732,87.57193774065324,6517000
2022-03-04,88.20048522949219,88.28429285129684,86.80926080402224,87.03554202230598,6438500
2022-03-07,86.45728302001953,88.2172690220885,86.41537600330547,88.00774672674426,6506200
2022-03-08,86.03823852539062,87.58031955167164,85.74490219629078,86.4153760997861,7090600
2022-03-09,87.36241149902344,88.23402498524398,87.21993787763206,87.48812615076817,5785900
2022-03-10,87.58032989501953,87.78985221534255,86.20586398522967,86.44052796093324,4034900
2022-03-11,86.88469696044922,88.66144818496382,86.82603097820221,88.2507863092348,5381600
2022-03-14,86.20585632324219,87.53003880457743,85.82033605540659,87.37918249158844,4539900
2022-03-15,86.78413391113281,87.43784242410297,85.99632806518787,86.9768908346431,5245000
2022-03-16,87.81497192382812,88.22563377867594,85.95441316129616,87.42106903700767,6561300
2022-03-17,89.17267608642578,89.17267608642578,87.4797326268569,87.4964979885385,3844300
2022-03-18,89.17267608642578,89.47438865557446,88.63629960663081,89.122386395493,5815300
2022-03-21,88.62791442871094,89.65038406267216,88.24239424435228,89.23972223061148,4571900
2022-03-22,88.85420227050781,89.39896145637184,88.66144536102676,89.16429753485805,4749800
2022-03-23,87.85733795166016,88.9022536349937,87.73936391140167,88.48091594004113,4595400
2022-03-24,88.41349792480469,88.43877715714741,87.54554332582272,87.88261475829898,3893400
2022-03-25,89.51741027832031,89.51741027832031,88.48934526502288,88.80113104737818,4495100
2022-03-28,90.46961212158203,90.46961212158203,89.41626809672113,89.60165767375291,4130800
2022-03-29,93.12406158447266,93.27574341580363,91.27017182052705,91.3628666301795,5350500
2022-03-30,92.44989013671875,92.91336404187045,92.03698111246618,92.74482515404202,5216200
2022-03-31,91.32072448730469,93.10719200695432,91.32072448730469,92.82911404434059,7466900
2022-04-01,93.09877014160156,93.13247149605262,91.44712089299692,91.74206239181355,6568700
2022-04-04,92.64372253417969,93.33471600806008,91.82632648221461,93.13246931148373,6311800
2022-04-05,92.18866729736328,93.52851776677255,91.91058294099858,92.38247899124062,4993700
2022-04-06,93.2841567993164,93.37685160028242,91.37971517552984,91.81790351992161,5050800
2022-04-07,92.35721588134766,92.82068988950279,91.75048860852736,92.74484576584894,5338200
2022-04-08,92.50890350341797,92.91339052037593,91.83476704729206,92.4920528243836,5941000
2022-04-11,91.51453399658203,92.77011836191022,91.32072228274524,92.26451448042455,4315700
2022-04-12,91.37972259521484,92.21396944254406,91.02579404046942,91.55668365803601,5094800
2022-04-13,92.028564453125,92.1633955808112,91.14375928681689,91.43869434225292,4673100
2022-04-14,91.63252258300781,92.795418767238,91.55668488182924,92.39093174030941,4464700
2022-04-18,91.2617416381836,91.96115728230781,90.81511830878756,91.44712481201846,4256900
2022-04-19,93.2504653930664,93.50326416249881,91.6409522492028,91.73364706005898,7536100
2022-04-20,94.80097198486328,95.11276416275702,93.52010834773951,93.58751748614428,5395900
2022-04-21,94.14369201660156,95.56781542881623,94.05942576662912,95.28130246398658,4820700
2022-04-22,92.49201965332031,94.00040883550098,92.43303265420043,93.9077140612982,4917800
2022-04-25,92.25609588623047,92.6352972045771,90.72242707722253,92.20553099577582,6032300
2022-04-26,90.73927307128906,92.55102618242866,90.68028605972182,91.98643529612765,6217500
2022-04-27,90.1409683227539,91.52295515405838,90.06512421065341,90.7898254062279,6007100
2022-04-28,91.80106353759766,92.0959986527142,89.62695938199,90.58760885928578,7235300
2022-04-29,87.58768463134766,91.36286688761784,87.36858722345151,91.23646428963532,9573900
2022-05-02,85.47254943847656,88.0932699365756,83.7282119572465,87.52867907148078,11885700
2022-05-03,86.5343246459961,87.05677919341173,85.1860390845443,85.75905851943071,7245400
2022-05-04,87.5286865234375,87.7056475665585,85.05964761476426,86.59331641758196,8686700
2022-05-05,85.1944808959961,87.62139014102392,84.53719511850205,87.1663446575812,8884000
2022-05-06,84.18327331542969,84.85740977452127,83.31531868652364,84.58775390506403,9398500
2022-05-09,80.47550201416016,83.4248659623231,80.1805669051645,83.4248659623231,8491700
2022-05-10,79.00923156738281,81.95859487993955,78.3772251432635,81.3855754649073,12528300
2022-05-11,78.84070587158203,80.68616699649094,78.67217336855688,79.17777730673521,9095800
2022-05-12,79.45585632324219,79.54855112233751,78.26768104162164,78.69744725296337,8312300
2022-05-13,81.55411529541016,81.57939452599868,79.63281662145369,80.14684907376163,7536700
2022-05-16,81.04008483886719,81.73107835141421,80.871552344725,81.3603055784809,4614200
2022-05-17,82.14398193359375,82.16926116112485,80.93052757928804,82.00915081462574,4492000
2022-05-18,79.75922393798828,82.01759415508698,79.447431740983,81.89962011926937,5130300
2022-05-19,79.4052963256836,80.35751709994148,79.1187833806302,79.1187833806302,6365100
2022-05-20,79.91089630126953,80.33223393049174,78.6637340899669,80.13841579224464,4471300
2022-05-23,80.83786010742188,81.06537966118235,79.44744426147473,80.60191199860249,4662400
2022-05-24,81.52041625976562,81.67209808867653,79.2620459343715,80.46707201152402,5895300
2022-05-25,82.21141815185547,82.4305155778182,80.96426203598331,81.20021014281838,4589300
2022-05-26,82.3125228881836,83.12149039807726,82.20297741455606,82.52319171146118,4355200
2022-05-27,84.52032470703125,84.53717538214191,82.74227952963558,82.74227952963558,4990000
2022-05-31,83.48384094238281,84.04000972121251,83.02879551309549,83.74506822565613,6276900
2022-06-01,82.7928466796875,83.85461933801837,81.7226518974675,83.76192454242032,4607100
2022-06-02,83.93045043945312,83.97258677200007,81.47826889784157,82.48104803562146,5450800
2022-06-03,82.8096923828125,83.71978317814808,82.5906014510146,83.27316633296537,4989900
2022-06-06,82.54847717285156,83.66923694027454,82.3462368873874,83.50069801146878,5445300
2022-06-07,83.68608093261719,83.72821726872789,81.823769314544,82.14399003913996,6489200
2022-06-08,81.75635528564453,83.35743965142227,81.57939424303628,83.1467708251121,4566100
2022-06-09,79.81822204589844,81.86592370796015,79.81822204589844,81.41087817982381,4358600
2022-06-10,78.048583984375,78.9839540263817,77.99801909757602,78.77328521384149,7260100
2022-06-13,74.14700317382812,76.35481493292178,73.82678885129967,76.31267859325364,8559700
2022-06-14,73.58241271972656,74.54306212287034,73.00096465973324,74.39980885360042,8707300
2022-06-15,75.32675170898438,76.35481670131063,74.07959574679737,74.27340748391288,8851100
2022-06-16,73.34645080566406,74.15541823307818,73.0262365414069,73.5402625030218,8083300
2022-06-17,73.90262603759766,74.87170398135008,73.22848961128062,73.3211844146284,7791800
2022-06-21,74.93069458007812,75.73966218778212,74.55149322397105,74.58520101126327,5933100
2022-06-22,75.88292694091797,76.85199856637108,74.13858901435748,74.14701113991372,6250200
2022-06-23,77.3245849609375,77.54507802088145,76.1203650805746,76.16276336168065,6139300
2022-06-24,78.96978759765625,79.07154864402177,77.64683576439722,77.87581105883237,4656500
2022-06-27,78.85105895996094,79.70757792675467,78.38463261562289,78.91042172468977,3784200
2022-06-28,77.89277648925781,79.91959947630228,77.78253318851833,79.31748950446611,4735900
2022-06-29,77.40938568115234,77.5620337226994,76.55286019969073,77.45179043104847,4606700
2022-06-30,77.26522827148438,78.21503912978348,76.28997714850837,76.86664687139405,6402600
2022-07-01,78.656005859375,78.87649890035391,77.00232422717337,77.14649001663587,4512500
2022-07-05,78.43553161621094,78.46097188279472,76.60376125154471,77.85886185010057,5154400
2022-07-06,78.2913589477539,79.33445507690206,78.028467589294,78.6814580980695,3428900
2022-07-07,78.50336456298828,79.19875977954378,78.29983599157259,78.7662559039859,3032400
2022-07-08,78.08784484863281,78.67299044762606,77.71470364865118,78.33377823316087,3509800
2022-07-11,77.918212890625,78.23199122802282,77.31610294863725,77.83340985810189,3453200
2022-07-12,77.61292266845703,78.40160322368864,77.0616996803317,77.51116160975432,4396100
2022-07-13,77.23978424072266,77.80797169099311,76.25605092080053,76.73943533626384,5572400
2022-07-14,76.54438018798828,76.88359875820765,75.8574608040286,75.95922831611125,4494500
2022-07-15,77.8418960571289,78.21503718325602,77.08713803023143,77.79101552904139,5124800
2022-07-18,77.2906494140625,78.46942883287475,76.98535337335734,78.38462581491343,3397900
2022-07-19,79.29204559326172,79.38533087038775,77.90125515072776,77.98605818355414,3659100
2022-07-20,79.10548400878906,80.07225292675649,78.715384837509,79.14788876503887,4212400
2022-07-21,79.73303985595703,79.74152210181092,78.34224915858013,79.26661985491867,5062800
2022-07-22,80.1485824584961,80.65740719758296,79.53799018356882,80.2079452368886,3615200
2022-07-25,80.28425598144531,80.74220013028796,79.8771988291786,80.23337545492616,3252800
2022-07-26,80.36906433105469,80.8015682452424,80.07225045663458,80.27578551628598,3337300
2022-07-27,80.85244750976562,81.04750032136462,79.87720286194198,80.56411588485776,4160900
2022-07-28,83.472900390625,83.5492211802722,81.3782324517727,81.38671469619686,4100300
2022-07-29,83.92234802246094,84.22764406924479,83.13366764661195,83.47288619526685,3301300
2022-08-01,83.24394226074219,83.70187999765142,82.84536083226786,83.48986915016998,3572700
2022-08-02,82.17539978027344,83.45594701721714,82.12451278095268,83.21848945052031,4731300
2022-08-03,82.43828582763672,83.29481134535365,82.39588754600237,82.68421915332006,3107000
2022-08-04,82.31107330322266,82.67573214857617,81.81073090637238,82.54852437088424,2884200
2022-08-05,82.54004669189453,82.58244497010898,81.42062992014519,81.70896150420575,2719300
2022-08-08,83.27786254882812,83.87149683407873,82.79447805072611,83.10825645021819,4694200
2022-08-09,83.73579406738281,83.74427631204301,83.02344079729251,83.38809967699787,3403700
2022-08-10,85.00786590576172,85.13507370573497,84.35487535531665,84.68561175321261,3165200
2022-08-11,84.80433654785156,85.75414744640817,84.56688544072676,85.38100629517925,2151600
2022-08-12,86.26296997070312,86.32233274596969,85.28771883127466,85.31315909638073,3423700
2022-08-15,86.61066436767578,86.7378721632493,85.93223357471241,86.0848816353892,2135300
2022-08-16,86.3816909790039,86.8141948732363,86.06791262906167,86.22904292633699,3680800
2022-08-17,85.86438751220703,86.37321221826794,85.34708056119558,85.60149614925461,3683400
2022-08-18,85.29619598388672,86.0848765053744,84.89761460086886,85.87286568207188,2263400
2022-08-19,84.39727020263672,85.12658799136807,84.10045632816633,84.78737583200603,2788800
2022-08-22,82.5570068359375,83.80363141455715,82.47220380726777,83.73578640359882,3517500
2022-08-23,81.49696350097656,82.51461938877557,81.1831916067024,82.47221463384582,5605300
2022-08-24,81.96338653564453,82.463728978828,81.50544237558036,81.57328739263956,2292200
2022-08-25,83.1845703125,83.21001704822031,82.04819531250729,82.21780139696497,2129200
2022-08-26,81.08990478515625,83.26937586406318,81.05598227586677,83.26937586406318,3187200
2022-08-29,80.36058807373047,81.19166691711804,80.20794001493682,80.60652141679006,2833800
2022-08-30,79.24964904785156,80.66588636993099,79.02068018850572,80.66588636993099,3643600
2022-08-31,78.87649536132812,80.05527482473754,78.69840707585503,79.69909825379133,4100800
2022-09-01,79.02067565917969,79.03763367850624,77.60444488833345,78.40160119782064,4746100
2022-09-02,77.918212890625,79.86023274467051,77.7316488070968,79.70758469810626,3561800
2022-09-06,78.6220932006836,78.95282956853978,77.81645465745582,78.24895208000198,4591800
2022-09-07,80.15704345703125,80.31817374155989,78.58816477154471,78.62208727723792,3681100
2022-09-08,80.37754821777344,80.65740407796729,79.50406459661448,79.74151570100052,3408300
2022-09-09,81.25101470947266,81.53087051066689,80.29272824878282,80.63194681355861,4129900
2022-09-12,82.03971099853516,82.19235905872081,81.47152351286634,81.57329104300919,2737500
2022-09-13,78.90193176269531,80.65738074230256,78.6475162415703,80.43688772199792,4824900
2022-09-14,78.00302124023438,78.80865974238068,77.45179183189694,78.5712086668031,5301500
2022-09-15,76.56136322021484,78.25745015542584,76.47656016746593,78.02848126599795,6727800
2022-09-16,76.56982421875,76.65462724796647,75.56065070192163,76.16276062043194,6807800
2022-09-19,76.45958709716797,76.49350313554606,75.37408623741807,75.88291739388646,4467100
2022-09-20,74.60237884521484,75.81508116458676,74.22075543363036,75.74723613985293,5850800
2022-09-21,73.42359161376953,75.56065791632777,73.39815134958123,75.11967824026424,7128900
2022-09-22,72.49073791503906,73.23701362582847,72.23632235883139,73.20309112033034,6743600
2022-09-23,71.52721405029297,72.1186978130962,70.73855813298789,71.75008895679137,8982100
2022-09-26,69.52129364013672,71.19289466840002,68.79265005659957,71.14145646405288,8119600
2022-09-27,68.59548950195312,70.59283545104836,68.42404624852782,70.12136323405832,10015000
2022-09-28,70.01848602294922,70.30137324759319,68.5183348221369,69.22126255176906,9000200
2022-09-29,67.96114349365234,69.31556746960959,67.48967126363708,69.31556746960959,8576300
2022-09-30,68.72409057617188,69.21271115182587,68.14974835464115,68.32119164639462,9023600
2022-10-03,69.94991302490234,70.3871018207226,68.61263734373551,69.77846977249563,8718400
2022-10-04,71.36434173583984,71.89582627498987,70.66141394671408,70.76428382078399,6439300
2022-10-05,69.9670639038086,70.50711605531339,68.80979901607658,70.39567859107494,6518400
2022-10-06,68.0211410522461,70.05277677019816,67.87541364643872,69.76988954235541,7820800
2022-10-07,66.38382720947266,67.75539253608586,65.93806439073627,67.37820961871498,6913700
2022-10-10,65.75806427001953,67.04390832662564,65.65519439104025,66.47814034259231,6549500
2022-10-11,66.42669677734375,66.88102726095804,64.94369374743829,65.71520142722696,7189700
2022-10-12,65.73234558105469,66.43527337320425,65.3208726231458,66.43527337320425,6634400
2022-10-13,66.9324722290039,67.25821704220881,64.00074928973609,64.42078985889475,8561200
2022-10-14,65.26943969726562,67.96113923042813,65.17514394914956,67.44680294806636,7320700
2022-10-17,67.72970581054688,67.98687074095837,66.42671328528347,66.47815150347951,5823800
2022-10-18,68.4669189453125,69.42701174950241,67.83256443952506,68.84409545832636,5609200
2022-10-19,66.76101684570312,68.02114498796828,66.34955043607002,67.79826353433496,6452100
2022-10-20,66.46955871582031,67.54109530872404,66.28096722904681,66.79530348561252,4959700
2022-10-21,66.99247741699219,67.02676737704084,65.61233759070434,66.70101602664921,6060100
2022-10-24,66.98389434814453,67.81540778291117,66.49527392793964,67.54109467928983,4918000
2022-10-25,69.61559295654297,69.74417866379787,67.21535476172818,67.21535476172818,5815800
2022-10-26,69.57272338867188,70.21564527367747,69.10124472361193,69.54700101955437,5746800
2022-10-27,69.67559051513672,70.4813880812574,69.45270908490632,69.95847772964376,5239600
2022-10-28,71.21003723144531,71.39005459847077,69.19554969742852,69.3927087726819,4651400
2022-10-31,71.13288116455078,71.51863168454094,70.36137358443077,70.54996505292007,5112200
2022-11-01,71.107177734375,72.11870871103201,70.94430859195953,71.90440135614826,4751100
2022-11-02,69.15270233154297,71.51008346118518,69.01554901214675,70.66142808575376,7240200
2022-11-03,69.05840301513672,69.58131350751226,67.74684299136062,68.51835081127061,5231600
2022-11-04,70.0013427734375,70.47281493065144,68.66406071373342,69.60701156830137,5664800
2022-11-07,70.0013427734375,70.76427627269031,69.52986407608348,70.36994506755418,5545800
2022-11-08,70.21565246582031,70.96143774312773,69.76988958407905,70.18993009406809,5578400
2022-11-09,69.49557495117188,70.8242829031081,69.31555759370815,70.04420114729183,5510300
2022-11-10,74.5789566040039,74.72468403003302,71.96440435987603,72.00726844524515,8312600
2022-11-11,74.57036590576172,75.3418734899513,74.28748524167531,74.6046558584079,5928000
2022-11-14,72.7530517578125,74.2532030062617,72.70161355342734,74.15890726171938,6181900
2022-11-15,73.54170989990234,74.05604622410456,72.76162801841836,73.72172728636606,5283900
2022-11-16,72.87305450439453,73.6359879522351,72.70160474411935,73.35310075288578,4258200
2022-11-17,72.3758773803711,72.53017893158207,71.66437541977932,71.97297852220126,4463400
2022-11-18,73.2931137084961,73.58456856526206,72.55589590119934,73.24168203733535,3854100
2022-11-21,73.67886352539062,73.74744344629056,72.81306654955861,73.03594148227154,3505900
2022-11-22,74.08177185058594,74.17606761883576,73.51600378122902,73.99605020857938,3514700
2022-11-23,74.1417465209961,74.50178773046531,73.5416887387796,73.98744501412052,4423800
2022-11-25,74.61323547363281,74.63037718114778,74.2103366755589,74.2103366755589,1524100
2022-11-28,72.61590576171875,74.54467201989023,72.44446248816017,74.19321134705264,4032700
2022-11-29,73.8160171508789,73.91031289914001,72.44445154909089,72.67590058746048,6035700
2022-11-30,75.5047607421875,75.5561924089968,73.09594188441409,73.64457467098974,7077800
2022-12-01,75.3418960571289,76.61916611011618,74.7246898049053,76.05339807233901,5038900
2022-12-02,75.11900329589844,75.49618629124437,74.14176238990282,74.45036546970573,3953700
2022-12-05,73.74745178222656,74.8961426966467,73.58457608671412,74.8961426966467,5983200
2022-12-06,73.05308532714844,73.93603050003063,72.73590811721935,73.9017405416485,5276900
2022-12-07,73.19880676269531,73.97031441288657,72.76161800423021,72.90735195047877,6206700
2022-12-08,73.71315002441406,74.38178787143737,73.29310947387343,73.43026930923253,3994400
2022-12-09,73.57599639892578,74.28749832634024,73.29310914487316,73.47312652286823,4572500
2022-12-12,74.1417465209961,74.15032064363899,72.91590858863441,73.74742190123392,5115900
2022-12-13,75.5133285522461,76.69630921352125,74.64753163771199,76.19054050786893,6864400
2022-12-14,74.99899291992188,76.38770680136858,74.62181645865081,75.46189754707078,6553300
2022-12-15,73.99603271484375,74.68181876905055,73.58455977429156,74.15890837424948,5325500
2022-12-16,72.08441925048828,73.22453595602872,71.28720216331507,73.22453595602872,8166400
2022-12-19,71.16717529296875,72.00726290451668,70.73856063282282,72.00726290451668,3776100
2022-12-20,70.9871597290039,71.39863269088865,70.17279447003601,70.83285818581473,6614800
2022-12-21,71.59578704833984,72.36729471332914,71.36433801891326,71.45863376353087,7101700
2022-12-22,71.29499053955078,71.33845381319502,69.9735823283284,70.99940976891821,6619400
2022-12-23,71.92961120605469,71.9556904976572,70.76469196396445,71.077656728348,3539500
2022-12-27,71.90355682373047,72.12958848355004,71.26893839963186,71.90355682373047,3961900
2022-12-28,70.6777572631836,72.39036148987589,70.57343346643735,72.0513174411713,5168000
2022-12-29,72.22520446777344,72.38168687700616,70.96464988434933,71.17329751837819,5398400
2022-12-30,71.70358276367188,72.0252361878673,70.85162169489656,71.70358276367188,4897700
2023-01-03,71.77313232421875,72.90328365434061,70.99072700767888,72.30343338792149,5906600
2023-01-04,73.39879608154297,74.05080480903533,72.3034195622346,72.37296875165197,6860200
2023-01-05,71.42540740966797,72.81635845366908,71.25153438380674,72.81635845366908,6839500
2023-01-06,73.34664916992188,73.59876004722065,71.46016524428308,71.78182532205946,5962000
2023-01-09,73.37274932861328,74.18124077450827,73.05978447003595,73.58139035680527,5699200
2023-01-10,73.53791809082031,73.53791809082031,72.56425556858942,73.25972785124313,8040700
2023-01-11,76.17202758789062,76.19810688225921,74.08559781489727,74.08559781489727,5663300
2023-01-12,77.13699340820312,77.25000588313394,75.7460359463456,76.50236856878738,5890600
2023-01-13,76.65885925292969,76.96312874344379,76.09378355193067,76.3285104678826,4153800
2023-01-17,76.87619018554688,77.27608814982436,76.57192071626802,76.77186638211828,3943900
2023-01-18,75.7547378540039,77.35433642146239,75.62433475152228,77.09353021649913,5984200
2023-01-19,75.33744812011719,76.18070727975197,75.29397821291133,75.33744812011719,4696800
2023-01-20,76.23287963867188,76.25895893240863,74.47679869118858,75.35483916493023,4251100
2023-01-23,76.58060455322266,77.01527709117735,75.75472938413935,76.24156050422411,5154100
2023-01-24,76.77186584472656,77.09352592861377,75.63302585372158,76.3719678832483,3810600
2023-01-25,76.80664825439453,76.92835605362791,76.06770614974114,76.42414087076575,4953300
2023-01-26,77.66729736328125,77.6846879816095,76.82403808653231,77.24132007032472,3939000
2023-01-27,78.53663635253906,78.8322171475307,77.49342484303487,77.49342484303487,4972100
2023-01-30,77.5368881225586,78.74527722689122,77.50211352420514,77.91070676413766,4737700
2023-01-31,79.16255950927734,79.25818799704892,77.49341857602577,77.62382166231215,5449600
2023-02-01,79.64939880371094,80.18838850972317,77.89331802375872,78.73658381454426,9787400
2023-02-02,81.45764923095703,82.17920739762859,80.34488834540852,80.37096764232325,5218600
2023-02-03,79.9275894165039,80.36226195997834,78.93653654798833,80.31879205260023,5353000
2023-02-06,79.34513092041016,79.44075941992466,78.53663964524586,78.93654426098502,3787500
2023-02-07,79.17127227783203,79.53639569389864,78.12806062261942,78.97131995041767,5912700
2023-02-08,78.79744720458984,79.24081510700003,78.51925701010408,78.80614251357993,4886900
2023-02-09,77.93679809570312,79.57116467536032,77.7281571059246,79.11910809207725,2905100
2023-02-10,78.20628356933594,78.35407064294763,77.16307211344827,77.58904935080179,3270300
2023-02-13,78.90177154541016,79.02347934178016,78.31061654907978,78.397549741833,2921900
2023-02-14,78.27583312988281,79.24950202376381,77.8063859827925,78.6496517859412,4217600
2023-02-15,78.58879852294922,78.60618250665004,77.58035502130504,77.79769129673765,3669900
2023-02-16,77.82379150390625,78.51057511475726,76.86751296151597,77.48474735371859,4493100
2023-02-17,77.5195083618164,77.77161926074862,76.78056628291986,77.55428296503919,4299600
2023-02-21,75.96337890625,77.04137169732175,75.62433481904145,77.03267638846125,4926400
2023-02-22,75.27659606933594,76.30242364863035,74.93755197921618,76.15463655961966,4456500
2023-02-23,75.84166717529297,76.04161947324003,75.01579195600837,75.73735000469186,6074900
2023-02-24,74.5115737915039,75.05057018511431,74.12905979393669,74.98971628846292,5065400
2023-02-27,74.62458801269531,75.7634347230716,74.30293453687104,75.23313362594905,5170800
2023-02-28,74.52027130126953,75.49393367644868,74.43333810813961,74.58982050880446,7261100
2023-03-01,73.58136749267578,74.2159923233086,72.99021256934068,73.9986560519733,7041800
2023-03-02,74.4420166015625,74.55503570649101,72.95543731488748,73.0597611119192,5208800
2023-03-03,75.57218170166016,75.74604809599211,74.81584895790282,75.03318526710665,4542100
2023-03-06,75.27659606933594,75.98946548531605,75.10272968609718,75.91991627898959,3893700
2023-03-07,73.52052307128906,75.29398806971282,73.36404067046998,75.22443886210935,6540600
2023-03-08,74.36377716064453,74.79844969024902,73.45096219544453,73.48573679372207,5750400
2023-03-09,72.65985870361328,74.55503112138956,72.50337633397758,74.48548192764565,5974200
2023-03-10,70.25177764892578,72.70333064380347,69.87795897870153,72.55554356390893,10351000
2023-03-13,71.17330169677734,72.1208848847883,69.62586150015075,69.88666774170916,16288000
2023-03-14,71.86007690429688,72.69464749444896,71.0863535798312,72.38168269406974,8706400
2023-03-15,71.80792236328125,72.0252586940615,70.67777742277099,70.6864661005457,10284900
2023-03-16,71.65143585205078,72.0078705978332,70.37349723875764,71.16460462130219,10324300
2023-03-17,70.0257568359375,71.42540310502264,69.95620762978457,71.35585389886971,9103200
2023-03-20,70.82554626464844,71.12981572273114,69.9301218740436,70.556051406429,6300300
2023-03-21,70.5125961303711,71.47756992094207,69.89536177801475,71.28631289829512,5024500
2023-03-22,67.87846374511719,70.13006426251846,67.86107312970807,70.10398497198122,8283600
2023-03-23,67.45248413085938,69.10424117199703,67.20906856044313,68.22620738336367,6274400
2023-03-24,69.1822738647461,69.19983209828995,66.92566235752876,67.13639465534989,8380000
2023-03-27,69.10324096679688,69.84959647978525,68.99787817366614,69.5949585646217,4956700
2023-03-28,68.93643188476562,69.24375127483715,68.33056887358156,68.59398932167731,4213800
2023-03-29,70.46424102783203,70.55204559584305,69.63008758313867,69.75301531816592,6364000
2023-03-30,71.38619995117188,71.6057147029294,71.0349750085481,71.14033780199422,4838000
2023-03-31,72.91400909423828,72.98425541134769,71.6847253410538,71.79887058206344,6148200
2023-04-03,72.33448791503906,73.42328574643419,71.96570479427182,72.82620544178633,7582700
2023-04-04,72.2379150390625,72.63304563068688,71.75498658137792,72.48377720007849,6243400
2023-04-05,71.85155487060547,72.52765721462951,71.74618540051229,72.03594641897566,7024100
2023-04-06,72.3432846069336,72.38719023906526,71.53547188855856,72.10621161097573,7008200
2023-04-10,72.67694091796875,72.6945058495468,71.58814962717999,72.0008384315026,3972100
2023-04-11,72.98426818847656,73.58134859032046,72.52767374638839,72.81743483089912,4839400
2023-04-12,72.63304138183594,73.73939759498266,72.51011365804835,73.63402810356823,5920500
2023-04-13,72.41351318359375,72.7296149000716,71.71984590015943,72.68570927870518,3884400
2023-04-14,71.28960418701172,72.88767111598044,70.74520525771509,72.45741743194665,5078300
2023-04-17,72.77352142333984,72.79108635334391,71.28960639277804,71.28960639277804,5148900
2023-04-18,72.60669708251953,72.86133498318071,72.23790723038994,72.85255251790048,4189600
2023-04-19,73.03695678710938,73.20379016113583,71.97450607154269,72.23791978420306,3624200
2023-04-20,72.31694793701172,72.67694868412796,71.93938225644047,72.59792658075828,4604400
2023-04-21,72.32571411132812,72.6769323125999,71.7198513257361,72.34327234176861,5136600
2023-04-24,72.05352020263672,72.65060059728086,71.49156297227266,72.31694058520802,3673500
2023-04-25,71.34228515625,71.90424231263307,71.26326307131694,71.64960442941923,5127500
2023-04-26,70.65740966796875,71.84278799268742,70.49935877806902,71.20180196724445,5128500
2023-04-27,72.25547790527344,72.45742772936647,70.78033847665573,70.90326620411898,6439300
2023-04-28,73.14230346679688,73.5023041048086,72.18521585533968,72.36960740637846,5352800
2023-05-01,72.59791564941406,73.42329322197779,72.48377039538094,73.15109038688607,4817200
2023-05-02,71.36863708496094,72.5627979050055,70.83302053924717,72.41352947726462,5442500
2023-05-03,71.087646484375,72.51010428890858,71.02618263042305,71.7198499530566,7538900
2023-05-04,71.67593383789062,72.09740498833952,70.62226601035341,71.05251292504116,7231800
2023-05-05,72.87010955810547,73.02816043527483,72.0798551722587,72.097420102532,4560600
2023-05-08,72.44865417480469,72.94036509967302,72.15011061394969,72.71206787067318,4896000
2023-05-09,72.1413345336914,72.44865386040044,71.34229758518902,72.09742890170773,4522000
2023-05-10,72.83499908447266,73.1159777262693,72.08865019523711,72.84378155113922,6331600
2023-05-11,72.03594970703125,72.35205143268198,71.58813781251646,72.31692827438107,5175400
2023-05-12,72.02718353271484,72.25548076377486,71.43888557100152,72.1764519649599,3293800
2023-05-15,71.90426635742188,72.33451348373345,71.71987473185978,72.15012185817135,3477400
2023-05-16,70.1042251586914,71.82522664020428,70.09544939228716,71.72863961729105,5401000
2023-05-17,71.05253601074219,71.17546374059346,69.9110632765434,70.55204262518805,4849000
2023-05-18,70.71009063720703,71.07887381172284,70.16569834122423,70.75399626710306,4009000
2023-05-19,70.59595489501953,71.39498521418571,70.2535123726541,71.02620198995517,4803400
2023-05-22,71.02619171142578,71.45643874409836,70.28862536970134,70.65740854056357,4839100
2023-05-23,70.35884857177734,71.60569714735466,70.27104403241309,70.8681242787697,5460000
2023-05-24,68.8486099243164,70.156915968438,68.7695811302105,69.96374191513308,4910700
2023-05-25,68.8398208618164,69.34031417966457,68.32176261404629,69.18226330565685,4810700
2023-05-26,69.63006591796875,69.7617693794766,68.64663764468214,68.95395688662887,3230700
2023-05-30,69.89349365234375,70.66618984417701,69.69154383788434,69.87593542028317,4449400
2023-05-31,70.24472045898438,70.40277134797942,69.46324847980286,69.70910392955993,4673800
2023-06-01,70.25350189208984,70.66619069056945,69.4983706223311,70.15691486695384,4016600
2023-06-02,71.9657211303711,72.16767766562035,70.89448798482965,71.02619818616098,5114900
2023-06-05,71.46521759033203,72.2730302186578,71.33350740767806,71.87790636975403,3936600
2023-06-06,72.15011596679688,72.2993844087692,71.29839755227567,71.81645591431884,4728200
2023-06-07,73.4759750366211,73.6691490822886,72.1325458814622,72.47498834457885,3825200
2023-06-08,73.01937866210938,73.26523407324522,72.22912434127447,73.14230636767729,3097900
2023-06-09,72.59791564941406,73.17743108404306,72.29937211716533,73.04572759825804,3199400
2023-06-12,72.615478515625,72.63304344755622,71.95693424843714,72.54523888507624,4072500
2023-06-13,73.08084869384766,73.16865324824036,72.3081525374524,72.52766727296321,3693700
2023-06-14,73.3530502319336,73.8711018303973,72.74718737354306,73.37939093028821,5042700
2023-06-15,73.73938751220703,73.86231521918606,72.59790829133597,73.08084335379472,4661000
2023-06-16,73.68671417236328,74.35404092885412,73.52866327474858,73.8974531685555,4576900
2023-06-20,72.81742858886719,73.511095959419,72.4135222779873,73.42329140471608,3826600
2023-06-21,72.37840270996094,72.6418230862069,71.85156865652746,72.41352587339763,4691300
2023-06-22,71.34228515625,72.53644578832846,70.91203817381309,72.47498193369462,5114800
2023-06-23,70.35884857177734,71.51788590893347,70.33250787987376,70.9120298979803,3956400
2023-06-26,71.9832763671875,72.08863915481284,70.2622749133139,70.35886193467594,3246800
2023-06-27,72.87010955810547,73.0720660619,71.77253588305665,72.27302921091659,3845900
2023-06-28,72.97547912597656,73.12474753817986,72.32571738534129,72.79987001739127,4691000
2023-06-29,73.79064178466797,73.81727992206532,72.51196376666503,72.76059541531271,5033400
2023-06-30,74.19910430908203,74.5986966687182,73.16017636849499,74.42109780620083,5758500
2023-07-03,74.92724609375,75.25579892322277,73.81727855800925,74.08367347646872,3632400
2023-07-05,75.0959701538086,75.56659534779294,74.08368021116551,74.76741729446819,5766400
2023-07-06,74.5187759399414,74.60757198438797,73.13353867740389,74.11030871572403,5609000
2023-07-07,74.35006713867188,74.82956714427031,73.98599454124245,74.14583013467661,5865300
2023-07-10,74.66973114013672,74.73189582446194,73.91495458767837,74.11919159055027,3855600
2023-07-11,75.73530578613281,75.77970042278359,74.69637779758642,74.87396989359796,4038400
2023-07-12,76.1437759399414,76.85415790057483,76.07273638893717,76.75648021162012,5361600
2023-07-13,76.63214874267578,76.64990523945018,75.70865509223624,76.13487876185259,5067100
2023-07-14,76.481201171875,76.53448422075732,75.9928195175994,76.34801048642981,5618100
2023-07-17,75.98394012451172,76.57000625659691,75.84186779760601,76.28585482808106,5610700
2023-07-18,75.56659698486328,76.21482107957667,74.9272545283528,76.1082617452566,4605100
2023-07-19,76.41903686523438,76.76534616781913,75.99281315807022,76.01056965640886,5363700
2023-07-20,76.17041778564453,76.20593756287565,75.22028576250275,76.12602314513424,5667100
2023-07-21,76.52560424804688,76.73871612409894,76.18817654640573,76.37465028478934,4767700
2023-07-24,77.15606689453125,77.22710644651536,76.4989679754396,76.55224425207541,4990600
2023-07-25,76.60551452636719,77.40469248680832,76.52560011767508,76.87190943808224,4968100
2023-07-26,76.95182800292969,77.11165681487516,76.44567633295382,76.48119610495408,7377400
2023-07-27,75.28243255615234,77.53788726680337,75.2202746488578,77.35141354491972,8010000
2023-07-28,75.22027587890625,76.36576313895505,75.07820356335422,76.17928941402207,5025800
2023-07-31,75.70867156982422,76.13489533220589,75.18476334246208,75.42452013666825,6121600
2023-08-01,75.58434295654297,75.85073106929723,75.18475062535647,75.51330341659381,4641600
2023-08-02,75.14923858642578,75.31795581748612,74.66973180449435,74.95388999352403,4147000
2023-08-03,74.3322982788086,74.43885759132526,73.33776501943046,74.42109431855403,6454100
2023-08-04,73.7284927368164,74.79406578375345,73.47097941984092,74.13696003366213,5148300
2023-08-07,74.65196990966797,74.68748968072954,73.78175245541854,73.92383153966482,3906500
2023-08-08,74.1724853515625,74.35008426000019,73.46211004192865,74.05705114210723,3854800
2023-08-09,74.16358184814453,74.57205582977534,73.6663186005295,73.93271349729677,2960200
2023-08-10,73.87943267822266,74.93612388593371,73.68408409270727,74.3234196697377,4451100
2023-08-11,73.99488067626953,74.10143322856666,73.37329476415009,73.60416991863471,3654700
2023-08-14,73.50647735595703,73.87054990185129,73.2844838839834,73.87054990185129,3376700
2023-08-15,72.6806640625,73.17793406494603,72.52082848576795,72.92929567637132,3398400
2023-08-16,71.78380584716797,72.7872206763216,71.73941121759411,72.73394441095171,3703700
2023-08-17,71.2066421508789,72.31660972761811,71.18000401298987,71.85485942186011,4069800
2023-08-18,71.42863464355469,71.57958860590088,70.59393686989208,70.700496194627,3307400
2023-08-21,70.77152252197266,71.28654904921241,70.18546322608556,71.2599109141317,3789800
2023-08-22,70.97576904296875,71.25992047981283,70.75377552122478,71.0201704571994,3380200
2023-08-23,72.09461212158203,72.18340816774194,71.21551297289795,71.21551297289795,3257800
2023-08-24,71.81932830810547,73.08913128641566,71.7571704046093,72.29883503852015,4523800
2023-08-25,71.87261962890625,72.3698829141534,71.56182330092264,71.91701426525809,4252000
2023-08-28,72.5474853515625,72.93819614550286,72.16565619604037,72.16565619604037,3448800
2023-08-29,73.42657470703125,73.45321284397801,72.26332412095732,72.52083740261631,3515300
2023-08-30,73.6929702758789,73.88832566610974,73.36442418749515,73.4443386063869,3042100
2023-08-31,73.15129089355469,73.8172713499681,73.15129089355469,73.70183717641638,3410200
2023-09-01,73.27561950683594,73.8528040248526,73.08027089623918,73.613053999522,3403900
2023-09-05,72.42315673828125,73.21345305047986,72.39651860243023,73.06249909752145,3578000
2023-09-06,72.27220153808594,72.565234576798,71.73053686944988,72.32547780886857,3681300
2023-09-07,72.7250747680664,73.04474596240813,72.04133096778384,72.04133096778384,5056100
2023-09-08,72.44092559814453,72.97370868036138,72.27220835847248,72.77835330278417,3317400
2023-09-11,72.44979858398438,72.67179209371548,72.08573275087159,72.53860140764024,2813600
2023-09-12,72.41427612304688,72.56523006401245,71.93476939171202,72.29883517725864,2959200
2023-09-13,71.62399291992188,72.47644722822363,71.44639403816862,72.40540767552233,3989000
2023-09-14,72.92044830322266,73.08028394020674,72.03247404769016,72.03247404769016,3926600
2023-09-15,72.64514923095703,72.87602436297622,72.36099782797335,72.5563531877816,3784500
2023-09-18,71.9969253540039,72.64514250641449,71.81045164818566,72.64514250641449,3117700
2023-09-19,71.66838836669922,72.20117146855172,71.46415811876304,71.87262538934012,2742500
2023-09-20,71.73055267333984,72.61852684711172,71.72167103468465,72.25446095871202,3827800
2023-09-21,69.28861999511719,71.30432505576586,69.26198185527949,71.19776572171011,6202200
2023-09-22,68.76471710205078,69.69708585077197,68.71143404876328,69.31525671328477,5061200
2023-09-25,68.70256042480469,68.76471834250738,68.18753380686532,68.48944175721982,3928200
2023-09-26,67.45050811767578,68.43615985650588,67.21075810471642,68.29408753115702,5220800
2023-09-27,66.99763488769531,68.06320774134592,66.64245071118236,67.69026029118497,6657600
2023-09-28,67.64051818847656,67.91846615801342,67.1115127167254,67.24600609704298,6659600
2023-09-29,67.83776092529297,68.83299532690887,67.4432489112576,68.53711815699847,6630600
2023-10-02,66.59147644042969,67.87363391903529,66.17007387442189,67.61362204406237,7564300
2023-10-03,65.29139709472656,66.48389473345254,65.0851729725952,66.22387598842533,7121000
2023-10-04,66.08936309814453,66.09833114618826,64.8610004595756,65.64105646458722,8748100
2023-10-05,66.45699310302734,66.53768503212702,65.66796886853489,65.94592369687561,5306900
2023-10-06,66.63631439208984,67.04875577716601,65.22863148453625,65.86522624241151,5919900
2023-10-09,67.36256408691406,67.61362159176926,66.13420807394877,66.20593194900412,3848200
2023-10-10,67.68534088134766,68.27710898463238,67.06668231227928,67.38049562131644,4585700
2023-10-11,68.85990905761719,68.9047356214249,68.09778222609793,68.23227559875528,6128600
2023-10-12,67.85570526123047,68.72542139058629,67.50602656766108,68.64472262404539,4429000
2023-10-13,67.68534088134766,68.3757370018465,67.38049562131644,68.17848096741827,5860800
2023-10-16,68.4922866821289,68.6805746466741,67.47014810853136,68.16053731186375,4381800
2023-10-17,68.39366149902344,69.29027479993483,67.85569488659992,67.85569488659992,5419300
2023-10-18,66.94114685058594,68.11570798964785,66.88734540531546,67.8825866351186,4853700
2023-10-19,65.35414123535156,66.94115056692272,65.21964787563286,66.35835056855261,8238400
2023-10-20,64.91481018066406,65.86521817593855,64.86997677534774,65.45277684137382,5874400
2023-10-23,64.27821350097656,65.17482685447048,64.09888672590758,64.31407885599036,6906600
2023-10-24,65.10310363769531,65.2824235927867,64.52030352272159,64.53823962260141,5755200
2023-10-25,63.70439529418945,64.68170077759133,63.6147284669333,64.43961812960781,6254500
2023-10-26,64.92377471923828,65.36311333698963,63.982327983439966,64.02716138633203,8144400
2023-10-27,63.88371276855469,65.16587036511322,63.66852744091793,65.16587036511322,12043000
2023-10-30,64.28719329833984,64.76240425922035,63.309887743933196,64.2692640359571,7041000
2023-10-31,65.38104248046875,65.45277318872499,64.17958389995263,64.79824244696633,5964700
2023-11-01,65.7845230102539,65.84728567023062,65.04033229866076,65.47070286975342,7021600
2023-11-02,67.94535827636719,68.1336462581836,66.73493162719487,66.88735425429145,6450300
2023-11-03,69.56822967529297,70.4827791642158,69.0571603164069,69.07509641495999,6394100
2023-11-06,68.56401824951172,69.46959957284251,68.21433961943065,69.42476617283563,4432100
2023-11-07,67.99915313720703,68.61781853731055,67.90053196213746,68.47436395852273,5235300
2023-11-08,68.22331237792969,68.4833310926376,67.92743514588473,68.19641506961811,4398300
2023-11-09,67.14737701416016,68.50126516424699,66.99495437782795,68.45643175797639,4922800
2023-11-10,67.77500915527344,67.91847059448115,66.96806250189276,67.48809311747593,3943800
2023-11-13,67.21012878417969,67.4970447521988,66.80665555561464,67.27289143841462,3791200
2023-11-14,70.9400405883789,71.55869905994976,69.26337140059074,69.39786475201606,7493800
2023-11-15,71.1462631225586,71.79182578521466,70.81452058358339,70.87728324019625,6033400
2023-11-16,70.99384307861328,71.49594434971686,70.76968974821106,71.28075906790345,4879800
2023-11-17,70.9400405883789,71.62146171186612,70.64415658336641,71.60353245729688,4379000
2023-11-20,71.46009063720703,71.46009063720703,70.2855291835545,70.85936125561513,4225000
2023-11-21,70.95797729492188,71.22696402602138,70.77865736793336,71.15523331897928,3703600
2023-11-22,71.30765533447266,71.80975659826325,70.98487399614537,71.60353936804212,5280200
2023-11-24,71.51387786865234,71.56767247701208,70.80555254924413,71.13729508828456,1893600
2023-11-27,71.77389526367188,72.1684004523034,71.21799257160583,71.54974194534762,5790800
2023-11-28,72.24909973144531,72.31186238740962,71.2179930915033,71.58560097911813,5811300
2023-11-29,72.75120544433594,73.45953079975953,72.66154547897202,72.76914154177884,4605400
2023-11-30,73.28021240234375,73.32503896565522,72.43739366093074,72.69741235435852,4118600
2023-12-01,75.0823974609375,75.09136550950535,73.00225483328393,73.21744695521195,7182800
2023-12-04,75.62934112548828,75.6472772247566,74.58927310830485,74.75962500764858,6740500
2023-12-05,75.12721252441406,75.3513657995768,74.74166861750957,75.22584051273488,6149900
2023-12-06,74.90308380126953,76.01488249513405,74.8492891865943,75.50381313386737,4405000
2023-12-07,75.1182632446289,75.35138462441046,74.60719392320341,74.94790452394814,6631500
2023-12-08,74.99273681640625,75.18102479092163,74.2306168698583,74.85824345157621,3416900
2023-12-11,75.19896697998047,75.33345351508895,74.63409617005583,74.74169223875987,3143200
2023-12-12,75.15412902832031,75.43207697155393,74.75961697422085,75.18999438238544,3158400
2023-12-13,78.03226470947266,78.3012514712418,75.05550843398572,75.26173253009107,5649600
2023-12-14,80.28276824951172,80.77590153720891,79.47581478527724,79.48478283505142,6918500
2023-12-15,79.15303039550781,80.13930377408809,78.57919836285684,80.09447720815382,7666400
2023-12-18,78.97370147705078,79.59236000534017,78.88404151475255,79.52959734766975,6353800
2023-12-19,79.57443237304688,79.79858570367517,79.2785483348695,79.35027904241858,5786900
2023-12-20,78.60608673095703,80.21102536621612,78.55229212170681,79.65512265503617,6072600
2023-12-21,79.30319213867188,79.5028738771677,78.44997945836695,79.28503484654995,4430000
2023-12-22,79.6117935180664,80.24716714112213,79.21241620785868,79.6117935180664,5100300
2023-12-26,80.20176696777344,80.41960595158794,79.50285679577794,79.58455074281866,4336600
2023-12-27,80.59207916259766,80.69192348972884,79.99301319981062,80.35608285074419,5383600
2023-12-28,81.16390991210938,81.16390991210938,80.3833125793846,80.4922355531291,3879100
2023-12-29,80.20176696777344,80.93697786625764,80.11100130159876,80.87344120743772,5331500
2024-01-02,80.89161682128906,81.01869016771678,79.58456877234337,79.92040943074691,6057900
2024-01-03,78.95826721191406,80.25623650702786,78.80396486476214,80.25623650702786,5159600
2024-01-04,78.81305694580078,79.34857939190717,78.4681376110407,78.80397829883904,5609900
2024-01-05,78.61335754394531,79.3031891944315,77.78737390751114,78.24120924401932,3805800
2024-01-08,79.7388687133789,79.82963439736272,78.38644132458012,78.56797269254773,5372100
2024-01-09,79.20333862304688,79.52102194856508,78.5861223370499,78.96734232767174,3819000
2024-01-10,79.29410552978516,79.66624688117878,79.00365120980334,79.36672084102491,3649900
2024-01-11,78.55889892578125,79.1307289524675,78.10506359270332,79.1307289524675,5512700
2024-01-12,79.0308837890625,79.60271380969891,78.6315064841864,79.34856713386051,3070300
2024-01-16,78.44995880126953,78.94010168483065,78.1958121783066,78.58611075642142,5125800
2024-01-17,77.0158462524414,78.35920173907067,76.23524901054466,77.37891586436636,4898900
2024-01-18,76.59832763671875,77.42431127417589,76.04464797149483,77.13385693545004,4537800
2024-01-19,77.51508331298828,77.76923001459174,76.1989565725729,76.7798652976603,6188700
2024-01-22,77.97798156738281,78.73134287339141,77.62398367603485,77.78736465474282,4203000
2024-01-23,77.44245910644531,78.54073975521793,77.17923378856102,78.27751443733362,4821800
2024-01-24,76.3351058959961,78.30474968940865,76.2806478689824,78.23214129504973,3265600
2024-01-25,77.31539154052734,77.71476886987968,76.93417150340628,77.25185486767384,4394300
2024-01-26,77.09756469726562,77.68754521347294,76.92510501869354,77.46970614710442,2783200
2024-01-29,77.60584259033203,77.76014494284448,76.87063156073226,77.07939193766613,3591900
2024-01-30,76.87969207763672,77.54229461977128,76.73446839201749,77.26999068739234,4580900
2024-01-31,76.14450073242188,77.7238459413403,75.99927700946469,77.13386547779257,8892900
2024-02-01,77.52416229248047,77.55139130705805,75.64527718688774,76.06281182700498,8950700
2024-02-02,76.56201171875,77.04307601614771,75.28219980727468,76.40770938278789,7935800
2024-02-05,74.95545196533203,75.60897601130873,74.72853427853336,75.60897601130873,6269400
2024-02-06,75.96295928955078,76.1081829932795,74.80114195981085,75.07343900116878,5482300
2024-02-07,75.85404968261719,76.30788508981844,75.42744329185142,76.23526976267134,5074200
2024-02-08,76.47126007080078,76.68909911005011,75.63620464952983,75.63620464952983,3697200
2024-02-09,76.58924865722656,76.71632199705427,75.72696429054179,76.42586765959415,3478100
2024-02-12,76.6073989868164,77.16107859931114,76.44401800403145,76.73447231509614,3949000
2024-02-13,75.02806854248047,75.04621891073764,74.01147479562049,74.95545321949511,6203500
2024-02-14,75.61803436279297,76.04464064654285,74.99174636694764,75.3548090616499,5264400
2024-02-15,77.3789291381836,77.4606161792667,76.26249110186814,76.30787740801078,5164800
2024-02-16,76.58018493652344,77.0249416723823,75.9266608777228,76.47126195173054,4781000
2024-02-20,76.44403076171875,76.75263548905036,75.77235635371959,76.13541910940897,4739900
2024-02-21,76.87063598632812,76.97955204144147,76.30787764332294,76.60741064484077,4053000
2024-02-22,77.0158462524414,77.40614487338978,76.85246527332403,77.1156905688452,5000600
2024-02-23,76.97954559326172,77.42430919764588,76.78893558780172,77.06123955273172,4695600
2024-02-26,76.13541412353516,77.18831543602198,75.99019041576528,76.77985947515269,5943300
2024-02-27,76.22618103027344,76.89785534404989,76.0628000431411,76.55293607956092,3857800
2024-02-28,76.9977035522461,77.46968924724501,75.75419225824457,75.83588621842331,5170700
2024-02-29,77.65122985839844,78.05967889658716,77.29723884530749,77.61492220000734,6595400
2024-03-01,78.57703399658203,78.57703399658203,76.72538536706223,77.53321154869411,6560900
2024-03-04,79.312255859375,79.35764216012372,77.80552623920353,78.35920586844712,5319000
2024-03-05,78.35014343261719,79.45750292019825,77.98707372644621,78.88567280733956,4722600
2024-03-06,78.74043273925781,79.0399657304047,78.27751874611968,78.85842743653788,4999400
2024-03-07,78.72228240966797,79.34857048011631,78.33198373389159,79.15796046519918,3164100
2024-03-08,79.62995147705078,79.90224852494822,79.2396528092512,79.42118417451616,4546400
2024-03-11,79.24871063232422,79.93854216431639,78.91287697298083,79.4574778982477,3467200
2024-03-12,79.0762710571289,79.4030330514748,78.39551805640458,79.10350006916146,3309000
2024-03-13,78.67689514160156,79.43026347108146,78.4227484581572,78.94012047087686,3418600
2024-03-14,77.4969253540039,78.50444043025756,76.83432959122914,78.3501380663213,4155000
2024-03-15,77.32445526123047,77.62398127545129,76.73446802719882,76.75261839094868,4214300
2024-03-18,77.36078643798828,77.76923553384154,77.21555578392035,77.49693151995355,3030800
2024-03-19,77.33353424072266,77.62398856282483,76.87062720938864,77.28815486459945,4165700
2024-03-20,77.84182739257812,78.07781674682269,76.53477959993958,76.85246290371238,4605800
2024-03-21,78.40457916259766,78.74041975714712,77.9325935263169,78.17766152640992,3753200
2024-03-22,77.41776275634766,78.6169714659205,77.36283929916506,78.44304485678796,3923200
2024-03-25,76.94173431396484,77.77477025011812,76.94173431396484,77.49098977510006,5262400
2024-03-26,76.63048553466797,77.23467143402586,76.61218004567021,77.14312303655068,4923000
2024-03-27,78.60781860351562,78.63528033084613,77.32621778284586,77.50930062115758,5191400
2024-03-28,79.16622924804688,79.43169726468918,78.75428239128253,78.75428239128253,4626900
2024-04-01,77.83885192871094,79.40423317586328,77.69238706127048,79.40423317586328,5331200
2024-04-02,76.85934448242188,77.29875305514184,76.55725152518704,77.23467336580376,5116000
2024-04-03,76.94173431396484,77.03327572679369,76.35586089086567,76.6762593278477,3632700
2024-04-04,76.4474105834961,77.9395560282865,76.1819355686261,77.57338335314988,5953600
2024-04-05,76.84103393554688,77.02411675470228,75.98968555656673,76.18192461192845,4789000
2024-04-08,77.6649169921875,77.73815291670758,77.00581462399333,77.08819980095679,3866900
2024-04-09,78.69937133789062,78.69937133789062,77.78394304638866,77.94872041822555,4075600
2024-04-10,75.44043731689453,76.63048972333725,75.00102873114662,76.39247644838369,8332800
2024-04-11,75.6967544555664,76.12700679499028,74.93694742995243,75.97137870461657,7145900
2024-04-12,74.79962921142578,75.41296436221478,74.50669249879805,75.23903777244846,5451200
2024-04-15,73.52718353271484,75.36719593975286,73.11524368799026,75.2939600167292,5478600
2024-04-16,72.49275207519531,73.28002078473806,72.28220054322654,73.19762862556348,6598800
2024-04-17,71.96180725097656,72.66668385168921,71.91603304992557,72.34628539681982,5554700
2024-04-18,71.97095489501953,72.42866891423043,71.65054949424257,72.25473535199855,4158300
2024-04-19,72.31880950927734,72.63920790141027,71.98009864664475,72.00756735239426,4585600
2024-04-22,72.9596176147461,73.1060894648271,72.09911994008799,72.59345195786804,3846100
2024-04-23,73.62788391113281,73.92997686668626,72.97793078456047,73.09693392576534,5484100
2024-04-24,73.76520538330078,73.89336477144036,72.90470064793836,73.34410925310463,4513600
2024-04-25,73.3441162109375,73.46311937288131,72.56599658663536,73.03286696438394,4082800
2024-04-26,73.38072204589844,74.12221659417177,73.23425019311428,73.45395098812817,3367700
2024-04-29,74.1313705444336,74.360227569228,73.70111822035419,73.70111822035419,4374000
2024-04-30,72.87724304199219,73.95744864895885,72.84978131214645,73.60958843064061,7003900
2024-05-01,72.90469360351562,74.25953026971784,72.65753108860365,72.77653422775947,7204200
2024-05-02,73.92996978759766,74.09474711265216,72.8223027074608,73.5912589016074,4804800
2024-05-03,74.42431640625,75.65098685755243,74.25038281109163,75.21158522705959,4270000
2024-05-06,74.4883804321289,75.09255929300063,74.19544374536896,74.96439992905324,3044800
2024-05-07,75.1932601928711,75.43127344373002,74.86370553296238,75.07425705952255,3667300
2024-05-08,74.56163024902344,74.78133806375061,74.31446768765971,74.78133806375061,4129800
2024-05-09,76.09039306640625,76.15447275983387,75.15665240884644,75.15665240884644,5452200
2024-05-10,75.87984466552734,76.29178457123379,75.65098761032087,76.20939938375773,5649800
2024-05-13,76.12699890136719,76.57555668388508,75.76997554154575,76.16360987678111,2848700
2024-05-14,76.71288299560547,77.05158694668073,76.310092368205,76.63964706623035,3099700
2024-05-15,77.77477264404297,78.19586874334681,77.59168981274995,77.83885233341177,3544900
2024-05-16,77.71984100341797,78.06770113989131,77.60083088986956,77.8480003686535,2577000
2024-05-17,77.71070098876953,77.90294007675048,77.42692047567807,77.81139865163999,2791700
2024-05-20,77.25297546386719,77.78392542888119,77.16143405228318,77.5550684078402,2842800
2024-05-21,77.22551727294922,77.35367665186429,76.90511882566153,77.06989616771838,2655100
2024-05-22,76.52979278564453,77.27129434453786,76.30093574562517,76.96004513834697,3888000
2024-05-23,74.88202667236328,76.52979317846298,74.83625247045941,76.52979317846298,4061100
2024-05-24,74.93695068359375,75.35804680441721,74.83625302598784,75.23904365641145,2317800
2024-05-28,74.442626953125,75.5960685337884,74.36024176087363,75.29397552720646,3046600
2024-05-29,73.71942138671875,73.8292752694574,73.38986672266472,73.69195966207457,3203100
2024-05-30,74.79962921142578,74.83624717352451,74.08559641090581,74.08559641090581,2748800
2024-05-31,76.20024108886719,76.25517152986471,74.92779645500337,75.25735116433702,4176900
2024-06-03,76.02630615234375,76.61217957494196,75.63267179177038,76.61217957494196,3301600
2024-06-04,76.6121826171875,76.93258106661848,75.80660139100401,75.80660139100401,2720700
2024-06-05,76.52063751220703,76.76780702967194,76.06292342640367,76.65795313478057,2373300
2024-06-06,76.66710662841797,76.68541211816344,75.84321990662337,76.16361835838727,4002100
2024-06-07,75.94391632080078,76.14531162552517,75.40381708009659,75.45874053259875,3227900
2024-06-10,76.20024108886719,76.45655986631272,75.15665350403158,75.70590902486671,2450800
2024-06-11,75.92560577392578,76.28262215973355,75.62351283696171,75.84321361649837,3261700
2024-06-12,76.60302734375,78.12263443051893,76.50232968921057,77.52761172444727,4123500
2024-06-13,76.91426086425781,77.16143034624135,76.32838747726515,76.77695224555772,2619900
2024-06-14,76.89595794677734,77.1156587282028,76.27346657927029,76.64879544069395,2178600
2024-06-17,76.59386444091797,76.97834255161035,76.12700115686089,76.44739958243787,2168100
2024-06-18,76.89595794677734,77.17973841379197,76.63048296814738,76.79526030025694,3073600
2024-06-20,76.67626953125,76.93258831494427,76.42910000114263,76.6579570557501,2432900
2024-06-21,76.8685073852539,77.03328474129307,76.34671358849039,76.82273318140189,2337000
2024-06-24,77.46353912353516,78.23249548221885,76.78611720660358,76.90512734604017,2834300
2024-06-25,76.51148223876953,77.37197990314081,76.09953540346301,77.33536892522045,2445900
2024-06-26,76.27346801757812,76.51148127603842,75.83405946227926,75.98053130876623,3287900
2024-06-27,77.01496887207031,77.04243758366874,76.21855083978129,76.39247744159563,4244800
2024-06-28,77.62944793701172,77.96309941654637,77.04555431233378,77.37920579186843,4090500
2024-07-01,76.89727020263672,77.75920202984504,76.4338661465244,77.56457317479602,3274800
2024-07-02,77.25871276855469,77.3791952588256,76.81384183273718,77.11969015917524,3141400
2024-07-03,77.1845703125,77.79626699611298,77.17530025247993,77.34212597792128,1571500
2024-07-05,77.39774322509766,77.54602883808204,76.90653608367384,77.33286694360743,3217000
2024-07-08,77.64797973632812,77.83334559474046,77.29579521182143,77.49042405991601,3239200
2024-07-09,77.62944793701172,77.88895307198653,76.87872857256644,77.4626221972444,2123200
2024-07-10,78.20405578613281,78.26893206270586,77.45334357564704,77.94455067984065,2482400
2024-07-11,80.44694519042969,80.7249833753575,79.20501867060148,79.20501867060148,4363500
2024-07-12,81.05863952636719,81.57764982493642,80.76206120275835,81.09571270069142,3562600
2024-07-15,81.6054458618164,81.70739530578786,80.97521614953097,81.20691814565085,2928700
2024-07-16,82.60639190673828,82.63420208549357,81.69812405494143,82.12445487306823,3029300
2024-07-17,83.17176055908203,83.72784402925517,82.5044575664803,82.5044575664803,4757200
2024-07-18,82.4395751953125,84.14490572510378,82.23568335905168,82.70835038477358,4464700
2024-07-19,82.2912826538086,82.69908043397277,81.93909816156561,82.56005782064554,2809000
2024-07-22,83.14395904541016,83.22737545658228,81.93911268202521,82.53226933774997,3244400
2024-07-23,83.0790786743164,83.65370224986643,82.64347772989774,83.01420238925309,2655400
2024-07-24,81.85569763183594,83.57029133926649,81.7722882902621,83.03274090139544,3844900
2024-07-25,81.58690643310547,83.11614103464022,81.41081065184869,82.1615299339018,4723200
2024-07-26,83.01419830322266,83.30150654136374,81.96690773275326,82.18933968902427,3326000
2024-07-29,83.4405288696289,83.71857411721955,82.41177135292168,83.1439505719916,3371100
2024-07-30,84.08930206298828,84.28393091555982,83.44053215009849,83.75565058115573,2854000
2024-07-31,83.792724609375,84.84001522799804,83.55175252092745,84.23758854237153,5633800
2024-08-01,84.63611602783203,85.09952008121941,83.84833055127042,84.76586859710171,6988100
2024-08-02,84.58976745605469,85.3868229432615,83.82978513929753,84.43221178488187,5223600
2024-08-05,82.17081451416016,84.35807525725684,81.9483754655862,82.93079691932518,6852600
2024-08-06,83.792724609375,84.68245954635279,81.80934874890096,82.15227029511536,7321600
2024-08-07,83.21808624267578,85.12730834695031,83.11613680303165,84.16342723548627,4998600
2024-08-08,84.03368377685547,84.20050950786182,82.96785311048066,83.22736530281162,5981200
2024-08-09,84.42294311523438,84.580505859987,83.50540511218966,84.35806683362485,4133800
2024-08-12,83.80199432373047,84.13564583574279,83.20883765148305,84.12637577402432,2925500
2024-08-13,84.5341567993164,84.62683618508437,83.92246719646079,84.39513418517252,3111300
2024-08-14,84.75659942626953,85.1551271992074,84.27466231691864,84.68246015089731,2966300
2024-08-15,84.69171905517578,85.07171375868472,84.32100148324487,84.88634790173484,4054400
2024-08-16,84.64537811279297,84.9882925545572,84.26538343074887,84.6917142711747,2260900
2024-08-19,85.34974670410156,85.34974670410156,84.63610764381107,84.64537770383625,2629800
2024-08-20,85.24781036376953,85.58145476747568,84.95123206082057,85.44243921217499,4934200
2024-08-21,85.70195007324219,85.74828623777886,84.9234275565854,85.34049546332527,2965900
2024-08-22,85.9521713256836,86.03558772199891,85.4702342803617,85.74827243578378,3182300
2024-08-23,87.8428726196289,87.96336220084763,86.26730164155863,86.32290786613046,8040200
2024-08-26,87.80580139160156,88.38969504648128,87.65751576579645,88.20432917549368,2748500
2024-08-27,87.93553924560547,88.00041552184476,87.08287759475091,87.15702393073403,1859300
2024-08-28,87.5926284790039,88.14871188016501,87.17556062489501,87.91700987376588,2664100
2024-08-29,87.3238525390625,87.69457716025445,86.97166096698734,87.54628448338406,3379500
2024-08-30,88.16726684570312,88.2136100868964,87.0829028832446,87.7224028425854,3490000
2024-09-03,88.12091064453125,88.51016832652267,87.57409022089016,87.80579223221612,5160800
2024-09-04,88.37113952636719,89.18673507463575,87.90773553611777,88.34333641830962,3041100
2024-09-05,88.08383178710938,89.10331915692409,87.92627612661643,88.95503355616125,6269400
2024-09-06,88.00041961669922,88.24139168436544,87.29605060503505,88.22285863499917,6965800
2024-09-09,88.98284912109375,89.14967486467077,87.861412150209,88.00969777173037,2906400
2024-09-10,90.27110290527344,90.30817607473242,89.00137336749356,89.2423454334849,6001000
2024-09-11,90.09500885009766,90.19695830032374,88.4360216075818,89.45550903885844,3872100
2024-09-12,90.47500610351562,90.53988238540742,89.52965791482438,90.29891030795886,2713200
2024-09-13,91.42034912109375,91.43888924258206,90.8364625719334,91.05889453290145,3402700
2024-09-16,91.72618865966797,92.13398644135276,91.42961038325645,91.80033499651682,4144500
2024-09-17,91.08670043945312,92.09692496203252,90.86426847165899,91.84668281115245,2990700
2024-09-18,90.97547912597656,92.29154482441007,90.8457194971742,91.2257141814878,5097000
2024-09-19,90.9940185546875,91.80034413850338,90.40086194279463,91.76327096638701,4450200
2024-09-20,90.63256072998047,90.88279579410266,90.30817932427232,90.47500505734855,3708500
2024-09-23,91.53156280517578,91.63351225391226,91.07742178044636,91.25351756844283,3320700
2024-09-24,91.66131591796875,91.92082103596474,90.87353050377118,91.17010879162147,3279000
2024-09-25,91.04962158203125,91.95789658954558,90.8457226780392,91.75399768555353,2466000
2024-09-26,90.22476196289062,91.2627895211038,89.97452690142916,91.20718330099774,4776900
2024-09-27,90.33973693847656,91.19023144598653,90.3023515458723,90.97526722114559,4932800
2024-09-30,91.0500259399414,91.1154485856951,89.97521921924466,90.18083528605162,4207000
2024-10-01,90.46122741699219,91.40518890137044,90.05934338942791,91.24629921193599,4240300
2024-10-02,90.1434555053711,90.22757441544871,89.48922900714085,89.71353421645779,5161600
2024-10-03,89.32099151611328,90.02195148107091,89.0032264213219,89.8256835465468,2664400
2024-10-04,88.89106750488281,89.11537269016785,88.0779514037413,88.81629673294337,4602000
2024-10-07,88.10599517822266,88.40507115757127,87.70411116248542,88.40507115757127,3420200
2024-10-08,88.2835693359375,88.68545333047906,87.93775985627458,88.33030285202533,3773700
2024-10-09,88.37703704833984,88.38638517849029,87.77888506832497,88.11534644840009,4120600
2024-10-10,87.59195709228516,88.47983684948099,87.32091838743307,87.87233679588381,2664300
2024-10-11,88.58263397216797,88.58263397216797,87.87232597555641,88.04055662921355,2654000
2024-10-14,89.1153793334961,89.26492088852291,88.11534335848907,88.32095943138405,2529100
2024-10-15,90.19019317626953,90.95657587969625,89.48923312567676,89.53596664793002,2808500
2024-10-16,91.18087005615234,91.30237434708134,90.23691576966391,90.40514644665264,3177100
2024-10-17,90.46122741699219,90.92853409413512,90.19018868858521,90.82572605472096,2904100
2024-10-18,91.13414764404297,91.17153303284107,90.33972774105149,90.68553010899967,2080200
2024-10-21,89.34903717041016,91.05003322667059,89.22753999872518,90.68553458108151,4143000
2024-10-22,89.47986602783203,89.80697922266273,88.93779578948383,89.07798206545922,2530000
2024-10-23,90.13410949707031,90.30234017734303,89.17145893293954,89.2649188374169,2710500
2024-10-24,90.33038330078125,90.89114989458965,90.17150073980014,90.24626438991623,2632300
2024-10-25,89.47986602783203,91.22759528383152,89.45182877263696,90.94720847081501,3834800
2024-10-28,89.76025390625,90.64813360711946,89.6480977536056,90.12475248917814,2296500
2024-10-29,89.1153793334961,89.8630728475626,88.82565148379888,89.47987796070672,2819600
2024-10-30,89.50792694091797,90.17150876507988,89.06866460920529,89.11539100336975,2930300
2024-10-31,87.99383544921875,89.3303326293211,87.93775380766414,88.78825525433516,4946300
2024-11-01,87.0218505859375,88.704157487425,86.97511706568848,88.48919327702724,4835200
2024-11-04,87.97514343261719,88.28356751916957,87.27418348892542,87.30222787632104,3368200
2024-11-05,89.14341735839844,89.19015087737934,87.28353881760752,87.48915489226927,2398100
2024-11-06,87.24615478515625,89.37707208199636,86.33023769537324,89.37707208199636,6335400
2024-11-07,88.29291534423828,88.55460591476334,87.42372473183246,87.66672617469142,4871300
2024-11-08,89.6107177734375,89.872415478723,88.50787382945828,88.62937811811702,4093600
2024-11-11,89.16211700439453,90.13411576573388,89.10603535338082,89.54530477856183,2279800
2024-11-12,87.92842102050781,89.21818480817844,87.9190728909536,88.83499706285902,4645800
2024-11-13,88.41442108154297,89.20884099932098,88.28357578358113,88.65742254798666,2884300
2024-11-14,87.62001037597656,88.41443037727848,87.4517796708333,88.41443037727848,3708000
2024-11-15,87.66673278808594,87.83496347190491,86.92838740524343,87.30223416156713,2786400
2024-11-18,88.3022689819336,88.3022689819336,87.12465421057395,87.27418863283106,2468100
2024-11-19,88.73218536376953,88.94714242090113,87.6480305573436,88.06861080350538,3041600
2024-11-20,88.62004089355469,88.74153806663028,87.90039172443358,88.36769841700253,3143000
2024-11-21,89.27426147460938,89.54530019394065,88.27422550423098,88.63872412975455,2988600
2024-11-22,89.94718933105469,90.11542002399601,89.56400155468144,89.57334255445906,2943700
2024-11-25,91.19957733154297,91.64818777068089,90.47058002004307,90.47058002004307,4001200
2024-11-26,91.56407928466797,91.65753920197615,90.69488850568607,91.05003904367102,2774500
2024-11-27,92.15287017822266,92.71363673348102,92.06875840367402,92.08744753228474,2383100
2024-11-29,91.74165344238281,92.61083704652332,91.62949726900939,92.2930719177667,1922400
2024-12-02,90.40515899658203,91.34911341410901,90.16215751152438,91.27434975992816,3659400
2024-12-03,89.94718933105469,90.76030553536012,89.9004629405641,90.48926680059164,1992500
2024-12-04,89.70418548583984,90.04063970555141,89.22753071790387,90.04063970555141,2220300
2024-12-05,89.48922729492188,89.57333907285613,88.99388336566308,89.33968573788243,2922300
2024-12-06,89.3583755493164,90.03129824636521,88.96583968621573,89.73222228440278,1866100
2024-12-09,89.6107177734375,89.90979373465898,89.34902719868538,89.47987248606144,2871900
2024-12-10,88.31161499023438,89.50791895828196,88.03123525864866,89.49857795860298,2902100
2024-12-11,88.10599517822266,88.76957691510701,87.8630008472439,88.34899663973522,4294900
2024-12-12,87.96580505371094,88.90975933867695,87.88168615008549,87.88168615008549,2255100
2024-12-13,87.71345520019531,88.0312274243534,87.47045375001953,87.84430048939763,2796200
2024-12-16,87.40503692626953,88.39573192117811,87.33961427731147,87.66673465263572,3644900
2024-12-17,86.98446655273438,87.69477471450202,86.76016133921507,87.0498892037831,3020200
2024-12-18,83.39554595947266,87.17137732890485,83.37684970080808,86.7601523352189,5409800
2024-12-19,82.10576629638672,84.25537945892118,82.04969178745314,83.61984221238747,5403600
2024-12-20,83.48902130126953,84.43297575293144,82.10579025615358,82.10579025615358,7622200
2024-12-23,83.81552124023438,83.91932397075722,82.890735240901,83.21158200784164,4548900
2024-12-24,84.37227630615234,84.4666404549407,83.52298456801104,83.56073166743099,2182600
2024-12-26,84.59874725341797,84.68367282300365,83.73058561099184,84.1457892837263,2577400
2024-12-27,83.74945831298828,84.71198413087987,83.51354434590945,84.09861357609321,3816700
2024-12-30,83.33424377441406,83.57015773115243,82.51326781265901,83.43804649134076,4402400
2024-12-31,84.06086730957031,84.25903417993553,83.30593972763552,83.95706458706621,5045100
2025-01-02,83.31537628173828,84.24015498768179,83.05115379432584,84.07029664584196,5296100
2025-01-03,84.41001892089844,84.49495169720576,83.24932617437692,83.51354867929163,3469900
2025-01-06,83.32482147216797,84.66481116445392,83.19271021797208,84.29678592783345,4206500
2025-01-07,82.53215026855469,83.97594275066614,82.3151134271977,83.68341170382683,5679000
2025-01-08,82.74918365478516,82.81523927619602,81.7300336105693,82.52270106749978,5250300
2025-01-10,80.7297592163086,81.64509932471665,80.66370359612404,81.44693246416298,10056500
2025-01-13,81.72058868408203,81.79608287397566,80.47496334892594,80.66369882366001,3740200
2025-01-14,82.4660873413086,82.64538426358236,81.86214814993947,82.06975359688319,3829900
2025-01-15,82.93791961669922,84.80636153726537,82.89073394010258,84.73086733452013,3886700
2025-01-16,84.65536499023438,84.74029776003543,82.8624174448462,83.12663992952015,4112800
2025-01-17,84.59874725341797,85.17437789012985,84.59874725341797,84.90071683337152,3672400
2025-01-21,86.18409729003906,86.24071434164686,84.94790313358993,85.0233973354159,3634900
2025-01-22,84.68367767333984,85.92930316193294,84.6270606237066,85.92930316193294,2966300
2025-01-23,85.3064956665039,85.3253656169054,84.03256162846708,84.8252291367484,2706900
2025-01-24,85.5990219116211,86.14634403648405,84.9667742154119,85.00452131362896,3267300
2025-01-27,86.7408447265625,86.76915325037463,85.48578070772385,85.58958342805022,4107700
2025-01-28,85.69338989257812,86.48606459156635,85.48578444285447,86.48606459156635,2373800
2025-01-29,84.56100463867188,85.94817994495538,84.15523231914352,85.72169734834208,2820000
2025-01-30,85.63677978515625,86.3633917185732,84.94790775518217,85.57072415484562,3485100
2025-01-31,85.44803619384766,86.27845071208422,85.21212224212474,85.41028909762929,2566200
2025-02-03,85.26874542236328,85.59902353863664,83.90987865881232,84.693114762777,5187600
2025-02-04,85.33480072021484,85.5329675892232,84.45720047202185,84.7497314882452,3371500
2025-02-05,86.53324890136719,86.72198441362484,85.37255609895814,86.1369151249116,3310400
2025-02-06,86.75028991699219,87.01451242542005,86.193529174642,87.01451242542005,3468600
2025-02-07,86.46717834472656,86.96732196622447,85.96704192275105,86.91069772256067,2516200
2025-02-10,86.42943572998047,86.66534969216453,85.77831809002795,86.61817121944138,2195400
2025-02-11,86.80690002441406,86.8446471225302,85.95760831560796,86.04254108624998,2260000
2025-02-12,86.00479888916016,86.27845996645478,84.9384703048245,85.07058155599802,4747200
2025-02-13,86.86353302001953,87.01451422816771,85.69339445913432,85.87269139336361,3734300
2025-02-14,86.46717834472656,87.46745838819999,86.44830839652023,87.08055605450728,2344300
2025-02-18,86.85408782958984,87.15605742241083,86.22184011954639,86.33507421715238,2500700
2025-02-19,86.92015075683594,87.1371875951668,86.29733436957642,86.47663130521603,2339100
2025-02-20,87.3353500366211,87.43915275399024,86.42943410330439,86.8540835469571,2920000
2025-02-21,86.47661590576172,87.5429443552295,85.96704091589007,87.49576588550501,2534600
2025-02-24,86.81633758544922,87.36365970246034,86.22183699598574,86.59929357369559,3258700
2025-02-25,87.8826675415039,88.2790084738521,87.06169155201181,87.06169155201181,4329200
2025-02-26,87.51463317871094,88.26956066662483,87.2126636234498,88.0808251948853,2828800
2025-02-27,87.86380004882812,88.38281366550854,87.39197210621796,87.53352192890561,2379800
2025-02-28,88.60929107666016,88.64703817686993,87.5901409695659,88.26013579936215,4213800
2025-03-03,89.02449798583984,89.60012868560268,88.51493011346555,88.74140552335673,4596700
2025-03-04,87.99591064453125,89.55294428350798,87.87323797219021,89.01506072090035,4541100
2025-03-05,88.97731018066406,89.1377299458727,87.27872678574099,87.45802369951696,2574000
2025-03-06,86.69367218017578,88.34507004432739,86.47662815023988,88.08084033846353,4968800
2025-03-07,87.21267700195312,87.60901075412092,86.1652183715645,86.72197909920106,4447100
2025-03-10,86.3728256225586,88.06197059145413,85.90099766028129,87.11831466689952,3534300
2025-03-11,85.36310577392578,86.81633662042783,84.84409938558247,86.37281722707375,3918700
2025-03-12,85.09889221191406,85.83494268674423,84.70255844847065,85.50466455054139,3303000
2025-03-13,83.41918182373047,85.68395739170275,83.31537910023219,85.09888815012364,3881600
2025-03-14,85.0894546508789,85.16494885420317,83.65510078533529,84.13636733212313,3769100
2025-03-17,86.54267883300781,86.8163398988055,84.9667752605563,84.9667752605563,2233300
2025-03-18,86.08973693847656,86.92015159665576,85.75002021478424,86.41057651111727,1956000
2025-03-19,86.19351959228516,86.84464441532616,85.46690777488784,86.09915544969782,1882100
2025-03-20,86.13689422607422,86.66533913313518,85.74999911898227,86.16520274616364,2041100
2025-03-21,85.1838150024414,85.77832282767524,84.6553700018097,85.63677300264227,3395100
2025-03-24,86.4955062866211,86.63704891697212,85.41030052361498,85.7311400851085,3719000
2025-03-25,85.52498626708984,86.50693512845965,85.01017664323504,86.39253783881175,4210000
2025-03-26,85.85865783691406,86.30673328756046,85.54405801438939,85.7442605463523,3094100
2025-03-27,85.63939666748047,86.69761530973125,85.42965859085704,86.06840107986095,2993000
2025-03-28,85.52498626708984,86.06839521335661,84.97204178885916,85.91586306933283,3602900
2025-03-31,86.31626892089844,86.83107854946998,85.54405811478104,85.54405811478104,2964400
2025-04-01,86.35440063476562,86.74527015289345,85.30571762514222,86.55460315968178,4276600
2025-04-02,86.87873840332031,87.02174228480504,85.83005539489814,86.06839277287952,3427200
2025-04-03,83.91382598876953,86.55460837200478,83.85662734205744,85.53452462258568,5784700
2025-04-04,80.27203369140625,83.17975289096978,80.17670018576881,83.04628452838132,7803800
2025-04-07,78.16512298583984,81.33977854687483,76.35375749232719,78.44159521195046,13294200
2025-04-08,76.06776428222656,80.22436905592127,75.17161334455069,80.03369477477742,7401100
2025-04-09,80.60570526123047,80.97751099416247,73.33164372927234,74.67587005101085,10990300
2025-04-10,78.76573944091797,80.4722359432709,76.74463585340666,79.52841468779576,7442500
2025-04-11,79.72862243652344,79.89069739231692,77.28804984904555,78.22233563402196,5275900
2025-04-14,81.37792205810547,81.8641323884109,80.20529885524655,80.4341079950845,3228000
2025-04-15,81.62579345703125,82.15966689300285,81.15864692707605,81.61625792468031,2443200
2025-04-16,81.56858825683594,82.60774308786445,81.01565102475887,81.87365983343987,2393000
2025-04-17,82.78887939453125,83.40855811633665,81.70206138486417,81.70206138486417,3383500
2025-04-21,81.06331634521484,82.18826917832254,80.05276808400092,81.9594673080153,2406100
2025-04-22,82.6363296508789,82.97953603074498,81.79738476313906,81.9689879530721,2209800
2025-04-23,82.78887939453125,84.44771300800674,82.33127563966119,83.56109755028038,2493100
2025-04-24,83.09394073486328,83.67547720203487,82.41705623136843,82.83653231275025,2080800
2025-04-25,82.95094299316406,83.27507833565139,82.35032814617472,83.0939468745177,2409500
2025-04-28,83.46575164794922,83.63735484891627,82.6267994327861,82.8746723394006,2914900
2025-04-29,83.91382598876953,84.31423833619422,83.13207963195751,83.42762294475669,2740300
2025-04-30,84.20936584472656,84.50490187191382,82.70307183964884,83.51341748655176,3738300
2025-05-01,84.48583984375,85.21991579782508,83.85662564870292,84.5049036344424,3574100
2025-05-02,85.52498626708984,85.82052229665325,85.1341167383266,85.53452179905375,2237700
2025-05-05,85.33432006835938,85.84912969703846,84.87670908504025,85.38198318166606,2289900
2025-05-06,84.676513671875,85.37246210067808,84.27610857373209,84.94345040397029,2579700
2025-05-07,84.77183532714844,85.46778365864371,84.59070386911277,84.84810503236315,2220300
2025-05-08,84.43816375732422,85.25804489787375,84.12355668103628,85.11504102015384,2652600
2025-05-09,85.00064849853516,85.22945035161698,84.24750148893271,84.37143431071041,3460200
2025-05-12,85.42012023925781,86.15420348321403,84.9529809853184,86.14466795091487,3657300
2025-05-13,84.33330535888672,85.50592857577915,84.08543242450257,85.4010595371351,4178600
2025-05-14,83.5038833618164,84.03776405430315,83.18928353903293,84.03776405430315,3052500
2025-05-15,85.02925109863281,85.04831488984125,83.72315955971321,83.80896480385131,2563000
2025-05-16,86.08747100830078,86.11607033228445,84.87671295413733,85.03878063903161,2580300
2025-05-19,86.10652923583984,86.21139826599043,85.19131456009997,85.35338223452189,2956400
2025-05-20,85.60125732421875,85.97306306839054,85.40105479070162,85.45825343642655,2003300
2025-05-21,83.32274627685547,85.31524320524572,83.25601210397826,84.9720368094546,2677200
2025-05-22,82.94140625,83.37994614586063,82.33126315371743,83.37994614586063,2540100
2025-05-23,83.02720642089844,83.2750793333157,82.50286854762611,82.7888690402802,2123000
2025-05-27,84.47630310058594,84.67650563064534,83.42762006402155,83.71362056118652,2117700
2025-05-28,84.39049530029297,84.52397092309711,83.82802258149346,84.50489985977673,1912800
2025-05-29,85.1531753540039,85.49638174905041,84.2760955770981,84.44769877462136,2440300
2025-05-30,85.1531753540039,85.37244893497002,84.32375868706166,84.81950449034184,2525900
2025-06-02,85.26758575439453,85.29618507702871,83.73269240286858,84.49536767587266,3101600
2025-06-03,85.09599304199219,85.22946141306868,84.36190972759078,84.87671941894898,2155700
2025-06-04,85.33432006835938,85.62032056863899,84.6669710207473,85.0578478266532,2598200
2025-06-05,85.26758575439453,85.71566120494283,84.81951030384624,85.37245478637307,3148400
2025-06-06,85.67752838134766,86.06839792241375,85.2199173879132,85.61079420245929,2707200
2025-06-09,85.79193115234375,86.3067408252727,85.12458932085092,85.70613317692914,3676100
2025-06-10,86.5260009765625,86.58319961793849,85.91585789028755,85.93492167958645,4036000
2025-06-11,86.0588607788086,87.03128139409449,85.74426095478537,86.64994011895257,2874600
2025-06-12,86.47833251953125,86.564137756986,85.85865388806293,86.00165776816785,2007200
2025-06-13,85.63939666748047,86.33533780520703,85.0769166189467,85.79192882190098,2334100
2025-06-16,85.70612335205078,86.75480636995876,85.42011558649423,85.97306005404776,2657500
2025-06-17,85.40105438232422,85.96352712520937,85.10551107603897,85.69659041512965,1879400
2025-06-18,85.69658660888672,86.33532903299034,85.21991185535036,85.62985243433081,2945800
2025-06-20,85.63939666748047,86.44974237613262,85.54406316178262,86.00166689852442,2940300
2025-06-23,86.92642211914062,86.99315630427043,85.68706465418067,85.80146923160919,3142100
2025-06-24,87.15520477294922,87.48887562498611,86.57366102790816,87.06940681391647,2727300
2025-06-25,85.05784606933594,86.66900909949939,85.01017568353431,86.66900909949939,4282500
2025-06-26,84.9789047241211,85.23884205523196,83.92954822168687,85.23884205523196,5886100
2025-06-27,85.19070434570312,86.07640831061181,84.85375534298984,84.99816415699193,3179200
2025-06-30,85.73945617675781,85.77796568538014,84.28576078718825,85.24847646793312,8752300
2025-07-01,86.3652114868164,87.0198583574769,85.46025651547892,85.566155814037,5552800
2025-07-02,86.5673828125,86.68291132577244,85.81646583857156,86.16304403345191,3469500
2025-07-03,86.66365814208984,87.00061448994435,86.32670913917273,86.62515598027423,2361700
2025-07-07,85.92237854003906,87.11614398362053,85.46027175981567,86.63478612065111,4467500
2025-07-08,85.7972183227539,86.25931770516486,85.45064011347706,85.66243872413926,3631300
2025-07-09,85.86460876464844,86.11490953827035,85.49877212715325,85.99938836427172,3837000
2025-07-10,86.40371704101562,86.98134487815211,85.66242932992881,85.94161036434456,5303600
2025-07-11,86.4133529663086,86.61552235776645,85.48914688609969,85.78758636707028,3987600
2025-07-14,86.97172546386719,86.99098388940519,86.24006688204301,86.38447569382896,3256900
2025-07-15,85.69131469726562,87.05836903997196,85.52764746868155,86.97172081955252,4483000
2025-07-16,86.49999237060547,86.64440117488432,85.66243452667453,86.11490467417416,4126500
2025-07-17,86.40371704101562,86.78880471408543,86.00900015626154,86.43259733113197,3406500
2025-07-18,86.5866470336914,86.9235960387884,86.23043960262461,86.59626890173887,2523700
2025-07-21,86.9428482055664,87.50122504666444,86.74067879998351,87.18352711863237,3904200
2025-07-22,88.43505096435547,88.52169183824053,87.1931470241124,87.20277623618966,2684200
2025-07-23,88.60834503173828,88.7431246286397,88.22325732133257,88.569835526204,2981900
2025-07-24,88.3002700805664,88.6949796307066,88.25213136582258,88.43504966792517,3236600
2025-07-25,88.30990600585938,88.44468560346414,87.41458019609219,88.42542717812792,2960500
2025-07-28,86.89470672607422,88.11735223051141,86.83693879909794,88.07884272750613,2551300
2025-07-29,88.2906494140625,88.38691950793127,86.9524752779558,87.38569437283392,3713600
2025-07-30,87.03912353515625,88.40617796542087,86.48074670760455,88.25213993922563,4407900
2025-07-31,85.81646728515625,86.99098148261179,85.70093876993639,86.54813319167458,4823500
2025-08-01,85.60466766357422,86.74067234247183,84.99815949197773,86.67328254562779,5395600
2025-08-04,86.48075103759766,86.70217153016789,85.75871427976499,85.78759457488826,3385600
2025-08-05,86.87545013427734,86.97172022135254,86.17267188818523,86.5481303692343,3752600
2025-08-06,86.20155334472656,87.01986011332946,86.16304384038871,86.93321923727198,3604600
2025-08-07,86.45186614990234,86.64440633712101,85.91274040480288,86.64440633712101,3345600
2025-08-08,85.73945617675781,86.63478205364805,85.54691597858394,86.58665067657346,3228800
2025-08-11,85.17145538330078,85.8261023241144,85.14257508876949,85.40250508448865,2623500
2025-08-12,85.6528091430664,85.67206022352688,84.79599283629912,85.43138132061614,3240500
2025-08-13,86.45186614990234,86.58664574994289,85.50840160468127,85.83572873687781,3577300
2025-08-14,85.83572387695312,86.04751513292734,85.28696895008143,85.90311367315786,3524500
2025-08-15,86.32669830322266,86.56737718151531,85.76832154279896,85.84534054663736,2399500
2025-08-18,85.59504699707031,86.47111436833474,85.56615935950013,86.33633477275559,2562500
2025-08-19,87.06800079345703,87.10651029866332,85.9608763898219,86.04751726783323,4168400
2025-08-20,87.31829833984375,88.02108393030181,87.06799758263892,87.27979618099441,2931900
2025-08-21,87.0583724975586,87.37607041015266,86.70216507935278,86.89471260741153,2629800
2025-08-22,88.74312591552734,89.16672313761003,87.51085110030925,87.66488177974288,3318700
2025-08-25,88.2328872680664,88.89715604548252,88.17511933681575,88.57946547582144,2968600
2025-08-26,88.0018310546875,88.48318882478442,87.82854196365514,88.20400043673581,2739800
2025-08-27,88.55058288574219,88.79126178238812,88.16549518212129,88.23288497938468,1885400
2025-08-28,88.31953430175781,88.61798115669356,87.79966695390024,88.57947164815548,2525000
2025-08-29,88.80088806152344,88.82976835536579,88.35803975108668,88.43505876462457,2137100
2025-09-02,87.32792663574219,88.09810201351083,87.01985795362208,88.00183192752392,3424400
2025-09-03,87.37606811523438,87.58786671806756,87.0294899187686,87.16426951240119,2505500
2025-09-04,88.03071594238281,88.08847652743077,87.19315073450203,87.6456282372099,3689000
2025-09-05,89.0223159790039,89.45553507695104,88.40617855995413,88.63722825586345,3446100
2025-09-08,88.50244903564453,88.52170011666263,87.83817289398995,88.12699052382345,2880400
2025-09-09,88.3002700805664,88.32915037143805,87.92481160936177,88.25213136582258,2533900
2025-09-10,88.1558609008789,88.82013696780692,88.01145210220717,88.30989891144519,2242800
2025-09-11,89.76360321044922,89.93689231750353,88.32915897951692,88.40617799263825,2671400
2025-09-12,89.3496322631836,89.85987035472341,89.25336217241069,89.70583967847418,2165500
2025-09-15,89.20523071289062,89.76360017680626,88.9452933886253,89.6384497934167,2754600
2025-09-16,88.73348999023438,89.34000548414133,88.4831892369724,89.19559668345221,3260300
2025-09-17,88.61798095703125,90.09093476684019,88.52170351343409,89.00306135166905,4570600
2025-09-18,88.81051635742188,89.19560407619761,88.5120768642159,88.72387547678943,2966000
2025-09-19,88.2328872680664,89.04156485620332,88.2328872680664,88.92604368357647,3076000
2025-09-22,88.25214385986328,88.44469140116132,87.69376700750546,88.2617730731626,3646000
2025-09-23,88.73348999023438,88.94528858525352,88.25213221789511,88.36766072743374,3421200
2025-09-24,87.86072540283203,88.69656916607285,87.85100421997856,88.65769184974887,2709200
2025-09-25,87.59831237792969,88.2008997065142,87.53027892269357,87.85101124670261,4246500
2025-09-26,88.46330261230469,88.61881187293194,87.76353318475105,87.95791234544545,5430800
2025-09-29,88.49246978759766,88.66741400543005,88.10370403518236,88.56050323813858,3155100
2025-09-30,88.85206604003906,88.92009948602328,88.23976502618112,88.521619992427,3002800
2025-10-01,88.9881362915039,89.29914740132874,88.68684636435509,88.80347831119806,2933500
2025-10-02,88.5216293334961,88.79376314614935,87.96764052485477,88.79376314614935,4186000
2025-10-03,88.85206604003906,89.57128522911732,88.63824451977739,88.63824451977739,2496500
2025-10-06,88.01622772216797,88.92982612292626,87.98707158854205,88.91039117220562,4154400
2025-10-07,87.69550323486328,88.25920578939701,87.32617243368709,88.08426157175828,4546200
2025-10-08,87.23870086669922,87.56914692408675,87.01515815751553,87.29701313209944,3325100
2025-10-09,86.76245880126953,87.46223564228245,86.53892350850076,87.40392337722793,3122700
2025-10-10,85.65447998046875,87.17066558478395,85.61560266598994,87.00543514447664,3996300
2025-10-13,86.19876098632812,86.28622938869516,85.6058948755402,85.7322405951004,2809800
2025-10-14,87.08319091796875,87.21925781288812,85.9071799461144,86.08212415602354,3047700
2025-10-15,88.3466796875,88.5993785330669,87.31644935484563,87.38449021892386,3026500
2025-10-16,88.0356674194336,88.8617899791827,87.84128084266987,88.51190155609771,3719100
2025-10-17,88.60909271240234,88.71600347775083,87.72465787144374,87.99679166866177,2945200
2025-10-20,89.50325012207031,89.52269248793829,88.82291561849048,89.02701596956443,2036800
2025-10-21,89.25055694580078,89.85313680433616,89.10476886499421,89.4157799770063,2829500
2025-10-22,89.62960052490234,89.77538860411171,89.11448907144033,89.5226897611548,2490400
2025-10-23,89.5712890625,89.96976857314999,88.82291370955592,89.72679091065201,2687000
2025-10-24,89.83370208740234,90.31965741462726,89.83370208740234,90.21274664943058,2619500
2025-10-27,90.0864028930664,90.12528020990072,89.49353678775061,89.89201630889484,2921900
2025-10-28,88.3175277709961,89.87258340432561,88.24949431875949,89.87258340432561,4635700
2025-10-29,86.04325103759766,87.82184935590605,85.75168228358825,87.66634008836236,5649700
2025-10-30,86.45144653320312,87.03459883626458,85.72251356946586,85.97521240645318,5183100
2025-10-31,86.67499542236328,86.96657159469812,85.69336355159874,86.01409585814905,3982700
2025-11-03,86.54864501953125,86.64583460002089,85.39206899096241,85.72251504764512,4522900
2025-11-04,86.69442749023438,86.82078062108599,86.26679184414616,86.73330480625873,4058700
2025-11-05,86.77218627929688,87.05404127265895,86.24735361045957,86.96657286873116,2885900
2025-11-06,86.35426330566406,87.03460523757775,86.3251071713845,86.68471679604274,3421600
2025-11-07,87.69550323486328,87.71493818567204,86.44173757763402,86.53892716185777,5277800
2025-11-10,87.64690399169922,88.03566974038628,87.13179252610206,87.49139472618842,3398100
2025-11-11,88.6285400390625,88.69657349217528,87.94819809284459,87.9676404594998,3190200
2025-11-12,87.96763610839844,88.60909328957781,87.938479974948,88.20089259109186,3652300
2025-11-13,86.8888168334961,87.87044870283074,86.75274993062872,87.50111789639925,3734400
2025-11-14,87.07347106933594,87.21925914900851,86.59723692982267,87.11234838492128,3662800
2025-11-17,86.35426330566406,87.32617399546352,86.1112856332142,87.30673904430718,4071900
2025-11-18,86.70415496826172,86.95685383322258,86.08213269688913,86.31538919488126,4281500
2025-11-19,86.02381134033203,86.79162162251251,85.74195636977797,86.69442462811556,4029400
2025-11-20,85.66419982910156,87.05403228594909,85.63504369746879,86.5680769851645,5316600
2025-11-21,87.05403137207031,87.37476364684262,85.8974553955159,86.1695965897735,5770400
2025-11-24,87.28729248046875,87.4136456097241,86.58751563105055,87.12206945076994,3330800
2025-11-25,88.09398651123047,88.48275227979326,87.52056274929532,87.52056274929532,4230300
2025-11-26,88.48274993896484,88.9978614172698,87.85100650864948,87.88988382598627,3298000
2025-11-28,88.7743148803711,89.02701372465295,88.37583537120528,88.37583537120528,1627100
2025-12-01,87.75381469726562,88.2592049796463,87.69550243028436,87.90931654757894,3120800
2025-12-02,87.44279479980469,88.09397309933158,87.16093984588503,87.97734116199233,2736900
2025-12-03,87.66634368896484,87.88016523307442,87.28729910262162,87.33589760449755,3204000
2025-12-04,87.45252227783203,88.04538094382758,87.34561151467963,87.50111336057151,4837500
2025-12-05,87.3553237915039,87.8121229689801,87.1998219482656,87.29701152717574,3859800
2025-12-08,86.6847152709961,87.39420590961716,86.64583795427727,87.39420590961716,3971700
2025-12-09,86.35426330566406,87.45252713079512,86.3251071713845,86.9276944684926,4194000
2025-12-10,86.66527557373047,87.28729783020528,86.50977371715688,86.62639825581452,4633300
2025-12-11,87.04431915283203,87.39420759495881,86.75275039445312,86.91797343237684,5207200
2025-12-12,86.9374008178711,87.73436721889529,86.72358671303635,87.42335612130266,3855900
2025-12-15,87.20954895019531,87.35532962074372,86.59724047353177,87.29701735252436,3914800
2025-12-16,86.56808471679688,87.45252700245973,86.43201781363184,87.13179469567496,3717900
2025-12-17,86.8888168334961,87.2387052737522,86.480616124894,86.49032989289161,3715300
2025-12-18,86.43201446533203,87.46223738226887,86.33482488327778,87.31644930164256,3818000
2025-12-19,86.10157012939453,86.66528014628244,86.06270022451797,86.17932476932884,4162000
2025-12-22,86.54389953613281,86.67140554009603,85.79851320521782,85.96524376744249,3593800
2025-12-23,86.48505401611328,86.58313037589964,86.18101505595159,86.58313037589964,3955900
2025-12-24,87.05390930175781,87.20102758606053,86.51447808689679,86.51447808689679,2730800
2025-12-26,87.1519775390625,87.21082185419918,86.75966464507712,86.99504938836992,2065600
2025-12-29,87.32852172851562,87.61294840183682,87.08332709455733,87.5246744425837,2604000
2025-12-30,87.50505828857422,87.55409272354625,87.21082174775779,87.38736217569843,2813400
2025-12-31,86.78909301757812,87.48544489996327,86.7498609770956,87.4658326210953,3301700
2026-01-02,86.81851959228516,87.14217833066533,86.15158983565951,86.6714087864278,3524400
2026-01-05,87.0146713256836,87.35794231047964,86.19081347942681,86.60274614392833,5501600
2026-01-06,87.65217590332031,87.85813848725273,86.5831234635804,86.6811998155369,4889800
2026-01-07,86.79889678955078,88.27987441186343,86.77928451206311,88.14256602121151,6668200
2026-01-08,87.57371520996094,87.90717631603744,86.31831989785552,86.4065863732006,5165900
2026-01-09,87.75025939941406,88.2896831204646,87.59333123731066,87.59333123731066,4126100
2026-01-12,87.8679428100586,88.23083355127056,87.60313590569852,87.85814041257035,3342500
2026-01-13,88.35833740234375,88.4269990853874,87.102942035343,87.89737776191896,3085200
2026-01-14,89.12335205078125,89.14296432992701,88.27988187532632,88.35833847465605,3535400
2026-01-15,89.7412338256836,90.12373684664878,89.27045684763233,89.54508111643086,3845600
2026-01-16,90.83971405029297,91.03586677163287,89.45681267178261,89.58431119237888,4819500
2026-01-20,89.15277099609375,90.30028009478319,89.09391919528521,90.0550854591959,4648700
2026-01-21,89.50585174560547,89.92758681753956,88.78988011827683,89.78046853984229,6140200
2026-01-22,88.62315368652344,89.85893680084658,88.57411176409322,89.61374215418903,3922700
2026-01-23,88.79969024658203,88.88795672379877,88.15237281600676,88.48584141190062,2838200
2026-01-26,88.68199920654297,89.30969691185528,88.58392284310297,89.04488998229257,3004300
2026-01-27,88.65257263183594,88.83892295101653,88.30930163551369,88.57410855189185,3217100
2026-01-28,87.74044799804688,88.87815470534011,87.52467552026737,88.74084630725251,4520400
2026-01-29,88.96641540527344,89.08411151716788,87.70121026270571,88.25045130213377,7283700
2026-01-30,89.05469512939453,89.0743074079412,87.93660818357176,88.72122653212912,4617900
2026-02-02,88.13275909423828,89.39796429285055,88.09352705520227,89.15276966093529,5280500
2026-02-03,87.93660736083984,88.44660890849325,87.35794413204924,88.0248738375938,4821700
2026-02-04,89.2018051147461,89.56469586790702,88.1621822580505,88.50545325009656,3941100
2026-02-05,89.07431030273438,89.57450947351502,88.50545693068946,89.0154659824355,3588500
2026-02-06,90.47682189941406,90.60432041805808,89.57450742267204,89.77066014100846,3638600
2026-02-09,90.85932159423828,90.9377856717838,89.83931103438545,90.38855209445776,3021500
2026-02-10,92.07548522949219,92.30106758264145,90.95739830965705,90.9770180704942,4266300
2026-02-11,91.56549072265625,92.38934115519,91.43799219840609,92.26184263093984,4425400
2026-02-12,91.45759582519531,93.32107648601126,91.31047755251976,92.65414680159543,7469400
2026-02-13,92.77183532714844,93.10530391034702,91.50663763872966,91.7910568207644,3906800
2026-02-17,93.654541015625,93.72319521435426,92.56587623381353,93.11511730639407,3614800
2026-02-18,92.55606842041016,93.52703702641067,92.34029595624426,93.38972863698619,4163300
2026-02-19,92.35991668701172,92.98761437690251,91.9872235219974,92.4481906498618,2646600
2026-02-20,93.05625915527344,93.06606903520716,92.30106302078686,92.4776034458643,2840700
2026-02-23,93.06607818603516,93.80166211572734,92.73261706295978,92.92876978444568,3646100
2026-02-24,93.30146026611328,93.41915638526928,92.66396019823775,92.83069075498223,3788500
2026-02-25,93.04646301269531,93.48781036368347,92.60510817896072,93.20338368845356,3297000
2026-02-26,93.6839599609375,93.84088811421907,93.10530423189066,93.34068897906681,3761600
2026-02-27,93.8507080078125,94.38032935752602,93.35050881929189,93.3701210991715,4707900
2026-03-02,94.08609008789062,94.35089701379661,92.80127253425076,93.37011842744636,5477700
2026-03-03,93.58588409423828,93.90954280000864,91.87933157351151,92.57568342114861,4832600
2026-03-04,93.70357513427734,93.79184160411755,92.71298679273305,93.34068440963843,3896700
2026-03-05,92.76203155517578,93.01702857548001,92.07548212123208,92.75222167508838,4637600
2026-03-06,91.7518310546875,92.01663795550883,91.2810540854266,91.97740591784158,4606000
2026-03-09,91.95779418945312,92.27164300991899,89.79027460393164,90.89855161435102,4971400
2026-03-10,91.82048797607422,92.64433834330836,91.25163463712896,91.69298197918349,5106500
2026-03-11,90.86913299560547,91.47721089989564,90.62393836123132,91.3006704638364,4686600
2026-03-12,90.2414321899414,90.91816426899706,89.88835133010969,90.09431391788716,3933900
2026-03-13,90.3885498046875,91.51643908916027,90.28066357148202,91.12413367686337,4063300
2026-03-16,91.14375305175781,91.85972470217008,91.02605692925607,91.3202934941371,3479300
2026-03-17,91.54586029052734,92.2324097203675,91.47720609581793,91.7518303574016,2960900
2026-03-18,90.19239807128906,91.25164074238486,90.14336363152803,91.18298654052201,2838600
2026-03-19,89.82949829101562,90.31008513860523,89.32930664878391,89.81969589369457,4704900
2026-03-20,87.04409790039062,89.87854736297798,86.6321726977353,89.87854736297798,6295400
2026-03-23,87.72083282470703,88.87815177235844,87.68160078615573,88.1621801636032,6256500
2026-03-24,87.14193725585938,88.00433125832413,86.88420674854568,87.20141061803301,3917100
2026-03-25,87.07254028320312,87.79616561737286,86.66612637652224,87.56817179454943,5061200
2026-03-26,86.95359802246094,87.72678200979749,86.53726934662387,86.89412465812337,6108000
2026-03-27,86.23988342285156,87.22123170285566,86.08127770828212,86.76525161757358,4435200
2026-03-30,86.56700134277344,87.74659919379145,86.27953415947454,87.14193570937124,5474800
2026-03-31,87.9250259399414,88.64865126466474,86.88420431734336,87.69703968283085,4928400
2026-04-01,88.24223327636719,88.57926664558158,87.77634599613124,87.92502940326139,4412000
2026-04-02,89.44166564941406,89.54079043889689,87.66730393554586,88.1133692695869,3288900
2026-04-06,89.57052612304688,89.82825662302444,88.94603314978922,89.17401940678982,2537600
2026-04-07,89.69938659667969,90.01659045361943,88.87664405578805,89.28305795245936,3184800
2026-04-08,91.31515502929688,91.41427982190224,90.74022064435408,91.09707594792292,5049600
2026-04-09,91.9693832397461,92.75248194545654,90.8690806651296,90.91864684200799,3845600
2026-04-10,92.16764068603516,92.46501506006794,91.76121920996584,91.9792982885653,2568500
2026-04-13,92.51457977294922,92.56413838646863,91.56296817817851,91.89007922816394,2036000
2026-04-14,93.39680480957031,93.49592960099189,92.22711412022738,92.38571227395454,1921100
2026-04-15,93.46619415283203,93.51575276782818,92.85160833753183,93.1489902784564,2758800
2026-04-16,94.3285903930664,94.38806375279083,93.5553989029665,93.69417511748114,2005200
2026-04-17,95.83531188964844,95.96417336344636,94.556581648779,94.66562118919913,2584300
2026-04-20,96.1822509765625,96.1822509765625,95.48836987787466,95.6568827785936,2246600
2026-04-21,94.47727966308594,96.2119900150483,94.3385034399479,96.11286522176927,3236100
2026-04-22,93.69417572021484,95.17116303992229,93.30758375404619,94.76474157856028,2708600
2026-04-23,94.65570831298828,94.72509642528809,93.68427474079101,94.03121530229004,3437500
2026-04-24,94.46736907958984,95.18107210316843,94.38806622272445,94.59623054994361,1994300
2026-04-27,93.95191192626953,94.86387212941695,93.87260906615141,94.1204248319678,2521200
2026-04-28,94.8143081665039,94.90351820705273,93.65453226294983,94.28893998264111,2867600
2026-04-29,94.07086181640625,94.96300004416405,93.68426984483398,94.33849950336527,2903100
2026-04-30,95.48837280273438,95.56767566293829,93.72392575825069,93.85278723402931,3730200
2026-05-01,95.2207260131836,95.86504850721774,94.9729102510733,95.75600896687025,3248800
2026-05-04,94.62596893310547,95.44871907172951,94.2492917003226,94.90352137439146,3595200
2026-05-05,94.92334747314453,95.12159704904317,94.19972215191501,94.8143079375793,2536800
2026-05-06,96.2417221069336,96.51928210270961,95.51810434404318,95.55775577201118,3238800
2026-05-07,95.54784393310547,96.29129121398101,95.131515270872,95.96417259533894,2739700
2026-05-08,95.77583312988281,96.34085273352281,95.73618170262466,95.82539174190318,2186500
2026-05-11,95.84522247314453,96.46971544435846,95.54784054624082,96.0533867968825,3868500
2026-05-12,95.84522247314453,96.04347204925597,95.13151189876487,95.77583436523187,2325100
2026-05-13,95.05220794677734,95.43879990965081,94.6061426243038,95.38924129756289,5047300
2026-05-14,94.48719024658203,95.4982751938423,94.4178021380714,95.31985511144633,2521700
2026-05-15,93.08951568603516,94.28894305651403,92.96064665072578,94.26911356058791,4543700
2026-05-18,94.17990112304688,94.35832876816224,93.21837478896612,93.21837478896612,2766100
2026-05-19,94.44754028320312,94.69535604068959,93.64461964902274,94.15016591186141,2092700
2026-05-20,95.64696502685547,95.65687977445013,94.31867623315799,94.4376229533479,2655000
2026-05-21,95.82539367675781,95.91461128057422,94.63588108594082,95.20090070098938,2493900
2026-05-22,95.92452239990234,96.38051005991245,95.3000293985202,96.1029500521168,3549600
2026-05-26,96.37059020996094,96.68779406791204,95.96416874925731,96.30120210236964,3193000
2026-05-27,96.07321166992188,96.85631037618258,96.06330448472866,96.20208070480152,2509300
2026-05-28,95.70645141601562,96.3904177843823,95.4288914066676,95.884879069228,2898600
2026-05-29,94.8638687133789,95.56767211816211,94.54666484706588,95.50819119384691,3342700
2026-06-01,93.26793670654297,94.41780547419012,93.22829283976752,94.2988511856531,3953200
2026-06-02,93.69417572021484,93.79330807070858,92.86151842777053,93.30758375404619,2143400
2026-06-03,93.58514404296875,94.49710419359174,93.26793262076609,93.5157483723095,2620300
2026-06-04,95.2603759765625,95.30994215331647,94.15016621954646,94.73500777901216,3786900
2026-06-05,95.94435119628906,96.66796898523737,94.85396335748158,94.95308814960283,3650300
2026-06-08,94.63587951660156,96.26155022637016,94.5070104868634,95.98399779729795,2774600
2026-06-09,96.81665802001953,97.25281617192117,95.17116532802682,95.17116532802682,3446800
2026-06-10,96.82657623291016,97.55020159603032,96.79683955107755,97.07439199849779,3787000
2026-06-11,96.75718688964844,97.44116081404137,96.35076540914339,97.00500265208217,3896700
2026-06-12,97.64932250976562,97.99626305525574,97.00500003229158,97.00500003229158,1985700
2026-06-15,96.96534729003906,98.28372890777516,96.71753153765573,97.64932118669276,3067400
2026-06-16,97.2032470703125,97.897135705887,96.89595796130374,97.59975378167843,2619900
2026-06-17,94.774658203125,97.12395428945366,94.50701295186978,96.87613853378453,2859900
2026-06-18,94.72509002685547,95.65687966857323,94.6160504916444,95.46853727816563,2666300
2026-06-22,95.74609375,96.17233716125209,94.65570591460114,95.07204214058788,4479200
2026-06-23,97.00499725341797,97.22307632226071,95.91460947194075,95.91460947194075,3173300
2026-06-24,97.01000213623047,97.55999755859375,96.52999877929688,97.26000213623047,4831600
2026-06-25,97.19000244140625,97.5999984741211,96.16999816894531,97.48999786376953,4014600
2026-06-26,98.66999816894531,98.73999786376953,97.61000061035156,97.81999969482422,3884800
2026-06-29,98.1500015258789,98.55999755859375,97.29000091552734,98.38999938964844,3136300
2026-06-30,96.43000030517578,97.4000015258789,96.3499984741211,97.02999877929688,5313100
2026-07-01,96.81999969482422,97.58000183105469,96.48999786376953,96.5199966430664,5198000
2026-07-02,98.0199966430664,98.05999755859375,97.18000030517578,97.38999938964844,3560200
2026-07-06,97.23999786376953,98.22000122070312,96.95999908447266,98.19999694824219,4493400
2026-07-07,98.4000015258789,99.05000305175781,97.70999908447266,97.80999755859375,2809500
2026-07-08,96.80000305175781,98.2699966430664,96.7300033569336,98.19000244140625,6050100
2026-07-09,97.08999633789062,97.62999725341797,96.75,97.02999877929688,2470000
2026-07-10,97.31999969482422,97.76000213623047,96.56999969482422,97.61000061035156,2539600
2026-07-13,97.83000183105469,98.37000274658203,97.44999694824219,97.62999725341797,3473600
2026-07-14,97.56999969482422,98.20999908447266,97.37000274658203,97.93000030517578,2307500
2026-07-15,97.86000061035156,98.94000244140625,97.51000213623047,97.9000015258789,2325300
2026-07-16,100.06999969482422,100.12999725341797,98.11000061035156,98.12999725341797,3254200
2026-07-17,100.0199966430664,101.08000183105469,99.5199966430664,100.31999969482422,3011800
2026-07-20,99.4800033569336,100.19000244140625,99.12000274658203,99.72000122070312,2178500
2026-07-21,99.5199966430664,99.80999755859375,99.11000061035156,99.69000244140625,2882900
2026-07-22,99.0199966430664,99.87999725341797,98.83999633789062,99.80000305175781,1881800
2026-07-23,98.69000244140625,99.4000015258789,98.41999816894531,98.63999938964844,2044000
2026-07-24,100.80999755859375,101.16000366210938,99.47000122070312,99.47000122070312,3205100
2026-07-27,100.54000091552734,101.13999938964844,100.33000183105469,100.69000244140625,1915100
2026-07-28,100.94999694824219,101.80000305175781,100.93000030517578,101.2699966430664,3292500
2026-07-29,100.66000366210938,101.30999755859375,100.23999786376953,101.0,3797200
2026-07-30,99.48999786376953,101.0,98.58000183105469,100.86000061035156,3839500
2026-07-31,98.94999694824219,99.54000091552734,98.36000061035156,99.45999908447266,3529300
2026-08-03,99.06999969482422,99.63999938964844,98.62000274658203,99.01000213623047,3229500
2026-08-04,98.91999816894531,99.0999984741211,97.44999694824219,98.12000274658203,4318800
2026-08-05,98.91999816894531,99.27999877929688,98.05999755859375,99.13999938964844,3314900
2026-08-06,98.04000091552734,99.66000366210938,97.7699966430664,99.6500015258789,2922400
2026-08-07,98.43000030517578,98.94999694824219,97.87000274658203,98.12999725341797,3000200
2026-08-10,97.11000061035156,97.94999694824219,96.73999786376953,97.73999786376953,3343300
2026-08-11,96.37999725341797,97.05000305175781,96.30000305175781,96.88999938964844,3331400
